Source,Location ID,City,State,Country,Latitude,Longitude,Time Zone,Elevation,Local Time Zone,Clearsky DHI Units,Clearsky DNI Units,Clearsky GHI Units,Dew Point Units,DHI Units,DNI Units,GHI Units,Solar Zenith Angle Units,Temperature Units,Pressure Units,Relative Humidity Units,Precipitable Water Units,Wind Direction Units,Wind Speed Units,Cloud Type -15,Cloud Type 0,Cloud Type 1,Cloud Type 2,Cloud Type 3,Cloud Type 4,Cloud Type 5,Cloud Type 6,Cloud Type 7,Cloud Type 8,Cloud Type 9,Cloud Type 10,Cloud Type 11,Cloud Type 12,Fill Flag 0,Fill Flag 1,Fill Flag 2,Fill Flag 3,Fill Flag 4,Fill Flag 5,Surface Albedo Units,Version
NSRDB,447515,-,-,-,31.77,-106.5,-7,1264,-7,w/m2,w/m2,w/m2,c,w/m2,w/m2,w/m2,Degree,c,mbar,%,cm,Degrees,m/s,N/A,Clear,Probably Clear,Fog,Water,Super-Cooled Water,Mixed,Opaque Ice,Cirrus,Overlapping,Overshooting,Unknown,Dust,Smoke,N/A,Missing Image,Low Irradiance,Exceeds Clearsky,Missing CLoud Properties,Rayleigh Violation,N/A,4.0.1
Year,Month,Day,Hour,Minute,Temperature,Dew Point,GHI,Wind Speed,Relative Humidity
2015,1,1,0,30,-1.7000000000000002,-2.5,0,3.9000000000000004,94.31
2015,1,1,1,30,-1.6,-2.2,0,3.2,95.33
2015,1,1,2,30,-1.6,-2.1,0,2.8000000000000003,96.57000000000001
2015,1,1,3,30,-1.6,-1.8,0,2.7,98.27
2015,1,1,4,30,-1.6,-1.7000000000000002,0,2.4000000000000004,99.63
2015,1,1,5,30,-1.7000000000000002,-1.7000000000000002,0,2.2,100
2015,1,1,6,30,-1.6,-1.8,0,2.4000000000000004,98.81
2015,1,1,7,30,-0.6000000000000001,-1.8,22,2.9000000000000004,91.42
2015,1,1,8,30,1.2000000000000002,-1.5,127,2.8000000000000003,82.29
2015,1,1,9,30,2.9000000000000004,-1.3,279,2,73.82000000000001
2015,1,1,10,30,4.1000000000000005,-1.1,390,1.4000000000000001,68.92
2015,1,1,11,30,5,-0.8,462,1.4000000000000001,65.99
2015,1,1,12,30,5.800000000000001,-0.7000000000000001,633,1.7000000000000002,63.21
2015,1,1,13,30,6.5,-0.6000000000000001,578,1.8,60.4
2015,1,1,14,30,7,-0.7000000000000001,459,1.7000000000000002,58
2015,1,1,15,30,6.2,-0.9,293,1.5,60.63
2015,1,1,16,30,3.7,-0.8,104,1.4000000000000001,72.48
2015,1,1,17,30,1.6,-1.1,0,1.5,82.29
2015,1,1,18,30,0.9,-1.2000000000000002,0,1.7000000000000002,86.12
2015,1,1,19,30,0.4,-1.2000000000000002,0,1.9000000000000001,89.10000000000001
2015,1,1,20,30,-0.2,-1.3,0,2.2,92.53
2015,1,1,21,30,-0.8,-1.4000000000000001,0,2.5,95.45
2015,1,1,22,30,-1.4000000000000001,-1.7000000000000002,0,2.7,98.17
2015,1,1,23,30,-1.8,-1.9000000000000001,0,2.8000000000000003,99.13
2015,1,2,0,30,-2.2,-2.2,0,2.9000000000000004,99.74000000000001
2015,1,2,1,30,-2.4000000000000004,-2.6,0,2.9000000000000004,98.81
2015,1,2,2,30,-2.5,-2.9000000000000004,0,2.9000000000000004,97.36
2015,1,2,3,30,-2.4000000000000004,-3.1,0,3.2,94.94
2015,1,2,4,30,-2.2,-3.3000000000000003,0,3.6,91.97
2015,1,2,5,30,-2,-3.6,0,3.6,88.94
2015,1,2,6,30,-1.6,-3.7,0,3.7,85.34
2015,1,2,7,30,-0.2,-3.7,23,4.1000000000000005,77.02
2015,1,2,8,30,2.1,-3.4000000000000004,78,4.7,67.1
2015,1,2,9,30,4.2,-2.4000000000000004,314,4.7,62.35
2015,1,2,10,30,5.9,-1.3,242,4.4,60.050000000000004
2015,1,2,11,30,6.800000000000001,-0.5,256,3.9000000000000004,59.53
2015,1,2,12,30,7.2,0,223,3.4000000000000004,60.15
2015,1,2,13,30,6.9,0.30000000000000004,361,2.8000000000000003,62.690000000000005
2015,1,2,14,30,6.1000000000000005,0.30000000000000004,159,2.4000000000000004,66.5
2015,1,2,15,30,5,0.1,16,2.1,70.63
2015,1,2,16,30,3.3000000000000003,-0.30000000000000004,100,1.4000000000000001,77.49
2015,1,2,17,30,1.9000000000000001,-0.7000000000000001,0,1,83.11
2015,1,2,18,30,1.3,-1.2000000000000002,0,1.1,83.46000000000001
2015,1,2,19,30,0.7000000000000001,-1.8,0,1.3,83.38
2015,1,2,20,30,-0.2,-2.5,0,1.6,84.69
2015,1,2,21,30,-1,-3.3000000000000003,0,2.1,84.59
2015,1,2,22,30,-1.6,-4.2,0,2.7,82.16
2015,1,2,23,30,-2.1,-5.2,0,3.3000000000000003,79.39
2015,1,3,0,30,-2.6,-5.800000000000001,0,3.7,78.44
2015,1,3,1,30,-2.8000000000000003,-6,0,4.3,78.36
2015,1,3,2,30,-2.9000000000000004,-6,0,5,79.18
2015,1,3,3,30,-3.2,-5.9,0,5.2,81.60000000000001
2015,1,3,4,30,-3.5,-5.9,0,5,83.51
2015,1,3,5,30,-3.8000000000000003,-6,0,4.7,84.76
2015,1,3,6,30,-3.7,-6.1000000000000005,0,4.800000000000001,83.15
2015,1,3,7,30,-2.4000000000000004,-6.2,49,5.4,74.9
2015,1,3,8,30,0.2,-6.300000000000001,238,6.6000000000000005,61.51
2015,1,3,9,30,3,-7,421,7.4,47.69
2015,1,3,10,30,5.2,-7.9,559,7.5,38.22
2015,1,3,11,30,7,-8.4,637,7.4,32.44
2015,1,3,12,30,8.4,-8.4,645,7.2,29.53
2015,1,3,13,30,9.4,-8,589,6.800000000000001,28.490000000000002
2015,1,3,14,30,9.600000000000001,-7.5,468,6,29.3
2015,1,3,15,30,8.1,-6.9,301,4.2,33.9
2015,1,3,16,30,4.9,-5.7,110,2.4000000000000004,46.15
2015,1,3,17,30,2.6,-6.1000000000000005,0,2.1,52.83
2015,1,3,18,30,1.6,-6.1000000000000005,0,2.2,56.43
2015,1,3,19,30,0.8,-6.1000000000000005,0,2.3000000000000003,59.870000000000005
2015,1,3,20,30,0,-6.1000000000000005,0,2.2,63.46
2015,1,3,21,30,-0.7000000000000001,-6.1000000000000005,0,2.1,67
2015,1,3,22,30,-1.4000000000000001,-6,0,1.9000000000000001,71.05
2015,1,3,23,30,-1.9000000000000001,-5.800000000000001,0,1.6,74.60000000000001
2015,1,4,0,30,-2.2,-5.6000000000000005,0,1.4000000000000001,77.44
2015,1,4,1,30,-2.4000000000000004,-5.4,0,1.3,80.04
2015,1,4,2,30,-2.4000000000000004,-5.2,0,1.3,81.13
2015,1,4,3,30,-2.5,-5.1000000000000005,0,1.3,82.47
2015,1,4,4,30,-2.6,-5.1000000000000005,0,1.3,83.22
2015,1,4,5,30,-2.7,-5.1000000000000005,0,1.2000000000000002,83.51
2015,1,4,6,30,-2.4000000000000004,-5.2,0,1.3,81.21000000000001
2015,1,4,7,30,-0.4,-5.2,51,2.1,70.15
2015,1,4,8,30,2.5,-5,242,3.1,57.72
2015,1,4,9,30,5.1000000000000005,-4.7,425,3.3000000000000003,49.35
2015,1,4,10,30,7.300000000000001,-4.6000000000000005,563,2.9000000000000004,42.71
2015,1,4,11,30,9.200000000000001,-4.9,644,2.3000000000000003,36.62
2015,1,4,12,30,10.600000000000001,-5.6000000000000005,657,2,31.63
2015,1,4,13,30,11.200000000000001,-6,601,1.9000000000000001,29.44
2015,1,4,14,30,11.3,-6.2,482,1.7000000000000002,28.82
2015,1,4,15,30,10,-6,313,1.2000000000000002,31.92
2015,1,4,16,30,7.800000000000001,-4.6000000000000005,117,0.9,41.22
2015,1,4,17,30,5.7,-6.2,0,1.2000000000000002,42.11
2015,1,4,18,30,3.8000000000000003,-6.300000000000001,0,1.5,47.72
2015,1,4,19,30,2.3000000000000003,-6.300000000000001,0,1.6,52.84
2015,1,4,20,30,1.3,-6.4,0,1.7000000000000002,56.69
2015,1,4,21,30,0.6000000000000001,-6.300000000000001,0,1.7000000000000002,59.870000000000005
2015,1,4,22,30,0,-6.2,0,1.7000000000000002,63.13
2015,1,4,23,30,-0.5,-6.1000000000000005,0,1.7000000000000002,66.07000000000001
2015,1,5,0,30,-1,-6,0,1.6,68.98
2015,1,5,1,30,-1.3,-5.9,0,1.5,70.81
2015,1,5,2,30,-1.6,-5.9,0,1.4000000000000001,72.77
2015,1,5,3,30,-1.7000000000000002,-5.800000000000001,0,1.4000000000000001,73.72
2015,1,5,4,30,-1.8,-5.7,0,1.3,74.44
2015,1,5,5,30,-1.9000000000000001,-5.7,0,1.3,75.33
2015,1,5,6,30,-1.6,-5.6000000000000005,0,1.1,74.08
2015,1,5,7,30,0.30000000000000004,-5.4,52,1.3,65.32000000000001
2015,1,5,8,30,3.1,-5.1000000000000005,244,1.5,55.02
2015,1,5,9,30,6,-4.6000000000000005,429,1.2000000000000002,46.49
2015,1,5,10,30,9.3,-4.2,569,1.3,38.300000000000004
2015,1,5,11,30,12,-4.800000000000001,650,1.8,30.54
2015,1,5,12,30,13.4,-5.6000000000000005,664,1.9000000000000001,26.32
2015,1,5,13,30,14,-6.1000000000000005,608,1.6,24.37
2015,1,5,14,30,13.9,-6.4,490,1.1,23.84
2015,1,5,15,30,11.9,-5.5,319,0.9,29.16
2015,1,5,16,30,9,-3.6,122,1.1,40.74
2015,1,5,17,30,7,-6.2,0,1.2000000000000002,38.46
2015,1,5,18,30,5.7,-6.5,0,1.3,41.29
2015,1,5,19,30,4.5,-6.5,0,1.3,44.77
2015,1,5,20,30,3.6,-6.4,0,1.3,47.82
2015,1,5,21,30,3.1,-6.4,0,1.3,49.57
2015,1,5,22,30,2.6,-6.4,0,1.2000000000000002,51.36
2015,1,5,23,30,2,-6.4,0,1.2000000000000002,53.620000000000005
2015,1,6,0,30,1.4000000000000001,-6.5,0,1.3,55.79
2015,1,6,1,30,1,-6.5,0,1.3,57.160000000000004
2015,1,6,2,30,0.6000000000000001,-6.5,0,1.2000000000000002,58.96
2015,1,6,3,30,0.30000000000000004,-6.4,0,1.2000000000000002,60.79
2015,1,6,4,30,0.1,-6.300000000000001,0,1.2000000000000002,62.17
2015,1,6,5,30,0,-6.2,0,1.1,63.28
2015,1,6,6,30,0.30000000000000004,-6,0,0.9,62.6
2015,1,6,7,30,2.3000000000000003,-5.7,50,1,55.46
2015,1,6,8,30,5,-5.1000000000000005,242,1.1,48.01
2015,1,6,9,30,7.9,-4.800000000000001,422,1.1,40.13
2015,1,6,10,30,11.5,-4.4,561,1.3,32.660000000000004
2015,1,6,11,30,14.200000000000001,-4.3,642,1.6,27.42
2015,1,6,12,30,15.4,-4,656,1.7000000000000002,26.02
2015,1,6,13,30,16,-3.8000000000000003,601,1.7000000000000002,25.36
2015,1,6,14,30,15.9,-3.8000000000000003,484,1.5,25.7
2015,1,6,15,30,14.200000000000001,-2.8000000000000003,316,1.1,30.76
2015,1,6,16,30,11.600000000000001,-1.2000000000000002,120,0.9,41.19
2015,1,6,17,30,10,-3.2,0,1,39.49
2015,1,6,18,30,9.1,-3.2,0,1.1,41.82
2015,1,6,19,30,8.200000000000001,-3.2,0,1.2000000000000002,44.39
2015,1,6,20,30,7.5,-3.3000000000000003,0,1.2000000000000002,46.33
2015,1,6,21,30,6.800000000000001,-3.4000000000000004,0,1.3,48.21
2015,1,6,22,30,6.2,-3.5,0,1.3,49.800000000000004
2015,1,6,23,30,5.4,-3.6,0,1.3,52.38
2015,1,7,0,30,4.5,-3.5,0,1.4000000000000001,55.92
2015,1,7,1,30,3.5,-3.4000000000000004,0,1.5,60.42
2015,1,7,2,30,2.7,-3.4000000000000004,0,1.6,64.19
2015,1,7,3,30,2.1,-3.4000000000000004,0,1.7000000000000002,66.75
2015,1,7,4,30,1.7000000000000002,-3.5,0,1.6,68.16
2015,1,7,5,30,1.3,-3.7,0,1.7000000000000002,69.28
2015,1,7,6,30,1.5,-3.8000000000000003,0,2,67.89
2015,1,7,7,30,3.8000000000000003,-3.6,25,3.2,58.68
2015,1,7,8,30,7.4,-2.7,155,4.800000000000001,48.61
2015,1,7,9,30,10.5,-1.8,414,6.6000000000000005,42.300000000000004
2015,1,7,10,30,12.4,-0.9,549,8.4,39.82
2015,1,7,11,30,12.700000000000001,-0.1,623,9.200000000000001,41.44
2015,1,7,12,30,12,0.5,489,9.3,45.27
2015,1,7,13,30,10.8,0.30000000000000004,578,9.200000000000001,48.160000000000004
2015,1,7,14,30,9.3,-0.8,362,8.9,49.370000000000005
2015,1,7,15,30,7.2,-2.3000000000000003,299,8.4,50.870000000000005
2015,1,7,16,30,4.7,-4,83,7.7,53.300000000000004
2015,1,7,17,30,2.5,-5.4,0,7.300000000000001,56.07
2015,1,7,18,30,1,-6.4,0,7.300000000000001,57.800000000000004
2015,1,7,19,30,-0.1,-7,0,7.2,59.82
2015,1,7,20,30,-1,-7.300000000000001,0,7.1000000000000005,62.13
2015,1,7,21,30,-1.6,-7.6000000000000005,0,6.7,63.7
2015,1,7,22,30,-2.1,-7.9,0,6.300000000000001,64.74
2015,1,7,23,30,-2.6,-8,0,5.7,66.62
2015,1,8,0,30,-2.9000000000000004,-7.9,0,5.2,68.34
2015,1,8,1,30,-3.1,-7.800000000000001,0,4.7,69.79
2015,1,8,2,30,-3,-7.800000000000001,0,4.2,69.68
2015,1,8,3,30,-2.8000000000000003,-7.7,0,3.6,69.23
2015,1,8,4,30,-2.5,-7.5,0,3,68.35000000000001
2015,1,8,5,30,-2.3000000000000003,-7.5,0,2.3000000000000003,67.6
2015,1,8,6,30,-2,-7.5,0,2.2,65.85
2015,1,8,7,30,-1,-7.6000000000000005,9,2.3000000000000003,60.85
2015,1,8,8,30,0.4,-7.5,20,2,55.53
2015,1,8,9,30,1.7000000000000002,-7,88,1.4000000000000001,52.38
2015,1,8,10,30,2.7,-6.5,74,1,50.86
2015,1,8,11,30,3.5,-5.9,372,0.9,50.370000000000005
2015,1,8,12,30,4.1000000000000005,-5.1000000000000005,401,1.1,51.02
2015,1,8,13,30,4.5,-4.4,340,1.3,52.28
2015,1,8,14,30,4.800000000000001,-3.8000000000000003,345,1.3,53.730000000000004
2015,1,8,15,30,4.6000000000000005,-3.3000000000000003,137,1.2000000000000002,56.660000000000004
2015,1,8,16,30,3.6,-2.8000000000000003,60,0.9,63.08
2015,1,8,17,30,2.5,-2.7,0,0.8,68.36
2015,1,8,18,30,2.2,-2.8000000000000003,0,0.8,69.47
2015,1,8,19,30,1.9000000000000001,-2.8000000000000003,0,0.8,70.9
2015,1,8,20,30,1.6,-2.8000000000000003,0,0.8,72.44
2015,1,8,21,30,1.2000000000000002,-2.7,0,0.9,75.02
2015,1,8,22,30,0.8,-2.6,0,1,78.10000000000001
2015,1,8,23,30,0.7000000000000001,-2.4000000000000004,0,1.1,79.78
2015,1,9,0,30,0.5,-2.2,0,1.1,82.04
2015,1,9,1,30,0.6000000000000001,-2,0,1.1,82.44
2015,1,9,2,30,0.6000000000000001,-1.9000000000000001,0,1.2000000000000002,83.4
2015,1,9,3,30,0.6000000000000001,-1.8,0,1.6,84.19
2015,1,9,4,30,1,-1.7000000000000002,0,2.7,82.24
2015,1,9,5,30,1.7000000000000002,-1.9000000000000001,0,4.6000000000000005,77.08
2015,1,9,6,30,1.9000000000000001,-2.8000000000000003,0,6.300000000000001,70.97
2015,1,9,7,30,2.2,-4.1000000000000005,25,7.4,62.89
2015,1,9,8,30,2.9000000000000004,-5.4,223,8,54.52
2015,1,9,9,30,4,-5.7,402,7.9,49.06
2015,1,9,10,30,4.9,-5.4,189,7.4,47.43
2015,1,9,11,30,5.4,-4.800000000000001,337,6.9,47.730000000000004
2015,1,9,12,30,5.5,-4.4,255,6.4,48.86
2015,1,9,13,30,5.4,-4.2,248,6,49.99
2015,1,9,14,30,5,-4.2,246,5.6000000000000005,51.46
2015,1,9,15,30,4.3,-4.3,111,5.1000000000000005,53.620000000000005
2015,1,9,16,30,2.9000000000000004,-4.4,44,4.2,58.49
2015,1,9,17,30,1.6,-4.6000000000000005,0,3.6,63.480000000000004
2015,1,9,18,30,0.8,-4.7,0,3.7,66.45
2015,1,9,19,30,0.2,-4.9,0,3.7,68.45
2015,1,9,20,30,-0.4,-5.2,0,3.5,70.23
2015,1,9,21,30,-0.8,-5.4,0,3.3000000000000003,70.76
2015,1,9,22,30,-0.9,-5.7,0,3.4000000000000004,70.02
2015,1,9,23,30,-0.9,-5.800000000000001,0,3.3000000000000003,69.42
2015,1,10,0,30,-1,-5.7,0,3,70.23
2015,1,10,1,30,-1.1,-5.6000000000000005,0,2.7,71.51
2015,1,10,2,30,-1.3,-5.5,0,2.4000000000000004,73.3
2015,1,10,3,30,-1.5,-5.4,0,2.1,74.99
2015,1,10,4,30,-1.7000000000000002,-5.300000000000001,0,1.8,76.4
2015,1,10,5,30,-2,-5.300000000000001,0,1.6,78.34
2015,1,10,6,30,-1.7000000000000002,-5.2,0,1.9000000000000001,77.04
2015,1,10,7,30,-0.2,-5,44,2.8000000000000003,69.94
2015,1,10,8,30,1.9000000000000001,-4.4,8,3.2,63.17
2015,1,10,9,30,3.9000000000000004,-3.4000000000000004,204,3,58.9
2015,1,10,10,30,5.7,-2.5,292,2.5,55.480000000000004
2015,1,10,11,30,7.300000000000001,-1.7000000000000002,391,2.1,52.81
2015,1,10,12,30,8.6,-1,637,1.8,50.89
2015,1,10,13,30,9.4,-0.4,320,1.7000000000000002,50.24
2015,1,10,14,30,9.600000000000001,0,473,1.6,51.120000000000005
2015,1,10,15,30,8.9,0.30000000000000004,311,1.2000000000000002,54.64
2015,1,10,16,30,7.4,0.6000000000000001,123,0.7000000000000001,62.120000000000005
2015,1,10,17,30,6.1000000000000005,0.30000000000000004,0,0.5,66.24
2015,1,10,18,30,5.4,0.30000000000000004,0,0.5,69.48
2015,1,10,19,30,4.7,0.30000000000000004,0,0.5,72.96000000000001
2015,1,10,20,30,4.3,0.30000000000000004,0,0.4,75.12
2015,1,10,21,30,3.7,0.30000000000000004,0,0.5,78.36
2015,1,10,22,30,2.9000000000000004,0.30000000000000004,0,0.7000000000000001,82.95
2015,1,10,23,30,2,0.30000000000000004,0,1,88.72
2015,1,11,0,30,1.3,0.4,0,1.1,93.85000000000001
2015,1,11,1,30,0.8,0.5,0,1.2000000000000002,97.66
2015,1,11,2,30,0.30000000000000004,0.30000000000000004,0,1.2000000000000002,100
2015,1,11,3,30,-0.2,-0.2,0,1.3,100
2015,1,11,4,30,-0.5,-0.5,0,1.3,100
2015,1,11,5,30,-0.7000000000000001,-0.7000000000000001,0,1.3,100
2015,1,11,6,30,-0.30000000000000004,-0.30000000000000004,0,1.2000000000000002,100
2015,1,11,7,30,1.5,0.7000000000000001,44,1.5,94.60000000000001
2015,1,11,8,30,4.3,0.9,225,1.8,78.81
2015,1,11,9,30,7.5,1.4000000000000001,406,2.2,65.04
2015,1,11,10,30,10.9,2,545,3.2,54.19
2015,1,11,11,30,13.5,2.8000000000000003,626,4,48.4
2015,1,11,12,30,14.9,3.3000000000000003,642,4.2,45.67
2015,1,11,13,30,15.5,3.2,591,3.9000000000000004,43.82
2015,1,11,14,30,15.5,3,478,3.4000000000000004,43.21
2015,1,11,15,30,14.200000000000001,2.9000000000000004,317,2.1,46.51
2015,1,11,16,30,12.4,3.2,127,0.9,53.550000000000004
2015,1,11,17,30,11.5,2.4000000000000004,0,0.6000000000000001,53.75
2015,1,11,18,30,10.9,2.4000000000000004,0,0.5,55.88
2015,1,11,19,30,10.200000000000001,2.5,0,0.7000000000000001,58.68
2015,1,11,20,30,9.600000000000001,2.5,0,0.8,61.26
2015,1,11,21,30,8.8,2.6,0,0.9,64.91
2015,1,11,22,30,7.9,2.6,0,1,69.16
2015,1,11,23,30,7,2.6,0,1,73.73
2015,1,12,0,30,6.2,2.6,0,1,77.93
2015,1,12,1,30,5.7,2.6,0,1,80.54
2015,1,12,2,30,5.4,2.5,0,1,81.83
2015,1,12,3,30,5.300000000000001,2.5,0,0.9,81.9
2015,1,12,4,30,5.1000000000000005,2.4000000000000004,0,0.9,82.68
2015,1,12,5,30,4.800000000000001,2.3000000000000003,0,0.9,84.11
2015,1,12,6,30,4.4,2.3000000000000003,0,1,85.99
2015,1,12,7,30,5.800000000000001,2.2,26,1.7000000000000002,77.71000000000001
2015,1,12,8,30,8.6,2.3000000000000003,163,2.9000000000000004,64.36
2015,1,12,9,30,11.3,2.3000000000000003,243,3.8000000000000003,53.93
2015,1,12,10,30,13.600000000000001,2.1,285,4.3,45.730000000000004
2015,1,12,11,30,14.8,1.8,302,4.5,41.51
2015,1,12,12,30,15.200000000000001,1.6,52,4.6000000000000005,39.9
2015,1,12,13,30,15.100000000000001,1.5,566,4.4,39.75
2015,1,12,14,30,14.5,1.5,393,4.2,41.2
2015,1,12,15,30,13,1.5,228,4.3,45.61
2015,1,12,16,30,10.600000000000001,1.7000000000000002,124,4.9,54.22
2015,1,12,17,30,8.1,1.4000000000000001,0,5.800000000000001,62.67
2015,1,12,18,30,6.300000000000001,0.9,0,6.1000000000000005,68.32000000000001
2015,1,12,19,30,4.800000000000001,0.30000000000000004,0,5.7,72.65
2015,1,12,20,30,3.6,-0.2,0,5.5,76.29
2015,1,12,21,30,2.5,-0.5,0,5.4,80.44
2015,1,12,22,30,1.4000000000000001,-0.9,0,5.2,84.59
2015,1,12,23,30,0.5,-1.4000000000000001,0,5.1000000000000005,86.9
2015,1,13,0,30,-0.2,-2,0,5.2,87.38
2015,1,13,1,30,-0.7000000000000001,-2.6,0,5.2,86.69
2015,1,13,2,30,-1,-3.1,0,5,85.72
2015,1,13,3,30,-1.1,-3.5,0,4.7,83.94
2015,1,13,4,30,-1,-3.8000000000000003,0,4.800000000000001,81.52
2015,1,13,5,30,-0.7000000000000001,-4,0,5,78.16
2015,1,13,6,30,-0.30000000000000004,-4.2,0,5.2,74.85000000000001
2015,1,13,7,30,0.4,-4.2,44,5.6000000000000005,71.17
2015,1,13,8,30,1.6,-3.9000000000000004,228,5.9,66.86
2015,1,13,9,30,3.3000000000000003,-3.2,410,5.800000000000001,62.25
2015,1,13,10,30,5.1000000000000005,-2.4000000000000004,214,5.300000000000001,58.49
2015,1,13,11,30,6.800000000000001,-1.6,176,4.9,55.160000000000004
2015,1,13,12,30,8.200000000000001,-1,178,4.6000000000000005,52.300000000000004
2015,1,13,13,30,9.1,-0.5,149,4.2,50.870000000000005
2015,1,13,14,30,9.200000000000001,-0.1,133,3.9000000000000004,52.06
2015,1,13,15,30,8.1,0.2,319,3.1,57.58
2015,1,13,16,30,5.7,0.5,128,2.3000000000000003,69.46000000000001
2015,1,13,17,30,3.8000000000000003,0.6000000000000001,0,2.6,79.83
2015,1,13,18,30,3,0.8,0,3.6,85.24
2015,1,13,19,30,2.2,0.9,0,3.8000000000000003,91.24
2015,1,13,20,30,1.9000000000000001,1,0,3.6,93.47
2015,1,13,21,30,2,0.9,0,3.5,92.16
2015,1,13,22,30,2,0.6000000000000001,0,3.4000000000000004,90.58
2015,1,13,23,30,1.9000000000000001,0.30000000000000004,0,3.3000000000000003,88.82000000000001
2015,1,14,0,30,1.7000000000000002,-0.2,0,3.4000000000000004,87.12
2015,1,14,1,30,1.5,-0.7000000000000001,0,3.5,85.17
2015,1,14,2,30,1.4000000000000001,-1.2000000000000002,0,3.5,82.98
2015,1,14,3,30,1.3,-1.5,0,3.5,81.34
2015,1,14,4,30,1.2000000000000002,-1.8,0,3.6,80.2
2015,1,14,5,30,1.2000000000000002,-2,0,3.7,79.01
2015,1,14,6,30,1.3,-2.1,0,3.7,77.99
2015,1,14,7,30,2,-2.1,13,4.2,74.29
2015,1,14,8,30,3.3000000000000003,-1.7000000000000002,221,4.5,69.60000000000001
2015,1,14,9,30,4.800000000000001,-0.9,401,4.4,66.55
2015,1,14,10,30,6.1000000000000005,-0.30000000000000004,178,4,63.7
2015,1,14,11,30,7.1000000000000005,0.1,275,3.5,61.120000000000005
2015,1,14,12,30,8,0.4,201,3.1,58.72
2015,1,14,13,30,8.5,0.7000000000000001,74,2.6,57.84
2015,1,14,14,30,8.4,0.8,236,2.3000000000000003,58.99
2015,1,14,15,30,7.6000000000000005,0.8,206,2.2,62.31
2015,1,14,16,30,5.7,0.8,23,1.9000000000000001,70.72
2015,1,14,17,30,3.9000000000000004,0.5,0,1.7000000000000002,78.39
2015,1,14,18,30,2.9000000000000004,0.1,0,1.9000000000000001,81.85000000000001
2015,1,14,19,30,2.2,-0.2,0,1.8,84.32000000000001
2015,1,14,20,30,1.4000000000000001,-0.4,0,1.6,87.68
2015,1,14,21,30,0.7000000000000001,-0.6000000000000001,0,1.2000000000000002,90.79
2015,1,14,22,30,0.1,-0.8,0,1,93.54
2015,1,14,23,30,-0.1,-1,0,0.8,93.92
2015,1,15,0,30,-0.1,-1,0,0.5,93.35000000000001
2015,1,15,1,30,-0.4,-1.1,0,0.5,95.17
2015,1,15,2,30,-1,-1.1,0,0.8,99.37
2015,1,15,3,30,-1.5,-1.5,0,1,100
2015,1,15,4,30,-1.6,-1.6,0,1.1,100
2015,1,15,5,30,-1.7000000000000002,-1.7000000000000002,0,1.1,100
2015,1,15,6,30,-1.5,-1.5,0,1.1,100
2015,1,15,7,30,0,-1.2000000000000002,49,1.4000000000000001,91.53
2015,1,15,8,30,2.8000000000000003,-1,90,2,75.92
2015,1,15,9,30,5.6000000000000005,-0.9,210,2.6,62.910000000000004
2015,1,15,10,30,7.800000000000001,-1,365,2.8000000000000003,53.56
2015,1,15,11,30,9.600000000000001,-1.4000000000000001,655,2.7,46.11
2015,1,15,12,30,10.8,-1.9000000000000001,673,2.5,41.160000000000004
2015,1,15,13,30,11.5,-2.4000000000000004,623,2.4000000000000004,37.730000000000004
2015,1,15,14,30,11.8,-3.1,511,2.1,35.31
2015,1,15,15,30,10.9,-3.5,344,1.4000000000000001,36.19
2015,1,15,16,30,8.9,-2.4000000000000004,147,0.8,45.17
2015,1,15,17,30,7.300000000000001,-3.7,0,0.7000000000000001,45.410000000000004
2015,1,15,18,30,6.4,-3.9000000000000004,0,0.8,47.61
2015,1,15,19,30,5.5,-4,0,0.9,50.32
2015,1,15,20,30,4.5,-4.1000000000000005,0,1.1,53.480000000000004
2015,1,15,21,30,3.4000000000000004,-4.3,0,1.3,57.04
2015,1,15,22,30,2.7,-4.5,0,1.3,58.93
2015,1,15,23,30,1.9000000000000001,-4.800000000000001,0,1.3,61.13
2015,1,16,0,30,1,-5.1000000000000005,0,1.4000000000000001,63.620000000000005
2015,1,16,1,30,0.30000000000000004,-5.5,0,1.4000000000000001,64.89
2015,1,16,2,30,-0.1,-5.9,0,1.4000000000000001,64.94
2015,1,16,3,30,-0.2,-6.2,0,1.3,63.95
2015,1,16,4,30,-0.2,-6.5,0,1.3,62.7
2015,1,16,5,30,0,-6.7,0,1.2000000000000002,60.77
2015,1,16,6,30,0.6000000000000001,-6.800000000000001,0,1,57.52
2015,1,16,7,30,2.2,-6.7,35,1,51.96
2015,1,16,8,30,4.5,-6,135,0.9,46.57
2015,1,16,9,30,7.5,-5.9,252,0.9,38.13
2015,1,16,10,30,10.4,-6.1000000000000005,412,1.1,30.94
2015,1,16,11,30,11.9,-6.5,671,1.3,27.060000000000002
2015,1,16,12,30,12.600000000000001,-6.6000000000000005,559,1.4000000000000001,25.740000000000002
2015,1,16,13,30,12.9,-6.6000000000000005,459,1.6,25.060000000000002
2015,1,16,14,30,12.700000000000001,-6.800000000000001,389,1.7000000000000002,25.12
2015,1,16,15,30,11.3,-6.5,359,1.4000000000000001,28.080000000000002
2015,1,16,16,30,8.9,-3.8000000000000003,156,1.1,40.42
2015,1,16,17,30,7.2,-5.7,0,1.2000000000000002,39.480000000000004
2015,1,16,18,30,6.300000000000001,-6.1000000000000005,0,1.2000000000000002,40.58
2015,1,16,19,30,5.5,-6.4,0,1.3,41.94
2015,1,16,20,30,4.9,-6.7,0,1.3,42.89
2015,1,16,21,30,4,-6.9,0,1.4000000000000001,45.03
2015,1,16,22,30,2.9000000000000004,-6.9,0,1.5,48.44
2015,1,16,23,30,1.6,-6.9,0,1.6,53.26
2015,1,17,0,30,0.4,-6.9,0,1.7000000000000002,58.18
2015,1,17,1,30,-0.5,-6.9,0,1.7000000000000002,62.01
2015,1,17,2,30,-1,-6.9,0,1.7000000000000002,64.05
2015,1,17,3,30,-1.1,-7,0,1.7000000000000002,64.1
2015,1,17,4,30,-1.1,-7.1000000000000005,0,1.6,63.54
2015,1,17,5,30,-0.8,-7.2,0,1.5,61.97
2015,1,17,6,30,-0.1,-7.2,0,1.4000000000000001,59
2015,1,17,7,30,2.2,-6.800000000000001,54,2,51.38
2015,1,17,8,30,5.300000000000001,-6.1000000000000005,249,2.9000000000000004,43.56
2015,1,17,9,30,8.3,-5.7,438,3.3000000000000003,36.46
2015,1,17,10,30,11.600000000000001,-5.6000000000000005,579,3.9000000000000004,29.47
2015,1,17,11,30,14.100000000000001,-6.5,664,4.4,23.52
2015,1,17,12,30,15.700000000000001,-7.1000000000000005,678,4.4,20.27
2015,1,17,13,30,16.5,-6.800000000000001,628,4.2,19.61
2015,1,17,14,30,16.6,-6.2,514,3.6,20.38
2015,1,17,15,30,14.600000000000001,-5.300000000000001,349,2.2,24.900000000000002
2015,1,17,16,30,11.100000000000001,-1.8,152,1.3,40.47
2015,1,17,17,30,8.8,-4.2,0,1.4000000000000001,39.49
2015,1,17,18,30,7.4,-4.6000000000000005,0,1.6,42.17
2015,1,17,19,30,6,-4.7,0,1.8,46.31
2015,1,17,20,30,4.800000000000001,-4.5,0,1.9000000000000001,51.02
2015,1,17,21,30,3.8000000000000003,-4.3,0,2,55.58
2015,1,17,22,30,2.9000000000000004,-4.2,0,1.9000000000000001,59.730000000000004
2015,1,17,23,30,2.1,-4.1000000000000005,0,1.8,63.370000000000005
2015,1,18,0,30,1.6,-4.2,0,1.6,65.47
2015,1,18,1,30,1.3,-4.3,0,1.5,66.41
2015,1,18,2,30,1.2000000000000002,-4.4,0,1.4000000000000001,66.36
2015,1,18,3,30,1.4000000000000001,-4.5,0,1.3,65.02
2015,1,18,4,30,1.6,-4.5,0,1.2000000000000002,63.800000000000004
2015,1,18,5,30,1.6,-4.6000000000000005,0,1.2000000000000002,63.59
2015,1,18,6,30,1.7000000000000002,-4.6000000000000005,0,1.1,62.910000000000004
2015,1,18,7,30,3.7,-4.6000000000000005,53,1.5,54.83
2015,1,18,8,30,6.7,-4.1000000000000005,248,1.8,46.17
2015,1,18,9,30,9.9,-3.8000000000000003,434,2,38.03
2015,1,18,10,30,13.5,-3.5,578,2.3000000000000003,30.51
2015,1,18,11,30,16,-3.8000000000000003,665,2.7,25.41
2015,1,18,12,30,17.1,-4,684,2.8000000000000003,23.31
2015,1,18,13,30,17.5,-4.1000000000000005,631,2.8000000000000003,22.56
2015,1,18,14,30,17.3,-4.1000000000000005,517,2.5,22.98
2015,1,18,15,30,15.8,-3.8000000000000003,352,1.6,25.82
2015,1,18,16,30,13.600000000000001,-1.1,155,1,36.21
2015,1,18,17,30,12.4,-3.5,0,0.9,32.94
2015,1,18,18,30,12,-3.8000000000000003,0,0.7000000000000001,33.07
2015,1,18,19,30,11.600000000000001,-4,0,0.7000000000000001,33.33
2015,1,18,20,30,11.200000000000001,-4.2,0,0.7000000000000001,33.8
2015,1,18,21,30,10.3,-4.4,0,0.8,35.39
2015,1,18,22,30,9,-4.5,0,1,38.17
2015,1,18,23,30,7.6000000000000005,-4.6000000000000005,0,1.2000000000000002,41.86
2015,1,19,0,30,6.4,-4.6000000000000005,0,1.3,45.36
2015,1,19,1,30,5.5,-4.6000000000000005,0,1.3,48.11
2015,1,19,2,30,4.800000000000001,-4.7,0,1.3,50.31
2015,1,19,3,30,4.2,-4.800000000000001,0,1.3,52.160000000000004
2015,1,19,4,30,3.6,-4.9,0,1.3,53.97
2015,1,19,5,30,3,-5,0,1.3,55.81
2015,1,19,6,30,3,-5.1000000000000005,0,1.3,55.29
2015,1,19,7,30,5.1000000000000005,-4.800000000000001,53,1.6,48.69
2015,1,19,8,30,8.1,-4.5,246,1.9000000000000001,40.730000000000004
2015,1,19,9,30,11.200000000000001,-4.1000000000000005,433,1.8,33.9
2015,1,19,10,30,14.600000000000001,-3.7,578,2.1,27.98
2015,1,19,11,30,17.3,-3.9000000000000004,664,2.3000000000000003,23.17
2015,1,19,12,30,18.8,-4,683,2.5,21.06
2015,1,19,13,30,19.5,-3.9000000000000004,634,2.7,20.23
2015,1,19,14,30,19.400000000000002,-3.7,521,2.6,20.740000000000002
2015,1,19,15,30,17.7,-3.2,355,1.7000000000000002,23.96
2015,1,19,16,30,15.4,0.1,158,0.9,35.160000000000004
2015,1,19,17,30,14.100000000000001,-2.7,0,0.8,31.16
2015,1,19,18,30,13.4,-3,0,0.7000000000000001,31.86
2015,1,19,19,30,12.4,-3.2,0,0.8,33.62
2015,1,19,20,30,11.200000000000001,-3.3000000000000003,0,1.1,35.96
2015,1,19,21,30,9.700000000000001,-3.3000000000000003,0,1.4000000000000001,39.81
2015,1,19,22,30,8.200000000000001,-3.2,0,1.6,44.300000000000004
2015,1,19,23,30,6.800000000000001,-3.1,0,1.7000000000000002,49.18
2015,1,20,0,30,5.800000000000001,-2.9000000000000004,0,1.7000000000000002,53.410000000000004
2015,1,20,1,30,5.2,-2.7,0,1.8,56.63
2015,1,20,2,30,4.6000000000000005,-2.5,0,1.8,59.800000000000004
2015,1,20,3,30,3.9000000000000004,-2.5,0,1.7000000000000002,63.1
2015,1,20,4,30,3.1,-2.5,0,1.7000000000000002,66.87
2015,1,20,5,30,2.5,-2.5,0,1.7000000000000002,69.78
2015,1,20,6,30,2.9000000000000004,-2.5,0,1.7000000000000002,67.47
2015,1,20,7,30,5.6000000000000005,-2.4000000000000004,54,2.2,56.19
2015,1,20,8,30,9,-2.1,248,2.5,45.64
2015,1,20,9,30,12.200000000000001,-1.7000000000000002,436,2.2,38.06
2015,1,20,10,30,15.9,-1.5,581,1.9000000000000001,30.29
2015,1,20,11,30,18.400000000000002,-2.3000000000000003,667,1.5,24.46
2015,1,20,12,30,19.400000000000002,-2.8000000000000003,687,1.3,22.06
2015,1,20,13,30,19.6,-3.1,638,1.5,21.36
2015,1,20,14,30,19.3,-3.2,525,1.6,21.6
2015,1,20,15,30,17.7,-3.1,359,1.2000000000000002,24.16
2015,1,20,16,30,15.3,0.1,161,0.9,35.34
2015,1,20,17,30,13.600000000000001,-2.5,0,0.9,32.74
2015,1,20,18,30,12.200000000000001,-2.9000000000000004,0,1.1,34.94
2015,1,20,19,30,10.4,-2.9000000000000004,0,1.4000000000000001,39.160000000000004
2015,1,20,20,30,8.700000000000001,-3,0,1.7000000000000002,43.59
2015,1,20,21,30,7.4,-3.1,0,2,47.39
2015,1,20,22,30,6.7,-3,0,2.6,50.18
2015,1,20,23,30,6,-2.7,0,3.4000000000000004,53.53
2015,1,21,0,30,5.2,-2.5,0,4.1000000000000005,57.5
2015,1,21,1,30,4.4,-2.2,0,4.5,62.06
2015,1,21,2,30,4,-1.8,0,4.6000000000000005,65.81
2015,1,21,3,30,3.6,-1.4000000000000001,0,4.7,69.95
2015,1,21,4,30,3.2,-1,0,4.7,73.9
2015,1,21,5,30,2.8000000000000003,-0.8,0,4.7,77.27
2015,1,21,6,30,2.9000000000000004,-0.8,0,5.1000000000000005,76.92
2015,1,21,7,30,4.4,-0.8,53,6,68.95
2015,1,21,8,30,7.2,-0.6000000000000001,175,6.4,57.660000000000004
2015,1,21,9,30,10.3,-0.2,432,5.800000000000001,47.980000000000004
2015,1,21,10,30,13,-0.2,577,4.5,40.27
2015,1,21,11,30,15,-0.4,403,3.3000000000000003,34.97
2015,1,21,12,30,16.2,-0.6000000000000001,436,2.4000000000000004,31.8
2015,1,21,13,30,16.6,-0.8,632,2,30.51
2015,1,21,14,30,16.400000000000002,-1,18,1.8,30.47
2015,1,21,15,30,14.9,-1.1,41,1.3,33.26
2015,1,21,16,30,11.8,0.7000000000000001,98,1.3,46.63
2015,1,21,17,30,9.200000000000001,0.2,0,1.8,53.49
2015,1,21,18,30,8.200000000000001,0.7000000000000001,0,2.5,59.1
2015,1,21,19,30,7.2,1.4000000000000001,0,3.1,66.56
2015,1,21,20,30,6.300000000000001,2,0,3.4000000000000004,73.74
2015,1,21,21,30,5.4,2.3000000000000003,0,3.3000000000000003,80.43
2015,1,21,22,30,4.7,2.6,0,3.2,86.02
2015,1,21,23,30,4.1000000000000005,2.7,0,2.9000000000000004,90.81
2015,1,22,0,30,3.8000000000000003,2.8000000000000003,0,2.5,93.27
2015,1,22,1,30,3.4000000000000004,2.8000000000000003,0,2.3000000000000003,96.14
2015,1,22,2,30,3.1,2.8000000000000003,0,2.4000000000000004,98.23
2015,1,22,3,30,2.8000000000000003,2.8000000000000003,0,3,100
2015,1,22,4,30,2.6,2.6,0,3.9000000000000004,100
2015,1,22,5,30,2.4000000000000004,2.4000000000000004,0,5,99.72
2015,1,22,6,30,2,1.3,0,5.9,95.35000000000001
2015,1,22,7,30,1.9000000000000001,0.1,10,6.800000000000001,88.15
2015,1,22,8,30,2.1,-1.2000000000000002,34,7.5,78.72
2015,1,22,9,30,2.7,-2.3000000000000003,65,7.5,69.56
2015,1,22,10,30,3.3000000000000003,-2.9000000000000004,245,7.300000000000001,63.7
2015,1,22,11,30,3.6,-3.3000000000000003,41,7,60.620000000000005
2015,1,22,12,30,3.7,-3.6,31,6.9,58.72
2015,1,22,13,30,3.5,-4.1000000000000005,79,6.800000000000001,57.64
2015,1,22,14,30,3.1,-4.6000000000000005,205,6.6000000000000005,57.22
2015,1,22,15,30,2.5,-4.9,156,6.300000000000001,58.11
2015,1,22,16,30,1.3,-5.2,81,5.300000000000001,62.120000000000005
2015,1,22,17,30,0,-5.300000000000001,0,3.9000000000000004,67.61
2015,1,22,18,30,-1,-5.4,0,3.2,72.26
2015,1,22,19,30,-1.6,-5.5,0,2.7,74.7
2015,1,22,20,30,-2.3000000000000003,-5.6000000000000005,0,2.1,77.81
2015,1,22,21,30,-2.8000000000000003,-5.800000000000001,0,1.5,79.81
2015,1,22,22,30,-3.1,-5.9,0,1.1,80.84
2015,1,22,23,30,-3.1,-6,0,0.9,80.18
2015,1,23,0,30,-3,-6.1000000000000005,0,0.7000000000000001,79.15
2015,1,23,1,30,-3,-6.2,0,0.6000000000000001,78.8
2015,1,23,2,30,-3.1,-6.2,0,0.6000000000000001,78.99
2015,1,23,3,30,-3.3000000000000003,-6.300000000000001,0,0.6000000000000001,79.81
2015,1,23,4,30,-3.6,-6.300000000000001,0,0.7000000000000001,81.3
2015,1,23,5,30,-3.9000000000000004,-6.4,0,0.9,82.9
2015,1,23,6,30,-3.6,-6.4,0,1.1,81.04
2015,1,23,7,30,-1.6,-6.300000000000001,60,1.8,70.43
2015,1,23,8,30,1,-6,262,2.2,59.61
2015,1,23,9,30,3.1,-6.5,455,2.2,49.36
2015,1,23,10,30,4.7,-7.300000000000001,611,2.3000000000000003,41.44
2015,1,23,11,30,5.9,-7.9,701,2.3000000000000003,36.5
2015,1,23,12,30,6.800000000000001,-8.3,723,2.3000000000000003,33.09
2015,1,23,13,30,7.4,-8.8,673,2.3000000000000003,30.64
2015,1,23,14,30,7.4,-9.1,552,2.1,29.85
2015,1,23,15,30,6.5,-9.4,382,1.6,31.07
2015,1,23,16,30,4.3,-7.5,135,1,41.96
2015,1,23,17,30,2.5,-9,0,0.9,42.59
2015,1,23,18,30,1.7000000000000002,-9.600000000000001,0,0.8,42.910000000000004
2015,1,23,19,30,1.1,-9.9,0,0.8,43.81
2015,1,23,20,30,0.7000000000000001,-10.200000000000001,0,0.8,43.97
2015,1,23,21,30,0,-10.4,0,1,45.54
2015,1,23,22,30,-1,-10.600000000000001,0,1.2000000000000002,48.33
2015,1,23,23,30,-2.1,-10.700000000000001,0,1.4000000000000001,51.75
2015,1,24,0,30,-2.6,-11,0,1.4000000000000001,52.660000000000004
2015,1,24,1,30,-2.8000000000000003,-11.100000000000001,0,1.3,52.800000000000004
2015,1,24,2,30,-2.9000000000000004,-11.100000000000001,0,1.3,53.04
2015,1,24,3,30,-3,-11,0,1.3,53.95
2015,1,24,4,30,-2.9000000000000004,-10.9,0,1.3,54.19
2015,1,24,5,30,-2.6,-10.700000000000001,0,1.4000000000000001,53.65
2015,1,24,6,30,-1.7000000000000002,-10.5,0,1.3,50.95
2015,1,24,7,30,0.4,-9.600000000000001,33,1.5,47.06
2015,1,24,8,30,2.6,-9.4,156,1.6,40.83
2015,1,24,9,30,5.1000000000000005,-9.5,304,1.9000000000000001,33.86
2015,1,24,10,30,7.7,-9.8,603,2.2,27.69
2015,1,24,11,30,9.200000000000001,-9.8,693,1.7000000000000002,25.14
2015,1,24,12,30,10.100000000000001,-9.5,714,1.1,24.21
2015,1,24,13,30,10.600000000000001,-9.3,665,1.5,23.81
2015,1,24,14,30,10.700000000000001,-9,551,1.8,24.1
2015,1,24,15,30,9.8,-8.5,382,1.3,26.69
2015,1,24,16,30,8.200000000000001,-5.7,158,0.6000000000000001,36.82
2015,1,24,17,30,7.1000000000000005,-7.9,0,0.7000000000000001,33.57
2015,1,24,18,30,6.1000000000000005,-8,0,0.9,35.76
2015,1,24,19,30,5.4,-8,0,1,37.54
2015,1,24,20,30,4.9,-8.1,0,1,38.46
2015,1,24,21,30,4.4,-8.4,0,1,39.02
2015,1,24,22,30,3.8000000000000003,-8.5,0,1.1,40.160000000000004
2015,1,24,23,30,3.1,-8.8,0,1.3,41.37
2015,1,25,0,30,2.2,-9,0,1.4000000000000001,43.45
2015,1,25,1,30,1.5,-9,0,1.4000000000000001,45.68
2015,1,25,2,30,0.9,-8.9,0,1.4000000000000001,48.07
2015,1,25,3,30,0.30000000000000004,-8.700000000000001,0,1.5,50.7
2015,1,25,4,30,-0.30000000000000004,-8.6,0,1.6,53.74
2015,1,25,5,30,-0.9,-8.5,0,1.6,56.5
2015,1,25,6,30,-0.4,-8.4,0,1.8,54.76
2015,1,25,7,30,2.1,-7.7,34,2.8000000000000003,48.45
2015,1,25,8,30,5.4,-7,264,3.9000000000000004,40.300000000000004
2015,1,25,9,30,8.8,-5.7,457,4.7,35.38
2015,1,25,10,30,11.600000000000001,-4.1000000000000005,607,5,33.160000000000004
2015,1,25,11,30,13.4,-3.1,692,4.6000000000000005,31.78
2015,1,25,12,30,14.4,-2.5,577,3.9000000000000004,30.98
2015,1,25,13,30,15,-2.4000000000000004,665,3.3000000000000003,30.17
2015,1,25,14,30,15,-2.4000000000000004,552,2.8000000000000003,30.05
2015,1,25,15,30,13.700000000000001,-2.4000000000000004,316,1.9000000000000001,32.79
2015,1,25,16,30,10.8,-0.30000000000000004,121,1.3,46.09
2015,1,25,17,30,8.1,-2.2,0,1.5,48.19
2015,1,25,18,30,6.7,-2.6,0,1.6,51.63
2015,1,25,19,30,6,-2.9000000000000004,0,1.6,53.04
2015,1,25,20,30,5.300000000000001,-3.1,0,1.5,54.83
2015,1,25,21,30,4.3,-3,0,1.7000000000000002,58.96
2015,1,25,22,30,3.3000000000000003,-2.9000000000000004,0,1.8,63.9
2015,1,25,23,30,2.5,-2.9000000000000004,0,1.7000000000000002,67.49
2015,1,26,0,30,2,-3.1,0,1.5,68.97
2015,1,26,1,30,1.7000000000000002,-3.3000000000000003,0,1.4000000000000001,69.28
2015,1,26,2,30,1.2000000000000002,-3.5,0,1.5,70.88
2015,1,26,3,30,0.7000000000000001,-3.6,0,1.5,72.72
2015,1,26,4,30,0.5,-3.8000000000000003,0,1.6,73.08
2015,1,26,5,30,0.4,-3.8000000000000003,0,1.6,73.18
2015,1,26,6,30,1.2000000000000002,-3.9000000000000004,0,1.5,68.9
2015,1,26,7,30,4,-3.7,29,1.9000000000000001,57.410000000000004
2015,1,26,8,30,7.1000000000000005,-3.1,175,2.2,48.47
2015,1,26,9,30,9.9,-2.6,349,1.7000000000000002,41.38
2015,1,26,10,30,12.4,-2.5,495,1.1,35.38
2015,1,26,11,30,13.600000000000001,-2.9000000000000004,403,0.9,31.7
2015,1,26,12,30,14,-3.3000000000000003,560,0.9,30.13
2015,1,26,13,30,13.9,-3.2,569,0.8,30.55
2015,1,26,14,30,13.700000000000001,-2.9000000000000004,396,0.8,31.57
2015,1,26,15,30,12.8,-0.4,200,0.7000000000000001,40.26
2015,1,26,16,30,11.3,-1.1,4,0.7000000000000001,42.22
2015,1,26,17,30,10.200000000000001,-2.5,0,0.9,41.03
2015,1,26,18,30,9.600000000000001,-2.6,0,1,42.19
2015,1,26,19,30,9.3,-2.6,0,1,43.11
2015,1,26,20,30,9.200000000000001,-2.5,0,0.9,43.910000000000004
2015,1,26,21,30,9.1,-2.3000000000000003,0,0.8,44.72
2015,1,26,22,30,8.8,-2.2,0,0.8,46.15
2015,1,26,23,30,8.1,-1.8,0,0.9,49.550000000000004
2015,1,27,0,30,7.300000000000001,-1.2000000000000002,0,1,54.67
2015,1,27,1,30,6.7,-0.7000000000000001,0,1,59.28
2015,1,27,2,30,6.2,-0.4,0,1,62.72
2015,1,27,3,30,6,-0.5,0,1,63.09
2015,1,27,4,30,6,-0.8,0,1,61.660000000000004
2015,1,27,5,30,6.1000000000000005,-1.2000000000000002,0,0.9,59.660000000000004
2015,1,27,6,30,6.5,-1.4000000000000001,0,0.7000000000000001,56.92
2015,1,27,7,30,8,-1,21,0.7000000000000001,52.95
2015,1,27,8,30,10.5,-0.9,159,0.7000000000000001,45.03
2015,1,27,9,30,13.8,0.2,438,0.7000000000000001,39.25
2015,1,27,10,30,16.7,3,584,0.9,39.88
2015,1,27,11,30,18.3,4.5,673,1.3,40.160000000000004
2015,1,27,12,30,19.200000000000003,5.2,694,1.7000000000000002,39.84
2015,1,27,13,30,19.6,5.6000000000000005,648,1.7000000000000002,39.84
2015,1,27,14,30,19.6,5.7,540,1.6,40.28
2015,1,27,15,30,18.6,5.800000000000001,377,1.2000000000000002,43.15
2015,1,27,16,30,16.8,6.9,180,0.7000000000000001,52.11
2015,1,27,17,30,15.3,5.9,0,0.7000000000000001,53.410000000000004
2015,1,27,18,30,14.5,5.800000000000001,0,0.7000000000000001,55.86
2015,1,27,19,30,13.8,5.9,0,0.7000000000000001,58.84
2015,1,27,20,30,13.3,5.9,0,0.6000000000000001,60.95
2015,1,27,21,30,12.8,5.9,0,0.7000000000000001,62.9
2015,1,27,22,30,12.100000000000001,5.9,0,0.8,65.77
2015,1,27,23,30,11.200000000000001,5.9,0,1,69.65
2015,1,28,0,30,10.5,5.800000000000001,0,1,72.76
2015,1,28,1,30,9.9,5.800000000000001,0,0.9,75.53
2015,1,28,2,30,9.200000000000001,5.7,0,1,78.84
2015,1,28,3,30,8.3,5.7,0,1.1,83.44
2015,1,28,4,30,7.800000000000001,5.6000000000000005,0,1.1,85.77
2015,1,28,5,30,7.7,5.5,0,0.9,85.7
2015,1,28,6,30,8,5.300000000000001,0,0.8,83.2
2015,1,28,7,30,9.600000000000001,5.2,62,1,74.17
2015,1,28,8,30,12.200000000000001,5.4,257,1.3,63.2
2015,1,28,9,30,15.4,5.9,444,1.6,53.29
2015,1,28,10,30,18.5,6.6000000000000005,590,2.2,45.69
2015,1,28,11,30,20.3,7,677,2.5,42.13
2015,1,28,12,30,20.900000000000002,7.2,699,2.3000000000000003,41.24
2015,1,28,13,30,21.200000000000003,7.300000000000001,655,2,40.56
2015,1,28,14,30,21,7,544,1.9000000000000001,40.31
2015,1,28,15,30,19.700000000000003,6.6000000000000005,381,1.3,42.6
2015,1,28,16,30,17.8,7.5,183,0.8,51
2015,1,28,17,30,16.5,6.5,0,0.8,51.77
2015,1,28,18,30,15.8,6.300000000000001,0,0.8,53.22
2015,1,28,19,30,15.100000000000001,6.2,0,0.8,55.28
2015,1,28,20,30,14.600000000000001,6.1000000000000005,0,0.9,56.9
2015,1,28,21,30,14.3,6.1000000000000005,0,0.8,57.74
2015,1,28,22,30,14,6,0,0.8,58.46
2015,1,28,23,30,13.600000000000001,5.800000000000001,0,0.8,59.4
2015,1,29,0,30,12.9,5.6000000000000005,0,0.9,61.34
2015,1,29,1,30,12.100000000000001,5.4,0,1,63.54
2015,1,29,2,30,11.4,5.2,0,1.1,65.53
2015,1,29,3,30,10.700000000000001,5,0,1.2000000000000002,67.73
2015,1,29,4,30,9.8,4.800000000000001,0,1.3,71.10000000000001
2015,1,29,5,30,8.9,4.7,0,1.4000000000000001,74.96000000000001
2015,1,29,6,30,9.1,4.6000000000000005,0,1.8,73.23
2015,1,29,7,30,11,4.3,17,3.3000000000000003,63.21
2015,1,29,8,30,13.200000000000001,3.6,105,5.1000000000000005,52.19
2015,1,29,9,30,14.5,2.4000000000000004,186,6.4,43.92
2015,1,29,10,30,15.100000000000001,1,98,7,38.21
2015,1,29,11,30,15.200000000000001,0,140,6.9,35.410000000000004
2015,1,29,12,30,15.5,-0.2,267,6.800000000000001,34.27
2015,1,29,13,30,15.700000000000001,0.2,332,6.800000000000001,34.89
2015,1,29,14,30,15.700000000000001,0.8,352,6.9,36.28
2015,1,29,15,30,14.9,1.3,255,6.7,39.57
2015,1,29,16,30,13.200000000000001,1.6,11,6.300000000000001,45.300000000000004
2015,1,29,17,30,11.4,1.8,0,6.5,51.6
2015,1,29,18,30,10.200000000000001,1.8,0,6.9,55.99
2015,1,29,19,30,9.3,1.8,0,7,59.6
2015,1,29,20,30,8.8,1.8,0,7.4,61.29
2015,1,29,21,30,8.4,1.6,0,7.5,62.45
2015,1,29,22,30,7.800000000000001,1.6,0,7.4,64.86
2015,1,29,23,30,7.1000000000000005,1.3,0,7.6000000000000005,66.48
2015,1,30,0,30,6.5,0.7000000000000001,0,7.5,66.47
2015,1,30,1,30,5.9,0.1,0,7.1000000000000005,66.25
2015,1,30,2,30,5.1000000000000005,-0.4,0,6.7,67.45
2015,1,30,3,30,4,-0.6000000000000001,0,6.4,72
2015,1,30,4,30,2.8000000000000003,-0.4,0,6.1000000000000005,79.33
2015,1,30,5,30,2.4000000000000004,-0.5,0,6,81.43
2015,1,30,6,30,2.6,-0.5,0,6.2,79.86
2015,1,30,7,30,3.2,-0.5,11,6.5,76.55
2015,1,30,8,30,4.2,-0.4,128,6.800000000000001,71.86
2015,1,30,9,30,5.4,0,105,6.9,68.17
2015,1,30,10,30,6.5,0.9,161,6.9,67.28
2015,1,30,11,30,7.6000000000000005,2,315,6.800000000000001,67.59
2015,1,30,12,30,8.5,3.2,348,6.7,69.16
2015,1,30,13,30,8.8,4.3,192,6.300000000000001,73.31
2015,1,30,14,30,8.700000000000001,5,165,5.9,77.68
2015,1,30,15,30,8.5,5.300000000000001,223,5.5,80.58
2015,1,30,16,30,7.800000000000001,5.5,5,4.9,85.66
2015,1,30,17,30,7.1000000000000005,5.6000000000000005,3,4.7,90.2
2015,1,30,18,30,6.5,5.300000000000001,0,4.9,92.15
2015,1,30,19,30,6,4.9,0,4.9,92.57000000000001
2015,1,30,20,30,5.800000000000001,4.6000000000000005,0,4.7,92.02
2015,1,30,21,30,5.800000000000001,4.5,0,4.5,91.64
2015,1,30,22,30,5.9,4.6000000000000005,0,4.2,91.66
2015,1,30,23,30,6,4.800000000000001,0,3.8000000000000003,92.04
2015,1,31,0,30,6.1000000000000005,5.1000000000000005,0,3.2,93.12
2015,1,31,1,30,6.1000000000000005,5.300000000000001,0,2.6,94.85000000000001
2015,1,31,2,30,6,5.5,0,2.2,96.57000000000001
2015,1,31,3,30,5.9,5.7,0,1.8,98.31
2015,1,31,4,30,5.9,5.9,0,1.7000000000000002,100
2015,1,31,5,30,5.800000000000001,5.800000000000001,0,1.7000000000000002,100
2015,1,31,6,30,6.2,6.2,0,2.2,100
2015,1,31,7,30,7.300000000000001,6.4,35,3.1,94.22
2015,1,31,8,30,8.8,6.9,9,3.7,87.60000000000001
2015,1,31,9,30,10.600000000000001,7.1000000000000005,113,4,78.77
2015,1,31,10,30,12,6.300000000000001,243,4.2,68.3
2015,1,31,11,30,12.9,5.300000000000001,497,4.3,60.09
2015,1,31,12,30,13.200000000000001,4.800000000000001,275,4.5,56.9
2015,1,31,13,30,13,4.9,463,4.800000000000001,57.76
2015,1,31,14,30,12.4,5.1000000000000005,320,4.9,61.01
2015,1,31,15,30,11.600000000000001,5.300000000000001,78,4,65.43
2015,1,31,16,30,10.200000000000001,5.800000000000001,78,2.3000000000000003,73.98
2015,1,31,17,30,8.9,5.7,7,1.2000000000000002,80.41
2015,1,31,18,30,8.3,5.2,0,1.1,81.02
2015,1,31,19,30,7.7,5,0,1,82.75
2015,1,31,20,30,7,4.800000000000001,0,1,85.87
2015,1,31,21,30,6.300000000000001,4.7,0,1.2000000000000002,89.54
2015,1,31,22,30,5.5,4.6000000000000005,0,1.5,93.89
2015,1,31,23,30,5,4.4,0,1.8,96.18
2015,2,1,0,30,4.6000000000000005,4.3,0,1.9000000000000001,97.97
2015,2,1,1,30,4.2,4.2,0,1.9000000000000001,99.68
2015,2,1,2,30,3.7,3.7,0,1.7000000000000002,100
2015,2,1,3,30,3.1,3.1,0,1.6,100
2015,2,1,4,30,2.6,2.6,0,1.5,100
2015,2,1,5,30,2.2,2.2,0,1.5,100
2015,2,1,6,30,3.1,3.1,0,1.8,100
2015,2,1,7,30,5.4,3.4000000000000004,70,2.7,86.77
2015,2,1,8,30,8.3,3.6,271,3.4000000000000004,72.19
2015,2,1,9,30,11,3,463,3.3000000000000003,57.74
2015,2,1,10,30,12.9,2.1,612,2.8000000000000003,47.85
2015,2,1,11,30,13.9,1.9000000000000001,701,2.6,44.18
2015,2,1,12,30,14.600000000000001,1.7000000000000002,726,2.7,41.67
2015,2,1,13,30,14.8,1.4000000000000001,680,2.7,40.34
2015,2,1,14,30,14.700000000000001,1.1,571,2.4000000000000004,39.7
2015,2,1,15,30,13.9,0.9,404,1.9000000000000001,40.99
2015,2,1,16,30,11.8,1.7000000000000002,203,1.2000000000000002,49.9
2015,2,1,17,30,9.8,1,19,0.9,54.410000000000004
2015,2,1,18,30,8.9,0.30000000000000004,0,1,54.92
2015,2,1,19,30,7.6000000000000005,0.2,0,1.3,59.29
2015,2,1,20,30,6.1000000000000005,0.4,0,1.6,66.81
2015,2,1,21,30,4.800000000000001,0.8,0,1.9000000000000001,75.52
2015,2,1,22,30,3.9000000000000004,1.3,0,2.2,83.19
2015,2,1,23,30,3,1.6,0,2.4000000000000004,90.83
2015,2,2,0,30,2.1,1.8,0,2.3000000000000003,97.73
2015,2,2,1,30,1.4000000000000001,1.4000000000000001,0,2.1,100
2015,2,2,2,30,0.9,0.9,0,2,100
2015,2,2,3,30,0.5,0.5,0,1.9000000000000001,100
2015,2,2,4,30,0.2,0.2,0,1.7000000000000002,100
2015,2,2,5,30,0,0,0,1.7000000000000002,100
2015,2,2,6,30,1,0.4,0,2,95.85000000000001
2015,2,2,7,30,3.7,0.30000000000000004,72,2.8000000000000003,78.67
2015,2,2,8,30,6.7,1,277,3.3000000000000003,66.82000000000001
2015,2,2,9,30,9.5,2.2,472,3,60.370000000000005
2015,2,2,10,30,12,2.7,624,2.4000000000000004,52.93
2015,2,2,11,30,14,2.1,717,1.8,44.45
2015,2,2,12,30,15.200000000000001,1.3,741,1.7000000000000002,38.800000000000004
2015,2,2,13,30,15.9,0.7000000000000001,694,2,35.68
2015,2,2,14,30,16,0.30000000000000004,581,2,34.46
2015,2,2,15,30,15.200000000000001,0.1,413,1.4000000000000001,35.64
2015,2,2,16,30,13,1.5,207,1,45.52
2015,2,2,17,30,10.9,0.6000000000000001,21,1,49.01
2015,2,2,18,30,10,0,0,0.9,49.72
2015,2,2,19,30,9.4,-0.30000000000000004,0,0.8,50.93
2015,2,2,20,30,9.1,-0.4,0,0.8,51.5
2015,2,2,21,30,9.1,-0.5,0,0.7000000000000001,51
2015,2,2,22,30,8.8,-0.6000000000000001,0,0.7000000000000001,51.7
2015,2,2,23,30,8.200000000000001,-0.6000000000000001,0,0.7000000000000001,53.7
2015,2,3,0,30,7.300000000000001,-0.7000000000000001,0,0.7000000000000001,56.92
2015,2,3,1,30,6.1000000000000005,-0.7000000000000001,0,0.8,61.72
2015,2,3,2,30,4.800000000000001,-0.6000000000000001,0,1.1,67.98
2015,2,3,3,30,3.4000000000000004,-0.5,0,1.4000000000000001,75.62
2015,2,3,4,30,2.6,-0.5,0,1.4000000000000001,79.99
2015,2,3,5,30,2.3000000000000003,-0.6000000000000001,0,1.4000000000000001,81.29
2015,2,3,6,30,3.3000000000000003,-0.7000000000000001,0,1.3,75.07000000000001
2015,2,3,7,30,6.1000000000000005,-0.5,75,1.4000000000000001,62.76
2015,2,3,8,30,9.5,-0.4,281,1.4000000000000001,50.09
2015,2,3,9,30,13.200000000000001,-0.1,477,1.4000000000000001,40.18
2015,2,3,10,30,15.9,-0.6000000000000001,628,2,32.39
2015,2,3,11,30,17.1,-0.7000000000000001,720,2.8000000000000003,29.73
2015,2,3,12,30,17.7,-0.7000000000000001,743,3.5,28.75
2015,2,3,13,30,18,-0.7000000000000001,697,3.9000000000000004,28.29
2015,2,3,14,30,18,-0.7000000000000001,584,3.8000000000000003,28.19
2015,2,3,15,30,17,-0.8,416,2.7,29.88
2015,2,3,16,30,15,1.1,210,1.3,38.97
2015,2,3,17,30,13.3,-0.30000000000000004,22,0.8,39.32
2015,2,3,18,30,12,-0.9,0,1,41
2015,2,3,19,30,10.5,-1,0,1.3,44.9
2015,2,3,20,30,9.200000000000001,-1.1,0,1.4000000000000001,48.660000000000004
2015,2,3,21,30,8.1,-1.2000000000000002,0,1.5,52.06
2015,2,3,22,30,7.2,-1.2000000000000002,0,1.6,55.17
2015,2,3,23,30,6.5,-1.2000000000000002,0,1.7000000000000002,58.1
2015,2,4,0,30,5.800000000000001,-1.1,0,1.8,61.32
2015,2,4,1,30,5,-1,0,1.8,64.98
2015,2,4,2,30,4.3,-1,0,1.8,68.3
2015,2,4,3,30,3.7,-1.1,0,1.7000000000000002,71.01
2015,2,4,4,30,3.1,-1.2000000000000002,0,1.7000000000000002,73.63
2015,2,4,5,30,2.7,-1.2000000000000002,0,1.7000000000000002,75.28
2015,2,4,6,30,3.8000000000000003,-1.4000000000000001,0,1.6,68.99
2015,2,4,7,30,6.800000000000001,-1.1,79,2.2,57.15
2015,2,4,8,30,10.3,-0.9,287,2.8000000000000003,45.75
2015,2,4,9,30,13.9,-0.5,482,3.3000000000000003,37.050000000000004
2015,2,4,10,30,17.3,-0.8,633,4.1000000000000005,29.2
2015,2,4,11,30,19.400000000000002,-1.5,726,4.6000000000000005,24.39
2015,2,4,12,30,20.400000000000002,-1.6,750,4.800000000000001,22.73
2015,2,4,13,30,20.8,-1.6,703,4.800000000000001,22.1
2015,2,4,14,30,20.700000000000003,-1.7000000000000002,590,4.4,22.080000000000002
2015,2,4,15,30,19.3,-1.8,422,3,23.92
2015,2,4,16,30,16,1.2000000000000002,215,1.6,36.71
2015,2,4,17,30,13.5,-0.1,25,1.4000000000000001,39.19
2015,2,4,18,30,12.600000000000001,-1.1,0,1.4000000000000001,38.58
2015,2,4,19,30,11.8,-1.6,0,1.5,39.33
2015,2,4,20,30,10.700000000000001,-1.8,0,1.9000000000000001,41.62
2015,2,4,21,30,9.200000000000001,-1.7000000000000002,0,2.7,46.410000000000004
2015,2,4,22,30,7.6000000000000005,-1.2000000000000002,0,4,53.89
2015,2,4,23,30,5.7,-0.30000000000000004,0,4.9,65.3
2015,2,5,0,30,4.1000000000000005,0.2,0,4.7,75.48
2015,2,5,1,30,3,0.1,0,4.3,81.02
2015,2,5,2,30,2.3000000000000003,-0.4,0,3.9000000000000004,82.10000000000001
2015,2,5,3,30,1.7000000000000002,-1.1,0,3.5,81.51
2015,2,5,4,30,1.1,-1.8,0,3.1,81.07000000000001
2015,2,5,5,30,0.6000000000000001,-2.3000000000000003,0,2.8000000000000003,80.84
2015,2,5,6,30,1.2000000000000002,-2.7,0,3.3000000000000003,74.97
2015,2,5,7,30,3.3000000000000003,-3,81,4.2,63.300000000000004
2015,2,5,8,30,6.300000000000001,-2.7,289,4.3,52.49
2015,2,5,9,30,9.5,-2,489,3.8000000000000003,44.57
2015,2,5,10,30,12.700000000000001,-1,642,3.1,38.68
2015,2,5,11,30,15.4,-0.30000000000000004,734,2.4000000000000004,34.28
2015,2,5,12,30,17.400000000000002,-0.1,758,1.7000000000000002,30.62
2015,2,5,13,30,18.8,-0.5,711,1.2000000000000002,27.12
2015,2,5,14,30,19.3,-1.3,597,1,24.91
2015,2,5,15,30,18.400000000000002,-1.6,428,0.7000000000000001,25.7
2015,2,5,16,30,16.2,1.1,224,0.6000000000000001,35.92
2015,2,5,17,30,14.200000000000001,-0.9,27,0.7000000000000001,35.4
2015,2,5,18,30,12.9,-1.5,0,0.8,36.92
2015,2,5,19,30,11.600000000000001,-1.6,0,1,39.86
2015,2,5,20,30,10.200000000000001,-1.8,0,1.3,43.08
2015,2,5,21,30,9,-2,0,1.4000000000000001,46.17
2015,2,5,22,30,8,-2.1,0,1.4000000000000001,49.050000000000004
2015,2,5,23,30,7.300000000000001,-2,0,1.3,51.5
2015,2,6,0,30,6.9,-1.9000000000000001,0,1.2000000000000002,53.44
2015,2,6,1,30,6.5,-1.7000000000000002,0,1,55.620000000000005
2015,2,6,2,30,6.1000000000000005,-1.5,0,0.9,58.02
2015,2,6,3,30,5.6000000000000005,-1.4000000000000001,0,0.9,60.89
2015,2,6,4,30,4.9,-1.2000000000000002,0,1,64.56
2015,2,6,5,30,4.3,-1.1,0,1.1,67.83
2015,2,6,6,30,4.800000000000001,-1,0,1.1,66.03
2015,2,6,7,30,7.300000000000001,-0.6000000000000001,87,1.5,57.28
2015,2,6,8,30,10.5,-0.1,301,1.8,47.76
2015,2,6,9,30,14,0.5,501,1.4000000000000001,39.75
2015,2,6,10,30,17.5,0.4,656,1.3,31.470000000000002
2015,2,6,11,30,20,-0.8,744,1.5,24.66
2015,2,6,12,30,21.400000000000002,-1.6,768,1.9000000000000001,21.45
2015,2,6,13,30,22.1,-1.9000000000000001,721,2.2,19.96
2015,2,6,14,30,22.1,-1.9000000000000001,607,2.3000000000000003,19.98
2015,2,6,15,30,20.700000000000003,-1.7000000000000002,436,1.7000000000000002,22.14
2015,2,6,16,30,18.1,2.7,228,1.1,35.74
2015,2,6,17,30,16.2,0,30,1,33.34
2015,2,6,18,30,15.600000000000001,-0.9,0,0.9,32.39
2015,2,6,19,30,15.100000000000001,-1.1,0,0.8,32.84
2015,2,6,20,30,14.4,-1.4000000000000001,0,0.8,33.71
2015,2,6,21,30,13.4,-1.6,0,1,35.51
2015,2,6,22,30,11.600000000000001,-1.7000000000000002,0,1.3,39.57
2015,2,6,23,30,9.600000000000001,-1.8,0,1.5,45
2015,2,7,0,30,7.9,-1.8,0,1.6,50.2
2015,2,7,1,30,6.800000000000001,-1.9000000000000001,0,1.6,53.77
2015,2,7,2,30,6.300000000000001,-2.1,0,1.6,55.06
2015,2,7,3,30,6,-2.2,0,1.5,55.53
2015,2,7,4,30,5.6000000000000005,-2.4000000000000004,0,1.5,56.51
2015,2,7,5,30,5.4,-2.5,0,1.5,56.84
2015,2,7,6,30,6.300000000000001,-2.6,0,1.4000000000000001,53.09
2015,2,7,7,30,9.4,-1.8,91,1.9000000000000001,45.59
2015,2,7,8,30,13.100000000000001,-1.6,305,2.6,36.19
2015,2,7,9,30,16.7,-1.3,506,3.4000000000000004,29.36
2015,2,7,10,30,20.400000000000002,-1.3,660,5,23.240000000000002
2015,2,7,11,30,22.700000000000003,-1.9000000000000001,754,6,19.28
2015,2,7,12,30,23.6,-2.5,778,6.2,17.47
2015,2,7,13,30,24,-3.2,731,6.2,16.18
2015,2,7,14,30,23.700000000000003,-3.8000000000000003,612,5.800000000000001,15.81
2015,2,7,15,30,22,-3.8000000000000003,441,4.3,17.490000000000002
2015,2,7,16,30,17.8,-1.5,232,2.8000000000000003,26.94
2015,2,7,17,30,14.200000000000001,-1.3,32,2.4000000000000004,34.4
2015,2,7,18,30,12.8,-1.8,0,2.5,36.21
2015,2,7,19,30,11.700000000000001,-1.9000000000000001,0,2.6,38.67
2015,2,7,20,30,10.700000000000001,-1.9000000000000001,0,2.8000000000000003,41.4
2015,2,7,21,30,9.700000000000001,-1.7000000000000002,0,2.9000000000000004,44.79
2015,2,7,22,30,8.6,-1.5,0,2.9000000000000004,49.13
2015,2,7,23,30,7.5,-1.2000000000000002,0,2.8000000000000003,53.95
2015,2,8,0,30,6.4,-1,0,2.6,58.96
2015,2,8,1,30,5.5,-1,0,2.3000000000000003,63
2015,2,8,2,30,4.7,-1.1,0,1.9000000000000001,65.99
2015,2,8,3,30,4.1000000000000005,-1.4000000000000001,0,1.7000000000000002,67.46000000000001
2015,2,8,4,30,3.8000000000000003,-1.7000000000000002,0,1.5,67.33
2015,2,8,5,30,3.7,-2,0,1.5,66.38
2015,2,8,6,30,5.1000000000000005,-2.3000000000000003,0,1.5,58.99
2015,2,8,7,30,8.4,-1.8,91,2.2,48.5
2015,2,8,8,30,12,-2.1,304,2.8000000000000003,37.29
2015,2,8,9,30,15.600000000000001,-2.1,500,3,29.560000000000002
2015,2,8,10,30,19.400000000000002,-2.7,653,3.4000000000000004,22.27
2015,2,8,11,30,22.1,-3,746,3.7,18.45
2015,2,8,12,30,23.400000000000002,-2.3000000000000003,767,3.7,17.96
2015,2,8,13,30,23.8,-1.8,720,3.6,18.19
2015,2,8,14,30,23.700000000000003,-1.5,607,3.6,18.68
2015,2,8,15,30,22.3,-1.4000000000000001,438,2.6,20.580000000000002
2015,2,8,16,30,19.3,2.4000000000000004,231,1.5,32.54
2015,2,8,17,30,17,0.8,33,1.2000000000000002,33.53
2015,2,8,18,30,16.5,-0.1,0,1.1,32.39
2015,2,8,19,30,16.3,-0.5,0,1.1,31.740000000000002
2015,2,8,20,30,15.8,-0.7000000000000001,0,1,32.3
2015,2,8,21,30,14.9,-0.9,0,1,33.76
2015,2,8,22,30,13.9,-1.1,0,1,35.63
2015,2,8,23,30,12.9,-1.2000000000000002,0,1,37.63
2015,2,9,0,30,11.9,-1.3,0,1,39.89
2015,2,9,1,30,11.100000000000001,-1.4000000000000001,0,1,41.84
2015,2,9,2,30,10.4,-1.5,0,1,43.58
2015,2,9,3,30,9.8,-1.5,0,1,45.19
2015,2,9,4,30,9.3,-1.6,0,1,46.53
2015,2,9,5,30,8.9,-1.6,0,1,47.59
2015,2,9,6,30,9.3,-1.7000000000000002,0,0.9,46.06
2015,2,9,7,30,11.4,-0.7000000000000001,93,1.3,43.09
2015,2,9,8,30,14.3,-0.6000000000000001,306,1.7000000000000002,35.83
2015,2,9,9,30,17.6,-0.2,504,1.6,29.900000000000002
2015,2,9,10,30,21.1,-0.1,658,1.6,24.29
2015,2,9,11,30,23.3,-0.30000000000000004,751,1.7000000000000002,20.96
2015,2,9,12,30,24,-0.6000000000000001,775,1.7000000000000002,19.68
2015,2,9,13,30,24.1,-0.9,732,1.8,19.07
2015,2,9,14,30,23.900000000000002,-1.3,618,1.8,18.75
2015,2,9,15,30,22.6,-1.5,447,1.4000000000000001,19.98
2015,2,9,16,30,20.400000000000002,2.2,238,0.9,29.990000000000002
2015,2,9,17,30,18.6,-0.1,36,0.8,28.400000000000002
2015,2,9,18,30,17.8,-1.2000000000000002,0,0.7000000000000001,27.53
2015,2,9,19,30,17.1,-1.5,0,0.7000000000000001,28.05
2015,2,9,20,30,16.2,-1.8,0,0.8,29.09
2015,2,9,21,30,15.100000000000001,-2.1,0,1,30.63
2015,2,9,22,30,13.700000000000001,-2.1,0,1.2000000000000002,33.53
2015,2,9,23,30,12.200000000000001,-2.1,0,1.3,37.06
2015,2,10,0,30,11,-2,0,1.3,40.21
2015,2,10,1,30,10.200000000000001,-2,0,1.3,42.480000000000004
2015,2,10,2,30,9.8,-2,0,1.2000000000000002,43.730000000000004
2015,2,10,3,30,9.600000000000001,-2,0,1,44.28
2015,2,10,4,30,9.5,-2,0,0.8,44.53
2015,2,10,5,30,9.3,-2,0,0.7000000000000001,45.13
2015,2,10,6,30,9.700000000000001,-2,0,0.6000000000000001,43.910000000000004
2015,2,10,7,30,11.4,-1.1,97,0.8,41.93
2015,2,10,8,30,14.100000000000001,-0.9,314,1.1,35.57
2015,2,10,9,30,17.400000000000002,-0.6000000000000001,515,1.5,29.45
2015,2,10,10,30,21,-0.9,670,2.5,23.02
2015,2,10,11,30,23.200000000000003,-2.2,763,3.4000000000000004,18.35
2015,2,10,12,30,23.900000000000002,-2.7,788,3.7,16.92
2015,2,10,13,30,24.1,-3.1,740,3.8000000000000003,16.22
2015,2,10,14,30,23.900000000000002,-3.6,626,3.6,15.82
2015,2,10,15,30,22.400000000000002,-3.9000000000000004,458,2.6,16.94
2015,2,10,16,30,19,0.8,246,1.6,29.61
2015,2,10,17,30,16.2,-0.6000000000000001,39,1.5,31.900000000000002
2015,2,10,18,30,14.9,-2,0,1.6,31.28
2015,2,10,19,30,13.700000000000001,-2.4000000000000004,0,1.7000000000000002,32.730000000000004
2015,2,10,20,30,12.200000000000001,-2.5,0,1.8,35.800000000000004
2015,2,10,21,30,10.700000000000001,-2.6,0,1.9000000000000001,39.300000000000004
2015,2,10,22,30,9.4,-2.6,0,2,42.82
2015,2,10,23,30,8.3,-2.7,0,2,45.88
2015,2,11,0,30,7.4,-2.8000000000000003,0,2.1,48.550000000000004
2015,2,11,1,30,6.6000000000000005,-2.8000000000000003,0,2,50.94
2015,2,11,2,30,5.800000000000001,-3,0,1.9000000000000001,53.17
2015,2,11,3,30,5.2,-3.2,0,1.8,54.58
2015,2,11,4,30,4.6000000000000005,-3.4000000000000004,0,1.8,56.25
2015,2,11,5,30,4.1000000000000005,-3.5,0,1.8,57.77
2015,2,11,6,30,5.4,-3.6,0,2.1,52.43
2015,2,11,7,30,8.700000000000001,-2.9000000000000004,101,3.2,44
2015,2,11,8,30,12.100000000000001,-2.4000000000000004,316,4.4,36.38
2015,2,11,9,30,14.8,-1.4000000000000001,513,4.7,32.84
2015,2,11,10,30,16.7,-0.9,663,4.4,30.060000000000002
2015,2,11,11,30,17.8,-0.8,597,4.2,28.36
2015,2,11,12,30,18.1,-0.7000000000000001,664,4.3,27.94
2015,2,11,13,30,17.6,-0.7000000000000001,502,4.800000000000001,28.98
2015,2,11,14,30,16.6,-0.30000000000000004,388,5.6000000000000005,31.61
2015,2,11,15,30,15,0.1,192,6.5,36.25
2015,2,11,16,30,12.700000000000001,0.9,114,7.4,44.62
2015,2,11,17,30,10.3,1.9000000000000001,23,7.9,55.800000000000004
2015,2,11,18,30,8.1,2.3000000000000003,0,8.3,66.95
2015,2,11,19,30,6.6000000000000005,2.1,0,8.200000000000001,73.04
2015,2,11,20,30,5.7,1.5,0,7.4,74.27
2015,2,11,21,30,5.300000000000001,0.9,0,6.5,73.35000000000001
2015,2,11,22,30,4.800000000000001,0.6000000000000001,0,5.6000000000000005,74.01
2015,2,11,23,30,4.4,0.30000000000000004,0,4.9,74.95
2015,2,12,0,30,4,0.2,0,4.3,76.33
2015,2,12,1,30,3.6,0.1,0,3.9000000000000004,78.09
2015,2,12,2,30,3.1,0.1,0,3.6,80.5
2015,2,12,3,30,2.8000000000000003,0,0,3.5,81.57000000000001
2015,2,12,4,30,2.4000000000000004,-0.2,0,3.3000000000000003,82.73
2015,2,12,5,30,2,-0.5,0,3.2,83.41
2015,2,12,6,30,2.6,-0.9,0,3.8000000000000003,77.94
2015,2,12,7,30,4.4,-1.4000000000000001,93,5.300000000000001,66.01
2015,2,12,8,30,6.300000000000001,-2.9000000000000004,303,6.300000000000001,51.95
2015,2,12,9,30,8.200000000000001,-3.3000000000000003,500,6.1000000000000005,44.04
2015,2,12,10,30,10.100000000000001,-3,654,5.5,39.57
2015,2,12,11,30,11.700000000000001,-2.6,747,5,36.69
2015,2,12,12,30,12.8,-2.2,772,4.5,35.12
2015,2,12,13,30,13.4,-2,627,4.2,34.49
2015,2,12,14,30,13.4,-1.7000000000000002,252,4,35.04
2015,2,12,15,30,12.8,-1.6,207,3.7,36.85
2015,2,12,16,30,10.600000000000001,-1.4000000000000001,93,2.5,43.37
2015,2,12,17,30,7.9,-0.7000000000000001,40,1.6,54.51
2015,2,12,18,30,6.6000000000000005,-1,0,1.7000000000000002,58.42
2015,2,12,19,30,5.800000000000001,-1.2000000000000002,0,2,60.95
2015,2,12,20,30,5.1000000000000005,-1.2000000000000002,0,2.3000000000000003,63.800000000000004
2015,2,12,21,30,4.4,-1,0,2.3000000000000003,68.02
2015,2,12,22,30,3.7,-0.6000000000000001,0,2,73.68
2015,2,12,23,30,3,0,0,1.7000000000000002,80.63
2015,2,13,0,30,2.4000000000000004,0.5,0,1.5,87.53
2015,2,13,1,30,2,1,0,1.2000000000000002,93.10000000000001
2015,2,13,2,30,1.9000000000000001,1.3,0,1.1,95.97
2015,2,13,3,30,1.8,1.6,0,1.1,98.46000000000001
2015,2,13,4,30,1.7000000000000002,1.7000000000000002,0,1.1,100
2015,2,13,5,30,1.6,1.6,0,1.2000000000000002,100
2015,2,13,6,30,2.7,2.1,0,1.5,96.16
2015,2,13,7,30,5.4,2.3000000000000003,98,1.9000000000000001,80.7
2015,2,13,8,30,8.4,2.7,309,1.7000000000000002,67.26
2015,2,13,9,30,10.9,3,509,1.2000000000000002,58.160000000000004
2015,2,13,10,30,12.9,3.2,663,0.8,51.88
2015,2,13,11,30,14.700000000000001,3.3000000000000003,755,0.8,46.35
2015,2,13,12,30,15.9,3.3000000000000003,780,1.1,42.81
2015,2,13,13,30,16.7,3.1,733,1.5,40.21
2015,2,13,14,30,17,2.7,623,1.8,38.410000000000004
2015,2,13,15,30,16.7,2.2,453,1.8,37.72
2015,2,13,16,30,14.8,2.2,246,1.3,42.71
2015,2,13,17,30,12.600000000000001,2.1,44,0.9,48.88
2015,2,13,18,30,11.600000000000001,1.1,0,1,48.54
2015,2,13,19,30,10.700000000000001,0.7000000000000001,0,1.2000000000000002,50.120000000000005
2015,2,13,20,30,9.5,0.5,0,1.4000000000000001,53.38
2015,2,13,21,30,8.4,0.5,0,1.5,57.51
2015,2,13,22,30,7.5,0.7000000000000001,0,1.5,62.24
2015,2,13,23,30,6.7,1.1,0,1.6,67.44
2015,2,14,0,30,6.1000000000000005,1.5,0,1.6,72.52
2015,2,14,1,30,5.5,2,0,1.6,77.92
2015,2,14,2,30,5,2.4000000000000004,0,1.6,83.44
2015,2,14,3,30,4.5,2.9000000000000004,0,1.6,89.53
2015,2,14,4,30,4.1000000000000005,3.4000000000000004,0,1.6,95.10000000000001
2015,2,14,5,30,3.8000000000000003,3.8000000000000003,0,1.7000000000000002,100
2015,2,14,6,30,5.300000000000001,4.2,0,2.3000000000000003,92.42
2015,2,14,7,30,8.4,4.5,57,3,76.71000000000001
2015,2,14,8,30,12.200000000000001,5,237,2.9000000000000004,61.42
2015,2,14,9,30,15.700000000000001,6,402,2.7,52.46
2015,2,14,10,30,17.8,6.300000000000001,554,2.6,46.82
2015,2,14,11,30,19.1,6.300000000000001,517,2.4000000000000004,43.160000000000004
2015,2,14,12,30,19.8,6.1000000000000005,638,2.2,40.89
2015,2,14,13,30,20,5.9,701,2.1,39.7
2015,2,14,14,30,19.5,5.6000000000000005,440,2,40.26
2015,2,14,15,30,18.3,5.7,186,1.4000000000000001,43.52
2015,2,14,16,30,16.400000000000002,6.9,178,1,53.34
2015,2,14,17,30,14.9,6.5,26,1.1,57.33
2015,2,14,18,30,13.8,6.5,0,1.2000000000000002,61.34
2015,2,14,19,30,12.9,6.800000000000001,0,1.5,66.35
2015,2,14,20,30,12.200000000000001,7.2,0,2,71.62
2015,2,14,21,30,11.4,7.800000000000001,0,2.2,78.35000000000001
2015,2,14,22,30,10.600000000000001,8.4,0,2.1,86.04
2015,2,14,23,30,9.9,8.9,0,1.7000000000000002,93.24
2015,2,15,0,30,9.200000000000001,9.200000000000001,0,1.5,99.76
2015,2,15,1,30,8.8,8.8,0,1.3,100
2015,2,15,2,30,8.700000000000001,8.700000000000001,0,1.1,100
2015,2,15,3,30,8.700000000000001,8.700000000000001,0,1,100
2015,2,15,4,30,8.6,8.6,0,0.9,100
2015,2,15,5,30,8.3,8.3,0,1,100
2015,2,15,6,30,9.1,9.1,0,1.6,100
2015,2,15,7,30,11.600000000000001,9.4,100,2.7,86.10000000000001
2015,2,15,8,30,14.8,9.5,307,4,70.68
2015,2,15,9,30,17.900000000000002,9.600000000000001,503,5.1000000000000005,58.13
2015,2,15,10,30,19.900000000000002,9.1,654,5.6000000000000005,49.730000000000004
2015,2,15,11,30,21.200000000000003,8.4,747,5.800000000000001,43.79
2015,2,15,12,30,22,7.7,772,5.9,39.7
2015,2,15,13,30,22.200000000000003,7.1000000000000005,725,5.9,37.61
2015,2,15,14,30,21.900000000000002,6.5,496,5.9,36.94
2015,2,15,15,30,20.900000000000002,6.1000000000000005,370,5.7,38.12
2015,2,15,16,30,19.1,6,243,4.800000000000001,42.19
2015,2,15,17,30,17.2,6.1000000000000005,25,4.3,47.95
2015,2,15,18,30,16,6.2,0,4.4,52.06
2015,2,15,19,30,15.100000000000001,6.6000000000000005,0,4.9,56.65
2015,2,15,20,30,14.3,7.4,0,5.2,63.29
2015,2,15,21,30,13.9,8.4,0,5.300000000000001,69.51
2015,2,15,22,30,13.600000000000001,8.8,0,5.300000000000001,72.84
2015,2,15,23,30,13.3,8.8,0,5,74.18
2015,2,16,0,30,12.8,8.700000000000001,0,4.4,75.93
2015,2,16,1,30,12,8.5,0,3.7,79.28
2015,2,16,2,30,11.3,8.4,0,3.4000000000000004,82.36
2015,2,16,3,30,10.4,8.1,0,3.1,85.86
2015,2,16,4,30,9.5,7.7,0,2.4000000000000004,88.60000000000001
2015,2,16,5,30,8.6,7.1000000000000005,0,1.9000000000000001,90.07000000000001
2015,2,16,6,30,8.700000000000001,6.1000000000000005,0,2.2,83.94
2015,2,16,7,30,9.9,4.800000000000001,65,3.4000000000000004,70.4
2015,2,16,8,30,11.4,2.1,178,4.3,52.64
2015,2,16,9,30,13,-0.8,382,4.1000000000000005,38.660000000000004
2015,2,16,10,30,14.5,-2.4000000000000004,623,3,31.07
2015,2,16,11,30,15.8,-3.2,781,1.9000000000000001,26.88
2015,2,16,12,30,17,-3.7,806,1.6,24
2015,2,16,13,30,18,-4.3,759,2.1,21.64
2015,2,16,14,30,18.6,-4.3,645,3,20.73
2015,2,16,15,30,18.5,-3.9000000000000004,470,3.5,21.62
2015,2,16,16,30,16.400000000000002,-2.3000000000000003,258,2.9000000000000004,27.72
2015,2,16,17,30,14,0.1,50,2.6,38.63
2015,2,16,18,30,13.4,0.6000000000000001,0,3.7,41.72
2015,2,16,19,30,13.3,1.7000000000000002,0,5,45.18
2015,2,16,20,30,12.8,2.5,0,5.6000000000000005,49.56
2015,2,16,21,30,11.8,3,0,5.1000000000000005,54.92
2015,2,16,22,30,10.5,3.3000000000000003,0,4.1000000000000005,61.24
2015,2,16,23,30,9.200000000000001,3.4000000000000004,0,3.3000000000000003,67.2
2015,2,17,0,30,8.200000000000001,3.2,0,2.9000000000000004,70.79
2015,2,17,1,30,7.300000000000001,2.3000000000000003,0,2.9000000000000004,70.45
2015,2,17,2,30,6.1000000000000005,0.7000000000000001,0,2.9000000000000004,68.14
2015,2,17,3,30,4.6000000000000005,-1.2000000000000002,0,2.7,66.12
2015,2,17,4,30,3.1,-2.6,0,2.5,66.04
2015,2,17,5,30,1.9000000000000001,-3.4000000000000004,0,2.4000000000000004,67.79
2015,2,17,6,30,2,-3.8000000000000003,0,3,65.49
2015,2,17,7,30,3.7,-4.2,119,3.5,56.51
2015,2,17,8,30,6,-4.7,341,3.2,46.22
2015,2,17,9,30,8.4,-5.1000000000000005,549,2.9000000000000004,37.980000000000004
2015,2,17,10,30,10.5,-6.1000000000000005,707,3.1,30.59
2015,2,17,11,30,12.200000000000001,-7.300000000000001,802,3.6,25.03
2015,2,17,12,30,13.3,-8.200000000000001,827,4.1000000000000005,21.650000000000002
2015,2,17,13,30,13.9,-9.1,785,4.2,19.34
2015,2,17,14,30,14.200000000000001,-10.200000000000001,668,3.7,17.48
2015,2,17,15,30,13.8,-11.100000000000001,492,2.5,16.73
2015,2,17,16,30,11.700000000000001,-10.100000000000001,276,1.2000000000000002,20.69
2015,2,17,17,30,8.9,-6.800000000000001,58,0.9,32.21
2015,2,17,18,30,7.300000000000001,-7.9,0,1.2000000000000002,32.97
2015,2,17,19,30,6.4,-8.200000000000001,0,1.4000000000000001,34.39
2015,2,17,20,30,5.7,-8.4,0,1.5,35.62
2015,2,17,21,30,5,-8.5,0,1.5,37
2015,2,17,22,30,4.5,-8.6,0,1.5,38.01
2015,2,17,23,30,4,-8.700000000000001,0,1.5,39.1
2015,2,18,0,30,3.7,-8.700000000000001,0,1.4000000000000001,39.800000000000004
2015,2,18,1,30,3.6,-8.8,0,1.3,40
2015,2,18,2,30,3.5,-8.6,0,1,40.730000000000004
2015,2,18,3,30,3.2,-8.200000000000001,0,0.9,42.980000000000004
2015,2,18,4,30,2.9000000000000004,-7.800000000000001,0,0.8,45.25
2015,2,18,5,30,2.4000000000000004,-7.800000000000001,0,0.8,46.99
2015,2,18,6,30,3.3000000000000003,-7.9,0,1.2000000000000002,43.7
2015,2,18,7,30,5.9,-7,127,1.8,39
2015,2,18,8,30,9.3,-7.9,351,2.2,28.85
2015,2,18,9,30,13,-8.6,556,2.6,21.44
2015,2,18,10,30,15.9,-10.200000000000001,713,3,15.6
2015,2,18,11,30,17.6,-10.9,809,3.3000000000000003,13.3
2015,2,18,12,30,18.7,-10.9,833,3.4000000000000004,12.43
2015,2,18,13,30,19.3,-10.5,785,3.2,12.33
2015,2,18,14,30,19.5,-10.100000000000001,668,2.6,12.620000000000001
2015,2,18,15,30,18.900000000000002,-9.700000000000001,493,1.6,13.51
2015,2,18,16,30,16.7,-5.2,255,0.9,21.94
2015,2,18,17,30,14.200000000000001,-5.5,35,0.8,25.080000000000002
2015,2,18,18,30,12.9,-7,0,1,24.330000000000002
2015,2,18,19,30,12.200000000000001,-7.300000000000001,0,1.1,24.88
2015,2,18,20,30,12,-7.800000000000001,0,1.1,24.25
2015,2,18,21,30,11.5,-8.3,0,1.2000000000000002,24.150000000000002
2015,2,18,22,30,10.200000000000001,-8.3,0,1.4000000000000001,26.47
2015,2,18,23,30,8.700000000000001,-7.6000000000000005,0,1.6,30.900000000000002
2015,2,19,0,30,7.7,-6.5,0,1.8,35.730000000000004
2015,2,19,1,30,6.800000000000001,-6,0,1.9000000000000001,39.730000000000004
2015,2,19,2,30,5.7,-6,0,1.8,42.89
2015,2,19,3,30,4.9,-6,0,1.8,45.02
2015,2,19,4,30,4.5,-6.1000000000000005,0,1.7000000000000002,46.13
2015,2,19,5,30,4.4,-6,0,1.6,46.72
2015,2,19,6,30,5.9,-5.9,0,1.4000000000000001,42.63
2015,2,19,7,30,9,-4.2,83,1.8,38.99
2015,2,19,8,30,12.200000000000001,-4.800000000000001,351,2,30.12
2015,2,19,9,30,15.700000000000001,-4.3,551,2.4000000000000004,25.04
2015,2,19,10,30,19.200000000000003,-4.4,707,3.5,19.85
2015,2,19,11,30,21.400000000000002,-4.3,800,4.3,17.46
2015,2,19,12,30,22.400000000000002,-4.1000000000000005,824,4.800000000000001,16.740000000000002
2015,2,19,13,30,22.8,-4,776,4.800000000000001,16.45
2015,2,19,14,30,22.8,-4,661,4.5,16.38
2015,2,19,15,30,21.900000000000002,-4.1000000000000005,487,3.3000000000000003,17.19
2015,2,19,16,30,19,-0.7000000000000001,274,1.9000000000000001,26.47
2015,2,19,17,30,16.2,-0.8,60,1.5,31.38
2015,2,19,18,30,14.700000000000001,-2.3000000000000003,0,1.7000000000000002,30.93
2015,2,19,19,30,13.200000000000001,-2.3000000000000003,0,1.9000000000000001,34.03
2015,2,19,20,30,11.8,-2.2,0,2.1,37.64
2015,2,19,21,30,10.700000000000001,-2,0,2.3000000000000003,40.980000000000004
2015,2,19,22,30,9.8,-1.7000000000000002,0,2.4000000000000004,44.49
2015,2,19,23,30,8.9,-1.4000000000000001,0,2.4000000000000004,48.620000000000005
2015,2,20,0,30,8.1,-1,0,2.3000000000000003,52.63
2015,2,20,1,30,7.4,-0.8,0,2.2,55.94
2015,2,20,2,30,7,-0.9,0,2.1,57.09
2015,2,20,3,30,6.7,-1.1,0,2.1,57.370000000000005
2015,2,20,4,30,6.300000000000001,-1.4000000000000001,0,2.1,57.85
2015,2,20,5,30,6,-1.7000000000000002,0,2.1,57.75
2015,2,20,6,30,7.6000000000000005,-2,0,2.6,50.58
2015,2,20,7,30,11.200000000000001,-1.8,60,3.6,40.4
2015,2,20,8,30,14.8,-1.9000000000000001,347,4.6000000000000005,31.560000000000002
2015,2,20,9,30,18.3,-2.6,353,6,23.98
2015,2,20,10,30,20.6,-4.800000000000001,422,7.1000000000000005,17.650000000000002
2015,2,20,11,30,21.700000000000003,-5.1000000000000005,426,7.6000000000000005,16.13
2015,2,20,12,30,22.1,-5.2,304,7.9,15.700000000000001
2015,2,20,13,30,21.900000000000002,-5.2,418,7.9,15.8
2015,2,20,14,30,21.6,-5.300000000000001,209,7.7,16.07
2015,2,20,15,30,20.900000000000002,-5.300000000000001,190,7.1000000000000005,16.740000000000002
2015,2,20,16,30,18.7,-4.9,38,5.5,19.7
2015,2,20,17,30,15.9,-3.9000000000000004,30,4.2,25.48
2015,2,20,18,30,14.3,-3.2,0,3.7,29.580000000000002
2015,2,20,19,30,13.4,-2.9000000000000004,0,3.6,32.13
2015,2,20,20,30,12.600000000000001,-2.7,0,3.5,34.53
2015,2,20,21,30,11.9,-2.3000000000000003,0,3.5,37.07
2015,2,20,22,30,11.200000000000001,-1.9000000000000001,0,3.3000000000000003,40.13
2015,2,20,23,30,10.600000000000001,-1.5,0,3.3000000000000003,42.980000000000004
2015,2,21,0,30,10.4,-1.1,0,3.4000000000000004,44.77
2015,2,21,1,30,10.3,-0.7000000000000001,0,3.2,46.45
2015,2,21,2,30,10.100000000000001,-0.30000000000000004,0,2.8000000000000003,48.370000000000005
2015,2,21,3,30,9.700000000000001,-0.1,0,2.5,50.65
2015,2,21,4,30,9.3,0.1,0,2.2,52.78
2015,2,21,5,30,8.8,0.30000000000000004,0,2,55.25
2015,2,21,6,30,9.8,0.4,0,2.3000000000000003,51.96
2015,2,21,7,30,12.8,0.9,79,3.2,44.32
2015,2,21,8,30,16.2,0.7000000000000001,355,4.3,34.99
2015,2,21,9,30,18.900000000000002,-1.3,557,5.1000000000000005,25.5
2015,2,21,10,30,20.400000000000002,-2.7,713,5.6000000000000005,20.97
2015,2,21,11,30,21.400000000000002,-2.5,687,6,19.94
2015,2,21,12,30,21.6,-2.2,706,6.2,20.2
2015,2,21,13,30,21.3,-2.1,521,6.300000000000001,20.740000000000002
2015,2,21,14,30,20.900000000000002,-1.8,495,6.2,21.66
2015,2,21,15,30,20.400000000000002,-1.5,338,5.800000000000001,22.97
2015,2,21,16,30,18.400000000000002,-0.9,218,4.4,27
2015,2,21,17,30,16,-0.2,43,3.4000000000000004,33.29
2015,2,21,18,30,15,-0.1,0,3.2,35.58
2015,2,21,19,30,14.600000000000001,0,0,3,36.88
2015,2,21,20,30,14.100000000000001,0.5,0,2.9000000000000004,39.32
2015,2,21,21,30,13.8,1.1,0,3.2,41.89
2015,2,21,22,30,13.4,1.8,0,3.4000000000000004,45.4
2015,2,21,23,30,12.9,2.7,0,3.2,49.800000000000004
2015,2,22,0,30,12.3,3.3000000000000003,0,2.8000000000000003,54.33
2015,2,22,1,30,11.9,3.8000000000000003,0,2.8000000000000003,57.6
2015,2,22,2,30,11.700000000000001,4.1000000000000005,0,2.7,59.77
2015,2,22,3,30,11.4,4.3,0,2.3000000000000003,61.85
2015,2,22,4,30,11,4.4,0,2,63.82
2015,2,22,5,30,10.600000000000001,4.4,0,1.6,65.5
2015,2,22,6,30,11.600000000000001,4.4,0,1.4000000000000001,61.1
2015,2,22,7,30,13.9,4.800000000000001,31,2.1,54.1
2015,2,22,8,30,15.9,4.2,23,3.1,45.71
2015,2,22,9,30,17.3,3.5,270,3.4000000000000004,39.69
2015,2,22,10,30,18.7,3.1,246,3.4000000000000004,35.45
2015,2,22,11,30,20.1,3,337,3.6,32.15
2015,2,22,12,30,21.200000000000003,3,623,3.8000000000000003,30.18
2015,2,22,13,30,21.6,3.1,568,4.2,29.72
2015,2,22,14,30,21.1,3.4000000000000004,97,4.5,31.3
2015,2,22,15,30,19.900000000000002,3.8000000000000003,478,4.6000000000000005,34.62
2015,2,22,16,30,17.400000000000002,4.4,196,4.6000000000000005,42.03
2015,2,22,17,30,14.3,5.4,61,5.2,55.1
2015,2,22,18,30,11.9,6.1000000000000005,0,6.300000000000001,67.44
2015,2,22,19,30,10.100000000000001,6.4,0,6.9,77.92
2015,2,22,20,30,8.6,6.300000000000001,0,7,85.32000000000001
2015,2,22,21,30,7.300000000000001,5.7,0,7.2,89.34
2015,2,22,22,30,6,4.7,0,7.5,91.28
2015,2,22,23,30,4.800000000000001,3.4000000000000004,0,7.800000000000001,90.74
2015,2,23,0,30,3.8000000000000003,2.2,0,7.800000000000001,89.3
2015,2,23,1,30,3.1,1.1,0,7.6000000000000005,86.96000000000001
2015,2,23,2,30,2.4000000000000004,0.4,0,7.4,86.34
2015,2,23,3,30,1.9000000000000001,-0.4,0,7.2,84.84
2015,2,23,4,30,1.3,-1.1,0,7.1000000000000005,84.09
2015,2,23,5,30,0.9,-1.7000000000000002,0,7,82.66
2015,2,23,6,30,0.7000000000000001,-2.2,0,7.1000000000000005,80.82000000000001
2015,2,23,7,30,0.9,-2.7,55,7.1000000000000005,76.60000000000001
2015,2,23,8,30,1.6,-3.1,189,7.1000000000000005,70.72
2015,2,23,9,30,2.9000000000000004,-3.3000000000000003,371,6.800000000000001,63.53
2015,2,23,10,30,4.6000000000000005,-3,453,6.300000000000001,58.02
2015,2,23,11,30,6.4,-2.2,567,5.7,54.02
2015,2,23,12,30,8.200000000000001,-1.4000000000000001,635,5.2,50.88
2015,2,23,13,30,9.600000000000001,-0.7000000000000001,614,4.800000000000001,48.5
2015,2,23,14,30,10.100000000000001,-0.4,423,4.6000000000000005,48.03
2015,2,23,15,30,9.5,-0.30000000000000004,341,4.6000000000000005,50.27
2015,2,23,16,30,7.4,-0.7000000000000001,163,4.7,56.620000000000005
2015,2,23,17,30,4.6000000000000005,-1.3,66,4.9,65.48
2015,2,23,18,30,2.4000000000000004,-2.5,0,5,70.3
2015,2,23,19,30,1.2000000000000002,-3.3000000000000003,0,4.800000000000001,71.73
2015,2,23,20,30,0.9,-3.7,0,4.4,71.15
2015,2,23,21,30,1,-3.9000000000000004,0,4.1000000000000005,69.95
2015,2,23,22,30,1.2000000000000002,-3.9000000000000004,0,3.8000000000000003,68.73
2015,2,23,23,30,1.4000000000000001,-3.9000000000000004,0,3.5,67.75
2015,2,24,0,30,1.5,-3.9000000000000004,0,3.2,67.17
2015,2,24,1,30,1.4000000000000001,-4,0,3.1,67.47
2015,2,24,2,30,1.1,-4,0,3.2,68.85000000000001
2015,2,24,3,30,0.8,-3.9000000000000004,0,3.2,70.63
2015,2,24,4,30,0.5,-3.8000000000000003,0,3.2,72.73
2015,2,24,5,30,0.30000000000000004,-3.7,0,3.3000000000000003,74.61
2015,2,24,6,30,0.6000000000000001,-3.5,0,3.5,73.87
2015,2,24,7,30,1.7000000000000002,-3.2,139,3.6,69.83
2015,2,24,8,30,3.6,-2.4000000000000004,361,3.3000000000000003,64.67
2015,2,24,9,30,5.800000000000001,-1.7000000000000002,562,2.8000000000000003,58.61
2015,2,24,10,30,8.1,-1.1,565,2.3000000000000003,52.42
2015,2,24,11,30,10.600000000000001,-0.5,813,2.5,46.22
2015,2,24,12,30,13.200000000000001,0.2,837,3.2,40.800000000000004
2015,2,24,13,30,15.100000000000001,0.7000000000000001,785,4,37.43
2015,2,24,14,30,16.1,0.4,353,4.7,34.35
2015,2,24,15,30,15.9,-0.1,497,5.300000000000001,33.55
2015,2,24,16,30,14.200000000000001,-0.5,185,5.4,36.37
2015,2,24,17,30,11.9,-0.6000000000000001,19,5.300000000000001,41.97
2015,2,24,18,30,10,-1.1,0,5.4,45.9
2015,2,24,19,30,8.1,-1.7000000000000002,0,5.1000000000000005,50.120000000000005
2015,2,24,20,30,6.5,-2.1,0,5.2,54.02
2015,2,24,21,30,5.4,-2.2,0,5.5,57.85
2015,2,24,22,30,4.6000000000000005,-1.7000000000000002,0,5.5,63.88
2015,2,24,23,30,3.8000000000000003,-1.1,0,5.1000000000000005,70.53
2015,2,25,0,30,2.9000000000000004,-0.9,0,4.6000000000000005,75.9
2015,2,25,1,30,2,-1.2000000000000002,0,4.1000000000000005,79.48
2015,2,25,2,30,1.2000000000000002,-1.5,0,3.5,82.22
2015,2,25,3,30,0.6000000000000001,-1.7000000000000002,0,3.1,84.5
2015,2,25,4,30,0,-1.8,0,2.7,87.55
2015,2,25,5,30,-0.4,-1.8,0,2.4000000000000004,90.07000000000001
2015,2,25,6,30,0.9,-1.7000000000000002,0,3,82.53
2015,2,25,7,30,4.1000000000000005,-1.4000000000000001,150,4,67.39
2015,2,25,8,30,7.6000000000000005,-2.2,377,4.4,49.95
2015,2,25,9,30,10.4,-3.8000000000000003,588,4.6000000000000005,36.78
2015,2,25,10,30,12.700000000000001,-5,747,4.6000000000000005,28.810000000000002
2015,2,25,11,30,14.5,-5.9,843,4.5,23.91
2015,2,25,12,30,15.9,-6.5,867,4.4,20.87
2015,2,25,13,30,16.8,-6.800000000000001,812,4.4,19.23
2015,2,25,14,30,17.1,-7,693,4.4,18.69
2015,2,25,15,30,16.7,-6.9,516,3.8000000000000003,19.31
2015,2,25,16,30,14.200000000000001,-6,297,2.4000000000000004,24.26
2015,2,25,17,30,10.8,-3.3000000000000003,75,1.7000000000000002,37.02
2015,2,25,18,30,9.1,-4.3,0,2.1,38.65
2015,2,25,19,30,8.1,-4.4,0,2.5,40.89
2015,2,25,20,30,7.300000000000001,-4.3,0,2.8000000000000003,43.52
2015,2,25,21,30,6.5,-4.1000000000000005,0,3,46.86
2015,2,25,22,30,5.7,-3.8000000000000003,0,3.2,50.4
2015,2,25,23,30,4.7,-3.8000000000000003,0,2.9000000000000004,53.93
2015,2,26,0,30,3.5,-4.1000000000000005,0,2.3000000000000003,57.33
2015,2,26,1,30,2.6,-4.6000000000000005,0,1.8,59.01
2015,2,26,2,30,2,-5.1000000000000005,0,1.6,59.4
2015,2,26,3,30,1.5,-5.4,0,1.5,60.120000000000005
2015,2,26,4,30,1.3,-5.5,0,1.6,60.49
2015,2,26,5,30,1.6,-5.300000000000001,0,2,60.17
2015,2,26,6,30,3.1,-4.7,0,3.4000000000000004,56.51
2015,2,26,7,30,5.7,-3.4000000000000004,119,5.4,51.81
2015,2,26,8,30,8.1,-1,379,6.300000000000001,52.83
2015,2,26,9,30,10.200000000000001,-0.4,584,6,47.62
2015,2,26,10,30,11.9,-1,738,5.4,40.82
2015,2,26,11,30,13.200000000000001,-1.9000000000000001,829,4.9,35.17
2015,2,26,12,30,14.100000000000001,-2.8000000000000003,853,4.4,31.04
2015,2,26,13,30,14.5,-3.6,803,4.2,28.42
2015,2,26,14,30,14.3,-4.2,685,4.4,27.62
2015,2,26,15,30,13.200000000000001,-4.4,395,4.9,29.04
2015,2,26,16,30,11,-4.3,233,5.800000000000001,34
2015,2,26,17,30,8.3,-3.6,73,6.9,42.77
2015,2,26,18,30,6,-3.2,0,7.7,51.81
2015,2,26,19,30,4.1000000000000005,-3,0,8.1,59.93
2015,2,26,20,30,2.7,-3.1,0,7.9,65.74
2015,2,26,21,30,1.7000000000000002,-3.4000000000000004,0,7.4,69.05
2015,2,26,22,30,0.9,-3.8000000000000003,0,6.9,70.8
2015,2,26,23,30,0.2,-4.3,0,6.5,71.55
2015,2,27,0,30,-0.6000000000000001,-4.9,0,6.2,72.61
2015,2,27,1,30,-1.3,-5.5,0,5.9,73.27
2015,2,27,2,30,-1.9000000000000001,-6,0,5.7,73.79
2015,2,27,3,30,-2.4000000000000004,-6.300000000000001,0,5.300000000000001,74.85000000000001
2015,2,27,4,30,-2.7,-6.4,0,5,75.66
2015,2,27,5,30,-2.9000000000000004,-6.4,0,4.9,76.68
2015,2,27,6,30,-2.2,-6.4,0,5.300000000000001,72.99
2015,2,27,7,30,-0.4,-6.1000000000000005,146,5.7,65.24
2015,2,27,8,30,1.8,-5.5,369,5.7,58.42
2015,2,27,9,30,4,-5,572,5.300000000000001,52.08
2015,2,27,10,30,6.1000000000000005,-4.5,730,4.9,46.61
2015,2,27,11,30,8.1,-4.1000000000000005,825,4.2,41.88
2015,2,27,12,30,9.8,-3.9000000000000004,848,3.3000000000000003,37.99
2015,2,27,13,30,11.100000000000001,-3.8000000000000003,799,2.7,35.09
2015,2,27,14,30,11.9,-3.7,678,2.3000000000000003,33.36
2015,2,27,15,30,11.9,-3.7,503,2.6,33.45
2015,2,27,16,30,10.100000000000001,-3.4000000000000004,289,3.2,38.57
2015,2,27,17,30,7.300000000000001,-2.9000000000000004,74,4,48.5
2015,2,27,18,30,5.2,-2.9000000000000004,0,4.800000000000001,55.75
2015,2,27,19,30,3.9000000000000004,-2.7,0,5.1000000000000005,62.25
2015,2,27,20,30,3,-2.5,0,5.1000000000000005,67.28
2015,2,27,21,30,2.2,-2.4000000000000004,0,5,71.60000000000001
2015,2,27,22,30,1.5,-2.3000000000000003,0,4.800000000000001,75.84
2015,2,27,23,30,0.8,-2.1,0,4.6000000000000005,80.74
2015,2,28,0,30,0.1,-2,0,4.5,85.92
2015,2,28,1,30,-0.4,-1.9000000000000001,0,4.6000000000000005,89.37
2015,2,28,2,30,-0.8,-2,0,4.7,91.35000000000001
2015,2,28,3,30,-1.1,-2.2,0,4.800000000000001,92.19
2015,2,28,4,30,-1.5,-2.5,0,4.800000000000001,92.99
2015,2,28,5,30,-1.7000000000000002,-2.8000000000000003,0,4.7,92.36
2015,2,28,6,30,-0.9,-2.9000000000000004,0,4.7,86.22
2015,2,28,7,30,1.4000000000000001,-2.6,151,4.9,74.59
2015,2,28,8,30,4.4,-1.8,372,4.7,63.97
2015,2,28,9,30,7.6000000000000005,-0.9,574,3.9000000000000004,54.980000000000004
2015,2,28,10,30,11,0.4,730,3.3000000000000003,48.08
2015,2,28,11,30,14.200000000000001,1.7000000000000002,824,3.2,42.65
2015,2,28,12,30,16.8,2.5,845,3.6,38.410000000000004
2015,2,28,13,30,18.7,2.9000000000000004,796,4.3,34.94
2015,2,28,14,30,19.8,2.7,681,5.2,32.28
2015,2,28,15,30,19.900000000000002,2.3000000000000003,508,5.4,31.150000000000002
2015,2,28,16,30,17.5,2.3000000000000003,295,4,36.15
2015,2,28,17,30,13.9,2.8000000000000003,79,2.5,47.27
2015,2,28,18,30,11.9,2.7,0,2.1,53.35
2015,2,28,19,30,10.9,2.8000000000000003,0,2,57.46
2015,2,28,20,30,10,3,0,2,61.83
2015,2,28,21,30,9.1,3.3000000000000003,0,2,66.84
2015,2,28,22,30,8.3,3.5,0,1.9000000000000001,71.59
2015,2,28,23,30,7.5,3.6,0,1.8,76.33
2015,3,1,0,30,6.7,3.7,0,1.6,81.08
2015,3,1,1,30,6.1000000000000005,3.7,0,1.5,84.5
2015,3,1,2,30,5.7,3.6,0,1.5,86.36
2015,3,1,3,30,5.2,3.4000000000000004,0,1.5,88.45
2015,3,1,4,30,4.800000000000001,3.2,0,1.5,89.41
2015,3,1,5,30,4.6000000000000005,2.9000000000000004,0,1.5,88.89
2015,3,1,6,30,6.5,2.6,0,1.9000000000000001,76.3
2015,3,1,7,30,9.9,2.5,167,2.6,60.11
2015,3,1,8,30,13.3,2.8000000000000003,285,3,48.94
2015,3,1,9,30,16.2,3.6,599,3.3000000000000003,42.85
2015,3,1,10,30,18.1,2.4000000000000004,656,3.7,34.980000000000004
2015,3,1,11,30,19.400000000000002,0.9,700,4,29.02
2015,3,1,12,30,20.1,-0.2,621,4,25.64
2015,3,1,13,30,20.3,-1,581,4,23.92
2015,3,1,14,30,20.1,-1.7000000000000002,573,3.7,23.05
2015,3,1,15,30,19.200000000000003,-1.5,347,2.3000000000000003,24.68
2015,3,1,16,30,17.6,1.7000000000000002,287,1.1,34.26
2015,3,1,17,30,16.5,-0.1,58,0.8,32.4
2015,3,1,18,30,15.8,-1.7000000000000002,0,1,30.19
2015,3,1,19,30,14.3,-2,0,1.4000000000000001,32.46
2015,3,1,20,30,12.9,-1.6,0,1.9000000000000001,36.61
2015,3,1,21,30,12.3,-1.4000000000000001,0,2.7,38.75
2015,3,1,22,30,11.5,-1,0,3.5,42
2015,3,1,23,30,10.3,-0.30000000000000004,0,3.9000000000000004,47.82
2015,3,2,0,30,9.3,0.2,0,4,52.97
2015,3,2,1,30,9,0.4,0,3.6,54.76
2015,3,2,2,30,9.1,0.7000000000000001,0,3.1,55.59
2015,3,2,3,30,9.4,1.5,0,2.8000000000000003,57.82
2015,3,2,4,30,9.4,2.7,0,2.7,63.06
2015,3,2,5,30,9.5,3.9000000000000004,0,2.5,68.08
2015,3,2,6,30,10,4.9,0,2.6,70.76
2015,3,2,7,30,11.100000000000001,5.800000000000001,39,3.1,69.86
2015,3,2,8,30,12.200000000000001,6.7,53,3.5,68.89
2015,3,2,9,30,13.5,7.4,55,3.7,66.63
2015,3,2,10,30,15,7.7,41,4.1000000000000005,61.74
2015,3,2,11,30,16.400000000000002,8,71,4.6000000000000005,57.68
2015,3,2,12,30,17.5,8.5,258,5.2,55.36
2015,3,2,13,30,18,8.9,247,5.4,55.45
2015,3,2,14,30,17.8,9.4,134,5.2,58.02
2015,3,2,15,30,17,9.9,20,4.7,62.89
2015,3,2,16,30,15.600000000000001,10.100000000000001,68,4.1000000000000005,69.55
2015,3,2,17,30,14.100000000000001,9.9,31,3.4000000000000004,75.69
2015,3,2,18,30,12.9,9.4,0,2.5,79.39
2015,3,2,19,30,12.100000000000001,8.8,0,1.9000000000000001,80.52
2015,3,2,20,30,11.600000000000001,8.3,0,1.8,80.28
2015,3,2,21,30,11.3,8,0,1.8,79.96000000000001
2015,3,2,22,30,11,7.800000000000001,0,1.7000000000000002,80.64
2015,3,2,23,30,10.8,7.800000000000001,0,1.9000000000000001,81.75
2015,3,3,0,30,10.700000000000001,8,0,2.1,83.38
2015,3,3,1,30,10.5,8.3,0,2.1,86.14
2015,3,3,2,30,10.200000000000001,8.5,0,2,89.27
2015,3,3,3,30,10,8.700000000000001,0,2,91.52
2015,3,3,4,30,9.700000000000001,8.8,0,2,94.18
2015,3,3,5,30,9.5,8.8,0,2,95.69
2015,3,3,6,30,10.100000000000001,8.8,0,2.5,91.94
2015,3,3,7,30,11.700000000000001,9,29,3.4000000000000004,83.31
2015,3,3,8,30,13.200000000000001,8.6,113,3.9000000000000004,73.74
2015,3,3,9,30,14.4,7.9,300,4,64.81
2015,3,3,10,30,15.200000000000001,7.1000000000000005,247,4.4,58.45
2015,3,3,11,30,15.200000000000001,6.4,374,5.1000000000000005,55.88
2015,3,3,12,30,14.9,5.7,573,5.4,54.27
2015,3,3,13,30,14.9,4.800000000000001,371,5.4,50.86
2015,3,3,14,30,15.100000000000001,3.9000000000000004,637,5.300000000000001,46.97
2015,3,3,15,30,15.100000000000001,2.9000000000000004,299,4.4,44.01
2015,3,3,16,30,13.8,2.3000000000000003,237,2.6,45.77
2015,3,3,17,30,11.8,3.2,35,1.5,55.65
2015,3,3,18,30,10.8,3,0,2,58.61
2015,3,3,19,30,10.200000000000001,3.3000000000000003,0,2.3000000000000003,62.42
2015,3,3,20,30,9.3,3.8000000000000003,0,2.5,68.39
2015,3,3,21,30,8.6,4.1000000000000005,0,2.7,73.33
2015,3,3,22,30,7.800000000000001,4.2,0,2.7,78.18
2015,3,3,23,30,6.9,4.2,0,2.4000000000000004,83.03
2015,3,4,0,30,6,4,0,2.2,87.04
2015,3,4,1,30,5.2,3.7,0,1.9000000000000001,89.75
2015,3,4,2,30,4.6000000000000005,3.2,0,1.7000000000000002,90.8
2015,3,4,3,30,4,2.8000000000000003,0,1.6,91.65
2015,3,4,4,30,3.4000000000000004,2.3000000000000003,0,1.5,92.79
2015,3,4,5,30,3.2,2.1,0,1.4000000000000001,92.31
2015,3,4,6,30,5,2,0,2.1,81.05
2015,3,4,7,30,8.5,2.4000000000000004,181,3.4000000000000004,65.46000000000001
2015,3,4,8,30,11.4,1.4000000000000001,411,4.2,50.160000000000004
2015,3,4,9,30,13.200000000000001,-0.6000000000000001,615,4.5,38.71
2015,3,4,10,30,14.200000000000001,-1.7000000000000002,772,4.800000000000001,33.36
2015,3,4,11,30,14.9,-2.4000000000000004,506,5.1000000000000005,30.39
2015,3,4,12,30,15,-2.5,430,5.5,29.85
2015,3,4,13,30,14.700000000000001,-2.2,437,5.800000000000001,31.18
2015,3,4,14,30,14.200000000000001,-1.6,666,5.800000000000001,33.74
2015,3,4,15,30,13.600000000000001,-1,268,5.4,36.53
2015,3,4,16,30,12.200000000000001,-0.7000000000000001,273,4,40.81
2015,3,4,17,30,10.200000000000001,-0.30000000000000004,89,2.2,48.08
2015,3,4,18,30,8.6,-0.30000000000000004,0,1.5,53.54
2015,3,4,19,30,8,-0.8,0,1.3,53.71
2015,3,4,20,30,7.2,-1.3,0,1.6,54.89
2015,3,4,21,30,6.300000000000001,-1.4000000000000001,0,2.7,57.800000000000004
2015,3,4,22,30,4.9,-1.3,0,4.2,64.33
2015,3,4,23,30,3.3000000000000003,-1.1,0,5.2,72.73
2015,3,5,0,30,1.8,-1.3,0,5.6000000000000005,80.01
2015,3,5,1,30,0.6000000000000001,-1.9000000000000001,0,5.4,83.5
2015,3,5,2,30,-0.1,-2.9000000000000004,0,5,81.41
2015,3,5,3,30,-0.7000000000000001,-4.1000000000000005,0,4.6000000000000005,77.88
2015,3,5,4,30,-1.4000000000000001,-5.1000000000000005,0,4.2,76.12
2015,3,5,5,30,-1.9000000000000001,-5.800000000000001,0,3.8000000000000003,74.71000000000001
2015,3,5,6,30,-1.4000000000000001,-6.300000000000001,0,4.3,69.10000000000001
2015,3,5,7,30,0.4,-6.9,190,4.800000000000001,58.03
2015,3,5,8,30,2.5,-7,425,4.6000000000000005,49.4
2015,3,5,9,30,4.5,-6.800000000000001,635,4.1000000000000005,43.72
2015,3,5,10,30,6.4,-6.5,794,3.6,39.06
2015,3,5,11,30,7.9,-6.5,887,3.4000000000000004,35.27
2015,3,5,12,30,9.1,-6.800000000000001,918,3.1,31.990000000000002
2015,3,5,13,30,10,-7.2,866,3,29.060000000000002
2015,3,5,14,30,10.4,-7.9,744,2.9000000000000004,26.89
2015,3,5,15,30,10.200000000000001,-8.5,562,2.8000000000000003,25.93
2015,3,5,16,30,8.5,-8.9,336,2.2,28.27
2015,3,5,17,30,5.5,-6.9,101,1.6,40.52
2015,3,5,18,30,3.5,-7,0,1.7000000000000002,46.17
2015,3,5,19,30,2.6,-7.300000000000001,0,1.9000000000000001,48.120000000000005
2015,3,5,20,30,1.8,-7.4,0,2,50.57
2015,3,5,21,30,1,-7.4,0,2,53.42
2015,3,5,22,30,0.30000000000000004,-7.4,0,2,56.26
2015,3,5,23,30,-0.5,-7.4,0,2,59.59
2015,3,6,0,30,-1.2000000000000002,-7.4,0,1.8,62.7
2015,3,6,1,30,-1.7000000000000002,-7.4,0,1.7000000000000002,65.26
2015,3,6,2,30,-2.2,-7.2,0,1.5,68.33
2015,3,6,3,30,-2.5,-7.1000000000000005,0,1.5,70.82000000000001
2015,3,6,4,30,-2.7,-6.9,0,1.4000000000000001,73
2015,3,6,5,30,-2.6,-6.6000000000000005,0,1.4000000000000001,73.79
2015,3,6,6,30,-0.4,-6.4,0,1.9000000000000001,63.99
2015,3,6,7,30,3.6,-6,197,2.4000000000000004,49.59
2015,3,6,8,30,7.2,-5.9,433,2.5,38.95
2015,3,6,9,30,10.200000000000001,-6.6000000000000005,643,2.9000000000000004,30.01
2015,3,6,10,30,12.600000000000001,-7.300000000000001,802,3.3000000000000003,24.22
2015,3,6,11,30,14.700000000000001,-8,896,3.8000000000000003,20.03
2015,3,6,12,30,16.3,-9,918,4.1000000000000005,16.82
2015,3,6,13,30,17.1,-9.600000000000001,858,4.3,15.19
2015,3,6,14,30,17.400000000000002,-9.600000000000001,736,4.4,14.98
2015,3,6,15,30,16.900000000000002,-9.1,555,4.2,16.06
2015,3,6,16,30,14.200000000000001,-8.4,332,2.9000000000000004,20.12
2015,3,6,17,30,10.4,-4.9,100,1.9000000000000001,33.83
2015,3,6,18,30,8.5,-5.5,0,2.2,36.75
2015,3,6,19,30,7.9,-5.800000000000001,0,2.8000000000000003,37.33
2015,3,6,20,30,7.2,-5.800000000000001,0,3.3000000000000003,39
2015,3,6,21,30,6.300000000000001,-5.5,0,3.5,42.480000000000004
2015,3,6,22,30,5.1000000000000005,-5.1000000000000005,0,3.3000000000000003,47.88
2015,3,6,23,30,4.2,-4.5,0,2.9000000000000004,53.01
2015,3,7,0,30,3.6,-4,0,2.6,57.46
2015,3,7,1,30,3.4000000000000004,-3.5,0,2.3000000000000003,60.67
2015,3,7,2,30,3.8000000000000003,-2.8000000000000003,0,2.2,62.1
2015,3,7,3,30,4.3,-2.1,0,2.2,63.1
2015,3,7,4,30,4.6000000000000005,-1.6,0,2.2,64.07000000000001
2015,3,7,5,30,4.800000000000001,-1.3,0,2.5,64.7
2015,3,7,6,30,5.9,-1.1,0,3.3000000000000003,60.99
2015,3,7,7,30,8.200000000000001,-0.7000000000000001,91,4,53.38
2015,3,7,8,30,10.5,0.2,239,4.2,48.99
2015,3,7,9,30,12.100000000000001,1.5,458,4.4,48.21
2015,3,7,10,30,13.200000000000001,1.6,581,4.4,45.300000000000004
2015,3,7,11,30,14.600000000000001,1.7000000000000002,642,4.2,41.56
2015,3,7,12,30,15.4,1.8,627,3.6,39.74
2015,3,7,13,30,15.700000000000001,1.9000000000000001,572,3.2,39.27
2015,3,7,14,30,15.9,1.9000000000000001,258,2.8000000000000003,38.99
2015,3,7,15,30,15.8,2,250,2.3000000000000003,39.5
2015,3,7,16,30,14.3,3.1,35,1.8,46.92
2015,3,7,17,30,12.5,3,29,1.9000000000000001,52.43
2015,3,7,18,30,11.600000000000001,2.7,0,2.3000000000000003,54.46
2015,3,7,19,30,11.100000000000001,3.1,0,2.8000000000000003,57.71
2015,3,7,20,30,10.600000000000001,3.7,0,3.2,62.51
2015,3,7,21,30,10.200000000000001,4.7,0,3.5,68.56
2015,3,7,22,30,9.5,5.6000000000000005,0,3,76.52
2015,3,7,23,30,8.700000000000001,6.1000000000000005,0,2.2,84.02
2015,3,8,0,30,8.1,6.4,0,1.7000000000000002,89.2
2015,3,8,1,30,7.9,6.5,0,1.5,91.02
2015,3,8,2,30,7.9,6.5,0,1.5,91.05
2015,3,8,3,30,7.7,6.5,0,1.4000000000000001,91.86
2015,3,8,4,30,7.300000000000001,6.300000000000001,0,1.3,93.37
2015,3,8,5,30,7.2,6,0,1.2000000000000002,92.12
2015,3,8,6,30,8.700000000000001,5.7,0,1.3,81.46000000000001
2015,3,8,7,30,12,5.6000000000000005,142,1.7000000000000002,64.95
2015,3,8,8,30,15.5,4.5,421,2.3000000000000003,47.95
2015,3,8,9,30,18.1,1.9000000000000001,626,2.8000000000000003,33.84
2015,3,8,10,30,19.6,0.8,780,3,28.37
2015,3,8,11,30,20.700000000000003,0.4,870,3.2,25.740000000000002
2015,3,8,12,30,21.3,0.1,891,3.4000000000000004,24.38
2015,3,8,13,30,21.5,-0.1,680,3.5,23.63
2015,3,8,14,30,21.1,-0.5,417,3.4000000000000004,23.66
2015,3,8,15,30,20.3,-0.7000000000000001,318,3.1,24.36
2015,3,8,16,30,18.2,-0.8,320,2.1,27.57
2015,3,8,17,30,15.3,1.8,69,1.2000000000000002,40.02
2015,3,8,18,30,13.8,0.7000000000000001,0,1.2000000000000002,40.74
2015,3,8,19,30,13.200000000000001,0.2,0,1.2000000000000002,41.02
2015,3,8,20,30,12.700000000000001,0.1,0,1,41.83
2015,3,8,21,30,11.9,0,0,1,43.9
2015,3,8,22,30,10.8,0.1,0,1,47.42
2015,3,8,23,30,9.700000000000001,0.30000000000000004,0,1.1,51.92
2015,3,9,0,30,8.6,0.7000000000000001,0,1.2000000000000002,57.67
2015,3,9,1,30,7.7,1.3,0,1.2000000000000002,63.940000000000005
2015,3,9,2,30,6.9,2,0,1.2000000000000002,70.78
2015,3,9,3,30,6.4,2.7,0,1.2000000000000002,76.96000000000001
2015,3,9,4,30,6,3.3000000000000003,0,1.2000000000000002,82.83
2015,3,9,5,30,5.9,3.8000000000000003,0,1.2000000000000002,86.57000000000001
2015,3,9,6,30,7.6000000000000005,4.3,0,1.8,79.35000000000001
2015,3,9,7,30,11,4.6000000000000005,194,2.3000000000000003,64.79
2015,3,9,8,30,14.5,4.1000000000000005,421,2.2,49.7
2015,3,9,9,30,17.3,2.2,624,2,36.32
2015,3,9,10,30,18.8,1.5,778,1.7000000000000002,31.54
2015,3,9,11,30,19.8,1.2000000000000002,869,1.3,28.810000000000002
2015,3,9,12,30,20.3,0.7000000000000001,889,0.9,27.11
2015,3,9,13,30,20.400000000000002,0.30000000000000004,836,0.7000000000000001,26.09
2015,3,9,14,30,20.1,-0.2,699,0.9,25.560000000000002
2015,3,9,15,30,19.5,-0.8,494,1.2000000000000002,25.48
2015,3,9,16,30,17.900000000000002,-1,27,1.1,27.830000000000002
2015,3,9,17,30,15.4,2,54,1.1,40.39
2015,3,9,18,30,13.600000000000001,1.4000000000000001,0,1.5,43.52
2015,3,9,19,30,12.5,1.2000000000000002,0,1.9000000000000001,45.95
2015,3,9,20,30,11.5,1.4000000000000001,0,1.9000000000000001,49.72
2015,3,9,21,30,10.5,1.6,0,1.7000000000000002,53.95
2015,3,9,22,30,9.4,1.6,0,1.6,58.26
2015,3,9,23,30,8.4,1.7000000000000002,0,1.4000000000000001,62.52
2015,3,10,0,30,7.7,1.7000000000000002,0,1.2000000000000002,65.91
2015,3,10,1,30,7.300000000000001,1.9000000000000001,0,1,68.34
2015,3,10,2,30,7.300000000000001,2,0,0.8,69.15
2015,3,10,3,30,7.1000000000000005,2.2,0,0.6000000000000001,71.06
2015,3,10,4,30,6.7,2.4000000000000004,0,0.6000000000000001,74.06
2015,3,10,5,30,6.1000000000000005,2.6,0,0.8,78.48
2015,3,10,6,30,7.2,2.9000000000000004,13,1.4000000000000001,74.14
2015,3,10,7,30,10.5,3.2,199,1.9000000000000001,60.75
2015,3,10,8,30,14,3,427,1.8,47.33
2015,3,10,9,30,16.7,2.1,630,1.7000000000000002,37.32
2015,3,10,10,30,18.5,1.1,784,1.5,31.080000000000002
2015,3,10,11,30,19.700000000000003,0.4,878,1.3,27.39
2015,3,10,12,30,20.400000000000002,-0.2,899,1.3,25.11
2015,3,10,13,30,20.700000000000003,-0.8,847,1.4000000000000001,23.650000000000002
2015,3,10,14,30,20.700000000000003,-1.4000000000000001,546,1.7000000000000002,22.63
2015,3,10,15,30,20.1,-2,414,1.9000000000000001,22.55
2015,3,10,16,30,18.3,-2.3000000000000003,332,1.5,24.62
2015,3,10,17,30,15.5,0.7000000000000001,104,1.1,36.54
2015,3,10,18,30,13.600000000000001,-0.6000000000000001,0,1.3,37.6
2015,3,10,19,30,12.3,-0.8,0,1.5,40.38
2015,3,10,20,30,11.100000000000001,-0.9,0,1.7000000000000002,43.51
2015,3,10,21,30,10,-0.6000000000000001,0,2,47.67
2015,3,10,22,30,9.1,0,0,2.1,53.09
2015,3,10,23,30,8.200000000000001,0.7000000000000001,0,1.9000000000000001,59.32
2015,3,11,0,30,7.4,1.2000000000000002,0,1.8,64.96000000000001
2015,3,11,1,30,6.7,1.6,0,1.7000000000000002,69.88
2015,3,11,2,30,6.2,1.8,0,1.5,73.52
2015,3,11,3,30,5.7,1.9000000000000001,0,1.4000000000000001,76.66
2015,3,11,4,30,5.5,1.9000000000000001,0,1.3,77.87
2015,3,11,5,30,5.7,2,0,1.2000000000000002,76.91
2015,3,11,6,30,7.800000000000001,2,16,1.6,66.79
2015,3,11,7,30,11.5,2.2,211,2.1,52.81
2015,3,11,8,30,15.200000000000001,2.1,442,2.4000000000000004,41.28
2015,3,11,9,30,18.2,0.7000000000000001,646,3,30.79
2015,3,11,10,30,19.700000000000003,-0.30000000000000004,801,3.3000000000000003,26.150000000000002
2015,3,11,11,30,20.700000000000003,-1,891,3.3000000000000003,23.39
2015,3,11,12,30,21.3,-1.5,915,3.3000000000000003,21.63
2015,3,11,13,30,21.6,-2,862,3.4000000000000004,20.52
2015,3,11,14,30,21.5,-2.4000000000000004,741,3.6,20.04
2015,3,11,15,30,20.8,-2.6,558,3.6,20.66
2015,3,11,16,30,18.7,-2.5,325,2.7,23.64
2015,3,11,17,30,15.3,-0.1,110,1.9000000000000001,35.01
2015,3,11,18,30,13.100000000000001,-0.1,0,2,40.19
2015,3,11,19,30,12.200000000000001,-0.30000000000000004,0,2.3000000000000003,42.27
2015,3,11,20,30,11.4,-0.2,0,2.5,44.74
2015,3,11,21,30,10.600000000000001,-0.1,0,2.6,47.56
2015,3,11,22,30,9.8,0.1,0,2.6,50.76
2015,3,11,23,30,9.1,0.2,0,2.6,53.85
2015,3,12,0,30,8.4,0.5,0,2.7,57.38
2015,3,12,1,30,7.800000000000001,0.7000000000000001,0,2.6,60.71
2015,3,12,2,30,7,0.9,0,2.4000000000000004,65.31
2015,3,12,3,30,6.300000000000001,1.2000000000000002,0,2.1,69.78
2015,3,12,4,30,5.6000000000000005,1.4000000000000001,0,1.9000000000000001,74.23
2015,3,12,5,30,5.5,1.5,0,1.7000000000000002,75.49
2015,3,12,6,30,7.4,1.6,12,2.5,66.88
2015,3,12,7,30,11,1.8,118,3.2,53.18
2015,3,12,8,30,14.9,1.9000000000000001,256,3.2,41.32
2015,3,12,9,30,17.5,1.2000000000000002,435,3.1,33.31
2015,3,12,10,30,18.400000000000002,0.7000000000000001,693,2.6,30.52
2015,3,12,11,30,18.8,0.30000000000000004,633,2.3000000000000003,28.88
2015,3,12,12,30,19,0.1,576,2,27.97
2015,3,12,13,30,19,-0.1,285,1.8,27.73
2015,3,12,14,30,18.8,-0.2,470,1.6,27.87
2015,3,12,15,30,18.3,-0.4,234,1.2000000000000002,28.32
2015,3,12,16,30,17.400000000000002,1.1,128,0.7000000000000001,33.47
2015,3,12,17,30,16.5,1.3,50,0.5,35.72
2015,3,12,18,30,15.700000000000001,0.1,0,0.6000000000000001,34.6
2015,3,12,19,30,14.700000000000001,0.1,0,0.9,36.78
2015,3,12,20,30,13.600000000000001,0.30000000000000004,0,1.2000000000000002,40.27
2015,3,12,21,30,12.600000000000001,0.30000000000000004,0,1.3,42.99
2015,3,12,22,30,11.9,0.30000000000000004,0,1.5,44.85
2015,3,12,23,30,11.200000000000001,0.30000000000000004,0,1.6,47.04
2015,3,13,0,30,10.600000000000001,0.4,0,1.6,49.27
2015,3,13,1,30,9.9,0.5,0,1.6,52.04
2015,3,13,2,30,9.1,0.6000000000000001,0,1.5,55.19
2015,3,13,3,30,8.200000000000001,0.5,0,1.4000000000000001,58.14
2015,3,13,4,30,7.6000000000000005,0.30000000000000004,0,1.4000000000000001,59.95
2015,3,13,5,30,7.5,0.2,0,1.5,59.9
2015,3,13,6,30,9.4,0.2,10,2.3000000000000003,52.78
2015,3,13,7,30,13,0,142,3.4000000000000004,40.92
2015,3,13,8,30,16.3,-0.6000000000000001,348,3.9000000000000004,31.7
2015,3,13,9,30,18.6,-0.5,645,4.5,27.54
2015,3,13,10,30,20.1,-0.1,803,4.9,25.82
2015,3,13,11,30,21.1,-0.1,894,5.4,24.3
2015,3,13,12,30,21.6,-0.6000000000000001,688,5.7,22.69
2015,3,13,13,30,21.400000000000002,-1.2000000000000002,548,5.9,22.07
2015,3,13,14,30,20.900000000000002,-1.4000000000000001,405,5.9,22.37
2015,3,13,15,30,20,-1.5,394,5.6000000000000005,23.41
2015,3,13,16,30,18.3,-1.5,254,4.2,26.05
2015,3,13,17,30,15.5,-0.4,83,2.4000000000000004,33.76
2015,3,13,18,30,13.3,0.4,0,1.6,41.230000000000004
2015,3,13,19,30,12.5,0.4,0,1.5,43.46
2015,3,13,20,30,11.9,0.30000000000000004,0,1.6,44.89
2015,3,13,21,30,11.3,0.1,0,2.1,45.980000000000004
2015,3,13,22,30,10.700000000000001,-0.2,0,2.8000000000000003,47.01
2015,3,13,23,30,10.100000000000001,-0.4,0,3.4000000000000004,48.25
2015,3,14,0,30,9.3,-0.5,0,4,50.22
2015,3,14,1,30,8.700000000000001,-0.7000000000000001,0,4.3,51.620000000000005
2015,3,14,2,30,8,-0.8,0,4.2,53.63
2015,3,14,3,30,7.4,-0.8,0,4,56.01
2015,3,14,4,30,7,-0.6000000000000001,0,3.7,58.4
2015,3,14,5,30,6.9,-0.30000000000000004,0,3.6,60.300000000000004
2015,3,14,6,30,8.6,0.1,21,4.2,55.120000000000005
2015,3,14,7,30,12.100000000000001,0.5,219,5.5,45
2015,3,14,8,30,15.4,0.4,380,6.7,36.02
2015,3,14,9,30,17.400000000000002,0.30000000000000004,650,7,31.46
2015,3,14,10,30,18.5,0.30000000000000004,803,7,29.36
2015,3,14,11,30,19.200000000000003,-0.1,894,6.9,27.39
2015,3,14,12,30,19.5,-0.5,914,6.800000000000001,26.02
2015,3,14,13,30,19.6,-0.9,523,6.5,25.17
2015,3,14,14,30,19.3,-1.2000000000000002,593,6.2,25.14
2015,3,14,15,30,18.6,-1.4000000000000001,372,5.7,25.79
2015,3,14,16,30,17.1,-1.5,122,4.6000000000000005,28.080000000000002
2015,3,14,17,30,14.5,-1.1,34,3.1,34.29
2015,3,14,18,30,12.4,-0.4,0,2.4000000000000004,41.18
2015,3,14,19,30,11.3,-0.4,0,2.3000000000000003,44.25
2015,3,14,20,30,10.200000000000001,-0.5,0,2.2,47.38
2015,3,14,21,30,9.200000000000001,-0.6000000000000001,0,2.1,50.33
2015,3,14,22,30,8.3,-0.7000000000000001,0,2.1,52.99
2015,3,14,23,30,7.5,-0.9,0,2.2,55.32
2015,3,15,0,30,6.800000000000001,-1.1,0,2.3000000000000003,57.27
2015,3,15,1,30,6.1000000000000005,-1.3,0,2.4000000000000004,59.27
2015,3,15,2,30,5.4,-1.4000000000000001,0,2.3000000000000003,61.44
2015,3,15,3,30,4.7,-1.5,0,2.1,63.940000000000005
2015,3,15,4,30,4.1000000000000005,-1.6,0,1.9000000000000001,66.21000000000001
2015,3,15,5,30,4.1000000000000005,-1.8,0,1.8,65.65
2015,3,15,6,30,6.2,-1.9000000000000001,27,2.6,56.25
2015,3,15,7,30,10.100000000000001,-1.9000000000000001,238,3.3000000000000003,42.93
2015,3,15,8,30,13.9,-2.6,471,3.6,31.900000000000002
2015,3,15,9,30,16.400000000000002,-4,676,4.1000000000000005,24.37
2015,3,15,10,30,17.900000000000002,-4.800000000000001,830,4.4,20.990000000000002
2015,3,15,11,30,19,-5.5,921,4.5,18.48
2015,3,15,12,30,19.8,-6.1000000000000005,939,4.7,16.88
2015,3,15,13,30,20.200000000000003,-6.300000000000001,881,4.9,16.16
2015,3,15,14,30,20.1,-6.300000000000001,756,4.9,16.3
2015,3,15,15,30,19.5,-6,572,4.6000000000000005,17.240000000000002
2015,3,15,16,30,17.6,-5.800000000000001,351,3.4000000000000004,19.84
2015,3,15,17,30,14.200000000000001,-3.4000000000000004,120,2.2,29.43
2015,3,15,18,30,11.9,-2.9000000000000004,0,2.2,35.550000000000004
2015,3,15,19,30,11,-3.2,0,2.7,36.77
2015,3,15,20,30,10.3,-3.4000000000000004,0,3,38
2015,3,15,21,30,9.5,-3.3000000000000003,0,2.9000000000000004,40.44
2015,3,15,22,30,8.8,-2.8000000000000003,0,2.7,43.83
2015,3,15,23,30,8.1,-2.1,0,2.3000000000000003,48.67
2015,3,16,0,30,7.5,-1.1,0,1.9000000000000001,54.42
2015,3,16,1,30,7.4,-0.2,0,1.6,58.480000000000004
2015,3,16,2,30,7.6000000000000005,0.7000000000000001,0,1.4000000000000001,61.61
2015,3,16,3,30,7.800000000000001,1.4000000000000001,0,1.2000000000000002,63.81
2015,3,16,4,30,7.800000000000001,1.7000000000000002,0,1.1,65.52
2015,3,16,5,30,8.1,1.9000000000000001,0,1.1,64.88
2015,3,16,6,30,9.3,2,14,1.5,60.22
2015,3,16,7,30,11.5,2.2,176,2.2,52.71
2015,3,16,8,30,14.100000000000001,2.6,276,2.7,46
2015,3,16,9,30,16.6,4.2,528,2.8000000000000003,43.77
2015,3,16,10,30,18.400000000000002,4.5,800,2.9000000000000004,39.76
2015,3,16,11,30,19.8,4.9,880,2.9000000000000004,37.54
2015,3,16,12,30,20.700000000000003,5.4,895,3,36.910000000000004
2015,3,16,13,30,21.200000000000003,6,674,3.2,37.07
2015,3,16,14,30,21.3,6.300000000000001,546,3.3000000000000003,37.81
2015,3,16,15,30,20.900000000000002,6.6000000000000005,230,3.4000000000000004,39.5
2015,3,16,16,30,19.700000000000003,6.800000000000001,334,3,43.24
2015,3,16,17,30,17.400000000000002,7.300000000000001,92,2,51.54
2015,3,16,18,30,15.600000000000001,7.4,0,1.7000000000000002,58.18
2015,3,16,19,30,14.9,7.300000000000001,0,1.7000000000000002,60.56
2015,3,16,20,30,14.3,7.300000000000001,0,1.7000000000000002,62.980000000000004
2015,3,16,21,30,13.600000000000001,7.4,0,1.6,66.25
2015,3,16,22,30,13.3,7.5,0,2,67.94
2015,3,16,23,30,13.4,7.7,0,2.2,68.44
2015,3,17,0,30,12.9,8,0,1.8,72.26
2015,3,17,1,30,12.3,8.200000000000001,0,1.3,76.27
2015,3,17,2,30,12.100000000000001,8.5,0,1,78.53
2015,3,17,3,30,11.9,8.6,0,0.9,80.48
2015,3,17,4,30,11.600000000000001,8.8,0,1.1,82.99
2015,3,17,5,30,11.5,9,0,1.4000000000000001,84.64
2015,3,17,6,30,13.100000000000001,9.3,12,2.4000000000000004,77.62
2015,3,17,7,30,15.600000000000001,9.700000000000001,118,3.4000000000000004,67.98
2015,3,17,8,30,17.6,10.200000000000001,393,3.8000000000000003,61.77
2015,3,17,9,30,19,10.200000000000001,253,4.2,56.68
2015,3,17,10,30,19.700000000000003,10.100000000000001,114,4.5,53.870000000000005
2015,3,17,11,30,19.8,10,180,4.800000000000001,53.35
2015,3,17,12,30,19.400000000000002,9.9,142,5.2,54.28
2015,3,17,13,30,18.5,9.600000000000001,108,5.4,56.32
2015,3,17,14,30,17.2,9.3,202,5.4,59.74
2015,3,17,15,30,15.600000000000001,9,218,5.5,64.71000000000001
2015,3,17,16,30,13.8,8.6,87,5.5,70.77
2015,3,17,17,30,11.8,8.1,47,5.300000000000001,77.96000000000001
2015,3,17,18,30,10.100000000000001,7.4,0,5.300000000000001,83.4
2015,3,17,19,30,9,6.5,0,5.2,84.56
2015,3,17,20,30,8.4,5.7,0,4.9,83.31
2015,3,17,21,30,8.200000000000001,5.300000000000001,0,4.3,81.75
2015,3,17,22,30,8,5.1000000000000005,0,3.7,81.65
2015,3,17,23,30,7.9,5,0,3,81.88
2015,3,18,0,30,7.800000000000001,5.1000000000000005,0,2.4000000000000004,82.93
2015,3,18,1,30,7.6000000000000005,5.2,0,2,85.03
2015,3,18,2,30,7.300000000000001,5.4,0,1.8,87.82000000000001
2015,3,18,3,30,7,5.5,0,1.6,90.31
2015,3,18,4,30,6.9,5.6000000000000005,0,1.6,91.56
2015,3,18,5,30,7.2,5.7,0,2.1,90.41
2015,3,18,6,30,8.4,5.9,8,2.7,84.53
2015,3,18,7,30,10.200000000000001,6.5,64,3,77.92
2015,3,18,8,30,12.100000000000001,7.4,103,2.7,72.82000000000001
2015,3,18,9,30,13.700000000000001,8.1,136,2.5,69.04
2015,3,18,10,30,15,8.700000000000001,481,2.7,65.79
2015,3,18,11,30,16.400000000000002,8.9,375,3,61.050000000000004
2015,3,18,12,30,17.900000000000002,8.9,710,3.3000000000000003,55.53
2015,3,18,13,30,19,8.6,479,3.4000000000000004,50.88
2015,3,18,14,30,19.5,8.200000000000001,365,3.5,47.86
2015,3,18,15,30,19.400000000000002,7.7,223,3.5,46.56
2015,3,18,16,30,18.3,7.2,268,2.7,48.47
2015,3,18,17,30,16.2,7.7,115,1.7000000000000002,56.93
2015,3,18,18,30,14.5,7.2,0,1.8,61.36
2015,3,18,19,30,13.5,6.800000000000001,0,2.3000000000000003,64.11
2015,3,18,20,30,12.5,6.800000000000001,0,2.8000000000000003,68.08
2015,3,18,21,30,11.5,6.800000000000001,0,3.1,72.94
2015,3,18,22,30,10.5,7,0,3,78.73
2015,3,18,23,30,9.5,7.1000000000000005,0,2.6,85.18
2015,3,19,0,30,8.6,7.300000000000001,0,2.2,91.4
2015,3,19,1,30,7.9,7.4,0,1.9000000000000001,96.5
2015,3,19,2,30,7.4,7.4,0,1.7000000000000002,100
2015,3,19,3,30,7.1000000000000005,7.1000000000000005,0,1.6,100
2015,3,19,4,30,6.9,6.9,0,1.6,100
2015,3,19,5,30,7.300000000000001,7.300000000000001,0,1.7000000000000002,100
2015,3,19,6,30,9.4,7.5,15,2.5,87.78
2015,3,19,7,30,12.600000000000001,7.6000000000000005,237,3.6,71.60000000000001
2015,3,19,8,30,15,7.1000000000000005,280,4,59.28
2015,3,19,9,30,16.7,6.6000000000000005,429,4,51.34
2015,3,19,10,30,18.1,6,240,4.1000000000000005,45.160000000000004
2015,3,19,11,30,19,5.5,525,4.4,41.230000000000004
2015,3,19,12,30,19.6,5.1000000000000005,921,4.5,38.64
2015,3,19,13,30,19.8,4.800000000000001,689,4.6000000000000005,37.410000000000004
2015,3,19,14,30,19.8,4.5,746,4.6000000000000005,36.47
2015,3,19,15,30,19.3,4.1000000000000005,568,4.4,36.7
2015,3,19,16,30,18,3.9000000000000004,349,3.4000000000000004,39.230000000000004
2015,3,19,17,30,15.4,4.4,122,2,47.800000000000004
2015,3,19,18,30,13.200000000000001,4.4,0,1.5,55.1
2015,3,19,19,30,12.3,4.2,0,1.6,57.54
2015,3,19,20,30,11.600000000000001,4.1000000000000005,0,1.8,59.92
2015,3,19,21,30,11,4.1000000000000005,0,2,62.480000000000004
2015,3,19,22,30,10.4,4.3,0,2.2,65.73
2015,3,19,23,30,9.700000000000001,4.5,0,2.1,70.16
2015,3,20,0,30,9.1,4.800000000000001,0,1.9000000000000001,74.4
2015,3,20,1,30,8.700000000000001,5,0,1.6,77.48
2015,3,20,2,30,8.5,5.1000000000000005,0,1.3,79.32000000000001
2015,3,20,3,30,8.200000000000001,5.2,0,1.2000000000000002,81.60000000000001
2015,3,20,4,30,7.9,5.300000000000001,0,1.3,83.84
2015,3,20,5,30,7.9,5.4,0,2.1,84.31
2015,3,20,6,30,9.200000000000001,5.5,23,3.4000000000000004,77.58
2015,3,20,7,30,11.9,5.7,242,4.2,65.58
2015,3,20,8,30,14.600000000000001,5.800000000000001,469,4.1000000000000005,55.69
2015,3,20,9,30,16.900000000000002,5.7,669,3.7,47.58
2015,3,20,10,30,18.6,5.300000000000001,820,3.3000000000000003,41.59
2015,3,20,11,30,19.5,5,901,3.2,38.64
2015,3,20,12,30,19.8,4.9,916,3.3000000000000003,37.68
2015,3,20,13,30,19.8,5,713,3.4000000000000004,37.78
2015,3,20,14,30,19.5,5,732,3.4000000000000004,38.42
2015,3,20,15,30,18.900000000000002,4.9,522,3.4000000000000004,39.69
2015,3,20,16,30,17.7,4.9,26,2.7,42.88
2015,3,20,17,30,16,5.6000000000000005,33,2.2,50.03
2015,3,20,18,30,14.700000000000001,5.6000000000000005,0,2.6,54.28
2015,3,20,19,30,13.9,5.5,0,3.2,56.94
2015,3,20,20,30,13,5.800000000000001,0,3.3000000000000003,61.52
2015,3,20,21,30,12.200000000000001,6.4,0,3.2,67.54
2015,3,20,22,30,11.600000000000001,7,0,3,73.38
2015,3,20,23,30,10.9,7.5,0,2.5,79.61
2015,3,21,0,30,10.3,7.800000000000001,0,2.1,84.71000000000001
2015,3,21,1,30,9.8,8,0,1.8,88.48
2015,3,21,2,30,9.4,8,0,1.5,90.95
2015,3,21,3,30,9.1,7.9,0,1.5,92.38
2015,3,21,4,30,8.9,7.800000000000001,0,1.5,92.91
2015,3,21,5,30,9.200000000000001,7.7,0,1.6,90.42
2015,3,21,6,30,10.5,7.6000000000000005,13,2.1,82.37
2015,3,21,7,30,12.700000000000001,7.7,25,2.4000000000000004,71.79
2015,3,21,8,30,14.4,8,113,2.7,65.23
2015,3,21,9,30,15.200000000000001,7.5,212,2.8000000000000003,59.9
2015,3,21,10,30,15.600000000000001,6.800000000000001,265,2.5,55.75
2015,3,21,11,30,15.700000000000001,6.2,387,2,53.07
2015,3,21,12,30,15.8,5.6000000000000005,452,1.8,50.730000000000004
2015,3,21,13,30,15.8,5.2,637,2.1,49.370000000000005
2015,3,21,14,30,15.8,4.9,533,2.4000000000000004,48.410000000000004
2015,3,21,15,30,15.9,4.7,419,2.6,47.46
2015,3,21,16,30,15.200000000000001,4.7,298,2.2,49.4
2015,3,21,17,30,13.100000000000001,5.5,83,1.4000000000000001,59.84
2015,3,21,18,30,11.200000000000001,5,0,1.3,65.78
2015,3,21,19,30,10.4,4.9,0,1.5,68.67
2015,3,21,20,30,9.8,4.9,0,1.8,71.38
2015,3,21,21,30,9.3,4.800000000000001,0,2.1,73.46000000000001
2015,3,21,22,30,8.8,4.7,0,2.3000000000000003,75.35000000000001
2015,3,21,23,30,8.200000000000001,4.4,0,2.2,77
2015,3,22,0,30,7.7,3.9000000000000004,0,2.2,76.84
2015,3,22,1,30,7.4,3.1,0,2.3000000000000003,74.22
2015,3,22,2,30,7.2,2.3000000000000003,0,2.6,70.9
2015,3,22,3,30,7,1.4000000000000001,0,2.7,67.36
2015,3,22,4,30,6.5,0.9,0,2.4000000000000004,67.33
2015,3,22,5,30,6.6000000000000005,0.8,0,2.2,66.27
2015,3,22,6,30,8.8,0.9,48,2.6,57.800000000000004
2015,3,22,7,30,12.5,1.4000000000000001,267,3,46.58
2015,3,22,8,30,16.5,1.5,500,3.1,36.21
2015,3,22,9,30,20.200000000000003,0.30000000000000004,706,3.4000000000000004,26.44
2015,3,22,10,30,22.5,-0.7000000000000001,859,3.5,21.41
2015,3,22,11,30,23.8,-1.2000000000000002,942,3.5,18.990000000000002
2015,3,22,12,30,24.6,-1.8,958,3.4000000000000004,17.34
2015,3,22,13,30,25.1,-2.4000000000000004,901,3.2,16.16
2015,3,22,14,30,25.1,-2.8000000000000003,776,3,15.69
2015,3,22,15,30,24.700000000000003,-3,594,2.7,15.73
2015,3,22,16,30,22.8,-3.1,371,1.8,17.580000000000002
2015,3,22,17,30,19.700000000000003,1.9000000000000001,137,1.2000000000000002,30.69
2015,3,22,18,30,17.3,-0.1,0,1.5,30.73
2015,3,22,19,30,15.8,-0.30000000000000004,0,1.6,33.3
2015,3,22,20,30,14.4,-0.4,0,1.7000000000000002,36.12
2015,3,22,21,30,13.200000000000001,-0.6000000000000001,0,1.8,38.57
2015,3,22,22,30,12.200000000000001,-0.8,0,1.8,40.5
2015,3,22,23,30,11.3,-1.1,0,1.7000000000000002,42.17
2015,3,23,0,30,10.5,-1.4000000000000001,0,1.7000000000000002,43.47
2015,3,23,1,30,9.8,-1.7000000000000002,0,1.7000000000000002,44.45
2015,3,23,2,30,9.3,-2.1,0,1.7000000000000002,44.75
2015,3,23,3,30,8.9,-2.5,0,1.6,44.82
2015,3,23,4,30,8.700000000000001,-2.8000000000000003,0,1.5,44.29
2015,3,23,5,30,9,-3.1,0,1.4000000000000001,42.42
2015,3,23,6,30,11.4,-2.5,52,1.6,37.800000000000004
2015,3,23,7,30,15,-2.3000000000000003,272,1.8,30.400000000000002
2015,3,23,8,30,18.900000000000002,-2.2,505,2.4000000000000004,23.8
2015,3,23,9,30,22.5,-2.2,708,3.5,19.06
2015,3,23,10,30,24.400000000000002,-1.5,733,4.2,17.97
2015,3,23,11,30,25.5,-1.2000000000000002,842,4.5,17.16
2015,3,23,12,30,26.3,-1.4000000000000001,792,4.7,16.1
2015,3,23,13,30,26.6,-1.9000000000000001,688,4.7,15.3
2015,3,23,14,30,26.6,-2.5,662,4.7,14.6
2015,3,23,15,30,26,-3.3000000000000003,597,4.5,14.27
2015,3,23,16,30,23.700000000000003,-3.8000000000000003,354,3.2,15.83
2015,3,23,17,30,20,0.1,139,2,26.41
2015,3,23,18,30,17.3,-0.4,0,1.9000000000000001,30.01
2015,3,23,19,30,15.8,-1,0,2,31.740000000000002
2015,3,23,20,30,14.4,-1.4000000000000001,0,2,33.81
2015,3,23,21,30,13.4,-1.5,0,1.8,35.62
2015,3,23,22,30,12.4,-1.6,0,1.7000000000000002,37.92
2015,3,23,23,30,11.4,-1.8,0,1.7000000000000002,39.77
2015,3,24,0,30,10.4,-2.2,0,1.6,41.33
2015,3,24,1,30,9.600000000000001,-2.5,0,1.6,42.64
2015,3,24,2,30,9.200000000000001,-2.8000000000000003,0,1.5,42.76
2015,3,24,3,30,9.1,-3.2,0,1.5,41.83
2015,3,24,4,30,8.8,-3.5,0,1.4000000000000001,41.75
2015,3,24,5,30,8.9,-3.7,0,1.3,40.92
2015,3,24,6,30,11.3,-3.1,57,1.7000000000000002,36.52
2015,3,24,7,30,15.200000000000001,-2.8000000000000003,284,2.3000000000000003,28.94
2015,3,24,8,30,19,-3.2,521,2.7,22.05
2015,3,24,9,30,22.1,-4.9,726,3,15.99
2015,3,24,10,30,23.8,-5.9,880,3,13.34
2015,3,24,11,30,24.900000000000002,-6.5,967,2.9000000000000004,12.02
2015,3,24,12,30,25.700000000000003,-6.800000000000001,982,3,11.16
2015,3,24,13,30,26,-7,917,3.2,10.77
2015,3,24,14,30,26,-7.2,786,3.5,10.65
2015,3,24,15,30,25.400000000000002,-7.4,601,3.5,10.81
2015,3,24,16,30,23.200000000000003,-7.5,376,2.5,12.31
2015,3,24,17,30,19.8,-1,140,1.5,24.61
2015,3,24,18,30,17.400000000000002,-2.5,0,1.6,25.560000000000002
2015,3,24,19,30,15.9,-2.9000000000000004,0,1.9000000000000001,27.36
2015,3,24,20,30,14.4,-2.8000000000000003,0,2.2,30.43
2015,3,24,21,30,13.3,-2.6,0,2.4000000000000004,33.08
2015,3,24,22,30,12.3,-2.4000000000000004,0,2.4000000000000004,35.95
2015,3,24,23,30,11.4,-2.2,0,2.3000000000000003,38.61
2015,3,25,0,30,10.5,-2.2,0,2.2,41.09
2015,3,25,1,30,9.600000000000001,-2.2,0,2,43.44
2015,3,25,2,30,8.9,-2.4000000000000004,0,1.8,45.02
2015,3,25,3,30,8.3,-2.6,0,1.7000000000000002,46.08
2015,3,25,4,30,7.800000000000001,-2.9000000000000004,0,1.8,46.86
2015,3,25,5,30,8.1,-3.1,0,1.9000000000000001,45.17
2015,3,25,6,30,11,-2.8000000000000003,61,2.8000000000000003,38.050000000000004
2015,3,25,7,30,15.100000000000001,-2.9000000000000004,226,3.8000000000000003,28.82
2015,3,25,8,30,18.8,-3.2,503,4.6000000000000005,22.34
2015,3,25,9,30,21.5,-4.7,572,5.4,16.82
2015,3,25,10,30,22.6,-5.1000000000000005,614,6,15.33
2015,3,25,11,30,22.900000000000002,-5,718,6.4,15.18
2015,3,25,12,30,22.900000000000002,-4.800000000000001,584,6.6000000000000005,15.370000000000001
2015,3,25,13,30,23,-4.6000000000000005,569,6.7,15.530000000000001
2015,3,25,14,30,22.5,-4.5,497,6.5,16.15
2015,3,25,15,30,21.8,-4.4,406,5.800000000000001,16.94
2015,3,25,16,30,20.3,-4,249,4.2,19.07
2015,3,25,17,30,17.3,-2.1,61,2.7,26.6
2015,3,25,18,30,14.9,-1.5,0,2.3000000000000003,32.480000000000004
2015,3,25,19,30,14,-1.6,0,2.5,34.1
2015,3,25,20,30,13.5,-1.5,0,2.7,35.5
2015,3,25,21,30,13.100000000000001,-1.3,0,3,36.95
2015,3,25,22,30,12.4,-1.2000000000000002,0,3.4000000000000004,38.95
2015,3,25,23,30,11.3,-1.2000000000000002,0,4.2,41.99
2015,3,26,0,30,9.700000000000001,-0.30000000000000004,0,5.1000000000000005,49.69
2015,3,26,1,30,8,0.7000000000000001,0,5.1000000000000005,60.04
2015,3,26,2,30,6.7,1,0,4.5,66.77
2015,3,26,3,30,5.800000000000001,0.30000000000000004,0,3.8000000000000003,67.98
2015,3,26,4,30,5,-0.4,0,3.4000000000000004,68.02
2015,3,26,5,30,5,-0.9,0,3.1,65.76
2015,3,26,6,30,6.4,-1.1,63,3.7,58.76
2015,3,26,7,30,8.8,-1.7000000000000002,289,4.4,47.730000000000004
2015,3,26,8,30,11.3,-2.6,522,4.2,37.69
2015,3,26,9,30,13.600000000000001,-3.2,724,3.6,31.14
2015,3,26,10,30,15.600000000000001,-3.5,880,3,26.66
2015,3,26,11,30,17.2,-4,965,2.4000000000000004,23.3
2015,3,26,12,30,18.5,-4.5,985,1.8,20.57
2015,3,26,13,30,19.3,-5.2,927,1.2000000000000002,18.61
2015,3,26,14,30,19.5,-5.7,797,0.9,17.64
2015,3,26,15,30,19.3,-6.2,612,0.9,17.25
2015,3,26,16,30,18.2,-6.5,389,0.8,18.11
2015,3,26,17,30,15.700000000000001,-3.2,149,0.8,27.23
2015,3,26,18,30,13.3,-3.3000000000000003,0,1.1,31.400000000000002
2015,3,26,19,30,11.600000000000001,-3.7,0,1.3,34.07
2015,3,26,20,30,10.4,-4,0,1.4000000000000001,36.06
2015,3,26,21,30,9.5,-4.3,0,1.5,37.550000000000004
2015,3,26,22,30,8.8,-4.5,0,1.5,38.84
2015,3,26,23,30,8.200000000000001,-4.6000000000000005,0,1.5,40.01
2015,3,27,0,30,7.6000000000000005,-4.7,0,1.5,41.34
2015,3,27,1,30,7.2,-4.800000000000001,0,1.4000000000000001,42.28
2015,3,27,2,30,6.9,-4.800000000000001,0,1.3,43.13
2015,3,27,3,30,6.7,-4.7,0,1.2000000000000002,44.08
2015,3,27,4,30,6.4,-4.4,0,1.1,45.88
2015,3,27,5,30,6.5,-4,0,1,46.89
2015,3,27,6,30,8.5,-3.1,68,1.3,44.050000000000004
2015,3,27,7,30,11.9,-2.8000000000000003,295,1.8,35.86
2015,3,27,8,30,16,-2.5,530,1.9000000000000001,28
2015,3,27,9,30,19.6,-3.9000000000000004,734,1.9000000000000001,20.11
2015,3,27,10,30,21.900000000000002,-4.6000000000000005,885,1.9000000000000001,16.580000000000002
2015,3,27,11,30,23.5,-5,972,2,14.63
2015,3,27,12,30,24.6,-5.5,993,2,13.15
2015,3,27,13,30,25.200000000000003,-6.2,934,2.1,12.08
2015,3,27,14,30,25.400000000000002,-6.7,806,2.3000000000000003,11.42
2015,3,27,15,30,25,-7.1000000000000005,620,2.3000000000000003,11.34
2015,3,27,16,30,23.200000000000003,-7.2,392,1.6,12.530000000000001
2015,3,27,17,30,20.3,-1.2000000000000002,152,1.1,23.59
2015,3,27,18,30,18.1,-3.3000000000000003,0,1.2000000000000002,23.13
2015,3,27,19,30,16.8,-4.1000000000000005,0,1.3,23.6
2015,3,27,20,30,15.600000000000001,-4.4,0,1.5,24.89
2015,3,27,21,30,14.3,-4.6000000000000005,0,1.6,26.71
2015,3,27,22,30,13.200000000000001,-4.800000000000001,0,1.7000000000000002,28.34
2015,3,27,23,30,12.200000000000001,-4.9,0,1.8,29.98
2015,3,28,0,30,11.3,-4.9,0,1.8,31.91
2015,3,28,1,30,10.4,-4.6000000000000005,0,1.8,34.63
2015,3,28,2,30,9.8,-4.2,0,1.7000000000000002,37.15
2015,3,28,3,30,9.3,-3.9000000000000004,0,1.6,39.27
2015,3,28,4,30,9.1,-3.8000000000000003,0,1.5,40.06
2015,3,28,5,30,9.700000000000001,-3.8000000000000003,0,1.3,38.36
2015,3,28,6,30,12.600000000000001,-3.2,74,1.6,33.25
2015,3,28,7,30,16.5,-2.9000000000000004,306,1.9000000000000001,26.35
2015,3,28,8,30,20.5,-3.2,543,2.1,20.13
2015,3,28,9,30,24.5,-3.9000000000000004,748,2.5,14.94
2015,3,28,10,30,26.900000000000002,-5,899,2.7,11.9
2015,3,28,11,30,28.1,-5.5,984,2.9000000000000004,10.72
2015,3,28,12,30,28.700000000000003,-6,997,3.2,9.97
2015,3,28,13,30,29,-6.5,937,3.4000000000000004,9.38
2015,3,28,14,30,29,-7.1000000000000005,807,3.5,8.97
2015,3,28,15,30,28.5,-8,621,3.4000000000000004,8.61
2015,3,28,16,30,26,-8.200000000000001,394,2.4000000000000004,9.870000000000001
2015,3,28,17,30,22,-0.8,154,1.7000000000000002,21.88
2015,3,28,18,30,19,-3.4000000000000004,0,2,21.7
2015,3,28,19,30,17.2,-4.5,0,2.2,22.38
2015,3,28,20,30,15.700000000000001,-4.9,0,2.4000000000000004,23.84
2015,3,28,21,30,14.4,-5,0,2.4000000000000004,25.69
2015,3,28,22,30,13.3,-4.9,0,2.5,27.97
2015,3,28,23,30,12.3,-4.6000000000000005,0,2.6,30.47
2015,3,29,0,30,11.4,-4.5,0,2.7,32.56
2015,3,29,1,30,10.600000000000001,-4.6000000000000005,0,2.5,34.160000000000004
2015,3,29,2,30,9.8,-4.7,0,2.2,35.71
2015,3,29,3,30,9.1,-4.800000000000001,0,1.9000000000000001,37.11
2015,3,29,4,30,8.6,-4.9,0,1.7000000000000002,38.2
2015,3,29,5,30,9.200000000000001,-4.800000000000001,0,1.5,36.75
2015,3,29,6,30,12.3,-3.8000000000000003,77,1.7000000000000002,32.410000000000004
2015,3,29,7,30,16.2,-3.8000000000000003,309,1.9000000000000001,25.04
2015,3,29,8,30,20,-4.3,547,1.8,19.06
2015,3,29,9,30,24.3,-6.300000000000001,745,2.2,12.64
2015,3,29,10,30,27.200000000000003,-9.3,895,2.5,8.4
2015,3,29,11,30,28.6,-9.5,974,2.3000000000000003,7.65
2015,3,29,12,30,29.1,-9,986,2.2,7.69
2015,3,29,13,30,29,-8.6,921,2.2,7.99
2015,3,29,14,30,28.6,-8.1,784,2.3000000000000003,8.5
2015,3,29,15,30,27.3,-7.7,442,1.9000000000000001,9.48
2015,3,29,16,30,25,-0.6000000000000001,303,1.2000000000000002,18.56
2015,3,29,17,30,23,1.8,82,1,24.73
2015,3,29,18,30,22.400000000000002,-0.5,0,1,21.830000000000002
2015,3,29,19,30,22.1,-1.1,0,0.9,21.23
2015,3,29,20,30,21.400000000000002,-1.2000000000000002,0,0.9,22.04
2015,3,29,21,30,20.400000000000002,-0.7000000000000001,0,0.9,24.23
2015,3,29,22,30,19.1,-0.2,0,1.2000000000000002,27.3
2015,3,29,23,30,17.8,0.8,0,1.9000000000000001,31.78
2015,3,30,0,30,17,1.2000000000000002,0,2.5,34.4
2015,3,30,1,30,16.2,1.3,0,2.7,36.39
2015,3,30,2,30,15.200000000000001,1.9000000000000001,0,2.3000000000000003,40.52
2015,3,30,3,30,14.600000000000001,2.3000000000000003,0,1.9000000000000001,43.42
2015,3,30,4,30,14.200000000000001,2.6,0,1.7000000000000002,45.6
2015,3,30,5,30,14.100000000000001,2.9000000000000004,0,1.8,46.87
2015,3,30,6,30,15,3.2,51,2.6,45.17
2015,3,30,7,30,16.5,3.3000000000000003,160,3.4000000000000004,41.24
2015,3,30,8,30,18.1,3.4000000000000004,246,3.7,37.550000000000004
2015,3,30,9,30,19.900000000000002,3.4000000000000004,438,3.8000000000000003,33.7
2015,3,30,10,30,21.700000000000003,3.4000000000000004,459,4,30.13
2015,3,30,11,30,23.5,3.4000000000000004,487,3.9000000000000004,26.98
2015,3,30,12,30,25.1,3.1,555,3.8000000000000003,24.01
2015,3,30,13,30,26.1,2.8000000000000003,704,3.6,22.080000000000002
2015,3,30,14,30,26.5,2.4000000000000004,617,3.4000000000000004,20.95
2015,3,30,15,30,26.1,2.1,464,3.2,21.05
2015,3,30,16,30,24.400000000000002,2.2,296,2.4000000000000004,23.490000000000002
2015,3,30,17,30,21.3,5.1000000000000005,110,1.7000000000000002,34.77
2015,3,30,18,30,19.1,4.5,0,1.6,38.11
2015,3,30,19,30,18.5,4.4,0,1.5,39.44
2015,3,30,20,30,18.1,4.800000000000001,0,1.6,41.57
2015,3,30,21,30,17.7,5.9,0,2.1,45.76
2015,3,30,22,30,17,7.4,0,2.6,53.29
2015,3,30,23,30,16.1,8.9,0,2.8000000000000003,62.53
2015,3,31,0,30,15.5,9.9,0,2.5,69.23
2015,3,31,1,30,14.9,10.4,0,2,74.60000000000001
2015,3,31,2,30,14.600000000000001,10.4,0,1.7000000000000002,75.97
2015,3,31,3,30,14.3,10.200000000000001,0,1.5,76.15
2015,3,31,4,30,14.3,9.9,0,1.6,75.05
2015,3,31,5,30,14.700000000000001,9.700000000000001,0,1.9000000000000001,72
2015,3,31,6,30,16.2,9.4,60,3.1,64.2
2015,3,31,7,30,18.400000000000002,9,161,4.4,54.300000000000004
2015,3,31,8,30,20.700000000000003,8.1,416,5.300000000000001,44.18
2015,3,31,9,30,22.6,7.2,702,5.7,37.160000000000004
2015,3,31,10,30,23.400000000000002,7.2,694,5.300000000000001,35.27
2015,3,31,11,30,23.400000000000002,7.5,815,4.6000000000000005,36.14
2015,3,31,12,30,23,7.9,211,3.7,38.07
2015,3,31,13,30,22.400000000000002,8.3,63,3,40.44
2015,3,31,14,30,21.8,8.4,112,2.3000000000000003,42.31
2015,3,31,15,30,21.3,8.200000000000001,480,1.6,43.1
2015,3,31,16,30,20.6,8.1,121,1.2000000000000002,44.6
2015,3,31,17,30,19.1,8.700000000000001,140,1.3,50.77
2015,3,31,18,30,17.6,8.700000000000001,0,1.4000000000000001,56.050000000000004
2015,3,31,19,30,16.8,8.4,0,1.7000000000000002,57.59
2015,3,31,20,30,16.3,8.200000000000001,0,2.2,58.79
2015,3,31,21,30,15.700000000000001,8.3,0,2.5,61.24
2015,3,31,22,30,14.700000000000001,8.3,0,2.5,65.35
2015,3,31,23,30,13.700000000000001,8.200000000000001,0,2.6,69.26
2015,4,1,0,30,12.700000000000001,7.9,0,2.7,72.45
2015,4,1,1,30,11.8,7.300000000000001,0,2.7,73.69
2015,4,1,2,30,11,6.4,0,2.6,73.15
2015,4,1,3,30,10.4,5.6000000000000005,0,2.5,72.24
2015,4,1,4,30,10,5.1000000000000005,0,2.4000000000000004,71.69
2015,4,1,5,30,10.5,4.9,0,2.6,68.27
2015,4,1,6,30,12.8,5,82,3.3000000000000003,59.09
2015,4,1,7,30,16.7,5.1000000000000005,306,4.1000000000000005,46.37
2015,4,1,8,30,20.5,4.9,535,4.5,35.86
2015,4,1,9,30,23.200000000000003,4.3,731,4.5,29.25
2015,4,1,10,30,25.200000000000003,3.9000000000000004,879,4.5,25.17
2015,4,1,11,30,26.5,3.2,967,4.7,22.28
2015,4,1,12,30,27.3,2.6,495,5,20.37
2015,4,1,13,30,27.6,2.2,899,5.4,19.45
2015,4,1,14,30,27.5,2,787,5.7,19.29
2015,4,1,15,30,26.900000000000002,2,613,5.6000000000000005,19.900000000000002
2015,4,1,16,30,25.400000000000002,2,390,4.9,21.78
2015,4,1,17,30,22.200000000000003,2.7,157,3.2,27.79
2015,4,1,18,30,19.3,3.6,0,2.3000000000000003,35.4
2015,4,1,19,30,18.2,3.4000000000000004,0,2.4000000000000004,37.44
2015,4,1,20,30,17.400000000000002,3.1,0,2.9000000000000004,38.59
2015,4,1,21,30,16.5,2.9000000000000004,0,3.3000000000000003,40.18
2015,4,1,22,30,15.600000000000001,2.8000000000000003,0,3.6,42.09
2015,4,1,23,30,14.700000000000001,2.6,0,3.6,43.980000000000004
2015,4,2,0,30,13.700000000000001,2.3000000000000003,0,3.4000000000000004,46.02
2015,4,2,1,30,13,1.9000000000000001,0,3.5,46.96
2015,4,2,2,30,12.4,1.4000000000000001,0,3.3000000000000003,47.17
2015,4,2,3,30,11.8,0.9,0,2.9000000000000004,47.33
2015,4,2,4,30,11.200000000000001,0.6000000000000001,0,2.7,48.14
2015,4,2,5,30,11.700000000000001,0.5,0,2.9000000000000004,46.230000000000004
2015,4,2,6,30,14.3,0.8,92,3.9000000000000004,39.67
2015,4,2,7,30,18.3,0.9,324,5.300000000000001,31.14
2015,4,2,8,30,21.6,0.7000000000000001,557,6.300000000000001,24.98
2015,4,2,9,30,23.400000000000002,0.1,761,6.6000000000000005,21.47
2015,4,2,10,30,24.8,-1.1,910,6.800000000000001,18.06
2015,4,2,11,30,25.8,-2.3000000000000003,985,7,15.56
2015,4,2,12,30,26.400000000000002,-3.2,996,7.1000000000000005,14.05
2015,4,2,13,30,26.700000000000003,-3.8000000000000003,937,7.2,13.16
2015,4,2,14,30,27,-4.3,809,7.2,12.48
2015,4,2,15,30,26.700000000000003,-4.7,496,7,12.38
2015,4,2,16,30,25.3,-4.6000000000000005,400,5.9,13.540000000000001
2015,4,2,17,30,21.900000000000002,-3.4000000000000004,162,3.9000000000000004,18.13
2015,4,2,18,30,18.8,-1.7000000000000002,0,2.9000000000000004,24.89
2015,4,2,19,30,17.8,-1.4000000000000001,0,3.1,27.060000000000002
2015,4,2,20,30,17.3,-1.3,0,3.3000000000000003,28.29
2015,4,2,21,30,16.7,-0.9,0,3.3000000000000003,30.09
2015,4,2,22,30,15.8,-0.6000000000000001,0,3.2,32.69
2015,4,2,23,30,14.9,-0.5,0,3,34.9
2015,4,3,0,30,13.9,-0.4,0,2.8000000000000003,37.32
2015,4,3,1,30,12.9,-0.4,0,2.5,39.88
2015,4,3,2,30,12,-0.5,0,2.2,42.17
2015,4,3,3,30,11.100000000000001,-0.6000000000000001,0,2,44.45
2015,4,3,4,30,10.5,-0.6000000000000001,0,1.9000000000000001,46.13
2015,4,3,5,30,11.200000000000001,-0.6000000000000001,0,2.1,44.160000000000004
2015,4,3,6,30,13.9,-0.2,96,3.1,38.11
2015,4,3,7,30,17.400000000000002,-0.7000000000000001,328,4,29.18
2015,4,3,8,30,20.1,-2.2,562,3.5,22.23
2015,4,3,9,30,22.1,-3.1,763,2.5,18.330000000000002
2015,4,3,10,30,23.700000000000003,-3.8000000000000003,765,1.8,15.82
2015,4,3,11,30,24.900000000000002,-4.4,851,1.7000000000000002,14.07
2015,4,3,12,30,25.700000000000003,-5,837,1.8,12.83
2015,4,3,13,30,26,-5.5,733,1.8,12.1
2015,4,3,14,30,25.8,-6,563,1.6,11.83
2015,4,3,15,30,25.200000000000003,-6.300000000000001,433,1.2000000000000002,11.93
2015,4,3,16,30,23.700000000000003,-6.4,171,0.9,12.96
2015,4,3,17,30,20.900000000000002,-2,77,1.4000000000000001,21.330000000000002
2015,4,3,18,30,18.5,-0.6000000000000001,0,2.9000000000000004,27.51
2015,4,3,19,30,17.400000000000002,-1.9000000000000001,0,4.9,26.900000000000002
2015,4,3,20,30,16.1,-1.5,0,5.9,29.91
2015,4,3,21,30,14.600000000000001,-1.1,0,6,33.99
2015,4,3,22,30,13.600000000000001,-1.2000000000000002,0,6.1000000000000005,35.980000000000004
2015,4,3,23,30,12.8,-1.2000000000000002,0,6.7,38.050000000000004
2015,4,4,0,30,12,-0.9,0,7.5,40.980000000000004
2015,4,4,1,30,11,-0.4,0,7.7,45.14
2015,4,4,2,30,10.3,-0.1,0,7.2,48.5
2015,4,4,3,30,9.700000000000001,0.30000000000000004,0,6.5,51.86
2015,4,4,4,30,9.200000000000001,0.6000000000000001,0,6,54.89
2015,4,4,5,30,9,0.9,0,6.1000000000000005,56.79
2015,4,4,6,30,9.8,1.2000000000000002,45,6.7,54.910000000000004
2015,4,4,7,30,11.700000000000001,1.4000000000000001,183,7.1000000000000005,49.35
2015,4,4,8,30,13.9,1.7000000000000002,510,6.800000000000001,43.550000000000004
2015,4,4,9,30,16.1,2,506,6.4,38.64
2015,4,4,10,30,17.900000000000002,2.5,699,6.1000000000000005,35.59
2015,4,4,11,30,19.400000000000002,3,761,5.7,33.75
2015,4,4,12,30,20.5,3.8000000000000003,786,5.2,33.29
2015,4,4,13,30,20.900000000000002,4.7,706,4.7,34.550000000000004
2015,4,4,14,30,21.1,5.5,590,4.6000000000000005,36.02
2015,4,4,15,30,21.3,6,446,4.4,36.910000000000004
2015,4,4,16,30,20.8,6.5,311,3.7,39.32
2015,4,4,17,30,19,7.300000000000001,116,2.8000000000000003,46.45
2015,4,4,18,30,17.400000000000002,7.6000000000000005,0,2.8000000000000003,52.54
2015,4,4,19,30,16.6,7.7,0,3.2,55.79
2015,4,4,20,30,15.9,8,0,3.4000000000000004,59.26
2015,4,4,21,30,15.100000000000001,8.3,0,3.8000000000000003,63.71
2015,4,4,22,30,14.5,8.5,0,4,67.19
2015,4,4,23,30,14,8.5,0,3.7,69.66
2015,4,5,0,30,13.600000000000001,8.5,0,3.2,71.3
2015,4,5,1,30,13.100000000000001,8.5,0,2.4000000000000004,73.55
2015,4,5,2,30,12.600000000000001,8.5,0,1.8,76.24
2015,4,5,3,30,12.3,8.6,0,1.8,77.98
2015,4,5,4,30,12.100000000000001,8.4,0,1.9000000000000001,78.12
2015,4,5,5,30,12.600000000000001,7.9,0,2.1,72.89
2015,4,5,6,30,14.8,7.2,100,2.7,60.56
2015,4,5,7,30,18.400000000000002,6.300000000000001,331,3.9000000000000004,45.27
2015,4,5,8,30,21.5,2.3000000000000003,564,4.800000000000001,28.19
2015,4,5,9,30,23.5,-0.7000000000000001,761,4.9,20.09
2015,4,5,10,30,25.1,-2.5,907,5,16
2015,4,5,11,30,26.3,-3.4000000000000004,900,5.2,13.92
2015,4,5,12,30,27.1,-3.3000000000000003,819,5.5,13.35
2015,4,5,13,30,27.6,-2.8000000000000003,801,5.6000000000000005,13.450000000000001
2015,4,5,14,30,27.700000000000003,-2.4000000000000004,797,5.7,13.84
2015,4,5,15,30,27.3,-2.1,597,5.800000000000001,14.48
2015,4,5,16,30,25.900000000000002,-1.6,297,5,16.26
2015,4,5,17,30,23.3,-0.2,100,3.5,21.080000000000002
2015,4,5,18,30,21.200000000000003,1.1,0,2.9000000000000004,26.41
2015,4,5,19,30,20.1,1.1,0,2.8000000000000003,28.21
2015,4,5,20,30,18.7,1.2000000000000002,0,2.4000000000000004,31.060000000000002
2015,4,5,21,30,17.1,1.5,0,2,34.910000000000004
2015,4,5,22,30,15.700000000000001,1.4000000000000001,0,1.8,38.08
2015,4,5,23,30,14.700000000000001,1.3,0,1.7000000000000002,40.31
2015,4,6,0,30,13.9,1.2000000000000002,0,1.7000000000000002,42.13
2015,4,6,1,30,13.3,1.2000000000000002,0,1.6,43.63
2015,4,6,2,30,12.700000000000001,1.1,0,1.6,45.03
2015,4,6,3,30,12.100000000000001,0.9,0,1.6,46.27
2015,4,6,4,30,11.600000000000001,0.7000000000000001,0,1.6,47.21
2015,4,6,5,30,12.4,0.6000000000000001,0,1.8,44.300000000000004
2015,4,6,6,30,14.600000000000001,0.9,54,2.5,39.27
2015,4,6,7,30,17,0.4,82,3.2,32.52
2015,4,6,8,30,19.900000000000002,-0.4,307,3.9000000000000004,25.62
2015,4,6,9,30,23.1,-4.3,759,4.9,15.76
2015,4,6,10,30,25.200000000000003,-4.9,844,5.4,13.26
2015,4,6,11,30,26.6,-4.3,993,5.6000000000000005,12.83
2015,4,6,12,30,27.5,-3.7,1003,5.7,12.72
2015,4,6,13,30,27.900000000000002,-3.2,941,5.7,12.89
2015,4,6,14,30,28.1,-2.9000000000000004,809,5.9,13.05
2015,4,6,15,30,27.700000000000003,-2.8000000000000003,628,6,13.43
2015,4,6,16,30,26.3,-2.8000000000000003,404,5.5,14.61
2015,4,6,17,30,23.1,-2.1,169,4.1000000000000005,18.63
2015,4,6,18,30,20.1,-1.2000000000000002,0,3.6,23.91
2015,4,6,19,30,18.8,-1.5,0,3.8000000000000003,25.25
2015,4,6,20,30,17.6,-1.7000000000000002,0,3.6,26.96
2015,4,6,21,30,16.3,-1.6,0,3.3000000000000003,29.39
2015,4,6,22,30,15.200000000000001,-1.5,0,2.9000000000000004,31.650000000000002
2015,4,6,23,30,14.100000000000001,-1.5,0,2.5,33.980000000000004
2015,4,7,0,30,13.3,-1.6,0,2.1,35.76
2015,4,7,1,30,12.5,-1.5,0,1.9000000000000001,37.77
2015,4,7,2,30,11.700000000000001,-1.6,0,1.7000000000000002,39.71
2015,4,7,3,30,11.200000000000001,-1.6,0,1.5,40.85
2015,4,7,4,30,10.9,-1.7000000000000002,0,1.4000000000000001,41.44
2015,4,7,5,30,11.700000000000001,-1.7000000000000002,0,1.3,39.17
2015,4,7,6,30,14.600000000000001,-0.6000000000000001,112,1.7000000000000002,35.28
2015,4,7,7,30,18.7,-1.4000000000000001,345,2.9000000000000004,25.63
2015,4,7,8,30,22.200000000000003,-3.3000000000000003,577,4,17.91
2015,4,7,9,30,24.3,-4.4,775,4.800000000000001,14.55
2015,4,7,10,30,25.8,-4.2,920,5.4,13.48
2015,4,7,11,30,27,-4.1000000000000005,1006,5.800000000000001,12.73
2015,4,7,12,30,27.8,-3.9000000000000004,1012,6.2,12.26
2015,4,7,13,30,28.400000000000002,-3.7,949,6.6000000000000005,12.040000000000001
2015,4,7,14,30,28.5,-3.4000000000000004,816,6.800000000000001,12.21
2015,4,7,15,30,28.1,-3,630,6.800000000000001,12.89
2015,4,7,16,30,26.8,-2.4000000000000004,403,6,14.52
2015,4,7,17,30,23.5,-1.3,169,4.1000000000000005,19.18
2015,4,7,18,30,20.400000000000002,0.30000000000000004,0,2.8000000000000003,26.150000000000002
2015,4,7,19,30,19.1,0.9,0,2.8000000000000003,29.580000000000002
2015,4,7,20,30,18.400000000000002,1.4000000000000001,0,3.1,31.96
2015,4,7,21,30,17.900000000000002,1.8,0,3.4000000000000004,33.88
2015,4,7,22,30,17.5,2.1,0,3.5,35.65
2015,4,7,23,30,17.1,2.5,0,3.3000000000000003,37.480000000000004
2015,4,8,0,30,16.8,2.7,0,3.2,38.96
2015,4,8,1,30,16.3,2.9000000000000004,0,2.8000000000000003,40.550000000000004
2015,4,8,2,30,15.100000000000001,3,0,2.2,44.24
2015,4,8,3,30,14,3,0,1.8,47.32
2015,4,8,4,30,13.700000000000001,3,0,1.7000000000000002,48.28
2015,4,8,5,30,14.700000000000001,3.1,0,2,45.72
2015,4,8,6,30,17.3,3.6,98,3.2,40.09
2015,4,8,7,30,20.200000000000003,3.5,333,4.5,33.28
2015,4,8,8,30,22.1,2.6,479,5.300000000000001,27.75
2015,4,8,9,30,23.6,2.3000000000000003,404,5.800000000000001,24.8
2015,4,8,10,30,25.6,3.1,685,6.7,23.23
2015,4,8,11,30,27.6,3.5,511,7.5,21.35
2015,4,8,12,30,28.700000000000003,3,799,8.3,19.23
2015,4,8,13,30,28.900000000000002,1.7000000000000002,733,9.1,17.34
2015,4,8,14,30,28.5,0.1,654,9.5,15.83
2015,4,8,15,30,27.6,-1.8,489,9.1,14.49
2015,4,8,16,30,26.200000000000003,-3.9000000000000004,392,7.9,13.51
2015,4,8,17,30,23.3,-5.800000000000001,179,6,13.93
2015,4,8,18,30,19.900000000000002,-6.5,0,4.4,16.28
2015,4,8,19,30,17.5,-6.800000000000001,0,3.7,18.41
2015,4,8,20,30,15.700000000000001,-6.6000000000000005,0,3.4000000000000004,21.03
2015,4,8,21,30,14.200000000000001,-5.9,0,3.1,24.29
2015,4,8,22,30,12.8,-5,0,2.7,28.61
2015,4,8,23,30,11.5,-4.1000000000000005,0,2.3000000000000003,33.43
2015,4,9,0,30,10.5,-3.4000000000000004,0,2,37.6
2015,4,9,1,30,9.700000000000001,-3,0,1.9000000000000001,40.85
2015,4,9,2,30,9.1,-2.8000000000000003,0,1.8,43.08
2015,4,9,3,30,8.6,-2.8000000000000003,0,1.8,44.74
2015,4,9,4,30,8.1,-2.8000000000000003,0,1.7000000000000002,46.07
2015,4,9,5,30,8.9,-2.9000000000000004,0,2,43.33
2015,4,9,6,30,11.700000000000001,-2.7,109,3,36.51
2015,4,9,7,30,15.200000000000001,-4,299,3.6,26.42
2015,4,9,8,30,17.8,-7.1000000000000005,592,3.1,17.740000000000002
2015,4,9,9,30,19.700000000000003,-8,786,2.5,14.620000000000001
2015,4,9,10,30,21.3,-8.3,799,2.5,12.98
2015,4,9,11,30,22.1,-8.6,901,3,12.040000000000001
2015,4,9,12,30,22.700000000000003,-8.9,871,3.3000000000000003,11.33
2015,4,9,13,30,23.700000000000003,-9,764,3.2,10.64
2015,4,9,14,30,24.3,-9.1,237,2.6,10.120000000000001
2015,4,9,15,30,24,-9.3,532,1.8,10.21
2015,4,9,16,30,22.700000000000003,-8.3,326,1,11.86
2015,4,9,17,30,20.200000000000003,-2,136,0.9,22.32
2015,4,9,18,30,17.7,-3.5,0,1.1,23.37
2015,4,9,19,30,16.2,-4.3,0,1.3,24.27
2015,4,9,20,30,15,-4.2,0,1.5,26.27
2015,4,9,21,30,13.9,-4,0,1.7000000000000002,28.68
2015,4,9,22,30,13.100000000000001,-3.4000000000000004,0,1.7000000000000002,31.59
2015,4,9,23,30,12.5,-2.8000000000000003,0,1.6,34.43
2015,4,10,0,30,12.200000000000001,-2.4000000000000004,0,1.4000000000000001,36.18
2015,4,10,1,30,12.100000000000001,-2.2,0,1.2000000000000002,36.99
2015,4,10,2,30,12.100000000000001,-2.1,0,1,37.19
2015,4,10,3,30,11.700000000000001,-1.9000000000000001,0,1,38.83
2015,4,10,4,30,11.3,-1.5,0,1.2000000000000002,40.96
2015,4,10,5,30,11.600000000000001,-1,0,1.7000000000000002,41.59
2015,4,10,6,30,13.5,-0.1,114,2.5,39.29
2015,4,10,7,30,16.6,0.4,338,3,33.38
2015,4,10,8,30,19.900000000000002,0.9,562,2.8000000000000003,28.17
2015,4,10,9,30,22.700000000000003,0.8,755,2.7,23.47
2015,4,10,10,30,24.8,0.5,797,2.9000000000000004,20.27
2015,4,10,11,30,26.3,1.1,950,3.2,19.32
2015,4,10,12,30,27.3,2,878,3.5,19.51
2015,4,10,13,30,27.8,2.9000000000000004,784,3.8000000000000003,20.16
2015,4,10,14,30,27.900000000000002,3.6,476,4,21
2015,4,10,15,30,27.400000000000002,4,400,3.9000000000000004,22.27
2015,4,10,16,30,26.400000000000002,4.2,270,3.1,24.07
2015,4,10,17,30,23.900000000000002,5.4,109,1.9000000000000001,30.37
2015,4,10,18,30,21.6,6.4,0,1.5,37.28
2015,4,10,19,30,20.6,6.1000000000000005,0,1.8,38.81
2015,4,10,20,30,19.700000000000003,5.800000000000001,0,2.4000000000000004,40.300000000000004
2015,4,10,21,30,18.7,5.5,0,2.9000000000000004,42.01
2015,4,10,22,30,17.3,5.1000000000000005,0,3.1,44.63
2015,4,10,23,30,16,4.7,0,3.1,47.1
2015,4,11,0,30,14.9,4.3,0,3.4000000000000004,49.01
2015,4,11,1,30,14.100000000000001,3.7,0,3.7,49.52
2015,4,11,2,30,12.9,3.1,0,3.2,51.36
2015,4,11,3,30,11.700000000000001,2.7,0,2.6,53.870000000000005
2015,4,11,4,30,10.700000000000001,2.3000000000000003,0,2.1,55.97
2015,4,11,5,30,11.4,1.9000000000000001,0,2.2,51.97
2015,4,11,6,30,14.3,1.8,126,2.9000000000000004,42.81
2015,4,11,7,30,18.2,1.6,359,3.7,32.78
2015,4,11,8,30,21.5,-0.7000000000000001,590,4.2,22.69
2015,4,11,9,30,23.6,-2.3000000000000003,787,4.2,17.82
2015,4,11,10,30,25.200000000000003,-3.2,931,4.1000000000000005,15.06
2015,4,11,11,30,26.5,-3.7,1010,4.1000000000000005,13.42
2015,4,11,12,30,27.400000000000002,-3.8000000000000003,1019,4.1000000000000005,12.68
2015,4,11,13,30,27.8,-3.7,956,4.1000000000000005,12.51
2015,4,11,14,30,27.8,-3.6,826,4.1000000000000005,12.6
2015,4,11,15,30,27.3,-3.7,638,3.8000000000000003,12.870000000000001
2015,4,11,16,30,26,-3.7,395,3.1,13.91
2015,4,11,17,30,22.900000000000002,-1.1,90,2,20.18
2015,4,11,18,30,20.3,1.5,0,1.5,28.54
2015,4,11,19,30,19.6,1.5,0,1.6,29.98
2015,4,11,20,30,19,2,0,2.1,32.14
2015,4,11,21,30,18.5,2.5,0,3.2,34.4
2015,4,11,22,30,17.900000000000002,3,0,4,37.06
2015,4,11,23,30,16.900000000000002,3.4000000000000004,0,4,40.44
2015,4,12,0,30,15.700000000000001,3.1,0,4,42.78
2015,4,12,1,30,14.5,2.1,0,3.7,43.21
2015,4,12,2,30,13.600000000000001,1.2000000000000002,0,3.3000000000000003,42.96
2015,4,12,3,30,13.200000000000001,0.8,0,3.5,42.81
2015,4,12,4,30,13.100000000000001,0.9,0,3.8000000000000003,43.24
2015,4,12,5,30,13,1.7000000000000002,0,3.5,46.2
2015,4,12,6,30,13.200000000000001,3,28,3.2,50.14
2015,4,12,7,30,14.600000000000001,4,146,3.2,49
2015,4,12,8,30,16.1,4,81,3.4000000000000004,44.59
2015,4,12,9,30,16.3,4.800000000000001,206,3.3000000000000003,46.31
2015,4,12,10,30,15.700000000000001,6.1000000000000005,84,2.8000000000000003,52.84
2015,4,12,11,30,15.700000000000001,6.9,387,2.3000000000000003,55.81
2015,4,12,12,30,16.1,7.2,653,2,55.7
2015,4,12,13,30,16.5,7.300000000000001,289,2,54.59
2015,4,12,14,30,16.900000000000002,7.300000000000001,322,2.3000000000000003,53.07
2015,4,12,15,30,16.8,7.2,222,2.7,52.96
2015,4,12,16,30,16.3,7,83,3,54.07
2015,4,12,17,30,15.200000000000001,6.800000000000001,73,2.3000000000000003,57.44
2015,4,12,18,30,13.9,7.2,0,1.5,64.16
2015,4,12,19,30,13.100000000000001,7.300000000000001,0,1.6,68.02
2015,4,12,20,30,12.5,7.300000000000001,0,1.9000000000000001,70.73
2015,4,12,21,30,12,7.4,0,2.3000000000000003,73.52
2015,4,12,22,30,11.600000000000001,7.6000000000000005,0,2.9000000000000004,76.56
2015,4,12,23,30,11.3,7.9,0,3.4000000000000004,79.86
2015,4,13,0,30,11.100000000000001,8.3,0,3.1,82.60000000000001
2015,4,13,1,30,10.9,8.3,0,2.4000000000000004,84.17
2015,4,13,2,30,10.600000000000001,8.3,0,1.8,85.39
2015,4,13,3,30,10.3,8,0,1.4000000000000001,85.83
2015,4,13,4,30,9.9,7.800000000000001,0,1.2000000000000002,86.8
2015,4,13,5,30,10.100000000000001,7.7,0,1.9000000000000001,85.06
2015,4,13,6,30,11.4,7.800000000000001,100,4,78.31
2015,4,13,7,30,12.9,7.4,98,6.300000000000001,69.28
2015,4,13,8,30,14.100000000000001,6.300000000000001,119,7.7,59.31
2015,4,13,9,30,15.4,5.2,585,8.200000000000001,50.56
2015,4,13,10,30,16.5,4.2,288,8.5,44.08
2015,4,13,11,30,17.400000000000002,3.4000000000000004,239,8.4,39.21
2015,4,13,12,30,17.7,2.8000000000000003,93,8.1,36.97
2015,4,13,13,30,17.6,2.6,136,7.7,36.61
2015,4,13,14,30,16.900000000000002,2.7,72,7.300000000000001,38.63
2015,4,13,15,30,16,2.9000000000000004,46,6.800000000000001,41.5
2015,4,13,16,30,14.8,3,23,6.2,44.980000000000004
2015,4,13,17,30,13.3,3,68,5.1000000000000005,49.54
2015,4,13,18,30,11.9,3.2,0,3.9000000000000004,55.15
2015,4,13,19,30,10.8,3.5,0,3.2,60.51
2015,4,13,20,30,9.8,3.6,0,2.5,65.31
2015,4,13,21,30,8.9,3.6,0,1.8,69.61
2015,4,13,22,30,8,3.6,0,1.5,74
2015,4,13,23,30,7.4,3.6,0,1.5,76.63
2015,4,14,0,30,6.800000000000001,3.4000000000000004,0,1.4000000000000001,78.7
2015,4,14,1,30,6.300000000000001,3.1,0,1.3,79.91
2015,4,14,2,30,5.800000000000001,2.8000000000000003,0,1.2000000000000002,81.10000000000001
2015,4,14,3,30,5.300000000000001,2.5,0,1.2000000000000002,82.42
2015,4,14,4,30,4.9,2.3000000000000003,0,1.1,83.31
2015,4,14,5,30,5.800000000000001,2.1,0,1.5,77.08
2015,4,14,6,30,8.700000000000001,2,140,2.3000000000000003,62.82
2015,4,14,7,30,12,1.8,375,2.7,49.82
2015,4,14,8,30,14.8,1.4000000000000001,603,2.5,40.1
2015,4,14,9,30,16.900000000000002,0.7000000000000001,798,2.3000000000000003,33.33
2015,4,14,10,30,18.7,-0.1,940,2.1,28.1
2015,4,14,11,30,20.1,-0.8,1019,1.9000000000000001,24.490000000000002
2015,4,14,12,30,21,-1.3,1026,1.6,22.44
2015,4,14,13,30,21.6,-1.5,963,1.5,21.23
2015,4,14,14,30,21.700000000000003,-1.7000000000000002,832,1.5,20.85
2015,4,14,15,30,21.400000000000002,-1.9000000000000001,648,1.6,20.85
2015,4,14,16,30,20.400000000000002,-2.2,428,1.6,21.78
2015,4,14,17,30,18,-1.4000000000000001,191,1.3,26.85
2015,4,14,18,30,15.3,1.1,0,1.1,37.99
2015,4,14,19,30,13.8,0.1,0,1.3,39.11
2015,4,14,20,30,12.8,-0.30000000000000004,0,1.4000000000000001,40.64
2015,4,14,21,30,11.8,-0.4,0,1.6,42.9
2015,4,14,22,30,11,-0.5,0,1.6,44.88
2015,4,14,23,30,10.4,-0.5,0,1.7000000000000002,46.76
2015,4,15,0,30,9.700000000000001,-0.4,0,1.7000000000000002,49.35
2015,4,15,1,30,9.200000000000001,-0.30000000000000004,0,1.8,51.550000000000004
2015,4,15,2,30,8.8,-0.1,0,1.8,53.6
2015,4,15,3,30,8.4,0.1,0,1.9000000000000001,55.88
2015,4,15,4,30,8,0.4,0,1.8,58.660000000000004
2015,4,15,5,30,9.1,0.7000000000000001,0,2.2,55.71
2015,4,15,6,30,12,1.3,140,3.1,47.79
2015,4,15,7,30,15.700000000000001,1.6,370,3.6,38.550000000000004
2015,4,15,8,30,19.8,1.4000000000000001,599,4.3,29.39
2015,4,15,9,30,22.900000000000002,-0.1,792,4.9,21.71
2015,4,15,10,30,24.700000000000003,-1.3,937,5.300000000000001,17.91
2015,4,15,11,30,25.8,-1.9000000000000001,1019,5.7,16.06
2015,4,15,12,30,26.400000000000002,-2.2,1027,5.9,15.14
2015,4,15,13,30,26.700000000000003,-2.4000000000000004,960,6.2,14.67
2015,4,15,14,30,26.6,-2.5,830,6.4,14.65
2015,4,15,15,30,26.1,-2.5,646,6.5,15.120000000000001
2015,4,15,16,30,24.8,-2.2,410,6,16.66
2015,4,15,17,30,22,-1.4000000000000001,187,4.5,20.89
2015,4,15,18,30,19.1,0.1,0,3.4000000000000004,27.85
2015,4,15,19,30,17.6,0.5,0,3.4000000000000004,31.55
2015,4,15,20,30,16.8,0.7000000000000001,0,3.8000000000000003,33.74
2015,4,15,21,30,16.1,1,0,4.2,35.86
2015,4,15,22,30,15.200000000000001,1.2000000000000002,0,4.4,38.6
2015,4,15,23,30,14.200000000000001,1.2000000000000002,0,4.3,41.29
2015,4,16,0,30,13.100000000000001,0.8,0,3.9000000000000004,42.94
2015,4,16,1,30,11.9,-0.1,0,3.1,43.5
2015,4,16,2,30,10.600000000000001,-1.1,0,2.3000000000000003,44.09
2015,4,16,3,30,9.700000000000001,-1.9000000000000001,0,1.9000000000000001,44.21
2015,4,16,4,30,8.9,-2.4000000000000004,0,1.6,44.96
2015,4,16,5,30,9.9,-2.6,0,1.8,41.5
2015,4,16,6,30,13,-2.1,101,3,35.17
2015,4,16,7,30,16.2,-4.5,381,4.7,23.92
2015,4,16,8,30,18.5,-6.9,611,5.800000000000001,17.16
2015,4,16,9,30,20.3,-5.1000000000000005,806,6.4,17.67
2015,4,16,10,30,21.8,-4,353,7,17.5
2015,4,16,11,30,23,-3.7,721,7.4,16.6
2015,4,16,12,30,23.700000000000003,-4.2,784,7.6000000000000005,15.34
2015,4,16,13,30,23.900000000000002,-5.4,808,7.800000000000001,13.83
2015,4,16,14,30,23.5,-7.300000000000001,600,7.9,12.21
2015,4,16,15,30,22.5,-9.8,259,7.7,10.71
2015,4,16,16,30,20.900000000000002,-12.100000000000001,414,6.800000000000001,9.83
2015,4,16,17,30,17.8,-13.5,117,5.1000000000000005,10.67
2015,4,16,18,30,14.4,-12.5,0,3.8000000000000003,14.36
2015,4,16,19,30,12.3,-12.600000000000001,0,3.6,16.330000000000002
2015,4,16,20,30,10.8,-12.700000000000001,0,3.2,17.95
2015,4,16,21,30,9.5,-12.100000000000001,0,2.7,20.47
2015,4,16,22,30,8.3,-11.5,0,2.4000000000000004,23.26
2015,4,16,23,30,7.2,-11,0,2.2,26.1
2015,4,17,0,30,6.1000000000000005,-10.5,0,1.9000000000000001,29.27
2015,4,17,1,30,5.1000000000000005,-10.100000000000001,0,1.7000000000000002,32.55
2015,4,17,2,30,4.3,-9.600000000000001,0,1.5,35.64
2015,4,17,3,30,3.9000000000000004,-9.3,0,1.3,37.52
2015,4,17,4,30,4.2,-9.4,0,1.1,36.49
2015,4,17,5,30,5.6000000000000005,-10,0,0.8,31.63
2015,4,17,6,30,8.1,-8.700000000000001,162,0.7000000000000001,29.35
2015,4,17,7,30,11.700000000000001,-10.4,407,1.4000000000000001,20.22
2015,4,17,8,30,14.9,-13.4,642,2.7,12.93
2015,4,17,9,30,16.7,-13.700000000000001,842,3.6,11.25
2015,4,17,10,30,18.1,-13.3,978,4.2,10.66
2015,4,17,11,30,19.1,-13,1056,4.7,10.23
2015,4,17,12,30,19.8,-12.8,1062,4.9,9.92
2015,4,17,13,30,20.200000000000003,-12.700000000000001,997,5,9.82
2015,4,17,14,30,20.400000000000002,-12.4,865,5,9.870000000000001
2015,4,17,15,30,20.200000000000003,-12.200000000000001,677,4.9,10.21
2015,4,17,16,30,19.3,-11.9,449,4.3,11.05
2015,4,17,17,30,16.3,-10.700000000000001,205,2.8000000000000003,14.71
2015,4,17,18,30,13,-6.5,0,1.8,25.14
2015,4,17,19,30,11.600000000000001,-6.7,0,2,27.28
2015,4,17,20,30,10.700000000000001,-7,0,2.1,28.3
2015,4,17,21,30,9.700000000000001,-7.2,0,2.2,29.7
2015,4,17,22,30,8.700000000000001,-7.300000000000001,0,2.1,31.48
2015,4,17,23,30,7.7,-7.300000000000001,0,1.9000000000000001,33.8
2015,4,18,0,30,6.800000000000001,-7.1000000000000005,0,1.7000000000000002,36.52
2015,4,18,1,30,6.300000000000001,-6.800000000000001,0,1.4000000000000001,38.42
2015,4,18,2,30,6.300000000000001,-6.800000000000001,0,1.3,38.59
2015,4,18,3,30,6.6000000000000005,-6.9,0,1,37.51
2015,4,18,4,30,6.7,-7.1000000000000005,0,0.9,36.71
2015,4,18,5,30,7.300000000000001,-7,0,1.1,35.46
2015,4,18,6,30,9.600000000000001,-5.7,160,2.2,33.410000000000004
2015,4,18,7,30,13.700000000000001,-6.7,398,3.7,23.69
2015,4,18,8,30,17.6,-6.9,629,4.9,18.14
2015,4,18,9,30,19.8,-6.800000000000001,819,5.7,15.96
2015,4,18,10,30,21.1,-7,957,6.2,14.55
2015,4,18,11,30,22.200000000000003,-6.800000000000001,1033,6.6000000000000005,13.74
2015,4,18,12,30,22.900000000000002,-6.2,1040,6.800000000000001,13.8
2015,4,18,13,30,23.3,-5.4,975,7.1000000000000005,14.3
2015,4,18,14,30,23.400000000000002,-5,844,7.2,14.73
2015,4,18,15,30,23.1,-4.9,660,7.1000000000000005,15.040000000000001
2015,4,18,16,30,22.1,-5.1000000000000005,436,6.5,15.76
2015,4,18,17,30,19.6,-5,199,4.800000000000001,18.490000000000002
2015,4,18,18,30,16.8,-4.1000000000000005,0,3.6,23.68
2015,4,18,19,30,15.5,-4.1000000000000005,0,3.9000000000000004,25.650000000000002
2015,4,18,20,30,14.8,-4.5,0,4.5,26.16
2015,4,18,21,30,13.9,-4.7,0,4.800000000000001,27.22
2015,4,18,22,30,12.9,-4.7,0,4.800000000000001,28.98
2015,4,18,23,30,12,-4.6000000000000005,0,4.7,31.04
2015,4,19,0,30,11.200000000000001,-4.4,0,4.5,33.13
2015,4,19,1,30,10.3,-4.3,0,3.9000000000000004,35.480000000000004
2015,4,19,2,30,9.4,-4.2,0,3.1,38.01
2015,4,19,3,30,8.5,-4.1000000000000005,0,2.5,40.69
2015,4,19,4,30,7.800000000000001,-4.1000000000000005,0,2.1,42.82
2015,4,19,5,30,8.700000000000001,-3.9000000000000004,0,2.2,40.65
2015,4,19,6,30,11.600000000000001,-3.5,162,2.6,34.61
2015,4,19,7,30,15.600000000000001,-3.4000000000000004,397,3.2,26.86
2015,4,19,8,30,19.700000000000003,-4.4,625,3.9000000000000004,19.28
2015,4,19,9,30,22.200000000000003,-4.7,818,3.6,16.17
2015,4,19,10,30,23.6,-4.3,959,3,15.33
2015,4,19,11,30,24.700000000000003,-4,1034,2.6,14.65
2015,4,19,12,30,25.400000000000002,-3.9000000000000004,1036,2.4000000000000004,14.120000000000001
2015,4,19,13,30,25.700000000000003,-4.1000000000000005,973,2.4000000000000004,13.65
2015,4,19,14,30,25.700000000000003,-4.6000000000000005,829,2.3000000000000003,13.21
2015,4,19,15,30,25.3,-5.1000000000000005,323,2.2,13.01
2015,4,19,16,30,24.3,-5.6000000000000005,403,1.8,13.33
2015,4,19,17,30,21.900000000000002,-3.2,115,1.1,18.41
2015,4,19,18,30,19.700000000000003,-0.8,5,0.8,25.18
2015,4,19,19,30,18.6,-2.1,0,0.9,24.580000000000002
2015,4,19,20,30,17.400000000000002,-2.2,0,1.2000000000000002,26.25
2015,4,19,21,30,15.9,-1.7000000000000002,0,1.5,29.84
2015,4,19,22,30,14.4,-1.3,0,1.8,33.88
2015,4,19,23,30,13,-0.9,0,2.1,38.230000000000004
2015,4,20,0,30,12.100000000000001,-0.7000000000000001,0,2.5,41.28
2015,4,20,1,30,11.3,-0.30000000000000004,0,3,44.57
2015,4,20,2,30,10.4,0,0,3.2,48.65
2015,4,20,3,30,9.600000000000001,0.5,0,3.1,53
2015,4,20,4,30,8.9,0.9,0,3,57.28
2015,4,20,5,30,9.3,1.3,0,3.4000000000000004,57.25
2015,4,20,6,30,11.700000000000001,1.7000000000000002,158,3.7,50.38
2015,4,20,7,30,15.4,1.6,390,3.7,39.38
2015,4,20,8,30,18.8,0.7000000000000001,615,3.6,29.57
2015,4,20,9,30,21.5,0.1,806,3.1,24.1
2015,4,20,10,30,23.6,-0.5,946,2.2,20.25
2015,4,20,11,30,25.1,-1.3,1022,1.4000000000000001,17.44
2015,4,20,12,30,26,-2.1,1033,1.1,15.620000000000001
2015,4,20,13,30,26.5,-2.8000000000000003,969,1.4000000000000001,14.4
2015,4,20,14,30,26.5,-3.4000000000000004,834,1.9000000000000001,13.74
2015,4,20,15,30,26.1,-4,654,2.2,13.530000000000001
2015,4,20,16,30,25,-4.3,409,2.2,14.07
2015,4,20,17,30,22.6,-2.8000000000000003,197,1.4000000000000001,18.150000000000002
2015,4,20,18,30,20.6,-0.2,13,0.9,24.900000000000002
2015,4,20,19,30,19.8,-2.1,0,0.8,22.81
2015,4,20,20,30,18.7,-2.3000000000000003,0,1,24.02
2015,4,20,21,30,17.2,-2.8000000000000003,0,1.5,25.38
2015,4,20,22,30,15.8,-2.5,0,1.9000000000000001,28.34
2015,4,20,23,30,14.600000000000001,-2.4000000000000004,0,2.2,30.96
2015,4,21,0,30,13.5,-2.5,0,2.2,33.01
2015,4,21,1,30,12.3,-2.5,0,2.1,35.67
2015,4,21,2,30,11.5,-2.5,0,1.9000000000000001,37.64
2015,4,21,3,30,11,-2.4000000000000004,0,1.7000000000000002,39.07
2015,4,21,4,30,10.8,-2.3000000000000003,0,1.6,39.800000000000004
2015,4,21,5,30,12.100000000000001,-2.2,0,1.7000000000000002,36.92
2015,4,21,6,30,15.3,-1.2000000000000002,162,2.4000000000000004,32.2
2015,4,21,7,30,19.400000000000002,-1.9000000000000001,395,2.8000000000000003,23.6
2015,4,21,8,30,22.700000000000003,-3.5,620,2.8000000000000003,17.21
2015,4,21,9,30,24.700000000000003,-3.6,815,2.7,15.05
2015,4,21,10,30,26,-3.5,954,2.9000000000000004,14.08
2015,4,21,11,30,27,-3.5,1026,3.4000000000000004,13.25
2015,4,21,12,30,27.5,-3.8000000000000003,1032,3.9000000000000004,12.65
2015,4,21,13,30,27.6,-4.1000000000000005,972,4.2,12.23
2015,4,21,14,30,27.400000000000002,-4.6000000000000005,842,4.3,11.93
2015,4,21,15,30,26.8,-5.2,658,4.1000000000000005,11.82
2015,4,21,16,30,25.6,-5.800000000000001,436,3.4000000000000004,12.09
2015,4,21,17,30,22.700000000000003,-4.5,201,2,15.85
2015,4,21,18,30,20.1,-1.3,14,1.2000000000000002,23.61
2015,4,21,19,30,19,-2.4000000000000004,0,1.1,23.3
2015,4,21,20,30,18.2,-3,0,1.3,23.47
2015,4,21,21,30,16.7,-3.5,0,1.7000000000000002,24.98
2015,4,21,22,30,14.9,-3,0,2.1,28.89
2015,4,21,23,30,13.700000000000001,-3,0,2.4000000000000004,31.23
2015,4,22,0,30,12.8,-3.1,0,2.6,33.05
2015,4,22,1,30,12.100000000000001,-3,0,2.7,34.79
2015,4,22,2,30,11.4,-2.8000000000000003,0,2.7,37.09
2015,4,22,3,30,10.700000000000001,-2.6,0,2.5,39.25
2015,4,22,4,30,10.100000000000001,-2.6,0,2.2,41
2015,4,22,5,30,11.5,-2.6,0,2.5,37.21
2015,4,22,6,30,15.100000000000001,-2.4000000000000004,174,3.4000000000000004,30.02
2015,4,22,7,30,19,-2.8000000000000003,413,4.4,22.64
2015,4,22,8,30,21.6,-4.9,643,4.9,16.51
2015,4,22,9,30,23,-6.6000000000000005,837,4.9,13.31
2015,4,22,10,30,24.200000000000003,-7.6000000000000005,978,4.9,11.43
2015,4,22,11,30,25.1,-8.4,1054,4.9,10.23
2015,4,22,12,30,25.8,-8.9,1059,4.7,9.46
2015,4,22,13,30,26.1,-9.200000000000001,992,4.5,9.05
2015,4,22,14,30,26.1,-9.4,860,4.5,8.92
2015,4,22,15,30,25.6,-9.4,674,4.4,9.18
2015,4,22,16,30,24.5,-9.4,445,3.6,9.790000000000001
2015,4,22,17,30,21.700000000000003,-7,206,2.1,14.030000000000001
2015,4,22,18,30,19.1,-3.3000000000000003,15,1.2000000000000002,21.68
2015,4,22,19,30,18,-4.6000000000000005,0,1.3,21.17
2015,4,22,20,30,16.8,-5,0,1.8,22.06
2015,4,22,21,30,15.4,-4.5,0,2.4000000000000004,25
2015,4,22,22,30,14.3,-3.8000000000000003,0,2.7,28.32
2015,4,22,23,30,13.5,-2.7,0,2.7,32.43
2015,4,23,0,30,12.8,-1.6,0,2.7,36.71
2015,4,23,1,30,12.3,-0.8,0,2.7,40.34
2015,4,23,2,30,11.9,-0.30000000000000004,0,2.7,43.09
2015,4,23,3,30,11.200000000000001,0.1,0,2.5,46.21
2015,4,23,4,30,10.700000000000001,0.2,0,2.1,48.13
2015,4,23,5,30,11.8,0.1,0,2.2,44.550000000000004
2015,4,23,6,30,14.5,0.2,134,2.7,37.660000000000004
2015,4,23,7,30,17.8,-0.1,353,3.3000000000000003,29.79
2015,4,23,8,30,20.3,1.6,541,3.9000000000000004,28.84
2015,4,23,9,30,21.8,2.5,672,4.4,27.97
2015,4,23,10,30,23.1,2.8000000000000003,741,4.800000000000001,26.52
2015,4,23,11,30,24.200000000000003,2.9000000000000004,818,5.1000000000000005,24.91
2015,4,23,12,30,24.900000000000002,2.6,786,5.300000000000001,23.48
2015,4,23,13,30,25.3,2.1,684,5.4,22.080000000000002
2015,4,23,14,30,25.200000000000003,1.5,625,5.300000000000001,21.27
2015,4,23,15,30,24.8,0.9,533,5,20.94
2015,4,23,16,30,23.900000000000002,0.4,322,4.6000000000000005,21.22
2015,4,23,17,30,21.8,0.2,121,3.6,23.84
2015,4,23,18,30,19.400000000000002,1.1,10,2.9000000000000004,29.5
2015,4,23,19,30,17.8,1.8,0,2.9000000000000004,34.12
2015,4,23,20,30,16.7,2.8000000000000003,0,3,39.25
2015,4,23,21,30,16,3.8000000000000003,0,3.4000000000000004,44.160000000000004
2015,4,23,22,30,15.3,4.800000000000001,0,3.7,49.65
2015,4,23,23,30,14.600000000000001,5.800000000000001,0,3.8000000000000003,55.39
2015,4,24,0,30,14,6.6000000000000005,0,4,60.9
2015,4,24,1,30,13.3,7,0,3.8000000000000003,65.66
2015,4,24,2,30,12.200000000000001,7,0,3.1,70.43
2015,4,24,3,30,11.100000000000001,6.5,0,2.5,73.47
2015,4,24,4,30,10.100000000000001,5.7,0,2.2,74.05
2015,4,24,5,30,10.600000000000001,4.4,0,2.9000000000000004,65.46000000000001
2015,4,24,6,30,12.8,3.4000000000000004,174,4.7,52.81
2015,4,24,7,30,14.8,2.4000000000000004,408,6.300000000000001,43.08
2015,4,24,8,30,16.400000000000002,2,635,7,37.87
2015,4,24,9,30,18,1.4000000000000001,826,7.300000000000001,32.730000000000004
2015,4,24,10,30,19.5,0.5,964,7.4,28.060000000000002
2015,4,24,11,30,20.900000000000002,-0.4,1038,7.6000000000000005,23.98
2015,4,24,12,30,22,-1.3,1043,7.7,21.09
2015,4,24,13,30,22.700000000000003,-1.8,977,8,19.52
2015,4,24,14,30,22.700000000000003,-1.9000000000000001,843,8.200000000000001,19.28
2015,4,24,15,30,22.200000000000003,-1.9000000000000001,658,8.200000000000001,19.84
2015,4,24,16,30,21.1,-1.8,437,7.7,21.39
2015,4,24,17,30,19.200000000000003,-1.7000000000000002,205,6.1000000000000005,24.29
2015,4,24,18,30,16.8,-1.2000000000000002,17,4,29.3
2015,4,24,19,30,14.8,-0.6000000000000001,0,2.8000000000000003,34.85
2015,4,24,20,30,13.600000000000001,-0.30000000000000004,0,2.3000000000000003,38.54
2015,4,24,21,30,12.600000000000001,-0.1,0,2,41.7
2015,4,24,22,30,11.8,0,0,1.8,44.25
2015,4,24,23,30,11.100000000000001,0,0,1.6,46.43
2015,4,25,0,30,10.5,0,0,1.6,48.2
2015,4,25,1,30,9.9,-0.1,0,1.6,49.870000000000005
2015,4,25,2,30,9.1,-0.1,0,1.6,52.480000000000004
2015,4,25,3,30,8.4,-0.1,0,1.6,55.120000000000005
2015,4,25,4,30,7.9,0,0,1.7000000000000002,57.25
2015,4,25,5,30,9.1,0,0,2.3000000000000003,52.96
2015,4,25,6,30,12.3,0.2,182,3.3000000000000003,43.410000000000004
2015,4,25,7,30,16,0.4,418,4.4,34.57
2015,4,25,8,30,18.900000000000002,-0.1,644,5.2,27.8
2015,4,25,9,30,20.6,-1.6,835,5.5,22.46
2015,4,25,10,30,22.3,-2.9000000000000004,974,5.800000000000001,18.330000000000002
2015,4,25,11,30,23.6,-3.7,1043,6.1000000000000005,16.02
2015,4,25,12,30,24.700000000000003,-3.9000000000000004,1048,6.4,14.75
2015,4,25,13,30,25.3,-4,984,6.7,14.16
2015,4,25,14,30,25.5,-3.9000000000000004,846,7,14.06
2015,4,25,15,30,25.200000000000003,-3.8000000000000003,663,7,14.48
2015,4,25,16,30,24.400000000000002,-3.6,444,6.6000000000000005,15.38
2015,4,25,17,30,22,-3.4000000000000004,210,4.9,18.01
2015,4,25,18,30,19,-2.4000000000000004,19,3.6,23.35
2015,4,25,19,30,17.3,-2.1,0,3.7,26.6
2015,4,25,20,30,16.3,-2.1,0,3.8000000000000003,28.37
2015,4,25,21,30,15.100000000000001,-1.8,0,3.8000000000000003,31.27
2015,4,25,22,30,14,-1.5,0,3.8000000000000003,34.43
2015,4,25,23,30,13.100000000000001,-1.1,0,3.7,37.51
2015,4,26,0,30,12.200000000000001,-0.7000000000000001,0,3.5,40.89
2015,4,26,1,30,11.5,-0.30000000000000004,0,3.2,44
2015,4,26,2,30,11.3,0,0,2.9000000000000004,45.75
2015,4,26,3,30,11.100000000000001,0.4,0,2.7,47.51
2015,4,26,4,30,10.8,0.6000000000000001,0,2.7,49.300000000000004
2015,4,26,5,30,11.600000000000001,0.7000000000000001,0,3.3000000000000003,47.29
2015,4,26,6,30,13.8,0.9,138,5,41.51
2015,4,26,7,30,15.8,2.1,248,6.7,39.76
2015,4,26,8,30,16.8,3.2,360,7.7,40.35
2015,4,26,9,30,16.900000000000002,3.2,124,8.5,40
2015,4,26,10,30,16.6,2.5,163,9,38.71
2015,4,26,11,30,16.3,1.3,620,9.3,36.15
2015,4,26,12,30,16.1,0.2,99,9.200000000000001,34.05
2015,4,26,13,30,16,0,855,9.1,33.59
2015,4,26,14,30,16.1,-0.1,543,8.700000000000001,33.1
2015,4,26,15,30,16.1,-0.5,435,8.200000000000001,32.29
2015,4,26,16,30,15.9,-0.7000000000000001,441,7.5,32.09
2015,4,26,17,30,14.9,-0.7000000000000001,208,6.1000000000000005,34.300000000000004
2015,4,26,18,30,13.5,-0.2,20,4.3,38.86
2015,4,26,19,30,12.100000000000001,0.4,0,3.2,44.550000000000004
2015,4,26,20,30,11.100000000000001,0.8,0,2.9000000000000004,49.230000000000004
2015,4,26,21,30,10.5,1.2000000000000002,0,2.9000000000000004,52.5
2015,4,26,22,30,9.8,1.5,0,2.9000000000000004,56.4
2015,4,26,23,30,9.200000000000001,1.8,0,3,60.01
2015,4,27,0,30,8.6,2.1,0,3,63.79
2015,4,27,1,30,8,2.4000000000000004,0,2.8000000000000003,67.74
2015,4,27,2,30,7.300000000000001,2.6,0,2.5,72.14
2015,4,27,3,30,6.7,2.8000000000000003,0,2.3000000000000003,76.01
2015,4,27,4,30,6.300000000000001,2.9000000000000004,0,2.1,78.74
2015,4,27,5,30,7.300000000000001,2.9000000000000004,0,2.8000000000000003,73.77
2015,4,27,6,30,10.200000000000001,2.9000000000000004,186,3.9000000000000004,60.52
2015,4,27,7,30,13.3,2.7,416,4.3,48.52
2015,4,27,8,30,15.5,2.6,637,4.3,41.82
2015,4,27,9,30,17.3,2.4000000000000004,824,4.1000000000000005,36.93
2015,4,27,10,30,18.7,2.1,431,3.7,33.05
2015,4,27,11,30,19.8,1.8,166,3.4000000000000004,30.16
2015,4,27,12,30,20.6,1.5,689,3.3000000000000003,28.13
2015,4,27,13,30,21,1.3,276,3.5,27
2015,4,27,14,30,20.900000000000002,1.2000000000000002,420,3.8000000000000003,26.990000000000002
2015,4,27,15,30,20.200000000000003,1.3,209,4.3,28.330000000000002
2015,4,27,16,30,18.900000000000002,1.4000000000000001,410,4.9,31.03
2015,4,27,17,30,17,1.5,81,5.300000000000001,35.33
2015,4,27,18,30,14.9,1.5,22,5.7,40.35
2015,4,27,19,30,13.200000000000001,1,0,5.9,43.33
2015,4,27,20,30,11.9,0.2,0,5.6000000000000005,44.49
2015,4,27,21,30,10.9,-0.30000000000000004,0,4.9,45.85
2015,4,27,22,30,10.3,-0.4,0,4.4,47.54
2015,4,27,23,30,9.8,-0.30000000000000004,0,3.8000000000000003,49.42
2015,4,28,0,30,9.200000000000001,-0.30000000000000004,0,3.3000000000000003,51.5
2015,4,28,1,30,8.3,-0.4,0,2.6,54.410000000000004
2015,4,28,2,30,7.300000000000001,-0.5,0,1.8,57.54
2015,4,28,3,30,6.6000000000000005,-0.7000000000000001,0,1.3,59.67
2015,4,28,4,30,6.2,-0.8,0,1,60.82
2015,4,28,5,30,7.2,-0.8,0,1.5,56.660000000000004
2015,4,28,6,30,9.700000000000001,-0.8,190,3,47.99
2015,4,28,7,30,12.4,-1.8,424,4.4,37.300000000000004
2015,4,28,8,30,14.700000000000001,-3.1,648,4.800000000000001,29.21
2015,4,28,9,30,16.7,-4.2,837,4.5,23.68
2015,4,28,10,30,18.5,-5,977,4.2,19.830000000000002
2015,4,28,11,30,19.900000000000002,-5.5,1050,3.9000000000000004,17.45
2015,4,28,12,30,20.900000000000002,-5.9,1055,3.6,16
2015,4,28,13,30,21.5,-6.1000000000000005,989,3.5,15.120000000000001
2015,4,28,14,30,21.5,-6.4,860,3.6,14.83
2015,4,28,15,30,21.1,-6.6000000000000005,677,3.6,14.9
2015,4,28,16,30,20.1,-6.800000000000001,456,3.6,15.64
2015,4,28,17,30,17.5,-6.9,220,2.9000000000000004,18.23
2015,4,28,18,30,14.4,-4.7,24,2.2,26.38
2015,4,28,19,30,12.700000000000001,-5,0,2.6,28.77
2015,4,28,20,30,11.700000000000001,-5.6000000000000005,0,3,29.28
2015,4,28,21,30,10.8,-5.9,0,2.9000000000000004,30.36
2015,4,28,22,30,9.8,-5.9,0,2.6,32.51
2015,4,28,23,30,8.9,-5.7,0,2.3000000000000003,35.13
2015,4,29,0,30,8,-5.4,0,2.1,38.24
2015,4,29,1,30,7.300000000000001,-5.1000000000000005,0,1.9000000000000001,41.11
2015,4,29,2,30,6.5,-4.7,0,1.7000000000000002,44.63
2015,4,29,3,30,5.9,-4.4,0,1.6,47.730000000000004
2015,4,29,4,30,5.4,-4,0,1.5,50.6
2015,4,29,5,30,6.9,-3.7,12,1.9000000000000001,46.68
2015,4,29,6,30,10.3,-3.3000000000000003,198,2.6,38.410000000000004
2015,4,29,7,30,14,-3.1,436,2.8000000000000003,30.490000000000002
2015,4,29,8,30,16.900000000000002,-3.6,662,2.7,24.35
2015,4,29,9,30,18.8,-3.9000000000000004,853,2.6,21.240000000000002
2015,4,29,10,30,20.6,-4,990,2.5,18.73
2015,4,29,11,30,22,-4.4,1063,2.3000000000000003,16.79
2015,4,29,12,30,23,-4.9,1067,2.1,15.14
2015,4,29,13,30,23.6,-5.6000000000000005,1002,1.9000000000000001,13.85
2015,4,29,14,30,23.8,-6.300000000000001,866,1.7000000000000002,13.02
2015,4,29,15,30,23.5,-6.9,682,1.6,12.66
2015,4,29,16,30,22.700000000000003,-7.4,459,1.4000000000000001,12.8
2015,4,29,17,30,20.400000000000002,-6.800000000000001,223,1.1,15.4
2015,4,29,18,30,17.6,-2.5,25,1.1,25.26
2015,4,29,19,30,15.9,-4.2,0,1.3,24.82
2015,4,29,20,30,14.700000000000001,-4.6000000000000005,0,1.4000000000000001,25.95
2015,4,29,21,30,13.5,-5.1000000000000005,0,1.4000000000000001,27.14
2015,4,29,22,30,12.5,-5.5,0,1.5,28.14
2015,4,29,23,30,11.700000000000001,-5.800000000000001,0,1.5,28.92
2015,4,30,0,30,10.8,-6.1000000000000005,0,1.5,30.11
2015,4,30,1,30,10.100000000000001,-6.2,0,1.5,31.19
2015,4,30,2,30,9.5,-6.2,0,1.4000000000000001,32.39
2015,4,30,3,30,9.1,-6.2,0,1.3,33.36
2015,4,30,4,30,9,-6.1000000000000005,0,1.2000000000000002,33.76
2015,4,30,5,30,10.3,-6,14,1,31.21
2015,4,30,6,30,13,-4.800000000000001,199,1,28.57
2015,4,30,7,30,16.7,-5.9,435,1.4000000000000001,20.830000000000002
2015,4,30,8,30,20.8,-6.5,660,1.8,15.33
2015,4,30,9,30,23.700000000000003,-7.2,849,1.6,12.17
2015,4,30,10,30,25.5,-6.4,985,1.5,11.61
2015,4,30,11,30,26.700000000000003,-5.9,1054,1.4000000000000001,11.31
2015,4,30,12,30,27.6,-5.800000000000001,1059,1.5,10.81
2015,4,30,13,30,28,-5.9,993,1.5,10.44
2015,4,30,14,30,28.1,-6.1000000000000005,861,1.6,10.22
2015,4,30,15,30,27.700000000000003,-6.2,678,1.7000000000000002,10.36
2015,4,30,16,30,26.700000000000003,-6.300000000000001,457,1.7000000000000002,10.96
2015,4,30,17,30,23.900000000000002,-4.9,223,1.4000000000000001,14.31
2015,4,30,18,30,20.700000000000003,-1.2000000000000002,26,1.3,23.04
2015,4,30,19,30,18.900000000000002,-2.9000000000000004,0,1.5,22.67
2015,4,30,20,30,17.900000000000002,-3.6,0,1.6,22.98
2015,4,30,21,30,16.900000000000002,-4.1000000000000005,0,1.6,23.54
2015,4,30,22,30,16,-4.4,0,1.6,24.28
2015,4,30,23,30,15.3,-4.800000000000001,0,1.6,24.75
2015,5,1,0,30,14.600000000000001,-5.1000000000000005,0,1.6,25.16
2015,5,1,1,30,14,-5.5,0,1.5,25.48
2015,5,1,2,30,13.4,-5.9,0,1.4000000000000001,25.72
2015,5,1,3,30,12.8,-6.2,0,1.3,26.150000000000002
2015,5,1,4,30,12.5,-6.4,0,1.2000000000000002,26.14
2015,5,1,5,30,13.600000000000001,-6.5,15,1.1,24.19
2015,5,1,6,30,16.2,-4.6000000000000005,201,1.2000000000000002,23.67
2015,5,1,7,30,19.900000000000002,-6.800000000000001,435,1.6,15.81
2015,5,1,8,30,24.400000000000002,-7.300000000000001,658,2.2,11.57
2015,5,1,9,30,27.900000000000002,-8.700000000000001,842,2.5,8.49
2015,5,1,10,30,29.6,-7.9,977,2.4000000000000004,8.19
2015,5,1,11,30,30.700000000000003,-6.7,1048,2.4000000000000004,8.41
2015,5,1,12,30,31.3,-5.800000000000001,1052,2.6,8.72
2015,5,1,13,30,31.6,-5.1000000000000005,987,2.8000000000000003,9.040000000000001
2015,5,1,14,30,31.400000000000002,-4.7,856,2.9000000000000004,9.44
2015,5,1,15,30,30.900000000000002,-4.6000000000000005,675,2.9000000000000004,9.75
2015,5,1,16,30,29.700000000000003,-4.7,457,2.6,10.38
2015,5,1,17,30,26.6,-2.8000000000000003,224,1.8,14.36
2015,5,1,18,30,23.1,0.7000000000000001,28,1.4000000000000001,22.71
2015,5,1,19,30,21.400000000000002,-0.8,0,1.5,22.71
2015,5,1,20,30,20.200000000000003,-1.2000000000000002,0,1.7000000000000002,23.72
2015,5,1,21,30,18.900000000000002,-1.3,0,1.9000000000000001,25.52
2015,5,1,22,30,17.6,-1.3,0,2,27.69
2015,5,1,23,30,16.6,-1.2000000000000002,0,2.2,29.64
2015,5,2,0,30,15.8,-1.2000000000000002,0,2.4000000000000004,31.21
2015,5,2,1,30,15.100000000000001,-1.2000000000000002,0,2.7,32.6
2015,5,2,2,30,14.4,-1.1,0,2.8000000000000003,34.52
2015,5,2,3,30,13.5,-0.6000000000000001,0,2.4000000000000004,37.800000000000004
2015,5,2,4,30,12.8,0.1,0,2.1,41.6
2015,5,2,5,30,14.200000000000001,0.9,9,2.6,40.21
2015,5,2,6,30,17.5,1.7000000000000002,196,3.4000000000000004,34.68
2015,5,2,7,30,21.5,2.6,433,3.8000000000000003,28.7
2015,5,2,8,30,25.5,2.9000000000000004,652,4.1000000000000005,23.09
2015,5,2,9,30,28.200000000000003,1.8,837,4.3,18.150000000000002
2015,5,2,10,30,30,0.7000000000000001,971,4.2,15.17
2015,5,2,11,30,31.200000000000003,-0.2,1040,4.1000000000000005,13.32
2015,5,2,12,30,31.900000000000002,-0.9,1043,4.1000000000000005,12.16
2015,5,2,13,30,32.2,-1.5,979,4.2,11.39
2015,5,2,14,30,32.1,-2.2,813,4.2,10.92
2015,5,2,15,30,31.6,-2.9000000000000004,659,4,10.66
2015,5,2,16,30,30.5,-3.5,379,3.4000000000000004,10.86
2015,5,2,17,30,27.400000000000002,-2.4000000000000004,25,2.9000000000000004,14.07
2015,5,2,18,30,23.8,1.4000000000000001,14,3.7,23.04
2015,5,2,19,30,21.6,4.2,0,5.9,32.06
2015,5,2,20,30,20,8.4,0,7,47.22
2015,5,2,21,30,19,10.3,0,6.300000000000001,56.95
2015,5,2,22,30,18.5,10.600000000000001,0,4.800000000000001,60.14
2015,5,2,23,30,18.1,10.200000000000001,0,3.1,60.11
2015,5,3,0,30,17.400000000000002,9.700000000000001,0,1.6,60.63
2015,5,3,1,30,16.400000000000002,9.600000000000001,0,1,64.21000000000001
2015,5,3,2,30,15.5,9.700000000000001,0,1.1,68.16
2015,5,3,3,30,14.8,9.600000000000001,0,1.2000000000000002,70.85000000000001
2015,5,3,4,30,14.4,9.3,0,1.2000000000000002,71.36
2015,5,3,5,30,16,8.8,17,1.6,62.27
2015,5,3,6,30,19.6,8.200000000000001,200,2.4000000000000004,47.79
2015,5,3,7,30,23.3,6.6000000000000005,430,3,34.11
2015,5,3,8,30,26.1,5.300000000000001,649,2.9000000000000004,26.310000000000002
2015,5,3,9,30,27.8,4.6000000000000005,830,2.5,22.77
2015,5,3,10,30,29.1,4.3,963,2.1,20.6
2015,5,3,11,30,29.900000000000002,3.9000000000000004,970,2,19.23
2015,5,3,12,30,30.5,3.6,669,2.2,18.150000000000002
2015,5,3,13,30,30.6,3.4000000000000004,966,2.5,17.81
2015,5,3,14,30,30.400000000000002,3.4000000000000004,226,2.7,17.92
2015,5,3,15,30,29.8,3.3000000000000003,657,2.7,18.53
2015,5,3,16,30,28.8,3.4000000000000004,275,2.7,19.7
2015,5,3,17,30,26.700000000000003,3.5,168,2,22.37
2015,5,3,18,30,24,5.300000000000001,17,1.6,29.89
2015,5,3,19,30,22.5,5.5,0,2.2,33.160000000000004
2015,5,3,20,30,21.5,6.300000000000001,0,3.1,37.28
2015,5,3,21,30,20.200000000000003,7.9,0,3.4000000000000004,45.17
2015,5,3,22,30,19,9.600000000000001,0,3,54.35
2015,5,3,23,30,18.2,10.5,0,2.9000000000000004,60.64
2015,5,4,0,30,17.7,10.600000000000001,0,3.5,63.31
2015,5,4,1,30,17.2,10.700000000000001,0,3.7,65.64
2015,5,4,2,30,16.6,11,0,3,69.39
2015,5,4,3,30,16,11.3,0,2.2,73.66
2015,5,4,4,30,15.600000000000001,11.5,0,1.7000000000000002,76.74
2015,5,4,5,30,16.5,11.8,10,2.1,73.52
2015,5,4,6,30,18.6,11.9,193,2.5,65.09
2015,5,4,7,30,21.1,11.200000000000001,414,2.2,53.160000000000004
2015,5,4,8,30,23.1,10.4,628,2,44.62
2015,5,4,9,30,24.700000000000003,9.9,810,2.2,39.21
2015,5,4,10,30,25.700000000000003,9.700000000000001,938,2.8000000000000003,36.38
2015,5,4,11,30,26.3,9.600000000000001,931,3.3000000000000003,35.050000000000004
2015,5,4,12,30,26.6,9.5,1004,3.4000000000000004,34.22
2015,5,4,13,30,27.1,9.200000000000001,881,3.3000000000000003,32.480000000000004
2015,5,4,14,30,27.3,8.700000000000001,38,3.5,31.060000000000002
2015,5,4,15,30,27.1,8.3,423,3.9000000000000004,30.64
2015,5,4,16,30,26.400000000000002,8.200000000000001,347,4,31.55
2015,5,4,17,30,24.6,8.3,156,3.3000000000000003,35.51
2015,5,4,18,30,22.5,9.1,16,2.7,42.54
2015,5,4,19,30,21.400000000000002,8.8,0,3.2,44.4
2015,5,4,20,30,20.5,8,0,3.7,44.5
2015,5,4,21,30,19.400000000000002,7.2,0,3.8000000000000003,45.12
2015,5,4,22,30,17.8,6.7,0,3.4000000000000004,48.24
2015,5,4,23,30,16.2,6.7,0,2.7,53.4
2015,5,5,0,30,15,6.9,0,2.1,58.56
2015,5,5,1,30,14,7.300000000000001,0,1.7000000000000002,63.88
2015,5,5,2,30,13.3,7.5,0,1.7000000000000002,68.02
2015,5,5,3,30,12.8,7.800000000000001,0,1.9000000000000001,71.62
2015,5,5,4,30,12.5,8,0,2.2,74.28
2015,5,5,5,30,13.5,8.200000000000001,20,3.2,70.36
2015,5,5,6,30,16.2,8.3,206,4.7,59.39
2015,5,5,7,30,18.7,7.1000000000000005,436,5.6000000000000005,46.85
2015,5,5,8,30,20.200000000000003,5.4,653,5.9,37.94
2015,5,5,9,30,21.5,4.4,840,6,32.71
2015,5,5,10,30,22.8,3.5,973,6,28.330000000000002
2015,5,5,11,30,24,2.5,1045,6,24.490000000000002
2015,5,5,12,30,24.900000000000002,1.3,1048,6,21.38
2015,5,5,13,30,25.400000000000002,0.4,622,6.1000000000000005,19.45
2015,5,5,14,30,25.5,-0.1,845,6.2,18.64
2015,5,5,15,30,25.200000000000003,-0.2,675,6.2,18.77
2015,5,5,16,30,24.400000000000002,0,399,6,20.02
2015,5,5,17,30,22.6,0.4,230,4.7,22.94
2015,5,5,18,30,20.1,1.5,33,3.1,28.94
2015,5,5,19,30,18.400000000000002,2.1,0,2.7,33.71
2015,5,5,20,30,17.5,2.2,0,2.7,35.92
2015,5,5,21,30,16.6,2.5,0,2.6,38.65
2015,5,5,22,30,15.600000000000001,2.8000000000000003,0,2.3000000000000003,42.29
2015,5,5,23,30,14.600000000000001,3.2,0,2,46.39
2015,5,6,0,30,13.8,3.6,0,1.7000000000000002,50.18
2015,5,6,1,30,13.100000000000001,3.8000000000000003,0,1.4000000000000001,53.44
2015,5,6,2,30,12.700000000000001,4,0,1.3,55.46
2015,5,6,3,30,12.5,4.1000000000000005,0,1.2000000000000002,56.63
2015,5,6,4,30,12.5,4.2,0,1.1,56.980000000000004
2015,5,6,5,30,13.9,4.2,22,1.2000000000000002,52.13
2015,5,6,6,30,17,4.5,212,1.9000000000000001,43.54
2015,5,6,7,30,20.3,4.5,443,3.2,35.43
2015,5,6,8,30,22.700000000000003,3.4000000000000004,666,4,28.21
2015,5,6,9,30,24.400000000000002,1.6,851,4.3,22.490000000000002
2015,5,6,10,30,25.700000000000003,-0.2,988,4.7,18.21
2015,5,6,11,30,26.900000000000002,-2,1060,4.9,14.870000000000001
2015,5,6,12,30,27.700000000000003,-3.4000000000000004,1067,5,12.790000000000001
2015,5,6,13,30,28.1,-4.4,1003,4.9,11.620000000000001
2015,5,6,14,30,28.200000000000003,-5,871,4.6000000000000005,11.06
2015,5,6,15,30,27.900000000000002,-5.5,689,4.1000000000000005,10.870000000000001
2015,5,6,16,30,26.900000000000002,-5.800000000000001,471,3.2,11.25
2015,5,6,17,30,24.400000000000002,-5.1000000000000005,236,1.9000000000000001,13.75
2015,5,6,18,30,21.400000000000002,-0.5,35,1.3,23.18
2015,5,6,19,30,19.5,-2,0,1.7000000000000002,23.27
2015,5,6,20,30,18.3,-2.3000000000000003,0,2.3000000000000003,24.560000000000002
2015,5,6,21,30,17.400000000000002,-2.5,0,2.9000000000000004,25.6
2015,5,6,22,30,16.6,-2.1,0,3.2,27.75
2015,5,6,23,30,15.8,-1.2000000000000002,0,3.2,31.3
2015,5,7,0,30,15.100000000000001,-0.1,0,3.1,35.44
2015,5,7,1,30,14.3,0.8,0,2.8000000000000003,39.93
2015,5,7,2,30,13.5,1.5,0,2.5,43.93
2015,5,7,3,30,12.700000000000001,1.8,0,2.2,47.38
2015,5,7,4,30,12.200000000000001,2,0,2.1,49.59
2015,5,7,5,30,13.8,2.1,24,2.7,45.01
2015,5,7,6,30,17.2,2.2,218,3.8000000000000003,36.64
2015,5,7,7,30,19.900000000000002,2.6,452,4.1000000000000005,31.66
2015,5,7,8,30,21.8,1.5,673,4,26.18
2015,5,7,9,30,23.200000000000003,0.2,859,3.9000000000000004,21.77
2015,5,7,10,30,24.6,-0.7000000000000001,992,4,18.8
2015,5,7,11,30,25.700000000000003,-1.1,1062,4.1000000000000005,17.09
2015,5,7,12,30,26.6,-1.4000000000000001,1061,4.1000000000000005,15.88
2015,5,7,13,30,27.200000000000003,-1.7000000000000002,996,4.1000000000000005,15.02
2015,5,7,14,30,27.400000000000002,-2.1,869,4,14.35
2015,5,7,15,30,27.200000000000003,-2.7,689,3.6,13.89
2015,5,7,16,30,26.6,-3.3000000000000003,471,3.1,13.82
2015,5,7,17,30,24.6,-3.4000000000000004,238,2.1,15.43
2015,5,7,18,30,21.900000000000002,0,36,1.6,23.29
2015,5,7,19,30,20.1,-0.7000000000000001,0,2.2,24.7
2015,5,7,20,30,18.8,-0.1,0,3,28
2015,5,7,21,30,17.8,1,0,3.3000000000000003,32.3
2015,5,7,22,30,16.900000000000002,2.5,0,3.2,37.910000000000004
2015,5,7,23,30,16.1,3.7,0,3,43.64
2015,5,8,0,30,15.200000000000001,4.6000000000000005,0,2.7,49.29
2015,5,8,1,30,14.4,5.1000000000000005,0,2.4000000000000004,53.71
2015,5,8,2,30,13.600000000000001,5.2,0,2.1,56.89
2015,5,8,3,30,12.8,5,0,1.7000000000000002,58.97
2015,5,8,4,30,12.3,4.6000000000000005,0,1.4000000000000001,59.370000000000005
2015,5,8,5,30,14,4.1000000000000005,25,1.9000000000000001,51.46
2015,5,8,6,30,17.5,3.8000000000000003,220,3,40.230000000000004
2015,5,8,7,30,20.3,2.6,454,4.1000000000000005,31.02
2015,5,8,8,30,22.200000000000003,0.6000000000000001,675,4.800000000000001,23.88
2015,5,8,9,30,23.700000000000003,-1.1,861,5.1000000000000005,19.32
2015,5,8,10,30,25.1,-2.2,995,5.2,16.31
2015,5,8,11,30,26.5,-3.1,1066,5.4,14.07
2015,5,8,12,30,27.5,-4,1070,5.5,12.38
2015,5,8,13,30,28.3,-5.2,1010,5.6000000000000005,10.86
2015,5,8,14,30,28.700000000000003,-6.2,881,5.6000000000000005,9.76
2015,5,8,15,30,28.5,-7.300000000000001,698,5.6000000000000005,9.120000000000001
2015,5,8,16,30,27.5,-7.800000000000001,477,5.7,9.33
2015,5,8,17,30,25,-7,240,5,11.41
2015,5,8,18,30,21.8,-4.7,38,4.3,16.54
2015,5,8,19,30,19.700000000000003,-3.8000000000000003,0,4.3,20.11
2015,5,8,20,30,18.400000000000002,-3.6,0,4.4,22.25
2015,5,8,21,30,17.1,-3.2,0,4.1000000000000005,24.810000000000002
2015,5,8,22,30,15.700000000000001,-2.9000000000000004,0,3.6,27.8
2015,5,8,23,30,14.4,-2.6,0,3.1,30.79
2015,5,9,0,30,13.100000000000001,-2.6,0,2.8000000000000003,33.67
2015,5,9,1,30,11.9,-2.6,0,2.5,36.26
2015,5,9,2,30,10.9,-2.8000000000000003,0,2.3000000000000003,38.230000000000004
2015,5,9,3,30,10.100000000000001,-3.1,0,2.3000000000000003,39.43
2015,5,9,4,30,9.5,-3.5,0,2.4000000000000004,39.95
2015,5,9,5,30,10.700000000000001,-3.7,29,3.4000000000000004,36.15
2015,5,9,6,30,13.5,-4,230,5.1000000000000005,29.53
2015,5,9,7,30,15.700000000000001,-3.8000000000000003,466,6.300000000000001,25.89
2015,5,9,8,30,17.400000000000002,-4,690,6.9,22.98
2015,5,9,9,30,19,-4.9,876,7.1000000000000005,19.330000000000002
2015,5,9,10,30,20.6,-5.7,1011,7.2,16.52
2015,5,9,11,30,22,-6.1000000000000005,1075,7.300000000000001,14.71
2015,5,9,12,30,23,-6.300000000000001,1078,7.300000000000001,13.58
2015,5,9,13,30,23.5,-6.7,1012,7.1000000000000005,12.81
2015,5,9,14,30,23.700000000000003,-7,883,6.800000000000001,12.38
2015,5,9,15,30,23.5,-7.300000000000001,701,6.4,12.280000000000001
2015,5,9,16,30,22.700000000000003,-7.5,482,5.800000000000001,12.61
2015,5,9,17,30,20.6,-7.5,247,4.2,14.36
2015,5,9,18,30,17.400000000000002,-5.800000000000001,41,2.5,19.990000000000002
2015,5,9,19,30,15.3,-5.1000000000000005,0,2.2,24.12
2015,5,9,20,30,14.200000000000001,-5.300000000000001,0,2.3000000000000003,25.46
2015,5,9,21,30,13.200000000000001,-5.6000000000000005,0,2.5,26.650000000000002
2015,5,9,22,30,12.100000000000001,-5.7,0,2.4000000000000004,28.36
2015,5,9,23,30,11.100000000000001,-5.7,0,2.2,30.35
2015,5,10,0,30,10.100000000000001,-5.5,0,2.1,32.93
2015,5,10,1,30,9.200000000000001,-5,0,2,36.18
2015,5,10,2,30,8.3,-4.4,0,1.7000000000000002,40.44
2015,5,10,3,30,7.6000000000000005,-3.7,0,1.5,44.53
2015,5,10,4,30,7.300000000000001,-3.3000000000000003,0,1.3,46.980000000000004
2015,5,10,5,30,8.8,-2.9000000000000004,31,1.8,43.67
2015,5,10,6,30,12.100000000000001,-2.7,232,2.2,35.660000000000004
2015,5,10,7,30,15.5,-3.1,467,2.3000000000000003,27.73
2015,5,10,8,30,18.2,-3.8000000000000003,689,2.9000000000000004,22.1
2015,5,10,9,30,20.1,-4.3,875,3.5,18.97
2015,5,10,10,30,21.6,-4.6000000000000005,1008,3.8000000000000003,16.9
2015,5,10,11,30,22.8,-5,1078,3.9000000000000004,15.19
2015,5,10,12,30,23.8,-5.6000000000000005,1081,3.9000000000000004,13.75
2015,5,10,13,30,24.5,-6.1000000000000005,1015,3.9000000000000004,12.67
2015,5,10,14,30,24.8,-6.6000000000000005,884,3.8000000000000003,11.92
2015,5,10,15,30,24.6,-7.2,701,3.6,11.58
2015,5,10,16,30,23.900000000000002,-7.6000000000000005,481,3.3000000000000003,11.700000000000001
2015,5,10,17,30,21.6,-7.7,247,2.3000000000000003,13.3
2015,5,10,18,30,18.5,-3.9000000000000004,42,1.4000000000000001,21.63
2015,5,10,19,30,16.8,-4.3,0,1.4000000000000001,23.23
2015,5,10,20,30,15.9,-4.6000000000000005,0,1.5,24.18
2015,5,10,21,30,14.8,-4.5,0,1.5,26.060000000000002
2015,5,10,22,30,13.9,-4.2,0,1.5,28.23
2015,5,10,23,30,13,-3.8000000000000003,0,1.5,30.98
2015,5,11,0,30,12.3,-3.3000000000000003,0,1.5,33.61
2015,5,11,1,30,11.700000000000001,-2.9000000000000004,0,1.5,35.92
2015,5,11,2,30,10.9,-2.6,0,1.5,38.65
2015,5,11,3,30,10.200000000000001,-2.4000000000000004,0,1.5,41.22
2015,5,11,4,30,10.100000000000001,-2.3000000000000003,0,1.5,41.96
2015,5,11,5,30,11.700000000000001,-2.1,33,1.9000000000000001,38.11
2015,5,11,6,30,14.9,-1.8,227,2.8000000000000003,31.79
2015,5,11,7,30,18.900000000000002,-2.2,469,3.1,23.93
2015,5,11,8,30,22.5,-2.7,689,2.9000000000000004,18.490000000000002
2015,5,11,9,30,24.5,-3.9000000000000004,782,2.9000000000000004,14.98
2015,5,11,10,30,25.8,-4.800000000000001,909,3.2,12.870000000000001
2015,5,11,11,30,26.700000000000003,-5.4,1074,3.4000000000000004,11.67
2015,5,11,12,30,27.200000000000003,-5.800000000000001,1029,3.6,11.040000000000001
2015,5,11,13,30,27.400000000000002,-6,821,4,10.77
2015,5,11,14,30,27.3,-6.1000000000000005,650,4.3,10.73
2015,5,11,15,30,26.900000000000002,-6.4,440,4.5,10.75
2015,5,11,16,30,26,-6.7,381,4.3,11.05
2015,5,11,17,30,23.700000000000003,-6.6000000000000005,247,3.3000000000000003,12.780000000000001
2015,5,11,18,30,20.700000000000003,-4.2,43,2.6,18.42
2015,5,11,19,30,19.200000000000003,-3.3000000000000003,0,3.4000000000000004,21.52
2015,5,11,20,30,18.400000000000002,-1.2000000000000002,0,4.6000000000000005,26.53
2015,5,11,21,30,17.1,3.2,0,5.6000000000000005,39.59
2015,5,11,22,30,15.8,7.800000000000001,0,6.2,59.120000000000005
2015,5,11,23,30,14.600000000000001,10.600000000000001,0,6.6000000000000005,77.11
2015,5,12,0,30,13.9,11.600000000000001,0,6.7,85.79
2015,5,12,1,30,13.5,11.4,0,6.1000000000000005,87.14
2015,5,12,2,30,13.3,11.100000000000001,0,5.5,86.74
2015,5,12,3,30,13.100000000000001,11,0,5.2,87.21000000000001
2015,5,12,4,30,13.200000000000001,11,0,5.2,86.37
2015,5,12,5,30,13.8,10.9,17,5.7,82.84
2015,5,12,6,30,15.4,11,195,6.4,75.22
2015,5,12,7,30,17.5,11.3,282,6.800000000000001,67.17
2015,5,12,8,30,19.8,11.8,450,7,59.980000000000004
2015,5,12,9,30,22.1,11.9,647,6.9,52.46
2015,5,12,10,30,24.1,11.3,857,6.6000000000000005,44.76
2015,5,12,11,30,25,10.200000000000001,688,6.300000000000001,39.4
2015,5,12,12,30,25.200000000000003,8.8,703,6.1000000000000005,35.29
2015,5,12,13,30,25,7.2,59,5.9,31.990000000000002
2015,5,12,14,30,24.200000000000003,5.7,176,5.800000000000001,30.37
2015,5,12,15,30,22.700000000000003,5,240,5.7,31.580000000000002
2015,5,12,16,30,20.6,5,139,4.800000000000001,36.050000000000004
2015,5,12,17,30,18.2,6.300000000000001,174,3.6,45.7
2015,5,12,18,30,16,8.3,20,2.8000000000000003,60.050000000000004
2015,5,12,19,30,14.5,9.3,0,2.1,70.86
2015,5,12,20,30,13.700000000000001,9.8,0,1.9000000000000001,77.56
2015,5,12,21,30,13.200000000000001,10.200000000000001,0,2.2,82.15
2015,5,12,22,30,12.9,10.4,0,2.8000000000000003,84.62
2015,5,12,23,30,12.8,10.4,0,2.9000000000000004,85.2
2015,5,13,0,30,12.5,10.3,0,2.3000000000000003,86.57000000000001
2015,5,13,1,30,12.100000000000001,10.3,0,1.5,88.59
2015,5,13,2,30,11.4,10.100000000000001,0,1,91.76
2015,5,13,3,30,10.700000000000001,9.8,0,1.1,94.28
2015,5,13,4,30,10.3,9.600000000000001,0,1.3,95.15
2015,5,13,5,30,11.4,9.4,19,2.2,87.39
2015,5,13,6,30,13.700000000000001,9.200000000000001,169,3.2,74.44
2015,5,13,7,30,16.1,8.6,448,3.5,61.01
2015,5,13,8,30,18.3,7.4,666,3.6,49.06
2015,5,13,9,30,20.3,6.2,848,3.5,39.86
2015,5,13,10,30,22,5.300000000000001,979,3.5,33.77
2015,5,13,11,30,23.400000000000002,4.800000000000001,1047,3.4000000000000004,29.86
2015,5,13,12,30,24.400000000000002,4.4,1049,3.3000000000000003,27.48
2015,5,13,13,30,25.1,4.2,988,3.1,25.990000000000002
2015,5,13,14,30,25.5,4,860,2.8000000000000003,24.97
2015,5,13,15,30,25.400000000000002,3.6,683,2.5,24.42
2015,5,13,16,30,24.8,3.2,469,2,24.580000000000002
2015,5,13,17,30,22.8,3,242,1.3,27.3
2015,5,13,18,30,20,6.2,36,1.2000000000000002,40.69
2015,5,13,19,30,18.3,5.300000000000001,0,1.7000000000000002,42.34
2015,5,13,20,30,17.6,4.800000000000001,0,2,42.76
2015,5,13,21,30,17.1,4.5,0,2.3000000000000003,43.26
2015,5,13,22,30,16.6,4.3,0,2.5,43.87
2015,5,13,23,30,16.1,4.1000000000000005,0,2.7,44.72
2015,5,14,0,30,15.8,4,0,2.7,45.46
2015,5,14,1,30,15.600000000000001,4.1000000000000005,0,2.6,46.38
2015,5,14,2,30,15.4,4.5,0,2.7,48.06
2015,5,14,3,30,15.200000000000001,4.800000000000001,0,2.9000000000000004,49.99
2015,5,14,4,30,15,5.2,0,3,51.84
2015,5,14,5,30,15.600000000000001,5.5,27,3.6,51.160000000000004
2015,5,14,6,30,17.400000000000002,5.9,178,4,46.69
2015,5,14,7,30,20.200000000000003,6.300000000000001,265,4.2,40.25
2015,5,14,8,30,23.1,6.4,569,4.7,33.980000000000004
2015,5,14,9,30,25,5,652,5.1000000000000005,27.580000000000002
2015,5,14,10,30,26.400000000000002,3.3000000000000003,841,5.5,22.5
2015,5,14,11,30,27.5,1.9000000000000001,837,5.9,19.07
2015,5,14,12,30,28.200000000000003,0.8,872,6,16.93
2015,5,14,13,30,28.6,0.2,710,5.7,15.88
2015,5,14,14,30,28.400000000000002,0.6000000000000001,279,5.800000000000001,16.51
2015,5,14,15,30,27.200000000000003,2.1,458,6.9,19.67
2015,5,14,16,30,24.700000000000003,4.9,374,8,27.88
2015,5,14,17,30,21.5,7.6000000000000005,194,8,40.81
2015,5,14,18,30,18.900000000000002,9,17,6.800000000000001,52.75
2015,5,14,19,30,17.400000000000002,9.5,0,5.300000000000001,59.64
2015,5,14,20,30,16.6,9.600000000000001,0,4.2,63.120000000000005
2015,5,14,21,30,16,9.5,0,3.4000000000000004,65.44
2015,5,14,22,30,15.4,9.4,0,2.9000000000000004,67.56
2015,5,14,23,30,14.9,9.3,0,2.6,69.23
2015,5,15,0,30,14.5,9.1,0,2.5,70.22
2015,5,15,1,30,14,9,0,2.4000000000000004,71.67
2015,5,15,2,30,13.700000000000001,8.8,0,2.3000000000000003,72.45
2015,5,15,3,30,13.700000000000001,8.8,0,2.3000000000000003,72.38
2015,5,15,4,30,13.700000000000001,8.9,0,2.2,72.81
2015,5,15,5,30,14.5,9,33,2.7,69.59
2015,5,15,6,30,16.6,9.1,220,3.8000000000000003,61.410000000000004
2015,5,15,7,30,19.3,9.1,327,4.9,51.77
2015,5,15,8,30,21.3,9,574,5.800000000000001,45.37
2015,5,15,9,30,22.5,8.9,617,6.300000000000001,41.93
2015,5,15,10,30,23.400000000000002,8.5,761,6.4,38.7
2015,5,15,11,30,24.3,8.1,887,6.300000000000001,35.67
2015,5,15,12,30,25.5,7.800000000000001,178,6.300000000000001,32.46
2015,5,15,13,30,26.6,7.300000000000001,325,6.4,29.44
2015,5,15,14,30,27.200000000000003,6.7,831,6.800000000000001,27.17
2015,5,15,15,30,26.900000000000002,5.9,508,7.300000000000001,26.18
2015,5,15,16,30,26,5.2,270,7.6000000000000005,26.29
2015,5,15,17,30,24.400000000000002,4.7,223,7,27.900000000000002
2015,5,15,18,30,22.200000000000003,4.6000000000000005,31,6,31.7
2015,5,15,19,30,20.200000000000003,4.5,0,5.1000000000000005,35.52
2015,5,15,20,30,18.7,4,0,4.3,37.84
2015,5,15,21,30,17.400000000000002,3.3000000000000003,0,4,38.92
2015,5,15,22,30,16.3,2.2,0,4.1000000000000005,38.67
2015,5,15,23,30,15.200000000000001,1.1,0,4.1000000000000005,38.46
2015,5,16,0,30,14.100000000000001,0.5,0,3.7,39.32
2015,5,16,1,30,13.200000000000001,0.30000000000000004,0,3.5,41.26
2015,5,16,2,30,12.5,0.5,0,3.6,43.7
2015,5,16,3,30,12,1,0,3.5,46.910000000000004
2015,5,16,4,30,11.700000000000001,1.7000000000000002,0,3.6,50.32
2015,5,16,5,30,12.8,2.7,38,4.7,50.26
2015,5,16,6,30,14.700000000000001,4.5,234,6.6000000000000005,50.39
2015,5,16,7,30,16.2,5.7,462,7.9,49.660000000000004
2015,5,16,8,30,17.5,5.1000000000000005,679,8.3,43.89
2015,5,16,9,30,19.1,4.1000000000000005,863,8.4,37.18
2015,5,16,10,30,20.900000000000002,2.7,999,8.6,30.03
2015,5,16,11,30,22.400000000000002,0.8,1063,8.700000000000001,23.88
2015,5,16,12,30,23.5,-1.1,1072,8.700000000000001,19.580000000000002
2015,5,16,13,30,24.200000000000003,-2.4000000000000004,1009,8.6,17.01
2015,5,16,14,30,24.3,-3.5,883,8.3,15.63
2015,5,16,15,30,23.900000000000002,-4.1000000000000005,704,7.800000000000001,15.25
2015,5,16,16,30,23,-4.5,488,7.1000000000000005,15.66
2015,5,16,17,30,21,-4.6000000000000005,257,5.5,17.54
2015,5,16,18,30,18,-3.6,52,3.5,22.81
2015,5,16,19,30,15.700000000000001,-2.4000000000000004,0,2.8000000000000003,28.79
2015,5,16,20,30,14.700000000000001,-2.3000000000000003,0,2.9000000000000004,31.03
2015,5,16,21,30,13.700000000000001,-2.2,0,2.9000000000000004,33.34
2015,5,16,22,30,12.600000000000001,-2,0,2.7,36.35
2015,5,16,23,30,11.600000000000001,-1.7000000000000002,0,2.4000000000000004,39.56
2015,5,17,0,30,10.600000000000001,-1.5,0,2.1,43
2015,5,17,1,30,9.8,-1.3,0,1.7000000000000002,46.01
2015,5,17,2,30,9.700000000000001,-1.1,0,1.4000000000000001,47.050000000000004
2015,5,17,3,30,10.100000000000001,-0.6000000000000001,0,1.3,47.47
2015,5,17,4,30,10.200000000000001,-0.2,0,1.1,48.51
2015,5,17,5,30,11.200000000000001,0.2,21,1.2000000000000002,46.63
2015,5,17,6,30,13.3,-0.1,5,1.1,39.660000000000004
2015,5,17,7,30,16,-0.5,336,1.3,32.49
2015,5,17,8,30,18.5,-1.5,679,2,25.830000000000002
2015,5,17,9,30,20.400000000000002,-1.8,857,2.7,22.37
2015,5,17,10,30,22.200000000000003,-2,987,3.2,19.8
2015,5,17,11,30,23.8,-2.4000000000000004,1055,3.5,17.47
2015,5,17,12,30,25.1,-2.8000000000000003,1059,3.5,15.69
2015,5,17,13,30,25.900000000000002,-2.9000000000000004,999,3.3000000000000003,14.85
2015,5,17,14,30,26.200000000000003,-2.8000000000000003,872,2.9000000000000004,14.65
2015,5,17,15,30,26.1,-2.7,694,2.5,14.81
2015,5,17,16,30,25.5,-2.7,479,2,15.370000000000001
2015,5,17,17,30,23.6,-2.6,252,1.3,17.39
2015,5,17,18,30,20.900000000000002,1.3,51,0.9,27.17
2015,5,17,19,30,19.200000000000003,0.30000000000000004,0,1.1,28.04
2015,5,17,20,30,18.2,-0.2,0,1.2000000000000002,28.82
2015,5,17,21,30,17.1,-0.5,0,1.3,30.22
2015,5,17,22,30,16,-0.7000000000000001,0,1.4000000000000001,31.990000000000002
2015,5,17,23,30,15,-0.8,0,1.5,33.81
2015,5,18,0,30,14.200000000000001,-0.8,0,1.5,35.67
2015,5,18,1,30,13.5,-0.7000000000000001,0,1.5,37.49
2015,5,18,2,30,13.200000000000001,-0.6000000000000001,0,1.4000000000000001,38.53
2015,5,18,3,30,13,-0.4,0,1.3,39.58
2015,5,18,4,30,12.9,-0.2,0,1.2000000000000002,40.52
2015,5,18,5,30,14.5,0.30000000000000004,40,1.6,37.79
2015,5,18,6,30,17.7,0.9,235,2.1,32.22
2015,5,18,7,30,21.700000000000003,1.2000000000000002,461,2.3000000000000003,25.73
2015,5,18,8,30,25.3,2.3000000000000003,672,2.8000000000000003,22.41
2015,5,18,9,30,27.5,3.2,848,3.7,20.98
2015,5,18,10,30,29.1,3.9000000000000004,977,4.4,20.11
2015,5,18,11,30,30.3,4.3,1043,5,19.26
2015,5,18,12,30,31.1,4.2,1045,5.300000000000001,18.31
2015,5,18,13,30,31.6,3.7,984,5.4,17.17
2015,5,18,14,30,31.8,2.9000000000000004,859,5.4,15.99
2015,5,18,15,30,31.700000000000003,1.7000000000000002,683,5.2,14.83
2015,5,18,16,30,31.1,0.9,473,4.7,14.43
2015,5,18,17,30,28.6,1.1,248,3.3000000000000003,16.97
2015,5,18,18,30,25.5,3.6,35,2.6,24.310000000000002
2015,5,18,19,30,23.6,3.2,0,3,26.52
2015,5,18,20,30,22.200000000000003,3.2,0,2.8000000000000003,28.84
2015,5,18,21,30,20.400000000000002,3.4000000000000004,0,2.2,32.56
2015,5,18,22,30,18.8,3.1,0,1.7000000000000002,35.26
2015,5,18,23,30,17.5,3.1,0,1.5,38.17
2015,5,19,0,30,16.400000000000002,2.8000000000000003,0,1.5,40.230000000000004
2015,5,19,1,30,15.3,2.5,0,1.6,42.2
2015,5,19,2,30,14.3,2.3000000000000003,0,1.6,44.19
2015,5,19,3,30,13.600000000000001,2.2,0,1.6,45.92
2015,5,19,4,30,13.3,2.2,0,1.6,46.83
2015,5,19,5,30,15,2.2,42,2.2,42.18
2015,5,19,6,30,18.7,2.2,242,3.2,33.230000000000004
2015,5,19,7,30,22,0.8,471,4.2,24.47
2015,5,19,8,30,24.1,-0.4,691,5.1000000000000005,19.81
2015,5,19,9,30,25.5,-0.6000000000000001,873,5.5,17.900000000000002
2015,5,19,10,30,26.700000000000003,-1.2000000000000002,1004,5.800000000000001,16.02
2015,5,19,11,30,27.8,-2.1,1073,6,14.05
2015,5,19,12,30,28.5,-3.1,1082,6,12.51
2015,5,19,13,30,29,-4.2,1018,6,11.19
2015,5,19,14,30,29,-5.300000000000001,891,6,10.32
2015,5,19,15,30,28.6,-6.300000000000001,717,5.800000000000001,9.790000000000001
2015,5,19,16,30,27.6,-7.1000000000000005,502,5.4,9.77
2015,5,19,17,30,25,-7.5,270,3.7,11.05
2015,5,19,18,30,21.1,-4.4,59,2.1,17.73
2015,5,19,19,30,18.6,-3.6,0,1.7000000000000002,21.900000000000002
2015,5,19,20,30,17.400000000000002,-3.9000000000000004,0,1.6,23.07
2015,5,19,21,30,16.400000000000002,-4.2,0,1.6,24.02
2015,5,19,22,30,15.4,-4.4,0,1.6,25.240000000000002
2015,5,19,23,30,14.5,-4.5,0,1.5,26.57
2015,5,20,0,30,13.8,-4.5,0,1.5,27.71
2015,5,20,1,30,13.200000000000001,-4.5,0,1.5,28.82
2015,5,20,2,30,12.9,-4.6000000000000005,0,1.4000000000000001,29.25
2015,5,20,3,30,12.8,-4.800000000000001,0,1.3,29
2015,5,20,4,30,12.9,-5.1000000000000005,0,1.2000000000000002,28.16
2015,5,20,5,30,14.600000000000001,-5,45,1.1,25.37
2015,5,20,6,30,17.8,-3.3000000000000003,250,0.9,23.580000000000002
2015,5,20,7,30,21.6,-5.800000000000001,482,0.6000000000000001,15.44
2015,5,20,8,30,25,-7.2,701,0.8,11.27
2015,5,20,9,30,26.900000000000002,-7.4,884,1.5,9.950000000000001
2015,5,20,10,30,28.3,-7.2,1016,1.9000000000000001,9.3
2015,5,20,11,30,29.400000000000002,-7.1000000000000005,1080,2.2,8.8
2015,5,20,12,30,30.200000000000003,-7,1034,2.4000000000000004,8.43
2015,5,20,13,30,30.6,-7.1000000000000005,911,2.6,8.22
2015,5,20,14,30,30.3,-7.1000000000000005,881,2.7,8.33
2015,5,20,15,30,29.700000000000003,-7.2,583,2.5,8.57
2015,5,20,16,30,28.8,-7.2,392,2,9.040000000000001
2015,5,20,17,30,26.6,-5.800000000000001,257,1.4000000000000001,11.39
2015,5,20,18,30,23.3,-0.1,39,1.3,21.21
2015,5,20,19,30,21.1,-1.2000000000000002,0,2,22.400000000000002
2015,5,20,20,30,19.8,-1.5,0,2.8000000000000003,23.71
2015,5,20,21,30,18.400000000000002,-0.2,0,3.2,28.43
2015,5,20,22,30,17,2.1,0,3.3000000000000003,36.75
2015,5,20,23,30,15.9,5.1000000000000005,0,3.4000000000000004,48.78
2015,5,21,0,30,15.200000000000001,8.1,0,3.7,62.54
2015,5,21,1,30,14.700000000000001,10.4,0,3.9000000000000004,75.37
2015,5,21,2,30,14.5,11.700000000000001,0,3.9000000000000004,83.42
2015,5,21,3,30,14.200000000000001,12.200000000000001,0,3.9000000000000004,87.63
2015,5,21,4,30,14,12.100000000000001,0,4,88.17
2015,5,21,5,30,14.9,11.700000000000001,40,4.7,81.15
2015,5,21,6,30,17.3,11.3,227,5.6000000000000005,67.64
2015,5,21,7,30,20.1,10.5,449,6,54.07
2015,5,21,8,30,22.5,9.600000000000001,280,5.9,43.910000000000004
2015,5,21,9,30,24.400000000000002,8.6,463,5.800000000000001,36.59
2015,5,21,10,30,26.1,7.300000000000001,853,5.5,30.21
2015,5,21,11,30,27.400000000000002,5.7,1043,5.300000000000001,25.04
2015,5,21,12,30,28,3.7,1047,5.300000000000001,21.04
2015,5,21,13,30,27.3,1.6,984,5.1000000000000005,18.98
2015,5,21,14,30,26.5,0.30000000000000004,863,4.7,18.07
2015,5,21,15,30,26.6,0.2,689,4.6000000000000005,17.830000000000002
2015,5,21,16,30,26.3,0.5,251,4.4,18.54
2015,5,21,17,30,24.400000000000002,1.2000000000000002,177,3.4000000000000004,21.91
2015,5,21,18,30,21.6,4.3,25,2.6,32.2
2015,5,21,19,30,20.1,5.5,0,2.9000000000000004,38.31
2015,5,21,20,30,19.1,5.9,0,3.3000000000000003,42
2015,5,21,21,30,17.7,6.5,0,3.1,47.95
2015,5,21,22,30,16.3,7.300000000000001,0,2.6,55.22
2015,5,21,23,30,15.100000000000001,7.6000000000000005,0,2.1,61.050000000000004
2015,5,22,0,30,13.9,7.7,0,1.8,66.09
2015,5,22,1,30,12.8,7.7,0,1.6,71.07000000000001
2015,5,22,2,30,11.8,7.800000000000001,0,1.6,76.28
2015,5,22,3,30,10.9,7.9,0,1.7000000000000002,81.95
2015,5,22,4,30,10.600000000000001,8.3,0,2,85.43
2015,5,22,5,30,12,8.700000000000001,47,3,80.37
2015,5,22,6,30,14.9,9,248,3.7,67.93
2015,5,22,7,30,18,7.1000000000000005,475,3.8000000000000003,49.050000000000004
2015,5,22,8,30,20.8,5.6000000000000005,689,3.9000000000000004,37.08
2015,5,22,9,30,23.3,4.5,869,3.9000000000000004,29.52
2015,5,22,10,30,25.5,3.2,998,4.2,23.52
2015,5,22,11,30,27.200000000000003,1.5,1072,4.5,18.96
2015,5,22,12,30,28.5,-0.4,1074,4.800000000000001,15.280000000000001
2015,5,22,13,30,29.5,-2.6,1015,4.9,12.24
2015,5,22,14,30,30.200000000000003,-5,896,5,9.82
2015,5,22,15,30,30.400000000000002,-7.4,685,5.1000000000000005,8.13
2015,5,22,16,30,29.5,-8.700000000000001,369,4.9,7.71
2015,5,22,17,30,26.8,-7.7,220,4,9.76
2015,5,22,18,30,23.5,-3.8000000000000003,33,3.4000000000000004,16
2015,5,22,19,30,21.700000000000003,-4.2,0,3.6,17.25
2015,5,22,20,30,20.8,-4.3,0,3.7,18.17
2015,5,22,21,30,19.8,-3.7,0,3.6,20.17
2015,5,22,22,30,18.900000000000002,-3.2,0,3.7,22.16
2015,5,22,23,30,17.7,-2.8000000000000003,0,3.9000000000000004,24.64
2015,5,23,0,30,16.7,-2.2,0,3.9000000000000004,27.330000000000002
2015,5,23,1,30,15.3,-1.6,0,3.3000000000000003,31.400000000000002
2015,5,23,2,30,13.700000000000001,-0.8,0,2.4000000000000004,36.84
2015,5,23,3,30,12.5,-0.4,0,2.1,40.87
2015,5,23,4,30,12.100000000000001,-0.30000000000000004,0,2,42.34
2015,5,23,5,30,13.700000000000001,-0.1,46,2.8000000000000003,38.79
2015,5,23,6,30,16.8,-0.1,246,4.3,31.86
2015,5,23,7,30,19.6,0.2,475,5.6000000000000005,27.23
2015,5,23,8,30,21.400000000000002,0.1,694,6.4,24.26
2015,5,23,9,30,23,-0.4,876,6.800000000000001,21.21
2015,5,23,10,30,24.400000000000002,-1.3,1007,6.9,18.19
2015,5,23,11,30,25.5,-2.5,1081,7,15.64
2015,5,23,12,30,26.3,-3.6,1084,7,13.76
2015,5,23,13,30,26.700000000000003,-4.5,1019,7,12.530000000000001
2015,5,23,14,30,26.6,-5.4,894,7,11.81
2015,5,23,15,30,26.200000000000003,-6.1000000000000005,717,6.800000000000001,11.47
2015,5,23,16,30,25.3,-6.7,503,6.4,11.51
2015,5,23,17,30,23.200000000000003,-7.1000000000000005,273,4.9,12.700000000000001
2015,5,23,18,30,20,-5.800000000000001,64,3.1,17
2015,5,23,19,30,17.6,-4.5,0,2.6,21.73
2015,5,23,20,30,16.5,-4.6000000000000005,0,2.7,23.19
2015,5,23,21,30,15.600000000000001,-4.7,0,3,24.39
2015,5,23,22,30,14.600000000000001,-4.7,0,3.2,26.1
2015,5,23,23,30,13.8,-4.4,0,3.3000000000000003,27.94
2015,5,24,0,30,12.9,-4,0,3.2,30.52
2015,5,24,1,30,12,-3.5,0,2.8000000000000003,33.75
2015,5,24,2,30,11.200000000000001,-2.9000000000000004,0,2.4000000000000004,37.18
2015,5,24,3,30,10.4,-2.4000000000000004,0,2,40.800000000000004
2015,5,24,4,30,10.100000000000001,-1.9000000000000001,0,1.7000000000000002,43.08
2015,5,24,5,30,11.9,-1.4000000000000001,48,2.1,39.61
2015,5,24,6,30,15.5,-1.2000000000000002,248,3,31.77
2015,5,24,7,30,19,-1,476,4.1000000000000005,25.87
2015,5,24,8,30,21.400000000000002,-1.2000000000000002,691,5,21.95
2015,5,24,9,30,23,-1.6,875,5.2,19.42
2015,5,24,10,30,24.400000000000002,-2.2,1005,5.1000000000000005,17.04
2015,5,24,11,30,25.700000000000003,-3,1075,5.1000000000000005,14.84
2015,5,24,12,30,26.6,-3.9000000000000004,1077,5.2,13.16
2015,5,24,13,30,27.1,-4.800000000000001,1014,5.300000000000001,11.96
2015,5,24,14,30,27.200000000000003,-5.5,887,5.2,11.26
2015,5,24,15,30,26.8,-6,707,5.2,11.1
2015,5,24,16,30,25.900000000000002,-6.4,496,5.1000000000000005,11.39
2015,5,24,17,30,23.8,-6.300000000000001,269,4,12.97
2015,5,24,18,30,20.400000000000002,-4.4,64,2.6,18.5
2015,5,24,19,30,18.1,-3.4000000000000004,0,2.3000000000000003,22.91
2015,5,24,20,30,17.5,-3.6,0,2.6,23.42
2015,5,24,21,30,17.3,-3.7,0,3,23.53
2015,5,24,22,30,16.7,-3.5,0,3.2,24.85
2015,5,24,23,30,15.8,-2.9000000000000004,0,3.1,27.66
2015,5,25,0,30,14.600000000000001,-2,0,2.8000000000000003,31.720000000000002
2015,5,25,1,30,13.4,-0.9,0,2.4000000000000004,37.2
2015,5,25,2,30,12.3,0.6000000000000001,0,2.1,44.77
2015,5,25,3,30,11.5,1.9000000000000001,0,1.7000000000000002,51.78
2015,5,25,4,30,11.3,2.8000000000000003,0,1.3,55.71
2015,5,25,5,30,13,3.2,49,1.5,51.46
2015,5,25,6,30,16.5,3.4000000000000004,248,2.1,41.730000000000004
2015,5,25,7,30,19.900000000000002,3,474,2.8000000000000003,32.77
2015,5,25,8,30,22.400000000000002,2,686,3.5,26.02
2015,5,25,9,30,24.200000000000003,1.1,867,4,21.87
2015,5,25,10,30,25.700000000000003,0.30000000000000004,996,4.3,19
2015,5,25,11,30,26.900000000000002,-0.4,1069,4.7,16.71
2015,5,25,12,30,27.900000000000002,-1.3,1072,5,14.8
2015,5,25,13,30,28.5,-2.1,1009,5.300000000000001,13.47
2015,5,25,14,30,28.6,-2.7,885,5.6000000000000005,12.81
2015,5,25,15,30,28.3,-3.1,710,5.800000000000001,12.71
2015,5,25,16,30,27.400000000000002,-3.3000000000000003,499,5.800000000000001,13.17
2015,5,25,17,30,25.400000000000002,-3.3000000000000003,271,4.7,14.8
2015,5,25,18,30,22.1,-2.3000000000000003,65,3,19.52
2015,5,25,19,30,19.6,-1.3,0,2.3000000000000003,24.44
2015,5,25,20,30,18.400000000000002,-1.2000000000000002,0,2.2,26.580000000000002
2015,5,25,21,30,17.400000000000002,-0.7000000000000001,0,1.9000000000000001,29.22
2015,5,25,22,30,16.5,0,0,1.8,32.68
2015,5,25,23,30,15.700000000000001,0.8,0,1.6,36.38
2015,5,26,0,30,15,1.6,0,1.5,40.2
2015,5,26,1,30,14.5,2.2,0,1.4000000000000001,43.49
2015,5,26,2,30,14.200000000000001,2.8000000000000003,0,1.3,46.31
2015,5,26,3,30,14.100000000000001,3.4000000000000004,0,1.2000000000000002,48.370000000000005
2015,5,26,4,30,14.4,3.7,0,1,48.6
2015,5,26,5,30,16.1,3.9000000000000004,47,0.9,44.2
2015,5,26,6,30,19.1,4.1000000000000005,242,0.7000000000000001,37.19
2015,5,26,7,30,22.5,3.9000000000000004,467,0.7000000000000001,29.71
2015,5,26,8,30,25,2.9000000000000004,679,1,23.75
2015,5,26,9,30,26.6,1.9000000000000001,858,1.5,20.16
2015,5,26,10,30,27.6,1.2000000000000002,987,2.1,18.11
2015,5,26,11,30,28.200000000000003,0.6000000000000001,1059,2.7,16.67
2015,5,26,12,30,28.3,-0.1,1063,3.1,15.81
2015,5,26,13,30,28.3,-0.8,1001,3.3000000000000003,15.06
2015,5,26,14,30,28.700000000000003,-1.4000000000000001,878,3.3000000000000003,13.99
2015,5,26,15,30,28.8,-2.2,707,3,13.15
2015,5,26,16,30,28.3,-3,499,2.5,12.75
2015,5,26,17,30,26.5,-3.5,274,1.5,13.65
2015,5,26,18,30,24,0,67,0.8,20.48
2015,5,26,19,30,22.5,-1.4000000000000001,0,0.8,20.28
2015,5,26,20,30,21.6,-2,0,1,20.52
2015,5,26,21,30,20.8,-2.3000000000000003,0,1.1,21.12
2015,5,26,22,30,19.900000000000002,-2.6,0,1.3,21.830000000000002
2015,5,26,23,30,18.7,-2.7,0,1.4000000000000001,23.240000000000002
2015,5,27,0,30,17.5,-2.8000000000000003,0,1.4000000000000001,25.01
2015,5,27,1,30,16.6,-2.8000000000000003,0,1.4000000000000001,26.45
2015,5,27,2,30,16.2,-2.8000000000000003,0,1.3,27.12
2015,5,27,3,30,16,-2.8000000000000003,0,1.1,27.400000000000002
2015,5,27,4,30,16.2,-2.9000000000000004,0,0.9,26.89
2015,5,27,5,30,17.5,-2.7,52,0.9,25.12
2015,5,27,6,30,20.200000000000003,-1.3,253,1.2000000000000002,23.47
2015,5,27,7,30,24.1,-2.5,480,1.4000000000000001,16.93
2015,5,27,8,30,28,-3.4000000000000004,692,1.8,12.6
2015,5,27,9,30,30.3,-4.2,748,2.6,10.39
2015,5,27,10,30,31.400000000000002,-4,815,3,9.94
2015,5,27,11,30,32,-3.5,867,3.2,9.91
2015,5,27,12,30,32.2,-3,769,3.2,10.18
2015,5,27,13,30,32.4,-2.5,779,3.1,10.46
2015,5,27,14,30,32.7,-2.1,672,2.8000000000000003,10.64
2015,5,27,15,30,32.6,-1.8,409,2.7,10.88
2015,5,27,16,30,31.700000000000003,-2,415,2.5,11.26
2015,5,27,17,30,29.200000000000003,-2.1,95,1.7000000000000002,12.97
2015,5,27,18,30,25.900000000000002,1.5,45,1.2000000000000002,20.43
2015,5,27,19,30,23.900000000000002,0.1,0,1.4000000000000001,20.79
2015,5,27,20,30,22.900000000000002,-0.5,0,1.4000000000000001,21.12
2015,5,27,21,30,22.1,-0.8,0,1.4000000000000001,21.740000000000002
2015,5,27,22,30,21.400000000000002,-1.2000000000000002,0,1.3,22.04
2015,5,27,23,30,20.6,-1.8,0,1.2000000000000002,22.17
2015,5,28,0,30,19.6,-2.2,0,0.9,22.88
2015,5,28,1,30,18.5,-2.4000000000000004,0,0.9,24.19
2015,5,28,2,30,17.3,-2.4000000000000004,0,1,25.94
2015,5,28,3,30,16.1,-2.5,0,1.3,27.77
2015,5,28,4,30,15.5,-3.1,0,1.5,27.76
2015,5,28,5,30,17.3,-3.5,53,2.1,23.900000000000002
2015,5,28,6,30,20.900000000000002,-3.7,257,2.9000000000000004,18.92
2015,5,28,7,30,25,-5,485,3.5,13.34
2015,5,28,8,30,28.6,-6.2,699,3.8000000000000003,9.83
2015,5,28,9,30,30.700000000000003,-6.7,879,3.8000000000000003,8.42
2015,5,28,10,30,32,-6.800000000000001,1009,3.9000000000000004,7.75
2015,5,28,11,30,33,-6.9,1078,4.1000000000000005,7.28
2015,5,28,12,30,33.6,-7,1082,4.3,6.95
2015,5,28,13,30,33.7,-7.2,1019,4.5,6.82
2015,5,28,14,30,33.6,-7.4,897,4.6000000000000005,6.75
2015,5,28,15,30,33,-7.800000000000001,722,4.5,6.8
2015,5,28,16,30,31.900000000000002,-7.9,510,4.1000000000000005,7.15
2015,5,28,17,30,29.200000000000003,-7.6000000000000005,282,2.7,8.540000000000001
2015,5,28,18,30,25.3,-2.6,72,1.5,15.68
2015,5,28,19,30,23.1,-2.5,0,1.5,18.03
2015,5,28,20,30,22,-2.8000000000000003,0,1.6,18.87
2015,5,28,21,30,20.900000000000002,-2.9000000000000004,0,1.7000000000000002,20.02
2015,5,28,22,30,19.700000000000003,-3,0,1.9000000000000001,21.46
2015,5,28,23,30,18.8,-3.1,0,2.1,22.52
2015,5,29,0,30,17.8,-3.2,0,2.3000000000000003,23.67
2015,5,29,1,30,16.900000000000002,-3.4000000000000004,0,2.3000000000000003,24.73
2015,5,29,2,30,16,-3.5,0,2.2,25.97
2015,5,29,3,30,15.3,-3.4000000000000004,0,2.1,27.39
2015,5,29,4,30,15.200000000000001,-2.8000000000000003,0,1.9000000000000001,28.85
2015,5,29,5,30,17.2,-1.7000000000000002,54,2.3000000000000003,27.46
2015,5,29,6,30,20.900000000000002,-1.4000000000000001,256,2.6,22.35
2015,5,29,7,30,25,-1.8,484,2.5,16.93
2015,5,29,8,30,28.8,-2.9000000000000004,694,2.1,12.52
2015,5,29,9,30,31.200000000000003,-3.8000000000000003,873,1.7000000000000002,10.21
2015,5,29,10,30,32.6,-4.1000000000000005,1002,1.7000000000000002,9.21
2015,5,29,11,30,33.6,-4.1000000000000005,1070,2.1,8.66
2015,5,29,12,30,34.1,-4,1071,2.5,8.49
2015,5,29,13,30,34.300000000000004,-3.8000000000000003,1009,2.7,8.53
2015,5,29,14,30,34.2,-3.7,884,2.9000000000000004,8.69
2015,5,29,15,30,33.6,-3.6,710,2.9000000000000004,9.02
2015,5,29,16,30,32.7,-3.7,499,2.6,9.39
2015,5,29,17,30,30.5,-3.7,275,1.7000000000000002,10.700000000000001
2015,5,29,18,30,27.8,0.8,70,1,17.3
2015,5,29,19,30,26.3,0,0,1,17.85
2015,5,29,20,30,25.3,-0.6000000000000001,0,1.1,18.21
2015,5,29,21,30,24,-0.8,0,1.3,19.400000000000002
2015,5,29,22,30,22.5,-0.30000000000000004,0,1.6,21.900000000000002
2015,5,29,23,30,21.3,0.6000000000000001,0,2.1,25.3
2015,5,30,0,30,20.200000000000003,2.1,0,2.7,30.17
2015,5,30,1,30,19.400000000000002,4.1000000000000005,0,3.5,36.43
2015,5,30,2,30,18.6,6.4,0,4.1000000000000005,44.85
2015,5,30,3,30,17.7,8.700000000000001,0,4.5,55.6
2015,5,30,4,30,17.2,10.5,0,4.800000000000001,64.9
2015,5,30,5,30,18.2,11.8,49,5.300000000000001,66.24
2015,5,30,6,30,20.8,12.700000000000001,241,6,59.980000000000004
2015,5,30,7,30,23.6,12.5,459,6.4,49.84
2015,5,30,8,30,26,11,666,6.1000000000000005,39.13
2015,5,30,9,30,28,9.600000000000001,839,5.300000000000001,31.55
2015,5,30,10,30,29.700000000000003,8.3,966,4.4,26.29
2015,5,30,11,30,30.900000000000002,7.4,1033,3.4000000000000004,23.06
2015,5,30,12,30,31.700000000000003,6.800000000000001,1037,2.6,21.18
2015,5,30,13,30,32.2,6.4,980,2.3000000000000003,20.06
2015,5,30,14,30,32.4,6.1000000000000005,861,2.3000000000000003,19.39
2015,5,30,15,30,32.1,5.800000000000001,694,2.7,19.27
2015,5,30,16,30,31.200000000000003,5.6000000000000005,489,3.2,20.01
2015,5,30,17,30,29.5,5.6000000000000005,117,3.6,22.02
2015,5,30,18,30,26.8,6.300000000000001,41,3.9000000000000004,27.14
2015,5,30,19,30,24.700000000000003,7.1000000000000005,0,4.9,32.38
2015,5,30,20,30,23.200000000000003,8.1,0,5.7,37.97
2015,5,30,21,30,21.700000000000003,9.3,0,5.800000000000001,45.01
2015,5,30,22,30,20.5,10.3,0,5.7,51.870000000000005
2015,5,30,23,30,19.5,11,0,5.4,58.06
2015,5,31,0,30,18.6,11.700000000000001,0,5,64.01
2015,5,31,1,30,17.900000000000002,12.200000000000001,0,4.6000000000000005,69.08
2015,5,31,2,30,17.400000000000002,12.5,0,4.2,73.12
2015,5,31,3,30,17,12.8,0,3.8000000000000003,76.55
2015,5,31,4,30,16.8,13.100000000000001,0,3.7,78.96000000000001
2015,5,31,5,30,17.6,13.4,48,4,76.43
2015,5,31,6,30,19.900000000000002,13.700000000000001,232,4.3,67.28
2015,5,31,7,30,22.6,13.9,446,3.9000000000000004,57.75
2015,5,31,8,30,25.200000000000003,13.4,651,3.6,48.01
2015,5,31,9,30,27,12.5,824,3.2,40.56
2015,5,31,10,30,28.5,11.700000000000001,952,2.9000000000000004,35.24
2015,5,31,11,30,29.8,10.9,1021,2.4000000000000004,31
2015,5,31,12,30,30.900000000000002,10.100000000000001,1028,1.9000000000000001,27.61
2015,5,31,13,30,31.700000000000003,9.3,971,1.5,25.13
2015,5,31,14,30,32.2,8.700000000000001,849,1.3,23.39
2015,5,31,15,30,32.1,8.1,576,1.2000000000000002,22.61
2015,5,31,16,30,31.6,7.6000000000000005,418,1.4000000000000001,22.45
2015,5,31,17,30,30.1,7.1000000000000005,236,1.2000000000000002,23.67
2015,5,31,18,30,27.5,8.200000000000001,47,1.1,29.69
2015,5,31,19,30,25.400000000000002,7.4,0,1.4000000000000001,31.82
2015,5,31,20,30,24.200000000000003,7,0,1.8,33.25
2015,5,31,21,30,23.200000000000003,6.9,0,2.2,34.92
2015,5,31,22,30,22.3,6.800000000000001,0,2.6,36.63
2015,5,31,23,30,21.400000000000002,6.6000000000000005,0,3,38.4
2015,6,1,0,30,20.900000000000002,6.5,0,3.1,39.13
2015,6,1,1,30,20.6,6.300000000000001,0,3.2,39.52
2015,6,1,2,30,20.5,6.4,0,3,39.97
2015,6,1,3,30,20.1,6.800000000000001,0,2.4000000000000004,42.01
2015,6,1,4,30,20,7.300000000000001,0,2,43.77
2015,6,1,5,30,20.900000000000002,8,48,2.3000000000000003,43.57
2015,6,1,6,30,23.400000000000002,8.9,231,2.6,39.7
2015,6,1,7,30,26.200000000000003,9.600000000000001,445,2.7,35.11
2015,6,1,8,30,28.1,9.5,649,2.7,31.16
2015,6,1,9,30,29.400000000000002,9.1,823,2.6,28.26
2015,6,1,10,30,30.700000000000003,8.700000000000001,951,2.6,25.44
2015,6,1,11,30,32.4,8.1,1022,2.4000000000000004,22.240000000000002
2015,6,1,12,30,34,7.4,1033,2.1,19.400000000000002
2015,6,1,13,30,35,6.7,943,1.9000000000000001,17.46
2015,6,1,14,30,35.2,6,719,1.8,16.42
2015,6,1,15,30,34.9,5.4,515,1.7000000000000002,16.02
2015,6,1,16,30,34.1,4.800000000000001,410,1.8,16.06
2015,6,1,17,30,32.1,4.5,102,1.7000000000000002,17.67
2015,6,1,18,30,29.200000000000003,7.1000000000000005,34,1.9000000000000001,24.82
2015,6,1,19,30,27,6.800000000000001,0,2.8000000000000003,27.64
2015,6,1,20,30,25.400000000000002,7.800000000000001,0,3.7,32.6
2015,6,1,21,30,23.8,9.5,0,4,40.26
2015,6,1,22,30,22.700000000000003,10.3,0,3.6,45.57
2015,6,1,23,30,21.900000000000002,10.5,0,2.8000000000000003,48.31
2015,6,2,0,30,21.1,10.3,0,1.7000000000000002,49.95
2015,6,2,1,30,20.400000000000002,9.8,0,1.2000000000000002,50.64
2015,6,2,2,30,20,9.5,0,1.1,50.76
2015,6,2,3,30,19.700000000000003,9.4,0,1.1,51.33
2015,6,2,4,30,19.6,9.5,0,1.2000000000000002,52.03
2015,6,2,5,30,21.3,9.600000000000001,53,1.6,47.32
2015,6,2,6,30,24.8,9.600000000000001,249,2.5,38.11
2015,6,2,7,30,28.6,8.200000000000001,472,3.1,27.7
2015,6,2,8,30,31.700000000000003,5,685,3.4000000000000004,18.62
2015,6,2,9,30,33.7,1.3,864,3.7,12.870000000000001
2015,6,2,10,30,35.1,-1.9000000000000001,996,4,9.39
2015,6,2,11,30,36,-4.1000000000000005,1070,4.4,7.6000000000000005
2015,6,2,12,30,36.5,-4.9,1075,4.7,6.94
2015,6,2,13,30,36.5,-4.7,1014,4.9,7.07
2015,6,2,14,30,36.300000000000004,-4.2,890,5,7.41
2015,6,2,15,30,35.7,-3.9000000000000004,715,4.9,7.86
2015,6,2,16,30,34.7,-3.6,488,4.4,8.49
2015,6,2,17,30,32.2,-3.3000000000000003,284,2.9000000000000004,10
2015,6,2,18,30,28.400000000000002,0.4,78,1.6,16.34
2015,6,2,19,30,26.1,0.8,0,1.5,19.19
2015,6,2,20,30,24.900000000000002,0.2,0,1.7000000000000002,19.740000000000002
2015,6,2,21,30,23.8,-0.6000000000000001,0,1.9000000000000001,19.89
2015,6,2,22,30,22.700000000000003,-1.6,0,2.2,19.8
2015,6,2,23,30,21.6,-2.6,0,2.4000000000000004,19.650000000000002
2015,6,3,0,30,20.6,-3.3000000000000003,0,2.5,19.8
2015,6,3,1,30,19.700000000000003,-3.4000000000000004,0,2.5,20.72
2015,6,3,2,30,18.900000000000002,-3,0,2.4000000000000004,22.46
2015,6,3,3,30,18.1,-2.5,0,2.2,24.59
2015,6,3,4,30,17.900000000000002,-2,0,2.1,25.82
2015,6,3,5,30,19.900000000000002,-1.5,56,2.7,23.650000000000002
2015,6,3,6,30,23.5,-1.5,256,3.4000000000000004,18.95
2015,6,3,7,30,27.5,-1.6,481,3.8000000000000003,14.81
2015,6,3,8,30,30.8,-2.1,692,4.4,11.78
2015,6,3,9,30,32.800000000000004,-3.1,870,4.5,9.78
2015,6,3,10,30,34.2,-4,1002,4.800000000000001,8.44
2015,6,3,11,30,35.2,-4.6000000000000005,1072,5.1000000000000005,7.640000000000001
2015,6,3,12,30,35.800000000000004,-5,1076,5.300000000000001,7.17
2015,6,3,13,30,36.1,-5.5,1020,5.300000000000001,6.82
2015,6,3,14,30,36,-5.9,898,5.2,6.63
2015,6,3,15,30,35.4,-6.300000000000001,726,5,6.640000000000001
2015,6,3,16,30,34.4,-6.800000000000001,517,4.4,6.78
2015,6,3,17,30,31.700000000000003,-7,292,2.9000000000000004,7.74
2015,6,3,18,30,27.900000000000002,-2.9000000000000004,81,1.5,13.18
2015,6,3,19,30,25.700000000000003,-2.7,0,1.4000000000000001,15.17
2015,6,3,20,30,24.8,-3.3000000000000003,0,1.5,15.33
2015,6,3,21,30,23.8,-3.8000000000000003,0,1.6,15.69
2015,6,3,22,30,22.6,-4.3,0,1.8,16.28
2015,6,3,23,30,21.400000000000002,-4.800000000000001,0,2,16.8
2015,6,4,0,30,20.3,-5.300000000000001,0,2,17.29
2015,6,4,1,30,19.400000000000002,-5.5,0,1.9000000000000001,18.05
2015,6,4,2,30,18.6,-5.4,0,1.6,19.11
2015,6,4,3,30,18,-5.300000000000001,0,1.3,20
2015,6,4,4,30,18.1,-5.300000000000001,0,1,19.92
2015,6,4,5,30,20,-4.9,56,1.2000000000000002,18.16
2015,6,4,6,30,23.5,-5.1000000000000005,255,1.6,14.48
2015,6,4,7,30,27.6,-6.4,478,2.4000000000000004,10.28
2015,6,4,8,30,30.900000000000002,-7.300000000000001,686,2.9000000000000004,7.91
2015,6,4,9,30,32.800000000000004,-6.800000000000001,862,3.1,7.38
2015,6,4,10,30,34.2,-5.7,987,3.3000000000000003,7.45
2015,6,4,11,30,35.2,-4.7,1057,3.4000000000000004,7.58
2015,6,4,12,30,35.9,-3.8000000000000003,969,3.6,7.8
2015,6,4,13,30,36.1,-3,887,3.6,8.24
2015,6,4,14,30,36,-2.1,704,3.5,8.86
2015,6,4,15,30,35.4,-1.4000000000000001,711,3.1,9.620000000000001
2015,6,4,16,30,34.4,-1,410,2.4000000000000004,10.48
2015,6,4,17,30,32.4,-0.6000000000000001,284,1.4000000000000001,12.02
2015,6,4,18,30,30.3,3,59,0.8,17.6
2015,6,4,19,30,28.900000000000002,2.2,0,0.9,17.96
2015,6,4,20,30,27.200000000000003,1.7000000000000002,0,1.2000000000000002,19.23
2015,6,4,21,30,25.3,2.2,0,1.8,22.21
2015,6,4,22,30,24.3,3.6,0,2.4000000000000004,26.14
2015,6,4,23,30,23.6,6,0,2.5,32.21
2015,6,5,0,30,22.8,7.9,0,2.3000000000000003,38.47
2015,6,5,1,30,22.1,8.9,0,2.2,42.980000000000004
2015,6,5,2,30,21.700000000000003,9.200000000000001,0,2.3000000000000003,44.83
2015,6,5,3,30,21.3,9.1,0,2.1,45.61
2015,6,5,4,30,21.200000000000003,9.1,0,1.7000000000000002,46.06
2015,6,5,5,30,22.400000000000002,9.3,36,1.7000000000000002,43.38
2015,6,5,6,30,25.3,9.200000000000001,183,1.9000000000000001,36.06
2015,6,5,7,30,28.3,7.9,462,2,27.73
2015,6,5,8,30,30.700000000000003,6.800000000000001,668,2.1,22.41
2015,6,5,9,30,32.5,6.2,843,2,19.34
2015,6,5,10,30,33.7,5.7,969,1.7000000000000002,17.55
2015,6,5,11,30,34.6,5.5,1035,1.7000000000000002,16.43
2015,6,5,12,30,35.1,5.4,1040,2,15.870000000000001
2015,6,5,13,30,35.4,5.4,982,2.4000000000000004,15.64
2015,6,5,14,30,35.300000000000004,5.4,859,2.4000000000000004,15.700000000000001
2015,6,5,15,30,34.7,5.2,691,2.1,15.97
2015,6,5,16,30,33.9,5,490,2,16.45
2015,6,5,17,30,32.4,5,273,2,17.990000000000002
2015,6,5,18,30,30.1,6.7,43,2,23.05
2015,6,5,19,30,28.200000000000003,7.6000000000000005,0,2.3000000000000003,27.330000000000002
2015,6,5,20,30,27.3,8.700000000000001,0,2.7,30.94
2015,6,5,21,30,26.5,10,0,3,35.42
2015,6,5,22,30,25.6,11.100000000000001,0,3.2,40.29
2015,6,5,23,30,24.400000000000002,12,0,3.5,45.99
2015,6,6,0,30,23.1,12.9,0,4,52.74
2015,6,6,1,30,22.1,13.8,0,4.2,59.33
2015,6,6,2,30,21.5,14.5,0,4.1000000000000005,64.35
2015,6,6,3,30,21,14.9,0,3.9000000000000004,68.27
2015,6,6,4,30,20.900000000000002,15.3,0,3.9000000000000004,70.13
2015,6,6,5,30,21.700000000000003,15.4,33,4.3,67.55
2015,6,6,6,30,23.700000000000003,15.4,236,4.6000000000000005,59.89
2015,6,6,7,30,26.200000000000003,14.600000000000001,448,4.4,48.72
2015,6,6,8,30,28.6,13,656,3.8000000000000003,38.34
2015,6,6,9,30,30.6,12,830,3.4000000000000004,31.93
2015,6,6,10,30,32.1,11.200000000000001,958,3.1,27.88
2015,6,6,11,30,33.300000000000004,10.5,1025,3,24.85
2015,6,6,12,30,34.1,9.8,1033,2.9000000000000004,22.61
2015,6,6,13,30,34.6,8.9,978,2.9000000000000004,20.78
2015,6,6,14,30,34.800000000000004,7.9,274,2.8000000000000003,19.14
2015,6,6,15,30,34.6,6.800000000000001,559,2.7,17.95
2015,6,6,16,30,34,5.800000000000001,496,2.6,17.34
2015,6,6,17,30,32.2,5.1000000000000005,219,1.9000000000000001,18.330000000000002
2015,6,6,18,30,29.200000000000003,7.9,54,1.3,26.28
2015,6,6,19,30,27.1,7.7,0,1.5,29.42
2015,6,6,20,30,26.1,7.300000000000001,0,1.8,30.29
2015,6,6,21,30,25.400000000000002,7.300000000000001,0,2.1,31.59
2015,6,6,22,30,24.700000000000003,7.9,0,2.3000000000000003,34.19
2015,6,6,23,30,23.900000000000002,8.700000000000001,0,2.4000000000000004,37.99
2015,6,7,0,30,23.200000000000003,9.4,0,2.3000000000000003,41.62
2015,6,7,1,30,22.6,9.9,0,2.1,44.39
2015,6,7,2,30,22.200000000000003,10.100000000000001,0,1.9000000000000001,46.09
2015,6,7,3,30,21.8,10.200000000000001,0,1.7000000000000002,47.56
2015,6,7,4,30,21.8,10.200000000000001,0,1.6,47.79
2015,6,7,5,30,22.700000000000003,10.3,31,2.1,45.58
2015,6,7,6,30,24.3,10.100000000000001,170,2.9000000000000004,40.660000000000004
2015,6,7,7,30,26.200000000000003,9.200000000000001,331,3.4000000000000004,34.25
2015,6,7,8,30,27.8,8.5,190,3.6,29.66
2015,6,7,9,30,28.700000000000003,9,421,3.3000000000000003,29.19
2015,6,7,10,30,29.200000000000003,9.8,531,2.7,29.990000000000002
2015,6,7,11,30,29.700000000000003,10.700000000000001,674,2.5,30.86
2015,6,7,12,30,30,11.5,436,2.8000000000000003,32.02
2015,6,7,13,30,30,12.3,443,3.3000000000000003,33.76
2015,6,7,14,30,29.8,12.8,474,3.4000000000000004,35.31
2015,6,7,15,30,29.400000000000002,13,397,3.2,36.550000000000004
2015,6,7,16,30,29,13,219,2.8000000000000003,37.45
2015,6,7,17,30,28.3,13,112,2.4000000000000004,38.89
2015,6,7,18,30,27.1,13.200000000000001,26,2.1,42.42
2015,6,7,19,30,26.200000000000003,13.100000000000001,0,2.3000000000000003,44.39
2015,6,7,20,30,25.5,13.5,0,2.4000000000000004,47.35
2015,6,7,21,30,24.8,14.100000000000001,0,2.2,51.34
2015,6,7,22,30,24.1,14.5,0,1.8,55.07
2015,6,7,23,30,23.5,14.600000000000001,0,1.5,57.410000000000004
2015,6,8,0,30,22.8,14.4,0,1.3,59.03
2015,6,8,1,30,22.1,14,0,1.3,60.1
2015,6,8,2,30,21.6,13.5,0,1.2000000000000002,60.09
2015,6,8,3,30,21.200000000000003,13.100000000000001,0,1.2000000000000002,59.76
2015,6,8,4,30,21.400000000000002,12.700000000000001,0,1.3,57.47
2015,6,8,5,30,22.900000000000002,12.4,28,1.8,51.61
2015,6,8,6,30,25.700000000000003,12,181,2.1,42.37
2015,6,8,7,30,28.5,11,451,2.1,33.8
2015,6,8,8,30,30.3,11.4,447,2.5,31.26
2015,6,8,9,30,31.8,11.9,591,3.2,29.66
2015,6,8,10,30,32.9,12.3,361,3.8000000000000003,28.55
2015,6,8,11,30,33.5,12.5,273,4.2,28.03
2015,6,8,12,30,33.5,12.5,821,4.4,28.01
2015,6,8,13,30,33.1,12.5,94,4.5,28.57
2015,6,8,14,30,32.7,12.5,584,4.5,29.25
2015,6,8,15,30,32.2,12.5,140,4.6000000000000005,30.14
2015,6,8,16,30,31.400000000000002,12.600000000000001,433,4.5,31.67
2015,6,8,17,30,30.200000000000003,12.700000000000001,143,4,34.25
2015,6,8,18,30,28.6,13.100000000000001,44,3,38.480000000000004
2015,6,8,19,30,27.1,13.700000000000001,0,2.1,43.7
2015,6,8,20,30,26,14.3,0,1.9000000000000001,48.34
2015,6,8,21,30,24.900000000000002,14.700000000000001,0,1.6,53.17
2015,6,8,22,30,24,15.200000000000001,0,1.3,57.730000000000004
2015,6,8,23,30,23.3,15.5,0,1.1,61.410000000000004
2015,6,9,0,30,22.8,15.600000000000001,0,1,63.870000000000005
2015,6,9,1,30,22.3,15.5,0,1,65.51
2015,6,9,2,30,21.900000000000002,15.3,0,1,66.13
2015,6,9,3,30,21.400000000000002,14.8,0,1,66.19
2015,6,9,4,30,20.8,14.8,0,1.4000000000000001,68.44
2015,6,9,5,30,20.400000000000002,15,13,2,71.03
2015,6,9,6,30,20.900000000000002,14.700000000000001,10,2.6,67.73
2015,6,9,7,30,22.5,14.3,91,3.5,59.81
2015,6,9,8,30,24.5,14.100000000000001,321,4.4,52.4
2015,6,9,9,30,26.400000000000002,13.8,723,5,45.910000000000004
2015,6,9,10,30,28.3,13.3,787,5.1000000000000005,39.83
2015,6,9,11,30,29.900000000000002,12.9,481,4.9,35.34
2015,6,9,12,30,31.200000000000003,12.600000000000001,828,4.4,32
2015,6,9,13,30,32,12.3,963,3.8000000000000003,30.060000000000002
2015,6,9,14,30,32.6,12,848,3.3000000000000003,28.560000000000002
2015,6,9,15,30,32.7,11.700000000000001,686,2.9000000000000004,27.73
2015,6,9,16,30,32.300000000000004,11.3,489,2.6,27.7
2015,6,9,17,30,31,11,275,1.8,29.13
2015,6,9,18,30,28.900000000000002,12.600000000000001,79,1.1,36.61
2015,6,9,19,30,27.3,12.5,0,1.1,40.07
2015,6,9,20,30,26.6,12.3,0,1.3,41
2015,6,9,21,30,26,12.3,0,1.3,42.65
2015,6,9,22,30,25.5,12.5,0,1.2000000000000002,44.42
2015,6,9,23,30,25,12.8,0,1.1,46.6
2015,6,10,0,30,24.5,13,0,0.9,48.81
2015,6,10,1,30,23.8,13.100000000000001,0,1,51.31
2015,6,10,2,30,23.1,13.200000000000001,0,1,53.59
2015,6,10,3,30,22.200000000000003,13.3,0,1.1,57.050000000000004
2015,6,10,4,30,22,13.5,0,1.1,58.58
2015,6,10,5,30,23.6,13.8,53,1.9000000000000001,54.050000000000004
2015,6,10,6,30,26.400000000000002,14,242,2.8000000000000003,46.39
2015,6,10,7,30,29,14.4,457,3.2,41.02
2015,6,10,8,30,30.900000000000002,14.600000000000001,661,3.5,37.160000000000004
2015,6,10,9,30,32.4,14.4,835,3.5,33.82
2015,6,10,10,30,33.6,14,963,3.6,30.75
2015,6,10,11,30,34.6,13.4,1032,3.8000000000000003,27.86
2015,6,10,12,30,35.300000000000004,12.600000000000001,986,4,25.42
2015,6,10,13,30,35.800000000000004,11.600000000000001,946,4.1000000000000005,23.27
2015,6,10,14,30,35.9,10.700000000000001,873,4.2,21.77
2015,6,10,15,30,35.6,9.8,709,4.1000000000000005,20.79
2015,6,10,16,30,34.9,9.1,509,3.8000000000000003,20.59
2015,6,10,17,30,33.2,8.6,292,2.7,21.990000000000002
2015,6,10,18,30,30.5,10,89,1.4000000000000001,28.13
2015,6,10,19,30,28.5,10.3,0,1.2000000000000002,32.18
2015,6,10,20,30,27.700000000000003,9.700000000000001,0,1.3,32.47
2015,6,10,21,30,26.700000000000003,9.3,0,1.6,33.35
2015,6,10,22,30,25.6,9,0,1.9000000000000001,34.99
2015,6,10,23,30,24.6,9,0,2.4000000000000004,37.160000000000004
2015,6,11,0,30,23.8,9.4,0,2.7,40.08
2015,6,11,1,30,23,10.200000000000001,0,2.8000000000000003,44.300000000000004
2015,6,11,2,30,22.3,10.9,0,2.5,48.46
2015,6,11,3,30,21.6,11.3,0,2.2,51.78
2015,6,11,4,30,21.6,11.3,0,2.2,52.050000000000004
2015,6,11,5,30,23.3,11.3,57,3,46.730000000000004
2015,6,11,6,30,26.6,11.200000000000001,252,4,38.22
2015,6,11,7,30,29.5,11.200000000000001,472,4.4,32.35
2015,6,11,8,30,31.3,10.3,678,4.5,27.41
2015,6,11,9,30,32.6,9.4,854,4.6000000000000005,23.96
2015,6,11,10,30,33.800000000000004,8.5,983,4.9,21.09
2015,6,11,11,30,34.6,7.6000000000000005,1051,5.1000000000000005,19.02
2015,6,11,12,30,35.300000000000004,6.9,1060,5.300000000000001,17.41
2015,6,11,13,30,35.6,6.300000000000001,1003,5.300000000000001,16.4
2015,6,11,14,30,35.6,5.800000000000001,884,5.2,15.84
2015,6,11,15,30,35.300000000000004,5.300000000000001,717,4.9,15.58
2015,6,11,16,30,34.5,4.800000000000001,514,4.6000000000000005,15.780000000000001
2015,6,11,17,30,32.7,4.4,295,3.4000000000000004,16.88
2015,6,11,18,30,29.5,5.4,89,2.1,21.71
2015,6,11,19,30,27.1,6,0,2,26.05
2015,6,11,20,30,26.1,5.9,0,2.5,27.43
2015,6,11,21,30,25.3,6.1000000000000005,0,3,29.21
2015,6,11,22,30,24.5,6.4,0,3.1,31.28
2015,6,11,23,30,23.6,6.6000000000000005,0,3,33.47
2015,6,12,0,30,22.6,6.7,0,2.8000000000000003,35.730000000000004
2015,6,12,1,30,21.8,6.7,0,2.6,37.68
2015,6,12,2,30,20.900000000000002,6.800000000000001,0,2.3000000000000003,40.06
2015,6,12,3,30,20.1,6.9,0,2,42.44
2015,6,12,4,30,20,7.1000000000000005,0,1.9000000000000001,43.2
2015,6,12,5,30,22,7.4,58,2.5,38.86
2015,6,12,6,30,25.5,7.5,255,3,31.740000000000002
2015,6,12,7,30,28.5,7,474,2.9000000000000004,25.830000000000002
2015,6,12,8,30,30.5,6.4,681,3.2,22.01
2015,6,12,9,30,31.900000000000002,6.1000000000000005,856,3.4000000000000004,19.86
2015,6,12,10,30,33.2,5.6000000000000005,986,3.4000000000000004,17.91
2015,6,12,11,30,34.2,5.1000000000000005,1055,3.4000000000000004,16.31
2015,6,12,12,30,35,4.5,1062,3.3000000000000003,14.96
2015,6,12,13,30,35.4,3.9000000000000004,1004,3.2,14.05
2015,6,12,14,30,35.5,3.3000000000000003,886,3,13.39
2015,6,12,15,30,35.2,2.8000000000000003,719,2.8000000000000003,13.17
2015,6,12,16,30,34.4,2.4000000000000004,516,2.3000000000000003,13.36
2015,6,12,17,30,32.9,2,296,1.4000000000000001,14.17
2015,6,12,18,30,30.900000000000002,4.7,90,0.5,19.2
2015,6,12,19,30,29.3,4.1000000000000005,0,0.6000000000000001,20.17
2015,6,12,20,30,27.8,3.8000000000000003,0,0.9,21.47
2015,6,12,21,30,26.200000000000003,3.3000000000000003,0,1.1,22.77
2015,6,12,22,30,24.700000000000003,2.8000000000000003,0,1.2000000000000002,24.01
2015,6,12,23,30,23.3,2.2,0,1.2000000000000002,24.990000000000002
2015,6,13,0,30,22.1,1.6,0,1.2000000000000002,25.810000000000002
2015,6,13,1,30,21.1,1.4000000000000001,0,1.4000000000000001,27.01
2015,6,13,2,30,20,1.8,0,1.5,29.87
2015,6,13,3,30,19.200000000000003,2.7,0,1.6,33.37
2015,6,13,4,30,19,3.6,0,1.8,35.93
2015,6,13,5,30,20.700000000000003,4.5,57,2.3000000000000003,34.47
2015,6,13,6,30,23.900000000000002,4.5,254,2.7,28.51
2015,6,13,7,30,27.400000000000002,3.8000000000000003,474,2.5,21.92
2015,6,13,8,30,30.700000000000003,3,680,2.3000000000000003,17.12
2015,6,13,9,30,33.1,3.4000000000000004,854,2.2,15.47
2015,6,13,10,30,34.5,3.7,982,2.4000000000000004,14.61
2015,6,13,11,30,35.5,3.7,1051,2.9000000000000004,13.780000000000001
2015,6,13,12,30,36,3.4000000000000004,1058,3.4000000000000004,13.16
2015,6,13,13,30,36.300000000000004,2.9000000000000004,1003,3.8000000000000003,12.46
2015,6,13,14,30,36.2,1.7000000000000002,891,4,11.53
2015,6,13,15,30,35.800000000000004,-0.30000000000000004,726,4,10.16
2015,6,13,16,30,34.9,-2.8000000000000003,527,3.7,8.88
2015,6,13,17,30,32.5,-5.4,308,2.5,8.4
2015,6,13,18,30,28.8,-2.8000000000000003,97,1.5,12.58
2015,6,13,19,30,26.1,-3.3000000000000003,0,1.4000000000000001,14.25
2015,6,13,20,30,24.5,-4.3,0,1.5,14.48
2015,6,13,21,30,23,-4.5,0,1.6,15.620000000000001
2015,6,13,22,30,21.700000000000003,-3.8000000000000003,0,1.6,17.830000000000002
2015,6,13,23,30,20.6,-1.5,0,1.7000000000000002,22.6
2015,6,14,0,30,19.5,1.7000000000000002,0,1.9000000000000001,30.48
2015,6,14,1,30,18.5,4.5,0,1.9000000000000001,39.59
2015,6,14,2,30,17.7,6.6000000000000005,0,1.8,48.2
2015,6,14,3,30,17.2,7.800000000000001,0,1.5,54.13
2015,6,14,4,30,17.2,8.5,0,1.4000000000000001,56.410000000000004
2015,6,14,5,30,19,8.8,58,2,51.6
2015,6,14,6,30,22.400000000000002,8.5,254,2.5,40.89
2015,6,14,7,30,25.700000000000003,6.5,475,2.3000000000000003,29.330000000000002
2015,6,14,8,30,28.5,4.800000000000001,683,2,22.080000000000002
2015,6,14,9,30,30.700000000000003,3.3000000000000003,859,1.8,17.53
2015,6,14,10,30,32.5,2.1,988,1.6,14.59
2015,6,14,11,30,33.9,1.4000000000000001,1057,1.4000000000000001,12.77
2015,6,14,12,30,34.7,0.8,1068,1.2000000000000002,11.74
2015,6,14,13,30,35.2,0.30000000000000004,1011,1,10.99
2015,6,14,14,30,35.300000000000004,-0.30000000000000004,894,1.1,10.47
2015,6,14,15,30,35.1,-0.7000000000000001,727,1.2000000000000002,10.27
2015,6,14,16,30,34.4,-0.9,521,1.3,10.52
2015,6,14,17,30,32.9,-0.8,299,0.9,11.51
2015,6,14,18,30,30.8,2.5,92,0.7000000000000001,16.52
2015,6,14,19,30,29.1,2.2,0,0.8,17.82
2015,6,14,20,30,27.900000000000002,2.3000000000000003,0,1.1,19.26
2015,6,14,21,30,26.5,3,0,1.7000000000000002,21.88
2015,6,14,22,30,25.1,4,0,2.1,25.57
2015,6,14,23,30,23.900000000000002,5.1000000000000005,0,2.4000000000000004,29.66
2015,6,15,0,30,22.900000000000002,6.2,0,2.6,33.95
2015,6,15,1,30,22.200000000000003,7.2,0,3,38.1
2015,6,15,2,30,21.6,8.700000000000001,0,3.4000000000000004,43.5
2015,6,15,3,30,21,10.600000000000001,0,3.4000000000000004,51.44
2015,6,15,4,30,20.700000000000003,12.5,0,3.4000000000000004,59.47
2015,6,15,5,30,21.900000000000002,14,37,3.9000000000000004,60.95
2015,6,15,6,30,24.6,15,239,4.5,54.96
2015,6,15,7,30,27.6,14.600000000000001,452,4.2,44.88
2015,6,15,8,30,30.1,13.5,654,3.5,36.25
2015,6,15,9,30,32.1,12.5,826,3,30.3
2015,6,15,10,30,33.7,11.600000000000001,951,2.7,26.14
2015,6,15,11,30,34.9,11,1019,2.6,23.38
2015,6,15,12,30,35.7,10.5,1023,2.7,21.73
2015,6,15,13,30,36,10.200000000000001,966,3,20.91
2015,6,15,14,30,35.800000000000004,9.8,851,3.5,20.62
2015,6,15,15,30,35,9.600000000000001,685,4.3,21.2
2015,6,15,16,30,33.6,9.700000000000001,447,5.300000000000001,23.19
2015,6,15,17,30,31.8,10.4,223,6.2,26.84
2015,6,15,18,30,29.700000000000003,11.600000000000001,47,6.6000000000000005,32.71
2015,6,15,19,30,27.6,12.9,0,6.4,40.33
2015,6,15,20,30,26.1,14.100000000000001,0,6,47.51
2015,6,15,21,30,25,14.9,0,5.7,53.35
2015,6,15,22,30,24,15.3,0,5.1000000000000005,58.24
2015,6,15,23,30,23.1,15.5,0,4.4,62.45
2015,6,16,0,30,22.3,15.600000000000001,0,3.7,66
2015,6,16,1,30,21.700000000000003,15.700000000000001,0,3.1,68.75
2015,6,16,2,30,21.200000000000003,15.700000000000001,0,2.9000000000000004,70.89
2015,6,16,3,30,20.6,15.700000000000001,0,2.9000000000000004,73.42
2015,6,16,4,30,20.3,15.8,0,3.3000000000000003,75.22
2015,6,16,5,30,20.8,15.8,53,3.8000000000000003,73.28
2015,6,16,6,30,22.5,15.3,241,4,63.63
2015,6,16,7,30,24.200000000000003,14.5,455,3.7,54.83
2015,6,16,8,30,25.700000000000003,14.100000000000001,659,3.1,48.65
2015,6,16,9,30,27.1,13.3,833,2.6,42.57
2015,6,16,10,30,28.6,12.200000000000001,961,2.1,36.33
2015,6,16,11,30,29.900000000000002,11,1025,1.7000000000000002,31.1
2015,6,16,12,30,30.900000000000002,9.9,1032,1.5,27.32
2015,6,16,13,30,31.6,9.1,977,1.4000000000000001,24.91
2015,6,16,14,30,31.900000000000002,8.700000000000001,865,1.4000000000000001,23.77
2015,6,16,15,30,31.8,8.5,702,1.1,23.62
2015,6,16,16,30,31.3,8.4,503,0.9,24.14
2015,6,16,17,30,30.400000000000002,8.4,289,0.6000000000000001,25.48
2015,6,16,18,30,28.700000000000003,9.4,89,0.8,30
2015,6,16,19,30,27.1,9.3,0,1.3,32.77
2015,6,16,20,30,26.200000000000003,9.5,0,1.6,34.86
2015,6,16,21,30,25.700000000000003,10,0,1.9000000000000001,37.12
2015,6,16,22,30,24.900000000000002,10.700000000000001,0,2.2,41.01
2015,6,16,23,30,23.900000000000002,11.600000000000001,0,2.2,46.07
2015,6,17,0,30,23,12.4,0,1.8,51.27
2015,6,17,1,30,22.200000000000003,13,0,1.5,55.95
2015,6,17,2,30,21.5,13.4,0,1.3,59.95
2015,6,17,3,30,20.900000000000002,13.700000000000001,0,1.3,63.480000000000004
2015,6,17,4,30,20.700000000000003,14,0,1.6,65.27
2015,6,17,5,30,22.3,14.100000000000001,53,2.3000000000000003,59.93
2015,6,17,6,30,25,14.4,240,2.5,51.69
2015,6,17,7,30,27.400000000000002,14.600000000000001,452,1.8,45.47
2015,6,17,8,30,29.3,14.200000000000001,654,0.9,39.76
2015,6,17,9,30,31.1,13.5,824,0.8,34.300000000000004
2015,6,17,10,30,32.6,12.9,949,1.3,30.19
2015,6,17,11,30,33.800000000000004,12.4,1013,1.7000000000000002,27.36
2015,6,17,12,30,34.6,12,1023,1.8,25.5
2015,6,17,13,30,35.1,11.600000000000001,968,1.9000000000000001,24.2
2015,6,17,14,30,35.4,11.200000000000001,858,1.9000000000000001,23.07
2015,6,17,15,30,35.300000000000004,10.700000000000001,699,2,22.47
2015,6,17,16,30,34.7,10.3,487,2.2,22.61
2015,6,17,17,30,33.4,10,289,2,23.830000000000002
2015,6,17,18,30,30.900000000000002,10.600000000000001,90,1.5,28.63
2015,6,17,19,30,28.900000000000002,10.9,0,1.5,32.75
2015,6,17,20,30,28,10.700000000000001,0,1.7000000000000002,34.09
2015,6,17,21,30,27.1,10.5,0,1.8,35.51
2015,6,17,22,30,26.3,10.3,0,1.8,36.63
2015,6,17,23,30,25.400000000000002,10.100000000000001,0,1.7000000000000002,38
2015,6,18,0,30,24.6,9.8,0,1.6,39.11
2015,6,18,1,30,23.900000000000002,9.5,0,1.6,39.99
2015,6,18,2,30,23.200000000000003,9.4,0,1.8,41.59
2015,6,18,3,30,22.5,9.700000000000001,0,2.1,44.2
2015,6,18,4,30,22.3,10.100000000000001,0,2.5,45.93
2015,6,18,5,30,23.400000000000002,10.700000000000001,51,3,44.86
2015,6,18,6,30,26.3,11.600000000000001,237,3.3000000000000003,40.050000000000004
2015,6,18,7,30,29.400000000000002,12.700000000000001,451,3.1,35.83
2015,6,18,8,30,31.700000000000003,12.600000000000001,656,2.4000000000000004,31.28
2015,6,18,9,30,33.5,12.3,828,1.6,27.66
2015,6,18,10,30,35,11.700000000000001,955,1,24.51
2015,6,18,11,30,36.2,11.100000000000001,1024,0.8,21.97
2015,6,18,12,30,37.1,10.5,1031,0.9,20.05
2015,6,18,13,30,37.5,9.9,978,1,18.85
2015,6,18,14,30,37.6,9.1,862,0.9,17.85
2015,6,18,15,30,37.300000000000004,8.3,701,0.8,17.2
2015,6,18,16,30,36.6,7.6000000000000005,504,1.1,17.03
2015,6,18,17,30,35.1,7.1000000000000005,243,1.3,17.87
2015,6,18,18,30,32.300000000000004,8.8,89,1.4000000000000001,23.37
2015,6,18,19,30,30.1,9,0,2.1,26.85
2015,6,18,20,30,29.3,9.200000000000001,0,3.3000000000000003,28.53
2015,6,18,21,30,28.5,9.9,0,4.3,31.39
2015,6,18,22,30,27.5,10.700000000000001,0,4.5,34.96
2015,6,18,23,30,26.5,11.200000000000001,0,4.4,38.300000000000004
2015,6,19,0,30,25.5,11.5,0,4.3,41.63
2015,6,19,1,30,24.5,12.200000000000001,0,4.1000000000000005,46.17
2015,6,19,2,30,23.5,13.3,0,3.8000000000000003,52.870000000000005
2015,6,19,3,30,22.700000000000003,14.5,0,3.4000000000000004,59.97
2015,6,19,4,30,22.400000000000002,15.5,0,3.5,64.94
2015,6,19,5,30,23.400000000000002,16.2,36,4.2,63.800000000000004
2015,6,19,6,30,25.900000000000002,16.1,233,4.9,54.88
2015,6,19,7,30,28.6,14.5,445,5.300000000000001,42.29
2015,6,19,8,30,30.700000000000003,13.100000000000001,650,5.4,34.1
2015,6,19,9,30,32.6,11.700000000000001,825,5.2,28.03
2015,6,19,10,30,34.1,10.4,952,4.800000000000001,23.490000000000002
2015,6,19,11,30,35.4,9.200000000000001,1020,4.3,20.19
2015,6,19,12,30,36.2,8.4,1030,3.8000000000000003,18.28
2015,6,19,13,30,36.6,7.800000000000001,976,3.3000000000000003,17.17
2015,6,19,14,30,36.7,7.2,856,3.1,16.45
2015,6,19,15,30,36.300000000000004,6.800000000000001,695,3.1,16.3
2015,6,19,16,30,35.5,6.300000000000001,500,3.3000000000000003,16.48
2015,6,19,17,30,33.800000000000004,5.9,287,2.9000000000000004,17.650000000000002
2015,6,19,18,30,31,6.2,89,2.1,21.16
2015,6,19,19,30,28.8,6.6000000000000005,0,1.7000000000000002,24.59
2015,6,19,20,30,27.700000000000003,6.800000000000001,0,1.8,26.6
2015,6,19,21,30,26.900000000000002,7.300000000000001,0,2.1,28.830000000000002
2015,6,19,22,30,26.3,7.6000000000000005,0,2.9000000000000004,30.5
2015,6,19,23,30,25.5,8.3,0,3.6,33.47
2015,6,20,0,30,24.5,9.4,0,3.6,38.45
2015,6,20,1,30,23.400000000000002,10.700000000000001,0,3,44.62
2015,6,20,2,30,22.6,11.600000000000001,0,2.4000000000000004,49.97
2015,6,20,3,30,22.1,12.4,0,2.1,54.300000000000004
2015,6,20,4,30,22,13.200000000000001,0,2.4000000000000004,57.230000000000004
2015,6,20,5,30,23.200000000000003,13.8,48,3.2,55.47
2015,6,20,6,30,26.1,14.200000000000001,230,3.3000000000000003,47.97
2015,6,20,7,30,29.400000000000002,13.600000000000001,443,2.6,37.86
2015,6,20,8,30,32.2,11.9,647,1.6,29.01
2015,6,20,9,30,34.300000000000004,10.700000000000001,820,1,23.72
2015,6,20,10,30,36,9.9,950,1,20.5
2015,6,20,11,30,37.300000000000004,9.200000000000001,1026,1.2000000000000002,18.25
2015,6,20,12,30,38.2,8.6,1037,1.3,16.66
2015,6,20,13,30,38.7,8,984,1.3,15.530000000000001
2015,6,20,14,30,38.900000000000006,7.2,862,1.2000000000000002,14.58
2015,6,20,15,30,38.6,6.5,698,1.2000000000000002,14.14
2015,6,20,16,30,38,5.9,499,1,13.98
2015,6,20,17,30,36.5,5.4,284,0.7000000000000001,14.64
2015,6,20,18,30,33.9,7.5,69,0.7000000000000001,19.650000000000002
2015,6,20,19,30,31.400000000000002,7.2,0,1.2000000000000002,22.05
2015,6,20,20,30,29.700000000000003,7.1000000000000005,0,1.7000000000000002,24.23
2015,6,20,21,30,28.6,7.4,0,2.2,26.400000000000002
2015,6,20,22,30,27.6,8,0,2.7,29.09
2015,6,20,23,30,26.400000000000002,8.700000000000001,0,3.1,32.61
2015,6,21,0,30,25.200000000000003,9.3,0,3,36.56
2015,6,21,1,30,24.200000000000003,9.9,0,2.8000000000000003,40.43
2015,6,21,2,30,23.6,10.5,0,2.6,43.46
2015,6,21,3,30,23,10.9,0,2.4000000000000004,46.31
2015,6,21,4,30,22.8,10.9,0,2.3000000000000003,46.93
2015,6,21,5,30,24.200000000000003,10.600000000000001,49,2.9000000000000004,42.21
2015,6,21,6,30,27,9.4,237,3.6,33.09
2015,6,21,7,30,30,7,453,3.5,23.580000000000002
2015,6,21,8,30,32.800000000000004,4.5,660,3,16.97
2015,6,21,9,30,35.1,2.9000000000000004,837,2.3000000000000003,13.280000000000001
2015,6,21,10,30,36.9,2.2,967,1.7000000000000002,11.5
2015,6,21,11,30,38.300000000000004,2.2,1033,1.4000000000000001,10.620000000000001
2015,6,21,12,30,39.2,2.5,1043,1.6,10.34
2015,6,21,13,30,39.7,3,986,1.9000000000000001,10.450000000000001
2015,6,21,14,30,39.7,3.6,863,2,10.86
2015,6,21,15,30,39.300000000000004,4.1000000000000005,698,2.2,11.540000000000001
2015,6,21,16,30,38.5,4.6000000000000005,499,2.5,12.47
2015,6,21,17,30,36.6,5.1000000000000005,284,2.4000000000000004,14.27
2015,6,21,18,30,33.7,6.9,87,2.2,19.06
2015,6,21,19,30,31.5,7.1000000000000005,0,3,21.79
2015,6,21,20,30,30.3,7.2,0,4,23.52
2015,6,21,21,30,29,7.7,0,4.5,26.25
2015,6,21,22,30,27.700000000000003,8.4,0,4.4,29.69
2015,6,21,23,30,26.400000000000002,9,0,4,33.42
2015,6,22,0,30,25.3,9.700000000000001,0,3.6,37.4
2015,6,22,1,30,24.200000000000003,10.700000000000001,0,3.1,42.49
2015,6,22,2,30,23.3,11.8,0,2.6,48.51
2015,6,22,3,30,22.5,13.100000000000001,0,2.3000000000000003,55.160000000000004
2015,6,22,4,30,22.200000000000003,14.100000000000001,0,2.6,60.06
2015,6,22,5,30,23.5,15,51,3.3000000000000003,58.76
2015,6,22,6,30,26.400000000000002,15.700000000000001,242,3.6,51.67
2015,6,22,7,30,29.700000000000003,15,460,3.2,40.87
2015,6,22,8,30,32.4,12.9,666,2.7,30.63
2015,6,22,9,30,34.5,11.3,841,2.4000000000000004,24.39
2015,6,22,10,30,36.2,10.100000000000001,970,2.4000000000000004,20.51
2015,6,22,11,30,37.7,8.9,1040,2.5,17.5
2015,6,22,12,30,38.7,7.7,1052,2.5,15.24
2015,6,22,13,30,39.400000000000006,6.5,997,2.5,13.51
2015,6,22,14,30,39.6,5.4,886,2.7,12.41
2015,6,22,15,30,39.300000000000004,4.5,722,3,11.83
2015,6,22,16,30,38.5,3.7,523,3.5,11.72
2015,6,22,17,30,36.5,3.3000000000000003,303,3.6,12.67
2015,6,22,18,30,33.4,3.9000000000000004,97,3.6,15.74
2015,6,22,19,30,30.900000000000002,4.6000000000000005,0,4.3,18.990000000000002
2015,6,22,20,30,29.400000000000002,6.1000000000000005,0,4.9,22.91
2015,6,22,21,30,27.8,8.6,0,5,29.91
2015,6,22,22,30,26.200000000000003,11.100000000000001,0,4.7,38.76
2015,6,22,23,30,25,12.700000000000001,0,4.4,46.34
2015,6,23,0,30,23.900000000000002,13.5,0,4.2,52.34
2015,6,23,1,30,23,14.100000000000001,0,4,57.35
2015,6,23,2,30,22.1,14.700000000000001,0,3.8000000000000003,62.88
2015,6,23,3,30,21.400000000000002,15.200000000000001,0,3.6,67.83
2015,6,23,4,30,20.900000000000002,15.600000000000001,0,3.7,71.81
2015,6,23,5,30,21.6,15.9,47,4.3,70.10000000000001
2015,6,23,6,30,23.400000000000002,16.1,233,4.7,63.620000000000005
2015,6,23,7,30,25.6,15.700000000000001,449,4.7,54.34
2015,6,23,8,30,27.8,14.9,655,4.800000000000001,45.26
2015,6,23,9,30,29.8,13.9,828,4.9,37.86
2015,6,23,10,30,31.6,13.3,922,5.1000000000000005,32.81
2015,6,23,11,30,33,13.200000000000001,963,5.2,30.09
2015,6,23,12,30,33.800000000000004,13.3,1021,5.300000000000001,29.080000000000002
2015,6,23,13,30,34.2,13.600000000000001,925,5.4,28.85
2015,6,23,14,30,34.1,13.600000000000001,848,5.7,29.1
2015,6,23,15,30,33.300000000000004,13.600000000000001,686,6,30.330000000000002
2015,6,23,16,30,32,13.600000000000001,491,6.4,32.82
2015,6,23,17,30,30.3,13.9,281,6.6000000000000005,36.7
2015,6,23,18,30,28.6,14.200000000000001,86,6.4,41.32
2015,6,23,19,30,27.3,14.4,0,6.1000000000000005,45.34
2015,6,23,20,30,26.400000000000002,14.700000000000001,0,5.9,48.620000000000005
2015,6,23,21,30,25.700000000000003,14.9,0,5.7,51.42
2015,6,23,22,30,25,15,0,5.5,53.84
2015,6,23,23,30,24.3,14.9,0,5.2,55.84
2015,6,24,0,30,23.700000000000003,14.8,0,5,57.39
2015,6,24,1,30,23,14.700000000000001,0,4.7,59.65
2015,6,24,2,30,22.3,14.8,0,4.1000000000000005,62.440000000000005
2015,6,24,3,30,21.700000000000003,14.9,0,3.6,65.11
2015,6,24,4,30,21.400000000000002,15,0,3.4000000000000004,66.96000000000001
2015,6,24,5,30,22.1,15.200000000000001,33,4,64.96000000000001
2015,6,24,6,30,23.8,15.5,226,4.4,59.550000000000004
2015,6,24,7,30,25.900000000000002,15.4,405,4.3,52.38
2015,6,24,8,30,27.900000000000002,15.100000000000001,639,4.3,45.660000000000004
2015,6,24,9,30,29.400000000000002,14.8,576,4.3,41.13
2015,6,24,10,30,30.6,14.600000000000001,934,4.2,37.84
2015,6,24,11,30,31.200000000000003,14.4,987,4.2,36.160000000000004
2015,6,24,12,30,31.200000000000003,14.3,949,4.4,35.94
2015,6,24,13,30,30.6,14.4,759,4.7,37.45
2015,6,24,14,30,30.200000000000003,14.4,835,4.800000000000001,38.28
2015,6,24,15,30,29.900000000000002,14.100000000000001,679,4.5,38.1
2015,6,24,16,30,29.6,13.600000000000001,488,4.1000000000000005,37.480000000000004
2015,6,24,17,30,29,12.9,282,3.3000000000000003,37.12
2015,6,24,18,30,27.700000000000003,12.3,88,2.4000000000000004,38.39
2015,6,24,19,30,26.6,11.8,0,2.2,39.76
2015,6,24,20,30,26,11.700000000000001,0,2.8000000000000003,41
2015,6,24,21,30,25.3,12.3,0,3.2,44.34
2015,6,24,22,30,24.5,13.100000000000001,0,3.1,49.08
2015,6,24,23,30,23.700000000000003,14,0,2.7,54.49
2015,6,25,0,30,23,14.700000000000001,0,2.2,59.53
2015,6,25,1,30,22.3,15.200000000000001,0,1.8,64.19
2015,6,25,2,30,21.8,15.5,0,1.5,67.45
2015,6,25,3,30,21.5,15.700000000000001,0,1.5,69.44
2015,6,25,4,30,21.6,15.8,0,2,69.55
2015,6,25,5,30,22.8,15.9,22,2.9000000000000004,65.09
2015,6,25,6,30,25,15.600000000000001,167,3.4000000000000004,56.06
2015,6,25,7,30,27.400000000000002,15,433,3.1,46.69
2015,6,25,8,30,29.3,14.5,634,2.7,40.480000000000004
2015,6,25,9,30,30.8,14.200000000000001,805,2.5,36.4
2015,6,25,10,30,31.8,13.9,931,2.3000000000000003,33.85
2015,6,25,11,30,32.4,13.700000000000001,998,2.2,32.31
2015,6,25,12,30,32.800000000000004,13.5,209,1.9000000000000001,31.150000000000002
2015,6,25,13,30,32.9,13.3,808,1.7000000000000002,30.490000000000002
2015,6,25,14,30,32.800000000000004,12.9,816,1.7000000000000002,29.95
2015,6,25,15,30,32.7,12.600000000000001,661,1.8,29.53
2015,6,25,16,30,32.2,12.4,471,2,29.95
2015,6,25,17,30,31.200000000000003,12.3,267,1.8,31.43
2015,6,25,18,30,29.3,12.8,59,1.5,36.300000000000004
2015,6,25,19,30,27.700000000000003,12.8,0,1.5,39.71
2015,6,25,20,30,26.8,12.8,0,1.7000000000000002,41.84
2015,6,25,21,30,26,12.8,0,1.6,44.06
2015,6,25,22,30,25.200000000000003,12.9,0,1.6,46.29
2015,6,25,23,30,24.6,12.9,0,1.6,48.06
2015,6,26,0,30,24.200000000000003,13,0,1.7000000000000002,49.51
2015,6,26,1,30,23.900000000000002,13.200000000000001,0,2,51.25
2015,6,26,2,30,23.5,13.700000000000001,0,2,54.24
2015,6,26,3,30,22.900000000000002,14.3,0,1.6,58.33
2015,6,26,4,30,22.6,14.700000000000001,0,1.4000000000000001,61.09
2015,6,26,5,30,23.900000000000002,15.100000000000001,32,2.1,57.92
2015,6,26,6,30,26.5,15.3,205,3,50.33
2015,6,26,7,30,28.900000000000002,15.100000000000001,410,2.9000000000000004,43.04
2015,6,26,8,30,30.700000000000003,14.600000000000001,519,2.2,37.68
2015,6,26,9,30,32.1,14.100000000000001,545,1.4000000000000001,33.67
2015,6,26,10,30,33,13.700000000000001,663,0.7000000000000001,31.13
2015,6,26,11,30,33.7,13.3,992,0.8,29.150000000000002
2015,6,26,12,30,34.2,12.9,1004,1.5,27.64
2015,6,26,13,30,34.5,12.5,952,2.1,26.46
2015,6,26,14,30,34.5,12,542,2.6,25.7
2015,6,26,15,30,34.2,11.600000000000001,114,3,25.42
2015,6,26,16,30,33.6,11.3,488,3.3000000000000003,25.7
2015,6,26,17,30,32.300000000000004,11.200000000000001,11,3.1,27.46
2015,6,26,18,30,30.1,11.8,51,2.6,32.43
2015,6,26,19,30,28.200000000000003,12.5,0,2.7,37.96
2015,6,26,20,30,27.1,13.3,0,3.2,42.47
2015,6,26,21,30,25.900000000000002,14.200000000000001,0,3.1,48.49
2015,6,26,22,30,24.700000000000003,15,0,2.7,54.81
2015,6,26,23,30,23.700000000000003,15.600000000000001,0,2.1,60.53
2015,6,27,0,30,22.8,16.1,0,1.8,66.05
2015,6,27,1,30,22.200000000000003,16.6,0,1.6,70.53
2015,6,27,2,30,21.8,16.900000000000002,0,1.5,73.67
2015,6,27,3,30,21.5,17.1,0,1.8,75.85000000000001
2015,6,27,4,30,21.6,17.2,0,2.4000000000000004,76.03
2015,6,27,5,30,22.6,17.2,30,3.2,71.77
2015,6,27,6,30,24.8,17.2,209,3.8000000000000003,62.64
2015,6,27,7,30,26.900000000000002,16.8,431,4.3,54.11
2015,6,27,8,30,28.3,16.3,500,4.7,48.15
2015,6,27,9,30,29.1,15.9,693,4.9,44.79
2015,6,27,10,30,29.200000000000003,15.5,925,4.800000000000001,43.39
2015,6,27,11,30,29.200000000000003,14.9,740,4.4,41.72
2015,6,27,12,30,29.400000000000002,14.100000000000001,473,3.8000000000000003,39.18
2015,6,27,13,30,29.700000000000003,13.3,340,3.5,36.6
2015,6,27,14,30,29.900000000000002,12.8,581,3.6,34.96
2015,6,27,15,30,29.8,12.5,684,3.8000000000000003,34.54
2015,6,27,16,30,29.5,12.5,393,3.9000000000000004,35.08
2015,6,27,17,30,28.700000000000003,12.600000000000001,232,3.3000000000000003,37
2015,6,27,18,30,26.900000000000002,13,58,2.3000000000000003,42.14
2015,6,27,19,30,25.3,13.100000000000001,0,2,46.76
2015,6,27,20,30,24.5,13,0,2.1,48.82
2015,6,27,21,30,23.8,12.9,0,2.3000000000000003,50.64
2015,6,27,22,30,23.3,12.9,0,2.5,52.02
2015,6,27,23,30,23,12.9,0,3.1,52.9
2015,6,28,0,30,22.8,12.9,0,3.5,53.58
2015,6,28,1,30,22.400000000000002,12.9,0,3.6,54.980000000000004
2015,6,28,2,30,21.900000000000002,13.100000000000001,0,3.3000000000000003,57.39
2015,6,28,3,30,21.200000000000003,13.4,0,2.9000000000000004,61.18
2015,6,28,4,30,20.8,13.700000000000001,0,2.7,63.9
2015,6,28,5,30,21.900000000000002,14,43,3.3000000000000003,60.79
2015,6,28,6,30,24.200000000000003,14.100000000000001,224,4,53.4
2015,6,28,7,30,26.700000000000003,13.9,435,4.1000000000000005,45.28
2015,6,28,8,30,28.6,13.700000000000001,639,3.8000000000000003,39.92
2015,6,28,9,30,30.200000000000003,13.5,648,3.4000000000000004,36.03
2015,6,28,10,30,31.400000000000002,13.200000000000001,940,3,33.05
2015,6,28,11,30,32.300000000000004,12.700000000000001,1012,2.8000000000000003,30.42
2015,6,28,12,30,32.9,12,1025,2.5,28.11
2015,6,28,13,30,33.2,11.4,973,2.3000000000000003,26.57
2015,6,28,14,30,33.300000000000004,10.8,859,2.3000000000000003,25.310000000000002
2015,6,28,15,30,33.2,10.100000000000001,700,2.3000000000000003,24.22
2015,6,28,16,30,32.800000000000004,9.4,485,2.4000000000000004,23.64
2015,6,28,17,30,31.5,8.700000000000001,247,2,24.39
2015,6,28,18,30,29.200000000000003,9.5,70,1.6,29.37
2015,6,28,19,30,27.3,9,0,2.2,31.68
2015,6,28,20,30,26.3,7.5,0,3.1,30.38
2015,6,28,21,30,25.3,6.4,0,3.6,29.830000000000002
2015,6,28,22,30,24.3,5.800000000000001,0,3.7,30.3
2015,6,28,23,30,23.400000000000002,5.9,0,3.6,32.29
2015,6,29,0,30,22.700000000000003,7.1000000000000005,0,3.5,36.51
2015,6,29,1,30,22,9,0,3.1,43.52
2015,6,29,2,30,21.400000000000002,11,0,2.4000000000000004,51.54
2015,6,29,3,30,20.900000000000002,12.5,0,1.9000000000000001,58.77
2015,6,29,4,30,20.900000000000002,13.600000000000001,0,1.8,63.15
2015,6,29,5,30,22.400000000000002,14.3,43,2.3000000000000003,60.21
2015,6,29,6,30,25.700000000000003,14.700000000000001,226,2.5,50.6
2015,6,29,7,30,29.200000000000003,13.600000000000001,441,2.4000000000000004,38.33
2015,6,29,8,30,31.400000000000002,11.8,566,2.5,30.17
2015,6,29,9,30,33,11.100000000000001,821,2.8000000000000003,26.32
2015,6,29,10,30,34.300000000000004,10.700000000000001,949,3.1,23.75
2015,6,29,11,30,35.1,10.3,1019,3.2,22.18
2015,6,29,12,30,35.2,10.100000000000001,1027,3.2,21.72
2015,6,29,13,30,34.9,10,972,3.3000000000000003,21.92
2015,6,29,14,30,34.5,9.9,832,3.4000000000000004,22.27
2015,6,29,15,30,34.1,9.700000000000001,604,3.3000000000000003,22.41
2015,6,29,16,30,33.5,9.5,175,2.9000000000000004,22.88
2015,6,29,17,30,32.2,9.3,163,2,24.38
2015,6,29,18,30,30.1,10.8,47,1.1,30.26
2015,6,29,19,30,28.400000000000002,10.600000000000001,0,1.1,33.07
2015,6,29,20,30,27.6,10.600000000000001,0,1.3,34.68
2015,6,29,21,30,27,10.9,0,1.7000000000000002,36.61
2015,6,29,22,30,26.5,11.5,0,2.6,39.13
2015,6,29,23,30,25.8,12.3,0,3.3000000000000003,43.160000000000004
2015,6,30,0,30,24.900000000000002,13.3,0,3.3000000000000003,48.56
2015,6,30,1,30,24.1,14.100000000000001,0,2.9000000000000004,53.56
2015,6,30,2,30,23.3,14.5,0,2.8000000000000003,57.68
2015,6,30,3,30,22.5,14.700000000000001,0,2.8000000000000003,61.2
2015,6,30,4,30,22.200000000000003,14.8,0,2.9000000000000004,62.93
2015,6,30,5,30,23.1,14.8,42,3.1,59.58
2015,6,30,6,30,25.400000000000002,14.3,225,3.1,50.230000000000004
2015,6,30,7,30,28.1,13.4,440,3.1,40.300000000000004
2015,6,30,8,30,30.3,12.200000000000001,644,3.4000000000000004,33.02
2015,6,30,9,30,31.900000000000002,11.8,702,3.6,29.18
2015,6,30,10,30,33.1,11.5,602,3.7,26.87
2015,6,30,11,30,33.7,11.3,796,3.6,25.61
2015,6,30,12,30,33.9,11,711,3.6,24.78
2015,6,30,13,30,34,10.700000000000001,933,3.5,24.150000000000002
2015,6,30,14,30,33.9,10.3,858,3.5,23.73
2015,6,30,15,30,33.6,9.9,546,3.5,23.48
2015,6,30,16,30,32.9,9.600000000000001,397,3.5,23.95
2015,6,30,17,30,31.6,9.4,269,3.3000000000000003,25.400000000000002
2015,6,30,18,30,29.5,9.5,68,2.7,28.72
2015,6,30,19,30,27.700000000000003,9.700000000000001,0,2.8000000000000003,32.5
2015,6,30,20,30,26.700000000000003,9.9,0,3.4000000000000004,34.86
2015,6,30,21,30,25.700000000000003,10.3,0,3.6,38
2015,6,30,22,30,24.6,10.9,0,3.4000000000000004,42.06
2015,6,30,23,30,23.6,11.4,0,2.9000000000000004,46.38
2015,7,1,0,30,22.700000000000003,12,0,2.4000000000000004,50.72
2015,7,1,1,30,21.900000000000002,12.4,0,1.9000000000000001,54.800000000000004
2015,7,1,2,30,21.200000000000003,12.700000000000001,0,1.5,58.18
2015,7,1,3,30,20.700000000000003,12.8,0,1.1,60.68
2015,7,1,4,30,20.8,13,0,1.1,61.15
2015,7,1,5,30,22.400000000000002,13.3,42,1.7000000000000002,56.4
2015,7,1,6,30,25.5,13.5,225,1.7000000000000002,47.34
2015,7,1,7,30,28.400000000000002,12.700000000000001,431,1,37.85
2015,7,1,8,30,30.400000000000002,11.700000000000001,646,0.9,31.69
2015,7,1,9,30,32.1,11.200000000000001,821,1.2000000000000002,27.89
2015,7,1,10,30,33.4,10.9,950,1.4000000000000001,25.330000000000002
2015,7,1,11,30,34.5,10.600000000000001,1025,1.4000000000000001,23.39
2015,7,1,12,30,35.300000000000004,10.4,1035,1.5,22.05
2015,7,1,13,30,35.7,10.3,982,1.5,21.35
2015,7,1,14,30,35.800000000000004,10,872,1.5,20.92
2015,7,1,15,30,35.6,9.8,711,1.5,20.84
2015,7,1,16,30,34.9,9.600000000000001,514,1.4000000000000001,21.39
2015,7,1,17,30,33.6,9.5,300,1.1,22.8
2015,7,1,18,30,31.700000000000003,10.3,97,0.8,26.76
2015,7,1,19,30,30.1,10.5,0,0.7000000000000001,29.830000000000002
2015,7,1,20,30,29.1,10.4,0,0.9,31.330000000000002
2015,7,1,21,30,28,10.4,0,1.1,33.27
2015,7,1,22,30,27.1,10.4,0,1.2000000000000002,35.25
2015,7,1,23,30,26.400000000000002,10.700000000000001,0,1.4000000000000001,37.34
2015,7,2,0,30,25.8,11.100000000000001,0,1.6,39.87
2015,7,2,1,30,25.1,11.600000000000001,0,1.6,42.74
2015,7,2,2,30,24.200000000000003,11.9,0,1.3,46.06
2015,7,2,3,30,23.400000000000002,12.100000000000001,0,1.1,48.97
2015,7,2,4,30,23,12.200000000000001,0,1,50.59
2015,7,2,5,30,24.3,12.4,44,1.5,47.300000000000004
2015,7,2,6,30,27.400000000000002,12.600000000000001,230,1.8,39.86
2015,7,2,7,30,30.900000000000002,12.200000000000001,414,1.6,31.84
2015,7,2,8,30,33.5,11.4,578,1.3,25.990000000000002
2015,7,2,9,30,35.2,10.9,825,1.2000000000000002,22.96
2015,7,2,10,30,36.5,10.600000000000001,953,1.3,20.85
2015,7,2,11,30,37.4,10.200000000000001,1024,1.4000000000000001,19.43
2015,7,2,12,30,38,9.9,1032,1.4000000000000001,18.43
2015,7,2,13,30,38.400000000000006,9.700000000000001,938,1.5,17.71
2015,7,2,14,30,38.400000000000006,9.5,835,1.6,17.52
2015,7,2,15,30,37.9,9.4,691,1.9000000000000001,17.86
2015,7,2,16,30,37.1,9.4,397,2.4000000000000004,18.64
2015,7,2,17,30,35.7,9.5,247,2.8000000000000003,20.26
2015,7,2,18,30,33.6,10.100000000000001,65,3.1,23.76
2015,7,2,19,30,31.700000000000003,10.700000000000001,0,3.5,27.48
2015,7,2,20,30,30.700000000000003,11,0,3.7,29.63
2015,7,2,21,30,29.700000000000003,11,0,3.9000000000000004,31.41
2015,7,2,22,30,28.200000000000003,11.100000000000001,0,4.3,34.58
2015,7,2,23,30,26.8,11.5,0,4.6000000000000005,38.43
2015,7,3,0,30,25.700000000000003,11.5,0,4.4,41.14
2015,7,3,1,30,24.700000000000003,11.9,0,3.7,44.81
2015,7,3,2,30,23.900000000000002,12.600000000000001,0,3,49.08
2015,7,3,3,30,23.200000000000003,13.200000000000001,0,2.6,53.46
2015,7,3,4,30,22.900000000000002,13.8,0,2.6,56.54
2015,7,3,5,30,23.8,14.3,24,2.9000000000000004,55.28
2015,7,3,6,30,26,14.700000000000001,174,3.4000000000000004,49.69
2015,7,3,7,30,28.5,14.4,136,3.9000000000000004,42.06
2015,7,3,8,30,30.6,13.5,316,4.3,35.18
2015,7,3,9,30,32.300000000000004,12.9,750,4.3,30.810000000000002
2015,7,3,10,30,33.6,12.700000000000001,712,4.2,28.16
2015,7,3,11,30,34.2,12.700000000000001,729,4,27.2
2015,7,3,12,30,34.2,12.9,1002,3.8000000000000003,27.68
2015,7,3,13,30,33.7,13.4,948,3.8000000000000003,29.310000000000002
2015,7,3,14,30,33.300000000000004,13.700000000000001,845,4,30.57
2015,7,3,15,30,32.7,13.8,687,4.1000000000000005,31.85
2015,7,3,16,30,31.900000000000002,13.8,232,4.2,33.4
2015,7,3,17,30,31,13.8,284,4.1000000000000005,35.08
2015,7,3,18,30,30.1,13.700000000000001,89,3.7,36.81
2015,7,3,19,30,29.200000000000003,13.700000000000001,0,3.5,38.7
2015,7,3,20,30,28.400000000000002,13.8,0,3.7,40.68
2015,7,3,21,30,27.5,13.9,0,3.9000000000000004,43.19
2015,7,3,22,30,26.700000000000003,14.100000000000001,0,3.9000000000000004,45.78
2015,7,3,23,30,26,14.3,0,3.8000000000000003,48.44
2015,7,4,0,30,25.200000000000003,14.600000000000001,0,3.6,51.81
2015,7,4,1,30,24.5,15,0,3.3000000000000003,55.34
2015,7,4,2,30,24,15.3,0,2.9000000000000004,58.22
2015,7,4,3,30,23.5,15.5,0,2.3000000000000003,60.89
2015,7,4,4,30,23.200000000000003,15.700000000000001,0,2.1,62.81
2015,7,4,5,30,24,15.9,31,2.3000000000000003,60.4
2015,7,4,6,30,26,16.1,15,2.4000000000000004,54.370000000000005
2015,7,4,7,30,27.700000000000003,16.2,401,2.4000000000000004,49.51
2015,7,4,8,30,29.1,16.1,629,2.4000000000000004,45.480000000000004
2015,7,4,9,30,30.3,15.9,801,2.4000000000000004,41.71
2015,7,4,10,30,31.400000000000002,15.4,927,2.1,38.08
2015,7,4,11,30,32.2,15.100000000000001,997,1.8,35.58
2015,7,4,12,30,32.6,14.9,1006,1.6,34.39
2015,7,4,13,30,32.6,14.8,953,1.7000000000000002,34.28
2015,7,4,14,30,32.4,14.8,843,2,34.59
2015,7,4,15,30,31.900000000000002,14.8,685,2.3000000000000003,35.67
2015,7,4,16,30,31.3,15,419,2.3000000000000003,37.31
2015,7,4,17,30,30.3,15.3,222,1.7000000000000002,40.300000000000004
2015,7,4,18,30,28.700000000000003,17.3,41,1.1,50.25
2015,7,4,19,30,27.5,18.400000000000002,0,0.9,57.51
2015,7,4,20,30,26.8,18.2,0,1,59.15
2015,7,4,21,30,26.3,18,0,1.2000000000000002,60.24
2015,7,4,22,30,25.900000000000002,17.7,0,1.5,60.74
2015,7,4,23,30,25.400000000000002,17.7,0,1.6,62.43
2015,7,5,0,30,24.700000000000003,17.8,0,1.3,65.57000000000001
2015,7,5,1,30,24,18,0,0.9,68.98
2015,7,5,2,30,23.400000000000002,18.1,0,0.7000000000000001,72.32000000000001
2015,7,5,3,30,22.8,18.2,0,0.7000000000000001,75.14
2015,7,5,4,30,22.5,18.1,0,1,76.29
2015,7,5,5,30,23.1,18.1,23,1.4000000000000001,73.64
2015,7,5,6,30,24.700000000000003,17.7,212,1.4000000000000001,65.09
2015,7,5,7,30,26.6,16.7,421,1.2000000000000002,54.660000000000004
2015,7,5,8,30,28.200000000000003,16.400000000000002,621,1.3,48.870000000000005
2015,7,5,9,30,29.6,16.5,793,1.5,45.24
2015,7,5,10,30,30.8,16.400000000000002,919,1.8,42.1
2015,7,5,11,30,31.5,16.3,940,2.3000000000000003,39.97
2015,7,5,12,30,31.700000000000003,16,998,2.7,38.86
2015,7,5,13,30,31.5,15.8,945,3.2,38.71
2015,7,5,14,30,31.200000000000003,15.600000000000001,823,3.6,38.95
2015,7,5,15,30,30.700000000000003,15.4,668,3.9000000000000004,39.63
2015,7,5,16,30,30.1,15.200000000000001,479,3.8000000000000003,40.54
2015,7,5,17,30,29.3,15,273,3.2,41.9
2015,7,5,18,30,28.1,15.200000000000001,55,2.3000000000000003,45.4
2015,7,5,19,30,27.3,15.3,0,2.3000000000000003,48
2015,7,5,20,30,26.900000000000002,15.200000000000001,0,3.1,48.7
2015,7,5,21,30,26.400000000000002,15.3,0,4,50.42
2015,7,5,22,30,25.6,15.700000000000001,0,4.4,54.24
2015,7,5,23,30,24.900000000000002,16.3,0,4.3,58.89
2015,7,6,0,30,24.200000000000003,16.8,0,3.8000000000000003,63.410000000000004
2015,7,6,1,30,23.700000000000003,17,0,3.4000000000000004,66.29
2015,7,6,2,30,23.1,17.1,0,3.1,69.11
2015,7,6,3,30,22.6,17.2,0,3,71.43
2015,7,6,4,30,22.400000000000002,17.2,0,3.2,72.3
2015,7,6,5,30,23.200000000000003,17.2,27,3.7,68.87
2015,7,6,6,30,25.200000000000003,16.7,193,4.1000000000000005,59.13
2015,7,6,7,30,27.400000000000002,15.700000000000001,412,4.2,48.76
2015,7,6,8,30,29.3,15.100000000000001,628,4.2,42.2
2015,7,6,9,30,30.900000000000002,14.8,801,4.3,37.72
2015,7,6,10,30,32.1,14.600000000000001,929,4.4,34.7
2015,7,6,11,30,32.800000000000004,14.5,999,4.4,33.13
2015,7,6,12,30,33,14.5,1009,4.4,32.83
2015,7,6,13,30,32.9,14.600000000000001,956,4.4,33.27
2015,7,6,14,30,32.7,14.5,782,4.3,33.46
2015,7,6,15,30,32.4,14.3,691,3.9000000000000004,33.59
2015,7,6,16,30,32,14.200000000000001,445,3.4000000000000004,33.97
2015,7,6,17,30,31.200000000000003,14,287,2.3000000000000003,35.2
2015,7,6,18,30,29.8,14.9,66,1.3,40.37
2015,7,6,19,30,28.8,15,0,1.1,43.17
2015,7,6,20,30,28.200000000000003,15,0,1.4000000000000001,44.660000000000004
2015,7,6,21,30,27.5,15.100000000000001,0,1.8,46.64
2015,7,6,22,30,27,15,0,2.4000000000000004,47.78
2015,7,6,23,30,26.400000000000002,15,0,3.2,49.47
2015,7,7,0,30,25.6,15.200000000000001,0,3.6,52.59
2015,7,7,1,30,24.700000000000003,15.600000000000001,0,3.3000000000000003,56.82
2015,7,7,2,30,23.700000000000003,16,0,2.9000000000000004,62.04
2015,7,7,3,30,22.8,16.400000000000002,0,2.7,67.04
2015,7,7,4,30,22.200000000000003,16.5,0,3,70.24
2015,7,7,5,30,22.5,16.400000000000002,25,3.6,68.29
2015,7,7,6,30,23.700000000000003,15.9,202,3.6,61.76
2015,7,7,7,30,25.3,15.700000000000001,404,2.9000000000000004,55.25
2015,7,7,8,30,27,15.700000000000001,602,2.1,50.07
2015,7,7,9,30,28.5,15.700000000000001,774,1.5,45.94
2015,7,7,10,30,29.900000000000002,15.600000000000001,906,1.1,42.11
2015,7,7,11,30,31.1,15.4,992,0.9,38.59
2015,7,7,12,30,31.900000000000002,14.9,1006,0.7000000000000001,35.82
2015,7,7,13,30,32.4,14.4,956,0.6000000000000001,33.79
2015,7,7,14,30,32.7,13.5,848,0.6000000000000001,31.26
2015,7,7,15,30,32.6,12.4,688,0.8,29.32
2015,7,7,16,30,32.2,11.5,22,1.1,28.28
2015,7,7,17,30,31.200000000000003,10.8,126,1.2000000000000002,28.490000000000002
2015,7,7,18,30,29.700000000000003,12.100000000000001,50,1.3,33.85
2015,7,7,19,30,28.400000000000002,11.700000000000001,0,2.1,35.65
2015,7,7,20,30,27.1,11.4,0,3.1,37.68
2015,7,7,21,30,25.700000000000003,12.4,0,3.4000000000000004,43.69
2015,7,7,22,30,24.400000000000002,13.4,0,3.4000000000000004,50.42
2015,7,7,23,30,23.1,14.4,0,3.2,57.92
2015,7,8,0,30,21.900000000000002,15.3,0,3.1,66.06
2015,7,8,1,30,21,16.2,0,3,73.89
2015,7,8,2,30,20.5,16.7,0,2.8000000000000003,79.07000000000001
2015,7,8,3,30,20.200000000000003,17,0,2.4000000000000004,82.05
2015,7,8,4,30,20,17.3,0,2.2,84.28
2015,7,8,5,30,20.900000000000002,17.400000000000002,34,2.1,80.55
2015,7,8,6,30,22.900000000000002,17.6,208,1.9000000000000001,71.97
2015,7,8,7,30,25.400000000000002,16.900000000000002,420,1.8,59.36
2015,7,8,8,30,27.6,15.8,626,1.8,48.480000000000004
2015,7,8,9,30,29.400000000000002,14.9,803,1.7000000000000002,41.2
2015,7,8,10,30,30.8,14.4,934,1.7000000000000002,37.02
2015,7,8,11,30,31.900000000000002,14.3,1006,1.9000000000000001,34.480000000000004
2015,7,8,12,30,32.6,14.200000000000001,1016,2.1,32.88
2015,7,8,13,30,33,14.100000000000001,927,2.3000000000000003,31.900000000000002
2015,7,8,14,30,33,13.9,257,2.4000000000000004,31.560000000000002
2015,7,8,15,30,32.7,13.700000000000001,326,2.5,31.71
2015,7,8,16,30,32,13.600000000000001,161,2.4000000000000004,32.69
2015,7,8,17,30,30.700000000000003,13.5,289,1.6,35.04
2015,7,8,18,30,29,15.4,91,0.8,43.58
2015,7,8,19,30,27.900000000000002,15.600000000000001,0,0.5,47.04
2015,7,8,20,30,26.900000000000002,15.4,0,0.7000000000000001,49.46
2015,7,8,21,30,25.5,15.700000000000001,0,1.1,54.5
2015,7,8,22,30,24.200000000000003,15.9,0,1.8,59.85
2015,7,8,23,30,23.3,16.2,0,2.5,64.25
2015,7,9,0,30,22.6,16.7,0,3.2,69.34
2015,7,9,1,30,22,17.3,0,3.3000000000000003,74.9
2015,7,9,2,30,21.6,17.8,0,2.5,78.94
2015,7,9,3,30,21.200000000000003,17.8,0,1.6,81.2
2015,7,9,4,30,21.1,17.7,0,1.2000000000000002,81.09
2015,7,9,5,30,21.900000000000002,17.6,23,1.2000000000000002,76.81
2015,7,9,6,30,23.6,17.3,13,1,67.66
2015,7,9,7,30,25.400000000000002,16.3,351,0.8,57
2015,7,9,8,30,27.1,15.8,628,0.9,49.93
2015,7,9,9,30,28.700000000000003,15.700000000000001,804,1.1,45.22
2015,7,9,10,30,30.200000000000003,15.5,934,1.3,41.12
2015,7,9,11,30,31.3,15.200000000000001,1002,1.3,37.86
2015,7,9,12,30,31.900000000000002,14.8,953,1.3,35.54
2015,7,9,13,30,31.900000000000002,14.3,830,1.4000000000000001,34.35
2015,7,9,14,30,31.8,13.5,389,1.6,32.87
2015,7,9,15,30,31.5,12.8,85,1.7000000000000002,32.02
2015,7,9,16,30,30.8,12.4,97,1.8,32.3
2015,7,9,17,30,29.5,12.100000000000001,247,1.4000000000000001,34.2
2015,7,9,18,30,27.6,13.9,64,1.2000000000000002,43.02
2015,7,9,19,30,25.8,14.8,0,1.4000000000000001,50.77
2015,7,9,20,30,24.1,15.100000000000001,0,1.7000000000000002,57.1
2015,7,9,21,30,22.400000000000002,16,0,1.9000000000000001,67.14
2015,7,9,22,30,21.3,16.400000000000002,0,2,73.71000000000001
2015,7,9,23,30,20.700000000000003,16.6,0,2.1,77.14
2015,7,10,0,30,20.3,16.7,0,1.9000000000000001,80.04
2015,7,10,1,30,20,16.900000000000002,0,1.6,82.27
2015,7,10,2,30,19.8,16.900000000000002,0,1.7000000000000002,83.38
2015,7,10,3,30,19.8,16.900000000000002,0,1.9000000000000001,83.31
2015,7,10,4,30,19.900000000000002,17,0,2.2,83.14
2015,7,10,5,30,20.8,17.1,16,2.7,79.46000000000001
2015,7,10,6,30,22.3,17.400000000000002,177,2.8000000000000003,73.79
2015,7,10,7,30,23.8,17.6,415,2.5,68.26
2015,7,10,8,30,25,17.6,618,2.2,63.65
2015,7,10,9,30,26.200000000000003,17.7,793,1.9000000000000001,59.53
2015,7,10,10,30,27.400000000000002,17.8,734,1.9000000000000001,55.78
2015,7,10,11,30,28.3,17.900000000000002,820,1.9000000000000001,53.45
2015,7,10,12,30,28.900000000000002,18,1013,1.9000000000000001,51.83
2015,7,10,13,30,29.400000000000002,17.900000000000002,894,1.9000000000000001,50.08
2015,7,10,14,30,29.5,17.5,693,1.8,48.6
2015,7,10,15,30,29.3,17,645,1.6,47.51
2015,7,10,16,30,28.8,16.5,260,1.3,47.5
2015,7,10,17,30,27.900000000000002,16.8,138,1,51.050000000000004
2015,7,10,18,30,26.6,18.2,33,0.8,60.11
2015,7,10,19,30,25.400000000000002,17.900000000000002,0,0.9,63.410000000000004
2015,7,10,20,30,24.3,18.400000000000002,0,1,69.83
2015,7,10,21,30,23.3,19.1,0,1,77.47
2015,7,10,22,30,22.400000000000002,19.400000000000002,0,1,83.17
2015,7,10,23,30,21.8,19.1,0,1,84.71000000000001
2015,7,11,0,30,21.400000000000002,18.900000000000002,0,1,85.59
2015,7,11,1,30,21.200000000000003,18.900000000000002,0,1.1,86.86
2015,7,11,2,30,21,18.900000000000002,0,1.1,87.79
2015,7,11,3,30,20.700000000000003,19.1,0,1.2000000000000002,90.35000000000001
2015,7,11,4,30,20.5,19.1,0,1.5,91.96000000000001
2015,7,11,5,30,21.1,19.1,18,2.3000000000000003,88.22
2015,7,11,6,30,22.700000000000003,18.8,207,2.9000000000000004,78.61
2015,7,11,7,30,24.8,18.400000000000002,420,2.9000000000000004,67.5
2015,7,11,8,30,26.8,18.3,536,2.8000000000000003,59.71
2015,7,11,9,30,28.6,18.1,801,2.8000000000000003,53.120000000000005
2015,7,11,10,30,30,17.7,930,2.7,47.72
2015,7,11,11,30,30.900000000000002,17.3,999,2.4000000000000004,44.15
2015,7,11,12,30,31.6,16.8,1011,2.1,41.01
2015,7,11,13,30,32.2,16.2,961,1.8,38.19
2015,7,11,14,30,32.5,15.4,845,1.6,35.69
2015,7,11,15,30,32.6,14.600000000000001,114,1.4000000000000001,33.72
2015,7,11,16,30,32.300000000000004,13.9,67,1.2000000000000002,32.85
2015,7,11,17,30,31,13.700000000000001,245,1,34.83
2015,7,11,18,30,28.8,16.6,59,1.1,47.62
2015,7,11,19,30,27.1,16.2,0,1.5,51.28
2015,7,11,20,30,26.200000000000003,15.5,0,1.9000000000000001,51.92
2015,7,11,21,30,25.5,15.200000000000001,0,2.3000000000000003,53.04
2015,7,11,22,30,24.8,15.100000000000001,0,2.7,54.730000000000004
2015,7,11,23,30,24.1,15,0,2.9000000000000004,56.64
2015,7,12,0,30,23.400000000000002,14.700000000000001,0,2.9000000000000004,58.17
2015,7,12,1,30,22.700000000000003,14.4,0,2.7,59.38
2015,7,12,2,30,22.1,14.200000000000001,0,2.4000000000000004,60.77
2015,7,12,3,30,21.700000000000003,14.3,0,2.1,62.690000000000005
2015,7,12,4,30,21.5,14.5,0,2.1,64.39
2015,7,12,5,30,22.5,14.8,21,2.8000000000000003,61.95
2015,7,12,6,30,25,15.200000000000001,210,3.5,54.52
2015,7,12,7,30,28.400000000000002,15,424,3.8000000000000003,44.18
2015,7,12,8,30,31.3,14,630,3.5,34.97
2015,7,12,9,30,33.4,13.200000000000001,808,2.9000000000000004,29.53
2015,7,12,10,30,34.7,12.9,941,2.7,26.97
2015,7,12,11,30,35.7,12.700000000000001,1014,2.7,25.04
2015,7,12,12,30,36.300000000000004,12.3,1029,2.7,23.650000000000002
2015,7,12,13,30,36.7,11.9,978,2.7,22.52
2015,7,12,14,30,36.7,11.4,870,2.9000000000000004,21.82
2015,7,12,15,30,36.4,10.9,709,3,21.39
2015,7,12,16,30,35.5,10.100000000000001,511,3,21.43
2015,7,12,17,30,33.4,9.600000000000001,297,2.2,23.28
2015,7,12,18,30,30.3,12.5,93,1.4000000000000001,33.51
2015,7,12,19,30,28.1,12.600000000000001,0,1.3,38.27
2015,7,12,20,30,27.1,12,0,1.4000000000000001,39.08
2015,7,12,21,30,26.1,11.600000000000001,0,1.5,40.34
2015,7,12,22,30,25.1,11.4,0,1.5,42.37
2015,7,12,23,30,24.200000000000003,11.8,0,1.7000000000000002,45.76
2015,7,13,0,30,23.400000000000002,12.700000000000001,0,1.9000000000000001,51.07
2015,7,13,1,30,22.6,13.700000000000001,0,1.8,57.36
2015,7,13,2,30,21.8,14.8,0,1.5,64.38
2015,7,13,3,30,21,15.700000000000001,0,1.3,71.5
2015,7,13,4,30,20.900000000000002,16.1,0,1.3,74.24
2015,7,13,5,30,22.3,16.3,30,2.1,68.89
2015,7,13,6,30,25.200000000000003,16.1,208,2.8000000000000003,57.22
2015,7,13,7,30,28.5,15,420,2.6,43.89
2015,7,13,8,30,31.3,13.600000000000001,631,1.7000000000000002,34.13
2015,7,13,9,30,33.5,12.600000000000001,809,0.9,28.17
2015,7,13,10,30,35,12.100000000000001,941,0.7000000000000001,25.05
2015,7,13,11,30,36.1,11.700000000000001,1015,1.2000000000000002,22.92
2015,7,13,12,30,36.7,11.3,1028,1.6,21.68
2015,7,13,13,30,37,11,975,2,20.95
2015,7,13,14,30,37,10.700000000000001,859,2.2,20.44
2015,7,13,15,30,36.5,10.3,699,2.3000000000000003,20.56
2015,7,13,16,30,35.7,10.100000000000001,501,2.3000000000000003,21.13
2015,7,13,17,30,33.9,9.8,288,1.7000000000000002,22.94
2015,7,13,18,30,31.200000000000003,12.600000000000001,65,1.1,32.13
2015,7,13,19,30,29.1,12.9,0,1.2000000000000002,36.94
2015,7,13,20,30,28.1,12.700000000000001,0,1.6,38.57
2015,7,13,21,30,27.400000000000002,12.600000000000001,0,2.4000000000000004,39.9
2015,7,13,22,30,26.6,13.100000000000001,0,3.3000000000000003,43.160000000000004
2015,7,13,23,30,25.5,13.700000000000001,0,3.5,48.08
2015,7,14,0,30,24.400000000000002,14.100000000000001,0,3.1,52.61
2015,7,14,1,30,23.5,14.3,0,2.8000000000000003,56.25
2015,7,14,2,30,22.6,14.3,0,2.6,59.34
2015,7,14,3,30,21.900000000000002,14.100000000000001,0,2.3000000000000003,61.2
2015,7,14,4,30,21.5,13.9,0,2.6,62.14
2015,7,14,5,30,22.1,13.9,17,3.8000000000000003,59.9
2015,7,14,6,30,23.400000000000002,13.9,91,5.300000000000001,55.24
2015,7,14,7,30,24.400000000000002,13.700000000000001,266,6.2,51.32
2015,7,14,8,30,25.5,13.700000000000001,439,5.9,48.07
2015,7,14,9,30,27.5,13.700000000000001,649,5,42.69
2015,7,14,10,30,30.1,13.5,924,3.7,36.21
2015,7,14,11,30,32.4,13.3,997,3,31.34
2015,7,14,12,30,33.9,13.100000000000001,946,3,28.57
2015,7,14,13,30,34.5,13.100000000000001,778,3.7,27.52
2015,7,14,14,30,34.4,13.100000000000001,687,4.5,27.7
2015,7,14,15,30,33.6,13.100000000000001,549,5.300000000000001,28.89
2015,7,14,16,30,32.300000000000004,13.200000000000001,396,5.6000000000000005,31.330000000000002
2015,7,14,17,30,30.6,13.5,213,5.2,35.18
2015,7,14,18,30,28.6,13.9,55,3.9000000000000004,40.68
2015,7,14,19,30,26.900000000000002,14.600000000000001,0,2.6,46.77
2015,7,14,20,30,26,14.8,0,1.7000000000000002,50.09
2015,7,14,21,30,25.400000000000002,14.9,0,1.4000000000000001,52.17
2015,7,14,22,30,25.200000000000003,14.9,0,1.5,52.97
2015,7,14,23,30,25,14.9,0,1.6,53.49
2015,7,15,0,30,24.6,15,0,1.6,55.25
2015,7,15,1,30,24,15.100000000000001,0,1.4000000000000001,57.660000000000004
2015,7,15,2,30,23.5,15.200000000000001,0,1.3,59.82
2015,7,15,3,30,22.900000000000002,15.3,0,1.4000000000000001,62.27
2015,7,15,4,30,22.6,15.4,0,1.7000000000000002,63.67
2015,7,15,5,30,23.1,15.600000000000001,15,2.5,62.58
2015,7,15,6,30,24.1,15.5,186,3.5,58.72
2015,7,15,7,30,25.400000000000002,14.8,412,4.3,51.81
2015,7,15,8,30,27.6,14.100000000000001,436,4.5,43.54
2015,7,15,9,30,30.200000000000003,13.8,624,4.2,36.82
2015,7,15,10,30,31.8,13.8,468,3.8000000000000003,33.52
2015,7,15,11,30,32.7,13.8,707,3.5,31.79
2015,7,15,12,30,32.7,13.8,370,3.6,31.86
2015,7,15,13,30,32,14,947,4.1000000000000005,33.660000000000004
2015,7,15,14,30,31.200000000000003,14.100000000000001,842,4.5,35.49
2015,7,15,15,30,30.5,13.9,688,4.6000000000000005,36.29
2015,7,15,16,30,29.900000000000002,13.600000000000001,496,4.4,36.9
2015,7,15,17,30,29,13.4,284,3.7,38.42
2015,7,15,18,30,27.5,13.600000000000001,51,2.7,42.47
2015,7,15,19,30,26.3,13.8,0,2.4000000000000004,46.21
2015,7,15,20,30,25.6,13.600000000000001,0,2.7,47.49
2015,7,15,21,30,25,13.3,0,2.8000000000000003,48.17
2015,7,15,22,30,24.200000000000003,13,0,2.5,49.65
2015,7,15,23,30,23.5,12.9,0,1.8,51.300000000000004
2015,7,16,0,30,23,12.8,0,1.1,52.7
2015,7,16,1,30,22.8,12.700000000000001,0,0.9,52.95
2015,7,16,2,30,22.6,12.600000000000001,0,0.9,53.300000000000004
2015,7,16,3,30,22.400000000000002,12.700000000000001,0,0.9,54.29
2015,7,16,4,30,22.400000000000002,12.8,0,1.1,54.69
2015,7,16,5,30,23.1,13.200000000000001,16,1.5,53.74
2015,7,16,6,30,24.6,13.4,112,2.1,49.78
2015,7,16,7,30,26.8,13.200000000000001,215,2.4000000000000004,43.04
2015,7,16,8,30,29.200000000000003,12.600000000000001,468,2.5,36
2015,7,16,9,30,31.1,11.9,685,2.5,30.88
2015,7,16,10,30,32.2,11.700000000000001,724,2.6,28.59
2015,7,16,11,30,32.6,11.700000000000001,814,3,28.03
2015,7,16,12,30,32.300000000000004,11.9,1005,3.5,28.85
2015,7,16,13,30,31.700000000000003,12.3,782,4,30.55
2015,7,16,14,30,31.1,12.600000000000001,618,4.3,32.32
2015,7,16,15,30,30.400000000000002,12.8,309,4.3,34.13
2015,7,16,16,30,29.5,13.100000000000001,325,4,36.550000000000004
2015,7,16,17,30,28.400000000000002,13.4,106,2.9000000000000004,39.74
2015,7,16,18,30,26.900000000000002,14.200000000000001,47,1.7000000000000002,45.7
2015,7,16,19,30,25.8,14.8,0,1.2000000000000002,50.52
2015,7,16,20,30,25.200000000000003,14.700000000000001,0,1.1,52.14
2015,7,16,21,30,24.5,14.3,0,1.1,53.15
2015,7,16,22,30,23.900000000000002,14,0,1.1,53.75
2015,7,16,23,30,23.400000000000002,13.600000000000001,0,1.1,54.02
2015,7,17,0,30,23,13.3,0,1.1,54.230000000000004
2015,7,17,1,30,22.700000000000003,13,0,1.1,54.22
2015,7,17,2,30,22.6,12.9,0,1.1,54.1
2015,7,17,3,30,22.5,13,0,1.1,55.09
2015,7,17,4,30,22.5,13.200000000000001,0,1.4000000000000001,55.64
2015,7,17,5,30,23,13.4,17,2.3000000000000003,54.870000000000005
2015,7,17,6,30,24.8,13.3,4,3.6,48.78
2015,7,17,7,30,27.400000000000002,13.4,217,4.3,42.03
2015,7,17,8,30,29.900000000000002,13.5,620,4.2,36.7
2015,7,17,9,30,31.8,13.8,801,3.6,33.53
2015,7,17,10,30,33.2,13.9,936,3.1,31.18
2015,7,17,11,30,34.300000000000004,13.9,1010,2.9000000000000004,29.28
2015,7,17,12,30,35,13.700000000000001,1023,3,27.810000000000002
2015,7,17,13,30,35.300000000000004,13.4,970,3.2,26.830000000000002
2015,7,17,14,30,35.300000000000004,13.100000000000001,862,3.4000000000000004,26.27
2015,7,17,15,30,34.800000000000004,12.8,699,3.6,26.560000000000002
2015,7,17,16,30,33.800000000000004,12.700000000000001,501,3.7,27.830000000000002
2015,7,17,17,30,32.1,12.8,285,3.5,30.8
2015,7,17,18,30,29.900000000000002,13.4,86,3.3000000000000003,36.44
2015,7,17,19,30,28.200000000000003,14,0,3.6,41.87
2015,7,17,20,30,27.1,14.100000000000001,0,4,44.78
2015,7,17,21,30,26.200000000000003,14.100000000000001,0,3.7,47.21
2015,7,17,22,30,25.5,14.100000000000001,0,3.3000000000000003,49.28
2015,7,17,23,30,25.1,14.200000000000001,0,3.3000000000000003,50.69
2015,7,18,0,30,24.6,14.4,0,3.6,52.9
2015,7,18,1,30,24,14.700000000000001,0,3.9000000000000004,56.13
2015,7,18,2,30,23.5,14.8,0,3.9000000000000004,58.32
2015,7,18,3,30,22.900000000000002,14.8,0,3.3000000000000003,60.2
2015,7,18,4,30,22.400000000000002,14.600000000000001,0,2.6,61.34
2015,7,18,5,30,23.200000000000003,14.5,26,2.8000000000000003,58.18
2015,7,18,6,30,25.700000000000003,14.100000000000001,203,3.3000000000000003,48.82
2015,7,18,7,30,28.5,12.8,419,3.3000000000000003,37.89
2015,7,18,8,30,30.8,12.200000000000001,628,3,32.06
2015,7,18,9,30,32.5,12.4,805,2.8000000000000003,29.47
2015,7,18,10,30,34,12.8,938,2.5,27.7
2015,7,18,11,30,35.2,13,1012,2.5,26.310000000000002
2015,7,18,12,30,35.9,13,1023,2.7,25.39
2015,7,18,13,30,36.300000000000004,13.100000000000001,971,2.9000000000000004,24.94
2015,7,18,14,30,36.2,13,858,3.1,24.98
2015,7,18,15,30,35.7,12.9,695,3.3000000000000003,25.400000000000002
2015,7,18,16,30,34.7,12.700000000000001,497,3.4000000000000004,26.47
2015,7,18,17,30,33.2,12.600000000000001,281,3,28.59
2015,7,18,18,30,31.1,13.4,63,2.5,34.06
2015,7,18,19,30,29.6,14,0,2.9000000000000004,38.65
2015,7,18,20,30,28.6,14.100000000000001,0,3.5,41.050000000000004
2015,7,18,21,30,27.400000000000002,14.4,0,3.7,45.050000000000004
2015,7,18,22,30,26.3,14.9,0,3.6,49.6
2015,7,18,23,30,25.5,15.3,0,3.5,53.42
2015,7,19,0,30,24.700000000000003,15.600000000000001,0,3.3000000000000003,56.92
2015,7,19,1,30,24,15.700000000000001,0,3,59.89
2015,7,19,2,30,23.3,15.9,0,2.7,63.24
2015,7,19,3,30,22.700000000000003,16.1,0,2.3000000000000003,66.21000000000001
2015,7,19,4,30,22.400000000000002,16.2,0,2.2,67.8
2015,7,19,5,30,22.8,16.2,22,2.7,66.21000000000001
2015,7,19,6,30,24.5,16,190,3.2,59.02
2015,7,19,7,30,26.700000000000003,15.600000000000001,96,3.1,50.56
2015,7,19,8,30,28.8,15.200000000000001,607,2.8000000000000003,43.69
2015,7,19,9,30,30.5,15,782,2.7,39.1
2015,7,19,10,30,31.8,14.9,913,2.9000000000000004,36
2015,7,19,11,30,32.7,14.8,990,3.2,34.09
2015,7,19,12,30,33.2,14.8,1003,3.6,33.05
2015,7,19,13,30,33.300000000000004,14.700000000000001,914,3.8000000000000003,32.71
2015,7,19,14,30,33.1,14.600000000000001,837,4,32.76
2015,7,19,15,30,32.6,14.3,676,3.9000000000000004,33.13
2015,7,19,16,30,31.900000000000002,14,486,3.6,33.69
2015,7,19,17,30,30.8,13.700000000000001,275,2.8000000000000003,35.18
2015,7,19,18,30,28.900000000000002,14.100000000000001,57,1.7000000000000002,40.46
2015,7,19,19,30,27.5,14.4,0,1.3,44.77
2015,7,19,20,30,26.700000000000003,14.200000000000001,0,1.4000000000000001,46.19
2015,7,19,21,30,26.1,14,0,1.7000000000000002,47.230000000000004
2015,7,19,22,30,25.400000000000002,13.9,0,1.9000000000000001,49.06
2015,7,19,23,30,24.700000000000003,14,0,2,51.46
2015,7,20,0,30,24.1,14.200000000000001,0,2,53.93
2015,7,20,1,30,23.400000000000002,14.4,0,1.7000000000000002,57.03
2015,7,20,2,30,22.900000000000002,14.600000000000001,0,1.5,59.35
2015,7,20,3,30,22.400000000000002,14.600000000000001,0,1.5,61.51
2015,7,20,4,30,22.3,14.700000000000001,0,1.7000000000000002,62.08
2015,7,20,5,30,23.6,14.9,14,2.3000000000000003,58.11
2015,7,20,6,30,26.400000000000002,14.8,197,2.6,48.81
2015,7,20,7,30,29.1,14.5,409,2.3000000000000003,41.02
2015,7,20,8,30,30.900000000000002,14.4,615,2,36.81
2015,7,20,9,30,32.1,14.4,790,2,34.26
2015,7,20,10,30,33,14.3,921,2.4000000000000004,32.42
2015,7,20,11,30,33.5,14.3,994,3,31.44
2015,7,20,12,30,33.5,14.3,1007,3.5,31.46
2015,7,20,13,30,33.300000000000004,14.3,957,3.7,31.79
2015,7,20,14,30,32.9,14.100000000000001,846,3.6,32.11
2015,7,20,15,30,32.7,13.700000000000001,689,3.2,31.68
2015,7,20,16,30,32.4,13.4,21,2.7,31.490000000000002
2015,7,20,17,30,31.400000000000002,13.100000000000001,150,1.7000000000000002,32.78
2015,7,20,18,30,29.5,15.200000000000001,42,1,41.95
2015,7,20,19,30,28,14.5,0,1.1,43.72
2015,7,20,20,30,27.1,14.3,0,1.4000000000000001,45.52
2015,7,20,21,30,26.400000000000002,14.3,0,1.6,47.5
2015,7,20,22,30,25.700000000000003,14.5,0,1.7000000000000002,49.910000000000004
2015,7,20,23,30,25.1,14.9,0,1.4000000000000001,53.32
2015,7,21,0,30,24.700000000000003,15.200000000000001,0,1.1,55.69
2015,7,21,1,30,24.200000000000003,15.4,0,0.9,57.95
2015,7,21,2,30,23.8,15.700000000000001,0,0.7000000000000001,60.35
2015,7,21,3,30,23.3,15.9,0,0.7000000000000001,63.190000000000005
2015,7,21,4,30,23.1,16,0,1.1,64.39
2015,7,21,5,30,23.8,16.2,22,1.6,62.64
2015,7,21,6,30,25.900000000000002,16.5,192,2.2,56.21
2015,7,21,7,30,27.900000000000002,16.5,404,2.3000000000000003,49.89
2015,7,21,8,30,29.400000000000002,16.3,608,2.1,45.15
2015,7,21,9,30,30.6,16.1,784,1.9000000000000001,41.75
2015,7,21,10,30,31.6,16,915,2,38.980000000000004
2015,7,21,11,30,32.2,15.700000000000001,992,2.2,37.06
2015,7,21,12,30,32.5,15.4,1005,2.4000000000000004,35.730000000000004
2015,7,21,13,30,32.6,15.100000000000001,956,2.6,34.87
2015,7,21,14,30,32.4,14.600000000000001,843,2.7,34.230000000000004
2015,7,21,15,30,32.1,14.100000000000001,84,2.6,33.57
2015,7,21,16,30,31.400000000000002,13.600000000000001,118,2.5,33.97
2015,7,21,17,30,30.1,14,108,2,37.4
2015,7,21,18,30,28.3,15.4,47,1.7000000000000002,45.4
2015,7,21,19,30,27,15.200000000000001,0,1.7000000000000002,48.54
2015,7,21,20,30,26.1,15.3,0,2.1,51.27
2015,7,21,21,30,25.1,15.5,0,2.9000000000000004,55.35
2015,7,21,22,30,24,15.9,0,3.4000000000000004,60.59
2015,7,21,23,30,23.1,16.3,0,3.5,65.74
2015,7,22,0,30,22.3,16.7,0,3.4000000000000004,70.44
2015,7,22,1,30,21.700000000000003,17,0,3.1,74.53
2015,7,22,2,30,21.400000000000002,17.1,0,2.6,76.58
2015,7,22,3,30,21.1,17.2,0,2,78.3
2015,7,22,4,30,21,17.3,0,1.7000000000000002,79.4
2015,7,22,5,30,21.400000000000002,17.400000000000002,9,1.7000000000000002,77.89
2015,7,22,6,30,23,17.5,100,1.9000000000000001,71
2015,7,22,7,30,25.5,17.400000000000002,400,2.2,60.79
2015,7,22,8,30,27.900000000000002,16.8,605,2.4000000000000004,50.96
2015,7,22,9,30,29.6,16.3,781,2.2,44.61
2015,7,22,10,30,30.6,16.1,911,2,41.61
2015,7,22,11,30,31.1,16,986,1.8,40.160000000000004
2015,7,22,12,30,31.1,15.9,997,1.9000000000000001,40
2015,7,22,13,30,31,15.9,948,1.9000000000000001,40.12
2015,7,22,14,30,31.1,15.600000000000001,839,2,39.18
2015,7,22,15,30,31.200000000000003,15.200000000000001,681,2,38.08
2015,7,22,16,30,31,14.9,487,2,37.65
2015,7,22,17,30,29.8,14.8,250,1.6,40.18
2015,7,22,18,30,28,16.8,46,1.2000000000000002,50.69
2015,7,22,19,30,26.8,16.1,0,1.2000000000000002,52.08
2015,7,22,20,30,26,15.9,0,1.1,53.6
2015,7,22,21,30,25.3,15.9,0,0.9,56.18
2015,7,22,22,30,24.400000000000002,16.1,0,0.9,59.81
2015,7,22,23,30,23.6,16.3,0,0.9,63.68
2015,7,23,0,30,23,16.400000000000002,0,0.9,66.6
2015,7,23,1,30,22.400000000000002,16.6,0,1,69.91
2015,7,23,2,30,22,16.6,0,1,71.61
2015,7,23,3,30,21.8,16.6,0,0.9,72.21000000000001
2015,7,23,4,30,21.700000000000003,16.6,0,1,72.57000000000001
2015,7,23,5,30,22.700000000000003,16.6,11,1.5,68.28
2015,7,23,6,30,25.1,16.3,186,1.9000000000000001,58.24
2015,7,23,7,30,27.6,15.600000000000001,398,1.9000000000000001,47.99
2015,7,23,8,30,29.6,15.200000000000001,604,1.7000000000000002,41.61
2015,7,23,9,30,31.3,15.100000000000001,781,1.6,37.49
2015,7,23,10,30,32.6,15.100000000000001,912,1.7000000000000002,34.79
2015,7,23,11,30,33.5,15,989,1.9000000000000001,32.97
2015,7,23,12,30,34.1,14.9,1002,2,31.6
2015,7,23,13,30,34.4,14.700000000000001,953,2,30.72
2015,7,23,14,30,34.5,14.5,837,2,30.22
2015,7,23,15,30,34.1,14.4,677,2.1,30.580000000000002
2015,7,23,16,30,33.4,14.200000000000001,481,2.1,31.55
2015,7,23,17,30,31.900000000000002,14.200000000000001,269,1.7000000000000002,34.14
2015,7,23,18,30,29.8,15.700000000000001,59,1.2000000000000002,42.410000000000004
2015,7,23,19,30,28.200000000000003,15.700000000000001,0,1.4000000000000001,46.71
2015,7,23,20,30,27.400000000000002,15.5,0,1.8,48.14
2015,7,23,21,30,26.5,15.5,0,2.2,50.81
2015,7,23,22,30,25.6,15.9,0,2.3000000000000003,55
2015,7,23,23,30,24.700000000000003,16.5,0,2.2,60.370000000000005
2015,7,24,0,30,24.1,16.900000000000002,0,2.1,64.29
2015,7,24,1,30,23.700000000000003,17.2,0,2,67.01
2015,7,24,2,30,23.3,17,0,1.8,67.83
2015,7,24,3,30,23,17,0,1.7000000000000002,68.84
2015,7,24,4,30,23.1,17.1,0,1.9000000000000001,68.97
2015,7,24,5,30,23.400000000000002,17.3,9,2.3000000000000003,68.52
2015,7,24,6,30,24.3,16.8,174,2.8000000000000003,62.96
2015,7,24,7,30,25.900000000000002,15.5,386,3.4000000000000004,52.64
2015,7,24,8,30,28.200000000000003,14,598,3.7,41.660000000000004
2015,7,24,9,30,30.6,13.3,780,3.2,34.79
2015,7,24,10,30,32.800000000000004,13.200000000000001,916,2.4000000000000004,30.57
2015,7,24,11,30,34.5,13.3,994,1.7000000000000002,27.91
2015,7,24,12,30,35.7,13.3,1008,1.4000000000000001,26.04
2015,7,24,13,30,36.4,13.100000000000001,957,1.3,24.76
2015,7,24,14,30,36.6,12.700000000000001,853,1.2000000000000002,23.95
2015,7,24,15,30,36.4,12.200000000000001,691,1.2000000000000002,23.44
2015,7,24,16,30,35.6,11.9,492,1.3,23.93
2015,7,24,17,30,34.1,11.700000000000001,275,1.1,25.650000000000002
2015,7,24,18,30,32.1,14.200000000000001,76,0.8,33.85
2015,7,24,19,30,30.700000000000003,14,0,0.8,36.24
2015,7,24,20,30,30.1,14.100000000000001,0,1,37.75
2015,7,24,21,30,29.6,14.200000000000001,0,1.1,39.12
2015,7,24,22,30,28.8,14.4,0,1.3,41.29
2015,7,24,23,30,28,14.700000000000001,0,1.4000000000000001,44.230000000000004
2015,7,25,0,30,27.1,14.600000000000001,0,1.4000000000000001,46.31
2015,7,25,1,30,26.200000000000003,14.600000000000001,0,1.5,48.76
2015,7,25,2,30,25.400000000000002,14.600000000000001,0,1.5,51.21
2015,7,25,3,30,24.5,14.600000000000001,0,1.5,54.2
2015,7,25,4,30,23.8,14.700000000000001,0,1.5,56.7
2015,7,25,5,30,24.5,14.9,19,2,54.93
2015,7,25,6,30,27,14.5,188,2.6,46.300000000000004
2015,7,25,7,30,29.700000000000003,13.9,403,2.6,38.01
2015,7,25,8,30,31.900000000000002,13.9,611,2.4000000000000004,33.68
2015,7,25,9,30,33.7,14.100000000000001,789,2,30.740000000000002
2015,7,25,10,30,35.1,14.200000000000001,920,1.7000000000000002,28.560000000000002
2015,7,25,11,30,36.2,14.100000000000001,995,1.5,26.75
2015,7,25,12,30,36.9,14,1005,1.6,25.5
2015,7,25,13,30,37.2,13.700000000000001,954,1.6,24.73
2015,7,25,14,30,37.2,13.3,821,1.6,24.05
2015,7,25,15,30,36.7,12.8,670,1.5,23.88
2015,7,25,16,30,35.9,12.4,361,1.3,24.42
2015,7,25,17,30,34.4,12.3,236,1,26.34
2015,7,25,18,30,32.6,14.4,68,0.8,33.410000000000004
2015,7,25,19,30,31.200000000000003,15,0,0.8,37.54
2015,7,25,20,30,30.3,15,0,0.8,39.38
2015,7,25,21,30,29.5,15.100000000000001,0,0.7000000000000001,41.75
2015,7,25,22,30,28.700000000000003,15.5,0,0.7000000000000001,44.58
2015,7,25,23,30,28,15.600000000000001,0,0.8,46.89
2015,7,26,0,30,27.1,15.600000000000001,0,1,49.52
2015,7,26,1,30,26.1,15.5,0,1.1,52.15
2015,7,26,2,30,24.900000000000002,15.8,0,1.3,56.89
2015,7,26,3,30,23.900000000000002,16.2,0,1.4000000000000001,61.92
2015,7,26,4,30,23.1,16.6,0,1.4000000000000001,66.63
2015,7,26,5,30,23.6,17.1,12,1.8,66.75
2015,7,26,6,30,25.700000000000003,17,183,2.2,58.64
2015,7,26,7,30,28.3,16.1,396,2.2,47.45
2015,7,26,8,30,30.5,15.5,604,2,40.32
2015,7,26,9,30,32.4,15.200000000000001,782,1.9000000000000001,35.56
2015,7,26,10,30,33.9,15,914,2.3000000000000003,32.14
2015,7,26,11,30,34.9,14.700000000000001,988,2.7,29.97
2015,7,26,12,30,35.5,14.5,1000,2.9000000000000004,28.57
2015,7,26,13,30,35.9,14.200000000000001,950,3,27.400000000000002
2015,7,26,14,30,35.9,13.700000000000001,845,3,26.53
2015,7,26,15,30,35.6,13.200000000000001,677,2.9000000000000004,26.01
2015,7,26,16,30,34.800000000000004,12.700000000000001,212,2.7,26.330000000000002
2015,7,26,17,30,33.300000000000004,12.200000000000001,273,2,27.85
2015,7,26,18,30,31.3,13.600000000000001,74,1.1,34.04
2015,7,26,19,30,29.8,13.8,0,0.9,37.72
2015,7,26,20,30,29.1,13.600000000000001,0,0.9,38.59
2015,7,26,21,30,28.400000000000002,13.4,0,1,39.85
2015,7,26,22,30,27.6,13.4,0,1.1,41.730000000000004
2015,7,26,23,30,26.6,13.700000000000001,0,1.3,45.12
2015,7,27,0,30,25.5,14.3,0,1.3,49.980000000000004
2015,7,27,1,30,24.700000000000003,14.8,0,1.2000000000000002,54.1
2015,7,27,2,30,24,15.100000000000001,0,0.9,57.35
2015,7,27,3,30,23.3,15.100000000000001,0,0.8,59.9
2015,7,27,4,30,22.900000000000002,15,0,0.8,61.1
2015,7,27,5,30,24.1,15,17,1.1,56.82
2015,7,27,6,30,27.1,14.600000000000001,184,1.3,46.45
2015,7,27,7,30,30.3,13.600000000000001,399,1.2000000000000002,35.980000000000004
2015,7,27,8,30,32.7,12.600000000000001,607,1.6,29.54
2015,7,27,9,30,34.2,12.5,786,2.2,26.89
2015,7,27,10,30,35.4,12.600000000000001,919,2.7,25.400000000000002
2015,7,27,11,30,36.2,12.8,994,3,24.57
2015,7,27,12,30,36.6,12.9,1006,3.2,24.17
2015,7,27,13,30,36.7,12.9,955,3.3000000000000003,24.11
2015,7,27,14,30,36.6,12.8,841,3.3000000000000003,24.03
2015,7,27,15,30,36.1,12.600000000000001,679,3.2,24.400000000000002
2015,7,27,16,30,35.2,12.4,417,3.1,25.26
2015,7,27,17,30,33.6,12.200000000000001,124,2.4000000000000004,27.34
2015,7,27,18,30,31.400000000000002,13.4,29,1.6,33.42
2015,7,27,19,30,29.700000000000003,14,0,1.4000000000000001,38.2
2015,7,27,20,30,28.8,13.9,0,1.6,40.07
2015,7,27,21,30,27.8,14,0,1.8,42.81
2015,7,27,22,30,26.8,14.4,0,2.2,46.43
2015,7,27,23,30,26,14.9,0,2.7,50.480000000000004
2015,7,28,0,30,25.200000000000003,15.600000000000001,0,3.5,55.2
2015,7,28,1,30,24.3,16.400000000000002,0,4,61.31
2015,7,28,2,30,23.700000000000003,17.2,0,4,66.94
2015,7,28,3,30,23.200000000000003,17.8,0,3.8000000000000003,71.83
2015,7,28,4,30,22.900000000000002,18.3,0,3.6,75.43
2015,7,28,5,30,23,18.6,12,3.6,76.27
2015,7,28,6,30,23.700000000000003,18.5,133,3.8000000000000003,72.84
2015,7,28,7,30,24.900000000000002,17.8,229,3.6,64.88
2015,7,28,8,30,26.900000000000002,16.6,244,3.2,53.29
2015,7,28,9,30,29.400000000000002,15.4,773,3.2,42.7
2015,7,28,10,30,31.6,14.4,906,3.4000000000000004,35.34
2015,7,28,11,30,33,13.8,986,3.6,31.42
2015,7,28,12,30,33.800000000000004,13.5,1000,3.6,29.32
2015,7,28,13,30,34.2,13.200000000000001,950,3.6,28.14
2015,7,28,14,30,34.2,12.9,847,3.6,27.62
2015,7,28,15,30,34,12.5,688,3.6,27.2
2015,7,28,16,30,33.300000000000004,12.100000000000001,490,3.7,27.490000000000002
2015,7,28,17,30,31.6,11.9,77,3.1,29.95
2015,7,28,18,30,29.1,12.9,49,2.4000000000000004,37.01
2015,7,28,19,30,27.200000000000003,13.3,0,2.2,42.31
2015,7,28,20,30,26,13.700000000000001,0,1.9000000000000001,46.72
2015,7,28,21,30,25,14.5,0,1.4000000000000001,52.120000000000005
2015,7,28,22,30,24.1,15.3,0,1.3,58.09
2015,7,28,23,30,23.3,16.3,0,1.5,64.74
2015,7,29,0,30,22.700000000000003,17.2,0,1.7000000000000002,70.91
2015,7,29,1,30,22.200000000000003,17.8,0,1.8,76.28
2015,7,29,2,30,21.900000000000002,18.2,0,1.8,79.49
2015,7,29,3,30,21.6,18.400000000000002,0,1.5,81.81
2015,7,29,4,30,21.400000000000002,18.6,0,1.2000000000000002,84.28
2015,7,29,5,30,21.400000000000002,19,3,1.2000000000000002,85.97
2015,7,29,6,30,22,18.900000000000002,41,1.7000000000000002,82.60000000000001
2015,7,29,7,30,23.1,18.8,277,2.3000000000000003,76.66
2015,7,29,8,30,24.6,18.5,398,2.8000000000000003,69.04
2015,7,29,9,30,26.200000000000003,18.400000000000002,712,2.8000000000000003,62.04
2015,7,29,10,30,27.8,18.2,902,2.6,55.84
2015,7,29,11,30,29.1,18,985,2.3000000000000003,51.07
2015,7,29,12,30,30.1,17.6,998,2.1,47
2015,7,29,13,30,30.700000000000003,17,949,2,43.800000000000004
2015,7,29,14,30,31.1,16.5,810,2,41.51
2015,7,29,15,30,31.1,16,424,1.9000000000000001,40.32
2015,7,29,16,30,30.700000000000003,15.8,151,1.5,40.5
2015,7,29,17,30,29.700000000000003,16.3,100,1,44.47
2015,7,29,18,30,28.3,18.5,41,0.6000000000000001,55.25
2015,7,29,19,30,27.400000000000002,17.900000000000002,0,0.7000000000000001,56.27
2015,7,29,20,30,26.5,18.400000000000002,0,0.8,61.300000000000004
2015,7,29,21,30,25.6,19.200000000000003,0,1,67.71000000000001
2015,7,29,22,30,24.8,19.3,0,1.3,71.73
2015,7,29,23,30,23.900000000000002,19.400000000000002,0,1.6,76.17
2015,7,30,0,30,22.900000000000002,19.8,0,1.9000000000000001,82.59
2015,7,30,1,30,22.1,20.200000000000003,0,2,89.05
2015,7,30,2,30,21.5,20.400000000000002,0,1.9000000000000001,93.46000000000001
2015,7,30,3,30,21.200000000000003,20.400000000000002,0,1.8,95.18
2015,7,30,4,30,20.900000000000002,20.200000000000003,0,1.8,96.06
2015,7,30,5,30,21.1,20,5,2.2,93.60000000000001
2015,7,30,6,30,22.5,19.6,99,2.4000000000000004,83.87
2015,7,30,7,30,24.5,18.6,120,2,69.79
2015,7,30,8,30,26.400000000000002,17.8,393,1.7000000000000002,59.14
2015,7,30,9,30,28,17.5,764,1.6,53
2015,7,30,10,30,29.400000000000002,17.3,898,1.7000000000000002,48.08
2015,7,30,11,30,30.5,17,981,1.7000000000000002,44.31
2015,7,30,12,30,31.200000000000003,16.7,992,1.6,41.78
2015,7,30,13,30,31.5,16.400000000000002,940,1.5,40.44
2015,7,30,14,30,31.6,16.1,827,1.4000000000000001,39.44
2015,7,30,15,30,31.3,15.9,665,1.2000000000000002,39.4
2015,7,30,16,30,30.700000000000003,15.700000000000001,457,1.1,40.300000000000004
2015,7,30,17,30,29.400000000000002,15.8,35,0.9,43.86
2015,7,30,18,30,27.5,18.3,28,0.8,57.13
2015,7,30,19,30,26.1,18.7,0,0.8,63.65
2015,7,30,20,30,25.400000000000002,18.400000000000002,0,1,65.28
2015,7,30,21,30,24.8,18.1,0,1.1,66.3
2015,7,30,22,30,24.400000000000002,17.7,0,1.3,66.25
2015,7,30,23,30,23.900000000000002,17.2,0,1.5,66.3
2015,7,31,0,30,23.5,16.7,0,1.8,65.74
2015,7,31,1,30,23.1,16.3,0,1.8,65.44
2015,7,31,2,30,22.6,15.9,0,1.6,66.06
2015,7,31,3,30,22.200000000000003,15.700000000000001,0,1.2000000000000002,66.78
2015,7,31,4,30,21.700000000000003,15.600000000000001,0,1.2000000000000002,68.23
2015,7,31,5,30,22.400000000000002,15.200000000000001,7,1.9000000000000001,63.88
2015,7,31,6,30,24.8,14.4,145,2.7,52.27
2015,7,31,7,30,27.400000000000002,12.9,383,2.9000000000000004,40.84
2015,7,31,8,30,29.5,12.200000000000001,599,3.3000000000000003,34.36
2015,7,31,9,30,31.3,12.100000000000001,780,3.6,30.92
2015,7,31,10,30,32.7,12.200000000000001,916,3.6,28.66
2015,7,31,11,30,33.800000000000004,12.100000000000001,993,3.4000000000000004,26.8
2015,7,31,12,30,34.4,11.9,1006,3.2,25.55
2015,7,31,13,30,34.800000000000004,11.600000000000001,957,2.9000000000000004,24.47
2015,7,31,14,30,34.7,11.200000000000001,846,2.6,23.96
2015,7,31,15,30,34.300000000000004,10.700000000000001,682,2.3000000000000003,23.79
2015,7,31,16,30,33.4,10.4,482,2,24.5
2015,7,31,17,30,31.700000000000003,10.4,263,1.4000000000000001,26.94
2015,7,31,18,30,29.8,14,65,1,38.22
2015,7,31,19,30,28.6,13.600000000000001,0,1.2000000000000002,39.82
2015,7,31,20,30,27.8,13.200000000000001,0,1.7000000000000002,40.57
2015,7,31,21,30,27.1,13.100000000000001,0,2.3000000000000003,42.11
2015,7,31,22,30,26.3,12.9,0,2.6,43.46
2015,7,31,23,30,25.400000000000002,12.700000000000001,0,2.7,45.21
2015,8,1,0,30,24.5,12.600000000000001,0,2.6,47.61
2015,8,1,1,30,23.6,12.700000000000001,0,2.4000000000000004,50.4
2015,8,1,2,30,22.8,13.100000000000001,0,2,54.230000000000004
2015,8,1,3,30,22,13.600000000000001,0,1.7000000000000002,58.85
2015,8,1,4,30,21.8,14,0,1.5,61.120000000000005
2015,8,1,5,30,23.1,14.4,12,2,57.96
2015,8,1,6,30,25.900000000000002,14.700000000000001,174,2.5,50.08
2015,8,1,7,30,28.6,14.600000000000001,389,2.3000000000000003,42.31
2015,8,1,8,30,30.8,14.200000000000001,598,2.2,36.52
2015,8,1,9,30,32.5,14,779,2.1,32.730000000000004
2015,8,1,10,30,33.7,13.8,913,2,30.23
2015,8,1,11,30,34.7,13.600000000000001,988,2.1,28.080000000000002
2015,8,1,12,30,35.300000000000004,13.200000000000001,1002,2.1,26.55
2015,8,1,13,30,35.6,12.8,950,2,25.43
2015,8,1,14,30,35.6,12.200000000000001,833,1.9000000000000001,24.42
2015,8,1,15,30,35.1,11.5,668,1.9000000000000001,24.04
2015,8,1,16,30,34.300000000000004,11.100000000000001,467,1.9000000000000001,24.42
2015,8,1,17,30,32.7,10.9,251,1.5,26.39
2015,8,1,18,30,30.8,13.4,58,1,34.59
2015,8,1,19,30,29.3,13.700000000000001,0,1.2000000000000002,38.44
2015,8,1,20,30,28.5,13.9,0,1.4000000000000001,40.69
2015,8,1,21,30,27.700000000000003,14.100000000000001,0,1.5,43.21
2015,8,1,22,30,26.900000000000002,14.5,0,1.6,46.59
2015,8,1,23,30,25.900000000000002,15.100000000000001,0,1.6,51.2
2015,8,2,0,30,24.8,15.3,0,1.7000000000000002,55.620000000000005
2015,8,2,1,30,23.900000000000002,15.5,0,1.7000000000000002,59.51
2015,8,2,2,30,23.200000000000003,15.8,0,1.6,63.01
2015,8,2,3,30,22.5,16,0,1.4000000000000001,66.62
2015,8,2,4,30,22.1,16.2,0,1.4000000000000001,69.14
2015,8,2,5,30,23,16.400000000000002,4,2,66.55
2015,8,2,6,30,25.6,16.5,130,2.7,57.24
2015,8,2,7,30,28.3,16,222,2.8000000000000003,47.13
2015,8,2,8,30,30.3,15.200000000000001,594,2.8000000000000003,40.12
2015,8,2,9,30,31.900000000000002,14.9,773,2.7,35.78
2015,8,2,10,30,33,14.8,907,2.7,33.46
2015,8,2,11,30,33.7,14.8,985,2.8000000000000003,32.230000000000004
2015,8,2,12,30,34,14.9,998,3,31.76
2015,8,2,13,30,34,14.9,947,3,31.740000000000002
2015,8,2,14,30,33.9,14.700000000000001,837,3,31.54
2015,8,2,15,30,33.5,14.3,656,2.8000000000000003,31.52
2015,8,2,16,30,32.6,13.9,403,2.6,32.33
2015,8,2,17,30,30.8,14,183,1.8,35.97
2015,8,2,18,30,28.5,16.8,28,1.2000000000000002,49.01
2015,8,2,19,30,27,16.400000000000002,0,1.2000000000000002,52.32
2015,8,2,20,30,26,15.9,0,1.2000000000000002,53.86
2015,8,2,21,30,25.1,15.700000000000001,0,1.3,55.9
2015,8,2,22,30,24.3,15.600000000000001,0,1.2000000000000002,58.51
2015,8,2,23,30,23.700000000000003,15.700000000000001,0,1.1,60.730000000000004
2015,8,3,0,30,23.1,15.700000000000001,0,1,62.910000000000004
2015,8,3,1,30,22.6,15.8,0,0.8,65.37
2015,8,3,2,30,22.200000000000003,15.8,0,0.7000000000000001,67.27
2015,8,3,3,30,21.700000000000003,15.9,0,0.7000000000000001,69.59
2015,8,3,4,30,21.400000000000002,16.1,0,0.9,71.69
2015,8,3,5,30,22.200000000000003,16.3,0,1.5,69.26
2015,8,3,6,30,24.1,16.400000000000002,169,2.3000000000000003,62.11
2015,8,3,7,30,26.200000000000003,16.3,295,2.7,54.4
2015,8,3,8,30,28,16,488,2.7,48.02
2015,8,3,9,30,29.400000000000002,15.600000000000001,576,2.4000000000000004,43.32
2015,8,3,10,30,30.5,15.3,899,2.1,39.910000000000004
2015,8,3,11,30,31.3,15.100000000000001,975,1.8,37.54
2015,8,3,12,30,31.900000000000002,14.9,988,1.6,35.72
2015,8,3,13,30,32,14.600000000000001,937,1.6,35.03
2015,8,3,14,30,31.900000000000002,14.4,826,1.7000000000000002,34.61
2015,8,3,15,30,31.700000000000003,14,152,2,34.08
2015,8,3,16,30,31,13.600000000000001,375,2.1,34.57
2015,8,3,17,30,29.3,13.700000000000001,195,1.8,38.51
2015,8,3,18,30,27.400000000000002,15.4,35,1.7000000000000002,48.02
2015,8,3,19,30,26.200000000000003,15,0,2,50.26
2015,8,3,20,30,25.400000000000002,14.8,0,2.4000000000000004,51.910000000000004
2015,8,3,21,30,24.6,15,0,2.4000000000000004,55.01
2015,8,3,22,30,23.700000000000003,15.3,0,2,59.2
2015,8,3,23,30,22.8,15.5,0,1.5,63.64
2015,8,4,0,30,22,15.8,0,1.1,67.91
2015,8,4,1,30,21.3,16,0,0.9,72
2015,8,4,2,30,20.900000000000002,16.3,0,0.9,74.97
2015,8,4,3,30,20.5,16.5,0,0.9,77.76
2015,8,4,4,30,20.5,16.7,0,1.1,78.64
2015,8,4,5,30,21.200000000000003,16.8,0,1.7000000000000002,75.86
2015,8,4,6,30,23.200000000000003,16.7,171,2.3000000000000003,66.99
2015,8,4,7,30,26,15.5,388,2.5,52.26
2015,8,4,8,30,28.5,14.100000000000001,601,2.4000000000000004,41.300000000000004
2015,8,4,9,30,30.700000000000003,13.4,782,2.1,34.7
2015,8,4,10,30,32.4,13.100000000000001,920,1.8,30.89
2015,8,4,11,30,33.7,12.8,996,1.7000000000000002,28.310000000000002
2015,8,4,12,30,34.7,12.600000000000001,1012,1.6,26.36
2015,8,4,13,30,35.300000000000004,12.3,962,1.7000000000000002,25.05
2015,8,4,14,30,35.6,12,851,1.7000000000000002,24.1
2015,8,4,15,30,35.5,11.5,685,1.8,23.44
2015,8,4,16,30,34.800000000000004,11,483,1.6,23.54
2015,8,4,17,30,32.800000000000004,10.700000000000001,263,1.2000000000000002,25.900000000000002
2015,8,4,18,30,30.400000000000002,13.9,61,0.9,36.45
2015,8,4,19,30,29.200000000000003,12.700000000000001,0,0.9,36.2
2015,8,4,20,30,28.700000000000003,12.200000000000001,0,0.9,36.13
2015,8,4,21,30,28.3,11.9,0,0.9,36.17
2015,8,4,22,30,28,11.600000000000001,0,0.8,36.22
2015,8,4,23,30,27.5,11.5,0,0.7000000000000001,36.86
2015,8,5,0,30,26.8,11.3,0,0.6000000000000001,37.980000000000004
2015,8,5,1,30,25.900000000000002,11.4,0,0.7000000000000001,40.38
2015,8,5,2,30,24.900000000000002,11.5,0,0.9,43.17
2015,8,5,3,30,24,11.700000000000001,0,1,46.01
2015,8,5,4,30,23.3,11.700000000000001,0,1,48.2
2015,8,5,5,30,24.200000000000003,11.9,0,1.2000000000000002,46.14
2015,8,5,6,30,26.900000000000002,11.9,174,1.6,39.26
2015,8,5,7,30,30.6,11.3,295,1.7000000000000002,30.560000000000002
2015,8,5,8,30,33.800000000000004,10.8,606,1.4000000000000001,24.650000000000002
2015,8,5,9,30,35.6,10.5,789,1.1,21.79
2015,8,5,10,30,36.9,10.200000000000001,718,0.9,19.87
2015,8,5,11,30,37.800000000000004,9.9,1003,0.9,18.53
2015,8,5,12,30,38.400000000000006,9.5,1016,0.9,17.56
2015,8,5,13,30,38.6,9.1,963,0.9,16.9
2015,8,5,14,30,38.5,8.700000000000001,849,0.9,16.47
2015,8,5,15,30,38,8.3,683,0.8,16.47
2015,8,5,16,30,37.1,7.9,480,0.7000000000000001,16.84
2015,8,5,17,30,35.300000000000004,7.9,259,0.6000000000000001,18.59
2015,8,5,18,30,33.1,11.5,58,0.6000000000000001,26.85
2015,8,5,19,30,31.5,10.8,0,0.8,27.990000000000002
2015,8,5,20,30,30.3,10.9,0,0.9,30.17
2015,8,5,21,30,29.200000000000003,10.8,0,1,32.02
2015,8,5,22,30,28.1,11.100000000000001,0,1,34.800000000000004
2015,8,5,23,30,27.1,11.700000000000001,0,1.1,38.410000000000004
2015,8,6,0,30,26.200000000000003,12.3,0,1.2000000000000002,42.09
2015,8,6,1,30,25.6,12.5,0,1.5,44.24
2015,8,6,2,30,25,12.4,0,1.8,45.43
2015,8,6,3,30,24.3,12.3,0,1.8,47.24
2015,8,6,4,30,23.900000000000002,12.5,0,1.6,48.730000000000004
2015,8,6,5,30,24.8,12.700000000000001,0,2,46.81
2015,8,6,6,30,27.400000000000002,12.700000000000001,167,2.4000000000000004,40.36
2015,8,6,7,30,30.8,12.5,384,2.3000000000000003,32.72
2015,8,6,8,30,33.9,11.600000000000001,595,2,25.75
2015,8,6,9,30,35.9,11,574,1.5,22.240000000000002
2015,8,6,10,30,37.4,10.9,754,1.1,20.37
2015,8,6,11,30,38.400000000000006,11,986,1.1,19.42
2015,8,6,12,30,38.900000000000006,11.3,861,1.2000000000000002,19.22
2015,8,6,13,30,39,11.5,943,1.3,19.330000000000002
2015,8,6,14,30,38.7,11.3,832,1.3,19.47
2015,8,6,15,30,38.2,11.100000000000001,667,1.4000000000000001,19.67
2015,8,6,16,30,37.300000000000004,10.9,465,1.4000000000000001,20.45
2015,8,6,17,30,35.4,11,247,1.1,22.82
2015,8,6,18,30,33.4,14.5,52,0.9,32.08
2015,8,6,19,30,32,14.100000000000001,0,1.2000000000000002,33.86
2015,8,6,20,30,30.900000000000002,14.100000000000001,0,1.5,35.96
2015,8,6,21,30,29.900000000000002,14.100000000000001,0,1.8,38.1
2015,8,6,22,30,28.900000000000002,14,0,1.9000000000000001,40.13
2015,8,6,23,30,28,14,0,1.9000000000000001,42.34
2015,8,7,0,30,27.1,14,0,1.7000000000000002,44.67
2015,8,7,1,30,26.1,14.100000000000001,0,1.6,47.52
2015,8,7,2,30,25.1,14.3,0,1.5,51
2015,8,7,3,30,24.200000000000003,14.3,0,1.4000000000000001,53.85
2015,8,7,4,30,23.700000000000003,14.100000000000001,0,1.4000000000000001,54.92
2015,8,7,5,30,24.5,13.9,0,1.8,51.620000000000005
2015,8,7,6,30,27.200000000000003,13.200000000000001,168,2.1,42.18
2015,8,7,7,30,30.5,11.700000000000001,388,2.1,31.53
2015,8,7,8,30,33.1,11.600000000000001,602,1.8,26.990000000000002
2015,8,7,9,30,35,11.9,785,1.5,24.84
2015,8,7,10,30,36.4,12.100000000000001,919,1.3,23.2
2015,8,7,11,30,37.4,12.100000000000001,995,1.4000000000000001,21.94
2015,8,7,12,30,38,12,1005,1.7000000000000002,21.2
2015,8,7,13,30,38.300000000000004,12,950,2.2,20.81
2015,8,7,14,30,38.2,11.700000000000001,817,2.7,20.45
2015,8,7,15,30,37.5,11,251,3.3000000000000003,20.34
2015,8,7,16,30,36,10.700000000000001,460,4.1000000000000005,21.650000000000002
2015,8,7,17,30,33.9,11.100000000000001,11,4.7,24.93
2015,8,7,18,30,31.6,12.5,31,4.800000000000001,31.09
2015,8,7,19,30,29.6,13,0,4.4,36.11
2015,8,7,20,30,28.200000000000003,13.3,0,3.8000000000000003,39.9
2015,8,7,21,30,27,13.8,0,3.3000000000000003,44.15
2015,8,7,22,30,26.200000000000003,14.3,0,3.1,47.910000000000004
2015,8,7,23,30,25.400000000000002,14.8,0,3.1,51.92
2015,8,8,0,30,24.8,15.200000000000001,0,3.3000000000000003,55.26
2015,8,8,1,30,24.3,15.5,0,3.3000000000000003,57.99
2015,8,8,2,30,23.900000000000002,15.600000000000001,0,2.9000000000000004,59.88
2015,8,8,3,30,23.400000000000002,15.700000000000001,0,2.4000000000000004,61.910000000000004
2015,8,8,4,30,23.1,15.8,0,2.1,63.51
2015,8,8,5,30,23.700000000000003,16,0,2.5,61.940000000000005
2015,8,8,6,30,25.6,16,159,2.9000000000000004,55.53
2015,8,8,7,30,28.1,15.600000000000001,235,3,46.71
2015,8,8,8,30,30.6,15,379,2.8000000000000003,38.76
2015,8,8,9,30,32.6,14.3,648,2.5,33.08
2015,8,8,10,30,34,13.9,432,2.5,29.77
2015,8,8,11,30,34.800000000000004,13.600000000000001,970,2.9000000000000004,28.05
2015,8,8,12,30,35.1,13.600000000000001,981,3.5,27.490000000000002
2015,8,8,13,30,34.800000000000004,13.700000000000001,926,3.9000000000000004,28.09
2015,8,8,14,30,34.1,13.8,813,4.2,29.400000000000002
2015,8,8,15,30,33.300000000000004,13.700000000000001,649,4.4,30.63
2015,8,8,16,30,32.1,13.700000000000001,449,4.5,32.74
2015,8,8,17,30,30.5,13.8,235,4.2,36.050000000000004
2015,8,8,18,30,28.900000000000002,14.200000000000001,29,3.6,40.77
2015,8,8,19,30,27.6,14.9,0,3,45.75
2015,8,8,20,30,26.8,15.200000000000001,0,2.2,48.88
2015,8,8,21,30,26.1,15.3,0,1.5,51.46
2015,8,8,22,30,25.5,15.4,0,1,53.6
2015,8,8,23,30,24.900000000000002,15.4,0,0.8,55.71
2015,8,9,0,30,24.400000000000002,15.5,0,0.7000000000000001,57.78
2015,8,9,1,30,23.900000000000002,15.700000000000001,0,0.7000000000000001,60.06
2015,8,9,2,30,23.5,15.8,0,0.6000000000000001,62.07
2015,8,9,3,30,23.200000000000003,16,0,0.6000000000000001,63.92
2015,8,9,4,30,23.1,16.3,0,0.7000000000000001,65.63
2015,8,9,5,30,23.700000000000003,16.6,0,1.1,64.35
2015,8,9,6,30,25.5,16.6,114,1.5,57.77
2015,8,9,7,30,27.900000000000002,16.1,315,1.4000000000000001,48.7
2015,8,9,8,30,30,15.600000000000001,381,1.2000000000000002,41.78
2015,8,9,9,30,31.700000000000003,15.3,641,1.1,37.18
2015,8,9,10,30,33,15.100000000000001,900,1,34.04
2015,8,9,11,30,34,14.9,977,1.2000000000000002,31.77
2015,8,9,12,30,34.7,14.700000000000001,989,1.4000000000000001,30.22
2015,8,9,13,30,35,14.5,938,1.6,29.400000000000002
2015,8,9,14,30,35,14.100000000000001,825,1.7000000000000002,28.54
2015,8,9,15,30,34.7,13.4,660,1.7000000000000002,27.810000000000002
2015,8,9,16,30,34.1,12.8,458,1.7000000000000002,27.7
2015,8,9,17,30,32.5,12.5,8,1.4000000000000001,29.61
2015,8,9,18,30,30.3,14.700000000000001,31,1.1,38.76
2015,8,9,19,30,28.900000000000002,14.100000000000001,0,1.3,40.44
2015,8,9,20,30,27.700000000000003,14,0,1.4000000000000001,42.93
2015,8,9,21,30,26.6,14.3,0,1.4000000000000001,46.83
2015,8,9,22,30,25.700000000000003,14.600000000000001,0,1.3,50.43
2015,8,9,23,30,24.8,15,0,1.4000000000000001,54.58
2015,8,10,0,30,24.1,15.4,0,1.8,58.15
2015,8,10,1,30,23.5,15.8,0,2.5,61.9
2015,8,10,2,30,23,16.3,0,2.8000000000000003,65.96000000000001
2015,8,10,3,30,22.6,16.7,0,2.4000000000000004,69.46000000000001
2015,8,10,4,30,22.1,17,0,2.2,72.78
2015,8,10,5,30,22.200000000000003,17.1,0,2.6,73.07000000000001
2015,8,10,6,30,23.3,17.2,127,3.2,68.43
2015,8,10,7,30,25.1,16.8,237,3.1,59.910000000000004
2015,8,10,8,30,27.400000000000002,16,555,2.1,49.800000000000004
2015,8,10,9,30,29.8,15.100000000000001,774,1.1,40.800000000000004
2015,8,10,10,30,32.1,14.100000000000001,914,1,33.52
2015,8,10,11,30,34.1,13.100000000000001,994,1.4000000000000001,28.14
2015,8,10,12,30,35.5,12.4,1009,1.8,24.94
2015,8,10,13,30,36.300000000000004,11.9,956,2,22.98
2015,8,10,14,30,36.4,11.4,837,2,22.16
2015,8,10,15,30,36,11.200000000000001,666,2.1,22.400000000000002
2015,8,10,16,30,35,11.200000000000001,457,2,23.650000000000002
2015,8,10,17,30,33.1,11.600000000000001,234,1.5,26.95
2015,8,10,18,30,31,14.700000000000001,42,1.2000000000000002,37.25
2015,8,10,19,30,29.700000000000003,14.5,0,1.4000000000000001,39.660000000000004
2015,8,10,20,30,28.6,13.9,0,1.6,40.64
2015,8,10,21,30,27.400000000000002,13.4,0,1.8,42.09
2015,8,10,22,30,26.400000000000002,13,0,2.2,43.37
2015,8,10,23,30,25.700000000000003,12.3,0,2.7,43.230000000000004
2015,8,11,0,30,25.3,11.8,0,3.1,42.92
2015,8,11,1,30,24.700000000000003,11.700000000000001,0,3.2,44.25
2015,8,11,2,30,24.1,12.100000000000001,0,3.2,47.1
2015,8,11,3,30,23.400000000000002,12.600000000000001,0,3.6,50.6
2015,8,11,4,30,22.700000000000003,12.9,0,3.9000000000000004,53.92
2015,8,11,5,30,22.900000000000002,13.200000000000001,0,4.5,54.17
2015,8,11,6,30,24.900000000000002,13.5,157,4.9,49
2015,8,11,7,30,27.400000000000002,13.9,377,5,43.47
2015,8,11,8,30,29.6,13.4,592,5,37.14
2015,8,11,9,30,31.5,12.9,778,5.1000000000000005,32.17
2015,8,11,10,30,33.2,12.3,918,5.1000000000000005,28.14
2015,8,11,11,30,34.4,11.700000000000001,998,5.1000000000000005,25.27
2015,8,11,12,30,35.300000000000004,11.100000000000001,1010,4.9,23.13
2015,8,11,13,30,35.800000000000004,10.600000000000001,957,4.800000000000001,21.73
2015,8,11,14,30,35.800000000000004,10,840,4.7,20.86
2015,8,11,15,30,35.4,9.3,671,4.7,20.37
2015,8,11,16,30,34.5,8.8,463,4.5,20.71
2015,8,11,17,30,32.2,8.6,240,3.4000000000000004,23.16
2015,8,11,18,30,29.6,9.9,43,2.6,29.490000000000002
2015,8,11,19,30,28.200000000000003,9.700000000000001,0,3.2,31.52
2015,8,11,20,30,27.5,9,0,4,31.19
2015,8,11,21,30,26.6,8.5,0,4.4,31.89
2015,8,11,22,30,25.6,8.3,0,4.3,33.31
2015,8,11,23,30,24.700000000000003,8.3,0,3.8000000000000003,35.300000000000004
2015,8,12,0,30,23.900000000000002,8.6,0,3.4000000000000004,37.800000000000004
2015,8,12,1,30,23.1,9,0,3,40.77
2015,8,12,2,30,22.400000000000002,9.5,0,2.6,43.85
2015,8,12,3,30,21.700000000000003,9.9,0,2.4000000000000004,47.1
2015,8,12,4,30,21.200000000000003,10.4,0,2.1,50.03
2015,8,12,5,30,22.5,10.8,0,2.6,47.53
2015,8,12,6,30,25.6,11.200000000000001,162,3.6,40.49
2015,8,12,7,30,28.700000000000003,11.600000000000001,386,4.3,34.65
2015,8,12,8,30,31.1,10.9,604,4.7,28.78
2015,8,12,9,30,33,9.5,791,4.800000000000001,23.67
2015,8,12,10,30,34.5,8.6,928,4.7,20.400000000000002
2015,8,12,11,30,35.6,8.1,1002,4.6000000000000005,18.63
2015,8,12,12,30,36.300000000000004,8.1,1012,4.3,17.87
2015,8,12,13,30,36.6,8.200000000000001,955,4.1000000000000005,17.75
2015,8,12,14,30,36.6,8.200000000000001,835,3.8000000000000003,17.75
2015,8,12,15,30,36.2,8,665,3.4000000000000004,17.87
2015,8,12,16,30,35.2,7.800000000000001,457,2.9000000000000004,18.55
2015,8,12,17,30,32.800000000000004,8,233,1.9000000000000001,21.51
2015,8,12,18,30,30.3,11.3,39,1.2000000000000002,30.92
2015,8,12,19,30,29.1,10.700000000000001,0,1.5,32.04
2015,8,12,20,30,28.400000000000002,10.5,0,1.9000000000000001,32.83
2015,8,12,21,30,27.8,10.700000000000001,0,2.5,34.53
2015,8,12,22,30,27.400000000000002,11,0,2.9000000000000004,36.06
2015,8,12,23,30,27,11.3,0,3.2,37.69
2015,8,13,0,30,26.5,11.8,0,3.3000000000000003,40.050000000000004
2015,8,13,1,30,25.700000000000003,12.4,0,3,43.47
2015,8,13,2,30,24.900000000000002,12.9,0,2.5,47.2
2015,8,13,3,30,24.200000000000003,13.3,0,2.1,50.58
2015,8,13,4,30,23.700000000000003,13.5,0,1.9000000000000001,52.94
2015,8,13,5,30,24.700000000000003,13.700000000000001,0,2.4000000000000004,50.4
2015,8,13,6,30,27.1,13.8,91,3.4000000000000004,43.99
2015,8,13,7,30,29.700000000000003,13.600000000000001,357,3.6,37.24
2015,8,13,8,30,31.900000000000002,13.3,568,3.3000000000000003,32.26
2015,8,13,9,30,33.6,12.9,752,2.7,28.580000000000002
2015,8,13,10,30,34.9,12.5,889,2.2,25.85
2015,8,13,11,30,35.9,12,930,2.1,23.79
2015,8,13,12,30,36.6,11.600000000000001,850,2,22.240000000000002
2015,8,13,13,30,37,11.100000000000001,926,1.8,21.09
2015,8,13,14,30,36.9,10.8,809,1.6,20.72
2015,8,13,15,30,36.4,10.700000000000001,641,1.4000000000000001,21.17
2015,8,13,16,30,35.5,10.8,436,1.2000000000000002,22.330000000000002
2015,8,13,17,30,33.9,11,169,0.8,24.810000000000002
2015,8,13,18,30,32.4,13.4,24,0.5,31.51
2015,8,13,19,30,31.6,13.100000000000001,0,0.5,32.32
2015,8,13,20,30,30.700000000000003,13.200000000000001,0,0.7000000000000001,34.4
2015,8,13,21,30,29.700000000000003,13.200000000000001,0,0.8,36.43
2015,8,13,22,30,28.8,13.3,0,0.9,38.46
2015,8,13,23,30,28,13.3,0,1,40.28
2015,8,14,0,30,27.3,13.200000000000001,0,1.1,41.72
2015,8,14,1,30,26.5,13.100000000000001,0,1.2000000000000002,43.52
2015,8,14,2,30,25.8,13.100000000000001,0,1.3,45.45
2015,8,14,3,30,25,13.200000000000001,0,1.3,47.82
2015,8,14,4,30,24.5,13.200000000000001,0,1.2000000000000002,49.42
2015,8,14,5,30,25.400000000000002,13.3,0,1.5,47.160000000000004
2015,8,14,6,30,28.1,13.200000000000001,148,1.8,39.87
2015,8,14,7,30,31.3,12.700000000000001,363,1.5,32.22
2015,8,14,8,30,33.9,12.5,578,1,27.34
2015,8,14,9,30,35.6,12.3,762,0.9,24.55
2015,8,14,10,30,36.9,12,899,1.2000000000000002,22.39
2015,8,14,11,30,37.9,11.700000000000001,976,1.6,20.8
2015,8,14,12,30,38.5,11.4,987,1.8,19.740000000000002
2015,8,14,13,30,38.6,11,929,1.9000000000000001,19.18
2015,8,14,14,30,38.5,10.5,801,1.9000000000000001,18.67
2015,8,14,15,30,38,10,641,2,18.56
2015,8,14,16,30,36.9,9.700000000000001,434,2.2,19.22
2015,8,14,17,30,34.800000000000004,9.9,215,2.5,21.96
2015,8,14,18,30,32.2,12.100000000000001,32,3.8000000000000003,29.41
2015,8,14,19,30,30,12.3,0,5.5,33.62
2015,8,14,20,30,28,13.100000000000001,0,6,39.95
2015,8,14,21,30,26.8,13.700000000000001,0,5.4,44.39
2015,8,14,22,30,26.200000000000003,13.700000000000001,0,4.7,46.19
2015,8,14,23,30,26,13.700000000000001,0,4.3,46.54
2015,8,15,0,30,25.8,13.600000000000001,0,4.1000000000000005,46.95
2015,8,15,1,30,25.700000000000003,13.3,0,3.6,46.1
2015,8,15,2,30,25.5,13.200000000000001,0,2.8000000000000003,46.38
2015,8,15,3,30,25.200000000000003,13.4,0,1.9000000000000001,48.050000000000004
2015,8,15,4,30,24.8,13.700000000000001,0,1.2000000000000002,50.15
2015,8,15,5,30,25.400000000000002,14.200000000000001,0,1.2000000000000002,49.77
2015,8,15,6,30,27.200000000000003,14.4,141,1.2000000000000002,45.47
2015,8,15,7,30,29.400000000000002,14.600000000000001,260,1,40.51
2015,8,15,8,30,31.3,14.200000000000001,438,1,35.4
2015,8,15,9,30,32.5,13.8,653,1.6,32.17
2015,8,15,10,30,33,13.8,870,2.3000000000000003,31.36
2015,8,15,11,30,33,14.100000000000001,936,2.9000000000000004,32.01
2015,8,15,12,30,32.7,14.600000000000001,946,3.2,33.51
2015,8,15,13,30,32.6,14.9,893,3.1,34.46
2015,8,15,14,30,32.800000000000004,14.700000000000001,783,2.6,33.68
2015,8,15,15,30,32.9,14,622,2,31.95
2015,8,15,16,30,32.800000000000004,13.200000000000001,421,1.2000000000000002,30.400000000000002
2015,8,15,17,30,31.900000000000002,13.200000000000001,115,0.8,32.05
2015,8,15,18,30,30.6,14.4,23,0.9,37.28
2015,8,15,19,30,29.1,14,0,1.3,39.7
2015,8,15,20,30,27.900000000000002,14.5,0,1.7000000000000002,43.99
2015,8,15,21,30,27.200000000000003,15.4,0,1.8,48.57
2015,8,15,22,30,26.700000000000003,16.2,0,1.4000000000000001,52.43
2015,8,15,23,30,26.200000000000003,16.400000000000002,0,1,54.96
2015,8,16,0,30,25.8,16.3,0,0.8,55.88
2015,8,16,1,30,25.5,16.2,0,0.8,56.35
2015,8,16,2,30,25.1,16.2,0,0.7000000000000001,57.77
2015,8,16,3,30,24.6,16.2,0,0.6000000000000001,59.660000000000004
2015,8,16,4,30,24.1,16.3,0,0.8,61.7
2015,8,16,5,30,24.3,16.3,0,1.4000000000000001,60.9
2015,8,16,6,30,25.8,16.5,116,1.9000000000000001,56.39
2015,8,16,7,30,27.900000000000002,16.5,211,1.6,49.82
2015,8,16,8,30,29.8,16.1,410,1.1,43.69
2015,8,16,9,30,31.200000000000003,15.700000000000001,376,1,39.31
2015,8,16,10,30,31.8,15.600000000000001,680,1.1,37.63
2015,8,16,11,30,31.900000000000002,15.600000000000001,737,1.2000000000000002,37.45
2015,8,16,12,30,31.900000000000002,15.600000000000001,958,1.4000000000000001,37.410000000000004
2015,8,16,13,30,31.900000000000002,15.5,907,1.7000000000000002,37.19
2015,8,16,14,30,32,15.3,802,2,36.53
2015,8,16,15,30,31.8,15,639,2.4000000000000004,36.300000000000004
2015,8,16,16,30,31.3,14.700000000000001,438,2.5,36.58
2015,8,16,17,30,29.900000000000002,14.8,220,1.9000000000000001,39.93
2015,8,16,18,30,28.3,15.8,18,1.3,46.75
2015,8,16,19,30,27.3,15.8,0,1.3,49.44
2015,8,16,20,30,26.3,15.9,0,1.5,52.93
2015,8,16,21,30,25.3,16.400000000000002,0,1.6,57.92
2015,8,16,22,30,24.5,16.8,0,1.6,62.34
2015,8,16,23,30,23.8,17.1,0,1.7000000000000002,66.04
2015,8,17,0,30,23.1,17.3,0,1.6,69.66
2015,8,17,1,30,22.5,17.400000000000002,0,1.4000000000000001,72.99
2015,8,17,2,30,22,17.5,0,1,75.65
2015,8,17,3,30,21.6,17.6,0,0.8,77.77
2015,8,17,4,30,21.3,17.6,0,0.8,79.64
2015,8,17,5,30,22,17.8,0,1.3,76.93
2015,8,17,6,30,24.5,17.900000000000002,111,1.8,66.51
2015,8,17,7,30,27.400000000000002,17.3,361,1.8,54.160000000000004
2015,8,17,8,30,29.8,16.2,573,1.7000000000000002,43.92
2015,8,17,9,30,31.6,15.200000000000001,754,1.8,37.14
2015,8,17,10,30,33.1,14.5,889,2,32.64
2015,8,17,11,30,34.2,14,959,2,29.740000000000002
2015,8,17,12,30,35.1,13.700000000000001,973,2,27.79
2015,8,17,13,30,35.7,13.5,920,2.2,26.54
2015,8,17,14,30,35.800000000000004,13.3,802,2.4000000000000004,26.02
2015,8,17,15,30,35.5,13.100000000000001,635,2.7,26.07
2015,8,17,16,30,34.6,12.8,431,2.7,26.87
2015,8,17,17,30,32.5,12.600000000000001,132,1.9000000000000001,29.88
2015,8,17,18,30,30.3,14.3,17,1.1,37.82
2015,8,17,19,30,29.3,14.200000000000001,0,1,39.84
2015,8,17,20,30,28.3,14.3,0,1.2000000000000002,42.26
2015,8,17,21,30,27.200000000000003,14.700000000000001,0,1.6,46.26
2015,8,17,22,30,26.3,15.200000000000001,0,1.9000000000000001,50.36
2015,8,17,23,30,25.700000000000003,15.8,0,2.2,54.34
2015,8,18,0,30,25.200000000000003,16.3,0,2.8000000000000003,57.95
2015,8,18,1,30,24.700000000000003,16.900000000000002,0,3.2,61.81
2015,8,18,2,30,24.1,17.400000000000002,0,3.1,66.28
2015,8,18,3,30,23.6,17.8,0,2.7,70.09
2015,8,18,4,30,23.3,18.1,0,2.4000000000000004,72.60000000000001
2015,8,18,5,30,24.1,18.2,0,3,69.42
2015,8,18,6,30,26.6,17.900000000000002,141,4,58.84
2015,8,18,7,30,29.5,15.5,359,4.1000000000000005,42.77
2015,8,18,8,30,32.2,13.100000000000001,576,3.8000000000000003,31.36
2015,8,18,9,30,34.4,11.3,762,3.6,24.6
2015,8,18,10,30,36.300000000000004,9.8,902,3.5,20.11
2015,8,18,11,30,37.6,8.9,978,3.5,17.580000000000002
2015,8,18,12,30,38.400000000000006,8.5,987,3.7,16.38
2015,8,18,13,30,38.7,8.6,931,4,16.19
2015,8,18,14,30,38.5,8.8,738,4.3,16.6
2015,8,18,15,30,37.800000000000004,8.8,299,4.5,17.3
2015,8,18,16,30,36.5,9,185,4.5,18.76
2015,8,18,17,30,34,9.4,91,3.6,22.12
2015,8,18,18,30,31.400000000000002,10.700000000000001,17,2.8000000000000003,27.94
2015,8,18,19,30,30.200000000000003,10.9,0,3.2,30.37
2015,8,18,20,30,29.700000000000003,10.9,0,3.9000000000000004,31.19
2015,8,18,21,30,29.200000000000003,10.9,0,4.5,32.230000000000004
2015,8,18,22,30,28.3,11.3,0,4.5,34.92
2015,8,18,23,30,27.3,11.8,0,4.3,38.1
2015,8,19,0,30,26.400000000000002,11.9,0,4.1000000000000005,40.53
2015,8,19,1,30,25.400000000000002,11.8,0,3.8000000000000003,42.64
2015,8,19,2,30,24.400000000000002,11.600000000000001,0,3.7,44.68
2015,8,19,3,30,23.5,11.5,0,3.6,46.89
2015,8,19,4,30,22.6,11.5,0,3.3000000000000003,49.42
2015,8,19,5,30,23,11.4,0,3.4000000000000004,48.07
2015,8,19,6,30,25.3,11.3,146,3.6,41.64
2015,8,19,7,30,28.400000000000002,10.3,369,3.3000000000000003,32.28
2015,8,19,8,30,31.400000000000002,8.6,589,2.9000000000000004,24.36
2015,8,19,9,30,33.6,7.2,777,2.7,19.47
2015,8,19,10,30,35.300000000000004,6,914,2.5,16.39
2015,8,19,11,30,36.4,5.4,991,2.2,14.74
2015,8,19,12,30,37.1,5,1002,1.9000000000000001,13.8
2015,8,19,13,30,37.4,4.7,943,1.6,13.35
2015,8,19,14,30,37.2,4.7,822,1.2000000000000002,13.42
2015,8,19,15,30,36.6,4.7,648,1.1,13.91
2015,8,19,16,30,35.4,4.9,436,1.5,15.09
2015,8,19,17,30,32.7,6.2,210,2,19.12
2015,8,19,18,30,29.700000000000003,9.200000000000001,24,3.2,27.89
2015,8,19,19,30,27.900000000000002,9.9,0,4.5,32.37
2015,8,19,20,30,26.6,11.100000000000001,0,4.9,37.93
2015,8,19,21,30,25.400000000000002,12.3,0,4.800000000000001,44.230000000000004
2015,8,19,22,30,24.200000000000003,13.700000000000001,0,4.800000000000001,52.08
2015,8,19,23,30,23.200000000000003,15,0,4.5,60.01
2015,8,20,0,30,22.3,15.8,0,4.1000000000000005,66.53
2015,8,20,1,30,21.6,16,0,3.7,70.68
2015,8,20,2,30,21,16.2,0,3.3000000000000003,73.82000000000001
2015,8,20,3,30,20.5,16.3,0,3.1,76.71000000000001
2015,8,20,4,30,20.1,16.3,0,3,79.01
2015,8,20,5,30,20.5,16.400000000000002,0,3.3000000000000003,77.21000000000001
2015,8,20,6,30,22.6,16.6,135,3.5,68.76
2015,8,20,7,30,25.5,17.2,351,2.9000000000000004,60.050000000000004
2015,8,20,8,30,28.3,17.1,567,2.2,50.52
2015,8,20,9,30,30.700000000000003,15.8,753,2.1,40.72
2015,8,20,10,30,32.7,14.600000000000001,891,2.5,33.52
2015,8,20,11,30,34.2,13.600000000000001,970,3,28.990000000000002
2015,8,20,12,30,35.4,12.9,981,3.3000000000000003,25.810000000000002
2015,8,20,13,30,36.2,12.200000000000001,925,3.3000000000000003,23.59
2015,8,20,14,30,36.4,11.4,809,3.1,22.2
2015,8,20,15,30,36.2,10.600000000000001,638,2.7,21.23
2015,8,20,16,30,35.300000000000004,9.8,431,2.3000000000000003,21.240000000000002
2015,8,20,17,30,32.9,9.700000000000001,174,1.6,23.98
2015,8,20,18,30,30.200000000000003,11.700000000000001,13,1.1,32.04
2015,8,20,19,30,28.8,11,0,1.3,33.230000000000004
2015,8,20,20,30,27.900000000000002,10.9,0,1.6,34.67
2015,8,20,21,30,27.200000000000003,11.200000000000001,0,2,36.89
2015,8,20,22,30,26.400000000000002,12,0,2.1,40.86
2015,8,20,23,30,25.6,13,0,1.9000000000000001,45.5
2015,8,21,0,30,24.8,13.700000000000001,0,1.6,50.230000000000004
2015,8,21,1,30,24.1,14.4,0,1.7000000000000002,54.58
2015,8,21,2,30,23.5,15,0,2.4000000000000004,58.74
2015,8,21,3,30,23,15.700000000000001,0,2.9000000000000004,63.300000000000004
2015,8,21,4,30,22.5,16.400000000000002,0,3.2,68.34
2015,8,21,5,30,22.700000000000003,17,0,3.7,70.39
2015,8,21,6,30,24.400000000000002,17.6,111,4.7,65.72
2015,8,21,7,30,27.1,17.3,350,5.2,55.22
2015,8,21,8,30,29.700000000000003,15.8,564,5,43.1
2015,8,21,9,30,31.8,14.3,749,4.6000000000000005,34.67
2015,8,21,10,30,33.5,13.4,886,4.3,29.72
2015,8,21,11,30,34.800000000000004,12.700000000000001,966,4.1000000000000005,26.46
2015,8,21,12,30,35.6,12.200000000000001,977,4.1000000000000005,24.42
2015,8,21,13,30,36,11.8,920,4.1000000000000005,23.330000000000002
2015,8,21,14,30,36,11.5,787,4.1000000000000005,22.830000000000002
2015,8,21,15,30,35.5,11.200000000000001,622,4.2,22.97
2015,8,21,16,30,34.4,11.100000000000001,412,4.2,24.21
2015,8,21,17,30,32.5,11.4,148,3.7,27.55
2015,8,21,18,30,30.6,12.5,13,3.4000000000000004,33.01
2015,8,21,19,30,29.400000000000002,13.100000000000001,0,3.5,36.69
2015,8,21,20,30,28.5,13.600000000000001,0,3.3000000000000003,40.04
2015,8,21,21,30,27.6,14,0,2.8000000000000003,43.410000000000004
2015,8,21,22,30,26.700000000000003,14.3,0,2.3000000000000003,46.62
2015,8,21,23,30,25.700000000000003,14.5,0,1.8,50.04
2015,8,22,0,30,25,14.600000000000001,0,1.5,52.44
2015,8,22,1,30,24.400000000000002,14.700000000000001,0,1.3,54.81
2015,8,22,2,30,23.8,14.8,0,1.4000000000000001,57.14
2015,8,22,3,30,23.200000000000003,14.9,0,1.7000000000000002,59.58
2015,8,22,4,30,22.6,15.100000000000001,0,2,62.46
2015,8,22,5,30,22.6,15.200000000000001,0,2.4000000000000004,63.160000000000004
2015,8,22,6,30,23.5,15.3,59,3,59.93
2015,8,22,7,30,25.400000000000002,14.4,339,3.4000000000000004,50.52
2015,8,22,8,30,27.6,13.4,552,3.4000000000000004,41.72
2015,8,22,9,30,29.5,13.5,735,3.1,37.63
2015,8,22,10,30,30.900000000000002,13.8,763,2.7,35.300000000000004
2015,8,22,11,30,32.1,13.8,775,2.5,32.96
2015,8,22,12,30,33,13.600000000000001,841,2.6,31.02
2015,8,22,13,30,33.4,13.5,907,2.9000000000000004,30.1
2015,8,22,14,30,33.2,13.4,776,3.2,30.19
2015,8,22,15,30,32.6,13.3,611,3.5,31.080000000000002
2015,8,22,16,30,31.6,13.4,146,3.5,33.02
2015,8,22,17,30,29.900000000000002,13.8,116,3.2,37.45
2015,8,22,18,30,28.3,14.8,12,3.4000000000000004,43.800000000000004
2015,8,22,19,30,27.1,15.5,0,4,49.07
2015,8,22,20,30,26.200000000000003,16.1,0,4,53.730000000000004
2015,8,22,21,30,25.400000000000002,16.5,0,3.7,57.800000000000004
2015,8,22,22,30,24.700000000000003,16.7,0,3.2,61
2015,8,22,23,30,24.200000000000003,16.8,0,2.8000000000000003,63.18
2015,8,23,0,30,23.700000000000003,16.8,0,2.5,65.32000000000001
2015,8,23,1,30,23.3,16.900000000000002,0,2.2,67.27
2015,8,23,2,30,22.8,16.900000000000002,0,1.9000000000000001,69.57000000000001
2015,8,23,3,30,22.400000000000002,16.900000000000002,0,1.6,71.3
2015,8,23,4,30,22,16.900000000000002,0,1.4000000000000001,73
2015,8,23,5,30,22.200000000000003,17,0,1.5,72.21000000000001
2015,8,23,6,30,23.5,17,106,1.6,66.96000000000001
2015,8,23,7,30,25.8,16.400000000000002,94,1.4000000000000001,56.27
2015,8,23,8,30,27.8,15.4,422,1.7000000000000002,46.67
2015,8,23,9,30,28.900000000000002,15.3,560,2.2,43.660000000000004
2015,8,23,10,30,29.400000000000002,15.4,871,2.9000000000000004,42.57
2015,8,23,11,30,29.700000000000003,15.3,948,3.6,41.7
2015,8,23,12,30,29.6,15.3,955,4.2,42.04
2015,8,23,13,30,29.400000000000002,15.3,897,4.5,42.33
2015,8,23,14,30,29.3,14.9,782,4.6000000000000005,41.53
2015,8,23,15,30,28.900000000000002,14.4,613,4.3,41.28
2015,8,23,16,30,28,14.3,409,3.7,43.15
2015,8,23,17,30,26.1,15.100000000000001,191,2.7,50.620000000000005
2015,8,23,18,30,24.3,15.600000000000001,16,2.3000000000000003,58.35
2015,8,23,19,30,23.400000000000002,15,0,2.7,59.38
2015,8,23,20,30,22.8,14.8,0,3.3000000000000003,60.550000000000004
2015,8,23,21,30,22.3,15.200000000000001,0,3.7,64.04
2015,8,23,22,30,22.1,15.700000000000001,0,3.9000000000000004,67.22
2015,8,23,23,30,22.1,16.2,0,3.9000000000000004,69.21000000000001
2015,8,24,0,30,22,16.5,0,3.8000000000000003,71.19
2015,8,24,1,30,21.8,16.8,0,3.6,73.22
2015,8,24,2,30,21.200000000000003,17.1,0,3.1,77.56
2015,8,24,3,30,20.5,17.6,0,2.7,83.33
2015,8,24,4,30,19.900000000000002,17.900000000000002,0,2.6,88.39
2015,8,24,5,30,20.1,18.2,0,3.1,88.78
2015,8,24,6,30,21.5,18.3,64,3.6,82.09
2015,8,24,7,30,23.700000000000003,17.5,335,3.4000000000000004,68.12
2015,8,24,8,30,25.8,16.400000000000002,497,2.9000000000000004,56.050000000000004
2015,8,24,9,30,27.3,15.9,567,2.6,49.83
2015,8,24,10,30,28.400000000000002,15.8,857,2.5,46.53
2015,8,24,11,30,29.200000000000003,15.8,926,2.5,44.31
2015,8,24,12,30,29.6,15.700000000000001,936,2.6,42.89
2015,8,24,13,30,29.8,15.4,880,2.7,41.83
2015,8,24,14,30,29.700000000000003,15.100000000000001,766,2.8000000000000003,41.22
2015,8,24,15,30,29.400000000000002,14.9,598,2.7,41.21
2015,8,24,16,30,28.8,14.700000000000001,336,2.1,42.12
2015,8,24,17,30,27.3,15.700000000000001,135,1.3,49.09
2015,8,24,18,30,25.900000000000002,16.3,8,1.1,55.480000000000004
2015,8,24,19,30,25.200000000000003,15.700000000000001,0,1.4000000000000001,55.58
2015,8,24,20,30,24.700000000000003,15.200000000000001,0,1.7000000000000002,55.6
2015,8,24,21,30,24.3,14.9,0,2.1,55.71
2015,8,24,22,30,23.900000000000002,14.600000000000001,0,2.5,56.2
2015,8,24,23,30,23.3,14.5,0,2.7,57.800000000000004
2015,8,25,0,30,22.8,14.5,0,2.8000000000000003,59.300000000000004
2015,8,25,1,30,22.3,14.4,0,2.8000000000000003,61.02
2015,8,25,2,30,22,14.3,0,2.6,61.7
2015,8,25,3,30,21.700000000000003,14.200000000000001,0,2.2,62.230000000000004
2015,8,25,4,30,21.5,14,0,1.9000000000000001,62.33
2015,8,25,5,30,22.400000000000002,13.9,0,2.3000000000000003,58.65
2015,8,25,6,30,24.3,14,116,3.1,52.5
2015,8,25,7,30,26.400000000000002,14,320,3.4000000000000004,46.58
2015,8,25,8,30,28.400000000000002,14.200000000000001,553,3.5,41.82
2015,8,25,9,30,30,14,736,3.6,37.6
2015,8,25,10,30,31.200000000000003,13.4,870,3.7,33.87
2015,8,25,11,30,31.900000000000002,12.8,946,3.6,31.21
2015,8,25,12,30,32.300000000000004,12.3,954,3.3000000000000003,29.66
2015,8,25,13,30,32.5,12.100000000000001,896,3,28.86
2015,8,25,14,30,32.7,12,778,2.6,28.36
2015,8,25,15,30,32.6,11.9,607,2.2,28.37
2015,8,25,16,30,31.900000000000002,11.8,16,1.7000000000000002,29.32
2015,8,25,17,30,30.200000000000003,13,126,1.1,34.78
2015,8,25,18,30,28.200000000000003,14.700000000000001,5,1,43.67
2015,8,25,19,30,27.1,14.100000000000001,0,1.2000000000000002,44.85
2015,8,25,20,30,26.400000000000002,13.8,0,1.7000000000000002,45.7
2015,8,25,21,30,25.900000000000002,13.200000000000001,0,2.5,45.300000000000004
2015,8,25,22,30,25.400000000000002,12.8,0,3.2,45.52
2015,8,25,23,30,25.1,12.700000000000001,0,3.7,46.07
2015,8,26,0,30,24.700000000000003,12.700000000000001,0,3.8000000000000003,47.14
2015,8,26,1,30,24.1,12.600000000000001,0,3.5,48.7
2015,8,26,2,30,23.200000000000003,12.5,0,3,50.89
2015,8,26,3,30,22.400000000000002,12.4,0,2.3000000000000003,53.08
2015,8,26,4,30,21.700000000000003,12.4,0,2,55.5
2015,8,26,5,30,22.3,12.4,0,2.5,53.58
2015,8,26,6,30,24.6,12.5,130,3.2,46.97
2015,8,26,7,30,27.5,12.9,347,3.3000000000000003,40.58
2015,8,26,8,30,30.1,13.5,561,3.2,36.24
2015,8,26,9,30,32,13.4,744,3.2,32.3
2015,8,26,10,30,33.4,13,880,3.4000000000000004,29.13
2015,8,26,11,30,34.300000000000004,12.700000000000001,952,3.6,27.11
2015,8,26,12,30,34.800000000000004,12.4,960,3.6,25.88
2015,8,26,13,30,35,12,901,3.5,24.97
2015,8,26,14,30,34.9,11.600000000000001,775,3.3000000000000003,24.42
2015,8,26,15,30,34.300000000000004,11.100000000000001,606,3,24.330000000000002
2015,8,26,16,30,33.2,10.600000000000001,397,2.4000000000000004,25.04
2015,8,26,17,30,30.900000000000002,11.8,178,1.6,31.02
2015,8,26,18,30,28.5,14.100000000000001,4,1.3,41.300000000000004
2015,8,26,19,30,27.400000000000002,13.600000000000001,0,1.6,42.53
2015,8,26,20,30,26.700000000000003,13.200000000000001,0,2.1,43.25
2015,8,26,21,30,26.1,13,0,2.7,44.24
2015,8,26,22,30,25.5,12.9,0,3.1,45.51
2015,8,26,23,30,24.8,12.9,0,3.3000000000000003,47.47
2015,8,27,0,30,24,13,0,3.1,50.27
2015,8,27,1,30,23.1,13.5,0,2.4000000000000004,54.6
2015,8,27,2,30,22.3,14.3,0,1.6,60.47
2015,8,27,3,30,21.8,15,0,1.2000000000000002,65.48
2015,8,27,4,30,21.6,15.4,0,1,67.86
2015,8,27,5,30,22.400000000000002,15.3,0,1.4000000000000001,64.16
2015,8,27,6,30,24.6,15.3,77,2.1,56.06
2015,8,27,7,30,27.400000000000002,14.3,272,2.4000000000000004,44.7
2015,8,27,8,30,30,13.9,545,2.2,37.38
2015,8,27,9,30,31.900000000000002,14,729,1.8,33.730000000000004
2015,8,27,10,30,33.1,14.200000000000001,727,1.3,31.91
2015,8,27,11,30,33.7,14.200000000000001,841,1,30.87
2015,8,27,12,30,33.7,14,812,0.8,30.48
2015,8,27,13,30,33.300000000000004,13.700000000000001,530,1,30.7
2015,8,27,14,30,32.800000000000004,13.600000000000001,169,1.4000000000000001,31.27
2015,8,27,15,30,32.300000000000004,13.4,267,1.7000000000000002,31.79
2015,8,27,16,30,31.400000000000002,13.4,61,1.7000000000000002,33.38
2015,8,27,17,30,29.900000000000002,14.3,108,1.4000000000000001,38.54
2015,8,27,18,30,28.400000000000002,15.600000000000001,0,1.2000000000000002,45.86
2015,8,27,19,30,27.400000000000002,15.3,0,1.3,47.63
2015,8,27,20,30,26.700000000000003,15,0,1.3,48.77
2015,8,27,21,30,26.1,14.9,0,1.2000000000000002,50.24
2015,8,27,22,30,25.700000000000003,15,0,1,51.58
2015,8,27,23,30,25.400000000000002,15,0,0.9,52.57
2015,8,28,0,30,25.200000000000003,14.9,0,0.7000000000000001,52.910000000000004
2015,8,28,1,30,24.700000000000003,14.8,0,0.6000000000000001,54.160000000000004
2015,8,28,2,30,24.1,14.8,0,0.6000000000000001,56.08
2015,8,28,3,30,23.6,14.700000000000001,0,0.6000000000000001,57.47
2015,8,28,4,30,23.200000000000003,14.700000000000001,0,0.7000000000000001,58.980000000000004
2015,8,28,5,30,23.400000000000002,14.8,0,0.8,58.56
2015,8,28,6,30,24.700000000000003,15.100000000000001,120,1,54.99
2015,8,28,7,30,26.700000000000003,14.8,270,1.2000000000000002,48.02
2015,8,28,8,30,29,14.5,546,1.2000000000000002,41.15
2015,8,28,9,30,30.900000000000002,14.3,729,0.9,36.53
2015,8,28,10,30,32.5,14.200000000000001,843,0.7000000000000001,33.15
2015,8,28,11,30,33.5,14,940,0.7000000000000001,30.900000000000002
2015,8,28,12,30,34,13.700000000000001,877,0.8,29.43
2015,8,28,13,30,34.2,13.3,864,0.9,28.44
2015,8,28,14,30,34,12.9,761,1,27.86
2015,8,28,15,30,33.6,12.4,589,1,27.72
2015,8,28,16,30,32.7,12.3,148,0.9,28.82
2015,8,28,17,30,31.1,14,94,0.7000000000000001,35.33
2015,8,28,18,30,29.5,16.2,0,0.7000000000000001,44.63
2015,8,28,19,30,28.6,15.600000000000001,0,0.7000000000000001,45.39
2015,8,28,20,30,27.8,15.3,0,0.7000000000000001,46.54
2015,8,28,21,30,26.8,15,0,0.8,48.52
2015,8,28,22,30,25.400000000000002,15.200000000000001,0,1.2000000000000002,53.38
2015,8,28,23,30,24.200000000000003,15,0,1.9000000000000001,56.6
2015,8,29,0,30,23,15.100000000000001,0,2.5,61.17
2015,8,29,1,30,21.8,15.700000000000001,0,2.2,68.44
2015,8,29,2,30,20.900000000000002,16.3,0,1.3,74.95
2015,8,29,3,30,20.3,16.6,0,0.9,79.33
2015,8,29,4,30,19.900000000000002,16.7,0,1,82.01
2015,8,29,5,30,20.700000000000003,16.8,0,1.8,78.16
2015,8,29,6,30,23.1,16.7,122,2.5,67.29
2015,8,29,7,30,26.1,16,339,2.6,53.79
2015,8,29,8,30,28.5,14.4,554,2.8000000000000003,42.24
2015,8,29,9,30,30.3,13.3,737,3,35.44
2015,8,29,10,30,31.700000000000003,12.8,872,3,31.61
2015,8,29,11,30,32.7,12.600000000000001,954,3.2,29.45
2015,8,29,12,30,33.2,12.5,962,3.6,28.5
2015,8,29,13,30,33.300000000000004,12.5,902,3.9000000000000004,28.29
2015,8,29,14,30,33.1,12.4,776,3.8000000000000003,28.5
2015,8,29,15,30,32.5,12.3,602,3.4000000000000004,29.16
2015,8,29,16,30,31.5,12,393,3,30.39
2015,8,29,17,30,29.700000000000003,12.100000000000001,172,2.2,33.75
2015,8,29,18,30,27.700000000000003,13.5,0,1.8,41.550000000000004
2015,8,29,19,30,26.400000000000002,13.4,0,2.1,44.550000000000004
2015,8,29,20,30,25.3,13.200000000000001,0,2.4000000000000004,46.980000000000004
2015,8,29,21,30,24.400000000000002,13.100000000000001,0,2.8000000000000003,49.34
2015,8,29,22,30,23.5,13.100000000000001,0,3,52.17
2015,8,29,23,30,22.6,13.3,0,3.1,55.56
2015,8,30,0,30,21.8,13.4,0,3.1,58.9
2015,8,30,1,30,21,13.5,0,2.8000000000000003,62.26
2015,8,30,2,30,20.3,13.5,0,2.2,65.09
2015,8,30,3,30,19.6,13.5,0,1.8,67.69
2015,8,30,4,30,19.1,13.3,0,1.8,69.19
2015,8,30,5,30,19.8,13.100000000000001,0,2.5,65.23
2015,8,30,6,30,22.3,12.8,126,3.2,54.93
2015,8,30,7,30,25.6,11.600000000000001,347,3.3000000000000003,41.730000000000004
2015,8,30,8,30,28.3,10.3,567,3.1,32.51
2015,8,30,9,30,30.200000000000003,9.8,755,2.9000000000000004,28.150000000000002
2015,8,30,10,30,31.6,9.4,893,2.9000000000000004,25.41
2015,8,30,11,30,32.6,9,966,2.8000000000000003,23.3
2015,8,30,12,30,33.4,8.6,971,2.7,21.64
2015,8,30,13,30,33.7,8.200000000000001,910,2.6,20.81
2015,8,30,14,30,33.6,7.9,776,2.4000000000000004,20.42
2015,8,30,15,30,33.1,7.5,598,2.3000000000000003,20.47
2015,8,30,16,30,31.900000000000002,7.2,384,1.8,21.43
2015,8,30,17,30,29.3,8.9,162,1.2000000000000002,28.07
2015,8,30,18,30,26.900000000000002,10.4,0,1.1,35.660000000000004
2015,8,30,19,30,25.5,9.8,0,1.2000000000000002,37.08
2015,8,30,20,30,24.400000000000002,9.5,0,1.3,38.88
2015,8,30,21,30,23.5,9.3,0,1.4000000000000001,40.49
2015,8,30,22,30,22.6,9.1,0,1.5,42.04
2015,8,30,23,30,21.900000000000002,8.9,0,1.6,43.29
2015,8,31,0,30,21.200000000000003,8.700000000000001,0,1.6,44.83
2015,8,31,1,30,20.5,8.8,0,1.6,46.87
2015,8,31,2,30,20,8.9,0,1.4000000000000001,48.65
2015,8,31,3,30,19.400000000000002,8.9,0,1.2000000000000002,50.74
2015,8,31,4,30,19,9,0,1.1,52.19
2015,8,31,5,30,19.700000000000003,9,0,1.1,49.97
2015,8,31,6,30,22.1,9.3,113,1.5,44
2015,8,31,7,30,25.8,8.700000000000001,329,1.3,33.910000000000004
2015,8,31,8,30,29.700000000000003,8.5,544,0.8,26.560000000000002
2015,8,31,9,30,32.2,8.5,731,0.7000000000000001,23.04
2015,8,31,10,30,33.7,8.8,868,0.7000000000000001,21.61
2015,8,31,11,30,34.800000000000004,9,937,0.8,20.580000000000002
2015,8,31,12,30,35.5,9,942,1,19.82
2015,8,31,13,30,35.800000000000004,8.9,882,1.3,19.39
2015,8,31,14,30,35.800000000000004,8.700000000000001,772,1.5,19.17
2015,8,31,15,30,35.2,8.5,594,1.7000000000000002,19.490000000000002
2015,8,31,16,30,34,8.3,381,1.6,20.62
2015,8,31,17,30,31.5,9.9,158,1.2000000000000002,26.45
2015,8,31,18,30,29.1,11.9,0,1.3,34.54
2015,8,31,19,30,27.700000000000003,11.5,0,1.6,36.57
2015,8,31,20,30,26.6,11.8,0,1.9000000000000001,39.75
2015,8,31,21,30,25.6,12.3,0,2.3000000000000003,43.64
2015,8,31,22,30,24.700000000000003,13,0,2.4000000000000004,48.29
2015,8,31,23,30,23.900000000000002,13.700000000000001,0,2.3000000000000003,52.89
2015,9,1,0,30,23.3,14.200000000000001,0,2,56.660000000000004
2015,9,1,1,30,22.8,14.5,0,1.6,59.5
2015,9,1,2,30,22.3,14.5,0,1.3,61.51
2015,9,1,3,30,21.8,14.200000000000001,0,1.1,62.2
2015,9,1,4,30,21.400000000000002,13.700000000000001,0,1,61.44
2015,9,1,5,30,22.1,13,0,1.1,56.33
2015,9,1,6,30,24.6,12.700000000000001,119,1.4000000000000001,47.33
2015,9,1,7,30,28.200000000000003,11.5,338,1.4000000000000001,35.37
2015,9,1,8,30,31.3,10.700000000000001,556,1,28.060000000000002
2015,9,1,9,30,33.2,10.100000000000001,741,0.5,24.23
2015,9,1,10,30,34.6,9.4,877,0.5,21.5
2015,9,1,11,30,35.5,9.1,953,0.9,19.95
2015,9,1,12,30,36,8.9,959,1.3,19.2
2015,9,1,13,30,36.1,8.8,897,1.6,18.96
2015,9,1,14,30,35.9,8.6,763,2,18.93
2015,9,1,15,30,35.300000000000004,8.5,573,2.2,19.400000000000002
2015,9,1,16,30,34,8.4,367,2.2,20.650000000000002
2015,9,1,17,30,31.400000000000002,9.3,129,1.7000000000000002,25.5
2015,9,1,18,30,29,11.3,0,1.4000000000000001,33.51
2015,9,1,19,30,28,11.3,0,1.5,35.45
2015,9,1,20,30,27.200000000000003,11.700000000000001,0,1.5,38.12
2015,9,1,21,30,26.700000000000003,12.100000000000001,0,1.2000000000000002,40.19
2015,9,1,22,30,26.1,12.200000000000001,0,1.1,41.95
2015,9,1,23,30,25.6,12,0,1.1,42.82
2015,9,2,0,30,25.200000000000003,11.9,0,1.3,43.61
2015,9,2,1,30,24.8,11.9,0,1.6,44.54
2015,9,2,2,30,24.3,12.4,0,2,47.45
2015,9,2,3,30,23.900000000000002,13.100000000000001,0,2.1,50.82
2015,9,2,4,30,23.3,14,0,2.1,55.93
2015,9,2,5,30,23.400000000000002,14.600000000000001,0,2.1,57.9
2015,9,2,6,30,24.6,14.9,96,2.5,54.870000000000005
2015,9,2,7,30,26.700000000000003,14.5,319,2.6,47.050000000000004
2015,9,2,8,30,29.200000000000003,13.5,511,2.2,38.25
2015,9,2,9,30,31.400000000000002,12.4,716,1.6,31.38
2015,9,2,10,30,32.800000000000004,11.8,851,1.5,27.87
2015,9,2,11,30,33.7,11.600000000000001,921,1.7000000000000002,26.09
2015,9,2,12,30,34.300000000000004,11.4,836,2.1,24.96
2015,9,2,13,30,34.7,11.3,867,2.4000000000000004,24.19
2015,9,2,14,30,34.7,11.100000000000001,743,2.7,23.82
2015,9,2,15,30,34.1,10.9,435,2.8000000000000003,24.3
2015,9,2,16,30,32.800000000000004,10.8,266,2.4000000000000004,25.990000000000002
2015,9,2,17,30,30.8,12.200000000000001,73,1.7000000000000002,31.93
2015,9,2,18,30,29,13,0,1.5,37.42
2015,9,2,19,30,27.6,13,0,1.9000000000000001,40.54
2015,9,2,20,30,26.1,13.3,0,2.6,45.26
2015,9,2,21,30,24.700000000000003,14.3,0,3.4000000000000004,52.44
2015,9,2,22,30,23.5,15.4,0,3.7,60.33
2015,9,2,23,30,22.8,16.1,0,3.3000000000000003,65.86
2015,9,3,0,30,22.5,16.2,0,2.6,67.47
2015,9,3,1,30,22.3,16,0,1.9000000000000001,67.49
2015,9,3,2,30,22.200000000000003,15.700000000000001,0,1.3,66.76
2015,9,3,3,30,22,15.600000000000001,0,1,67.11
2015,9,3,4,30,21.700000000000003,15.600000000000001,0,1.1,68.09
2015,9,3,5,30,21.700000000000003,15.5,0,1.7000000000000002,67.7
2015,9,3,6,30,22.6,15.100000000000001,61,2.5,62.67
2015,9,3,7,30,24.200000000000003,14,137,3.1,53.08
2015,9,3,8,30,26,12.700000000000001,340,3.4000000000000004,43.64
2015,9,3,9,30,27.400000000000002,12.100000000000001,515,3.5,38.63
2015,9,3,10,30,28.400000000000002,11.600000000000001,813,3.5,35.31
2015,9,3,11,30,29.200000000000003,11.3,842,3.5,33.1
2015,9,3,12,30,29.8,11.100000000000001,777,3.6,31.53
2015,9,3,13,30,30.1,11,670,3.8000000000000003,30.77
2015,9,3,14,30,29.900000000000002,10.9,475,4.2,30.86
2015,9,3,15,30,29,10.700000000000001,293,4.6000000000000005,32.18
2015,9,3,16,30,27.6,10.8,249,4.4,35.13
2015,9,3,17,30,26,11.200000000000001,80,3.4000000000000004,39.65
2015,9,3,18,30,24.700000000000003,11.9,0,2.7,44.68
2015,9,3,19,30,23.900000000000002,12.200000000000001,0,2.4000000000000004,47.980000000000004
2015,9,3,20,30,23.3,12.600000000000001,0,2.1,50.92
2015,9,3,21,30,22.700000000000003,13,0,1.7000000000000002,54.13
2015,9,3,22,30,22.1,13.200000000000001,0,1.4000000000000001,57.19
2015,9,3,23,30,21.8,13.3,0,1.3,58.660000000000004
2015,9,4,0,30,21.5,13.4,0,1.1,59.82
2015,9,4,1,30,21.200000000000003,13.3,0,0.9,60.800000000000004
2015,9,4,2,30,21.1,13.200000000000001,0,0.9,60.52
2015,9,4,3,30,20.8,13,0,0.9,60.95
2015,9,4,4,30,20.6,12.9,0,1,61.53
2015,9,4,5,30,21.1,13,0,1.6,59.7
2015,9,4,6,30,22.900000000000002,13.100000000000001,66,2.6,54.17
2015,9,4,7,30,25.200000000000003,13,39,3.4000000000000004,46.7
2015,9,4,8,30,27,12.8,87,3.4000000000000004,41.36
2015,9,4,9,30,28.200000000000003,13,382,3,39.19
2015,9,4,10,30,29.200000000000003,13.200000000000001,475,2.7,37.51
2015,9,4,11,30,30.1,13.4,724,2.7,36
2015,9,4,12,30,31,13.5,667,2.8000000000000003,34.34
2015,9,4,13,30,31.5,13.5,467,2.9000000000000004,33.4
2015,9,4,14,30,31.5,13.4,414,2.8000000000000003,33.19
2015,9,4,15,30,30.8,13.100000000000001,474,2.7,34.01
2015,9,4,16,30,29.8,13,358,2.4000000000000004,35.61
2015,9,4,17,30,28.1,13.3,142,2,40.12
2015,9,4,18,30,26.6,13.8,0,2,45.28
2015,9,4,19,30,25.900000000000002,13.700000000000001,0,2.3000000000000003,46.85
2015,9,4,20,30,25.400000000000002,13.700000000000001,0,2.5,48.44
2015,9,4,21,30,24.8,14,0,2.6,50.92
2015,9,4,22,30,24.3,14.200000000000001,0,2.4000000000000004,53.28
2015,9,4,23,30,23.8,14.4,0,2.2,55.52
2015,9,5,0,30,23.400000000000002,14.5,0,2,57.35
2015,9,5,1,30,22.8,14.600000000000001,0,1.7000000000000002,59.84
2015,9,5,2,30,22.200000000000003,14.600000000000001,0,1.3,62.160000000000004
2015,9,5,3,30,21.700000000000003,14.600000000000001,0,1.1,63.870000000000005
2015,9,5,4,30,21.3,14.5,0,1,65.27
2015,9,5,5,30,21.6,14.5,0,1.3,64.14
2015,9,5,6,30,23.400000000000002,14.700000000000001,89,1.9000000000000001,57.96
2015,9,5,7,30,26,14.600000000000001,101,2.4000000000000004,49.480000000000004
2015,9,5,8,30,28,14.9,441,2.8000000000000003,44.77
2015,9,5,9,30,29.5,15.100000000000001,577,3.1,41.69
2015,9,5,10,30,30.6,15.3,848,3.7,39.550000000000004
2015,9,5,11,30,31,15.5,916,4.4,39.17
2015,9,5,12,30,31,15.700000000000001,886,5,39.77
2015,9,5,13,30,30.8,15.9,837,5.2,40.64
2015,9,5,14,30,30.8,15.8,733,5.1000000000000005,40.4
2015,9,5,15,30,30.6,15.4,565,4.7,39.910000000000004
2015,9,5,16,30,30,15,358,4.1000000000000005,40.2
2015,9,5,17,30,28.400000000000002,14.700000000000001,142,2.7,43.17
2015,9,5,18,30,26.6,14.8,0,1.7000000000000002,48.370000000000005
2015,9,5,19,30,25.700000000000003,14.600000000000001,0,1.5,50.370000000000005
2015,9,5,20,30,24.900000000000002,14.5,0,1.5,52.43
2015,9,5,21,30,24.3,14.5,0,1.5,54.28
2015,9,5,22,30,23.8,14.600000000000001,0,1.6,56.33
2015,9,5,23,30,23.3,14.9,0,1.7000000000000002,59.07
2015,9,6,0,30,22.700000000000003,15.3,0,2.1,63.09
2015,9,6,1,30,22.200000000000003,15.8,0,2.7,67.01
2015,9,6,2,30,21.900000000000002,16.1,0,3.3000000000000003,69.67
2015,9,6,3,30,21.700000000000003,16.2,0,3.6,70.95
2015,9,6,4,30,21.700000000000003,16.2,0,3.5,70.93
2015,9,6,5,30,22,16.2,0,3.5,69.44
2015,9,6,6,30,23.200000000000003,16,103,3.9000000000000004,63.79
2015,9,6,7,30,25.400000000000002,15.4,315,4.4,54.08
2015,9,6,8,30,27.700000000000003,14.600000000000001,528,4.7,44.660000000000004
2015,9,6,9,30,29.3,13.600000000000001,709,4.6000000000000005,38.28
2015,9,6,10,30,30.400000000000002,12.9,843,4.2,34.2
2015,9,6,11,30,31.3,12.3,920,3.7,31.23
2015,9,6,12,30,32,11.700000000000001,925,3.3000000000000003,28.98
2015,9,6,13,30,32.300000000000004,11.3,862,3.5,27.7
2015,9,6,14,30,32.300000000000004,11.200000000000001,734,4,27.55
2015,9,6,15,30,31.8,11.5,557,4.3,28.76
2015,9,6,16,30,30.700000000000003,11.8,273,3.8000000000000003,31.28
2015,9,6,17,30,28.700000000000003,12.600000000000001,130,2.5,37.050000000000004
2015,9,6,18,30,27,13.700000000000001,0,1.5,43.97
2015,9,6,19,30,26.400000000000002,14.3,0,1.1,47.25
2015,9,6,20,30,25.8,14.600000000000001,0,0.9,50.14
2015,9,6,21,30,25.1,14.8,0,0.9,52.93
2015,9,6,22,30,24.400000000000002,15.100000000000001,0,0.9,56.07
2015,9,6,23,30,23.8,15.3,0,1.1,58.86
2015,9,7,0,30,23.200000000000003,15.700000000000001,0,1.6,62.82
2015,9,7,1,30,22.700000000000003,16.400000000000002,0,2,67.45
2015,9,7,2,30,22.5,16.900000000000002,0,2,70.77
2015,9,7,3,30,22.3,17.400000000000002,0,1.6,73.59
2015,9,7,4,30,22.1,17.6,0,1,75.48
2015,9,7,5,30,22.3,17.5,0,1.2000000000000002,74.15
2015,9,7,6,30,23.3,17.1,99,2.1,68.32000000000001
2015,9,7,7,30,25.3,16.5,319,2.6,58.11
2015,9,7,8,30,27.900000000000002,15.100000000000001,320,2.4000000000000004,45.58
2015,9,7,9,30,30.200000000000003,13.700000000000001,716,2,36.53
2015,9,7,10,30,32,12.9,561,1.6,31.2
2015,9,7,11,30,33.5,12.4,308,1.3,27.79
2015,9,7,12,30,34.5,12.100000000000001,476,1,25.88
2015,9,7,13,30,34.9,12,604,0.7000000000000001,25.080000000000002
2015,9,7,14,30,34.7,11.9,728,0.6000000000000001,25.25
2015,9,7,15,30,34.1,12,549,0.8,26.17
2015,9,7,16,30,33.1,12.100000000000001,337,0.9,27.900000000000002
2015,9,7,17,30,31.5,13.200000000000001,124,0.7000000000000001,32.9
2015,9,7,18,30,30.1,14.600000000000001,0,0.6000000000000001,39.01
2015,9,7,19,30,29.400000000000002,14.3,0,0.6000000000000001,39.65
2015,9,7,20,30,28.6,14.100000000000001,0,0.6000000000000001,41.21
2015,9,7,21,30,27.700000000000003,14.200000000000001,0,0.6000000000000001,43.64
2015,9,7,22,30,26.700000000000003,14.4,0,0.7000000000000001,46.730000000000004
2015,9,7,23,30,25.8,14.5,0,0.8,49.63
2015,9,8,0,30,25,14.5,0,0.8,52.07
2015,9,8,1,30,24.3,14.3,0,0.9,53.79
2015,9,8,2,30,23.700000000000003,14.3,0,0.9,55.480000000000004
2015,9,8,3,30,23.200000000000003,14.3,0,0.9,57.300000000000004
2015,9,8,4,30,22.700000000000003,14.4,0,0.9,59.43
2015,9,8,5,30,22.8,14.5,0,1.2000000000000002,59.47
2015,9,8,6,30,24.1,14.700000000000001,75,1.7000000000000002,55.69
2015,9,8,7,30,26.3,15,315,1.9000000000000001,49.7
2015,9,8,8,30,28.6,15.3,529,1.7000000000000002,44.35
2015,9,8,9,30,30.700000000000003,15.100000000000001,713,1.5,38.86
2015,9,8,10,30,32.1,14.8,846,1.4000000000000001,35.1
2015,9,8,11,30,32.9,14.4,919,1.4000000000000001,32.74
2015,9,8,12,30,33.300000000000004,14.100000000000001,763,1.6,31.400000000000002
2015,9,8,13,30,33.4,13.8,857,2,30.59
2015,9,8,14,30,33.2,13.5,731,2.2,30.3
2015,9,8,15,30,32.7,13.100000000000001,527,2.2,30.490000000000002
2015,9,8,16,30,31.6,13,277,1.5,32.26
2015,9,8,17,30,29.900000000000002,14.4,97,0.9,38.97
2015,9,8,18,30,28.6,14.200000000000001,0,0.9,41.24
2015,9,8,19,30,27.8,13.700000000000001,0,1,41.96
2015,9,8,20,30,27,13.700000000000001,0,1.1,43.82
2015,9,8,21,30,26,14.200000000000001,0,1.6,48.11
2015,9,8,22,30,24.900000000000002,14.9,0,1.9000000000000001,53.730000000000004
2015,9,8,23,30,23.8,15.600000000000001,0,2,59.980000000000004
2015,9,9,0,30,22.900000000000002,16.2,0,1.7000000000000002,65.87
2015,9,9,1,30,22.3,16.8,0,1.4000000000000001,70.86
2015,9,9,2,30,22,16.900000000000002,0,0.9,72.9
2015,9,9,3,30,21.900000000000002,16.7,0,0.6000000000000001,72.31
2015,9,9,4,30,21.8,16.5,0,0.5,71.78
2015,9,9,5,30,22.1,16.3,0,0.8,69.82000000000001
2015,9,9,6,30,23.400000000000002,16.3,79,1.3,64.37
2015,9,9,7,30,25.5,15.8,56,1.4000000000000001,55.07
2015,9,9,8,30,27.700000000000003,15.200000000000001,161,1.5,46.480000000000004
2015,9,9,9,30,29.3,15.200000000000001,547,2,42.24
2015,9,9,10,30,30.1,15.200000000000001,481,2.5,40.53
2015,9,9,11,30,30.1,15.3,312,3,40.79
2015,9,9,12,30,29.6,15.4,433,3.1,42.12
2015,9,9,13,30,28.8,15.5,465,3,44.45
2015,9,9,14,30,28.200000000000003,15.600000000000001,562,2.7,46.32
2015,9,9,15,30,27.8,15.600000000000001,411,2.6,47.56
2015,9,9,16,30,27.1,15.8,226,2.5,49.910000000000004
2015,9,9,17,30,26,16.1,32,2.1,54.38
2015,9,9,18,30,25,16.6,0,2,59.480000000000004
2015,9,9,19,30,24.3,16.900000000000002,0,2.1,63.2
2015,9,9,20,30,23.6,17.2,0,1.9000000000000001,67.38
2015,9,9,21,30,23,17.5,0,1.5,71.32000000000001
2015,9,9,22,30,22.400000000000002,17.8,0,1.2000000000000002,75.08
2015,9,9,23,30,21.900000000000002,17.900000000000002,0,1,78.08
2015,9,10,0,30,21.400000000000002,18,0,0.9,81.2
2015,9,10,1,30,21,18,0,0.7000000000000001,83.12
2015,9,10,2,30,20.8,18,0,0.4,83.92
2015,9,10,3,30,20.6,17.900000000000002,0,0.4,84.69
2015,9,10,4,30,20.3,17.900000000000002,0,0.5,86.03
2015,9,10,5,30,20.400000000000002,17.8,0,0.5,84.98
2015,9,10,6,30,21.3,17.7,12,0.7000000000000001,80.17
2015,9,10,7,30,23,17.3,264,0.9,70.22
2015,9,10,8,30,24.8,16.5,240,0.9,59.800000000000004
2015,9,10,9,30,26.3,15.600000000000001,594,1.1,51.78
2015,9,10,10,30,27.400000000000002,14.8,690,1.4000000000000001,46.1
2015,9,10,11,30,28.200000000000003,14.100000000000001,647,1.6,42.13
2015,9,10,12,30,28.8,13.600000000000001,622,1.6,39.4
2015,9,10,13,30,29.1,13.200000000000001,559,1.6,37.65
2015,9,10,14,30,29.200000000000003,12.9,596,1.5,36.71
2015,9,10,15,30,29,12.700000000000001,525,1.3,36.660000000000004
2015,9,10,16,30,28.3,12.600000000000001,335,1,38.03
2015,9,10,17,30,26.8,14.100000000000001,96,0.8,45.76
2015,9,10,18,30,25.400000000000002,14,0,0.9,49.35
2015,9,10,19,30,24.700000000000003,13.8,0,1,50.67
2015,9,10,20,30,24,13.600000000000001,0,1.2000000000000002,52.31
2015,9,10,21,30,23.400000000000002,13.600000000000001,0,1.4000000000000001,54.17
2015,9,10,22,30,22.700000000000003,13.700000000000001,0,1.5,56.88
2015,9,10,23,30,21.900000000000002,13.9,0,1.4000000000000001,60.42
2015,9,11,0,30,21.200000000000003,14.100000000000001,0,1.2000000000000002,63.95
2015,9,11,1,30,20.6,14.3,0,1.1,67.29
2015,9,11,2,30,20,14.4,0,1,70.29
2015,9,11,3,30,19.6,14.4,0,0.8,71.94
2015,9,11,4,30,19.3,14.4,0,0.7000000000000001,73.09
2015,9,11,5,30,19.6,14.3,0,0.7000000000000001,71.48
2015,9,11,6,30,21.200000000000003,14.200000000000001,41,0.9,64.53
2015,9,11,7,30,24.5,14,169,0.9,52.14
2015,9,11,8,30,27.900000000000002,13.3,430,0.9,40.69
2015,9,11,9,30,30.1,13,713,1.4000000000000001,35
2015,9,11,10,30,31.5,12.700000000000001,848,1.8,31.75
2015,9,11,11,30,32.6,12.4,920,2.1,29.22
2015,9,11,12,30,33.2,11.9,923,2.2,27.41
2015,9,11,13,30,33.4,11.4,860,2.3000000000000003,26.2
2015,9,11,14,30,33.1,10.9,33,2.4000000000000004,25.69
2015,9,11,15,30,32.4,10.5,381,2.5,26.13
2015,9,11,16,30,31.1,10.3,312,2.4000000000000004,27.78
2015,9,11,17,30,28.6,10.700000000000001,113,1.7000000000000002,32.82
2015,9,11,18,30,26.200000000000003,12.100000000000001,0,1.2000000000000002,41.550000000000004
2015,9,11,19,30,25,11.9,0,1.3,43.93
2015,9,11,20,30,24.1,11.700000000000001,0,1.5,45.93
2015,9,11,21,30,23.200000000000003,11.700000000000001,0,1.7000000000000002,48.43
2015,9,11,22,30,22.400000000000002,11.8,0,1.9000000000000001,51.27
2015,9,11,23,30,21.6,12.100000000000001,0,2.2,54.660000000000004
2015,9,12,0,30,20.8,12.3,0,2.3000000000000003,58.43
2015,9,12,1,30,20.1,12.700000000000001,0,2.3000000000000003,62.24
2015,9,12,2,30,19.6,13,0,2.2,65.59
2015,9,12,3,30,19.200000000000003,13.3,0,2.2,68.65
2015,9,12,4,30,19,13.600000000000001,0,2.3000000000000003,70.86
2015,9,12,5,30,19.400000000000002,13.9,0,2.9000000000000004,70.39
2015,9,12,6,30,21.400000000000002,14.100000000000001,94,3.4000000000000004,63.230000000000004
2015,9,12,7,30,24.400000000000002,14.9,306,3.4000000000000004,55.51
2015,9,12,8,30,26.700000000000003,15.3,521,3.2,49.59
2015,9,12,9,30,28.5,15,707,2.9000000000000004,43.730000000000004
2015,9,12,10,30,29.900000000000002,14.4,842,2.7,38.800000000000004
2015,9,12,11,30,31.1,13.600000000000001,914,2.5,34.38
2015,9,12,12,30,31.900000000000002,12.600000000000001,920,2.3000000000000003,30.92
2015,9,12,13,30,32.4,11.700000000000001,856,2.1,28.34
2015,9,12,14,30,32.4,11,729,2,26.900000000000002
2015,9,12,15,30,32,10.3,550,2,26.330000000000002
2015,9,12,16,30,30.8,9.8,335,1.6,27.26
2015,9,12,17,30,28.3,10.700000000000001,115,1.1,33.53
2015,9,12,18,30,26,11.3,0,1,39.82
2015,9,12,19,30,24.8,10.8,0,1.1,41.38
2015,9,12,20,30,23.8,10.600000000000001,0,1.2000000000000002,43.36
2015,9,12,21,30,22.900000000000002,10.5,0,1.3,45.410000000000004
2015,9,12,22,30,22.200000000000003,10.4,0,1.4000000000000001,47.22
2015,9,12,23,30,21.700000000000003,10.5,0,1.5,48.86
2015,9,13,0,30,21,10.600000000000001,0,1.6,51.34
2015,9,13,1,30,20.400000000000002,10.700000000000001,0,1.7000000000000002,53.7
2015,9,13,2,30,19.900000000000002,10.8,0,1.7000000000000002,55.63
2015,9,13,3,30,19.400000000000002,10.8,0,1.7000000000000002,57.34
2015,9,13,4,30,19,10.700000000000001,0,1.6,58.68
2015,9,13,5,30,19.200000000000003,10.700000000000001,0,2,57.81
2015,9,13,6,30,20.900000000000002,10.600000000000001,97,2.5,51.77
2015,9,13,7,30,24.400000000000002,10.600000000000001,314,3,41.75
2015,9,13,8,30,28.200000000000003,10.200000000000001,531,3.2,32.58
2015,9,13,9,30,30.700000000000003,9.600000000000001,606,3,27.14
2015,9,13,10,30,32.300000000000004,9.200000000000001,751,2.6,24.080000000000002
2015,9,13,11,30,33.4,8.9,709,2.3000000000000003,22.12
2015,9,13,12,30,34.1,8.700000000000001,843,2.3000000000000003,21.06
2015,9,13,13,30,34.2,8.6,836,2.4000000000000004,20.81
2015,9,13,14,30,33.9,8.4,553,2.5,20.81
2015,9,13,15,30,33.2,8,445,2.7,21.09
2015,9,13,16,30,31.5,7.6000000000000005,255,2.3000000000000003,22.57
2015,9,13,17,30,28.900000000000002,8.700000000000001,48,1.7000000000000002,28.22
2015,9,13,18,30,26.900000000000002,9,0,1.8,32.3
2015,9,13,19,30,26,8,0,2.3000000000000003,31.96
2015,9,13,20,30,25.1,7.4,0,2.6,32.31
2015,9,13,21,30,23.900000000000002,7.1000000000000005,0,2.7,34.13
2015,9,13,22,30,22.6,7.2,0,2.4000000000000004,37.1
2015,9,13,23,30,21.400000000000002,7.6000000000000005,0,2,40.89
2015,9,14,0,30,20.3,8,0,1.7000000000000002,45.09
2015,9,14,1,30,19.5,8.5,0,1.5,49.08
2015,9,14,2,30,18.900000000000002,8.9,0,1.4000000000000001,52.160000000000004
2015,9,14,3,30,18.400000000000002,9.1,0,1.4000000000000001,54.480000000000004
2015,9,14,4,30,18.1,9.3,0,1.5,56.31
2015,9,14,5,30,18.6,9.600000000000001,0,2,55.660000000000004
2015,9,14,6,30,20.900000000000002,10.100000000000001,99,2.8000000000000003,50.07
2015,9,14,7,30,24.6,10.600000000000001,318,3.2,41.47
2015,9,14,8,30,28.200000000000003,11.600000000000001,535,2.9000000000000004,35.730000000000004
2015,9,14,9,30,30.700000000000003,11.700000000000001,719,2.6,31.03
2015,9,14,10,30,32.4,10.9,853,2.4000000000000004,26.77
2015,9,14,11,30,33.6,10.200000000000001,924,2.4000000000000004,23.88
2015,9,14,12,30,34.300000000000004,9.600000000000001,926,2.5,22.12
2015,9,14,13,30,34.5,9.1,840,2.4000000000000004,21.150000000000002
2015,9,14,14,30,34.300000000000004,8.6,727,2.3000000000000003,20.6
2015,9,14,15,30,33.6,8.1,544,2.3000000000000003,20.77
2015,9,14,16,30,32.2,7.800000000000001,327,1.8,21.990000000000002
2015,9,14,17,30,29.6,9.200000000000001,107,1.2000000000000002,28.02
2015,9,14,18,30,27.3,10,0,1.1,33.8
2015,9,14,19,30,26.3,9.8,0,1.2000000000000002,35.4
2015,9,14,20,30,25.5,9.700000000000001,0,1.4000000000000001,36.77
2015,9,14,21,30,24.900000000000002,9.5,0,1.6,37.7
2015,9,14,22,30,24.200000000000003,9.600000000000001,0,2,39.67
2015,9,14,23,30,23.5,10.100000000000001,0,2.1,42.72
2015,9,15,0,30,22.6,10.700000000000001,0,1.9000000000000001,46.99
2015,9,15,1,30,21.700000000000003,11.3,0,1.6,51.59
2015,9,15,2,30,21.1,11.9,0,1.3,55.52
2015,9,15,3,30,20.6,12.3,0,1.1,59.03
2015,9,15,4,30,20.400000000000002,12.600000000000001,0,1,60.95
2015,9,15,5,30,20.900000000000002,12.8,0,1,59.72
2015,9,15,6,30,23.200000000000003,12.9,95,1.5,52.31
2015,9,15,7,30,26.5,13.4,309,2.1,44.32
2015,9,15,8,30,29,13.9,525,2.3000000000000003,39.72
2015,9,15,9,30,30.700000000000003,13.8,706,2.5,35.82
2015,9,15,10,30,32,13.700000000000001,839,2.9000000000000004,32.94
2015,9,15,11,30,32.9,13.5,906,3.4000000000000004,30.96
2015,9,15,12,30,33.4,13.4,906,3.7,29.86
2015,9,15,13,30,33.5,13.200000000000001,839,3.9000000000000004,29.39
2015,9,15,14,30,33.300000000000004,13,699,3.9000000000000004,29.310000000000002
2015,9,15,15,30,32.7,12.8,530,3.6,29.8
2015,9,15,16,30,31.6,12.5,317,3,31.1
2015,9,15,17,30,29.400000000000002,12.5,34,1.9000000000000001,35.26
2015,9,15,18,30,27.5,13,0,1.1,40.77
2015,9,15,19,30,26.700000000000003,12.9,0,1.1,42.410000000000004
2015,9,15,20,30,26.1,12.8,0,1.2000000000000002,43.77
2015,9,15,21,30,25.400000000000002,12.8,0,1.3,45.53
2015,9,15,22,30,24.700000000000003,12.9,0,1.6,47.67
2015,9,15,23,30,24,13,0,1.8,50.19
2015,9,16,0,30,23.400000000000002,13.200000000000001,0,1.8,52.68
2015,9,16,1,30,23,13.3,0,1.7000000000000002,54.410000000000004
2015,9,16,2,30,22.700000000000003,13.3,0,1.4000000000000001,55.28
2015,9,16,3,30,22.5,13.100000000000001,0,1.1,55.32
2015,9,16,4,30,22.400000000000002,12.9,0,0.9,54.92
2015,9,16,5,30,22.700000000000003,12.700000000000001,0,0.9,53.36
2015,9,16,6,30,24.1,12.700000000000001,87,1.3,48.94
2015,9,16,7,30,26.700000000000003,12.200000000000001,298,1.9000000000000001,40.49
2015,9,16,8,30,29.1,12.3,511,1.9000000000000001,35.62
2015,9,16,9,30,30.900000000000002,12.700000000000001,695,1.9000000000000001,32.89
2015,9,16,10,30,32.5,13.100000000000001,830,2.3000000000000003,30.91
2015,9,16,11,30,33.5,13.600000000000001,896,3,30.05
2015,9,16,12,30,33.800000000000004,13.9,898,3.5,30.11
2015,9,16,13,30,33.800000000000004,14,830,3.8000000000000003,30.36
2015,9,16,14,30,33.4,14,698,3.8000000000000003,31.07
2015,9,16,15,30,32.800000000000004,14,517,3.5,32.02
2015,9,16,16,30,31.8,13.9,306,2.8000000000000003,33.84
2015,9,16,17,30,29.700000000000003,14.3,68,1.7000000000000002,39.01
2015,9,16,18,30,27.900000000000002,14.700000000000001,0,1,44.49
2015,9,16,19,30,27.1,14.600000000000001,0,1,46.24
2015,9,16,20,30,26.5,14.600000000000001,0,1.1,48.13
2015,9,16,21,30,25.8,14.9,0,1.1,51.06
2015,9,16,22,30,25.3,15.200000000000001,0,1.3,53.67
2015,9,16,23,30,24.700000000000003,15.5,0,1.4000000000000001,56.74
2015,9,17,0,30,24,15.8,0,1.4000000000000001,60.24
2015,9,17,1,30,23.400000000000002,16,0,1.2000000000000002,63.29
2015,9,17,2,30,23,16.1,0,0.9,65.01
2015,9,17,3,30,22.700000000000003,16,0,0.6000000000000001,66.1
2015,9,17,4,30,22.400000000000002,16.1,0,0.4,67.66
2015,9,17,5,30,22.400000000000002,16.2,0,0.6000000000000001,67.81
2015,9,17,6,30,23.700000000000003,16.1,60,0.8,62.59
2015,9,17,7,30,26.700000000000003,15.3,302,1.1,49.63
2015,9,17,8,30,29.6,14.100000000000001,515,1.6,38.84
2015,9,17,9,30,31.5,14.3,695,2.1,35.2
2015,9,17,10,30,32.9,14.4,826,2.4000000000000004,32.87
2015,9,17,11,30,33.800000000000004,14.4,892,2.8000000000000003,31.220000000000002
2015,9,17,12,30,34.300000000000004,14.3,893,3.1,30.2
2015,9,17,13,30,34.4,14.3,825,3.3000000000000003,29.86
2015,9,17,14,30,34.2,14.100000000000001,697,3.3000000000000003,29.810000000000002
2015,9,17,15,30,33.6,13.8,519,3.2,30.28
2015,9,17,16,30,32.5,13.5,307,2.7,31.54
2015,9,17,17,30,30.200000000000003,13.600000000000001,62,1.6,36.19
2015,9,17,18,30,28.200000000000003,14.100000000000001,0,1.1,41.95
2015,9,17,19,30,27.3,13.8,0,1.2000000000000002,43.54
2015,9,17,20,30,26.8,13.8,0,1.5,44.65
2015,9,17,21,30,26.3,14,0,1.9000000000000001,46.64
2015,9,17,22,30,25.900000000000002,14.3,0,2.2,48.78
2015,9,17,23,30,25.400000000000002,14.600000000000001,0,2.3000000000000003,51.31
2015,9,18,0,30,24.8,14.9,0,2.1,54.050000000000004
2015,9,18,1,30,24.3,15.100000000000001,0,1.9000000000000001,56.44
2015,9,18,2,30,23.8,15.100000000000001,0,1.6,58.36
2015,9,18,3,30,23.3,15.100000000000001,0,1.1,60.14
2015,9,18,4,30,22.700000000000003,15,0,0.8,62
2015,9,18,5,30,22.5,14.9,0,0.7000000000000001,62.18
2015,9,18,6,30,23.700000000000003,14.8,89,0.8,57.300000000000004
2015,9,18,7,30,26.5,13.600000000000001,304,0.9,45.08
2015,9,18,8,30,29.400000000000002,12.100000000000001,518,1.3,34.45
2015,9,18,9,30,31.5,11.8,701,1.6,29.92
2015,9,18,10,30,33,11.8,832,1.8,27.41
2015,9,18,11,30,34,11.8,894,1.8,25.96
2015,9,18,12,30,34.7,11.700000000000001,894,1.8,24.89
2015,9,18,13,30,35,11.600000000000001,828,1.8,24.29
2015,9,18,14,30,34.9,11.4,698,1.8,24.150000000000002
2015,9,18,15,30,34.4,11.200000000000001,505,1.7000000000000002,24.48
2015,9,18,16,30,33.1,11,195,1.4000000000000001,26
2015,9,18,17,30,31,12,65,0.9,31.16
2015,9,18,18,30,29.1,12.600000000000001,0,0.6000000000000001,36.230000000000004
2015,9,18,19,30,28.1,12.4,0,0.6000000000000001,37.75
2015,9,18,20,30,27.3,12.4,0,0.6000000000000001,39.6
2015,9,18,21,30,26.6,12.4,0,0.7000000000000001,41.480000000000004
2015,9,18,22,30,25.8,12.4,0,0.7000000000000001,43.39
2015,9,18,23,30,25,12.3,0,0.8,45.11
2015,9,19,0,30,24.3,12.100000000000001,0,0.9,46.46
2015,9,19,1,30,23.900000000000002,12,0,1,47.21
2015,9,19,2,30,23.6,12.100000000000001,0,1.2000000000000002,48.550000000000004
2015,9,19,3,30,23.3,12.5,0,1.6,50.77
2015,9,19,4,30,22.900000000000002,13.200000000000001,0,2,54.300000000000004
2015,9,19,5,30,22.400000000000002,14,0,2.5,59.13
2015,9,19,6,30,22.1,15.100000000000001,19,3.1,64.41
2015,9,19,7,30,22,16.1,163,3,69.07000000000001
2015,9,19,8,30,22,16.400000000000002,147,2.8000000000000003,70.59
2015,9,19,9,30,22.1,16.2,228,2.5,69.05
2015,9,19,10,30,22.3,16,164,2,67.45
2015,9,19,11,30,22.6,15.9,128,1.5,66.02
2015,9,19,12,30,23,16,180,1.5,64.74
2015,9,19,13,30,23.200000000000003,16.1,217,2,64.54
2015,9,19,14,30,23.1,16.400000000000002,206,2.3000000000000003,65.82000000000001
2015,9,19,15,30,22.6,16.6,174,2.3000000000000003,69.04
2015,9,19,16,30,21.8,17,133,2.1,74.09
2015,9,19,17,30,20.900000000000002,17.400000000000002,23,1.6,80.25
2015,9,19,18,30,20.3,17.7,0,1.3,85.26
2015,9,19,19,30,20.1,18,0,1.3,87.71000000000001
2015,9,19,20,30,19.900000000000002,18.2,0,1.4000000000000001,89.81
2015,9,19,21,30,19.8,18.3,0,1.5,91.01
2015,9,19,22,30,19.6,18.3,0,1.4000000000000001,92.43
2015,9,19,23,30,19.5,18.3,0,1.1,92.95
2015,9,20,0,30,19.400000000000002,18.3,0,0.9,93.26
2015,9,20,1,30,19.200000000000003,18.2,0,0.8,93.87
2015,9,20,2,30,19,18.1,0,0.6000000000000001,94.37
2015,9,20,3,30,18.7,18,0,0.6000000000000001,95.57000000000001
2015,9,20,4,30,18.5,17.900000000000002,0,0.8,96.02
2015,9,20,5,30,18.5,17.8,0,1.3,95.46000000000001
2015,9,20,6,30,19,17.7,42,1.7000000000000002,92.13
2015,9,20,7,30,20.1,17.1,76,1.8,83.08
2015,9,20,8,30,21.6,16.6,386,1.7000000000000002,73.28
2015,9,20,9,30,23.200000000000003,16.2,519,1.5,64.65
2015,9,20,10,30,24.700000000000003,15.700000000000001,666,1.3,57.410000000000004
2015,9,20,11,30,26,15.4,630,1.1,51.910000000000004
2015,9,20,12,30,26.8,15.100000000000001,747,0.9,48.660000000000004
2015,9,20,13,30,27.1,14.8,620,0.8,46.97
2015,9,20,14,30,27.1,14.5,560,1,46.13
2015,9,20,15,30,26.6,14.3,482,1.5,46.87
2015,9,20,16,30,25.8,14.3,240,1.9000000000000001,49.06
2015,9,20,17,30,24.400000000000002,14.600000000000001,54,1.8,54.480000000000004
2015,9,20,18,30,23.200000000000003,15.200000000000001,0,1.7000000000000002,60.79
2015,9,20,19,30,22.6,15.3,0,1.8,63.410000000000004
2015,9,20,20,30,22.1,15.4,0,1.5,65.7
2015,9,20,21,30,21.5,15.5,0,1.4000000000000001,68.52
2015,9,20,22,30,21,15.600000000000001,0,1.2000000000000002,71.2
2015,9,20,23,30,20.5,15.700000000000001,0,1.1,74.2
2015,9,21,0,30,20,15.9,0,0.9,77.32000000000001
2015,9,21,1,30,19.5,16,0,0.8,80.46000000000001
2015,9,21,2,30,19.1,16.2,0,0.8,83.05
2015,9,21,3,30,18.8,16.2,0,0.8,85.07000000000001
2015,9,21,4,30,18.5,16.3,0,0.8,86.95
2015,9,21,5,30,18.7,16.3,0,1.2000000000000002,86.08
2015,9,21,6,30,20,16.400000000000002,27,1.7000000000000002,79.67
2015,9,21,7,30,22,16.3,151,2.1,69.98
2015,9,21,8,30,23.700000000000003,15.700000000000001,335,2.2,61.04
2015,9,21,9,30,24.8,15.4,364,2.3000000000000003,55.74
2015,9,21,10,30,25.6,15.200000000000001,434,2.3000000000000003,52.5
2015,9,21,11,30,26,15.100000000000001,215,2.2,50.97
2015,9,21,12,30,26,15,306,2.3000000000000003,50.84
2015,9,21,13,30,25.700000000000003,15.100000000000001,392,2.5,51.99
2015,9,21,14,30,25.5,15.200000000000001,116,2.7,53.06
2015,9,21,15,30,25.1,15.4,100,2.8000000000000003,55.06
2015,9,21,16,30,24.400000000000002,15.8,204,2.4000000000000004,58.85
2015,9,21,17,30,23.400000000000002,16.7,38,1.8,65.99
2015,9,21,18,30,22.6,17,0,1.9000000000000001,70.44
2015,9,21,19,30,22.3,16.900000000000002,0,2.5,71.62
2015,9,21,20,30,22,17,0,2.9000000000000004,73.07000000000001
2015,9,21,21,30,21.6,17,0,3.1,75.11
2015,9,21,22,30,21.200000000000003,17.1,0,2.9000000000000004,77.43
2015,9,21,23,30,20.700000000000003,17.2,0,2.6,80.46000000000001
2015,9,22,0,30,20.200000000000003,17.3,0,2.3000000000000003,83.61
2015,9,22,1,30,19.700000000000003,17.400000000000002,0,1.9000000000000001,86.85000000000001
2015,9,22,2,30,19.200000000000003,17.5,0,1.5,90.03
2015,9,22,3,30,18.7,17.6,0,1.2000000000000002,93.11
2015,9,22,4,30,18.3,17.6,0,1,95.58
2015,9,22,5,30,18.5,17.6,0,1.2000000000000002,94.41
2015,9,22,6,30,20.200000000000003,17.7,48,1.8,85.67
2015,9,22,7,30,22.900000000000002,17.8,292,2.4000000000000004,72.8
2015,9,22,8,30,25.3,17.1,505,2.8000000000000003,60.32
2015,9,22,9,30,27,16.5,491,3.1,52.54
2015,9,22,10,30,28.200000000000003,16,335,3.2,47.67
2015,9,22,11,30,29.200000000000003,15.700000000000001,180,3.1,43.93
2015,9,22,12,30,29.900000000000002,15.3,683,2.9000000000000004,41.28
2015,9,22,13,30,30.200000000000003,15,359,2.7,39.72
2015,9,22,14,30,30.1,14.600000000000001,148,2.4000000000000004,38.97
2015,9,22,15,30,29.5,14.3,347,2.1,39.44
2015,9,22,16,30,28.400000000000002,14,280,1.5,41.43
2015,9,22,17,30,26.700000000000003,14.600000000000001,40,0.7000000000000001,47.49
2015,9,22,18,30,25.5,15.3,0,0.4,53.39
2015,9,22,19,30,24.8,15.5,0,0.5,56.13
2015,9,22,20,30,24.1,15.200000000000001,0,0.6000000000000001,57.65
2015,9,22,21,30,23.700000000000003,15.200000000000001,0,0.7000000000000001,59.13
2015,9,22,22,30,23.3,15.4,0,0.7000000000000001,61.11
2015,9,22,23,30,22.8,15.600000000000001,0,0.7000000000000001,63.86
2015,9,23,0,30,22.400000000000002,15.9,0,0.8,66.64
2015,9,23,1,30,21.900000000000002,16.2,0,0.8,70.19
2015,9,23,2,30,21.3,16.400000000000002,0,0.8,73.79
2015,9,23,3,30,20.700000000000003,16.6,0,0.8,77.32000000000001
2015,9,23,4,30,20.1,16.7,0,0.9,80.89
2015,9,23,5,30,20.1,16.900000000000002,0,1,81.73
2015,9,23,6,30,21.5,17.2,54,1.5,76.54
2015,9,23,7,30,24.1,17.400000000000002,290,1.4000000000000001,66.15
2015,9,23,8,30,26.6,16.900000000000002,502,0.8,55.31
2015,9,23,9,30,28.400000000000002,16.3,681,0.8,47.910000000000004
2015,9,23,10,30,29.700000000000003,15.8,809,1.1,42.980000000000004
2015,9,23,11,30,30.6,15.200000000000001,872,1.6,39.29
2015,9,23,12,30,31.200000000000003,14.600000000000001,872,1.8,36.53
2015,9,23,13,30,31.6,14,727,2,34.410000000000004
2015,9,23,14,30,31.700000000000003,13.4,677,1.9000000000000001,32.94
2015,9,23,15,30,31.3,12.9,498,1.7000000000000002,32.63
2015,9,23,16,30,30.200000000000003,12.600000000000001,282,1.2000000000000002,33.95
2015,9,23,17,30,28.5,13.5,70,0.6000000000000001,39.83
2015,9,23,18,30,27.200000000000003,13.600000000000001,0,0.5,43.07
2015,9,23,19,30,26.1,13.4,0,0.7000000000000001,45.53
2015,9,23,20,30,25,13.4,0,0.9,48.480000000000004
2015,9,23,21,30,24,13.5,0,1,51.94
2015,9,23,22,30,23.3,13.8,0,1.1,55.24
2015,9,23,23,30,22.700000000000003,14.200000000000001,0,1.2000000000000002,58.83
2015,9,24,0,30,22.3,14.700000000000001,0,1.3,62.24
2015,9,24,1,30,21.6,15.100000000000001,0,1.3,66.56
2015,9,24,2,30,21,15.4,0,1.3,70.28
2015,9,24,3,30,20.3,15.600000000000001,0,1.3,74.3
2015,9,24,4,30,19.5,15.600000000000001,0,1.2000000000000002,78.35000000000001
2015,9,24,5,30,19.400000000000002,15.600000000000001,0,1.4000000000000001,78.84
2015,9,24,6,30,21.1,15.700000000000001,78,2,71.08
2015,9,24,7,30,23.8,15.600000000000001,289,2.2,60.29
2015,9,24,8,30,26.3,15.700000000000001,502,2,51.96
2015,9,24,9,30,28.400000000000002,15.100000000000001,684,1.9000000000000001,44.480000000000004
2015,9,24,10,30,30,14.100000000000001,817,1.8,37.82
2015,9,24,11,30,31.1,13,883,1.8,33.160000000000004
2015,9,24,12,30,31.8,12.200000000000001,842,1.8,30.12
2015,9,24,13,30,32.1,11.4,697,1.8,28.11
2015,9,24,14,30,31.900000000000002,10.700000000000001,388,2,27.14
2015,9,24,15,30,31.200000000000003,10.100000000000001,388,2.4000000000000004,27.26
2015,9,24,16,30,29.6,9.8,274,2.6,29.28
2015,9,24,17,30,27.200000000000003,10.5,65,3.2,35.12
2015,9,24,18,30,25.200000000000003,11.4,0,4.6000000000000005,41.99
2015,9,24,19,30,23.700000000000003,12.4,0,5.5,49.2
2015,9,24,20,30,22.200000000000003,13.700000000000001,0,5.300000000000001,58.75
2015,9,24,21,30,21.1,14.600000000000001,0,4.5,66.49
2015,9,24,22,30,20.3,15,0,3.9000000000000004,71.59
2015,9,24,23,30,19.8,15.200000000000001,0,3.9000000000000004,74.67
2015,9,25,0,30,19.3,15.3,0,4.3,77.42
2015,9,25,1,30,18.900000000000002,15.200000000000001,0,4.4,78.96000000000001
2015,9,25,2,30,18.6,15,0,4.2,79.76
2015,9,25,3,30,18.3,14.9,0,3.8000000000000003,80.77
2015,9,25,4,30,18.1,14.9,0,3.6,81.44
2015,9,25,5,30,18.1,14.8,0,3.8000000000000003,81.08
2015,9,25,6,30,19.1,14.600000000000001,37,4.3,75.19
2015,9,25,7,30,20.900000000000002,14,275,4.800000000000001,64.81
2015,9,25,8,30,22.8,13,489,4.9,53.910000000000004
2015,9,25,9,30,24.700000000000003,12.200000000000001,672,4.800000000000001,45.76
2015,9,25,10,30,26.3,11.700000000000001,805,4.7,40.26
2015,9,25,11,30,27.6,11.3,872,4.5,36.32
2015,9,25,12,30,28.6,10.9,872,4.1000000000000005,33.31
2015,9,25,13,30,29.1,10.4,576,3.7,31.38
2015,9,25,14,30,29.1,10,449,3.5,30.53
2015,9,25,15,30,28.5,9.700000000000001,471,3.2,30.91
2015,9,25,16,30,27.200000000000003,9.5,268,2.6,32.84
2015,9,25,17,30,24.6,10,61,1.8,39.72
2015,9,25,18,30,22.5,10.5,0,1.6,46.6
2015,9,25,19,30,21.6,10.3,0,1.9000000000000001,48.53
2015,9,25,20,30,20.900000000000002,10.3,0,2.2,50.76
2015,9,25,21,30,20.200000000000003,10.5,0,2.3000000000000003,53.5
2015,9,25,22,30,19.400000000000002,10.600000000000001,0,2.2,56.76
2015,9,25,23,30,18.6,10.700000000000001,0,2,60.08
2015,9,26,0,30,17.900000000000002,10.8,0,1.7000000000000002,63.07
2015,9,26,1,30,17.3,10.8,0,1.4000000000000001,65.69
2015,9,26,2,30,16.7,10.9,0,1.2000000000000002,68.79
2015,9,26,3,30,16.3,11.100000000000001,0,1,71.33
2015,9,26,4,30,16.1,11.200000000000001,0,1,72.92
2015,9,26,5,30,16.400000000000002,11.4,0,0.9,72.19
2015,9,26,6,30,18.2,11.5,77,1.2000000000000002,65.01
2015,9,26,7,30,21.8,11.700000000000001,291,1.7000000000000002,52.550000000000004
2015,9,26,8,30,25,11.4,508,1.8,42.5
2015,9,26,9,30,27,10.8,692,1.8,36.44
2015,9,26,10,30,28.3,10.200000000000001,824,1.8,32.3
2015,9,26,11,30,29.400000000000002,9.4,892,1.8,28.77
2015,9,26,12,30,30.1,8.6,890,1.7000000000000002,26.27
2015,9,26,13,30,30.400000000000002,7.9,819,1.6,24.61
2015,9,26,14,30,30.3,7.300000000000001,684,1.4000000000000001,23.69
2015,9,26,15,30,29.700000000000003,6.800000000000001,496,1.4000000000000001,23.72
2015,9,26,16,30,28.200000000000003,6.6000000000000005,276,1.1,25.45
2015,9,26,17,30,25.700000000000003,8.5,62,0.9,33.69
2015,9,26,18,30,23.700000000000003,8.5,0,1,37.92
2015,9,26,19,30,22.6,8.3,0,1.1,39.910000000000004
2015,9,26,20,30,21.5,8.1,0,1.2000000000000002,42.07
2015,9,26,21,30,20.6,7.9,0,1.2000000000000002,43.96
2015,9,26,22,30,19.900000000000002,7.800000000000001,0,1.3,45.56
2015,9,26,23,30,19.200000000000003,7.7,0,1.4000000000000001,47.29
2015,9,27,0,30,18.6,7.7,0,1.4000000000000001,48.93
2015,9,27,1,30,18,7.7,0,1.4000000000000001,50.94
2015,9,27,2,30,17.5,7.800000000000001,0,1.3,52.95
2015,9,27,3,30,17.1,7.9,0,1.1,54.72
2015,9,27,4,30,16.7,8,0,1,56.46
2015,9,27,5,30,16.8,8,0,0.9,56.24
2015,9,27,6,30,18.6,8.4,75,1.1,51.46
2015,9,27,7,30,22.200000000000003,8.3,288,1.6,40.94
2015,9,27,8,30,26.1,8.1,504,2.4000000000000004,31.87
2015,9,27,9,30,29,7.300000000000001,688,2.9000000000000004,25.580000000000002
2015,9,27,10,30,30.6,7,819,3,22.87
2015,9,27,11,30,31.900000000000002,6.9,882,2.9000000000000004,21.12
2015,9,27,12,30,32.800000000000004,6.9,879,2.9000000000000004,19.98
2015,9,27,13,30,33.2,6.7,809,2.8000000000000003,19.3
2015,9,27,14,30,33.300000000000004,6.4,672,2.8000000000000003,18.82
2015,9,27,15,30,32.800000000000004,6,485,2.7,18.87
2015,9,27,16,30,30.700000000000003,5.7,266,2,20.77
2015,9,27,17,30,27.200000000000003,8.8,56,1.4000000000000001,31.32
2015,9,27,18,30,25,7.9,0,1.6,33.61
2015,9,27,19,30,24,7.300000000000001,0,1.9000000000000001,34.29
2015,9,27,20,30,23.200000000000003,7,0,2.2,35.33
2015,9,27,21,30,22.400000000000002,7,0,2.3000000000000003,37.050000000000004
2015,9,27,22,30,21.5,7.2,0,2.2,39.57
2015,9,27,23,30,20.700000000000003,7.4,0,2.1,42.11
2015,9,28,0,30,19.900000000000002,7.5,0,1.9000000000000001,44.7
2015,9,28,1,30,19.200000000000003,7.7,0,1.7000000000000002,47.19
2015,9,28,2,30,18.5,7.7,0,1.5,49.34
2015,9,28,3,30,17.900000000000002,7.5,0,1.5,50.76
2015,9,28,4,30,17.400000000000002,7.4,0,1.5,51.84
2015,9,28,5,30,17.400000000000002,7.300000000000001,0,1.6,51.46
2015,9,28,6,30,19.3,7.4,75,2.3000000000000003,45.97
2015,9,28,7,30,23,7.4,290,2.8000000000000003,36.59
2015,9,28,8,30,27,7.2,507,3,28.490000000000002
2015,9,28,9,30,30.3,7,690,3.3000000000000003,23.28
2015,9,28,10,30,32.4,7,820,3.2,20.56
2015,9,28,11,30,33.9,6.7,886,2.9000000000000004,18.53
2015,9,28,12,30,34.800000000000004,6.300000000000001,879,2.5,17.17
2015,9,28,13,30,35.2,5.9,806,2.2,16.32
2015,9,28,14,30,35,5.5,669,1.8,16.11
2015,9,28,15,30,34.300000000000004,5.300000000000001,480,1.6,16.48
2015,9,28,16,30,32.300000000000004,5.300000000000001,261,1.1,18.46
2015,9,28,17,30,29.3,9.1,52,1,28.38
2015,9,28,18,30,27.1,8.4,0,1.5,30.67
2015,9,28,19,30,25.700000000000003,8.3,0,1.8,33.09
2015,9,28,20,30,24.5,8.200000000000001,0,1.9000000000000001,35.480000000000004
2015,9,28,21,30,23.400000000000002,8,0,1.7000000000000002,37.42
2015,9,28,22,30,22.6,7.9,0,1.5,38.81
2015,9,28,23,30,21.900000000000002,7.7,0,1.5,40.08
2015,9,29,0,30,21.1,7.7,0,1.4000000000000001,42.03
2015,9,29,1,30,20.200000000000003,7.800000000000001,0,1.4000000000000001,44.78
2015,9,29,2,30,19.400000000000002,8,0,1.2000000000000002,47.58
2015,9,29,3,30,18.6,8.1,0,1.1,50.53
2015,9,29,4,30,17.900000000000002,8.200000000000001,0,1.1,53.160000000000004
2015,9,29,5,30,17.7,8.3,0,1.1,54.22
2015,9,29,6,30,19.400000000000002,8.6,72,1.8,49.52
2015,9,29,7,30,22.8,8.700000000000001,285,2.4000000000000004,40.59
2015,9,29,8,30,26.400000000000002,8.5,500,2.4000000000000004,32.29
2015,9,29,9,30,29.5,8.200000000000001,681,2.4000000000000004,26.35
2015,9,29,10,30,31.700000000000003,7.7,811,2.5,22.52
2015,9,29,11,30,33.300000000000004,7.2,875,2.7,19.91
2015,9,29,12,30,34.2,6.7,870,2.7,18.3
2015,9,29,13,30,34.6,6.300000000000001,797,2.6,17.36
2015,9,29,14,30,34.4,5.9,659,2.5,17.1
2015,9,29,15,30,33.7,5.7,472,2.4000000000000004,17.5
2015,9,29,16,30,31.6,5.6000000000000005,255,1.9000000000000001,19.61
2015,9,29,17,30,28.5,8.4,31,1.5,28.400000000000002
2015,9,29,18,30,26.3,7.7,0,2.1,30.82
2015,9,29,19,30,25.1,7.5,0,3.1,32.55
2015,9,29,20,30,24,7.7,0,4.1000000000000005,35.27
2015,9,29,21,30,23,8,0,4.800000000000001,38.15
2015,9,29,22,30,22,8.200000000000001,0,5.1000000000000005,41.25
2015,9,29,23,30,21.200000000000003,8.4,0,5.1000000000000005,43.69
2015,9,30,0,30,20.400000000000002,8.3,0,4.800000000000001,45.59
2015,9,30,1,30,19.5,8.1,0,4,47.58
2015,9,30,2,30,18.7,8,0,3.2,49.89
2015,9,30,3,30,18.1,8,0,2.8000000000000003,51.7
2015,9,30,4,30,17.6,7.9,0,2.6,53.08
2015,9,30,5,30,17.6,7.9,0,2.7,52.92
2015,9,30,6,30,19.1,7.9,67,3.3000000000000003,48.19
2015,9,30,7,30,22.6,7.9,274,4.2,38.910000000000004
2015,9,30,8,30,26.3,7.300000000000001,487,4.800000000000001,29.92
2015,9,30,9,30,28.700000000000003,7,668,4.7,25.400000000000002
2015,9,30,10,30,30.5,7.1000000000000005,796,4.3,23.13
2015,9,30,11,30,31.900000000000002,7.2,862,3.8000000000000003,21.490000000000002
2015,9,30,12,30,32.800000000000004,7.2,857,3.3000000000000003,20.42
2015,9,30,13,30,33.300000000000004,7.1000000000000005,786,3,19.7
2015,9,30,14,30,33.2,6.800000000000001,649,2.9000000000000004,19.42
2015,9,30,15,30,32.5,6.300000000000001,466,2.8000000000000003,19.55
2015,9,30,16,30,30.3,5.800000000000001,231,2,21.42
2015,9,30,17,30,26.900000000000002,7.800000000000001,45,1.4000000000000001,29.78
2015,9,30,18,30,24.6,6.9,0,1.4000000000000001,32.160000000000004
2015,9,30,19,30,23.5,6,0,1.6,32.230000000000004
2015,9,30,20,30,22.5,5.2,0,1.7000000000000002,32.54
2015,9,30,21,30,21.700000000000003,4.800000000000001,0,1.8,33.1
2015,9,30,22,30,20.900000000000002,4.6000000000000005,0,1.8,34.44
2015,9,30,23,30,20.1,4.800000000000001,0,1.8,36.51
2015,10,1,0,30,19.3,5,0,1.8,39.09
2015,10,1,1,30,18.6,5.300000000000001,0,1.8,41.72
2015,10,1,2,30,17.900000000000002,5.5,0,1.6,44.2
2015,10,1,3,30,17.400000000000002,5.6000000000000005,0,1.4000000000000001,45.75
2015,10,1,4,30,17.1,5.5,0,1.2000000000000002,46.46
2015,10,1,5,30,17.3,5.4,0,1,45.550000000000004
2015,10,1,6,30,19.200000000000003,5.5,68,1.2000000000000002,40.7
2015,10,1,7,30,22.5,5.300000000000001,279,1.6,32.65
2015,10,1,8,30,26.200000000000003,5.5,494,1.8,26.52
2015,10,1,9,30,29.700000000000003,5.800000000000001,676,1.9000000000000001,22.12
2015,10,1,10,30,32,5.5,805,1.7000000000000002,19.05
2015,10,1,11,30,33.300000000000004,5.5,870,1.6,17.62
2015,10,1,12,30,34.1,5.800000000000001,864,1.8,17.23
2015,10,1,13,30,34.4,6.1000000000000005,792,2,17.34
2015,10,1,14,30,34.2,6.2,654,2.2,17.67
2015,10,1,15,30,33.5,6.1000000000000005,466,2.1,18.150000000000002
2015,10,1,16,30,31.400000000000002,5.9,248,1.5,20.17
2015,10,1,17,30,28.700000000000003,8.6,42,1,28.41
2015,10,1,18,30,26.8,7.6000000000000005,0,1.2000000000000002,29.650000000000002
2015,10,1,19,30,25.3,7.4,0,1.4000000000000001,32.04
2015,10,1,20,30,23.900000000000002,7.4,0,1.5,34.67
2015,10,1,21,30,22.900000000000002,7.4,0,1.7000000000000002,36.980000000000004
2015,10,1,22,30,22.1,7.6000000000000005,0,1.9000000000000001,39.31
2015,10,1,23,30,21.400000000000002,7.800000000000001,0,2,41.59
2015,10,2,0,30,20.700000000000003,8,0,2.1,43.84
2015,10,2,1,30,20,8,0,2.1,46.07
2015,10,2,2,30,19.3,8.1,0,2,48.27
2015,10,2,3,30,18.6,8.200000000000001,0,1.9000000000000001,50.63
2015,10,2,4,30,18,8.200000000000001,0,1.7000000000000002,52.88
2015,10,2,5,30,17.900000000000002,8.4,0,1.8,53.64
2015,10,2,6,30,19.6,8.5,67,2.5,48.82
2015,10,2,7,30,22.900000000000002,8.8,281,3.1,40.480000000000004
2015,10,2,8,30,26.900000000000002,8.9,497,3.6,32.22
2015,10,2,9,30,30.6,8.4,578,4.4,25.1
2015,10,2,10,30,32.7,8,639,4.6000000000000005,21.76
2015,10,2,11,30,33.7,8,866,4.6000000000000005,20.54
2015,10,2,12,30,34.2,8.1,855,4.6000000000000005,20.080000000000002
2015,10,2,13,30,34.2,8.200000000000001,762,4.6000000000000005,20.27
2015,10,2,14,30,33.7,8.200000000000001,559,4.6000000000000005,20.79
2015,10,2,15,30,32.9,7.9,414,4.2,21.31
2015,10,2,16,30,31,7.9,171,3,23.73
2015,10,2,17,30,28.5,9,21,1.9000000000000001,29.560000000000002
2015,10,2,18,30,26.900000000000002,9.3,0,1.8,33.05
2015,10,2,19,30,26.1,9.5,0,1.9000000000000001,35.050000000000004
2015,10,2,20,30,25.3,9.8,0,1.9000000000000001,37.54
2015,10,2,21,30,24.5,10.200000000000001,0,1.9000000000000001,40.52
2015,10,2,22,30,23.6,10.700000000000001,0,1.7000000000000002,44.06
2015,10,2,23,30,22.900000000000002,11,0,1.5,47.01
2015,10,3,0,30,22.5,11.3,0,1.3,49.15
2015,10,3,1,30,22.6,11.600000000000001,0,1.3,49.68
2015,10,3,2,30,22.6,11.700000000000001,0,1.2000000000000002,50.31
2015,10,3,3,30,22.200000000000003,11.9,0,1.1,51.99
2015,10,3,4,30,21.900000000000002,11.9,0,0.9,53.09
2015,10,3,5,30,21.6,11.9,0,0.9,54.19
2015,10,3,6,30,22.200000000000003,12.3,56,1.2000000000000002,53.31
2015,10,3,7,30,24.400000000000002,12.100000000000001,259,1.4000000000000001,46.28
2015,10,3,8,30,27.1,9.9,473,1.7000000000000002,33.910000000000004
2015,10,3,9,30,28.900000000000002,8.6,489,3.3000000000000003,28.150000000000002
2015,10,3,10,30,28.8,9.4,764,4.800000000000001,29.7
2015,10,3,11,30,26.8,10.200000000000001,572,5.300000000000001,35.27
2015,10,3,12,30,25.1,10.700000000000001,558,4.5,40.300000000000004
2015,10,3,13,30,24.900000000000002,10.8,69,3,41.14
2015,10,3,14,30,25.3,10.9,122,2.2,40.56
2015,10,3,15,30,25.3,11.200000000000001,136,2,41.230000000000004
2015,10,3,16,30,24.6,11.600000000000001,93,1.5,44.25
2015,10,3,17,30,23.5,12.600000000000001,13,0.8,50.39
2015,10,3,18,30,22.900000000000002,13,0,0.8,53.54
2015,10,3,19,30,22.3,13.600000000000001,0,1.2000000000000002,57.95
2015,10,3,20,30,21.6,14.200000000000001,0,1.5,62.9
2015,10,3,21,30,20.900000000000002,15.200000000000001,0,1.7000000000000002,69.97
2015,10,3,22,30,20.3,16,0,1.7000000000000002,76.35000000000001
2015,10,3,23,30,19.900000000000002,16.6,0,1.4000000000000001,81.16
2015,10,4,0,30,19.6,16.900000000000002,0,1,84.48
2015,10,4,1,30,19.400000000000002,17.1,0,0.7000000000000001,86.34
2015,10,4,2,30,19,17.400000000000002,0,0.9,90.3
2015,10,4,3,30,18.5,17.7,0,1.6,94.83
2015,10,4,4,30,18.1,17.3,0,2.5,94.78
2015,10,4,5,30,17.7,17,0,3.1,95.51
2015,10,4,6,30,17.7,16.8,13,3.6,94.64
2015,10,4,7,30,18.1,16.7,86,4.1000000000000005,91.4
2015,10,4,8,30,19,16.400000000000002,76,4.7,84.76
2015,10,4,9,30,20.1,15.9,219,4.9,76.68
2015,10,4,10,30,21.200000000000003,15.200000000000001,353,5,68.54
2015,10,4,11,30,22.1,14.600000000000001,461,5,62.4
2015,10,4,12,30,22.3,14.100000000000001,419,5.1000000000000005,59.57
2015,10,4,13,30,22,13.700000000000001,296,5.1000000000000005,59.34
2015,10,4,14,30,21.3,13.5,74,5.1000000000000005,61.08
2015,10,4,15,30,20.5,13.4,45,5.1000000000000005,63.96
2015,10,4,16,30,19.400000000000002,13.5,148,5,68.81
2015,10,4,17,30,18.1,13.600000000000001,25,4.7,75.13
2015,10,4,18,30,17,13.8,0,4.6000000000000005,81.29
2015,10,4,19,30,16.1,13.8,0,4.6000000000000005,86.01
2015,10,4,20,30,15.600000000000001,13.600000000000001,0,4.4,87.93
2015,10,4,21,30,15.200000000000001,13.5,0,4.1000000000000005,89.44
2015,10,4,22,30,15,13.5,0,3.7,90.72
2015,10,4,23,30,14.8,13.600000000000001,0,3.4000000000000004,92.57000000000001
2015,10,5,0,30,14.600000000000001,13.700000000000001,0,3.2,94.4
2015,10,5,1,30,14.4,13.8,0,3,95.97
2015,10,5,2,30,14.3,13.700000000000001,0,2.9000000000000004,96.35000000000001
2015,10,5,3,30,14.100000000000001,13.600000000000001,0,3,97.04
2015,10,5,4,30,14,13.5,0,3.1,96.79
2015,10,5,5,30,13.9,13.3,0,3.3000000000000003,96.28
2015,10,5,6,30,14.600000000000001,13.100000000000001,53,3.6,90.89
2015,10,5,7,30,16.400000000000002,13.3,62,4,82.12
2015,10,5,8,30,18.400000000000002,13.700000000000001,54,4,74.13
2015,10,5,9,30,20.3,13.8,328,3.7,66.27
2015,10,5,10,30,22,13.9,532,3.4000000000000004,60.17
2015,10,5,11,30,23.3,14,832,3.1,55.76
2015,10,5,12,30,24.200000000000003,13.8,827,2.7,52.300000000000004
2015,10,5,13,30,24.700000000000003,13.4,640,2.4000000000000004,49.56
2015,10,5,14,30,24.700000000000003,13,615,2.3000000000000003,48.21
2015,10,5,15,30,24.3,12.700000000000001,331,2.1,48.26
2015,10,5,16,30,23,12.5,31,1.6,51.45
2015,10,5,17,30,20.8,13.700000000000001,15,1.3,63.65
2015,10,5,18,30,19.400000000000002,13.5,0,1.7000000000000002,68.86
2015,10,5,19,30,19,13.600000000000001,0,2.3000000000000003,70.67
2015,10,5,20,30,18.5,13.600000000000001,0,2.4000000000000004,73.21000000000001
2015,10,5,21,30,18,13.5,0,2.3000000000000003,75.2
2015,10,5,22,30,17.6,13.5,0,2.2,76.92
2015,10,5,23,30,17.3,13.600000000000001,0,2,78.73
2015,10,6,0,30,17.1,13.700000000000001,0,1.9000000000000001,80.59
2015,10,6,1,30,16.900000000000002,13.9,0,1.6,82.67
2015,10,6,2,30,16.7,14.3,0,1.4000000000000001,85.78
2015,10,6,3,30,16.5,14.8,0,1.3,89.8
2015,10,6,4,30,16.3,15.100000000000001,0,1.2000000000000002,92.86
2015,10,6,5,30,16.2,15.200000000000001,0,1.3,93.97
2015,10,6,6,30,16.8,15.100000000000001,48,1.9000000000000001,89.96000000000001
2015,10,6,7,30,18.400000000000002,15.200000000000001,238,2.4000000000000004,81.43
2015,10,6,8,30,20.1,15.200000000000001,440,2.3000000000000003,73.51
2015,10,6,9,30,21.5,15.200000000000001,611,2.3000000000000003,67.24
2015,10,6,10,30,22.5,15.100000000000001,733,2.6,62.980000000000004
2015,10,6,11,30,23.3,15.100000000000001,809,2.9000000000000004,59.94
2015,10,6,12,30,23.8,15.100000000000001,802,3.2,58.15
2015,10,6,13,30,24,15,619,3.2,57.17
2015,10,6,14,30,24.1,14.9,593,3,56.29
2015,10,6,15,30,23.900000000000002,14.700000000000001,408,2.5,56.56
2015,10,6,16,30,23,14.9,201,1.6,60.29
2015,10,6,17,30,21.6,16.2,22,0.9,71.23
2015,10,6,18,30,20.700000000000003,16.2,0,0.8,75.48
2015,10,6,19,30,19.900000000000002,16.1,0,1,78.72
2015,10,6,20,30,18.8,16,0,1.5,83.60000000000001
2015,10,6,21,30,17.900000000000002,16,0,1.8,88.68
2015,10,6,22,30,17.2,16,0,1.7000000000000002,92.59
2015,10,6,23,30,16.6,15.8,0,1.6,95.29
2015,10,7,0,30,16.1,15.600000000000001,0,1.6,96.98
2015,10,7,1,30,15.600000000000001,15.4,0,1.6,98.64
2015,10,7,2,30,15.200000000000001,15.200000000000001,0,1.5,99.69
2015,10,7,3,30,15,14.9,0,1.3,99.44
2015,10,7,4,30,14.700000000000001,14.700000000000001,0,1.1,100
2015,10,7,5,30,14.700000000000001,14.5,0,1.1,98.71000000000001
2015,10,7,6,30,15.600000000000001,14.4,49,1.4000000000000001,92.67
2015,10,7,7,30,17.7,14.5,246,1.6,81.74
2015,10,7,8,30,19.900000000000002,14.4,458,1.6,70.47
2015,10,7,9,30,21.700000000000003,13.600000000000001,640,1.8,59.870000000000005
2015,10,7,10,30,23.200000000000003,12.4,510,2.3000000000000003,50.550000000000004
2015,10,7,11,30,24.1,11.200000000000001,836,2.7,44.24
2015,10,7,12,30,24.6,10.200000000000001,796,2.9000000000000004,40.14
2015,10,7,13,30,24.700000000000003,9.3,195,2.9000000000000004,37.76
2015,10,7,14,30,24.200000000000003,8.700000000000001,105,2.6,37.35
2015,10,7,15,30,23.5,8.200000000000001,292,2.1,37.62
2015,10,7,16,30,21.8,7.9,201,1.5,40.910000000000004
2015,10,7,17,30,19.400000000000002,9.4,11,1.1,52.32
2015,10,7,18,30,17.6,9.4,0,1.2000000000000002,58.730000000000004
2015,10,7,19,30,16.8,9.3,0,1.2000000000000002,61.13
2015,10,7,20,30,16.2,9.5,0,1.1,64.33
2015,10,7,21,30,15.700000000000001,9.8,0,1.5,68.17
2015,10,7,22,30,15.200000000000001,10.3,0,2,72.72
2015,10,7,23,30,14.8,11,0,2,77.77
2015,10,8,0,30,14.200000000000001,11.3,0,2.2,82.69
2015,10,8,1,30,13.700000000000001,11.200000000000001,0,2.5,85.07000000000001
2015,10,8,2,30,13.3,10.700000000000001,0,2.2,84.29
2015,10,8,3,30,13,10.200000000000001,0,1.6,82.91
2015,10,8,4,30,12.700000000000001,9.8,0,1.2000000000000002,82.65
2015,10,8,5,30,12.4,9.9,0,1.2000000000000002,84.74
2015,10,8,6,30,13.5,10.3,29,1.9000000000000001,81.25
2015,10,8,7,30,16.1,10.700000000000001,262,2.7,70.29
2015,10,8,8,30,18.5,10,474,3.1,57.58
2015,10,8,9,30,20.200000000000003,9.4,502,3.1,49.800000000000004
2015,10,8,10,30,21.5,9.3,310,2.9000000000000004,45.59
2015,10,8,11,30,22.3,9.3,242,2.7,43.65
2015,10,8,12,30,22.700000000000003,9.5,149,2.5,43.03
2015,10,8,13,30,22.6,9.600000000000001,504,2.4000000000000004,43.71
2015,10,8,14,30,22.200000000000003,9.700000000000001,475,2.2,44.97
2015,10,8,15,30,21.700000000000003,9.700000000000001,333,1.9000000000000001,46.44
2015,10,8,16,30,20.700000000000003,9.8,147,1.8,49.6
2015,10,8,17,30,19.3,10.5,11,1.6,56.56
2015,10,8,18,30,18.1,10.9,0,1.3,62.940000000000005
2015,10,8,19,30,17.1,11.200000000000001,0,1.5,68.23
2015,10,8,20,30,16.5,11.3,0,2.3000000000000003,71.54
2015,10,8,21,30,16,11.5,0,2.8000000000000003,74.73
2015,10,8,22,30,15.3,11.700000000000001,0,2.4000000000000004,79.16
2015,10,8,23,30,14.8,11.8,0,2,82.01
2015,10,9,0,30,14.3,11.700000000000001,0,1.8,84.56
2015,10,9,1,30,13.9,11.700000000000001,0,1.7000000000000002,86.53
2015,10,9,2,30,13.5,11.600000000000001,0,1.6,88.27
2015,10,9,3,30,13.100000000000001,11.5,0,1.7000000000000002,89.78
2015,10,9,4,30,12.9,11.3,0,1.9000000000000001,89.87
2015,10,9,5,30,13.200000000000001,11.200000000000001,0,2.4000000000000004,87.4
2015,10,9,6,30,14.700000000000001,11.200000000000001,50,3.3000000000000003,79.3
2015,10,9,7,30,17.3,11.600000000000001,252,4.4,69.18
2015,10,9,8,30,19.6,12.3,463,5,62.89
2015,10,9,9,30,21.400000000000002,12.5,342,5.1000000000000005,56.82
2015,10,9,10,30,22.900000000000002,12.600000000000001,764,5.1000000000000005,52.11
2015,10,9,11,30,24.200000000000003,12.3,827,5.1000000000000005,47.26
2015,10,9,12,30,25,11.8,616,4.9,43.76
2015,10,9,13,30,25.400000000000002,11.3,192,4.7,41.300000000000004
2015,10,9,14,30,25.3,11,230,4.5,40.6
2015,10,9,15,30,24.6,10.8,106,4.4,41.82
2015,10,9,16,30,23.1,10.8,207,3.9000000000000004,45.76
2015,10,9,17,30,20.900000000000002,11.200000000000001,19,3.3000000000000003,53.77
2015,10,9,18,30,19.3,11.700000000000001,0,3.5,61.36
2015,10,9,19,30,18.2,12.200000000000001,0,3.7,68.15
2015,10,9,20,30,17.2,12.600000000000001,0,3.5,74.56
2015,10,9,21,30,16.400000000000002,12.8,0,3.1,79.29
2015,10,9,22,30,15.8,12.9,0,2.8000000000000003,82.72
2015,10,9,23,30,15.200000000000001,12.9,0,2.5,86.02
2015,10,10,0,30,14.8,12.9,0,2.3000000000000003,88.27
2015,10,10,1,30,14.4,12.9,0,2.1,90.61
2015,10,10,2,30,14.100000000000001,12.9,0,1.8,92.54
2015,10,10,3,30,13.9,13,0,1.7000000000000002,94.06
2015,10,10,4,30,13.8,13,0,1.5,95.12
2015,10,10,5,30,13.8,13.100000000000001,0,1.4000000000000001,95.65
2015,10,10,6,30,14.9,13.200000000000001,32,1.9000000000000001,89.60000000000001
2015,10,10,7,30,17.6,13.3,167,2.5,76.01
2015,10,10,8,30,20.200000000000003,13.4,341,2.4000000000000004,65.08
2015,10,10,9,30,22.400000000000002,13.4,631,1.9000000000000001,56.9
2015,10,10,10,30,24.3,13.200000000000001,745,1.3,50.08
2015,10,10,11,30,25.8,12.700000000000001,709,1,44.24
2015,10,10,12,30,26.900000000000002,12,642,0.9,39.59
2015,10,10,13,30,27.5,11.4,572,0.8,36.62
2015,10,10,14,30,27.5,10.8,597,0.9,35.31
2015,10,10,15,30,27,10.3,412,0.8,35.2
2015,10,10,16,30,25.700000000000003,10.100000000000001,200,0.6000000000000001,37.35
2015,10,10,17,30,24,11.4,17,0.4,45.22
2015,10,10,18,30,22.8,10.9,0,0.5,47.09
2015,10,10,19,30,21.8,10.700000000000001,0,0.6000000000000001,49.32
2015,10,10,20,30,20.900000000000002,10.5,0,0.8,51.51
2015,10,10,21,30,20.3,10.3,0,0.9,52.79
2015,10,10,22,30,19.700000000000003,10.200000000000001,0,0.9,54.370000000000005
2015,10,10,23,30,19.1,10.100000000000001,0,0.9,56.11
2015,10,11,0,30,18.400000000000002,10.200000000000001,0,0.9,58.76
2015,10,11,1,30,17.6,10.3,0,0.9,62.2
2015,10,11,2,30,17,10.4,0,0.9,65.29
2015,10,11,3,30,16.5,10.600000000000001,0,0.9,68.29
2015,10,11,4,30,16.3,10.8,0,0.9,69.91
2015,10,11,5,30,16.1,10.9,0,0.8,71.35000000000001
2015,10,11,6,30,17.3,11,47,0.9,66.59
2015,10,11,7,30,20.200000000000003,11.200000000000001,246,1.4000000000000001,56.26
2015,10,11,8,30,23.700000000000003,11.700000000000001,453,2.2,46.910000000000004
2015,10,11,9,30,26.5,12.3,629,2.7,41.26
2015,10,11,10,30,28.200000000000003,12.4,752,2.8000000000000003,37.57
2015,10,11,11,30,29.5,12.200000000000001,790,2.8000000000000003,34.44
2015,10,11,12,30,30.400000000000002,11.9,792,2.9000000000000004,32.03
2015,10,11,13,30,30.8,11.5,716,2.9000000000000004,30.59
2015,10,11,14,30,30.700000000000003,11.100000000000001,577,3,29.98
2015,10,11,15,30,29.900000000000002,10.9,394,3.1,30.830000000000002
2015,10,11,16,30,27.900000000000002,10.9,185,2.5,34.77
2015,10,11,17,30,25.5,12.200000000000001,6,2.4000000000000004,43.57
2015,10,11,18,30,24.400000000000002,12.100000000000001,0,3.2,46.21
2015,10,11,19,30,23.8,12.3,0,4,48.63
2015,10,11,20,30,23.3,12.8,0,4.1000000000000005,51.54
2015,10,11,21,30,22.6,13.200000000000001,0,3.7,55.38
2015,10,11,22,30,21.900000000000002,13.5,0,3.3000000000000003,58.9
2015,10,11,23,30,21.1,13.5,0,3,61.71
2015,10,12,0,30,20.200000000000003,13,0,2.7,63.2
2015,10,12,1,30,19.3,12,0,2.5,62.690000000000005
2015,10,12,2,30,18.5,10.700000000000001,0,2.1,60.6
2015,10,12,3,30,17.6,9.4,0,1.9000000000000001,58.75
2015,10,12,4,30,17,8.3,0,1.7000000000000002,56.68
2015,10,12,5,30,16.7,7.5,0,1.6,54.480000000000004
2015,10,12,6,30,18,7,22,2.3000000000000003,48.43
2015,10,12,7,30,20.6,6.2,169,2.9000000000000004,39.160000000000004
2015,10,12,8,30,23.6,6.1000000000000005,306,3.2,32.39
2015,10,12,9,30,26.700000000000003,6.2,460,3.2,27.07
2015,10,12,10,30,28.8,6.300000000000001,755,2.6,24.150000000000002
2015,10,12,11,30,30.200000000000003,6.300000000000001,813,2.2,22.28
2015,10,12,12,30,30.900000000000002,6.300000000000001,511,2,21.43
2015,10,12,13,30,30.900000000000002,6.4,385,2,21.490000000000002
2015,10,12,14,30,30.400000000000002,6.4,400,1.9000000000000001,22.17
2015,10,12,15,30,29.200000000000003,6.5,292,1.5,23.85
2015,10,12,16,30,27.400000000000002,8.4,72,1.2000000000000002,30.14
2015,10,12,17,30,25.6,9.9,5,1.3,37.1
2015,10,12,18,30,24.3,9.1,0,1.6,38.08
2015,10,12,19,30,23,8.9,0,1.8,40.74
2015,10,12,20,30,21.6,9,0,1.8,44.42
2015,10,12,21,30,20.400000000000002,9,0,1.7000000000000002,48.050000000000004
2015,10,12,22,30,19.200000000000003,9.1,0,1.6,51.86
2015,10,12,23,30,18.3,9.200000000000001,0,1.5,55.27
2015,10,13,0,30,17.5,9.3,0,1.5,58.67
2015,10,13,1,30,16.8,9.5,0,1.4000000000000001,62.04
2015,10,13,2,30,16.400000000000002,9.600000000000001,0,1.2000000000000002,64
2015,10,13,3,30,16.1,9.5,0,1.2000000000000002,64.98
2015,10,13,4,30,15.8,9.4,0,1.1,65.75
2015,10,13,5,30,15.700000000000001,9.200000000000001,0,1.1,65.46000000000001
2015,10,13,6,30,17.2,9.1,45,1.6,58.9
2015,10,13,7,30,20.5,9.1,246,2,47.82
2015,10,13,8,30,23.900000000000002,9.4,455,1.5,39.77
2015,10,13,9,30,26.8,9.8,633,1.2000000000000002,34.33
2015,10,13,10,30,28.8,9.4,757,1.2000000000000002,29.78
2015,10,13,11,30,30.3,8.6,816,1.2000000000000002,25.96
2015,10,13,12,30,31.200000000000003,7.9,810,1.3,23.39
2015,10,13,13,30,31.6,7.2,734,1.4000000000000001,21.900000000000002
2015,10,13,14,30,31.400000000000002,6.7,594,1.5,21.31
2015,10,13,15,30,30.700000000000003,6.2,405,1.4000000000000001,21.46
2015,10,13,16,30,28.900000000000002,6.300000000000001,191,0.9,23.94
2015,10,13,17,30,27,8.4,0,0.6000000000000001,30.89
2015,10,13,18,30,25.8,6.9,0,0.7000000000000001,30.02
2015,10,13,19,30,24.6,6.800000000000001,0,0.8,32
2015,10,13,20,30,23.3,6.800000000000001,0,1,34.67
2015,10,13,21,30,22.200000000000003,6.9,0,1.1,37.2
2015,10,13,22,30,21.1,7,0,1.2000000000000002,40.07
2015,10,13,23,30,20.1,7.1000000000000005,0,1.2000000000000002,43.03
2015,10,14,0,30,19.1,7.2,0,1.2000000000000002,45.9
2015,10,14,1,30,18.3,7.1000000000000005,0,1.1,48.11
2015,10,14,2,30,18,7,0,1,48.67
2015,10,14,3,30,17.900000000000002,6.9,0,0.7000000000000001,48.59
2015,10,14,4,30,17.8,6.800000000000001,0,0.6000000000000001,48.65
2015,10,14,5,30,17.7,6.9,0,0.5,49.11
2015,10,14,6,30,18.5,7.1000000000000005,44,0.7000000000000001,47.35
2015,10,14,7,30,20.700000000000003,8.1,248,0.9,44.4
2015,10,14,8,30,24,8,462,1,35.980000000000004
2015,10,14,9,30,27.8,7.5,641,0.8,27.69
2015,10,14,10,30,30.3,5.9,767,0.7000000000000001,21.55
2015,10,14,11,30,31.400000000000002,5,825,0.7000000000000001,19.02
2015,10,14,12,30,31.900000000000002,4.4,815,0.8,17.69
2015,10,14,13,30,32,3.9000000000000004,736,0.9,17.02
2015,10,14,14,30,31.6,3.6,584,0.9,17
2015,10,14,15,30,30.6,3.4000000000000004,376,0.8,17.82
2015,10,14,16,30,28.6,5.6000000000000005,189,0.7000000000000001,23.26
2015,10,14,17,30,26.6,8.1,0,0.8,31.01
2015,10,14,18,30,25.200000000000003,6.800000000000001,0,1,30.85
2015,10,14,19,30,23.900000000000002,6.6000000000000005,0,1.1,32.95
2015,10,14,20,30,22.6,6.5,0,1.2000000000000002,35.39
2015,10,14,21,30,21.3,6.4,0,1.3,37.97
2015,10,14,22,30,20.200000000000003,6.2,0,1.3,40
2015,10,14,23,30,19.5,6.1000000000000005,0,1.4000000000000001,41.46
2015,10,15,0,30,18.900000000000002,6.1000000000000005,0,1.3,43.27
2015,10,15,1,30,18.5,6.4,0,1.2000000000000002,45.21
2015,10,15,2,30,18.1,6.7,0,1.1,47.17
2015,10,15,3,30,17.7,6.9,0,1,49.01
2015,10,15,4,30,17.2,6.9,0,1,50.800000000000004
2015,10,15,5,30,16.6,6.9,0,1,52.81
2015,10,15,6,30,17.7,7.1000000000000005,42,1.4000000000000001,49.69
2015,10,15,7,30,20.5,7.5,243,1.9000000000000001,43.13
2015,10,15,8,30,24.1,7.6000000000000005,454,2.1,34.81
2015,10,15,9,30,27.700000000000003,7.9,632,2,28.72
2015,10,15,10,30,30,7.5,757,1.8,24.52
2015,10,15,11,30,31,7,815,1.7000000000000002,22.23
2015,10,15,12,30,31.5,6.300000000000001,805,1.8,20.66
2015,10,15,13,30,31.6,5.800000000000001,727,2,19.78
2015,10,15,14,30,31.3,5.300000000000001,586,2.2,19.56
2015,10,15,15,30,30.200000000000003,5,396,2,20.36
2015,10,15,16,30,27.6,6.800000000000001,157,1.4000000000000001,26.810000000000002
2015,10,15,17,30,24.900000000000002,9.200000000000001,0,1.3,36.86
2015,10,15,18,30,23.700000000000003,8.4,0,1.5,37.730000000000004
2015,10,15,19,30,23.200000000000003,8.200000000000001,0,1.8,38.39
2015,10,15,20,30,22.8,8.200000000000001,0,2.2,39.24
2015,10,15,21,30,22.1,8.6,0,2.2,41.89
2015,10,15,22,30,21.5,9.200000000000001,0,2.2,45.25
2015,10,15,23,30,21.200000000000003,9.8,0,2.5,48.03
2015,10,16,0,30,21,10.3,0,3.2,50.33
2015,10,16,1,30,20.5,10.600000000000001,0,3.5,53.04
2015,10,16,2,30,20.1,10.700000000000001,0,3.3000000000000003,54.83
2015,10,16,3,30,19.6,10.8,0,3.4000000000000004,56.85
2015,10,16,4,30,19.200000000000003,10.8,0,3.9000000000000004,58.29
2015,10,16,5,30,18.5,10.600000000000001,0,4.800000000000001,60.02
2015,10,16,6,30,17.900000000000002,10,14,5.6000000000000005,59.730000000000004
2015,10,16,7,30,17.7,8.8,92,6.1000000000000005,55.86
2015,10,16,8,30,18.3,7.9,165,6.5,50.6
2015,10,16,9,30,19.400000000000002,8,437,6.800000000000001,47.69
2015,10,16,10,30,21,8.9,545,6.9,45.96
2015,10,16,11,30,22.6,10,774,6.7,44.69
2015,10,16,12,30,24.1,10.8,767,6.5,43.25
2015,10,16,13,30,25,11.3,694,6.5,42.14
2015,10,16,14,30,24.900000000000002,11.100000000000001,322,6.7,42.09
2015,10,16,15,30,24.1,10.700000000000001,257,6.6000000000000005,42.980000000000004
2015,10,16,16,30,22.5,10.4,114,6,46.34
2015,10,16,17,30,20.5,10.4,0,5.1000000000000005,52.31
2015,10,16,18,30,19.1,10.600000000000001,0,4.800000000000001,57.75
2015,10,16,19,30,18.1,10.8,0,4.9,62.27
2015,10,16,20,30,17.400000000000002,11,0,5,66.22
2015,10,16,21,30,16.8,11.200000000000001,0,4.9,69.71000000000001
2015,10,16,22,30,16.2,11.100000000000001,0,4.6000000000000005,71.8
2015,10,16,23,30,15.4,10.600000000000001,0,4.1000000000000005,72.94
2015,10,17,0,30,14.5,9.8,0,3.5,73.63
2015,10,17,1,30,13.700000000000001,9.3,0,3,74.66
2015,10,17,2,30,13.200000000000001,9,0,2.9000000000000004,75.82000000000001
2015,10,17,3,30,13,8.8,0,3.3000000000000003,75.84
2015,10,17,4,30,12.9,8.700000000000001,0,3.6,75.66
2015,10,17,5,30,12.8,8.6,0,4,75.58
2015,10,17,6,30,13.5,8.5,22,4.5,71.62
2015,10,17,7,30,15.700000000000001,8.4,164,5.1000000000000005,61.89
2015,10,17,8,30,18.5,9.1,275,5.5,54.300000000000004
2015,10,17,9,30,20.5,10.200000000000001,338,5.5,51.64
2015,10,17,10,30,21.900000000000002,10.700000000000001,481,5.300000000000001,48.99
2015,10,17,11,30,22.700000000000003,11,582,4.9,47.550000000000004
2015,10,17,12,30,23,11.100000000000001,444,4.6000000000000005,46.9
2015,10,17,13,30,23,11,567,4.3,46.730000000000004
2015,10,17,14,30,22.8,10.9,399,4.2,46.910000000000004
2015,10,17,15,30,22.400000000000002,10.700000000000001,268,3.8000000000000003,47.51
2015,10,17,16,30,21.3,10.700000000000001,64,3,50.88
2015,10,17,17,30,19.900000000000002,11,0,2.3000000000000003,56.42
2015,10,17,18,30,19,10.9,0,2.3000000000000003,59.550000000000004
2015,10,17,19,30,18.5,10.9,0,2.4000000000000004,61.21
2015,10,17,20,30,17.8,10.700000000000001,0,2.4000000000000004,63.07
2015,10,17,21,30,17,10.3,0,2.1,64.8
2015,10,17,22,30,16.1,10,0,1.9000000000000001,66.95
2015,10,17,23,30,15.3,9.600000000000001,0,1.7000000000000002,68.88
2015,10,18,0,30,14.600000000000001,9.4,0,1.7000000000000002,70.84
2015,10,18,1,30,14.200000000000001,9.200000000000001,0,1.8,71.96000000000001
2015,10,18,2,30,14,9.200000000000001,0,1.8,72.62
2015,10,18,3,30,13.9,9.200000000000001,0,1.8,73.12
2015,10,18,4,30,13.700000000000001,9.200000000000001,0,2.1,74.49
2015,10,18,5,30,13.5,9.4,0,2.4000000000000004,76.46000000000001
2015,10,18,6,30,14.4,9.8,12,3.3000000000000003,73.86
2015,10,18,7,30,17,10.3,225,4.1000000000000005,64.71000000000001
2015,10,18,8,30,19.900000000000002,11,158,4.4,56.56
2015,10,18,9,30,22.200000000000003,11.200000000000001,603,4.4,49.83
2015,10,18,10,30,23.8,11.4,724,4.4,45.65
2015,10,18,11,30,24.900000000000002,11.5,773,4.3,43.02
2015,10,18,12,30,25.5,11.5,762,4.1000000000000005,41.63
2015,10,18,13,30,25.8,11.5,685,3.9000000000000004,40.84
2015,10,18,14,30,25.700000000000003,11.200000000000001,552,3.6,40.42
2015,10,18,15,30,25.200000000000003,10.9,353,3.1,40.79
2015,10,18,16,30,23.5,10.8,159,2.1,44.800000000000004
2015,10,18,17,30,21.400000000000002,11.3,0,1.6,52.72
2015,10,18,18,30,20.6,10.9,0,2.2,53.7
2015,10,18,19,30,20.5,10.600000000000001,0,3.2,53.19
2015,10,18,20,30,20.200000000000003,10.600000000000001,0,3.9000000000000004,54.120000000000005
2015,10,18,21,30,19.700000000000003,10.8,0,4,56.42
2015,10,18,22,30,19.3,10.9,0,4,58.42
2015,10,18,23,30,19.1,11,0,4.1000000000000005,59.31
2015,10,19,0,30,18.900000000000002,10.9,0,4.5,59.64
2015,10,19,1,30,18.6,10.9,0,4.800000000000001,60.980000000000004
2015,10,19,2,30,18.2,11.4,0,4.9,64.5
2015,10,19,3,30,17.6,12.200000000000001,0,4.7,70.74
2015,10,19,4,30,17.1,13,0,4.2,76.64
2015,10,19,5,30,16.6,13.200000000000001,0,3.7,80.41
2015,10,19,6,30,17,13.3,32,3.9000000000000004,78.64
2015,10,19,7,30,18.7,13.200000000000001,219,4.3,70.23
2015,10,19,8,30,21.5,12.700000000000001,424,4.7,57.4
2015,10,19,9,30,24.200000000000003,12,599,4.7,46.44
2015,10,19,10,30,26.3,11.700000000000001,723,4.3,40.11
2015,10,19,11,30,27.900000000000002,11.3,780,3.9000000000000004,35.68
2015,10,19,12,30,28.8,10.5,772,3.7,32.11
2015,10,19,13,30,29.3,9.5,554,3.5,29.05
2015,10,19,14,30,29.200000000000003,8.4,102,3.4000000000000004,27.29
2015,10,19,15,30,28.400000000000002,7.5,365,2.9000000000000004,26.810000000000002
2015,10,19,16,30,26.1,7.9,156,1.9000000000000001,31.560000000000002
2015,10,19,17,30,23.700000000000003,10,0,1.4000000000000001,41.92
2015,10,19,18,30,22.5,9.4,0,1.9000000000000001,43.42
2015,10,19,19,30,21.700000000000003,9.5,0,2.3000000000000003,45.69
2015,10,19,20,30,21,9.8,0,2.4000000000000004,48.77
2015,10,19,21,30,20.3,10.200000000000001,0,2.3000000000000003,52.43
2015,10,19,22,30,19.700000000000003,10.600000000000001,0,2,55.58
2015,10,19,23,30,18.900000000000002,10.8,0,1.7000000000000002,59.43
2015,10,20,0,30,18.3,11,0,1.7000000000000002,62.45
2015,10,20,1,30,17.7,11.200000000000001,0,1.7000000000000002,65.82000000000001
2015,10,20,2,30,17.400000000000002,11.5,0,1.6,68.47
2015,10,20,3,30,17.2,11.9,0,1.5,70.91
2015,10,20,4,30,17.1,12.200000000000001,0,1.6,72.8
2015,10,20,5,30,16.8,12.4,0,1.7000000000000002,75.34
2015,10,20,6,30,17.400000000000002,12.600000000000001,30,2.4000000000000004,73.29
2015,10,20,7,30,19.200000000000003,12.700000000000001,218,3.2,65.92
2015,10,20,8,30,21.700000000000003,12.600000000000001,231,3.5,56.09
2015,10,20,9,30,24,12.3,599,3.6,48.09
2015,10,20,10,30,25.700000000000003,11.8,721,3.8000000000000003,41.93
2015,10,20,11,30,26.900000000000002,11,770,4,36.95
2015,10,20,12,30,27.400000000000002,10.100000000000001,264,4.1000000000000005,33.85
2015,10,20,13,30,27.400000000000002,9.4,621,4,32.27
2015,10,20,14,30,27,8.8,212,3.6,31.740000000000002
2015,10,20,15,30,26.200000000000003,8.4,14,2.8000000000000003,32.45
2015,10,20,16,30,24.5,9.4,142,1.6,38.410000000000004
2015,10,20,17,30,22.900000000000002,11,0,0.9,47.07
2015,10,20,18,30,21.900000000000002,10.700000000000001,0,0.8,48.89
2015,10,20,19,30,20.900000000000002,10.9,0,0.9,52.92
2015,10,20,20,30,19.900000000000002,11.600000000000001,0,1,58.83
2015,10,20,21,30,19.1,12.100000000000001,0,1,63.82
2015,10,20,22,30,18.3,12.4,0,1,68.32000000000001
2015,10,20,23,30,17.6,12.700000000000001,0,1,73.17
2015,10,21,0,30,16.900000000000002,13.100000000000001,0,1.1,78.32000000000001
2015,10,21,1,30,16.2,13.3,0,1,83.04
2015,10,21,2,30,15.5,13.3,0,0.8,86.82000000000001
2015,10,21,3,30,15,13.200000000000001,0,0.6000000000000001,89.28
2015,10,21,4,30,14.700000000000001,13.200000000000001,0,0.6000000000000001,90.72
2015,10,21,5,30,14.600000000000001,13.200000000000001,0,0.6000000000000001,91.21000000000001
2015,10,21,6,30,15.3,13.200000000000001,15,0.8,87.18
2015,10,21,7,30,17,13.3,215,1.2000000000000002,78.89
2015,10,21,8,30,18.900000000000002,13.200000000000001,418,1.4000000000000001,69.29
2015,10,21,9,30,20.5,13,591,1.8,62.09
2015,10,21,10,30,21.700000000000003,12.9,713,2.3000000000000003,57.160000000000004
2015,10,21,11,30,22.6,12.5,769,2.8000000000000003,52.71
2015,10,21,12,30,23.200000000000003,11.700000000000001,403,3.2,48.45
2015,10,21,13,30,23.5,10.700000000000001,210,3.3000000000000003,44.5
2015,10,21,14,30,23.200000000000003,9.700000000000001,24,3.1,42.22
2015,10,21,15,30,22.5,8.8,123,2.2,41.480000000000004
2015,10,21,16,30,20.6,8.6,36,1.1,46.22
2015,10,21,17,30,18,10.9,0,0.8,63.120000000000005
2015,10,21,18,30,16.2,10.700000000000001,0,1,69.8
2015,10,21,19,30,15.100000000000001,10.8,0,1.2000000000000002,75.73
2015,10,21,20,30,14.3,10.8,0,1.2000000000000002,79.49
2015,10,21,21,30,13.700000000000001,10.700000000000001,0,1.1,81.85000000000001
2015,10,21,22,30,13.200000000000001,10.5,0,0.9,83.64
2015,10,21,23,30,12.8,10.4,0,0.7000000000000001,85.43
2015,10,22,0,30,12.3,10.3,0,0.7000000000000001,87.45
2015,10,22,1,30,11.8,10.100000000000001,0,0.7000000000000001,89.3
2015,10,22,2,30,11.5,9.9,0,0.7000000000000001,90.05
2015,10,22,3,30,11.4,9.8,0,0.6000000000000001,90.13
2015,10,22,4,30,11.3,9.8,0,0.6000000000000001,90.69
2015,10,22,5,30,11.3,9.8,0,0.5,90.66
2015,10,22,6,30,11.9,9.9,8,0.6000000000000001,87.33
2015,10,22,7,30,14,10.200000000000001,220,0.6000000000000001,77.72
2015,10,22,8,30,17,9.4,299,0.8,60.97
2015,10,22,9,30,19.200000000000003,7.800000000000001,606,1.4000000000000001,47.64
2015,10,22,10,30,20.3,7.2,729,2.1,42.65
2015,10,22,11,30,21.1,6.800000000000001,786,2.6,39.59
2015,10,22,12,30,21.700000000000003,6.4,777,3.1,37.18
2015,10,22,13,30,21.900000000000002,6.1000000000000005,650,3.3000000000000003,35.96
2015,10,22,14,30,21.8,5.9,555,3.3000000000000003,35.54
2015,10,22,15,30,21.200000000000003,5.7,366,3,36.46
2015,10,22,16,30,19.400000000000002,5.7,153,1.8,40.68
2015,10,22,17,30,17.6,7.2,0,0.8,50.59
2015,10,22,18,30,16.8,6.4,0,0.7000000000000001,50.19
2015,10,22,19,30,16,6.2,0,0.7000000000000001,52.09
2015,10,22,20,30,15.100000000000001,6,0,0.9,54.67
2015,10,22,21,30,14.3,5.800000000000001,0,1,56.56
2015,10,22,22,30,13.700000000000001,5.5,0,1.1,57.84
2015,10,22,23,30,13,5.300000000000001,0,1.1,59.72
2015,10,23,0,30,12.3,5.2,0,1.1,61.9
2015,10,23,1,30,11.600000000000001,5.1000000000000005,0,1.2000000000000002,64.36
2015,10,23,2,30,11.100000000000001,5.1000000000000005,0,1.2000000000000002,66.58
2015,10,23,3,30,10.600000000000001,5.2,0,1.2000000000000002,69.35000000000001
2015,10,23,4,30,10.200000000000001,5.300000000000001,0,1.2000000000000002,71.83
2015,10,23,5,30,9.9,5.5,0,1.2000000000000002,73.9
2015,10,23,6,30,11.100000000000001,5.6000000000000005,28,1.5,68.91
2015,10,23,7,30,14.100000000000001,5.9,221,1.7000000000000002,57.88
2015,10,23,8,30,17.8,6.1000000000000005,430,1.4000000000000001,46.39
2015,10,23,9,30,20.700000000000003,5.9,606,1.1,38.1
2015,10,23,10,30,22.3,5.9,729,1.5,34.45
2015,10,23,11,30,23.200000000000003,5.800000000000001,786,1.9000000000000001,32.49
2015,10,23,12,30,23.700000000000003,5.6000000000000005,775,2.2,31.13
2015,10,23,13,30,23.900000000000002,5.300000000000001,694,2.3000000000000003,30.02
2015,10,23,14,30,23.6,4.9,553,2.3000000000000003,29.69
2015,10,23,15,30,22.8,4.4,363,2.2,30.22
2015,10,23,16,30,20.400000000000002,4.3,150,1.6,34.59
2015,10,23,17,30,17.6,6.2,0,1.1,47.03
2015,10,23,18,30,16,5.2,0,1.3,48.870000000000005
2015,10,23,19,30,15.100000000000001,4.6000000000000005,0,1.6,49.56
2015,10,23,20,30,14.5,4.1000000000000005,0,1.8,49.54
2015,10,23,21,30,13.9,3.6,0,1.9000000000000001,50
2015,10,23,22,30,13.200000000000001,3.3000000000000003,0,2,51.21
2015,10,23,23,30,12.600000000000001,3.1,0,2,52.480000000000004
2015,10,24,0,30,12,3,0,2.1,54.26
2015,10,24,1,30,11.5,3.2,0,2.1,56.550000000000004
2015,10,24,2,30,11,3.6,0,2.1,60.22
2015,10,24,3,30,10.600000000000001,4.2,0,2.2,64.69
2015,10,24,4,30,10.4,4.9,0,2.6,68.75
2015,10,24,5,30,10.3,5.5,0,3.1,72.29
2015,10,24,6,30,11.3,6.1000000000000005,25,4.2,70.43
2015,10,24,7,30,13.600000000000001,6.800000000000001,212,6,63.61
2015,10,24,8,30,16,7.300000000000001,417,7.1000000000000005,56.38
2015,10,24,9,30,18.1,7.1000000000000005,590,7,48.480000000000004
2015,10,24,10,30,19.700000000000003,6.800000000000001,711,6.6000000000000005,43.04
2015,10,24,11,30,21,6.6000000000000005,770,6,39.09
2015,10,24,12,30,21.8,6.300000000000001,759,5.5,36.51
2015,10,24,13,30,22.200000000000003,6,661,5.2,34.9
2015,10,24,14,30,21.900000000000002,5.7,539,5.1000000000000005,34.78
2015,10,24,15,30,21,5.300000000000001,351,4.9,35.92
2015,10,24,16,30,19,5,142,3.8000000000000003,39.77
2015,10,24,17,30,16.5,5.1000000000000005,0,2.9000000000000004,46.81
2015,10,24,18,30,15,4.800000000000001,0,3,50.42
2015,10,24,19,30,13.9,4.3,0,3.2,52.36
2015,10,24,20,30,12.9,3.8000000000000003,0,3.1,53.95
2015,10,24,21,30,12.200000000000001,3.3000000000000003,0,3.2,54.43
2015,10,24,22,30,11.5,2.8000000000000003,0,3.3000000000000003,55.050000000000004
2015,10,24,23,30,10.8,2.5,0,3.3000000000000003,56.43
2015,10,25,0,30,10.100000000000001,2.3000000000000003,0,3.1,58.51
2015,10,25,1,30,9.3,2.3000000000000003,0,2.8000000000000003,61.44
2015,10,25,2,30,8.6,2.3000000000000003,0,2.4000000000000004,64.57000000000001
2015,10,25,3,30,8.1,2.4000000000000004,0,2,67.23
2015,10,25,4,30,7.5,2.5,0,1.7000000000000002,70.47
2015,10,25,5,30,7.1000000000000005,2.6,0,1.4000000000000001,72.82000000000001
2015,10,25,6,30,8.4,2.6,25,1.8,66.88
2015,10,25,7,30,11.600000000000001,2.7,220,2.6,54.26
2015,10,25,8,30,15,0.2,434,3,36.5
2015,10,25,9,30,17.7,-2.7,611,2.9000000000000004,24.8
2015,10,25,10,30,19.700000000000003,-3.5,739,2.9000000000000004,20.56
2015,10,25,11,30,21.1,-3.3000000000000003,797,2.8000000000000003,19.13
2015,10,25,12,30,22,-3.1,785,2.6,18.42
2015,10,25,13,30,22.400000000000002,-3.2,704,2.5,17.88
2015,10,25,14,30,22.3,-3.4000000000000004,557,2.5,17.68
2015,10,25,15,30,21.400000000000002,-3.5,364,2.2,18.53
2015,10,25,16,30,18.5,-2.2,147,1.6,24.51
2015,10,25,17,30,15.3,0.8,0,1.4000000000000001,37.19
2015,10,25,18,30,13.9,-0.5,0,1.8,37.08
2015,10,25,19,30,13.5,-0.8,0,2.1,37.21
2015,10,25,20,30,12.9,-0.8,0,2.4000000000000004,38.85
2015,10,25,21,30,12.200000000000001,-0.7000000000000001,0,2.6,40.92
2015,10,25,22,30,11.4,-0.6000000000000001,0,2.6,43.300000000000004
2015,10,25,23,30,10.700000000000001,-0.6000000000000001,0,2.5,45.54
2015,10,26,0,30,10.200000000000001,-0.5,0,2.4000000000000004,47.29
2015,10,26,1,30,9.9,-0.5,0,2.3000000000000003,48.47
2015,10,26,2,30,9.8,-0.30000000000000004,0,2.2,49.42
2015,10,26,3,30,9.700000000000001,-0.1,0,2,50.480000000000004
2015,10,26,4,30,9.4,0,0,1.8,52.01
2015,10,26,5,30,9,0.1,0,1.5,53.730000000000004
2015,10,26,6,30,10.100000000000001,0.1,22,1.9000000000000001,49.83
2015,10,26,7,30,12.700000000000001,0,208,2.7,41.64
2015,10,26,8,30,16.1,-0.4,415,3.1,32.480000000000004
2015,10,26,9,30,19.5,-1.5,590,2.9000000000000004,24.16
2015,10,26,10,30,21.700000000000003,-0.1,710,2.2,23.45
2015,10,26,11,30,22.8,1.7000000000000002,765,1.3,25
2015,10,26,12,30,23.3,2.7,751,0.7000000000000001,26.04
2015,10,26,13,30,23.6,3.4000000000000004,672,0.7000000000000001,26.72
2015,10,26,14,30,23.5,3.8000000000000003,522,1,27.650000000000002
2015,10,26,15,30,22.8,4,343,0.9,29.43
2015,10,26,16,30,21.200000000000003,5.7,134,0.7000000000000001,36.4
2015,10,26,17,30,19.5,6,0,0.6000000000000001,41.4
2015,10,26,18,30,18.3,5.5,0,0.8,42.86
2015,10,26,19,30,17.2,5.1000000000000005,0,1,44.81
2015,10,26,20,30,16.3,4.9,0,1.1,46.79
2015,10,26,21,30,15.600000000000001,4.7,0,1.2000000000000002,48.4
2015,10,26,22,30,14.8,4.6000000000000005,0,1.3,50.54
2015,10,26,23,30,14.200000000000001,4.5,0,1.3,52.230000000000004
2015,10,27,0,30,13.700000000000001,4.5,0,1.3,53.71
2015,10,27,1,30,13.200000000000001,4.5,0,1.3,55.58
2015,10,27,2,30,12.700000000000001,4.7,0,1.3,58.06
2015,10,27,3,30,12.200000000000001,4.800000000000001,0,1.3,60.69
2015,10,27,4,30,11.8,5,0,1.2000000000000002,63.08
2015,10,27,5,30,11.3,5.2,0,1.2000000000000002,66.18
2015,10,27,6,30,12.3,5.4,21,1.6,62.65
2015,10,27,7,30,15.100000000000001,5.7,208,2.3000000000000003,53.29
2015,10,27,8,30,18.7,5.6000000000000005,416,3,42.36
2015,10,27,9,30,22.200000000000003,5.4,593,4,33.59
2015,10,27,10,30,24.3,5.2,716,4.7,29.09
2015,10,27,11,30,25.400000000000002,4.7,775,5.1000000000000005,26.38
2015,10,27,12,30,26.1,3.7,763,5.300000000000001,23.580000000000002
2015,10,27,13,30,26.400000000000002,2.5,685,5.4,21.330000000000002
2015,10,27,14,30,26.200000000000003,1.3,541,5.2,19.740000000000002
2015,10,27,15,30,25.200000000000003,0.1,350,4.4,19.28
2015,10,27,16,30,21.900000000000002,0.4,138,2.9000000000000004,24.01
2015,10,27,17,30,18.8,1.7000000000000002,0,2.3000000000000003,31.98
2015,10,27,18,30,17.900000000000002,1.3,0,2.7,32.7
2015,10,27,19,30,17.400000000000002,1.2000000000000002,0,2.8000000000000003,33.7
2015,10,27,20,30,16.7,1.3,0,2.7,35.480000000000004
2015,10,27,21,30,15.700000000000001,1.6,0,2.4000000000000004,38.38
2015,10,27,22,30,14.5,1.7000000000000002,0,2.2,41.86
2015,10,27,23,30,13.5,1.7000000000000002,0,1.9000000000000001,44.69
2015,10,28,0,30,12.700000000000001,1.7000000000000002,0,1.6,47.160000000000004
2015,10,28,1,30,12,1.6,0,1.4000000000000001,48.9
2015,10,28,2,30,11.4,1.2000000000000002,0,1.3,49.63
2015,10,28,3,30,11.100000000000001,0.8,0,1.2000000000000002,48.94
2015,10,28,4,30,10.8,0.1,0,1.1,47.61
2015,10,28,5,30,10.200000000000001,-0.7000000000000001,0,1.2000000000000002,46.7
2015,10,28,6,30,10.9,-1.2000000000000002,11,1.7000000000000002,43.07
2015,10,28,7,30,13.600000000000001,-1,207,3.2,36.46
2015,10,28,8,30,16.5,-1.9000000000000001,322,4.7,28.45
2015,10,28,9,30,18.6,-2.2,590,4.800000000000001,24.25
2015,10,28,10,30,20,-2,713,4.1000000000000005,22.59
2015,10,28,11,30,21.400000000000002,-2,528,3.2,20.73
2015,10,28,12,30,22.5,-2.4000000000000004,602,2.4000000000000004,18.89
2015,10,28,13,30,23,-2.9000000000000004,543,1.8,17.56
2015,10,28,14,30,22.900000000000002,-3.4000000000000004,347,1.5,17.07
2015,10,28,15,30,22.200000000000003,-3.5,342,0.9,17.7
2015,10,28,16,30,20.5,0.30000000000000004,132,0.6000000000000001,25.95
2015,10,28,17,30,18.400000000000002,0.4,0,0.8,29.86
2015,10,28,18,30,16.8,0.4,0,1.1,32.93
2015,10,28,19,30,15.3,0.1,0,1.3,35.54
2015,10,28,20,30,14.100000000000001,-0.6000000000000001,0,1.5,36.49
2015,10,28,21,30,13.200000000000001,-1.1,0,1.5,37.300000000000004
2015,10,28,22,30,12.700000000000001,-1.2000000000000002,0,1.6,38.14
2015,10,28,23,30,12.3,-1.1,0,1.6,39.52
2015,10,29,0,30,12.100000000000001,-0.5,0,1.5,41.79
2015,10,29,1,30,12,0.6000000000000001,0,1.5,45.71
2015,10,29,2,30,12.100000000000001,2,0,1.5,50.17
2015,10,29,3,30,12.200000000000001,3.3000000000000003,0,1.4000000000000001,54.67
2015,10,29,4,30,12.4,4.4,0,1.5,58.08
2015,10,29,5,30,12.600000000000001,5.2,0,1.5,60.71
2015,10,29,6,30,13.5,5.800000000000001,7,1.9000000000000001,59.47
2015,10,29,7,30,15.3,6.300000000000001,122,2.6,54.910000000000004
2015,10,29,8,30,17.900000000000002,6.7,95,3.1,48.02
2015,10,29,9,30,20.5,6.9,182,3.4000000000000004,41.24
2015,10,29,10,30,21.900000000000002,7,82,3.7,38.17
2015,10,29,11,30,22.400000000000002,7.1000000000000005,325,4.2,37.32
2015,10,29,12,30,22,7.4,131,4.6000000000000005,38.96
2015,10,29,13,30,21.5,7.7,354,4.4,41.11
2015,10,29,14,30,20.700000000000003,8.1,135,4,44.31
2015,10,29,15,30,19.400000000000002,8.5,42,3.2,49.29
2015,10,29,16,30,17.5,9.200000000000001,22,1.9000000000000001,58.13
2015,10,29,17,30,15.9,10.8,0,0.9,71.89
2015,10,29,18,30,15,10.9,0,0.5,76.42
2015,10,29,19,30,14,11.100000000000001,0,0.6000000000000001,82.58
2015,10,29,20,30,13.200000000000001,11.5,0,0.9,89.7
2015,10,29,21,30,12.700000000000001,11.9,0,1.3,94.92
2015,10,29,22,30,12.100000000000001,11.700000000000001,0,1.8,97.54
2015,10,29,23,30,11.600000000000001,11.3,0,1.7000000000000002,98.05
2015,10,30,0,30,11.200000000000001,11,0,1.5,98.79
2015,10,30,1,30,10.8,10.600000000000001,0,1.4000000000000001,98.7
2015,10,30,2,30,10.600000000000001,10.3,0,1.3,97.71000000000001
2015,10,30,3,30,10.600000000000001,10.100000000000001,0,1.2000000000000002,96.98
2015,10,30,4,30,10.5,10.100000000000001,0,1.2000000000000002,97.23
2015,10,30,5,30,10.3,10,0,1.1,97.69
2015,10,30,6,30,10.600000000000001,9.700000000000001,8,1.2000000000000002,94.26
2015,10,30,7,30,11.8,9.8,84,1.8,87.52
2015,10,30,8,30,13.3,9.200000000000001,107,2.5,76.09
2015,10,30,9,30,14.4,7.300000000000001,252,2.9000000000000004,62.42
2015,10,30,10,30,14.9,6,362,2.9000000000000004,55.14
2015,10,30,11,30,15.200000000000001,5.4,548,2.8000000000000003,52.13
2015,10,30,12,30,15.3,5.2,260,2.8000000000000003,51.11
2015,10,30,13,30,15.200000000000001,5.1000000000000005,465,3,50.77
2015,10,30,14,30,14.9,4.800000000000001,300,3.1,50.910000000000004
2015,10,30,15,30,14.5,4.7,123,2.9000000000000004,51.69
2015,10,30,16,30,13.200000000000001,4.9,86,1.9000000000000001,57.120000000000005
2015,10,30,17,30,11.8,6,0,1.1,67.64
2015,10,30,18,30,11.200000000000001,5.800000000000001,0,1,69.41
2015,10,30,19,30,10.8,5.6000000000000005,0,1,70.04
2015,10,30,20,30,10.200000000000001,5.300000000000001,0,1,71.4
2015,10,30,21,30,9.600000000000001,5,0,1,72.98
2015,10,30,22,30,8.9,4.800000000000001,0,1.1,75.66
2015,10,30,23,30,8.3,4.800000000000001,0,1.2000000000000002,78.5
2015,10,31,0,30,7.7,4.7,0,1.3,81.5
2015,10,31,1,30,7.2,4.7,0,1.3,84.05
2015,10,31,2,30,6.7,4.6000000000000005,0,1.3,86.56
2015,10,31,3,30,6.4,4.6000000000000005,0,1.3,87.96000000000001
2015,10,31,4,30,6,4.4,0,1.4000000000000001,89.75
2015,10,31,5,30,5.7,4.2,0,1.3,90.29
2015,10,31,6,30,6.7,3.9000000000000004,15,1.9000000000000001,82.55
2015,10,31,7,30,9.5,3.7,192,2.7,67.23
2015,10,31,8,30,12.700000000000001,3.8000000000000003,398,3.4000000000000004,54.65
2015,10,31,9,30,15.4,3.8000000000000003,572,3.8000000000000003,45.96
2015,10,31,10,30,17.400000000000002,3.5,696,4,39.53
2015,10,31,11,30,18.900000000000002,3.1,755,4.2,35.050000000000004
2015,10,31,12,30,20,2.5,747,4.3,31.27
2015,10,31,13,30,20.6,1.5,670,4.3,28.16
2015,10,31,14,30,20.5,0.5,527,3.9000000000000004,26.28
2015,10,31,15,30,19.5,-0.30000000000000004,339,3,26.39
2015,10,31,16,30,16.7,0.9,127,1.8,34.36
2015,10,31,17,30,14.200000000000001,1.7000000000000002,0,1.2000000000000002,42.800000000000004
2015,10,31,18,30,13.5,0.30000000000000004,0,1.1,40.52
2015,10,31,19,30,13.200000000000001,-0.30000000000000004,0,1,39.36
2015,10,31,20,30,13,-0.6000000000000001,0,1,39.050000000000004
2015,10,31,21,30,12.600000000000001,-0.9,0,0.9,39.300000000000004
2015,10,31,22,30,12.100000000000001,-1.1,0,0.9,39.97
2015,10,31,23,30,11.4,-1.2000000000000002,0,0.9,41.61
2015,11,1,0,30,10.600000000000001,-1.2000000000000002,0,1,43.730000000000004
2015,11,1,1,30,9.700000000000001,-1.2000000000000002,0,1.1,46.56
2015,11,1,2,30,8.700000000000001,-1.1,0,1.1,50.370000000000005
2015,11,1,3,30,7.9,-0.9,0,1.2000000000000002,53.89
2015,11,1,4,30,7.2,-0.7000000000000001,0,1.2000000000000002,57.29
2015,11,1,5,30,6.6000000000000005,-0.5,0,1.2000000000000002,60.51
2015,11,1,6,30,7.4,-0.30000000000000004,15,1.3,58.24
2015,11,1,7,30,9.9,0.7000000000000001,198,1.6,52.94
2015,11,1,8,30,13.3,0.8,406,2,42.5
2015,11,1,9,30,16.8,1,581,2.3000000000000003,34.42
2015,11,1,10,30,19.3,1.1,700,2.6,29.59
2015,11,1,11,30,20.900000000000002,1.2000000000000002,757,2.8000000000000003,26.96
2015,11,1,12,30,22,1.3,745,2.9000000000000004,25.48
2015,11,1,13,30,22.6,1.4000000000000001,664,3,24.77
2015,11,1,14,30,22.6,1.4000000000000001,522,2.8000000000000003,24.7
2015,11,1,15,30,21.700000000000003,1.3,335,2.1,25.900000000000002
2015,11,1,16,30,19.5,3.8000000000000003,124,1.1,35.44
2015,11,1,17,30,17.3,2.7,0,0.9,37.75
2015,11,1,18,30,15.9,1.7000000000000002,0,1,38.43
2015,11,1,19,30,14.700000000000001,1.5,0,1.1,40.87
2015,11,1,20,30,13.600000000000001,1.3,0,1.3,43.12
2015,11,1,21,30,12.4,1,0,1.3,45.81
2015,11,1,22,30,11.3,0.8,0,1.4000000000000001,48.45
2015,11,1,23,30,10.4,0.6000000000000001,0,1.4000000000000001,50.77
2015,11,2,0,30,9.600000000000001,0.5,0,1.4000000000000001,53
2015,11,2,1,30,9,0.4,0,1.4000000000000001,54.86
2015,11,2,2,30,8.5,0.5,0,1.4000000000000001,56.95
2015,11,2,3,30,8.1,0.6000000000000001,0,1.3,59.22
2015,11,2,4,30,7.9,0.8,0,1.2000000000000002,60.65
2015,11,2,5,30,7.7,0.9,0,1.2000000000000002,62.04
2015,11,2,6,30,8.6,1,0,1.2000000000000002,58.95
2015,11,2,7,30,11.3,1.8,196,1.6,51.980000000000004
2015,11,2,8,30,14.600000000000001,1.8,404,2.1,41.84
2015,11,2,9,30,18,2.1,579,2.4000000000000004,34.410000000000004
2015,11,2,10,30,21,1.9000000000000001,702,2.8000000000000003,28.16
2015,11,2,11,30,23,1.5,758,2.9000000000000004,24.23
2015,11,2,12,30,24.200000000000003,1.1,750,2.9000000000000004,21.94
2015,11,2,13,30,24.8,0.6000000000000001,668,2.7,20.35
2015,11,2,14,30,24.8,0.2,524,2.5,19.79
2015,11,2,15,30,23.5,-0.1,333,1.7000000000000002,20.92
2015,11,2,16,30,21,3.9000000000000004,121,0.9,32.52
2015,11,2,17,30,18.6,1.9000000000000001,0,0.9,32.79
2015,11,2,18,30,17,1.1,0,1,34.09
2015,11,2,19,30,15.600000000000001,1.1,0,1.3,37.27
2015,11,2,20,30,14.4,0.9,0,1.4000000000000001,39.84
2015,11,2,21,30,13.4,0.7000000000000001,0,1.5,41.96
2015,11,2,22,30,12.4,0.6000000000000001,0,1.5,44.51
2015,11,2,23,30,11.5,0.6000000000000001,0,1.5,47.230000000000004
2015,11,3,0,30,10.8,0.7000000000000001,0,1.4000000000000001,49.71
2015,11,3,1,30,10.4,0.9,0,1.4000000000000001,51.76
2015,11,3,2,30,10.200000000000001,1.1,0,1.3,53.18
2015,11,3,3,30,10,1.3,0,1.3,54.56
2015,11,3,4,30,9.8,1.4000000000000001,0,1.3,55.980000000000004
2015,11,3,5,30,9.700000000000001,1.5,0,1.3,56.800000000000004
2015,11,3,6,30,10.600000000000001,1.6,0,1.2000000000000002,53.870000000000005
2015,11,3,7,30,13.600000000000001,2.7,190,1.7000000000000002,47.85
2015,11,3,8,30,17.2,2.8000000000000003,396,2.5,38.2
2015,11,3,9,30,20.400000000000002,3.6,570,3.2,33.08
2015,11,3,10,30,22.5,3.5,691,3.7,28.8
2015,11,3,11,30,23.8,2.7,747,3.6,25.23
2015,11,3,12,30,24.5,2.2,735,3.5,23.35
2015,11,3,13,30,24.8,1.9000000000000001,651,3.6,22.490000000000002
2015,11,3,14,30,24.6,1.8,509,3.6,22.54
2015,11,3,15,30,23.400000000000002,1.7000000000000002,319,2.7,24.12
2015,11,3,16,30,20.6,4.5,113,1.5,34.76
2015,11,3,17,30,18.2,4,0,1.2000000000000002,38.89
2015,11,3,18,30,17,3.4000000000000004,0,1.6,40.28
2015,11,3,19,30,15.700000000000001,4,0,2.2,45.76
2015,11,3,20,30,14.5,5.2,0,2.4000000000000004,53.46
2015,11,3,21,30,13.5,6.5,0,2.1,62.46
2015,11,3,22,30,12.700000000000001,7.6000000000000005,0,1.7000000000000002,71.22
2015,11,3,23,30,12.200000000000001,8.5,0,1.5,78.14
2015,11,4,0,30,11.9,9.1,0,1.5,82.72
2015,11,4,1,30,11.5,9.4,0,1.5,87.19
2015,11,4,2,30,11.200000000000001,9.700000000000001,0,1.5,90.24
2015,11,4,3,30,10.8,9.8,0,1.4000000000000001,93.27
2015,11,4,4,30,10.4,9.8,0,1.4000000000000001,95.91
2015,11,4,5,30,10.100000000000001,9.700000000000001,0,1.3,97.43
2015,11,4,6,30,11.3,9.600000000000001,0,1.8,89.25
2015,11,4,7,30,14.5,9.600000000000001,48,3.1,72.26
2015,11,4,8,30,17.8,9.5,384,4.800000000000001,58.33
2015,11,4,9,30,20,8.9,554,5.800000000000001,48.84
2015,11,4,10,30,21.200000000000003,8.3,673,6.4,43.54
2015,11,4,11,30,22,8,724,7,40.5
2015,11,4,12,30,22.5,7.4,196,7.5,37.93
2015,11,4,13,30,22.700000000000003,6.5,170,7.800000000000001,35.03
2015,11,4,14,30,22.3,5.300000000000001,488,7.9,33.03
2015,11,4,15,30,20.900000000000002,4.1000000000000005,318,7.6000000000000005,33.12
2015,11,4,16,30,18.400000000000002,3.1,112,6.5,36.07
2015,11,4,17,30,15.9,2.5,0,5,40.51
2015,11,4,18,30,14,2.2,0,4,44.800000000000004
2015,11,4,19,30,12.5,2,0,3.3000000000000003,48.89
2015,11,4,20,30,11.3,1.8,0,2.8000000000000003,52.11
2015,11,4,21,30,10.4,1.5,0,2.6,54.11
2015,11,4,22,30,9.600000000000001,1.2000000000000002,0,2.5,55.980000000000004
2015,11,4,23,30,8.9,1,0,2.5,57.620000000000005
2015,11,5,0,30,8.200000000000001,0.8,0,2.4000000000000004,59.4
2015,11,5,1,30,7.6000000000000005,0.6000000000000001,0,2.3000000000000003,61.11
2015,11,5,2,30,7,0.4,0,2.1,63.07
2015,11,5,3,30,6.4,0.4,0,1.9000000000000001,65.32000000000001
2015,11,5,4,30,6,0.30000000000000004,0,1.9000000000000001,67
2015,11,5,5,30,5.7,0.4,0,2,68.68
2015,11,5,6,30,6.6000000000000005,0.5,0,2.6,65.08
2015,11,5,7,30,9.200000000000001,0.8,185,4,55.53
2015,11,5,8,30,11.8,1.8,391,5.7,50.43
2015,11,5,9,30,13.600000000000001,3,565,6.800000000000001,48.89
2015,11,5,10,30,14.8,2.7,690,6.9,43.980000000000004
2015,11,5,11,30,15.8,1.1,752,6.6000000000000005,37
2015,11,5,12,30,16.7,-1.4000000000000001,745,6.1000000000000005,29.16
2015,11,5,13,30,17.1,-4,669,5.5,23.32
2015,11,5,14,30,16.900000000000002,-6.2,525,4.7,19.990000000000002
2015,11,5,15,30,15.9,-7.7,336,3.2,19.1
2015,11,5,16,30,13.4,-6,119,1.7000000000000002,25.41
2015,11,5,17,30,11.600000000000001,-4.800000000000001,0,0.9,31.52
2015,11,5,18,30,11.200000000000001,-6.9,0,0.7000000000000001,27.52
2015,11,5,19,30,10.200000000000001,-7.4,0,0.9,28.19
2015,11,5,20,30,9.200000000000001,-7.5,0,1,29.89
2015,11,5,21,30,8.5,-7.6000000000000005,0,1.1,31.16
2015,11,5,22,30,7.9,-7.7,0,1.2000000000000002,32.33
2015,11,5,23,30,7.5,-7.7,0,1.2000000000000002,33.11
2015,11,6,0,30,7.1000000000000005,-7.800000000000001,0,1.2000000000000002,33.77
2015,11,6,1,30,6.6000000000000005,-7.9,0,1.2000000000000002,34.61
2015,11,6,2,30,5.6000000000000005,-7.9,0,1.2000000000000002,37.18
2015,11,6,3,30,4.6000000000000005,-7.7,0,1.3,40.59
2015,11,6,4,30,3.7,-7.5,0,1.3,43.76
2015,11,6,5,30,3,-7.5,0,1.4000000000000001,46.17
2015,11,6,6,30,3.9000000000000004,-7.4,0,1.6,43.47
2015,11,6,7,30,6.7,-6.6000000000000005,184,2.4000000000000004,38.17
2015,11,6,8,30,10.3,-7.2,393,2.7,28.47
2015,11,6,9,30,13.8,-7.4,569,2.3000000000000003,22.23
2015,11,6,10,30,16.6,-7.300000000000001,691,1.7000000000000002,18.73
2015,11,6,11,30,18.400000000000002,-5.800000000000001,749,1.2000000000000002,18.76
2015,11,6,12,30,19.6,-4.7,737,1.4000000000000001,18.990000000000002
2015,11,6,13,30,20.200000000000003,-4.5,655,2,18.51
2015,11,6,14,30,20,-4.7,512,2.3000000000000003,18.46
2015,11,6,15,30,18.8,-4.800000000000001,322,1.8,19.71
2015,11,6,16,30,15.9,-1.1,111,1.3,31.2
2015,11,6,17,30,13.3,-2,0,1.2000000000000002,34.63
2015,11,6,18,30,12.100000000000001,-3.2,0,1.3,34.17
2015,11,6,19,30,10.700000000000001,-3.6,0,1.4000000000000001,36.47
2015,11,6,20,30,9.4,-3.8000000000000003,0,1.5,39.12
2015,11,6,21,30,8.5,-4.1000000000000005,0,1.7000000000000002,40.69
2015,11,6,22,30,7.7,-4.4,0,1.9000000000000001,41.95
2015,11,6,23,30,6.9,-4.6000000000000005,0,2.1,43.63
2015,11,7,0,30,6.1000000000000005,-4.7,0,2.3000000000000003,45.88
2015,11,7,1,30,5.4,-4.7,0,2.5,48.34
2015,11,7,2,30,4.7,-4.6000000000000005,0,2.6,51.120000000000005
2015,11,7,3,30,4.2,-4.5,0,2.6,53.24
2015,11,7,4,30,4,-4.4,0,2.7,54.49
2015,11,7,5,30,3.8000000000000003,-4.2,0,2.7,55.89
2015,11,7,6,30,4.7,-4.1000000000000005,0,3.3000000000000003,53.06
2015,11,7,7,30,7.300000000000001,-3.7,176,4.4,45.44
2015,11,7,8,30,10.700000000000001,-2.9000000000000004,381,5.6000000000000005,38.31
2015,11,7,9,30,13.8,-1,554,6.300000000000001,36.09
2015,11,7,10,30,16,0.8,672,6.2,35.71
2015,11,7,11,30,17.400000000000002,1.4000000000000001,728,5.9,34.11
2015,11,7,12,30,18.400000000000002,1.5,719,5.5,32.14
2015,11,7,13,30,18.7,1.3,638,5.4,31.21
2015,11,7,14,30,18.400000000000002,1.2000000000000002,497,5.4,31.490000000000002
2015,11,7,15,30,17.400000000000002,1.2000000000000002,308,5.1000000000000005,33.47
2015,11,7,16,30,14.9,1.4000000000000001,103,4.3,39.94
2015,11,7,17,30,12.5,1.8,0,4.1000000000000005,48.120000000000005
2015,11,7,18,30,11.3,2.1,0,4.6000000000000005,53.06
2015,11,7,19,30,10.3,2.3000000000000003,0,4.800000000000001,57.76
2015,11,7,20,30,9.4,2.4000000000000004,0,4.6000000000000005,61.72
2015,11,7,21,30,8.6,2.4000000000000004,0,4.2,64.87
2015,11,7,22,30,7.800000000000001,2.3000000000000003,0,3.8000000000000003,68.07000000000001
2015,11,7,23,30,7.4,2.2,0,3.8000000000000003,69.7
2015,11,8,0,30,7.300000000000001,2.2,0,4,70.19
2015,11,8,1,30,7.300000000000001,2.2,0,4.2,70.11
2015,11,8,2,30,7.4,2.2,0,4.1000000000000005,69.51
2015,11,8,3,30,7.5,2.2,0,3.9000000000000004,68.92
2015,11,8,4,30,7.5,2.2,0,3.7,68.93
2015,11,8,5,30,7.4,2.2,0,3.5,69.68
2015,11,8,6,30,7.7,2.3000000000000003,0,3.6,68.76
2015,11,8,7,30,8.8,2.5,162,4,64.62
2015,11,8,8,30,10.600000000000001,2.9000000000000004,208,4.2,58.980000000000004
2015,11,8,9,30,12.5,3.6,533,4.2,54.46
2015,11,8,10,30,14.200000000000001,4.2,653,3.9000000000000004,51.15
2015,11,8,11,30,15.600000000000001,4.9,714,3.6,48.9
2015,11,8,12,30,16.8,5.5,702,3.2,47.17
2015,11,8,13,30,17.5,6,623,2.9000000000000004,46.660000000000004
2015,11,8,14,30,17.8,6.2,488,2.6,46.61
2015,11,8,15,30,17.3,6.300000000000001,303,2,48.47
2015,11,8,16,30,15.200000000000001,6.6000000000000005,100,1.3,56.54
2015,11,8,17,30,12.8,6.5,0,1.1,65.53
2015,11,8,18,30,11.600000000000001,6.4,0,1.4000000000000001,70.25
2015,11,8,19,30,10.700000000000001,6.4,0,1.5,74.73
2015,11,8,20,30,10,6.5,0,1.6,79.09
2015,11,8,21,30,9.3,6.800000000000001,0,1.7000000000000002,84.37
2015,11,8,22,30,8.6,7.1000000000000005,0,1.6,90.22
2015,11,8,23,30,7.9,7.4,0,1.5,96.32000000000001
2015,11,9,0,30,7.4,7.4,0,1.4000000000000001,100
2015,11,9,1,30,6.9,6.9,0,1.4000000000000001,100
2015,11,9,2,30,6.5,6.5,0,1.3,100
2015,11,9,3,30,6.2,6.2,0,1.3,100
2015,11,9,4,30,6,6,0,1.2000000000000002,100
2015,11,9,5,30,6,6,0,1.2000000000000002,100
2015,11,9,6,30,6.9,6.9,0,1.6,100
2015,11,9,7,30,8.8,7.300000000000001,168,2.1,90.3
2015,11,9,8,30,11.5,7.4,373,2,75.99
2015,11,9,9,30,15.3,7.800000000000001,547,2,60.870000000000005
2015,11,9,10,30,18.900000000000002,7.300000000000001,668,2.4000000000000004,46.94
2015,11,9,11,30,21,5.1000000000000005,724,3,35.32
2015,11,9,12,30,22,3.7,713,3.3000000000000003,30.14
2015,11,9,13,30,22.400000000000002,2.6,633,3.4000000000000004,27.23
2015,11,9,14,30,22.400000000000002,1.4000000000000001,475,3.2,25.04
2015,11,9,15,30,21.1,0.2,281,2.2,24.79
2015,11,9,16,30,18.8,2.8000000000000003,73,1.1,34.53
2015,11,9,17,30,17,0.4,0,0.8,32.44
2015,11,9,18,30,15.700000000000001,-0.5,0,0.9,32.99
2015,11,9,19,30,14.3,-0.8,0,1.2000000000000002,35.5
2015,11,9,20,30,12.8,-0.9,0,1.4000000000000001,38.730000000000004
2015,11,9,21,30,11.3,-0.9,0,1.6,42.79
2015,11,9,22,30,10,-0.8,0,1.7000000000000002,47.18
2015,11,9,23,30,9,-0.5,0,1.7000000000000002,51.25
2015,11,10,0,30,8.1,-0.30000000000000004,0,1.7000000000000002,55.28
2015,11,10,1,30,7.300000000000001,-0.2,0,1.6,59.1
2015,11,10,2,30,6.6000000000000005,0,0,1.5,62.86
2015,11,10,3,30,6.2,0.2,0,1.5,65.54
2015,11,10,4,30,6,0.30000000000000004,0,1.4000000000000001,66.96000000000001
2015,11,10,5,30,6,0.4,0,1.3,67.28
2015,11,10,6,30,6.800000000000001,0.4,0,1.3,63.89
2015,11,10,7,30,9.700000000000001,0.8,97,1.9000000000000001,53.75
2015,11,10,8,30,13.200000000000001,1,250,2.6,43.27
2015,11,10,9,30,17,1.2000000000000002,424,3.3000000000000003,34.5
2015,11,10,10,30,20.3,-0.7000000000000001,671,4.6000000000000005,24.45
2015,11,10,11,30,21.900000000000002,-2.6,729,5.4,19.22
2015,11,10,12,30,22.900000000000002,-3.4000000000000004,713,6,17.05
2015,11,10,13,30,23.400000000000002,-3.9000000000000004,634,6.4,15.99
2015,11,10,14,30,23.3,-3.9000000000000004,491,6.5,16.02
2015,11,10,15,30,22.1,-3.3000000000000003,272,6,18.09
2015,11,10,16,30,19.200000000000003,-1.8,97,4.9,24.16
2015,11,10,17,30,16.400000000000002,-0.30000000000000004,0,4.1000000000000005,32.08
2015,11,10,18,30,14.600000000000001,0.7000000000000001,0,3.7,38.79
2015,11,10,19,30,13.600000000000001,1.5,0,3.8000000000000003,43.910000000000004
2015,11,10,20,30,13,2.2,0,4.1000000000000005,47.980000000000004
2015,11,10,21,30,12.200000000000001,2.9000000000000004,0,4.1000000000000005,53.06
2015,11,10,22,30,11.200000000000001,3.3000000000000003,0,4,58.370000000000005
2015,11,10,23,30,10.200000000000001,2.9000000000000004,0,4,60.71
2015,11,11,0,30,9.3,1.9000000000000001,0,4,59.82
2015,11,11,1,30,8.4,1.3,0,4.2,61.04
2015,11,11,2,30,7.7,1,0,4.5,62.440000000000005
2015,11,11,3,30,7.1000000000000005,0.2,0,4.7,61.39
2015,11,11,4,30,6.300000000000001,-1,0,4.5,59.52
2015,11,11,5,30,5.6000000000000005,-2.2,0,4,57.39
2015,11,11,6,30,5.4,-3.2,0,3.9000000000000004,53.97
2015,11,11,7,30,6.7,-3.8000000000000003,175,4.6000000000000005,47.050000000000004
2015,11,11,8,30,8.9,-5.6000000000000005,385,5.6000000000000005,35.49
2015,11,11,9,30,11,-8.3,564,6,25.03
2015,11,11,10,30,12.8,-9.200000000000001,688,5.800000000000001,20.63
2015,11,11,11,30,14.3,-9.8,745,5.5,17.88
2015,11,11,12,30,15.4,-10.600000000000001,733,5.2,15.610000000000001
2015,11,11,13,30,15.9,-11.5,652,4.7,14.16
2015,11,11,14,30,15.8,-11.9,382,4,13.76
2015,11,11,15,30,14.600000000000001,-11.9,292,2.6,14.82
2015,11,11,16,30,12.5,-6.6000000000000005,103,1.3,25.8
2015,11,11,17,30,11.3,-7.1000000000000005,0,0.9,26.79
2015,11,11,18,30,10.9,-8.6,0,0.7000000000000001,24.54
2015,11,11,19,30,10.4,-9.3,0,0.7000000000000001,24.11
2015,11,11,20,30,9.9,-9.9,0,0.7000000000000001,23.77
2015,11,11,21,30,8.8,-10.100000000000001,0,1,25.14
2015,11,11,22,30,7,-9.9,0,1.3,28.900000000000002
2015,11,11,23,30,5.1000000000000005,-9.1,0,1.5,35.08
2015,11,12,0,30,3.8000000000000003,-8.8,0,1.7000000000000002,39.31
2015,11,12,1,30,3,-8.5,0,1.9000000000000001,42.47
2015,11,12,2,30,2.2,-8.1,0,1.9000000000000001,46.480000000000004
2015,11,12,3,30,1.5,-7.800000000000001,0,1.9000000000000001,50.11
2015,11,12,4,30,1.1,-7.7,0,1.8,51.96
2015,11,12,5,30,0.7000000000000001,-7.7,0,1.8,53.42
2015,11,12,6,30,1.4000000000000001,-7.800000000000001,0,1.8,50.29
2015,11,12,7,30,3.8000000000000003,-7.4,174,2.5,43.83
2015,11,12,8,30,7.300000000000001,-8,381,3,32.86
2015,11,12,9,30,10.8,-9,559,2.9000000000000004,23.93
2015,11,12,10,30,13.5,-10.4,683,2.8000000000000003,18
2015,11,12,11,30,15.100000000000001,-10.200000000000001,742,2.9000000000000004,16.47
2015,11,12,12,30,16.2,-9.9,722,2.9000000000000004,15.68
2015,11,12,13,30,16.7,-9.600000000000001,641,2.9000000000000004,15.57
2015,11,12,14,30,16.6,-9,493,2.8000000000000003,16.42
2015,11,12,15,30,15.4,-8.1,303,1.9000000000000001,19.01
2015,11,12,16,30,12.8,-2.6,96,1.2000000000000002,34.230000000000004
2015,11,12,17,30,10.5,-3.6,0,1.4000000000000001,36.97
2015,11,12,18,30,9.1,-4.2,0,1.7000000000000002,38.9
2015,11,12,19,30,8.1,-4.7,0,2.1,39.95
2015,11,12,20,30,7.5,-4.800000000000001,0,2.5,41.29
2015,11,12,21,30,6.9,-4.7,0,3,43.51
2015,11,12,22,30,6.1000000000000005,-4.3,0,3.3000000000000003,47.17
2015,11,12,23,30,5.300000000000001,-3.9000000000000004,0,3.4000000000000004,51.68
2015,11,13,0,30,4.7,-3.3000000000000003,0,3.3000000000000003,55.96
2015,11,13,1,30,4.1000000000000005,-2.9000000000000004,0,3.1,60.300000000000004
2015,11,13,2,30,3.8000000000000003,-2.6,0,3,63.08
2015,11,13,3,30,4,-2.4000000000000004,0,3.2,63.120000000000005
2015,11,13,4,30,4.5,-2.2,0,3.5,61.75
2015,11,13,5,30,4.5,-2,0,3.4000000000000004,62.72
2015,11,13,6,30,4.9,-1.8,0,3.4000000000000004,61.76
2015,11,13,7,30,6.7,-1.6,69,4,55.52
2015,11,13,8,30,9.8,-1.2000000000000002,273,4.5,46.32
2015,11,13,9,30,13.3,-0.7000000000000001,419,4.7,38.14
2015,11,13,10,30,16.1,-0.2,492,4.6000000000000005,33.07
2015,11,13,11,30,17.900000000000002,0.4,534,4.4,30.68
2015,11,13,12,30,19,0.7000000000000001,577,4,29.34
2015,11,13,13,30,19.3,0.9,462,3.6,29.18
2015,11,13,14,30,18.8,0.9,371,2.9000000000000004,30.150000000000002
2015,11,13,15,30,17.2,1.6,181,2.1,35.02
2015,11,13,16,30,15.200000000000001,2.7,57,2,43
2015,11,13,17,30,14.100000000000001,2,0,2.7,44.06
2015,11,13,18,30,13.4,1.8,0,3.3000000000000003,45.32
2015,11,13,19,30,12.4,1.8,0,3.3000000000000003,48.47
2015,11,13,20,30,11.700000000000001,2,0,3.1,51.28
2015,11,13,21,30,11.3,2.2,0,2.8000000000000003,53.56
2015,11,13,22,30,11,2.5,0,2.7,55.59
2015,11,13,23,30,10.8,2.7,0,2.6,57.2
2015,11,14,0,30,10.8,3,0,2.7,58.550000000000004
2015,11,14,1,30,10.700000000000001,3.7,0,2.6,61.85
2015,11,14,2,30,10.5,4.7,0,2.2,67.41
2015,11,14,3,30,10.3,5.7,0,1.7000000000000002,72.94
2015,11,14,4,30,10.200000000000001,6.300000000000001,0,1.4000000000000001,76.78
2015,11,14,5,30,10.100000000000001,6.9,0,1.4000000000000001,80.61
2015,11,14,6,30,10.5,7.300000000000001,0,1.8,80.56
2015,11,14,7,30,11.600000000000001,7.6000000000000005,86,2.6,76.54
2015,11,14,8,30,13.600000000000001,8.200000000000001,246,3.2,69.96000000000001
2015,11,14,9,30,16.1,9.200000000000001,367,3.3000000000000003,63.76
2015,11,14,10,30,18.5,9.9,610,3.4000000000000004,57.410000000000004
2015,11,14,11,30,20.400000000000002,10.200000000000001,667,3.1,51.83
2015,11,14,12,30,21.700000000000003,10,658,2.6,47.38
2015,11,14,13,30,22.200000000000003,9.700000000000001,448,2.1,44.94
2015,11,14,14,30,21.8,9.200000000000001,447,1.4000000000000001,44.68
2015,11,14,15,30,20.8,9.5,231,0.7000000000000001,48.51
2015,11,14,16,30,19,9.8,58,0.7000000000000001,55.25
2015,11,14,17,30,17.1,9.200000000000001,0,1.1,59.660000000000004
2015,11,14,18,30,16.2,9.3,0,1.6,63.79
2015,11,14,19,30,15.9,9.700000000000001,0,2.3000000000000003,66.86
2015,11,14,20,30,15.5,10.4,0,2.9000000000000004,71.56
2015,11,14,21,30,14.700000000000001,11.3,0,2.9000000000000004,80.12
2015,11,14,22,30,14,12.100000000000001,0,3,88.28
2015,11,14,23,30,13.5,12.5,0,3.1,93.75
2015,11,15,0,30,13,12.5,0,2,96.88
2015,11,15,1,30,12.4,12.200000000000001,0,0.8,98.58
2015,11,15,2,30,11.700000000000001,11.700000000000001,0,0.7000000000000001,100
2015,11,15,3,30,11.3,11.3,0,1,100
2015,11,15,4,30,11.4,11.4,0,1.4000000000000001,100
2015,11,15,5,30,11.600000000000001,11.600000000000001,0,1.8,99.97
2015,11,15,6,30,12.3,11.8,0,3,97.02
2015,11,15,7,30,13.100000000000001,12.100000000000001,25,4.3,93.55
2015,11,15,8,30,13.9,12.100000000000001,149,4.6000000000000005,88.95
2015,11,15,9,30,15.3,11.600000000000001,479,4.5,78.52
2015,11,15,10,30,16.8,10.3,136,5,65.52
2015,11,15,11,30,17.3,9.600000000000001,210,5.4,60.56
2015,11,15,12,30,17.1,9.700000000000001,278,5.6000000000000005,61.64
2015,11,15,13,30,16.900000000000002,9.9,136,5.4,63.36
2015,11,15,14,30,16.6,10.100000000000001,213,5,65.48
2015,11,15,15,30,16,10.200000000000001,85,4.1000000000000005,68.68
2015,11,15,16,30,14.9,10.4,25,3,74.68
2015,11,15,17,30,13.700000000000001,10.700000000000001,0,2.7,81.85000000000001
2015,11,15,18,30,13,10.9,0,3,87.15
2015,11,15,19,30,12.600000000000001,11.100000000000001,0,3.1,90.67
2015,11,15,20,30,12.5,11.100000000000001,0,3.1,91.11
2015,11,15,21,30,12.200000000000001,10.9,0,3.1,92.07000000000001
2015,11,15,22,30,11.4,10.700000000000001,0,2.9000000000000004,95.25
2015,11,15,23,30,10.600000000000001,10.3,0,2.6,97.85000000000001
2015,11,16,0,30,10,9.9,0,2.5,99.06
2015,11,16,1,30,9.600000000000001,9.4,0,2.7,98.84
2015,11,16,2,30,9.4,9,0,2.9000000000000004,97.48
2015,11,16,3,30,9.4,8.700000000000001,0,3.1,95.5
2015,11,16,4,30,9.5,8.5,0,3.3000000000000003,93.36
2015,11,16,5,30,9.5,8.4,0,3.4000000000000004,92.7
2015,11,16,6,30,10.3,8.4,0,4,87.71000000000001
2015,11,16,7,30,12.5,8.6,96,4.9,76.93
2015,11,16,8,30,15.4,8.8,339,6.2,64.9
2015,11,16,9,30,17.6,8.3,512,7.800000000000001,54.52
2015,11,16,10,30,18.8,6.7,635,9.1,45.4
2015,11,16,11,30,19.200000000000003,4.7,693,10.100000000000001,38.39
2015,11,16,12,30,18.8,2.8000000000000003,681,10.9,34.59
2015,11,16,13,30,17.5,2,492,11.200000000000001,35.34
2015,11,16,14,30,15.200000000000001,1.7000000000000002,347,11,40.1
2015,11,16,15,30,12,0.6000000000000001,161,10.4,45.550000000000004
2015,11,16,16,30,8.9,-1.8,28,9.4,46.95
2015,11,16,17,30,6.7,-4.1000000000000005,0,8.3,46.11
2015,11,16,18,30,5,-5.6000000000000005,0,7.2,46.32
2015,11,16,19,30,3.7,-6.6000000000000005,0,6.1000000000000005,46.97
2015,11,16,20,30,3.1,-7,0,5.1000000000000005,47.45
2015,11,16,21,30,3,-6.7,0,5,49.11
2015,11,16,22,30,3,-5.7,0,5.4,52.83
2015,11,16,23,30,3,-4.800000000000001,0,6,56.72
2015,11,17,0,30,2.9000000000000004,-4.3,0,6.300000000000001,59.29
2015,11,17,1,30,2.7,-4.3,0,6.4,59.95
2015,11,17,2,30,2.5,-4.9,0,6.5,58.370000000000005
2015,11,17,3,30,2.3000000000000003,-5.7,0,6.5,55.660000000000004
2015,11,17,4,30,2.1,-6.4,0,6.5,53.22
2015,11,17,5,30,1.8,-7,0,6.300000000000001,52.22
2015,11,17,6,30,1.8,-7.2,0,6,51.18
2015,11,17,7,30,3.1,-7.300000000000001,139,6.6000000000000005,46.480000000000004
2015,11,17,8,30,5.5,-7.2,338,7.800000000000001,39.480000000000004
2015,11,17,9,30,8,-6.5,511,8,35.2
2015,11,17,10,30,10.3,-5.7,633,7.5,32.01
2015,11,17,11,30,12.3,-5.6000000000000005,695,7.2,28.26
2015,11,17,12,30,13.8,-6.1000000000000005,685,7.1000000000000005,24.72
2015,11,17,13,30,14.600000000000001,-6.800000000000001,608,7.2,22.2
2015,11,17,14,30,14.600000000000001,-7.4,470,7,21.14
2015,11,17,15,30,13.600000000000001,-7.800000000000001,288,6.1000000000000005,21.95
2015,11,17,16,30,11,-7.5,86,4.6000000000000005,26.5
2015,11,17,17,30,8.5,-6.800000000000001,0,3.8000000000000003,33.160000000000004
2015,11,17,18,30,7.1000000000000005,-6.7,0,3.7,36.65
2015,11,17,19,30,5.800000000000001,-6.7,0,3.5,40.17
2015,11,17,20,30,4.7,-6.800000000000001,0,3.2,43.09
2015,11,17,21,30,3.8000000000000003,-7.1000000000000005,0,2.9000000000000004,45
2015,11,17,22,30,2.9000000000000004,-7.2,0,2.4000000000000004,47.45
2015,11,17,23,30,2.2,-7.300000000000001,0,2,49.52
2015,11,18,0,30,1.7000000000000002,-7.4,0,1.9000000000000001,51.04
2015,11,18,1,30,1.4000000000000001,-7.300000000000001,0,1.9000000000000001,52.18
2015,11,18,2,30,1.2000000000000002,-7.300000000000001,0,2,53.29
2015,11,18,3,30,1,-7.1000000000000005,0,2.3000000000000003,54.59
2015,11,18,4,30,0.8,-7,0,2.5,55.96
2015,11,18,5,30,0.5,-6.9,0,2.4000000000000004,57.7
2015,11,18,6,30,1.1,-6.800000000000001,0,2.6,55.47
2015,11,18,7,30,3.2,-6.6000000000000005,143,3.2,48.44
2015,11,18,8,30,6.7,-6.4,344,3.5,38.7
2015,11,18,9,30,10.600000000000001,-6.300000000000001,516,4,30.03
2015,11,18,10,30,13.5,-6.6000000000000005,637,4.4,24.23
2015,11,18,11,30,15.200000000000001,-5.9,695,4.4,22.84
2015,11,18,12,30,16.5,-5.300000000000001,685,4.4,22.07
2015,11,18,13,30,17.3,-4.9,607,4.3,21.64
2015,11,18,14,30,17.400000000000002,-4.7,468,4,21.77
2015,11,18,15,30,16,-4.7,281,2.9000000000000004,23.86
2015,11,18,16,30,12.8,-1.9000000000000001,83,1.7000000000000002,36.050000000000004
2015,11,18,17,30,10.3,-2.8000000000000003,0,1.6,39.77
2015,11,18,18,30,9.3,-3.3000000000000003,0,1.6,41.11
2015,11,18,19,30,8.200000000000001,-3.5,0,1.6,43.61
2015,11,18,20,30,7.2,-3.6,0,1.6,46.34
2015,11,18,21,30,6.300000000000001,-3.7,0,1.6,48.7
2015,11,18,22,30,5.6000000000000005,-4,0,1.6,49.980000000000004
2015,11,18,23,30,5.1000000000000005,-4.4,0,1.5,50.24
2015,11,19,0,30,4.6000000000000005,-4.800000000000001,0,1.4000000000000001,50.550000000000004
2015,11,19,1,30,4.3,-5.1000000000000005,0,1.3,50.620000000000005
2015,11,19,2,30,3.6,-5.2,0,1.4000000000000001,52.63
2015,11,19,3,30,2.7,-5.1000000000000005,0,1.5,56.28
2015,11,19,4,30,2.2,-5.1000000000000005,0,1.6,58.6
2015,11,19,5,30,1.7000000000000002,-5,0,1.6,61.160000000000004
2015,11,19,6,30,2.3000000000000003,-4.800000000000001,0,1.8,59.43
2015,11,19,7,30,5.2,-4.2,143,2.9000000000000004,50.54
2015,11,19,8,30,8.9,-3.6,345,4.3,41.11
2015,11,19,9,30,11.8,-3.2,519,4.6000000000000005,34.980000000000004
2015,11,19,10,30,14.100000000000001,-3,641,4.1000000000000005,30.6
2015,11,19,11,30,16,-3,700,3.4000000000000004,26.95
2015,11,19,12,30,17.2,-3.3000000000000003,690,2.9000000000000004,24.53
2015,11,19,13,30,17.8,-3.5,613,2.7,23.21
2015,11,19,14,30,17.6,-3.7,472,2.6,23.17
2015,11,19,15,30,16,-3.7,285,2,25.61
2015,11,19,16,30,12.600000000000001,-0.9,82,1.4000000000000001,39.38
2015,11,19,17,30,9.8,-2.2,0,1.5,42.92
2015,11,19,18,30,8.5,-2.7,0,1.7000000000000002,45.26
2015,11,19,19,30,7.7,-2.9000000000000004,0,1.9000000000000001,47.18
2015,11,19,20,30,7,-3,0,2.1,49.13
2015,11,19,21,30,6.300000000000001,-3,0,2.1,51.38
2015,11,19,22,30,5.6000000000000005,-3,0,1.9000000000000001,53.83
2015,11,19,23,30,4.9,-3.1,0,1.7000000000000002,56.4
2015,11,20,0,30,4.3,-3.1,0,1.6,58.65
2015,11,20,1,30,3.9000000000000004,-3.1,0,1.5,60.07
2015,11,20,2,30,3.6,-3.1,0,1.4000000000000001,61.410000000000004
2015,11,20,3,30,3.5,-3.1,0,1.3,62.11
2015,11,20,4,30,3.4000000000000004,-3,0,1.3,62.68
2015,11,20,5,30,3.5,-3,0,1.3,62.31
2015,11,20,6,30,4.2,-3,0,1.1,59.45
2015,11,20,7,30,6.7,-2.6,137,1.3,51.4
2015,11,20,8,30,9.8,-2.3000000000000003,339,1.4000000000000001,42.79
2015,11,20,9,30,12.8,-2,512,1.2000000000000002,35.71
2015,11,20,10,30,15.700000000000001,-1.9000000000000001,634,1.9000000000000001,29.89
2015,11,20,11,30,17.7,-1.8,691,2.7,26.42
2015,11,20,12,30,18.900000000000002,-1.9000000000000001,681,3.3000000000000003,24.32
2015,11,20,13,30,19.5,-2.1,603,3.5,23.13
2015,11,20,14,30,19.5,-2.4000000000000004,466,3.3000000000000003,22.66
2015,11,20,15,30,18,-2.6,282,2.2,24.44
2015,11,20,16,30,15.100000000000001,0.5,82,1.3,36.9
2015,11,20,17,30,13.3,-1.6,0,1.2000000000000002,35.71
2015,11,20,18,30,12.700000000000001,-2.2,0,1.2000000000000002,35.43
2015,11,20,19,30,12.100000000000001,-2.4000000000000004,0,1.2000000000000002,36.300000000000004
2015,11,20,20,30,11.200000000000001,-2.5,0,1.2000000000000002,38.27
2015,11,20,21,30,9.9,-2.3000000000000003,0,1.4000000000000001,42.29
2015,11,20,22,30,8.6,-2.1,0,1.9000000000000001,47.03
2015,11,20,23,30,7.9,-1.9000000000000001,0,2.6,49.86
2015,11,21,0,30,7.5,-1.8,0,3,51.800000000000004
2015,11,21,1,30,6.800000000000001,-1.5,0,2.9000000000000004,55.35
2015,11,21,2,30,6.1000000000000005,-1.4000000000000001,0,2.7,58.660000000000004
2015,11,21,3,30,5.5,-1.3,0,3,61.63
2015,11,21,4,30,5,-1.1,0,3.6,64.77
2015,11,21,5,30,4.1000000000000005,-1.1,0,4.5,69.02
2015,11,21,6,30,3.5,-1.8,0,5.4,68.28
2015,11,21,7,30,4,-3.3000000000000003,131,6.5,58.97
2015,11,21,8,30,5.7,-5.4,329,7.5,44.730000000000004
2015,11,21,9,30,7.7,-6.7,500,7.6000000000000005,35.25
2015,11,21,10,30,9.600000000000001,-6.9,621,7,30.57
2015,11,21,11,30,11,-6.800000000000001,679,6.2,28.16
2015,11,21,12,30,11.9,-6.6000000000000005,669,5.6000000000000005,26.88
2015,11,21,13,30,12.200000000000001,-6.4,593,5.1000000000000005,26.75
2015,11,21,14,30,12,-6.2,456,4.7,27.52
2015,11,21,15,30,11,-6,274,4.1000000000000005,29.740000000000002
2015,11,21,16,30,8.5,-5.800000000000001,78,2.9000000000000004,35.94
2015,11,21,17,30,6.300000000000001,-5.300000000000001,0,2.5,43.300000000000004
2015,11,21,18,30,5.5,-5.9,0,3.1,43.550000000000004
2015,11,21,19,30,4.800000000000001,-6.5,0,3.5,43.75
2015,11,21,20,30,3.9000000000000004,-7,0,3.4000000000000004,44.800000000000004
2015,11,21,21,30,3,-7.5,0,3.1,45.94
2015,11,21,22,30,2.2,-7.9,0,2.6,47.050000000000004
2015,11,21,23,30,1.4000000000000001,-8.200000000000001,0,2.1,48.75
2015,11,22,0,30,0.8,-8.4,0,1.8,50.38
2015,11,22,1,30,0.30000000000000004,-8.4,0,1.5,52.160000000000004
2015,11,22,2,30,0,-8.3,0,1.3,53.51
2015,11,22,3,30,-0.30000000000000004,-8.3,0,1.2000000000000002,54.910000000000004
2015,11,22,4,30,-0.5,-8.3,0,1.1,55.59
2015,11,22,5,30,-0.7000000000000001,-8.4,0,1.1,56.13
2015,11,22,6,30,-0.1,-8.5,0,1.1,53.21
2015,11,22,7,30,2.1,-8,130,1.5,47.18
2015,11,22,8,30,5.300000000000001,-8.200000000000001,332,1.7000000000000002,36.97
2015,11,22,9,30,8.4,-7.6000000000000005,507,1.6,31.42
2015,11,22,10,30,10.700000000000001,-6.9,629,1.6,28.41
2015,11,22,11,30,12.4,-6.7,686,1.7000000000000002,25.86
2015,11,22,12,30,13.700000000000001,-6.9,677,1.6,23.400000000000002
2015,11,22,13,30,14.5,-7.300000000000001,600,1.4000000000000001,21.490000000000002
2015,11,22,14,30,14.700000000000001,-7.9,464,1.4000000000000001,20.27
2015,11,22,15,30,13.600000000000001,-8.200000000000001,280,1,21.27
2015,11,22,16,30,11.4,-4.6000000000000005,80,0.7000000000000001,32.25
2015,11,22,17,30,10,-6.800000000000001,0,0.7000000000000001,29.98
2015,11,22,18,30,9.4,-7.5,0,0.7000000000000001,29.69
2015,11,22,19,30,8.700000000000001,-7.6000000000000005,0,0.9,30.73
2015,11,22,20,30,8,-7.6000000000000005,0,1,32.27
2015,11,22,21,30,7.300000000000001,-7.5,0,1.2000000000000002,34.02
2015,11,22,22,30,6.7,-7.300000000000001,0,1.2000000000000002,36.17
2015,11,22,23,30,6.1000000000000005,-6.800000000000001,0,1.2000000000000002,39.2
2015,11,23,0,30,5.6000000000000005,-6.300000000000001,0,1.3,41.97
2015,11,23,1,30,5.2,-6,0,1.2000000000000002,44.39
2015,11,23,2,30,4.9,-5.6000000000000005,0,1.2000000000000002,46.43
2015,11,23,3,30,4.5,-5.300000000000001,0,1.2000000000000002,49.120000000000005
2015,11,23,4,30,4.1000000000000005,-4.9,0,1.2000000000000002,51.83
2015,11,23,5,30,3.8000000000000003,-4.7,0,1.3,53.81
2015,11,23,6,30,4.1000000000000005,-4.5,0,1.4000000000000001,53.6
2015,11,23,7,30,5.5,-4,34,1.9000000000000001,50.35
2015,11,23,8,30,7.1000000000000005,-3.6,152,2.4000000000000004,46.53
2015,11,23,9,30,8.200000000000001,-3.7,290,2.4000000000000004,42.980000000000004
2015,11,23,10,30,9.600000000000001,-3.3000000000000003,181,2.2,40.26
2015,11,23,11,30,11.5,-2.7,490,1.9000000000000001,37.04
2015,11,23,12,30,13.200000000000001,-2,380,1.6,34.9
2015,11,23,13,30,14.200000000000001,-1.3,571,1.3,34.42
2015,11,23,14,30,14.8,-0.8,440,1.1,34.42
2015,11,23,15,30,14.3,-0.4,264,0.7000000000000001,36.47
2015,11,23,16,30,12.5,0.8,74,0.5,44.82
2015,11,23,17,30,10.9,-0.30000000000000004,0,0.8,45.96
2015,11,23,18,30,10.100000000000001,-0.5,0,0.9,47.63
2015,11,23,19,30,9.4,-0.5,0,1,50.120000000000005
2015,11,23,20,30,8.700000000000001,-0.4,0,1.1,52.980000000000004
2015,11,23,21,30,7.9,-0.2,0,1.2000000000000002,56.480000000000004
2015,11,23,22,30,7.1000000000000005,-0.1,0,1.3,60.31
2015,11,23,23,30,6.5,0,0,1.3,63.300000000000004
2015,11,24,0,30,6.1000000000000005,0,0,1.2000000000000002,65.14
2015,11,24,1,30,5.800000000000001,-0.1,0,1,66
2015,11,24,2,30,5.800000000000001,-0.2,0,0.8,65.51
2015,11,24,3,30,5.5,-0.2,0,0.6000000000000001,66.77
2015,11,24,4,30,5.2,-0.2,0,0.5,68.18
2015,11,24,5,30,4.800000000000001,-0.2,0,0.5,70.2
2015,11,24,6,30,4.800000000000001,-0.1,0,0.5,70.43
2015,11,24,7,30,6.300000000000001,0,122,0.9,63.870000000000005
2015,11,24,8,30,9,0.1,319,1.4000000000000001,53.800000000000004
2015,11,24,9,30,12.100000000000001,0.2,495,1.8,44.07
2015,11,24,10,30,15.3,0.2,617,2.5,35.82
2015,11,24,11,30,18.2,-0.4,677,3.4000000000000004,28.490000000000002
2015,11,24,12,30,20,-1.7000000000000002,669,4,23.2
2015,11,24,13,30,20.5,-2.3000000000000003,593,4,21.48
2015,11,24,14,30,20.3,-2.7,457,3.6,21.11
2015,11,24,15,30,18.400000000000002,-2.3000000000000003,273,2.3000000000000003,24.400000000000002
2015,11,24,16,30,15.9,0.6000000000000001,77,1.1,35.39
2015,11,24,17,30,14.9,-2,0,0.8,31.29
2015,11,24,18,30,14.3,-2.4000000000000004,0,0.8,31.53
2015,11,24,19,30,13.3,-2.5,0,1,33.24
2015,11,24,20,30,11.9,-2.6,0,1.3,36.17
2015,11,24,21,30,10.3,-2.8000000000000003,0,1.4000000000000001,39.85
2015,11,24,22,30,8.8,-2.8000000000000003,0,1.6,44.02
2015,11,24,23,30,7.7,-2.8000000000000003,0,1.6,47.56
2015,11,25,0,30,6.9,-2.7,0,1.6,50.27
2015,11,25,1,30,6.4,-2.7,0,1.6,52.32
2015,11,25,2,30,6.2,-2.6,0,1.6,53.46
2015,11,25,3,30,6.300000000000001,-2.4000000000000004,0,1.5,53.870000000000005
2015,11,25,4,30,6,-2.1,0,1.6,56.22
2015,11,25,5,30,5.4,-2,0,1.6,58.72
2015,11,25,6,30,5.7,-2.1,0,1.6,57.370000000000005
2015,11,25,7,30,8.5,-1.9000000000000001,118,2.1,48.06
2015,11,25,8,30,12.200000000000001,-1.5,311,2.5,38.660000000000004
2015,11,25,9,30,15.700000000000001,-1.3,399,2.4000000000000004,31.3
2015,11,25,10,30,19.6,-1.9000000000000001,594,3.2,23.29
2015,11,25,11,30,22.3,-2.8000000000000003,649,4.2,18.56
2015,11,25,12,30,23.400000000000002,-1,639,4.6000000000000005,19.81
2015,11,25,13,30,23.8,0.9,556,4.7,22.2
2015,11,25,14,30,23.6,2.3000000000000003,337,4.3,24.71
2015,11,25,15,30,21.8,3.5,49,2.9000000000000004,30.18
2015,11,25,16,30,18.7,5.6000000000000005,68,1.8,42.29
2015,11,25,17,30,16.900000000000002,5.1000000000000005,0,2,45.76
2015,11,25,18,30,16.3,5.2,0,2.4000000000000004,47.76
2015,11,25,19,30,15.600000000000001,5.5,0,2.7,50.86
2015,11,25,20,30,14.8,5.7,0,2.6,54.370000000000005
2015,11,25,21,30,13.9,5.800000000000001,0,2.2,58.26
2015,11,25,22,30,13,5.9,0,1.9000000000000001,62.14
2015,11,25,23,30,12.3,5.9,0,1.9000000000000001,65.04
2015,11,26,0,30,11.9,6,0,2.1,67.25
2015,11,26,1,30,11.5,6.5,0,2.1,71.34
2015,11,26,2,30,10.9,7,0,2,77.03
2015,11,26,3,30,10.4,7.2,0,1.8,80.49
2015,11,26,4,30,9.9,7.2,0,1.8,83.52
2015,11,26,5,30,9.8,7.300000000000001,0,1.8,84.39
2015,11,26,6,30,10.3,7.300000000000001,0,2.1,81.86
2015,11,26,7,30,11.9,7.6000000000000005,4,2.8000000000000003,74.83
2015,11,26,8,30,13.700000000000001,8,94,3.2,68.42
2015,11,26,9,30,15.4,8.5,75,3.2,63.47
2015,11,26,10,30,16.8,8.8,260,3.6,59.24
2015,11,26,11,30,18,8.9,45,3.9000000000000004,55.25
2015,11,26,12,30,18.7,9,158,3.9000000000000004,53.32
2015,11,26,13,30,19.1,9.200000000000001,388,3.7,52.69
2015,11,26,14,30,19.1,9.4,227,3,53.31
2015,11,26,15,30,18.2,9.600000000000001,152,1.5,57.230000000000004
2015,11,26,16,30,16.900000000000002,10.600000000000001,40,0.5,66.52
2015,11,26,17,30,15.5,9.700000000000001,0,0.7000000000000001,68.24
2015,11,26,18,30,14.5,9.5,0,1,72.07000000000001
2015,11,26,19,30,14.100000000000001,9.8,0,1.2000000000000002,75.24
2015,11,26,20,30,14,10.200000000000001,0,1.4000000000000001,78.13
2015,11,26,21,30,13.8,10.8,0,1.6,82.07000000000001
2015,11,26,22,30,13.600000000000001,11.3,0,1.7000000000000002,86.07000000000001
2015,11,26,23,30,13.3,11.700000000000001,0,1.7000000000000002,89.78
2015,11,27,0,30,12.9,11.8,0,1.5,93.13
2015,11,27,1,30,12.5,11.9,0,1.4000000000000001,95.93
2015,11,27,2,30,12.3,11.9,0,1.4000000000000001,97.31
2015,11,27,3,30,12.100000000000001,11.9,0,1.4000000000000001,98.76
2015,11,27,4,30,11.8,11.8,0,1.5,100
2015,11,27,5,30,11.8,11.8,0,1.7000000000000002,100
2015,11,27,6,30,12.200000000000001,12.100000000000001,0,2.2,99.02
2015,11,27,7,30,13.200000000000001,12.200000000000001,34,3.2,93.5
2015,11,27,8,30,14.100000000000001,12.4,106,4.1000000000000005,89.46000000000001
2015,11,27,9,30,14.8,12.5,269,4.9,85.86
2015,11,27,10,30,15.4,12,253,5.6000000000000005,79.95
2015,11,27,11,30,15.600000000000001,11.200000000000001,383,5.800000000000001,75.31
2015,11,27,12,30,15.200000000000001,10.700000000000001,266,5.6000000000000005,74.45
2015,11,27,13,30,14.600000000000001,10.4,344,5.4,75.72
2015,11,27,14,30,13.5,10,158,5.5,79.24
2015,11,27,15,30,11.9,9.200000000000001,130,5.9,83.54
2015,11,27,16,30,9.9,8.1,10,6.1000000000000005,88.79
2015,11,27,17,30,8,6.7,0,6.300000000000001,91.7
2015,11,27,18,30,6.300000000000001,5,0,6.6000000000000005,91.17
2015,11,27,19,30,5,3.1,0,6.7,87.45
2015,11,27,20,30,4.4,1.6,0,6.5,81.95
2015,11,27,21,30,4.3,0.7000000000000001,0,6.1000000000000005,77.59
2015,11,27,22,30,4.3,0.4,0,5.6000000000000005,75.93
2015,11,27,23,30,4.5,0.4,0,5.300000000000001,74.46000000000001
2015,11,28,0,30,4.6000000000000005,0.4,0,5.1000000000000005,74.36
2015,11,28,1,30,4.6000000000000005,0.6000000000000001,0,5,75.17
2015,11,28,2,30,4.4,0.7000000000000001,0,5,76.9
2015,11,28,3,30,4.3,0.8,0,4.9,78.19
2015,11,28,4,30,4.1000000000000005,0.9,0,4.9,79.72
2015,11,28,5,30,3.9000000000000004,0.9,0,4.9,80.55
2015,11,28,6,30,3.7,0.7000000000000001,0,4.9,80.93
2015,11,28,7,30,3.9000000000000004,0.6000000000000001,17,5,78.91
2015,11,28,8,30,4.4,0.6000000000000001,77,5,76.11
2015,11,28,9,30,5.2,0.7000000000000001,71,4.9,72.92
2015,11,28,10,30,6.2,1.1,140,4.6000000000000005,70.06
2015,11,28,11,30,7.2,1.8,199,4.3,68.42
2015,11,28,12,30,8,2.5,134,3.9000000000000004,68.27
2015,11,28,13,30,8.6,3.2,126,3.6,68.86
2015,11,28,14,30,8.9,3.8000000000000003,193,3.4000000000000004,70.35000000000001
2015,11,28,15,30,8.8,4.3,61,3.3000000000000003,73.28
2015,11,28,16,30,7.9,4.5,66,3.1,79.27
2015,11,28,17,30,6.7,4.3,0,3.3000000000000003,84.78
2015,11,28,18,30,6,3.9000000000000004,0,3.8000000000000003,86.18
2015,11,28,19,30,5.5,3.5,0,3.9000000000000004,86.89
2015,11,28,20,30,5.4,3.2,0,3.8000000000000003,85.83
2015,11,28,21,30,5.5,3.1,0,3.6,84.51
2015,11,28,22,30,5.6000000000000005,3.1,0,3.4000000000000004,83.91
2015,11,28,23,30,5.6000000000000005,3.2,0,3.1,84.62
2015,11,29,0,30,5.7,3.4000000000000004,0,2.8000000000000003,85.28
2015,11,29,1,30,5.7,3.6,0,2.5,86.56
2015,11,29,2,30,5.7,3.9000000000000004,0,2.3000000000000003,88.09
2015,11,29,3,30,5.7,4.2,0,2.1,90.12
2015,11,29,4,30,5.800000000000001,4.5,0,2,91.21000000000001
2015,11,29,5,30,5.9,4.7,0,2,92.03
2015,11,29,6,30,6.1000000000000005,4.9,0,2.1,91.98
2015,11,29,7,30,6.800000000000001,5.1000000000000005,40,2.2,88.82000000000001
2015,11,29,8,30,8.1,5.6000000000000005,74,2.2,84.11
2015,11,29,9,30,9.8,6.5,168,2,79.88
2015,11,29,10,30,11.600000000000001,7.2,582,2,74.53
2015,11,29,11,30,13.5,7.7,406,2.3000000000000003,68.01
2015,11,29,12,30,15.5,7.6000000000000005,632,3,59.31
2015,11,29,13,30,16.900000000000002,6.800000000000001,560,3.4000000000000004,51.370000000000005
2015,11,29,14,30,17.6,5.800000000000001,432,3.5,45.79
2015,11,29,15,30,16.6,4.7,259,2.5,45.25
2015,11,29,16,30,13.600000000000001,4.4,71,1.7000000000000002,53.84
2015,11,29,17,30,11,2.5,0,1.9000000000000001,55.67
2015,11,29,18,30,9.700000000000001,0.8,0,2.2,54
2015,11,29,19,30,8.4,-0.8,0,2.3000000000000003,52.43
2015,11,29,20,30,7.2,-2.3000000000000003,0,2.3000000000000003,51.08
2015,11,29,21,30,6,-3.3000000000000003,0,2.3000000000000003,51.2
2015,11,29,22,30,4.800000000000001,-4,0,2.1,53.03
2015,11,29,23,30,3.8000000000000003,-4.4,0,1.9000000000000001,54.92
2015,11,30,0,30,3,-4.9,0,1.8,56.34
2015,11,30,1,30,2.2,-5.1000000000000005,0,1.7000000000000002,58.38
2015,11,30,2,30,1.6,-5.4,0,1.7000000000000002,59.93
2015,11,30,3,30,1.1,-5.6000000000000005,0,1.7000000000000002,60.9
2015,11,30,4,30,0.5,-5.800000000000001,0,1.8,62.46
2015,11,30,5,30,-0.1,-6,0,1.9000000000000001,64.24
2015,11,30,6,30,0.2,-6.2,0,2,62.04
2015,11,30,7,30,2.4000000000000004,-6.2,112,2.7,52.9
2015,11,30,8,30,6,-6.1000000000000005,312,3.3000000000000003,41.51
2015,11,30,9,30,9.5,-6.800000000000001,488,3.4000000000000004,30.91
2015,11,30,10,30,12,-9.5,613,3.6,21.38
2015,11,30,11,30,13.4,-10.600000000000001,676,3.6,17.87
2015,11,30,12,30,14.4,-11.100000000000001,670,3.7,16.04
2015,11,30,13,30,14.8,-11.5,595,3.8000000000000003,15.18
2015,11,30,14,30,14.5,-11.600000000000001,314,3.5,15.27
2015,11,30,15,30,12.700000000000001,-11.600000000000001,181,2.2,17.29
2015,11,30,16,30,10.600000000000001,-6.4,45,1.1,29.82
2015,11,30,17,30,9.9,-9,0,0.7000000000000001,25.39
2015,11,30,18,30,9.600000000000001,-10,0,0.5,24.1
2015,11,30,19,30,8.700000000000001,-10.4,0,0.6000000000000001,24.79
2015,11,30,20,30,7.7,-10.8,0,0.6000000000000001,25.67
2015,11,30,21,30,7.1000000000000005,-11,0,0.7000000000000001,26.2
2015,11,30,22,30,6.4,-10.700000000000001,0,0.8,28.34
2015,11,30,23,30,5.6000000000000005,-10.3,0,0.9,30.78
2015,12,1,0,30,4.800000000000001,-10.100000000000001,0,1.1,33.22
2015,12,1,1,30,4,-9.9,0,1.1,35.59
2015,12,1,2,30,3.4000000000000004,-9.700000000000001,0,1,37.65
2015,12,1,3,30,2.8000000000000003,-9.5,0,0.9,39.84
2015,12,1,4,30,2,-9.5,0,0.9,42.28
2015,12,1,5,30,0.9,-9.700000000000001,0,1.1,45.1
2015,12,1,6,30,0.4,-10,0,1.3,45.56
2015,12,1,7,30,1.7000000000000002,-9.8,109,1.7000000000000002,42.28
2015,12,1,8,30,4.4,-9.9,309,1.8,34.67
2015,12,1,9,30,7.800000000000001,-10.3,485,2,26.55
2015,12,1,10,30,10.600000000000001,-11.8,610,2.5,19.51
2015,12,1,11,30,12.100000000000001,-12.200000000000001,672,2.9000000000000004,17.1
2015,12,1,12,30,13,-12.700000000000001,666,3.3000000000000003,15.44
2015,12,1,13,30,13.4,-13.200000000000001,592,3.6,14.49
2015,12,1,14,30,13.100000000000001,-13.4,457,3.6,14.56
2015,12,1,15,30,11.3,-13.200000000000001,276,2.6,16.59
2015,12,1,16,30,8.1,-8.6,77,1.6,29.77
2015,12,1,17,30,6.300000000000001,-9.8,0,1.4000000000000001,30.66
2015,12,1,18,30,6,-10.700000000000001,0,1.4000000000000001,29.03
2015,12,1,19,30,5.800000000000001,-11.4,0,1.3,27.76
2015,12,1,20,30,5.300000000000001,-12.100000000000001,0,1.4000000000000001,27.240000000000002
2015,12,1,21,30,4.4,-12.5,0,1.4000000000000001,28.16
2015,12,1,22,30,3,-12.600000000000001,0,1.5,30.7
2015,12,1,23,30,1.6,-12.600000000000001,0,1.6,33.93
2015,12,2,0,30,0.4,-12.600000000000001,0,1.8,36.93
2015,12,2,1,30,-0.5,-12.8,0,1.9000000000000001,39.03
2015,12,2,2,30,-1.3,-13,0,2,40.59
2015,12,2,3,30,-2,-13.3,0,2,41.63
2015,12,2,4,30,-2.5,-13.700000000000001,0,1.9000000000000001,41.99
2015,12,2,5,30,-3,-13.9,0,1.8,42.64
2015,12,2,6,30,-2.6,-14.100000000000001,0,1.7000000000000002,41.02
2015,12,2,7,30,-0.30000000000000004,-13.200000000000001,109,2.1,37.28
2015,12,2,8,30,3,-13,310,2.3000000000000003,29.89
2015,12,2,9,30,6.4,-12.600000000000001,487,2.2,24.34
2015,12,2,10,30,10,-13.3,614,1.9000000000000001,17.97
2015,12,2,11,30,12.4,-15,679,1.5,13.34
2015,12,2,12,30,13.5,-15.3,674,1.5,12.08
2015,12,2,13,30,13.9,-15.200000000000001,600,1.6,11.91
2015,12,2,14,30,13.600000000000001,-14.9,464,1.7000000000000002,12.42
2015,12,2,15,30,11.8,-14.100000000000001,280,1.4000000000000001,14.98
2015,12,2,16,30,9.1,-7.9,79,1.1,29.29
2015,12,2,17,30,7.7,-11.200000000000001,0,1.1,24.75
2015,12,2,18,30,7.5,-12.4,0,0.9,22.79
2015,12,2,19,30,7.2,-13,0,0.7000000000000001,22.240000000000002
2015,12,2,20,30,6.800000000000001,-13.4,0,0.5,22.09
2015,12,2,21,30,6.300000000000001,-13.700000000000001,0,0.6000000000000001,22.35
2015,12,2,22,30,5.5,-14,0,0.7000000000000001,23.1
2015,12,2,23,30,4.7,-14,0,0.9,24.330000000000002
2015,12,3,0,30,4,-14.100000000000001,0,0.9,25.42
2015,12,3,1,30,3.1,-14,0,1,27.21
2015,12,3,2,30,2.2,-13.9,0,1,29.23
2015,12,3,3,30,1.5,-13.8,0,1,31.12
2015,12,3,4,30,0.9,-13.700000000000001,0,1,32.83
2015,12,3,5,30,0.4,-13.5,0,1,34.480000000000004
2015,12,3,6,30,0.30000000000000004,-13.3,0,1,35.22
2015,12,3,7,30,2.1,-12.4,103,1.2000000000000002,33.2
2015,12,3,8,30,4.800000000000001,-10.9,302,1.4000000000000001,31.080000000000002
2015,12,3,9,30,7.9,-11.600000000000001,478,1.4000000000000001,23.8
2015,12,3,10,30,11.4,-12.3,598,1.6,17.81
2015,12,3,11,30,13.700000000000001,-13,660,1.8,14.4
2015,12,3,12,30,14.8,-12.9,655,1.8,13.55
2015,12,3,13,30,15.3,-12.700000000000001,590,1.8,13.280000000000001
2015,12,3,14,30,15.3,-12.5,455,1.6,13.540000000000001
2015,12,3,15,30,13.5,-10.8,274,1.2000000000000002,17.490000000000002
2015,12,3,16,30,10.600000000000001,-6,76,1,30.6
2015,12,3,17,30,8.4,-9.5,0,1.3,27.14
2015,12,3,18,30,6.800000000000001,-9.5,0,1.5,30.240000000000002
2015,12,3,19,30,5.5,-9.3,0,1.7000000000000002,33.51
2015,12,3,20,30,4.3,-9,0,1.8,37.300000000000004
2015,12,3,21,30,3.5,-8.700000000000001,0,1.8,40.36
2015,12,3,22,30,2.7,-8.4,0,1.8,43.76
2015,12,3,23,30,2.2,-8.1,0,1.7000000000000002,46.33
2015,12,4,0,30,1.6,-8,0,1.7000000000000002,49.050000000000004
2015,12,4,1,30,1.1,-7.800000000000001,0,1.6,51.300000000000004
2015,12,4,2,30,0.7000000000000001,-7.7,0,1.6,53.21
2015,12,4,3,30,0.5,-7.6000000000000005,0,1.6,54.44
2015,12,4,4,30,0.2,-7.5,0,1.6,56.06
2015,12,4,5,30,0,-7.5,0,1.6,57.24
2015,12,4,6,30,0.30000000000000004,-7.300000000000001,0,1.7000000000000002,56.57
2015,12,4,7,30,2.7,-6.800000000000001,95,2.4000000000000004,49.480000000000004
2015,12,4,8,30,6.1000000000000005,-6.2,289,3.1,41.07
2015,12,4,9,30,9.4,-5.7,461,3.4000000000000004,34.04
2015,12,4,10,30,12.3,-4.9,417,3.7,29.68
2015,12,4,11,30,14.3,-4.2,643,3.7,27.48
2015,12,4,12,30,15.700000000000001,-3.6,518,3.5,26.26
2015,12,4,13,30,16.400000000000002,-3.2,568,3.1,25.96
2015,12,4,14,30,16.400000000000002,-3,436,2.4000000000000004,26.38
2015,12,4,15,30,14.9,-1.8,259,1.4000000000000001,31.66
2015,12,4,16,30,12.8,-0.7000000000000001,70,0.9,39.29
2015,12,4,17,30,11.3,-2.4000000000000004,0,1,38.2
2015,12,4,18,30,9.9,-2.5,0,1.2000000000000002,41.63
2015,12,4,19,30,8.5,-2.5,0,1.4000000000000001,45.76
2015,12,4,20,30,7.300000000000001,-2.5,0,1.5,49.730000000000004
2015,12,4,21,30,6.4,-2.5,0,1.5,53.11
2015,12,4,22,30,5.6000000000000005,-2.3000000000000003,0,1.5,56.78
2015,12,4,23,30,5,-2.1,0,1.5,60.01
2015,12,5,0,30,4.7,-2,0,1.4000000000000001,62.050000000000004
2015,12,5,1,30,4.2,-1.8,0,1.3,64.89
2015,12,5,2,30,3.6,-1.7000000000000002,0,1.3,68.36
2015,12,5,3,30,3,-1.5,0,1.3,72.06
2015,12,5,4,30,2.6,-1.5,0,1.3,74.63
2015,12,5,5,30,2.5,-1.4000000000000001,0,1.3,75.42
2015,12,5,6,30,2.8000000000000003,-1.4000000000000001,0,1.2000000000000002,73.71000000000001
2015,12,5,7,30,4.800000000000001,-1.4000000000000001,58,1.2000000000000002,64.1
2015,12,5,8,30,7.6000000000000005,-1.1,194,1.3,53.89
2015,12,5,9,30,10.100000000000001,-1.1,317,1.2000000000000002,45.660000000000004
2015,12,5,10,30,12.8,-1,582,1.5,38.57
2015,12,5,11,30,15.100000000000001,-1,645,2.3000000000000003,33.26
2015,12,5,12,30,16.8,-0.7000000000000001,481,2.9000000000000004,30.52
2015,12,5,13,30,17.7,-0.9,325,3.1,28.28
2015,12,5,14,30,17.6,-1.6,301,2.7,27.05
2015,12,5,15,30,15.8,-0.8,192,1.7000000000000002,32.07
2015,12,5,16,30,13.4,-0.2,73,1,39.27
2015,12,5,17,30,12.600000000000001,-2.8000000000000003,0,0.8,34.14
2015,12,5,18,30,12.4,-3.2,0,0.5,33.47
2015,12,5,19,30,11.5,-3.5,0,0.7000000000000001,34.74
2015,12,5,20,30,9.4,-3.9000000000000004,0,1.2000000000000002,38.86
2015,12,5,21,30,7,-4,0,1.5,45.34
2015,12,5,22,30,5.2,-4.3,0,1.6,50.27
2015,12,5,23,30,3.8000000000000003,-4.800000000000001,0,1.7000000000000002,53.25
2015,12,6,0,30,2.6,-5.5,0,1.8,55.02
2015,12,6,1,30,1.5,-6.300000000000001,0,1.8,55.95
2015,12,6,2,30,0.8,-7.2,0,1.7000000000000002,55.24
2015,12,6,3,30,0.2,-7.800000000000001,0,1.7000000000000002,54.94
2015,12,6,4,30,-0.30000000000000004,-8.1,0,1.7000000000000002,55.52
2015,12,6,5,30,-0.7000000000000001,-8.200000000000001,0,1.7000000000000002,56.92
2015,12,6,6,30,-0.4,-8,0,1.8,56.65
2015,12,6,7,30,2.3000000000000003,-7.2,93,2.7,49.49
2015,12,6,8,30,6.1000000000000005,-5.800000000000001,289,3.9000000000000004,42.18
2015,12,6,9,30,9.5,-3.5,463,4.4,39.7
2015,12,6,10,30,12.3,-3.2,589,4.1000000000000005,33.8
2015,12,6,11,30,14.100000000000001,-4.6000000000000005,653,3.4000000000000004,27.03
2015,12,6,12,30,15.100000000000001,-5.5,649,3,23.64
2015,12,6,13,30,15.600000000000001,-5.9,579,2.7,22.28
2015,12,6,14,30,15.4,-6,448,2.5,22.36
2015,12,6,15,30,13.5,-5.800000000000001,269,1.8,25.73
2015,12,6,16,30,10.200000000000001,-2.6,75,1.3,40.660000000000004
2015,12,6,17,30,8.1,-4.800000000000001,0,1.5,39.83
2015,12,6,18,30,7.1000000000000005,-5,0,1.5,41.76
2015,12,6,19,30,6.2,-5.1000000000000005,0,1.6,44.1
2015,12,6,20,30,5.4,-5.2,0,1.6,46.39
2015,12,6,21,30,4.6000000000000005,-5.2,0,1.6,49.01
2015,12,6,22,30,3.9000000000000004,-5.2,0,1.5,51.54
2015,12,6,23,30,3.3000000000000003,-5.2,0,1.5,53.88
2015,12,7,0,30,2.8000000000000003,-5.1000000000000005,0,1.4000000000000001,56
2015,12,7,1,30,2.3000000000000003,-5,0,1.4000000000000001,58.35
2015,12,7,2,30,2,-4.9,0,1.3,60.17
2015,12,7,3,30,1.9000000000000001,-4.800000000000001,0,1.3,61.24
2015,12,7,4,30,2,-4.6000000000000005,0,1.2000000000000002,61.42
2015,12,7,5,30,2.2,-4.5,0,1,61.13
2015,12,7,6,30,2.5,-4.4,0,0.9,60.370000000000005
2015,12,7,7,30,4.1000000000000005,-4.3,53,1,54.480000000000004
2015,12,7,8,30,6.6000000000000005,-3.6,152,1.3,48.03
2015,12,7,9,30,9.5,-3.5,292,1.3,39.85
2015,12,7,10,30,12.600000000000001,-3,486,1.1,33.58
2015,12,7,11,30,14.700000000000001,-2.8000000000000003,530,1,29.810000000000002
2015,12,7,12,30,15.600000000000001,-2.7,506,1,28.44
2015,12,7,13,30,15.700000000000001,-2.6,446,1,28.29
2015,12,7,14,30,15.200000000000001,-2.6,346,0.9,29.27
2015,12,7,15,30,13.200000000000001,-0.5,241,0.9,39
2015,12,7,16,30,10.700000000000001,-0.4,44,1.1,46.28
2015,12,7,17,30,9.3,-2.3000000000000003,0,1.2000000000000002,44
2015,12,7,18,30,8.700000000000001,-3.2,0,1.2000000000000002,43.01
2015,12,7,19,30,8.4,-3.9000000000000004,0,1.1,41.63
2015,12,7,20,30,8.4,-4.5,0,0.9,39.71
2015,12,7,21,30,8.200000000000001,-5,0,0.6000000000000001,38.84
2015,12,7,22,30,7.4,-5.2,0,0.7000000000000001,40.410000000000004
2015,12,7,23,30,5.800000000000001,-5.2,0,1,45.22
2015,12,8,0,30,3.9000000000000004,-5.1000000000000005,0,1.2000000000000002,52.01
2015,12,8,1,30,2.7,-5,0,1.3,56.800000000000004
2015,12,8,2,30,2.6,-5.2,0,1.3,56.38
2015,12,8,3,30,3.2,-5.5,0,1,52.99
2015,12,8,4,30,3.6,-5.6000000000000005,0,0.7000000000000001,50.89
2015,12,8,5,30,3.4000000000000004,-5.6000000000000005,0,0.7000000000000001,51.57
2015,12,8,6,30,2.9000000000000004,-5.6000000000000005,0,0.9,53.59
2015,12,8,7,30,4.1000000000000005,-5.4,55,1.2000000000000002,49.83
2015,12,8,8,30,6.6000000000000005,-4.800000000000001,279,1.4000000000000001,43.89
2015,12,8,9,30,9.5,-4.6000000000000005,294,1.8,36.54
2015,12,8,10,30,12.4,-3.5,430,2.5,32.83
2015,12,8,11,30,14.600000000000001,-2.9000000000000004,529,3,29.76
2015,12,8,12,30,16,-3.2,344,3.3000000000000003,26.6
2015,12,8,13,30,16.7,-4,398,3.3000000000000003,23.94
2015,12,8,14,30,16.7,-5,306,3,22.23
2015,12,8,15,30,14.8,-4.9,266,1.9000000000000001,25.21
2015,12,8,16,30,12.200000000000001,-2.6,73,1.1,35.5
2015,12,8,17,30,11,-5.6000000000000005,0,1,30.830000000000002
2015,12,8,18,30,10.700000000000001,-6.2,0,0.8,29.900000000000002
2015,12,8,19,30,10.5,-6.7,0,0.6000000000000001,29.32
2015,12,8,20,30,10.100000000000001,-6.9,0,0.5,29.5
2015,12,8,21,30,9.3,-7,0,0.7000000000000001,31.05
2015,12,8,22,30,8.200000000000001,-7,0,0.9,33.28
2015,12,8,23,30,7.300000000000001,-7,0,0.9,35.43
2015,12,9,0,30,6.7,-6.9,0,0.8,37.29
2015,12,9,1,30,6.1000000000000005,-6.800000000000001,0,0.7000000000000001,39.09
2015,12,9,2,30,5.5,-6.800000000000001,0,0.8,40.89
2015,12,9,3,30,4.9,-6.800000000000001,0,0.8,42.56
2015,12,9,4,30,4.3,-6.800000000000001,0,0.8,44.35
2015,12,9,5,30,3.8000000000000003,-6.7,0,0.8,46.19
2015,12,9,6,30,3.5,-6.5,0,0.8,47.800000000000004
2015,12,9,7,30,5,-6.1000000000000005,56,1.1,44.6
2015,12,9,8,30,7.7,-5,181,1.5,40.28
2015,12,9,9,30,10.8,-4.800000000000001,439,1.7000000000000002,33.22
2015,12,9,10,30,14.3,-3.8000000000000003,563,2.2,28.36
2015,12,9,11,30,16.900000000000002,-3.4000000000000004,625,2.7,24.77
2015,12,9,12,30,18.3,-3.3000000000000003,607,3,22.900000000000002
2015,12,9,13,30,18.900000000000002,-2.9000000000000004,553,3.2,22.580000000000002
2015,12,9,14,30,18.8,-2.7,425,2.9000000000000004,23.19
2015,12,9,15,30,16.6,-1.8,242,1.9000000000000001,28.5
2015,12,9,16,30,13.4,0.30000000000000004,70,1.4000000000000001,40.730000000000004
2015,12,9,17,30,11.700000000000001,-2.1,0,1.5,38.08
2015,12,9,18,30,10.9,-2.8000000000000003,0,1.5,38.09
2015,12,9,19,30,10.100000000000001,-3.2,0,1.6,39.11
2015,12,9,20,30,9.200000000000001,-3.3000000000000003,0,1.7000000000000002,41.36
2015,12,9,21,30,8.5,-3.1,0,1.7000000000000002,44
2015,12,9,22,30,7.800000000000001,-2.8000000000000003,0,1.8,47.1
2015,12,9,23,30,7.2,-2.5,0,1.9000000000000001,50.19
2015,12,10,0,30,6.5,-2.2,0,2,53.79
2015,12,10,1,30,5.9,-2,0,2,57.08
2015,12,10,2,30,5.2,-1.8,0,2,60.43
2015,12,10,3,30,4.7,-1.9000000000000001,0,1.9000000000000001,62.36
2015,12,10,4,30,4.4,-2.1,0,1.8,62.86
2015,12,10,5,30,4.3,-2.3000000000000003,0,1.7000000000000002,62.2
2015,12,10,6,30,4.800000000000001,-2.6,0,1.5,58.85
2015,12,10,7,30,7.1000000000000005,-2.7,51,1.7000000000000002,49.65
2015,12,10,8,30,10.4,-2.1,199,2.2,41.56
2015,12,10,9,30,13.4,-2.2,445,2.6,33.83
2015,12,10,10,30,16.5,-1.9000000000000001,421,3.2,28.400000000000002
2015,12,10,11,30,19.1,-1.8,490,3.8000000000000003,24.240000000000002
2015,12,10,12,30,20.8,-2.1,508,4.2,21.400000000000002
2015,12,10,13,30,21.6,-2.4000000000000004,456,4.2,19.86
2015,12,10,14,30,21.3,-2.6,403,3.5,19.91
2015,12,10,15,30,18.6,-0.6000000000000001,165,2.2,27.34
2015,12,10,16,30,15.200000000000001,0.6000000000000001,43,1.6,37.08
2015,12,10,17,30,13.4,-1.7000000000000002,0,1.7000000000000002,35.17
2015,12,10,18,30,12.4,-2.2,0,1.8,36.13
2015,12,10,19,30,11.3,-2.4000000000000004,0,1.8,38.21
2015,12,10,20,30,10.3,-2.5,0,1.8,40.67
2015,12,10,21,30,9.4,-2.5,0,1.8,43.32
2015,12,10,22,30,8.6,-2.3000000000000003,0,1.8,46.24
2015,12,10,23,30,7.7,-2.1,0,1.8,49.89
2015,12,11,0,30,7,-1.9000000000000001,0,1.8,53.13
2015,12,11,1,30,6.4,-1.7000000000000002,0,1.8,56.09
2015,12,11,2,30,5.9,-1.6,0,1.8,58.52
2015,12,11,3,30,5.5,-1.7000000000000002,0,1.8,59.85
2015,12,11,4,30,5.300000000000001,-1.9000000000000001,0,1.8,59.95
2015,12,11,5,30,5.2,-2.1,0,1.8,59.19
2015,12,11,6,30,5.6000000000000005,-2.5,0,1.8,56.18
2015,12,11,7,30,8,-2.7,56,2.5,46.910000000000004
2015,12,11,8,30,11.4,-2.5,152,3.3000000000000003,37.93
2015,12,11,9,30,14.700000000000001,-2.4000000000000004,301,3.7,30.73
2015,12,11,10,30,18.5,-2.1,569,5.1000000000000005,24.650000000000002
2015,12,11,11,30,21.200000000000003,-3.1,520,6.2,19.37
2015,12,11,12,30,22.3,-3.5,489,6.2,17.6
2015,12,11,13,30,22.700000000000003,-4.1000000000000005,435,5.9,16.37
2015,12,11,14,30,22.1,-4.6000000000000005,292,5,16.38
2015,12,11,15,30,19.200000000000003,-3.7,196,3.3000000000000003,20.89
2015,12,11,16,30,15.100000000000001,-1.4000000000000001,50,2.2,32.3
2015,12,11,17,30,12.8,-2.2,0,2.3000000000000003,35.2
2015,12,11,18,30,11.9,-2.3000000000000003,0,2.4000000000000004,37
2015,12,11,19,30,11.4,-2.2,0,2.8000000000000003,38.550000000000004
2015,12,11,20,30,11.100000000000001,-1.9000000000000001,0,3,40.230000000000004
2015,12,11,21,30,10.5,-1.4000000000000001,0,3,43.45
2015,12,11,22,30,9.8,-0.8,0,2.8000000000000003,47.5
2015,12,11,23,30,9,-0.30000000000000004,0,2.6,52.17
2015,12,12,0,30,8.1,0.30000000000000004,0,2.3000000000000003,58.09
2015,12,12,1,30,7.5,1.1,0,2.2,63.96
2015,12,12,2,30,7.1000000000000005,2,0,2.1,70.26
2015,12,12,3,30,6.800000000000001,2.9000000000000004,0,2,76.14
2015,12,12,4,30,6.5,3.6,0,1.8,81.45
2015,12,12,5,30,6.800000000000001,4,0,1.9000000000000001,82.39
2015,12,12,6,30,7.800000000000001,4.5,0,2.6,79.66
2015,12,12,7,30,9,5.2,16,3.8000000000000003,77.28
2015,12,12,8,30,9.9,6.1000000000000005,18,5.1000000000000005,77.23
2015,12,12,9,30,10.3,6.1000000000000005,78,6.1000000000000005,75.34
2015,12,12,10,30,10.3,4.6000000000000005,12,6.800000000000001,67.76
2015,12,12,11,30,10.4,2.3000000000000003,36,7.2,57.32
2015,12,12,12,30,10.4,-0.1,327,7.5,48.19
2015,12,12,13,30,10.100000000000001,-2.5,336,7.7,41.09
2015,12,12,14,30,9.5,-4.9,311,7.800000000000001,35.910000000000004
2015,12,12,15,30,8.3,-6.4,205,7,34.69
2015,12,12,16,30,6.6000000000000005,-6.4,72,5.6000000000000005,39.06
2015,12,12,17,30,5.4,-5.1000000000000005,0,4.7,46.69
2015,12,12,18,30,4.800000000000001,-3.7,0,4.7,53.94
2015,12,12,19,30,4.2,-2.4000000000000004,0,4.800000000000001,62.35
2015,12,12,20,30,3.5,-1.2000000000000002,0,5,71.15
2015,12,12,21,30,2.9000000000000004,-0.5,0,5.4,78.42
2015,12,12,22,30,2.4000000000000004,-0.1,0,5.800000000000001,83.33
2015,12,12,23,30,2.2,-0.1,0,6.1000000000000005,84.59
2015,12,13,0,30,1.9000000000000001,-0.30000000000000004,0,6.2,85.51
2015,12,13,1,30,1.8,-0.6000000000000001,0,6.1000000000000005,84.21000000000001
2015,12,13,2,30,1.7000000000000002,-1.1,0,5.9,81.87
2015,12,13,3,30,1.6,-1.7000000000000002,0,5.9,78.8
2015,12,13,4,30,1.4000000000000001,-2.3000000000000003,0,5.9,76.29
2015,12,13,5,30,1,-3,0,5.6000000000000005,74.60000000000001
2015,12,13,6,30,0.6000000000000001,-3.8000000000000003,0,5.300000000000001,72.37
2015,12,13,7,30,1.4000000000000001,-4.5,71,5.9,64.84
2015,12,13,8,30,3.5,-5.2,259,6.7,53
2015,12,13,9,30,5.800000000000001,-6.300000000000001,433,6.9,41.51
2015,12,13,10,30,7.9,-6.6000000000000005,564,6.9,35.22
2015,12,13,11,30,9.600000000000001,-6.9,635,7.1000000000000005,30.560000000000002
2015,12,13,12,30,10.9,-8.1,641,7.2,25.5
2015,12,13,13,30,11.700000000000001,-10,581,7.300000000000001,20.96
2015,12,13,14,30,11.9,-11.5,452,7.1000000000000005,18.3
2015,12,13,15,30,10.700000000000001,-11.9,271,6.1000000000000005,19.17
2015,12,13,16,30,8,-10.700000000000001,77,4.5,25.36
2015,12,13,17,30,5.800000000000001,-9.3,0,3.9000000000000004,32.9
2015,12,13,18,30,4.9,-8.8,0,4,36.47
2015,12,13,19,30,4.3,-8.3,0,4.1000000000000005,39.38
2015,12,13,20,30,3.8000000000000003,-8,0,4.2,41.77
2015,12,13,21,30,3.3000000000000003,-7.800000000000001,0,4.1000000000000005,44.17
2015,12,13,22,30,2.6,-7.5,0,3.8000000000000003,47.46
2015,12,13,23,30,1.9000000000000001,-7.2,0,3.3000000000000003,50.800000000000004
2015,12,14,0,30,1.3,-7.1000000000000005,0,3,53.53
2015,12,14,1,30,0.5,-7.1000000000000005,0,2.6,56.94
2015,12,14,2,30,-0.2,-7.1000000000000005,0,2.2,59.61
2015,12,14,3,30,-0.7000000000000001,-7.300000000000001,0,1.9000000000000001,60.81
2015,12,14,4,30,-1.1,-7.6000000000000005,0,1.8,61.44
2015,12,14,5,30,-1.4000000000000001,-7.800000000000001,0,1.7000000000000002,61.660000000000004
2015,12,14,6,30,-1.1,-8.1,0,1.6,59.08
2015,12,14,7,30,1.4000000000000001,-8,76,2.2,49.43
2015,12,14,8,30,4.7,-7.800000000000001,268,3,39.95
2015,12,14,9,30,8,-7.6000000000000005,443,3.7,32.230000000000004
2015,12,14,10,30,11.4,-8.1,572,5,24.75
2015,12,14,11,30,14.100000000000001,-7.7,641,6.300000000000001,21.37
2015,12,14,12,30,15.8,-6.9,636,7.2,20.34
2015,12,14,13,30,16.6,-6.5,569,7.800000000000001,19.93
2015,12,14,14,30,16.2,-6.4,438,8,20.7
2015,12,14,15,30,14.5,-5.800000000000001,265,7.300000000000001,24.13
2015,12,14,16,30,11.8,-4.5,74,6.1000000000000005,31.78
2015,12,14,17,30,9.700000000000001,-3,0,5.4,40.76
2015,12,14,18,30,8.3,-1.3,0,5.2,50.800000000000004
2015,12,14,19,30,7,0.5,0,5.1000000000000005,63.43
2015,12,14,20,30,5.7,1.5,0,5.2,74.47
2015,12,14,21,30,4.5,1,0,5.4,78.08
2015,12,14,22,30,3.5,-0.8,0,5.6000000000000005,73.35000000000001
2015,12,14,23,30,2.4000000000000004,-3.5,0,5.7,64.95
2015,12,15,0,30,1.3,-5.4,0,5.6000000000000005,60.9
2015,12,15,1,30,0.30000000000000004,-6.6000000000000005,0,4.9,59.92
2015,12,15,2,30,-0.6000000000000001,-7.1000000000000005,0,3.9000000000000004,61.61
2015,12,15,3,30,-1.4000000000000001,-7.1000000000000005,0,3.1,65.19
2015,12,15,4,30,-2.1,-6.9,0,2.6,69.63
2015,12,15,5,30,-2.7,-6.6000000000000005,0,2.3000000000000003,74.26
2015,12,15,6,30,-2.5,-6.5,0,2.3000000000000003,74.07000000000001
2015,12,15,7,30,-0.8,-6.4,10,3.2,65.86
2015,12,15,8,30,2.2,-6.4,14,4.6000000000000005,53.160000000000004
2015,12,15,9,30,4.5,-7.4,121,5.9,41.71
2015,12,15,10,30,5.9,-8.6,296,6.7,34.550000000000004
2015,12,15,11,30,6.800000000000001,-9.4,132,7.300000000000001,30.54
2015,12,15,12,30,7.2,-10.3,634,7.800000000000001,27.64
2015,12,15,13,30,7.300000000000001,-11.3,574,8,25.39
2015,12,15,14,30,7,-12.100000000000001,448,7.7,24.17
2015,12,15,15,30,6,-13,273,6.4,24.060000000000002
2015,12,15,16,30,3.4000000000000004,-13.100000000000001,81,4,28.62
2015,12,15,17,30,0.9,-12.100000000000001,0,2.5,37.07
2015,12,15,18,30,-0.30000000000000004,-12.100000000000001,0,2.1,40.69
2015,12,15,19,30,-1.1,-12.200000000000001,0,2,42.85
2015,12,15,20,30,-1.8,-12.200000000000001,0,2,44.89
2015,12,15,21,30,-2.5,-12.100000000000001,0,1.9000000000000001,47.58
2015,12,15,22,30,-3.2,-12,0,1.8,50.72
2015,12,15,23,30,-3.7,-11.9,0,1.6,53.15
2015,12,16,0,30,-3.9000000000000004,-11.8,0,1.4000000000000001,54.24
2015,12,16,1,30,-3.8000000000000003,-11.700000000000001,0,1.3,54.06
2015,12,16,2,30,-3.7,-11.600000000000001,0,1.2000000000000002,54.25
2015,12,16,3,30,-3.7,-11.4,0,1,55.02
2015,12,16,4,30,-3.8000000000000003,-11.3,0,0.9,56.18
2015,12,16,5,30,-3.8000000000000003,-11.100000000000001,0,0.9,56.730000000000004
2015,12,16,6,30,-3.6,-11,0,0.8,56.480000000000004
2015,12,16,7,30,-2.2,-10.600000000000001,72,0.9,52.61
2015,12,16,8,30,0.4,-10.3,266,1.1,44.64
2015,12,16,9,30,3.5,-10.200000000000001,444,1.4000000000000001,36.09
2015,12,16,10,30,5.7,-11,575,2.2,28.85
2015,12,16,11,30,6.800000000000001,-11.4,644,3,25.94
2015,12,16,12,30,7.4,-11.700000000000001,646,3.5,24.400000000000002
2015,12,16,13,30,7.7,-11.9,580,3.7,23.45
2015,12,16,14,30,7.6000000000000005,-12.200000000000001,453,3.6,23.04
2015,12,16,15,30,6,-12.4,277,2.5,25.38
2015,12,16,16,30,3.2,-9.9,82,1.5,37.74
2015,12,16,17,30,1.8,-11.4,0,1.3,36.88
2015,12,16,18,30,1.5,-12.3,0,1.2000000000000002,35.13
2015,12,16,19,30,0.6000000000000001,-12.700000000000001,0,1.4000000000000001,36.26
2015,12,16,20,30,-0.8,-12.700000000000001,0,1.6,40.15
2015,12,16,21,30,-1.9000000000000001,-12.4,0,1.8,44.53
2015,12,16,22,30,-2.7,-11.9,0,1.8,49.050000000000004
2015,12,16,23,30,-3.3000000000000003,-11.4,0,1.8,53.46
2015,12,17,0,30,-3.8000000000000003,-10.9,0,1.8,57.77
2015,12,17,1,30,-4.1000000000000005,-10.5,0,1.8,60.99
2015,12,17,2,30,-4.2,-10.3,0,1.9000000000000001,62.4
2015,12,17,3,30,-4.3,-10.3,0,1.9000000000000001,63.1
2015,12,17,4,30,-4.4,-10.3,0,1.9000000000000001,63.39
2015,12,17,5,30,-4.5,-10.4,0,1.9000000000000001,63.57
2015,12,17,6,30,-4,-10.4,0,2,61.02
2015,12,17,7,30,-2,-10.3,71,2.4000000000000004,53.050000000000004
2015,12,17,8,30,1.1,-10,265,2.7,43.410000000000004
2015,12,17,9,30,4.3,-9.9,442,2.8000000000000003,34.92
2015,12,17,10,30,6.7,-10.5,573,3,28.09
2015,12,17,11,30,8,-10.9,643,3,24.92
2015,12,17,12,30,8.9,-11.3,645,2.9000000000000004,22.63
2015,12,17,13,30,9.3,-12,574,2.7,20.94
2015,12,17,14,30,9.1,-12.4,448,2.3000000000000003,20.46
2015,12,17,15,30,7.5,-12.4,274,1.5,22.830000000000002
2015,12,17,16,30,4.9,-9.200000000000001,82,1.1,35.18
2015,12,17,17,30,3.4000000000000004,-11.600000000000001,0,1.1,32.45
2015,12,17,18,30,2.7,-12.200000000000001,0,1.1,32.39
2015,12,17,19,30,2.1,-12.600000000000001,0,1.2000000000000002,32.93
2015,12,17,20,30,1.6,-12.9,0,1.2000000000000002,33.11
2015,12,17,21,30,1.2000000000000002,-13.200000000000001,0,1.3,33.27
2015,12,17,22,30,0.7000000000000001,-13.4,0,1.3,34.05
2015,12,17,23,30,0.2,-13.5,0,1.3,35.06
2015,12,18,0,30,-0.4,-13.5,0,1.3,36.46
2015,12,18,1,30,-0.8,-13.5,0,1.3,37.56
2015,12,18,2,30,-1.1,-13.4,0,1.3,38.6
2015,12,18,3,30,-1.2000000000000002,-13.3,0,1.2000000000000002,39.32
2015,12,18,4,30,-1.1,-13.200000000000001,0,1.1,39.36
2015,12,18,5,30,-0.8,-13.100000000000001,0,0.9,38.75
2015,12,18,6,30,-0.5,-13,0,0.8,38.29
2015,12,18,7,30,0.8,-12.4,67,0.9,36.57
2015,12,18,8,30,3.1,-11.8,254,1.2000000000000002,32.59
2015,12,18,9,30,5.9,-11.700000000000001,428,1.3,26.92
2015,12,18,10,30,8.700000000000001,-12,556,1.2000000000000002,21.85
2015,12,18,11,30,10.4,-11.700000000000001,626,1.1,19.84
2015,12,18,12,30,11.600000000000001,-11.3,629,1.2000000000000002,18.900000000000002
2015,12,18,13,30,12.4,-11.100000000000001,569,1.1,18.3
2015,12,18,14,30,12.600000000000001,-10.9,445,1,18.37
2015,12,18,15,30,10.700000000000001,-9.200000000000001,272,1,23.73
2015,12,18,16,30,7.1000000000000005,-6.2,81,1.2000000000000002,38.27
2015,12,18,17,30,4.800000000000001,-8.8,0,1.6,36.77
2015,12,18,18,30,3.7,-9.4,0,1.8,37.92
2015,12,18,19,30,3,-9.8,0,1.9000000000000001,38.480000000000004
2015,12,18,20,30,2.5,-10.100000000000001,0,1.8,39.01
2015,12,18,21,30,2,-10.3,0,1.8,39.83
2015,12,18,22,30,1.6,-10.3,0,1.8,40.71
2015,12,18,23,30,1.2000000000000002,-10.4,0,1.7000000000000002,41.86
2015,12,19,0,30,0.8,-10.3,0,1.7000000000000002,43.35
2015,12,19,1,30,0.2,-10.100000000000001,0,1.7000000000000002,45.87
2015,12,19,2,30,-0.30000000000000004,-9.8,0,1.7000000000000002,48.69
2015,12,19,3,30,-0.4,-9.5,0,1.6,50.26
2015,12,19,4,30,-0.4,-9.1,0,1.6,52.02
2015,12,19,5,30,-0.4,-8.9,0,1.7000000000000002,52.88
2015,12,19,6,30,0,-8.5,0,1.7000000000000002,52.63
2015,12,19,7,30,1.7000000000000002,-8.1,38,2.2,48.29
2015,12,19,8,30,4.6000000000000005,-7.4,164,3,41.42
2015,12,19,9,30,7.1000000000000005,-7.1000000000000005,308,3.1,35.58
2015,12,19,10,30,9.5,-6.2,369,3.2,32.36
2015,12,19,11,30,11.5,-5.7,631,3.3000000000000003,29.52
2015,12,19,12,30,13.3,-5.1000000000000005,490,3.1,27.41
2015,12,19,13,30,14.600000000000001,-4.6000000000000005,568,2.8000000000000003,26.29
2015,12,19,14,30,14.8,-4.3,333,2.3000000000000003,26.54
2015,12,19,15,30,13.100000000000001,-2.9000000000000004,166,1.4000000000000001,32.79
2015,12,19,16,30,11.100000000000001,-1.9000000000000001,46,1,40.19
2015,12,19,17,30,10.600000000000001,-3.3000000000000003,0,0.8,37.65
2015,12,19,18,30,10.5,-3.7,0,0.7000000000000001,36.65
2015,12,19,19,30,9.9,-3.8000000000000003,0,0.9,37.980000000000004
2015,12,19,20,30,8.8,-3.9000000000000004,0,1.1,40.51
2015,12,19,21,30,7.6000000000000005,-4.2,0,1.3,42.93
2015,12,19,22,30,6.5,-4.5,0,1.4000000000000001,45.43
2015,12,19,23,30,5.7,-4.6000000000000005,0,1.5,47.410000000000004
2015,12,20,0,30,5.300000000000001,-4.5,0,1.4000000000000001,49.28
2015,12,20,1,30,4.800000000000001,-4.2,0,1.4000000000000001,52.29
2015,12,20,2,30,4,-3.5,0,1.5,58.2
2015,12,20,3,30,3.6,-2.5,0,1.6,64.23
2015,12,20,4,30,3.4000000000000004,-1.3,0,1.7000000000000002,71.06
2015,12,20,5,30,3.2,-0.2,0,1.8,78.15
2015,12,20,6,30,3.5,0.5,0,1.9000000000000001,80.83
2015,12,20,7,30,6.1000000000000005,1.1,32,2.8000000000000003,70.48
2015,12,20,8,30,9.600000000000001,1.9000000000000001,145,4.2,58.56
2015,12,20,9,30,11.8,2.9000000000000004,417,5.6000000000000005,54.46
2015,12,20,10,30,13.5,3.8000000000000003,547,6.7,51.7
2015,12,20,11,30,14.9,3.3000000000000003,617,7.300000000000001,45.89
2015,12,20,12,30,15.9,1.8,624,7.9,38.480000000000004
2015,12,20,13,30,16.400000000000002,-0.4,461,8.1,31.88
2015,12,20,14,30,16,-2,352,7.5,29.05
2015,12,20,15,30,14.4,-2.7,272,5.6000000000000005,30.7
2015,12,20,16,30,11.100000000000001,-2.3000000000000003,82,3.7,39.14
2015,12,20,17,30,8.5,-2.1,0,3,47.27
2015,12,20,18,30,7.300000000000001,-1.9000000000000001,0,2.7,52.24
2015,12,20,19,30,6.1000000000000005,-1.5,0,2.3000000000000003,58.19
2015,12,20,20,30,5.300000000000001,-1.2000000000000002,0,2.1,62.93
2015,12,20,21,30,4.5,-0.9,0,2,67.88
2015,12,20,22,30,3.9000000000000004,-0.7000000000000001,0,1.9000000000000001,71.87
2015,12,20,23,30,3.3000000000000003,-0.6000000000000001,0,1.9000000000000001,75.42
2015,12,21,0,30,2.8000000000000003,-0.7000000000000001,0,2,77.87
2015,12,21,1,30,2.3000000000000003,-0.9,0,1.9000000000000001,79.67
2015,12,21,2,30,1.8,-1.2000000000000002,0,1.9000000000000001,80.71000000000001
2015,12,21,3,30,1.5,-1.5,0,1.8,80.4
2015,12,21,4,30,1.2000000000000002,-1.8,0,1.6,80.27
2015,12,21,5,30,1.1,-2,0,1.5,79.56
2015,12,21,6,30,1.3,-2.1,0,1.4000000000000001,77.95
2015,12,21,7,30,3.3000000000000003,-2,62,2.3000000000000003,68.12
2015,12,21,8,30,6.7,-1.6,249,3.6,55.370000000000005
2015,12,21,9,30,9.9,-1.7000000000000002,423,4.3,44.31
2015,12,21,10,30,12.3,-3.1,553,4.6000000000000005,34.07
2015,12,21,11,30,13.9,-4.5,624,4.2,27.66
2015,12,21,12,30,15,-5.300000000000001,629,3.8000000000000003,24.310000000000002
2015,12,21,13,30,15.5,-5.5,567,3.4000000000000004,23.13
2015,12,21,14,30,15.3,-5.4,446,2.7,23.51
2015,12,21,15,30,13.700000000000001,-5.2,275,1.6,26.64
2015,12,21,16,30,11.600000000000001,-3,86,0.7000000000000001,35.86
2015,12,21,17,30,10.4,-5.2,0,0.6000000000000001,32.910000000000004
2015,12,21,18,30,9.200000000000001,-5.300000000000001,0,0.9,35.410000000000004
2015,12,21,19,30,8,-5.1000000000000005,0,1.2000000000000002,39.01
2015,12,21,20,30,7.4,-4.7,0,1.3,42.06
2015,12,21,21,30,6.7,-4.4,0,1.4000000000000001,45.1
2015,12,21,22,30,5.9,-4.1000000000000005,0,1.5,48.83
2015,12,21,23,30,5,-3.6,0,1.6,53.620000000000005
2015,12,22,0,30,4,-3.4000000000000004,0,1.6,58.75
2015,12,22,1,30,3.2,-3,0,1.7000000000000002,63.620000000000005
2015,12,22,2,30,2.7,-2.8000000000000003,0,1.8,67.21000000000001
2015,12,22,3,30,2.3000000000000003,-2.7,0,1.8,69.57000000000001
2015,12,22,4,30,2,-2.7,0,1.9000000000000001,70.8
2015,12,22,5,30,1.8,-2.9000000000000004,0,2,71.15
2015,12,22,6,30,2.2,-3,0,2.2,68.55
2015,12,22,7,30,4.5,-3,30,3.2,58.24
2015,12,22,8,30,7.800000000000001,-2.7,135,4.2,47.45
2015,12,22,9,30,10.9,-2.2,250,5.2,39.95
2015,12,22,10,30,12.9,-2.1,412,6.5,35.22
2015,12,22,11,30,13.4,-2.4000000000000004,250,7,33.44
2015,12,22,12,30,13.200000000000001,-2.6,149,7.2,33.46
2015,12,22,13,30,13.200000000000001,-2.6,312,7.300000000000001,33.45
2015,12,22,14,30,13.4,-2.3000000000000003,27,7.4,33.660000000000004
2015,12,22,15,30,13.100000000000001,-1.9000000000000001,127,6.800000000000001,35.25
2015,12,22,16,30,11.600000000000001,-1.2000000000000002,33,6,41.09
2015,12,22,17,30,10,-0.4,0,5.4,48.5
2015,12,22,18,30,8.8,0.4,0,4.9,55.59
2015,12,22,19,30,7.6000000000000005,0.9,0,4.1000000000000005,62.71
2015,12,22,20,30,6.5,1.3,0,3.5,69.57000000000001
2015,12,22,21,30,5.800000000000001,1.6,0,3.3000000000000003,74.63
2015,12,22,22,30,5.4,1.9000000000000001,0,3.4000000000000004,78.09
2015,12,22,23,30,5.2,2,0,3.6,80.08
2015,12,23,0,30,5.300000000000001,2.2,0,3.9000000000000004,80.4
2015,12,23,1,30,5.4,2.4000000000000004,0,4.2,80.78
2015,12,23,2,30,5.5,2.5,0,4.4,81.16
2015,12,23,3,30,5.6000000000000005,2.6,0,4.4,81.03
2015,12,23,4,30,5.800000000000001,2.7,0,4.4,80.48
2015,12,23,5,30,6,3,0,4.3,80.94
2015,12,23,6,30,6.1000000000000005,3.3000000000000003,0,4.2,82.43
2015,12,23,7,30,7.300000000000001,3.7,19,4.7,77.81
2015,12,23,8,30,9.8,4.3,96,5.800000000000001,68.38
2015,12,23,9,30,12,5.300000000000001,409,6.5,63.36
2015,12,23,10,30,13.700000000000001,5.2,537,6.9,56.480000000000004
2015,12,23,11,30,14.8,4.7,606,7.300000000000001,50.75
2015,12,23,12,30,15.4,4.1000000000000005,433,7.6000000000000005,46.88
2015,12,23,13,30,15.600000000000001,3.6,125,7.800000000000001,44.78
2015,12,23,14,30,15.600000000000001,3.3000000000000003,400,7.6000000000000005,43.75
2015,12,23,15,30,14.8,3,269,6.7,45.21
2015,12,23,16,30,13,2.9000000000000004,83,5.2,50.24
2015,12,23,17,30,11.3,2.9000000000000004,0,4.3,56.28
2015,12,23,18,30,10.5,3.1,0,4.2,60.22
2015,12,23,19,30,9.8,3.5,0,4.1000000000000005,64.78
2015,12,23,20,30,9.1,4,0,4.1000000000000005,70.2
2015,12,23,21,30,8.4,4.5,0,3.8000000000000003,76.62
2015,12,23,22,30,7.7,5,0,3.4000000000000004,83.32000000000001
2015,12,23,23,30,7.2,5.5,0,3.3000000000000003,89.13
2015,12,24,0,30,6.9,6,0,3.2,93.69
2015,12,24,1,30,6.5,6.300000000000001,0,3,98.73
2015,12,24,2,30,6.2,6.2,0,3,100
2015,12,24,3,30,6,6,0,3,100
2015,12,24,4,30,5.800000000000001,5.800000000000001,0,2.9000000000000004,100
2015,12,24,5,30,5.4,5.4,0,2.7,100
2015,12,24,6,30,5.5,5.5,0,2.4000000000000004,100
2015,12,24,7,30,7.6000000000000005,6.4,55,3,92.09
2015,12,24,8,30,10.9,6.2,237,4.5,72.75
2015,12,24,9,30,13.200000000000001,5.300000000000001,410,5.5,58.82
2015,12,24,10,30,14.600000000000001,4.6000000000000005,539,5.800000000000001,50.93
2015,12,24,11,30,15.700000000000001,3.8000000000000003,608,5.9,45.1
2015,12,24,12,30,16.400000000000002,3.1,611,5.9,40.96
2015,12,24,13,30,16.7,2.5,506,5.9,38.47
2015,12,24,14,30,16.6,2.1,440,5.5,37.56
2015,12,24,15,30,15.100000000000001,1.9000000000000001,273,3.9000000000000004,40.800000000000004
2015,12,24,16,30,12,2.2,86,2.2,51.24
2015,12,24,17,30,9.8,1.9000000000000001,0,1.6,57.89
2015,12,24,18,30,9.1,1.8,0,1.6,60.44
2015,12,24,19,30,8.4,1.9000000000000001,0,1.5,63.71
2015,12,24,20,30,7.7,2.1,0,1.5,67.59
2015,12,24,21,30,6.9,2.3000000000000003,0,1.5,72.47
2015,12,24,22,30,6,2.5,0,1.5,78.51
2015,12,24,23,30,5.4,2.8000000000000003,0,1.6,83.44
2015,12,25,0,30,5.300000000000001,3,0,1.6,85.36
2015,12,25,1,30,5.6000000000000005,3.1,0,1.6,84.14
2015,12,25,2,30,5.7,3.1,0,1.6,83.22
2015,12,25,3,30,5.7,2.9000000000000004,0,1.6,82.38
2015,12,25,4,30,5.7,2.7,0,1.6,81.04
2015,12,25,5,30,5.7,2.4000000000000004,0,1.7000000000000002,79.60000000000001
2015,12,25,6,30,6,2.3000000000000003,0,1.8,76.96000000000001
2015,12,25,7,30,7.7,2.2,35,2.6,68.12
2015,12,25,8,30,10.4,2.4000000000000004,101,3.5,57.56
2015,12,25,9,30,13.3,3.3000000000000003,314,4.5,50.64
2015,12,25,10,30,15.8,5,549,5.6000000000000005,48.550000000000004
2015,12,25,11,30,17.400000000000002,4.4,619,6.300000000000001,42.07
2015,12,25,12,30,18.400000000000002,2.8000000000000003,517,6.6000000000000005,35.42
2015,12,25,13,30,18.7,1.2000000000000002,395,6.5,31.04
2015,12,25,14,30,18.3,0.1,338,5.9,29.25
2015,12,25,15,30,16.5,-0.4,175,4.5,31.62
2015,12,25,16,30,13.600000000000001,-0.1,44,3.1,39.06
2015,12,25,17,30,11.600000000000001,-0.2,0,2.6,44.300000000000004
2015,12,25,18,30,10.600000000000001,-0.1,0,2.3000000000000003,47.4
2015,12,25,19,30,9.8,0,0,2.1,50.4
2015,12,25,20,30,9.200000000000001,0.1,0,2,52.870000000000005
2015,12,25,21,30,8.700000000000001,0.1,0,1.9000000000000001,54.82
2015,12,25,22,30,8,0,0,1.7000000000000002,56.97
2015,12,25,23,30,7.4,-0.30000000000000004,0,1.5,58.33
2015,12,26,0,30,6.800000000000001,-0.6000000000000001,0,1.4000000000000001,59.28
2015,12,26,1,30,6.4,-1,0,1.5,59.29
2015,12,26,2,30,5.9,-1.4000000000000001,0,1.9000000000000001,59.6
2015,12,26,3,30,5.300000000000001,-1.8,0,2.6,60.18
2015,12,26,4,30,4.3,-2.3000000000000003,0,3.1,62.09
2015,12,26,5,30,3.2,-2.9000000000000004,0,3.1,64.14
2015,12,26,6,30,2.7,-3.6,0,2.8000000000000003,63.190000000000005
2015,12,26,7,30,3.8000000000000003,-4.3,52,3.2,55.54
2015,12,26,8,30,6.2,-4.9,113,3.6,44.75
2015,12,26,9,30,8.3,-5.4,130,3.1,37.49
2015,12,26,10,30,9.4,-5.1000000000000005,255,2.4000000000000004,35.43
2015,12,26,11,30,9.8,-4.5,45,2.1,36.15
2015,12,26,12,30,8.9,-3.4000000000000004,28,2.8000000000000003,41.81
2015,12,26,13,30,6.9,-1.9000000000000001,21,3.8000000000000003,53.51
2015,12,26,14,30,4.6000000000000005,-1.2000000000000002,10,4.4,66
2015,12,26,15,30,3,-1.8,17,4.4,70.66
2015,12,26,16,30,1.9000000000000001,-2.7,15,3.7,71.68
2015,12,26,17,30,1.3,-2.7,0,3.1,74.63
2015,12,26,18,30,1,-2.5,0,2.9000000000000004,77.74
2015,12,26,19,30,0.7000000000000001,-2.2,0,3.1,80.79
2015,12,26,20,30,0.4,-2.2,0,3.9000000000000004,82.58
2015,12,26,21,30,-0.2,-2.8000000000000003,0,5.2,82.73
2015,12,26,22,30,-1.2000000000000002,-4.1000000000000005,0,6.4,80.46000000000001
2015,12,26,23,30,-2.3000000000000003,-6.1000000000000005,0,6.9,75.07000000000001
2015,12,27,0,30,-3.1,-7.800000000000001,0,6.800000000000001,70.09
2015,12,27,1,30,-3.5,-8.700000000000001,0,6.300000000000001,67.5
2015,12,27,2,30,-3.7,-8.8,0,5.6000000000000005,67.74
2015,12,27,3,30,-3.7,-8.6,0,5,69.03
2015,12,27,4,30,-3.7,-8.3,0,4.4,70.65
2015,12,27,5,30,-3.8000000000000003,-8,0,3.9000000000000004,72.73
2015,12,27,6,30,-3.7,-7.7,0,3.4000000000000004,73.57000000000001
2015,12,27,7,30,-2.9000000000000004,-7.4,16,3.6,71.23
2015,12,27,8,30,-1.7000000000000002,-6.800000000000001,35,4.4,68.17
2015,12,27,9,30,-0.5,-6.9,122,5,61.83
2015,12,27,10,30,0.4,-7,66,5.2,57.410000000000004
2015,12,27,11,30,1.2000000000000002,-7,90,5.2,54.42
2015,12,27,12,30,1.7000000000000002,-6.9,172,5.1000000000000005,52.86
2015,12,27,13,30,2.1,-6.800000000000001,577,4.9,51.7
2015,12,27,14,30,2.1,-6.7,453,4.7,52.230000000000004
2015,12,27,15,30,1.4000000000000001,-6.6000000000000005,283,3.8000000000000003,55.35
2015,12,27,16,30,-0.8,-6.9,93,2.4000000000000004,63.42
2015,12,27,17,30,-2.7,-7.9,0,1.6,67.26
2015,12,27,18,30,-3.1,-8.3,0,1.4000000000000001,67.38
2015,12,27,19,30,-3.2,-8.4,0,1.1,67.56
2015,12,27,20,30,-3.1,-8.4,0,0.9,66.96000000000001
2015,12,27,21,30,-3.6,-8.4,0,0.9,69.23
2015,12,27,22,30,-4.4,-8.5,0,1.1,72.94
2015,12,27,23,30,-5.1000000000000005,-8.6,0,1.2000000000000002,76.24
2015,12,28,0,30,-5.5,-8.700000000000001,0,1.2000000000000002,78.32000000000001
2015,12,28,1,30,-5.6000000000000005,-8.6,0,1.1,79.27
2015,12,28,2,30,-5.5,-8.5,0,1,79.58
2015,12,28,3,30,-5.4,-8.3,0,0.8,80.2
2015,12,28,4,30,-5.2,-8.1,0,0.6000000000000001,79.92
2015,12,28,5,30,-5.1000000000000005,-8,0,0.5,80.19
2015,12,28,6,30,-4.9,-7.9,0,0.5,79.78
2015,12,28,7,30,-3.7,-7.7,19,0.8,73.57000000000001
2015,12,28,8,30,-1.2000000000000002,-6.9,243,1,65.41
2015,12,28,9,30,1.2000000000000002,-5.800000000000001,424,1.3,59.45
2015,12,28,10,30,2.6,-5.1000000000000005,560,1.5,56.97
2015,12,28,11,30,3.5,-4.800000000000001,640,1.7000000000000002,54.78
2015,12,28,12,30,4.2,-4.5,648,1.9000000000000001,53.26
2015,12,28,13,30,4.5,-4.2,363,1.8,53.06
2015,12,28,14,30,4.5,-4.2,466,1.7000000000000002,53.34
2015,12,28,15,30,3.6,-4.3,293,1.2000000000000002,56.46
2015,12,28,16,30,1.5,-3.9000000000000004,100,0.7000000000000001,67.43
2015,12,28,17,30,-0.6000000000000001,-5.4,0,0.8,70.05
2015,12,28,18,30,-1.9000000000000001,-5.7,0,1.1,75.42
2015,12,28,19,30,-2.7,-5.800000000000001,0,1.3,79.27
2015,12,28,20,30,-3.1,-5.9,0,1.5,81.25
2015,12,28,21,30,-3.5,-5.9,0,1.6,83.55
2015,12,28,22,30,-3.8000000000000003,-5.9,0,1.7000000000000002,85.18
2015,12,28,23,30,-4,-6,0,1.7000000000000002,85.82000000000001
2015,12,29,0,30,-4.2,-6.1000000000000005,0,1.7000000000000002,86.28
2015,12,29,1,30,-4.3,-6.300000000000001,0,1.6,85.81
2015,12,29,2,30,-4.1000000000000005,-6.4,0,1.7000000000000002,83.77
2015,12,29,3,30,-3.7,-6.4,0,1.9000000000000001,81.65
2015,12,29,4,30,-3.9000000000000004,-6.300000000000001,0,2,83.4
2015,12,29,5,30,-4.5,-6.4,0,2,86.63
2015,12,29,6,30,-4.5,-6.5,0,2.2,85.75
2015,12,29,7,30,-2.7,-6.4,14,2.6,75.39
2015,12,29,8,30,0.1,-5.5,23,2.6,65.84
2015,12,29,9,30,3.1,-4.7,72,3.1,56.69
2015,12,29,10,30,5.4,-4.2,256,4.6000000000000005,50.13
2015,12,29,11,30,6.5,-3.9000000000000004,626,5.7,47.36
2015,12,29,12,30,6.9,-3.7,636,6.2,46.84
2015,12,29,13,30,7,-3.8000000000000003,578,6.4,46.22
2015,12,29,14,30,6.9,-4,346,6.1000000000000005,45.92
2015,12,29,15,30,5.800000000000001,-3.9000000000000004,137,4.5,49.81
2015,12,29,16,30,3.2,-3.2,66,2.6,62.67
2015,12,29,17,30,1.1,-3.6,0,1.8,70.76
2015,12,29,18,30,0.30000000000000004,-3.7,0,1.6,74.52
2015,12,29,19,30,-0.30000000000000004,-3.6,0,1.6,78.66
2015,12,29,20,30,-0.8,-3.5,0,1.5,81.88
2015,12,29,21,30,-1.2000000000000002,-3.6,0,1.5,83.88
2015,12,29,22,30,-1.7000000000000002,-3.7,0,1.4000000000000001,85.93
2015,12,29,23,30,-2,-3.9000000000000004,0,1.3,86.76
2015,12,30,0,30,-2.2,-4.1000000000000005,0,1.2000000000000002,87.10000000000001
2015,12,30,1,30,-2.3000000000000003,-4.2,0,1.2000000000000002,87.11
2015,12,30,2,30,-2.5,-4.2,0,1.1,88.02
2015,12,30,3,30,-2.7,-4.3,0,1.1,88.95
2015,12,30,4,30,-2.9000000000000004,-4.3,0,1.1,89.87
2015,12,30,5,30,-2.9000000000000004,-4.4,0,1,89.35000000000001
2015,12,30,6,30,-2.5,-4.5,0,0.8,86.45
2015,12,30,7,30,-1,-4.4,53,0.9,77.83
2015,12,30,8,30,1.4000000000000001,-4,243,1.3,67.52
2015,12,30,9,30,4.1000000000000005,-3.5,424,1.8,57.82
2015,12,30,10,30,6.2,-4.3,561,2.3000000000000003,46.86
2015,12,30,11,30,7.300000000000001,-5.2,637,2.2,40.64
2015,12,30,12,30,8,-5.9,647,1.9000000000000001,36.87
2015,12,30,13,30,8.3,-6.4,589,1.5,34.75
2015,12,30,14,30,8.200000000000001,-6.7,469,1.3,34.01
2015,12,30,15,30,7,-6.9,299,0.9,36.52
2015,12,30,16,30,4.9,-5.5,104,0.6000000000000001,46.77
2015,12,30,17,30,3.1,-6.9,0,0.8,47.79
2015,12,30,18,30,1.9000000000000001,-7,0,1,51.550000000000004
2015,12,30,19,30,1,-7.1000000000000005,0,1.2000000000000002,54.68
2015,12,30,20,30,0.2,-7.4,0,1.4000000000000001,56.870000000000005
2015,12,30,21,30,0,-7.5,0,1.4000000000000001,57.11
2015,12,30,22,30,0.1,-7.4,0,1.4000000000000001,57.06
2015,12,30,23,30,0.2,-7.300000000000001,0,1.3,57.19
2015,12,31,0,30,0.2,-7.2,0,1.4000000000000001,57.61
2015,12,31,1,30,0.1,-7.2,0,1.5,58.1
2015,12,31,2,30,0,-7.1000000000000005,0,1.6,58.74
2015,12,31,3,30,-0.1,-7.1000000000000005,0,1.7000000000000002,59.49
2015,12,31,4,30,-0.1,-6.9,0,1.9000000000000001,60.14
2015,12,31,5,30,-0.1,-6.7,0,2,61.11
2015,12,31,6,30,0.1,-6.4,0,2.3000000000000003,61.46
2015,12,31,7,30,1.2000000000000002,-6,26,3,58.54
2015,12,31,8,30,2.8000000000000003,-5.6000000000000005,45,3.4000000000000004,53.95
2015,12,31,9,30,4.6000000000000005,-4.800000000000001,186,3.3000000000000003,50.660000000000004
2015,12,31,10,30,6.4,-3,282,3,51.14
2015,12,31,11,30,7.6000000000000005,-1.9000000000000001,370,3,51.01
2015,12,31,12,30,8.3,-1.4000000000000001,443,3,50.61
2015,12,31,13,30,8.700000000000001,-1,288,3.2,50.46
2015,12,31,14,30,8.8,-0.8,274,3.2,50.78
2015,12,31,15,30,7.800000000000001,-0.6000000000000001,149,2.5,55.33
2015,12,31,16,30,5.800000000000001,-0.30000000000000004,100,2.1,65.09
2015,12,31,17,30,-0.8,-3.4000000000000004,0,5.2,82.8
2015,12,31,18,30,-1.4000000000000001,-3.6,0,5.5,84.75
2015,12,31,19,30,-1.8,-3.7,0,5.5,86.61
2015,12,31,20,30,-1.9000000000000001,-3.6,0,5.2,87.91
2015,12,31,21,30,-2,-3.5,0,5,89.79
2015,12,31,22,30,-1.9000000000000001,-3.2,0,4.9,90.55
2015,12,31,23,30,-1.7000000000000002,-2.9000000000000004,0,4.6000000000000005,91.75
