Source,Location ID,City,State,Country,Latitude,Longitude,Time Zone,Elevation,Local Time Zone,Clearsky DHI Units,Clearsky DNI Units,Clearsky GHI Units,Dew Point Units,DHI Units,DNI Units,GHI Units,Solar Zenith Angle Units,Temperature Units,Pressure Units,Relative Humidity Units,Precipitable Water Units,Wind Direction Units,Wind Speed Units,Cloud Type -15,Cloud Type 0,Cloud Type 1,Cloud Type 2,Cloud Type 3,Cloud Type 4,Cloud Type 5,Cloud Type 6,Cloud Type 7,Cloud Type 8,Cloud Type 9,Cloud Type 10,Cloud Type 11,Cloud Type 12,Fill Flag 0,Fill Flag 1,Fill Flag 2,Fill Flag 3,Fill Flag 4,Fill Flag 5,Surface Albedo Units,Version
NSRDB,560977,-,-,-,32.01,-102.06,-6,841,-6,w/m2,w/m2,w/m2,c,w/m2,w/m2,w/m2,Degree,c,mbar,%,cm,Degrees,m/s,N/A,Clear,Probably Clear,Fog,Water,Super-Cooled Water,Mixed,Opaque Ice,Cirrus,Overlapping,Overshooting,Unknown,Dust,Smoke,N/A,Missing Image,Low Irradiance,Exceeds Clearsky,Missing CLoud Properties,Rayleigh Violation,N/A,4.0.1
Year,Month,Day,Hour,Minute,Temperature,Relative Humidity,Dew Point,Wind Speed,GHI
2015,1,1,0,30,-4.2,81.36,-6.9,1.9000000000000001,0
2015,1,1,1,30,-4.1000000000000005,82.28,-6.7,2,0
2015,1,1,2,30,-3.9000000000000004,82.58,-6.4,2.1,0
2015,1,1,3,30,-3.8000000000000003,83.83,-6.1000000000000005,2.3000000000000003,0
2015,1,1,4,30,-3.7,84.89,-5.9,2.5,0
2015,1,1,5,30,-3.5,85.2,-5.6000000000000005,2.2,0
2015,1,1,6,30,-3.4000000000000004,85.96000000000001,-5.4,1.8,0
2015,1,1,7,30,-3.2,85.59,-5.300000000000001,2,0
2015,1,1,8,30,-2.8000000000000003,84.12,-5.1000000000000005,2,16
2015,1,1,9,30,-2.3000000000000003,82.77,-4.800000000000001,1.6,43
2015,1,1,10,30,-1.7000000000000002,81.18,-4.5,1.5,99
2015,1,1,11,30,-1.3,80.71000000000001,-4.2,1.4000000000000001,137
2015,1,1,12,30,-1,80.26,-4,1.2000000000000002,217
2015,1,1,13,30,-1,80.97,-3.9000000000000004,1.2000000000000002,177
2015,1,1,14,30,-1.1,81.86,-3.8000000000000003,1.3,335
2015,1,1,15,30,-1.2000000000000002,82.22,-3.8000000000000003,1.3,73
2015,1,1,16,30,-1.4000000000000001,82.9,-3.9000000000000004,1.2000000000000002,66
2015,1,1,17,30,-1.8,84.56,-4.1000000000000005,1.3,13
2015,1,1,18,30,-2.2,86.02,-4.2,1.4000000000000001,0
2015,1,1,19,30,-2.5,86.73,-4.4,1.4000000000000001,0
2015,1,1,20,30,-2.7,86.94,-4.6000000000000005,1.4000000000000001,0
2015,1,1,21,30,-2.8000000000000003,86.79,-4.7,1.3,0
2015,1,1,22,30,-2.7,85.98,-4.7,0.8,0
2015,1,1,23,30,-2.7,86.11,-4.7,0.6000000000000001,0
2015,1,2,0,30,-2.7,86.21000000000001,-4.7,0.9,0
2015,1,2,1,30,-2.8000000000000003,86.96000000000001,-4.7,1.3,0
2015,1,2,2,30,-2.7,86.35000000000001,-4.7,1.5,0
2015,1,2,3,30,-2.6,85.9,-4.6000000000000005,1.6,0
2015,1,2,4,30,-2.6,86.29,-4.6000000000000005,1.7000000000000002,0
2015,1,2,5,30,-2.5,85.78,-4.6000000000000005,1.8,0
2015,1,2,6,30,-2.5,85.77,-4.6000000000000005,1.8,0
2015,1,2,7,30,-2.3000000000000003,84.74,-4.5,2.2,0
2015,1,2,8,30,-1.6,81.60000000000001,-4.3,2.6,15
2015,1,2,9,30,-0.6000000000000001,77.8,-4,3,4
2015,1,2,10,30,0.4,75.23,-3.5,3,19
2015,1,2,11,30,1.1,75.15,-2.8000000000000003,2.7,31
2015,1,2,12,30,1.3,77.65,-2.2,2.3000000000000003,96
2015,1,2,13,30,1.3,79.86,-1.8,2.2,67
2015,1,2,14,30,1.2000000000000002,81.56,-1.6,2.1,22
2015,1,2,15,30,0.8,84.72,-1.5,2,101
2015,1,2,16,30,0.2,88.47,-1.5,1.9000000000000001,38
2015,1,2,17,30,-0.6000000000000001,93.46000000000001,-1.5,1.5,7
2015,1,2,18,30,-1.4000000000000001,97.15,-1.8,1.1,0
2015,1,2,19,30,-2.2,98.53,-2.4000000000000004,1.2000000000000002,0
2015,1,2,20,30,-2.5,96.29,-3,1.1,0
2015,1,2,21,30,-2.4000000000000004,94.89,-3.1,0.7000000000000001,0
2015,1,2,22,30,-2.5,97.04,-2.9000000000000004,0.7000000000000001,0
2015,1,2,23,30,-2.6,95.24,-3.3000000000000003,1.3,0
2015,1,3,0,30,-2.6,95.98,-3.2,1.7000000000000002,0
2015,1,3,1,30,-3,98.84,-3.2,1.9000000000000001,0
2015,1,3,2,30,-3.7,99.7,-3.7,1.8,0
2015,1,3,3,30,-4.3,98.91,-4.4,2,0
2015,1,3,4,30,-4.4,96.73,-4.800000000000001,2.4000000000000004,0
2015,1,3,5,30,-4,95.4,-4.6000000000000005,3.2,0
2015,1,3,6,30,-3.8000000000000003,97.17,-4.2,4,0
2015,1,3,7,30,-3.7,95.05,-4.4,4.5,0
2015,1,3,8,30,-2.6,87.87,-4.3,5.4,95
2015,1,3,9,30,-0.5,82.41,-3.1,6.2,280
2015,1,3,10,30,1.2000000000000002,80.99,-1.7000000000000002,6.5,447
2015,1,3,11,30,2.4000000000000004,77.4,-1.2000000000000002,6.4,569
2015,1,3,12,30,3.5,72.46000000000001,-1,6.4,630
2015,1,3,13,30,4.6000000000000005,66.81,-1,6.2,626
2015,1,3,14,30,5.300000000000001,63.08,-1.2000000000000002,5.6000000000000005,552
2015,1,3,15,30,5.300000000000001,63.440000000000005,-1.1,4.7,420
2015,1,3,16,30,3.6,72.42,-0.9,3.5,243
2015,1,3,17,30,1.1,83.48,-1.4000000000000001,2.7,56
2015,1,3,18,30,-0.30000000000000004,81.78,-3,2.6,0
2015,1,3,19,30,-0.8,81.08,-3.6,2.5,0
2015,1,3,20,30,-1.4000000000000001,80.83,-4.3,2.4000000000000004,0
2015,1,3,21,30,-2,80.12,-5,2.3000000000000003,0
2015,1,3,22,30,-2.5,79.46000000000001,-5.6000000000000005,2.5,0
2015,1,3,23,30,-2.8000000000000003,79,-5.9,2.8000000000000003,0
2015,1,4,0,30,-3,80.05,-6,3.1,0
2015,1,4,1,30,-3.5,84.35000000000001,-5.800000000000001,3.1,0
2015,1,4,2,30,-4.2,90,-5.6000000000000005,2.8000000000000003,0
2015,1,4,3,30,-5,95.65,-5.6000000000000005,2.4000000000000004,0
2015,1,4,4,30,-5.800000000000001,99.33,-5.9,2.2,0
2015,1,4,5,30,-6.4,99.62,-6.4,2.1,0
2015,1,4,6,30,-6.9,97.96000000000001,-7.2,2.2,0
2015,1,4,7,30,-6.5,88.65,-8.1,2.5,0
2015,1,4,8,30,-4.5,73.76,-8.5,3.1,99
2015,1,4,9,30,-2.4000000000000004,65.79,-7.9,3.3000000000000003,292
2015,1,4,10,30,-0.9,59.51,-7.800000000000001,2.7,462
2015,1,4,11,30,0.30000000000000004,56.63,-7.300000000000001,2.1,583
2015,1,4,12,30,1.3,54.870000000000005,-6.800000000000001,1.6,643
2015,1,4,13,30,2,56.660000000000004,-5.7,1.2000000000000002,635
2015,1,4,14,30,2.4000000000000004,55.24,-5.7,0.8,561
2015,1,4,15,30,2.6,53.22,-6,0.5,427
2015,1,4,16,30,1.7000000000000002,58.660000000000004,-5.5,0.5,249
2015,1,4,17,30,0,63.18,-6.2,0.6000000000000001,60
2015,1,4,18,30,-1.3,62.09,-7.6000000000000005,0.9,0
2015,1,4,19,30,-2.6,67.6,-7.800000000000001,1.2000000000000002,0
2015,1,4,20,30,-3.9000000000000004,73.06,-8,1.4000000000000001,0
2015,1,4,21,30,-4.800000000000001,76.21000000000001,-8.3,1.6,0
2015,1,4,22,30,-5.2,76.92,-8.6,1.8,0
2015,1,4,23,30,-5.4,77.36,-8.700000000000001,2.1,0
2015,1,5,0,30,-5.7,78.5,-8.8,2.3000000000000003,0
2015,1,5,1,30,-6,79.58,-9,2.2,0
2015,1,5,2,30,-6.4,81.35000000000001,-9.1,1.9000000000000001,0
2015,1,5,3,30,-6.6000000000000005,82.42,-9.1,1.8,0
2015,1,5,4,30,-6.6000000000000005,82.46000000000001,-9.1,2,0
2015,1,5,5,30,-6.5,81.84,-9.1,2.4000000000000004,0
2015,1,5,6,30,-6.5,82.21000000000001,-9,2.5,0
2015,1,5,7,30,-5.800000000000001,78.41,-9,2.6,0
2015,1,5,8,30,-3.3000000000000003,68.69,-8.200000000000001,2.6,100
2015,1,5,9,30,0.1,62.620000000000005,-6.2,2.8000000000000003,294
2015,1,5,10,30,3.1,57.7,-4.4,3.5,466
2015,1,5,11,30,5.5,52.870000000000005,-3.4000000000000004,4.2,588
2015,1,5,12,30,7.5,49.49,-2.4000000000000004,4.6000000000000005,649
2015,1,5,13,30,9.1,47.53,-1.5,4.7,642
2015,1,5,14,30,10.100000000000001,47.33,-0.6000000000000001,4.3,568
2015,1,5,15,30,9.5,52.660000000000004,0.30000000000000004,3.2,433
2015,1,5,16,30,6.5,75.08,2.4000000000000004,2.2,254
2015,1,5,17,30,3.6,81.19,0.7000000000000001,2.2,44
2015,1,5,18,30,2.9000000000000004,78.28,-0.5,2.6,0
2015,1,5,19,30,3,76.59,-0.7000000000000001,2.9000000000000004,0
2015,1,5,20,30,2.8000000000000003,77.03,-0.8,3.1,0
2015,1,5,21,30,2.4000000000000004,78.52,-1,3.3000000000000003,0
2015,1,5,22,30,1.8,80.35000000000001,-1.2000000000000002,3.2,0
2015,1,5,23,30,1.2000000000000002,81.44,-1.6,3.2,0
2015,1,6,0,30,0.6000000000000001,81.45,-2.2,3.1,0
2015,1,6,1,30,-0.2,80.68,-3.1,2.9000000000000004,0
2015,1,6,2,30,-0.9,78.27,-4.2,2.7,0
2015,1,6,3,30,-1.3,75.15,-5.1000000000000005,2.5,0
2015,1,6,4,30,-1.5,73.13,-5.7,2.4000000000000004,0
2015,1,6,5,30,-1.7000000000000002,72.83,-5.9,2.3000000000000003,0
2015,1,6,6,30,-2,74.09,-6,2.2,0
2015,1,6,7,30,-1.1,69.78,-5.9,2.3000000000000003,0
2015,1,6,8,30,1.5,63.45,-4.7,2.7,60
2015,1,6,9,30,4.5,56.83,-3.3000000000000003,2.7,295
2015,1,6,10,30,7.300000000000001,52.26,-1.8,2.5,467
2015,1,6,11,30,9.700000000000001,48.19,-0.7000000000000001,2.3000000000000003,591
2015,1,6,12,30,11.600000000000001,45.33,0.2,2,646
2015,1,6,13,30,12.8,44.47,1,1.9000000000000001,640
2015,1,6,14,30,13.3,44.45,1.4000000000000001,1.9000000000000001,566
2015,1,6,15,30,12.600000000000001,47.97,1.9000000000000001,1.7000000000000002,429
2015,1,6,16,30,9.700000000000001,66.97,3.9000000000000004,1.3,252
2015,1,6,17,30,6,80.53,2.9000000000000004,1.3,62
2015,1,6,18,30,3.9000000000000004,85.15,1.6,1.5,0
2015,1,6,19,30,2.6,92.85000000000001,1.6,1.5,0
2015,1,6,20,30,1.7000000000000002,97.81,1.4000000000000001,1.5,0
2015,1,6,21,30,0.9,100,0.9,1.4000000000000001,0
2015,1,6,22,30,0.30000000000000004,100,0.30000000000000004,1.4000000000000001,0
2015,1,6,23,30,-0.2,100,-0.2,1.4000000000000001,0
2015,1,7,0,30,-0.6000000000000001,100,-0.6000000000000001,1.4000000000000001,0
2015,1,7,1,30,-1,100,-1,1.5,0
2015,1,7,2,30,-1.3,100,-1.3,1.5,0
2015,1,7,3,30,-1.6,100,-1.6,1.5,0
2015,1,7,4,30,-1.8,100,-1.8,1.7000000000000002,0
2015,1,7,5,30,-1.7000000000000002,100,-1.7000000000000002,2.5,0
2015,1,7,6,30,-1.4000000000000001,99.52,-1.5,3.8000000000000003,0
2015,1,7,7,30,-1.2000000000000002,93.64,-2.1,5.4,0
2015,1,7,8,30,-1,84.14,-3.3000000000000003,7.5,94
2015,1,7,9,30,-0.7000000000000001,63.75,-6.7,9.200000000000001,282
2015,1,7,10,30,-0.2,51.82,-8.9,9.4,449
2015,1,7,11,30,0.6000000000000001,47.480000000000004,-9.3,9.1,566
2015,1,7,12,30,1.2000000000000002,45.910000000000004,-9.200000000000001,8.8,625
2015,1,7,13,30,1.3,45.78,-9.1,8.4,416
2015,1,7,14,30,1,45.59,-9.5,8.1,143
2015,1,7,15,30,0.2,45.82,-10.100000000000001,7.800000000000001,117
2015,1,7,16,30,-1.3,47.25,-11.100000000000001,7.1000000000000005,244
2015,1,7,17,30,-3.1,49.5,-12.200000000000001,6.1000000000000005,61
2015,1,7,18,30,-4.6000000000000005,51.88,-13,5.300000000000001,0
2015,1,7,19,30,-5.6000000000000005,52.59,-13.8,4.7,0
2015,1,7,20,30,-6.300000000000001,52.120000000000005,-14.5,4.1000000000000005,0
2015,1,7,21,30,-6.7,50.76,-15.200000000000001,3.5,0
2015,1,7,22,30,-6.9,49.69,-15.700000000000001,2.8000000000000003,0
2015,1,7,23,30,-6.9,48.36,-16,2.2,0
2015,1,8,0,30,-6.800000000000001,46.480000000000004,-16.400000000000002,1.6,0
2015,1,8,1,30,-6.7,44.77,-16.7,0.9,0
2015,1,8,2,30,-6.6000000000000005,43.84,-16.900000000000002,0.5,0
2015,1,8,3,30,-6.5,43.410000000000004,-16.900000000000002,0.8,0
2015,1,8,4,30,-6.5,43.550000000000004,-16.900000000000002,1.5,0
2015,1,8,5,30,-6.5,44.230000000000004,-16.7,2.2,0
2015,1,8,6,30,-6.300000000000001,44.56,-16.400000000000002,2.7,0
2015,1,8,7,30,-5.7,43.67,-16.1,3.2,0
2015,1,8,8,30,-4.4,41.54,-15.5,3.9000000000000004,60
2015,1,8,9,30,-3,39.88,-14.8,4.4,137
2015,1,8,10,30,-1.5,39.68,-13.5,4.800000000000001,291
2015,1,8,11,30,0,40.15,-12,5,496
2015,1,8,12,30,1.4000000000000001,41.12,-10.4,5.2,508
2015,1,8,13,30,2.4000000000000004,42.76,-9,5.300000000000001,504
2015,1,8,14,30,3,44.87,-7.800000000000001,5.2,377
2015,1,8,15,30,3.2,47.980000000000004,-6.800000000000001,4.800000000000001,338
2015,1,8,16,30,2.3000000000000003,55.660000000000004,-5.7,3.5,142
2015,1,8,17,30,0.5,67.53,-4.800000000000001,2.2,17
2015,1,8,18,30,-0.4,71.29,-5,1.8,0
2015,1,8,19,30,-0.30000000000000004,73.19,-4.5,1.7000000000000002,0
2015,1,8,20,30,-0.1,75.64,-3.9000000000000004,1.5,0
2015,1,8,21,30,0.1,78.77,-3.1,1.5,0
2015,1,8,22,30,0.30000000000000004,81.38,-2.5,1.4000000000000001,0
2015,1,8,23,30,0.4,83.99,-2,1.2000000000000002,0
2015,1,9,0,30,0.30000000000000004,86.71000000000001,-1.7000000000000002,0.8,0
2015,1,9,1,30,0,88.99,-1.6,0.5,0
2015,1,9,2,30,-0.6000000000000001,91.92,-1.8,1.3,0
2015,1,9,3,30,-1.3,93.9,-2.2,2.7,0
2015,1,9,4,30,-1.4000000000000001,90.66,-2.7,4.3,0
2015,1,9,5,30,-1.2000000000000002,85.01,-3.4000000000000004,6.2,0
2015,1,9,6,30,-1.4000000000000001,80.08,-4.4,7.300000000000001,0
2015,1,9,7,30,-1.9000000000000001,77.04,-5.4,7.7,0
2015,1,9,8,30,-2,68.75,-7,8.1,86
2015,1,9,9,30,-1.6,58.19,-8.700000000000001,8,86
2015,1,9,10,30,-0.9,51.09,-9.8,7.300000000000001,192
2015,1,9,11,30,-0.2,47.71,-10,6.5,326
2015,1,9,12,30,0.5,46.06,-9.8,5.7,305
2015,1,9,13,30,1,44.76,-9.700000000000001,5,359
2015,1,9,14,30,1,44.34,-9.8,4.5,389
2015,1,9,15,30,0.6000000000000001,44.35,-10.200000000000001,4.1000000000000005,364
2015,1,9,16,30,-0.30000000000000004,45.51,-10.700000000000001,3.2,250
2015,1,9,17,30,-1.5,50.29,-10.5,2.2,47
2015,1,9,18,30,-2.2,54.01,-10.3,1.9000000000000001,0
2015,1,9,19,30,-2.7,54.99,-10.5,1.7000000000000002,0
2015,1,9,20,30,-3.1,56.46,-10.5,1.5,0
2015,1,9,21,30,-3.4000000000000004,57.5,-10.600000000000001,1.4000000000000001,0
2015,1,9,22,30,-3.6,57.97,-10.700000000000001,1.4000000000000001,0
2015,1,9,23,30,-3.6,57.300000000000004,-10.8,1.5,0
2015,1,10,0,30,-3.4000000000000004,55.800000000000004,-11,1.7000000000000002,0
2015,1,10,1,30,-3.3000000000000003,51.86,-11.8,2,0
2015,1,10,2,30,-3.2,49.03,-12.4,1.8,0
2015,1,10,3,30,-3.4000000000000004,51.51,-12,1.3,0
2015,1,10,4,30,-3.4000000000000004,56.02,-10.9,1.2000000000000002,0
2015,1,10,5,30,-3.3000000000000003,56.38,-10.700000000000001,1.5,0
2015,1,10,6,30,-3.3000000000000003,55.96,-10.8,1.6,0
2015,1,10,7,30,-3,57.84,-10.100000000000001,1.9000000000000001,0
2015,1,10,8,30,-2,53.83,-10.100000000000001,2.4000000000000004,25
2015,1,10,9,30,-0.7000000000000001,51.95,-9.4,2.7,43
2015,1,10,10,30,0.8,51.620000000000005,-8,3.1,330
2015,1,10,11,30,2.3000000000000003,52.04,-6.5,3.4000000000000004,297
2015,1,10,12,30,3.6,52.61,-5.2,3.6,369
2015,1,10,13,30,4.6000000000000005,53.15,-4.1000000000000005,3.9000000000000004,351
2015,1,10,14,30,5.2,54.77,-3.2,4.1000000000000005,276
2015,1,10,15,30,5.1000000000000005,58.26,-2.4000000000000004,3.9000000000000004,277
2015,1,10,16,30,3.4000000000000004,68.37,-1.9000000000000001,2.9000000000000004,255
2015,1,10,17,30,0.8,83.17,-1.7000000000000002,2,68
2015,1,10,18,30,-0.6000000000000001,91.23,-1.9000000000000001,2.3000000000000003,0
2015,1,10,19,30,-0.9,93.82000000000001,-1.8,2.9000000000000004,0
2015,1,10,20,30,-1.4000000000000001,97.32000000000001,-1.8,3.4000000000000004,0
2015,1,10,21,30,-1.7000000000000002,99.02,-1.8,3.5,0
2015,1,10,22,30,-1.7000000000000002,98.66,-1.9000000000000001,3.6,0
2015,1,10,23,30,-1.6,98.36,-1.8,3.6,0
2015,1,11,0,30,-1.4000000000000001,97.33,-1.8,3.6,0
2015,1,11,1,30,-1.3,97.08,-1.7000000000000002,3.6,0
2015,1,11,2,30,-1.3,97.69,-1.6,3.6,0
2015,1,11,3,30,-1.3,97.91,-1.6,3.6,0
2015,1,11,4,30,-1.3,97.99000000000001,-1.6,3.6,0
2015,1,11,5,30,-1.3,97.79,-1.6,3.5,0
2015,1,11,6,30,-1.3,97.64,-1.6,3.5,0
2015,1,11,7,30,-0.9,94.67,-1.6,3.6,0
2015,1,11,8,30,0.5,88.53,-1.2000000000000002,3.9000000000000004,93
2015,1,11,9,30,3.3000000000000003,77.66,-0.2,4.2,284
2015,1,11,10,30,6.800000000000001,65.39,0.8,4.3,457
2015,1,11,11,30,10.100000000000001,55.24,1.5,4.3,582
2015,1,11,12,30,13,47.77,2.2,4.1000000000000005,646
2015,1,11,13,30,15.100000000000001,43,2.6,3.9000000000000004,642
2015,1,11,14,30,16.3,40.33,2.8000000000000003,3.7,568
2015,1,11,15,30,15.8,42.18,3,2.8000000000000003,437
2015,1,11,16,30,12.9,59.49,5.2,1.8,260
2015,1,11,17,30,9.4,70.09,4.2,1.7000000000000002,71
2015,1,11,18,30,8,70.92,3,1.9000000000000001,0
2015,1,11,19,30,7.4,74,3.1,2.1,0
2015,1,11,20,30,6.9,76.82000000000001,3.1,2.3000000000000003,0
2015,1,11,21,30,6.2,80.28,3.1,2.4000000000000004,0
2015,1,11,22,30,5.5,82.52,2.8000000000000003,2.3000000000000003,0
2015,1,11,23,30,4.9,83.13,2.3000000000000003,2.4000000000000004,0
2015,1,12,0,30,4.3,83.56,1.8,2.5,0
2015,1,12,1,30,3.7,84.3,1.3,2.6,0
2015,1,12,2,30,3.2,85.59,1,2.7,0
2015,1,12,3,30,2.8000000000000003,87.26,0.9,3.1,0
2015,1,12,4,30,2.3000000000000003,89.93,0.8,3.8000000000000003,0
2015,1,12,5,30,1.5,94.23,0.7000000000000001,4.5,0
2015,1,12,6,30,1.1,95.34,0.4,5.1000000000000005,0
2015,1,12,7,30,1.1,93.57000000000001,0.2,5.9,0
2015,1,12,8,30,1.3,88.91,-0.30000000000000004,6.5,29
2015,1,12,9,30,1.5,82.99,-1.1,6.300000000000001,36
2015,1,12,10,30,1.7000000000000002,77.71000000000001,-1.8,5.9,61
2015,1,12,11,30,1.9000000000000001,73.56,-2.3000000000000003,5.5,96
2015,1,12,12,30,2.2,69.82000000000001,-2.7,5.2,148
2015,1,12,13,30,2.3000000000000003,67.88,-3,5.1000000000000005,164
2015,1,12,14,30,2.3000000000000003,66.8,-3.2,5,145
2015,1,12,15,30,2.1,66.96000000000001,-3.4000000000000004,4.9,71
2015,1,12,16,30,1.3,69.78,-3.6,4.5,254
2015,1,12,17,30,0.2,74.04,-3.9000000000000004,3.9000000000000004,70
2015,1,12,18,30,-0.7000000000000001,78.24,-4,3.2,0
2015,1,12,19,30,-1.5,82.16,-4.1000000000000005,3,0
2015,1,12,20,30,-2.1,84.89,-4.3,2.9000000000000004,0
2015,1,12,21,30,-2.4000000000000004,85.60000000000001,-4.5,3,0
2015,1,12,22,30,-2.5,84.64,-4.7,3.3000000000000003,0
2015,1,12,23,30,-2.6,82.99,-5.1000000000000005,3.5,0
2015,1,13,0,30,-2.7,80.28,-5.6000000000000005,3.6,0
2015,1,13,1,30,-3,78.11,-6.300000000000001,3.5,0
2015,1,13,2,30,-3.2,76.02,-6.800000000000001,3.3000000000000003,0
2015,1,13,3,30,-3.4000000000000004,74.68,-7.300000000000001,3.3000000000000003,0
2015,1,13,4,30,-3.6,73.78,-7.6000000000000005,3.2,0
2015,1,13,5,30,-3.8000000000000003,72.91,-7.9,2.8000000000000003,0
2015,1,13,6,30,-3.8000000000000003,71.64,-8.200000000000001,2.4000000000000004,0
2015,1,13,7,30,-3.5,68.95,-8.4,2.5,0
2015,1,13,8,30,-2.6,63.9,-8.5,2.5,89
2015,1,13,9,30,-1.5,59.980000000000004,-8.3,2.4000000000000004,91
2015,1,13,10,30,-0.2,56.61,-7.800000000000001,2.3000000000000003,165
2015,1,13,11,30,1.2000000000000002,53.59,-7.2,2.3000000000000003,367
2015,1,13,12,30,2.5,52.300000000000004,-6.300000000000001,2.2,208
2015,1,13,13,30,3.4000000000000004,52.42,-5.4,1.9000000000000001,137
2015,1,13,14,30,3.9000000000000004,53.4,-4.7,1.7000000000000002,161
2015,1,13,15,30,3.6,56.34,-4.3,1.6,430
2015,1,13,16,30,2.6,61.74,-4,1.4000000000000001,257
2015,1,13,17,30,1,71.35000000000001,-3.6,1,49
2015,1,13,18,30,-0.1,76.78,-3.7,0.8,0
2015,1,13,19,30,-0.6000000000000001,78.99,-3.8000000000000003,0.8,0
2015,1,13,20,30,-1,81.35000000000001,-3.8000000000000003,1,0
2015,1,13,21,30,-1.2000000000000002,82.32000000000001,-3.8000000000000003,1.5,0
2015,1,13,22,30,-1.4000000000000001,83.14,-3.9000000000000004,2,0
2015,1,13,23,30,-1.6,84.14,-3.9000000000000004,2.2,0
2015,1,14,0,30,-1.7000000000000002,84.63,-3.9000000000000004,2.2,0
2015,1,14,1,30,-1.9000000000000001,85.67,-4,2.1,0
2015,1,14,2,30,-1.9000000000000001,85.41,-4,1.9000000000000001,0
2015,1,14,3,30,-1.8,84.64,-4,1.9000000000000001,0
2015,1,14,4,30,-1.8,84.59,-4.1000000000000005,1.8,0
2015,1,14,5,30,-1.7000000000000002,83.89,-4.1000000000000005,1.8,0
2015,1,14,6,30,-1.7000000000000002,83.83,-4.1000000000000005,1.8,0
2015,1,14,7,30,-1.5,82.42,-4.1000000000000005,1.9000000000000001,0
2015,1,14,8,30,-0.8,78.27,-4.1000000000000005,1.9000000000000001,39
2015,1,14,9,30,0.1,73.62,-4.1000000000000005,1.9000000000000001,30
2015,1,14,10,30,1.1,69.38,-3.9000000000000004,1.8,121
2015,1,14,11,30,2.1,65.99,-3.6,1.7000000000000002,196
2015,1,14,12,30,3,63.32,-3.3000000000000003,1.4000000000000001,153
2015,1,14,13,30,3.7,61.800000000000004,-3,1.3,173
2015,1,14,14,30,4.1000000000000005,61.42,-2.7,1.3,180
2015,1,14,15,30,4,63.11,-2.4000000000000004,1.3,140
2015,1,14,16,30,3.4000000000000004,66.52,-2.2,1.1,113
2015,1,14,17,30,2.3000000000000003,73.62,-1.9000000000000001,0.7000000000000001,45
2015,1,14,18,30,1.5,76.32000000000001,-2.2,0.5,0
2015,1,14,19,30,1.1,77.93,-2.3000000000000003,0.4,0
2015,1,14,20,30,0.6000000000000001,80.46000000000001,-2.4000000000000004,0.30000000000000004,0
2015,1,14,21,30,0.1,82.95,-2.5,0.4,0
2015,1,14,22,30,-0.6000000000000001,86.85000000000001,-2.5,0.7000000000000001,0
2015,1,14,23,30,-1.6,93.38,-2.5,1.1,0
2015,1,15,0,30,-2.5,100,-2.5,1.3,0
2015,1,15,1,30,-2.7,100,-2.7,1.7000000000000002,0
2015,1,15,2,30,-2.7,100,-2.7,2,0
2015,1,15,3,30,-2.5,100,-2.5,2.3000000000000003,0
2015,1,15,4,30,-2.5,100,-2.5,2.4000000000000004,0
2015,1,15,5,30,-2.5,100,-2.5,2.3000000000000003,0
2015,1,15,6,30,-2.5,100,-2.5,2.2,0
2015,1,15,7,30,-1.2000000000000002,93.67,-2.1,2.6,0
2015,1,15,8,30,1.4000000000000001,78.8,-1.9000000000000001,3.2,97
2015,1,15,9,30,4.6000000000000005,65.39,-1.3,3.3000000000000003,290
2015,1,15,10,30,7.5,54.13,-1.2000000000000002,3.3000000000000003,466
2015,1,15,11,30,9.3,47.870000000000005,-1.2000000000000002,3.1,592
2015,1,15,12,30,10.700000000000001,44.24,-1,2.9000000000000004,660
2015,1,15,13,30,11.700000000000001,42.11,-0.8,2.7,658
2015,1,15,14,30,12.3,40.97,-0.6000000000000001,2.5,588
2015,1,15,15,30,12.200000000000001,41.51,-0.5,2.1,461
2015,1,15,16,30,10.600000000000001,48.59,0.2,1.4000000000000001,283
2015,1,15,17,30,8.9,55.08,0.4,0.9,87
2015,1,15,18,30,8.4,50.08,-1.4000000000000001,0.8,0
2015,1,15,19,30,8.1,50.58,-1.6,0.7000000000000001,0
2015,1,15,20,30,7.2,53.51,-1.6,0.9,0
2015,1,15,21,30,6,57.76,-1.7000000000000002,1.2000000000000002,0
2015,1,15,22,30,4.6000000000000005,63.1,-1.8,1.4000000000000001,0
2015,1,15,23,30,3.4000000000000004,67.93,-2,1.5,0
2015,1,16,0,30,2.5,71.42,-2.1,1.6,0
2015,1,16,1,30,1.8,73.8,-2.4000000000000004,1.6,0
2015,1,16,2,30,1.3,75.05,-2.6,1.6,0
2015,1,16,3,30,0.8,76.46000000000001,-2.9000000000000004,1.5,0
2015,1,16,4,30,0.4,77.53,-3.1,1.5,0
2015,1,16,5,30,0.1,77.94,-3.3000000000000003,1.4000000000000001,0
2015,1,16,6,30,-0.1,77.72,-3.5,1.3,0
2015,1,16,7,30,0.4,73.66,-3.8000000000000003,1.1,0
2015,1,16,8,30,2.5,65.36,-3.3000000000000003,1.4000000000000001,63
2015,1,16,9,30,5.2,54,-3.4000000000000004,1.8,206
2015,1,16,10,30,8.8,44.71,-2.6,2.5,396
2015,1,16,11,30,12.5,36.33,-2.1,3.7,605
2015,1,16,12,30,14.3,30.94,-2.6,4.4,671
2015,1,16,13,30,15.200000000000001,27.89,-3.3000000000000003,4.5,669
2015,1,16,14,30,15.3,26.78,-3.7,4.4,599
2015,1,16,15,30,14.600000000000001,27.37,-4,3.8000000000000003,472
2015,1,16,16,30,11.700000000000001,35.93,-2.9000000000000004,2.6,292
2015,1,16,17,30,8.5,50.15,-1.3,2,93
2015,1,16,18,30,7.1000000000000005,51.36,-2.3000000000000003,2.1,0
2015,1,16,19,30,6.5,52.14,-2.6,2.2,0
2015,1,16,20,30,6,52.52,-3,2.5,0
2015,1,16,21,30,5.7,52.68,-3.2,2.9000000000000004,0
2015,1,16,22,30,5.4,53.85,-3.2,3.3000000000000003,0
2015,1,16,23,30,4.800000000000001,57.01,-3,3.6,0
2015,1,17,0,30,3.8000000000000003,62.03,-2.8000000000000003,3.8000000000000003,0
2015,1,17,1,30,2.8000000000000003,66.87,-2.7,3.9000000000000004,0
2015,1,17,2,30,1.8,70.56,-3,3.8000000000000003,0
2015,1,17,3,30,1.1,71.10000000000001,-3.6,3.7,0
2015,1,17,4,30,0.6000000000000001,70.05,-4.2,3.8000000000000003,0
2015,1,17,5,30,0.2,68.98,-4.800000000000001,3.9000000000000004,0
2015,1,17,6,30,-0.1,68.41,-5.2,4.1000000000000005,0
2015,1,17,7,30,0.6000000000000001,63.78,-5.5,4.6000000000000005,0
2015,1,17,8,30,3.1,53.78,-5.4,5.2,108
2015,1,17,9,30,6.9,42.88,-4.9,5.1000000000000005,303
2015,1,17,10,30,11.700000000000001,33.47,-3.9000000000000004,5.800000000000001,473
2015,1,17,11,30,15.4,27.38,-3.3000000000000003,7.4,597
2015,1,17,12,30,16.900000000000002,25.990000000000002,-2.8000000000000003,7.9,659
2015,1,17,13,30,17.400000000000002,24.28,-3.2,7.300000000000001,608
2015,1,17,14,30,17.5,22.32,-4.3,6.6000000000000005,588
2015,1,17,15,30,16.900000000000002,21.89,-5,5.6000000000000005,458
2015,1,17,16,30,14,27.22,-4.6000000000000005,3.8000000000000003,284
2015,1,17,17,30,9.9,42.12,-2.4000000000000004,2.4000000000000004,91
2015,1,17,18,30,7.5,48.99,-2.5,2.1,0
2015,1,17,19,30,6.300000000000001,53.120000000000005,-2.6,1.9000000000000001,0
2015,1,17,20,30,5.300000000000001,56.46,-2.7,1.7000000000000002,0
2015,1,17,21,30,4.3,59.78,-2.8000000000000003,1.6,0
2015,1,17,22,30,3.8000000000000003,60.45,-3.2,1.5,0
2015,1,17,23,30,3.8000000000000003,58.660000000000004,-3.6,1.3,0
2015,1,18,0,30,4.2,55.7,-3.9000000000000004,0.9,0
2015,1,18,1,30,4.3,53.97,-4.2,0.5,0
2015,1,18,2,30,3.9000000000000004,54.26,-4.5,0.5,0
2015,1,18,3,30,3.3000000000000003,55.59,-4.7,0.9,0
2015,1,18,4,30,2.5,58.03,-4.9,1.2000000000000002,0
2015,1,18,5,30,1.5,61.940000000000005,-5,1.4000000000000001,0
2015,1,18,6,30,0.30000000000000004,67.57000000000001,-5,1.6,0
2015,1,18,7,30,1,64.83,-4.9,1.7000000000000002,0
2015,1,18,8,30,4.5,54.43,-3.9000000000000004,2.8000000000000003,109
2015,1,18,9,30,8.5,42.910000000000004,-3.4000000000000004,3.8000000000000003,308
2015,1,18,10,30,12.200000000000001,35.93,-2.5,4.5,487
2015,1,18,11,30,15.5,28.95,-2.5,5.4,611
2015,1,18,12,30,17.400000000000002,24.88,-2.9000000000000004,5.7,678
2015,1,18,13,30,18.5,22.81,-3.1,5.7,677
2015,1,18,14,30,18.900000000000002,22.2,-3.2,5.300000000000001,603
2015,1,18,15,30,18.400000000000002,23.31,-2.9000000000000004,4.1000000000000005,472
2015,1,18,16,30,15.200000000000001,34.06,-0.5,2.5,293
2015,1,18,17,30,11.200000000000001,49.31,1,1.8,95
2015,1,18,18,30,9.4,49.85,-0.5,2,0
2015,1,18,19,30,8.8,51.300000000000004,-0.7000000000000001,2.2,0
2015,1,18,20,30,8.3,52.77,-0.8,2.5,0
2015,1,18,21,30,7.9,54.08,-0.8,2.8000000000000003,0
2015,1,18,22,30,7.300000000000001,56.550000000000004,-0.8,3.1,0
2015,1,18,23,30,6.6000000000000005,60.01,-0.6000000000000001,3.3000000000000003,0
2015,1,19,0,30,5.9,63.38,-0.5,3.4000000000000004,0
2015,1,19,1,30,5.2,66.13,-0.6000000000000001,3.6,0
2015,1,19,2,30,4.6000000000000005,68.03,-0.8,3.9000000000000004,0
2015,1,19,3,30,3.9000000000000004,70.18,-1,4,0
2015,1,19,4,30,3.3000000000000003,72.09,-1.2000000000000002,3.9000000000000004,0
2015,1,19,5,30,2.7,73.71000000000001,-1.5,3.8000000000000003,0
2015,1,19,6,30,2.3000000000000003,73.81,-1.9000000000000001,3.7,0
2015,1,19,7,30,2.6,70.23,-2.3000000000000003,4.1000000000000005,0
2015,1,19,8,30,4.6000000000000005,60.83,-2.3000000000000003,4.3,72
2015,1,19,9,30,8,49.620000000000005,-1.9000000000000001,3.8000000000000003,276
2015,1,19,10,30,12.5,38.92,-1.1,3.5,452
2015,1,19,11,30,16.7,28.72,-1.6,3.5,587
2015,1,19,12,30,19.700000000000003,20.75,-3.4000000000000004,3.5,678
2015,1,19,13,30,21.1,17.990000000000002,-4.2,3.3000000000000003,677
2015,1,19,14,30,21.6,17.46,-4.2,2.9000000000000004,607
2015,1,19,15,30,20.8,18.84,-3.8000000000000003,2,477
2015,1,19,16,30,18.6,34.92,2.8000000000000003,1.1,298
2015,1,19,17,30,16.7,33.3,0.5,0.9,99
2015,1,19,18,30,16.1,27.17,-2.8000000000000003,0.7000000000000001,0
2015,1,19,19,30,15.700000000000001,26.5,-3.5,0.6000000000000001,0
2015,1,19,20,30,14.5,28.3,-3.7,0.8,0
2015,1,19,21,30,12.700000000000001,31.82,-3.7,1.2000000000000002,0
2015,1,19,22,30,10.600000000000001,38.07,-3.1,1.5,0
2015,1,19,23,30,8.8,44.32,-2.7,1.7000000000000002,0
2015,1,20,0,30,7.6000000000000005,49.31,-2.4000000000000004,1.7000000000000002,0
2015,1,20,1,30,6.7,53.53,-2.1,1.7000000000000002,0
2015,1,20,2,30,5.9,57.11,-1.9000000000000001,1.7000000000000002,0
2015,1,20,3,30,5.300000000000001,60.08,-1.8,1.8,0
2015,1,20,4,30,4.800000000000001,62.95,-1.7000000000000002,2,0
2015,1,20,5,30,4.3,66.08,-1.5,2.1,0
2015,1,20,6,30,3.9000000000000004,68.86,-1.3,2.1,0
2015,1,20,7,30,5,64.1,-1.2000000000000002,2.6,0
2015,1,20,8,30,7.9,54.43,-0.7000000000000001,3.3000000000000003,102
2015,1,20,9,30,11.200000000000001,44.22,-0.5,3.5,298
2015,1,20,10,30,14.700000000000001,36.81,0.1,3.9000000000000004,475
2015,1,20,11,30,17.400000000000002,30.8,0,4.9,603
2015,1,20,12,30,18.900000000000002,27.71,-0.2,5.4,670
2015,1,20,13,30,19.5,26.37,-0.30000000000000004,5.6000000000000005,669
2015,1,20,14,30,19.3,26.42,-0.5,5.5,604
2015,1,20,15,30,18.400000000000002,27.69,-0.6000000000000001,4.9,475
2015,1,20,16,30,15.600000000000001,33.61,-0.4,3.5,297
2015,1,20,17,30,11.8,48.120000000000005,1.2000000000000002,2.6,99
2015,1,20,18,30,9.700000000000001,53.65,0.7000000000000001,3.1,0
2015,1,20,19,30,8.9,56.49,0.7000000000000001,3.8000000000000003,0
2015,1,20,20,30,7.9,61.120000000000005,0.9,4.3,0
2015,1,20,21,30,6.800000000000001,66.3,1,4.4,0
2015,1,20,22,30,5.800000000000001,69.88,0.7000000000000001,4.4,0
2015,1,20,23,30,4.9,71.22,0.1,4.4,0
2015,1,21,0,30,4,71.41,-0.7000000000000001,4.4,0
2015,1,21,1,30,3.3000000000000003,71.01,-1.5,4.4,0
2015,1,21,2,30,2.7,72.32000000000001,-1.8,4.1000000000000005,0
2015,1,21,3,30,2.2,75.76,-1.6,3.7,0
2015,1,21,4,30,1.7000000000000002,81.07000000000001,-1.2000000000000002,3.5,0
2015,1,21,5,30,1.6,85.37,-0.6000000000000001,3.5,0
2015,1,21,6,30,1.9000000000000001,87.63,0.1,3.8000000000000003,0
2015,1,21,7,30,2.8000000000000003,86.17,0.7000000000000001,4.1000000000000005,0
2015,1,21,8,30,4,83,1.4000000000000001,4.4,90
2015,1,21,9,30,5.300000000000001,79.38,2,4.7,256
2015,1,21,10,30,6.7,73.54,2.3000000000000003,4.800000000000001,190
2015,1,21,11,30,7.9,69.21000000000001,2.6,4.800000000000001,211
2015,1,21,12,30,9,66.71000000000001,3.1,4.9,115
2015,1,21,13,30,10,65.9,3.9000000000000004,4.9,157
2015,1,21,14,30,10.4,67.51,4.6000000000000005,4.6000000000000005,201
2015,1,21,15,30,9.700000000000001,72.69,5,4.1000000000000005,143
2015,1,21,16,30,8.6,79.53,5.300000000000001,3.5,89
2015,1,21,17,30,7.4,87.23,5.4,3.1,28
2015,1,21,18,30,6.5,92.95,5.4,3.4000000000000004,0
2015,1,21,19,30,5.800000000000001,95.77,5.2,3.9000000000000004,0
2015,1,21,20,30,5.2,96.15,4.6000000000000005,4.2,0
2015,1,21,21,30,4.5,96.41,4,4.5,0
2015,1,21,22,30,3.9000000000000004,95.27,3.2,4.7,0
2015,1,21,23,30,3.2,94.60000000000001,2.4000000000000004,5,0
2015,1,22,0,30,2.7,93.41,1.7000000000000002,5.2,0
2015,1,22,1,30,2.2,93.09,1.2000000000000002,5.5,0
2015,1,22,2,30,1.7000000000000002,93.19,0.7000000000000001,5.9,0
2015,1,22,3,30,1.3,92.55,0.2,6.300000000000001,0
2015,1,22,4,30,0.9,91.9,-0.30000000000000004,6.300000000000001,0
2015,1,22,5,30,0.6000000000000001,91.26,-0.7000000000000001,6.300000000000001,0
2015,1,22,6,30,0.4,91.52,-0.8,6.300000000000001,0
2015,1,22,7,30,0.5,90.32000000000001,-0.9,6.4,0
2015,1,22,8,30,0.9,87.2,-1,7,18
2015,1,22,9,30,1.5,82.95,-1.1,7.4,16
2015,1,22,10,30,2.3000000000000003,77.92,-1.2000000000000002,7.6000000000000005,82
2015,1,22,11,30,3.2,72.99,-1.2000000000000002,7.6000000000000005,246
2015,1,22,12,30,3.7,70.58,-1.2000000000000002,7.6000000000000005,22
2015,1,22,13,30,3.8000000000000003,69.75,-1.2000000000000002,7.5,228
2015,1,22,14,30,3.7,69.76,-1.3,7.300000000000001,210
2015,1,22,15,30,3,73.03,-1.4000000000000001,6.800000000000001,171
2015,1,22,16,30,2,78.74,-1.3,5.7,70
2015,1,22,17,30,1,85.84,-1.1,4.3,66
2015,1,22,18,30,0.6000000000000001,89.63,-0.9,3.7,0
2015,1,22,19,30,0.4,91.38,-0.8,3.8000000000000003,0
2015,1,22,20,30,0.30000000000000004,91.60000000000001,-0.9,4,0
2015,1,22,21,30,0.1,91.85000000000001,-1.1,4,0
2015,1,22,22,30,-0.1,91.51,-1.3,4,0
2015,1,22,23,30,-0.30000000000000004,90.79,-1.6,4,0
2015,1,23,0,30,-0.5,89.8,-2,3.8000000000000003,0
2015,1,23,1,30,-0.7000000000000001,88.91,-2.3000000000000003,3.4000000000000004,0
2015,1,23,2,30,-1,88.9,-2.6,3,0
2015,1,23,3,30,-1.2000000000000002,88.72,-2.8000000000000003,2.9000000000000004,0
2015,1,23,4,30,-1.4000000000000001,88.78,-3,2.8000000000000003,0
2015,1,23,5,30,-1.6,88.95,-3.2,2.6,0
2015,1,23,6,30,-2,90.43,-3.4000000000000004,2.3000000000000003,0
2015,1,23,7,30,-1.8,87.14,-3.7,2.3000000000000003,0
2015,1,23,8,30,-0.1,77.28,-3.6,2.5,102
2015,1,23,9,30,2.1,65.31,-3.7,2.6,100
2015,1,23,10,30,3.9000000000000004,59.050000000000004,-3.4000000000000004,3.1,317
2015,1,23,11,30,5.4,54.08,-3.2,3.7,614
2015,1,23,12,30,6.5,49.76,-3.2,4.1000000000000005,687
2015,1,23,13,30,7.4,45.28,-3.7,4.2,689
2015,1,23,14,30,7.800000000000001,42.04,-4.3,4.1000000000000005,626
2015,1,23,15,30,7.800000000000001,40.19,-4.9,3.9000000000000004,495
2015,1,23,16,30,6.1000000000000005,43.74,-5.300000000000001,2.9000000000000004,319
2015,1,23,17,30,3,61.050000000000004,-3.8000000000000003,1.9000000000000001,115
2015,1,23,18,30,0.8,64.81,-5.1000000000000005,1.9000000000000001,0
2015,1,23,19,30,0,63.82,-6,2.1,0
2015,1,23,20,30,-0.8,62.77,-7,2.3000000000000003,0
2015,1,23,21,30,-1.6,61.65,-8,2.4000000000000004,0
2015,1,23,22,30,-2.2,59.68,-9,2.6,0
2015,1,23,23,30,-2.5,57.08,-9.8,2.8000000000000003,0
2015,1,24,0,30,-2.6,55.25,-10.3,3.1,0
2015,1,24,1,30,-2.6,54.49,-10.5,3.2,0
2015,1,24,2,30,-2.6,54.63,-10.5,3.3000000000000003,0
2015,1,24,3,30,-2.4000000000000004,55.43,-10.100000000000001,3.5,0
2015,1,24,4,30,-2,57.13,-9.4,3.5,0
2015,1,24,5,30,-1.7000000000000002,59.910000000000004,-8.5,3.4000000000000004,0
2015,1,24,6,30,-1.4000000000000001,62.800000000000004,-7.6000000000000005,3.3000000000000003,0
2015,1,24,7,30,-0.30000000000000004,61.92,-6.7,3.6,0
2015,1,24,8,30,1.6,58.64,-5.6000000000000005,3.7,65
2015,1,24,9,30,4.1000000000000005,54.09,-4.4,3.2,233
2015,1,24,10,30,7.7,47.25,-2.8000000000000003,2.6,450
2015,1,24,11,30,10.9,41.84,-1.6,2.6,576
2015,1,24,12,30,12.5,38.46,-1.3,3.2,649
2015,1,24,13,30,13.200000000000001,37.47,-1,3.6,684
2015,1,24,14,30,13.700000000000001,37.34,-0.6000000000000001,3.8000000000000003,616
2015,1,24,15,30,13.600000000000001,38.59,-0.30000000000000004,3.5,486
2015,1,24,16,30,11.5,46.410000000000004,0.4,2.4000000000000004,236
2015,1,24,17,30,8.5,64.01,2.1,1.9000000000000001,111
2015,1,24,18,30,7.300000000000001,64.11,1,2.4000000000000004,0
2015,1,24,19,30,6.9,63.92,0.5,3,0
2015,1,24,20,30,6.4,63.410000000000004,0,3.6,0
2015,1,24,21,30,5.6000000000000005,63.63,-0.8,3.7,0
2015,1,24,22,30,4.800000000000001,64.45,-1.3,3.9000000000000004,0
2015,1,24,23,30,4.2,65.08,-1.8,4.3,0
2015,1,25,0,30,3.5,66.47,-2.2,4.5,0
2015,1,25,1,30,2.6,69.88,-2.3000000000000003,4.4,0
2015,1,25,2,30,1.7000000000000002,74.36,-2.4000000000000004,4.2,0
2015,1,25,3,30,1,77.15,-2.6,4.2,0
2015,1,25,4,30,0.6000000000000001,76.79,-3,4.1000000000000005,0
2015,1,25,5,30,0.30000000000000004,76.43,-3.4000000000000004,3.5,0
2015,1,25,6,30,0,79.85000000000001,-3.1,2.7,0
2015,1,25,7,30,1.1,77.86,-2.3000000000000003,3,0
2015,1,25,8,30,4,68.42,-1.3,3.5,83
2015,1,25,9,30,7.6000000000000005,57.730000000000004,-0.2,3.8000000000000003,208
2015,1,25,10,30,11.5,41.42,-1.2000000000000002,5,400
2015,1,25,11,30,14.100000000000001,25.740000000000002,-5.300000000000001,5.2,545
2015,1,25,12,30,15.5,23.42,-5.300000000000001,4.2,598
2015,1,25,13,30,16.3,23.740000000000002,-4.5,3.2,691
2015,1,25,14,30,16.5,24.85,-3.7,2.2,624
2015,1,25,15,30,16.1,26.66,-3.1,1.3,495
2015,1,25,16,30,14.700000000000001,32.33,-1.7000000000000002,0.7000000000000001,317
2015,1,25,17,30,13,39.9,-0.30000000000000004,0.5,117
2015,1,25,18,30,12,36.09,-2.6,0.4,0
2015,1,25,19,30,11.4,36.85,-2.8000000000000003,0.4,0
2015,1,25,20,30,10.3,39.300000000000004,-3,0.7000000000000001,0
2015,1,25,21,30,8.9,42.660000000000004,-3.1,1,0
2015,1,25,22,30,7.5,46.54,-3.2,1.3,0
2015,1,25,23,30,6.1000000000000005,50.77,-3.3000000000000003,1.4000000000000001,0
2015,1,26,0,30,4.9,54.7,-3.5,1.5,0
2015,1,26,1,30,3.8000000000000003,58.9,-3.5,1.6,0
2015,1,26,2,30,2.9000000000000004,62.47,-3.6,1.7000000000000002,0
2015,1,26,3,30,2.2,65.23,-3.7,1.7000000000000002,0
2015,1,26,4,30,1.7000000000000002,67.33,-3.7,1.8,0
2015,1,26,5,30,1.4000000000000001,68.65,-3.7,1.9000000000000001,0
2015,1,26,6,30,1.2000000000000002,69.64,-3.7,2,0
2015,1,26,7,30,2.9000000000000004,62.09,-3.6,2.6,0
2015,1,26,8,30,6.2,53.32,-2.6,3.4000000000000004,72
2015,1,26,9,30,9.700000000000001,44.09,-1.9000000000000001,3.4000000000000004,318
2015,1,26,10,30,13.600000000000001,37.03,-0.8,3.3000000000000003,408
2015,1,26,11,30,16.8,28.01,-1.8,3.4000000000000004,512
2015,1,26,12,30,18.400000000000002,25.42,-1.8,3.3000000000000003,640
2015,1,26,13,30,19.3,24.060000000000002,-1.8,3.3000000000000003,577
2015,1,26,14,30,19.400000000000002,23.82,-1.8,3.1,574
2015,1,26,15,30,18.7,24.82,-1.8,2.5,503
2015,1,26,16,30,15.9,36.06,0.9,1.6,320
2015,1,26,17,30,12.4,53.28,3.2,1.3,121
2015,1,26,18,30,10.700000000000001,50.76,0.9,1.5,0
2015,1,26,19,30,9.8,52.71,0.6000000000000001,1.6,0
2015,1,26,20,30,9.1,53.67,0.2,1.8,0
2015,1,26,21,30,8.6,53.69,-0.30000000000000004,1.9000000000000001,0
2015,1,26,22,30,8,54.64,-0.6000000000000001,1.9000000000000001,0
2015,1,26,23,30,7.300000000000001,56.25,-0.8,1.8,0
2015,1,27,0,30,6.6000000000000005,58.120000000000005,-1.1,1.8,0
2015,1,27,1,30,5.800000000000001,60.29,-1.3,1.9000000000000001,0
2015,1,27,2,30,5.2,62.28,-1.4000000000000001,2,0
2015,1,27,3,30,4.6000000000000005,64.61,-1.5,2,0
2015,1,27,4,30,4,67.44,-1.5,2,0
2015,1,27,5,30,3.6,69.38,-1.5,1.9000000000000001,0
2015,1,27,6,30,3.1,72.06,-1.4000000000000001,1.9000000000000001,0
2015,1,27,7,30,4.6000000000000005,65.44,-1.3,2.4000000000000004,0
2015,1,27,8,30,7.7,56.45,-0.4,3,116
2015,1,27,9,30,11,47.18,0.2,2.6,319
2015,1,27,10,30,14.8,40.46,1.5,1.8,498
2015,1,27,11,30,18.8,31.57,1.6,1.7000000000000002,630
2015,1,27,12,30,21.3,23.830000000000002,-0.2,2,700
2015,1,27,13,30,22.1,21.61,-0.9,2.2,698
2015,1,27,14,30,22.200000000000003,21.17,-1.1,2.4000000000000004,631
2015,1,27,15,30,21.5,22.11,-1.1,2.1,500
2015,1,27,16,30,18.7,33.31,2.2,1.6,321
2015,1,27,17,30,15.200000000000001,49.74,4.800000000000001,1.4000000000000001,121
2015,1,27,18,30,13.600000000000001,44.300000000000004,1.7000000000000002,1.5,0
2015,1,27,19,30,13,44.2,1.1,1.6,0
2015,1,27,20,30,12.3,44.910000000000004,0.7000000000000001,1.6,0
2015,1,27,21,30,11.3,47.57,0.6000000000000001,1.6,0
2015,1,27,22,30,10.5,50.27,0.6000000000000001,1.7000000000000002,0
2015,1,27,23,30,9.9,51.800000000000004,0.4,2,0
2015,1,28,0,30,9.4,52.18,0.1,2.3000000000000003,0
2015,1,28,1,30,9,52.97,-0.1,2.7,0
2015,1,28,2,30,8.5,55.63,0.1,2.8000000000000003,0
2015,1,28,3,30,8,60.96,0.9,2.7,0
2015,1,28,4,30,7.5,68.81,2.1,2.4000000000000004,0
2015,1,28,5,30,7.1000000000000005,77.5,3.4000000000000004,2.1,0
2015,1,28,6,30,6.9,84.79,4.5,1.9000000000000001,0
2015,1,28,7,30,8.4,79.89,5.1000000000000005,2.5,0
2015,1,28,8,30,11.600000000000001,66.2,5.5,3.3000000000000003,114
2015,1,28,9,30,14.9,54.99,5.9,3.3000000000000003,107
2015,1,28,10,30,19.1,44.82,6.800000000000001,3.6,352
2015,1,28,11,30,22.6,37.72,7.5,4.5,528
2015,1,28,12,30,24.5,34.19,7.7,5.1000000000000005,681
2015,1,28,13,30,25.200000000000003,33.05,7.800000000000001,5.7,679
2015,1,28,14,30,25.1,33.44,7.9,5.6000000000000005,612
2015,1,28,15,30,24.5,34.67,7.9,4.6000000000000005,490
2015,1,28,16,30,22,41.32,8.3,2.8000000000000003,318
2015,1,28,17,30,18.3,56.88,9.600000000000001,1.7000000000000002,122
2015,1,28,18,30,16.3,58.35,8.1,1.7000000000000002,0
2015,1,28,19,30,15.5,60,7.800000000000001,1.6,0
2015,1,28,20,30,14.8,62.120000000000005,7.6000000000000005,1.6,0
2015,1,28,21,30,14.100000000000001,65.17,7.7,1.7000000000000002,0
2015,1,28,22,30,13.5,68.55,7.800000000000001,1.8,0
2015,1,28,23,30,12.8,72.03,7.9,1.9000000000000001,0
2015,1,29,0,30,11.9,75.75,7.800000000000001,1.6,0
2015,1,29,1,30,11.100000000000001,78.12,7.4,1.3,0
2015,1,29,2,30,10.200000000000001,80.64,7,1,0
2015,1,29,3,30,9.600000000000001,81.71000000000001,6.6000000000000005,0.8,0
2015,1,29,4,30,9.3,80.66,6.1000000000000005,1.2000000000000002,0
2015,1,29,5,30,9,78.43,5.4,2.1,0
2015,1,29,6,30,8.8,74.63,4.5,3.6,0
2015,1,29,7,30,8.9,69.57000000000001,3.6,5,0
2015,1,29,8,30,9.9,61.74,2.9000000000000004,6.1000000000000005,58
2015,1,29,9,30,11.8,51.25,2.1,7.4,249
2015,1,29,10,30,13.600000000000001,43.300000000000004,1.3,8.200000000000001,385
2015,1,29,11,30,15,38.910000000000004,1.1,7.800000000000001,455
2015,1,29,12,30,15.600000000000001,37.35,1.1,7.300000000000001,621
2015,1,29,13,30,15.5,37.5,1.1,7.1000000000000005,549
2015,1,29,14,30,14.9,38.44,0.9,6.9,461
2015,1,29,15,30,13.9,39.85,0.5,6.7,391
2015,1,29,16,30,12.700000000000001,41.22,-0.1,6.300000000000001,299
2015,1,29,17,30,11.5,42.74,-0.7000000000000001,5.7,87
2015,1,29,18,30,10.5,44.37,-1.1,5,0
2015,1,29,19,30,9.9,44.88,-1.5,4.6000000000000005,0
2015,1,29,20,30,9.3,44.54,-2.2,4.4,0
2015,1,29,21,30,8.700000000000001,43.83,-2.9000000000000004,4.3,0
2015,1,29,22,30,8,44.38,-3.4000000000000004,4.2,0
2015,1,29,23,30,7.4,45.83,-3.5,3.8000000000000003,0
2015,1,30,0,30,6.9,48.83,-3.1,3.4000000000000004,0
2015,1,30,1,30,6.4,52.31,-2.7,3.2,0
2015,1,30,2,30,5.9,55.92,-2.2,3.2,0
2015,1,30,3,30,5.4,58.550000000000004,-2.1,3.4000000000000004,0
2015,1,30,4,30,5.1000000000000005,59.89,-2.1,3.4000000000000004,0
2015,1,30,5,30,4.9,61.690000000000005,-1.8,3.2,0
2015,1,30,6,30,4.800000000000001,61.910000000000004,-1.9000000000000001,3.2,0
2015,1,30,7,30,5,61.15,-1.9000000000000001,3.4000000000000004,0
2015,1,30,8,30,5.7,57.11,-2.1,3.9000000000000004,21
2015,1,30,9,30,6.7,50.89,-2.8000000000000003,4.3,19
2015,1,30,10,30,7.9,46.01,-3,4.4,78
2015,1,30,11,30,9.1,42.660000000000004,-2.9000000000000004,4.3,163
2015,1,30,12,30,9.9,41.21,-2.7,4.1000000000000005,500
2015,1,30,13,30,10.600000000000001,40.62,-2.2,4,445
2015,1,30,14,30,10.700000000000001,42.01,-1.7000000000000002,3.8000000000000003,336
2015,1,30,15,30,10.5,44.12,-1.2000000000000002,3.7,170
2015,1,30,16,30,9.700000000000001,47.85,-0.8,3.3000000000000003,50
2015,1,30,17,30,8.6,54.35,-0.1,2.7,107
2015,1,30,18,30,7.800000000000001,58.72,0.2,2.8000000000000003,0
2015,1,30,19,30,7.1000000000000005,61.6,0.2,3,0
2015,1,30,20,30,6.300000000000001,67.84,0.8,3.3000000000000003,0
2015,1,30,21,30,5.6000000000000005,73.88,1.3,3.5,0
2015,1,30,22,30,5.2,77.58,1.6,3.1,0
2015,1,30,23,30,4.7,83.66,2.2,2.7,0
2015,1,31,0,30,4.1000000000000005,88.97,2.4000000000000004,2.9000000000000004,0
2015,1,31,1,30,3.9000000000000004,90.03,2.4000000000000004,3.1,0
2015,1,31,2,30,4.1000000000000005,90.04,2.6,2.9000000000000004,0
2015,1,31,3,30,4.3,90.96000000000001,3,2.7,0
2015,1,31,4,30,4.4,92.77,3.3000000000000003,2.5,0
2015,1,31,5,30,4.6000000000000005,93.55,3.6,2.5,0
2015,1,31,6,30,4.9,93.69,4,2.8000000000000003,0
2015,1,31,7,30,5.4,92.94,4.3,3.1,0
2015,1,31,8,30,6.1000000000000005,91.58,4.800000000000001,3.5,19
2015,1,31,9,30,6.9,89.85000000000001,5.300000000000001,3.8000000000000003,36
2015,1,31,10,30,8,86.72,5.9,4.3,46
2015,1,31,11,30,9.200000000000001,83.53,6.6000000000000005,4.800000000000001,94
2015,1,31,12,30,10.5,80.60000000000001,7.300000000000001,5.2,51
2015,1,31,13,30,11.200000000000001,80.60000000000001,8,5.1000000000000005,118
2015,1,31,14,30,11.5,81.53,8.4,4.7,169
2015,1,31,15,30,11.700000000000001,82.5,8.8,4.1000000000000005,101
2015,1,31,16,30,11.4,85.76,9.1,3,126
2015,1,31,17,30,9.700000000000001,96.98,9.200000000000001,1.8,47
2015,1,31,18,30,8.200000000000001,100,8.200000000000001,1.6,0
2015,1,31,19,30,7.9,100,7.9,1.9000000000000001,0
2015,1,31,20,30,8.1,100,8.1,2.3000000000000003,0
2015,1,31,21,30,8.3,100,8.3,2.5,0
2015,1,31,22,30,8.200000000000001,100,8.200000000000001,2.7,0
2015,1,31,23,30,7.9,100,7.9,2.9000000000000004,0
2015,2,1,0,30,7.6000000000000005,100,7.6000000000000005,3,0
2015,2,1,1,30,7.2,100,7.2,2.9000000000000004,0
2015,2,1,2,30,6.7,100,6.7,2.7,0
2015,2,1,3,30,6.2,100,6.2,2.6,0
2015,2,1,4,30,5.800000000000001,100,5.800000000000001,2.7,0
2015,2,1,5,30,5.6000000000000005,100,5.6000000000000005,2.9000000000000004,0
2015,2,1,6,30,5.4,100,5.4,3,0
2015,2,1,7,30,5.6000000000000005,96.54,5.1000000000000005,3.6,0
2015,2,1,8,30,6.800000000000001,87.61,4.9,5,122
2015,2,1,9,30,8.6,74.24,4.3,6.2,323
2015,2,1,10,30,10.200000000000001,60.33,2.9000000000000004,6.6000000000000005,277
2015,2,1,11,30,11.3,51.99,1.8,6.4,240
2015,2,1,12,30,12.200000000000001,46.29,1,6,229
2015,2,1,13,30,12.600000000000001,42.730000000000004,0.30000000000000004,5.7,404
2015,2,1,14,30,12.5,40.79,-0.5,5.4,231
2015,2,1,15,30,11.9,40.51,-1.1,5,329
2015,2,1,16,30,10.4,42.81,-1.7000000000000002,4.2,175
2015,2,1,17,30,7.7,51.26,-1.7000000000000002,3.1,137
2015,2,1,18,30,5.6000000000000005,60.11,-1.5,2.8000000000000003,0
2015,2,1,19,30,4.5,61.410000000000004,-2.3000000000000003,3.1,0
2015,2,1,20,30,3.4000000000000004,63.13,-3,3.3000000000000003,0
2015,2,1,21,30,2.3000000000000003,64.26,-3.8000000000000003,3.5,0
2015,2,1,22,30,1.3,64.56,-4.7,3.4000000000000004,0
2015,2,1,23,30,0.30000000000000004,65.54,-5.4,3.2,0
2015,2,2,0,30,-0.6000000000000001,66.72,-6,2.9000000000000004,0
2015,2,2,1,30,-1.5,68.16,-6.6000000000000005,2.7,0
2015,2,2,2,30,-2.2,68.7,-7.2,2.3000000000000003,0
2015,2,2,3,30,-2.9000000000000004,70.02,-7.6000000000000005,1.8,0
2015,2,2,4,30,-3.4000000000000004,71.01,-7.9,1.5,0
2015,2,2,5,30,-3.7,71.12,-8.200000000000001,1.2000000000000002,0
2015,2,2,6,30,-3.9000000000000004,70.69,-8.4,1.1,0
2015,2,2,7,30,-2.5,63.27,-8.5,1.7000000000000002,0
2015,2,2,8,30,0,49.160000000000004,-9.4,2.8000000000000003,130
2015,2,2,9,30,2.2,38.78,-10.4,3.3000000000000003,335
2015,2,2,10,30,4.7,34.97,-9.5,3.9000000000000004,519
2015,2,2,11,30,7.1000000000000005,32.53,-8.3,4.2,653
2015,2,2,12,30,9,31.89,-6.9,4.2,724
2015,2,2,13,30,10.4,32.88,-5.2,4,724
2015,2,2,14,30,11.3,34.75,-3.7,3.8000000000000003,657
2015,2,2,15,30,11.5,37.1,-2.7,3.6,528
2015,2,2,16,30,10.200000000000001,42.57,-2,2.5,321
2015,2,2,17,30,7.300000000000001,60.61,0.2,1.5,126
2015,2,2,18,30,5.1000000000000005,65.87,-0.8,1.7000000000000002,0
2015,2,2,19,30,5,63.730000000000004,-1.3,2.5,0
2015,2,2,20,30,4.9,62.06,-1.8,3.1,0
2015,2,2,21,30,4.3,62.72,-2.2,3,0
2015,2,2,22,30,3.6,64.94,-2.4000000000000004,2.6,0
2015,2,2,23,30,3,67.97,-2.3000000000000003,2.1,0
2015,2,3,0,30,2.6,70.52,-2.2,1.8,0
2015,2,3,1,30,2.2,72.81,-2.2,1.8,0
2015,2,3,2,30,2,73.28,-2.3000000000000003,2,0
2015,2,3,3,30,1.6,74.87,-2.4000000000000004,1.8,0
2015,2,3,4,30,1.3,76.23,-2.4000000000000004,1.4000000000000001,0
2015,2,3,5,30,1.2000000000000002,76.58,-2.5,1.3,0
2015,2,3,6,30,1.1,76.94,-2.5,1.3,0
2015,2,3,7,30,1.9000000000000001,73.51,-2.3000000000000003,2.1,0
2015,2,3,8,30,3.9000000000000004,66.95,-1.7000000000000002,3.4000000000000004,85
2015,2,3,9,30,6.800000000000001,62.01,0,4.5,233
2015,2,3,10,30,10.200000000000001,56.95,2,5,405
2015,2,3,11,30,13.200000000000001,50.82,3.2,4.9,510
2015,2,3,12,30,15.700000000000001,44.79,3.7,4.6000000000000005,687
2015,2,3,13,30,17.400000000000002,40.02,3.7,4.1000000000000005,578
2015,2,3,14,30,17.900000000000002,38.19,3.4000000000000004,3.8000000000000003,539
2015,2,3,15,30,17.400000000000002,39.21,3.4000000000000004,3.8000000000000003,422
2015,2,3,16,30,15.200000000000001,45.44,3.5,3.5,290
2015,2,3,17,30,11.700000000000001,62.43,4.800000000000001,3.5,143
2015,2,3,18,30,9,73.92,4.6000000000000005,4.5,0
2015,2,3,19,30,7.2,85.88,5,5.2,0
2015,2,3,20,30,5.9,95.39,5.2,5.300000000000001,0
2015,2,3,21,30,5.2,97.98,4.9,5.1000000000000005,0
2015,2,3,22,30,4.800000000000001,97.8,4.5,4.800000000000001,0
2015,2,3,23,30,4.5,97.63,4.2,4.4,0
2015,2,4,0,30,4.5,95.91,3.9000000000000004,4.3,0
2015,2,4,1,30,4.5,95.45,3.8000000000000003,4.3,0
2015,2,4,2,30,4.5,95.08,3.8000000000000003,4.1000000000000005,0
2015,2,4,3,30,4.3,95.64,3.7,3.8000000000000003,0
2015,2,4,4,30,4.1000000000000005,95.81,3.5,3.7,0
2015,2,4,5,30,4,95.29,3.3000000000000003,3.6,0
2015,2,4,6,30,3.9000000000000004,95.23,3.2,3.6,0
2015,2,4,7,30,4.3,91.98,3.1,3.8000000000000003,0
2015,2,4,8,30,6.2,79.66,2.9000000000000004,4,101
2015,2,4,9,30,9.5,63.35,2.9000000000000004,4,341
2015,2,4,10,30,13.600000000000001,48.550000000000004,3,4.3,526
2015,2,4,11,30,17.5,37.410000000000004,2.8000000000000003,4.800000000000001,661
2015,2,4,12,30,20.3,29.55,1.9000000000000001,5.2,733
2015,2,4,13,30,21.700000000000003,26.04,1.4000000000000001,5.300000000000001,736
2015,2,4,14,30,22.1,25.03,1.2000000000000002,5.1000000000000005,666
2015,2,4,15,30,21.3,26.810000000000002,1.4000000000000001,5,534
2015,2,4,16,30,18.5,34.22,2.4000000000000004,5.7,353
2015,2,4,17,30,13.9,49.01,3.4000000000000004,7.5,146
2015,2,4,18,30,8.700000000000001,67.76,3.1,9.200000000000001,0
2015,2,4,19,30,4.7,79.07000000000001,1.4000000000000001,9.4,0
2015,2,4,20,30,2,78.54,-1.3,8.5,0
2015,2,4,21,30,0.2,76.46000000000001,-3.5,7.7,0
2015,2,4,22,30,-1.1,75.65,-4.9,6.7,0
2015,2,4,23,30,-1.8,74.28,-5.800000000000001,5.6000000000000005,0
2015,2,5,0,30,-2.2,73.47,-6.300000000000001,4.7,0
2015,2,5,1,30,-2.5,73.35000000000001,-6.6000000000000005,4.2,0
2015,2,5,2,30,-2.7,73.15,-6.800000000000001,3.8000000000000003,0
2015,2,5,3,30,-2.9000000000000004,73.28,-7,3.2,0
2015,2,5,4,30,-3,73.21000000000001,-7.1000000000000005,2.7,0
2015,2,5,5,30,-3.2,73.74,-7.2,2.2,0
2015,2,5,6,30,-3.2,73.54,-7.300000000000001,1.8,0
2015,2,5,7,30,-2.3000000000000003,69.07000000000001,-7.2,2,0
2015,2,5,8,30,-0.7000000000000001,62.04,-7.1000000000000005,2.1,20
2015,2,5,9,30,0.9,57.85,-6.5,1.9000000000000001,49
2015,2,5,10,30,2.7,53.870000000000005,-5.7,1.9000000000000001,102
2015,2,5,11,30,4.7,50.02,-4.800000000000001,1.8,168
2015,2,5,12,30,6.5,47.480000000000004,-3.9000000000000004,1.7000000000000002,198
2015,2,5,13,30,8,45.9,-3,1.6,275
2015,2,5,14,30,8.8,45.38,-2.4000000000000004,1.4000000000000001,467
2015,2,5,15,30,9,45.99,-2,1.1,412
2015,2,5,16,30,8.3,48.77,-1.9000000000000001,0.7000000000000001,363
2015,2,5,17,30,6.5,59.17,-0.9,0.6000000000000001,155
2015,2,5,18,30,4.5,66.54,-1.2000000000000002,0.9,0
2015,2,5,19,30,2.9000000000000004,72.68,-1.5,1,0
2015,2,5,20,30,1.8,77.06,-1.8,1.2000000000000002,0
2015,2,5,21,30,1.1,80.53,-1.9000000000000001,1.3,0
2015,2,5,22,30,0.7000000000000001,82.78,-1.9000000000000001,1.6,0
2015,2,5,23,30,0.30000000000000004,85.34,-1.9000000000000001,1.8,0
2015,2,6,0,30,0,87.51,-1.8,1.9000000000000001,0
2015,2,6,1,30,-0.4,90.65,-1.7000000000000002,1.9000000000000001,0
2015,2,6,2,30,-0.7000000000000001,93.3,-1.6,1.9000000000000001,0
2015,2,6,3,30,-1,96.16,-1.5,1.9000000000000001,0
2015,2,6,4,30,-1.2000000000000002,98.83,-1.4000000000000001,2,0
2015,2,6,5,30,-1.3,100,-1.3,2,0
2015,2,6,6,30,-1.3,100,-1.3,2,0
2015,2,6,7,30,0.5,92.39,-0.6000000000000001,2.7,0
2015,2,6,8,30,3.8000000000000003,75.17,-0.2,3.3000000000000003,99
2015,2,6,9,30,7.800000000000001,60,0.5,3.3000000000000003,280
2015,2,6,10,30,12.3,47.61,1.5,3.8000000000000003,538
2015,2,6,11,30,15.9,38.54,1.8,4.3,674
2015,2,6,12,30,18.5,33.21,2,4.4,747
2015,2,6,13,30,20.200000000000003,30.05,2.1,4.4,750
2015,2,6,14,30,21.200000000000003,27.87,1.9000000000000001,4.3,683
2015,2,6,15,30,21,27.73,1.7000000000000002,3.8000000000000003,552
2015,2,6,16,30,18.3,35.19,2.6,2.6,373
2015,2,6,17,30,14,55.42,5.2,1.9000000000000001,161
2015,2,6,18,30,11.4,56.660000000000004,3.1,2.3000000000000003,0
2015,2,6,19,30,10.700000000000001,58.03,2.8000000000000003,3.1,0
2015,2,6,20,30,9.9,62.58,3.1,4,0
2015,2,6,21,30,8.8,70.51,3.7,4.4,0
2015,2,6,22,30,7.9,76.29,4,4.1000000000000005,0
2015,2,6,23,30,7.4,78.08,3.8000000000000003,3.6,0
2015,2,7,0,30,6.9,78.46000000000001,3.4000000000000004,3.3000000000000003,0
2015,2,7,1,30,6.6000000000000005,76.65,2.8000000000000003,3,0
2015,2,7,2,30,6.1000000000000005,74.74,2,2.8000000000000003,0
2015,2,7,3,30,5.5,72.88,1,2.6,0
2015,2,7,4,30,5,71.27,0.2,2.5,0
2015,2,7,5,30,4.7,69.97,-0.30000000000000004,2.6,0
2015,2,7,6,30,4.6000000000000005,68.86,-0.6000000000000001,2.8000000000000003,0
2015,2,7,7,30,6.300000000000001,61.07,-0.7000000000000001,3.7,0
2015,2,7,8,30,9.4,51.81,0,4.6000000000000005,145
2015,2,7,9,30,13,43.84,1,4.800000000000001,357
2015,2,7,10,30,17.1,36.160000000000004,2,5.2,544
2015,2,7,11,30,20.8,29.6,2.4000000000000004,5.300000000000001,680
2015,2,7,12,30,23.5,24.34,2,5.300000000000001,749
2015,2,7,13,30,25.1,21.07,1.3,5.4,756
2015,2,7,14,30,25.700000000000003,19.43,0.7000000000000001,5.5,689
2015,2,7,15,30,25.3,19.53,0.4,4.7,558
2015,2,7,16,30,22.3,26.55,2.2,3.2,378
2015,2,7,17,30,17.8,41.52,4.5,2.4000000000000004,165
2015,2,7,18,30,15.4,42.08,2.6,2.8000000000000003,0
2015,2,7,19,30,14.600000000000001,41.97,1.8,3.3000000000000003,0
2015,2,7,20,30,13.700000000000001,43.47,1.5,3.7,0
2015,2,7,21,30,12.600000000000001,46.46,1.4000000000000001,4,0
2015,2,7,22,30,11.3,50.59,1.4000000000000001,4,0
2015,2,7,23,30,10.200000000000001,54.09,1.3,4,0
2015,2,8,0,30,9.3,56.21,1,4,0
2015,2,8,1,30,8.700000000000001,56.160000000000004,0.4,3.9000000000000004,0
2015,2,8,2,30,8.3,54.79,-0.30000000000000004,4,0
2015,2,8,3,30,8.200000000000001,52.28,-1,4.4,0
2015,2,8,4,30,8.200000000000001,49.97,-1.6,4.800000000000001,0
2015,2,8,5,30,8,49.13,-2,5.1000000000000005,0
2015,2,8,6,30,7.800000000000001,49.36,-2.2,5.1000000000000005,0
2015,2,8,7,30,8.8,46.28,-2.1,5.4,0
2015,2,8,8,30,11.600000000000001,39.35,-1.8,5.6000000000000005,148
2015,2,8,9,30,15.700000000000001,31.900000000000002,-1,5.9,359
2015,2,8,10,30,19.700000000000003,26.26,-0.2,6.300000000000001,542
2015,2,8,11,30,22.3,23.78,0.6000000000000001,6.5,678
2015,2,8,12,30,23.8,22.37,1,6.4,747
2015,2,8,13,30,24.5,21.36,1,5.9,750
2015,2,8,14,30,24.6,20.77,0.7000000000000001,5.1000000000000005,683
2015,2,8,15,30,24,20.98,0.30000000000000004,4.2,555
2015,2,8,16,30,21.3,25.94,1,2.6,374
2015,2,8,17,30,17.2,45.88,5.4,1.6,164
2015,2,8,18,30,15,45.410000000000004,3.3000000000000003,1.6,0
2015,2,8,19,30,14.5,44.33,2.5,1.5,0
2015,2,8,20,30,14.5,41.97,1.7000000000000002,1.4000000000000001,0
2015,2,8,21,30,14.600000000000001,39.53,1,1.2000000000000002,0
2015,2,8,22,30,14.5,38.22,0.4,1,0
2015,2,8,23,30,14.4,37.33,0,0.9,0
2015,2,9,0,30,14,37.47,-0.30000000000000004,0.7000000000000001,0
2015,2,9,1,30,13.3,38.74,-0.5,0.7000000000000001,0
2015,2,9,2,30,12.4,40.82,-0.6000000000000001,0.8,0
2015,2,9,3,30,11.3,43.910000000000004,-0.5,1,0
2015,2,9,4,30,9.8,49.17,-0.4,1.2000000000000002,0
2015,2,9,5,30,8.4,54.83,-0.2,1.4000000000000001,0
2015,2,9,6,30,7.4,59.58,0,1.4000000000000001,0
2015,2,9,7,30,8.5,56.4,0.30000000000000004,1.5,0
2015,2,9,8,30,11.5,52.77,2.2,1.7000000000000002,153
2015,2,9,9,30,14.8,41.78,1.9000000000000001,1.3,363
2015,2,9,10,30,19,33.69,2.6,1.7000000000000002,549
2015,2,9,11,30,22.400000000000002,24.11,0.9,3.3000000000000003,685
2015,2,9,12,30,23.900000000000002,20.71,0,3.9000000000000004,759
2015,2,9,13,30,24.5,19.78,-0.1,4.2,762
2015,2,9,14,30,24.6,19.3,-0.30000000000000004,4.4,699
2015,2,9,15,30,24.1,19.43,-0.7000000000000001,4,567
2015,2,9,16,30,21.5,23.79,0,2.7,384
2015,2,9,17,30,17.2,42.61,4.4,1.9000000000000001,171
2015,2,9,18,30,14.5,44.78,2.6,2.1,0
2015,2,9,19,30,13.5,45.53,2,2.4000000000000004,0
2015,2,9,20,30,12.700000000000001,46.5,1.5,2.8000000000000003,0
2015,2,9,21,30,12,47.53,1.2000000000000002,3.2,0
2015,2,9,22,30,11.200000000000001,49.28,1,3.5,0
2015,2,9,23,30,10.4,51.99,1,3.5,0
2015,2,10,0,30,9.5,56.31,1.2000000000000002,3.4000000000000004,0
2015,2,10,1,30,8.700000000000001,61.09,1.6,3.2,0
2015,2,10,2,30,7.9,65.98,1.9000000000000001,2.9000000000000004,0
2015,2,10,3,30,7.2,69.8,2.1,2.5,0
2015,2,10,4,30,6.7,71.92,2,2.1,0
2015,2,10,5,30,6.5,71.92,1.8,1.9000000000000001,0
2015,2,10,6,30,6.6000000000000005,69.67,1.5,1.7000000000000002,0
2015,2,10,7,30,8.9,58.730000000000004,1.3,1.9000000000000001,0
2015,2,10,8,30,12.8,49.26,2.4000000000000004,2.3000000000000003,154
2015,2,10,9,30,16.400000000000002,38.83,2.3000000000000003,2.2,367
2015,2,10,10,30,20.400000000000002,32.5,3.4000000000000004,2.3000000000000003,554
2015,2,10,11,30,24.1,24.68,2.7,2.9000000000000004,691
2015,2,10,12,30,26.3,19.740000000000002,1.4000000000000001,3.5,764
2015,2,10,13,30,27,18.32,0.9,4,767
2015,2,10,14,30,26.900000000000002,18.05,0.6000000000000001,4.2,700
2015,2,10,15,30,26.3,18.44,0.4,3.7,569
2015,2,10,16,30,23.5,24.17,1.9000000000000001,2.4000000000000004,386
2015,2,10,17,30,19.3,44.15,6.800000000000001,1.6,173
2015,2,10,18,30,16.6,43.83,4.2,1.8,0
2015,2,10,19,30,15.3,46.43,3.9000000000000004,2.2,0
2015,2,10,20,30,14.3,49.800000000000004,4,2.9000000000000004,0
2015,2,10,21,30,13.4,53.52,4.1000000000000005,3.6,0
2015,2,10,22,30,12.5,57.52,4.3,4.1000000000000005,0
2015,2,10,23,30,11.5,61.97,4.5,4.2,0
2015,2,11,0,30,10.600000000000001,66.6,4.6000000000000005,4.1000000000000005,0
2015,2,11,1,30,9.700000000000001,71.7,4.800000000000001,3.7,0
2015,2,11,2,30,8.700000000000001,77.44,5,2.9000000000000004,0
2015,2,11,3,30,8,81.91,5.1000000000000005,1.9000000000000001,0
2015,2,11,4,30,7.2,86.75,5.1000000000000005,1.1,0
2015,2,11,5,30,6.4,91.45,5.1000000000000005,0.7000000000000001,0
2015,2,11,6,30,6.1000000000000005,93.10000000000001,5.1000000000000005,1.3,0
2015,2,11,7,30,7.2,86.02,5,2.9000000000000004,0
2015,2,11,8,30,9.8,72.16,5,4.7,152
2015,2,11,9,30,12.4,61.2,5.1000000000000005,5.800000000000001,288
2015,2,11,10,30,14.600000000000001,54.13,5.4,6.2,478
2015,2,11,11,30,16.3,49.45,5.7,6.300000000000001,643
2015,2,11,12,30,17.3,47.02,5.9,6.6000000000000005,746
2015,2,11,13,30,17.3,47.32,6,7,743
2015,2,11,14,30,16.3,50.53,6,7.6000000000000005,560
2015,2,11,15,30,14.3,56.800000000000004,5.800000000000001,8.3,177
2015,2,11,16,30,11.9,63.660000000000004,5.2,8.6,73
2015,2,11,17,30,9.8,67.32000000000001,4,8.4,6
2015,2,11,18,30,8.5,66.07000000000001,2.5,8.1,0
2015,2,11,19,30,7.4,65.5,1.4000000000000001,7.800000000000001,0
2015,2,11,20,30,6.5,66.3,0.7000000000000001,7.1000000000000005,0
2015,2,11,21,30,5.800000000000001,67.64,0.30000000000000004,6.300000000000001,0
2015,2,11,22,30,5.2,69.22,0,5.7,0
2015,2,11,23,30,4.6000000000000005,70.58,-0.30000000000000004,5.5,0
2015,2,12,0,30,4.1000000000000005,70.52,-0.8,5.300000000000001,0
2015,2,12,1,30,3.8000000000000003,68.46000000000001,-1.5,5.2,0
2015,2,12,2,30,3.6,64.96000000000001,-2.4000000000000004,5.300000000000001,0
2015,2,12,3,30,3.3000000000000003,61.89,-3.3000000000000003,4.800000000000001,0
2015,2,12,4,30,3.1,60.25,-3.9000000000000004,4.2,0
2015,2,12,5,30,2.9000000000000004,59.800000000000004,-4.2,3.7,0
2015,2,12,6,30,2.8000000000000003,58.86,-4.5,3.3000000000000003,0
2015,2,12,7,30,3.1,55.88,-4.9,3.4000000000000004,0
2015,2,12,8,30,4.3,48.730000000000004,-5.6000000000000005,3.8000000000000003,77
2015,2,12,9,30,5.7,39.44,-7.1000000000000005,3.8000000000000003,220
2015,2,12,10,30,7.6000000000000005,32.01,-8.1,3.7,195
2015,2,12,11,30,9.700000000000001,26.84,-8.5,3.6,266
2015,2,12,12,30,11.5,23.830000000000002,-8.5,3.3000000000000003,186
2015,2,12,13,30,12.700000000000001,22.97,-7.9,2.8000000000000003,455
2015,2,12,14,30,13.200000000000001,23.85,-7,2.4000000000000004,694
2015,2,12,15,30,13,25.8,-6.2,2,256
2015,2,12,16,30,11.9,28.92,-5.6000000000000005,1.5,207
2015,2,12,17,30,9.5,42.410000000000004,-2.7,1.1,42
2015,2,12,18,30,7.300000000000001,51.78,-2,1.1,0
2015,2,12,19,30,6,54.51,-2.5,1.1,0
2015,2,12,20,30,5.1000000000000005,56.84,-2.8000000000000003,1.2000000000000002,0
2015,2,12,21,30,4.4,58.42,-3.1,1.3,0
2015,2,12,22,30,3.9000000000000004,59.67,-3.2,1.6,0
2015,2,12,23,30,3.6,60.71,-3.3000000000000003,2,0
2015,2,13,0,30,3.2,63.59,-3,2.2,0
2015,2,13,1,30,2.8000000000000003,67.96000000000001,-2.5,2.1,0
2015,2,13,2,30,2.5,72.25,-2,2,0
2015,2,13,3,30,2.2,76.42,-1.5,1.9000000000000001,0
2015,2,13,4,30,2,80.09,-1.1,1.8,0
2015,2,13,5,30,2,82.49,-0.7000000000000001,1.9000000000000001,0
2015,2,13,6,30,2.2,83.59,-0.30000000000000004,2.3000000000000003,0
2015,2,13,7,30,4,75.82000000000001,0.1,3.4000000000000004,0
2015,2,13,8,30,7.300000000000001,63.04,0.7000000000000001,4.3,152
2015,2,13,9,30,10.9,54.43,2.1,4.7,360
2015,2,13,10,30,13.8,50.300000000000004,3.6,4.6000000000000005,544
2015,2,13,11,30,16.1,46.86,4.7,4.1000000000000005,680
2015,2,13,12,30,18,43.51,5.4,3.5,751
2015,2,13,13,30,19.3,40.480000000000004,5.5,2.8000000000000003,755
2015,2,13,14,30,19.900000000000002,38.17,5.2,2.1,692
2015,2,13,15,30,19.900000000000002,36.82,4.7,1.4000000000000001,566
2015,2,13,16,30,19,37.52,4.2,0.6000000000000001,387
2015,2,13,17,30,17,47.46,5.7,0.6000000000000001,177
2015,2,13,18,30,14.5,49.79,4.1000000000000005,1.2000000000000002,0
2015,2,13,19,30,12.4,57.6,4.3,1.4000000000000001,0
2015,2,13,20,30,10.9,64.92,4.6000000000000005,1.5,0
2015,2,13,21,30,9.8,72,5,1.5,0
2015,2,13,22,30,9,79.11,5.6000000000000005,1.6,0
2015,2,13,23,30,8.200000000000001,86.29,6,1.7000000000000002,0
2015,2,14,0,30,7.4,92.96000000000001,6.300000000000001,1.9000000000000001,0
2015,2,14,1,30,6.800000000000001,97.86,6.5,2.1,0
2015,2,14,2,30,6.2,100,6.2,2.1,0
2015,2,14,3,30,5.6000000000000005,100,5.6000000000000005,1.9000000000000001,0
2015,2,14,4,30,5.2,100,5.2,1.7000000000000002,0
2015,2,14,5,30,4.9,100,4.9,1.6,0
2015,2,14,6,30,4.9,100,4.9,1.5,0
2015,2,14,7,30,7.1000000000000005,97.88,6.800000000000001,1.9000000000000001,0
2015,2,14,8,30,10.700000000000001,77.3,6.9,2.1,163
2015,2,14,9,30,14.8,60.4,7.2,1.8,375
2015,2,14,10,30,18.5,46.49,6.800000000000001,2.1,561
2015,2,14,11,30,20.5,38.5,5.9,2.9000000000000004,697
2015,2,14,12,30,21.5,35.04,5.4,3.4000000000000004,770
2015,2,14,13,30,22.1,33.22,5.2,3.4000000000000004,705
2015,2,14,14,30,22.200000000000003,32.730000000000004,5,3.4000000000000004,596
2015,2,14,15,30,21.8,33.31,4.9,3.4000000000000004,575
2015,2,14,16,30,20.200000000000003,36.56,4.9,2.7,392
2015,2,14,17,30,16.8,51.53,6.800000000000001,1.8,181
2015,2,14,18,30,14.100000000000001,59.19,6.300000000000001,1.8,0
2015,2,14,19,30,13.5,60.83,6.1000000000000005,2.2,0
2015,2,14,20,30,13.5,62.6,6.5,2.9000000000000004,0
2015,2,14,21,30,13.3,66.87,7.300000000000001,3.7,0
2015,2,14,22,30,12.8,73.68,8.200000000000001,4.2,0
2015,2,14,23,30,12.4,80.68,9.200000000000001,4.4,0
2015,2,15,0,30,12,87.18,9.9,4.3,0
2015,2,15,1,30,11.5,93.03,10.4,4.2,0
2015,2,15,2,30,10.8,99.07000000000001,10.700000000000001,4,0
2015,2,15,3,30,10.4,100,10.4,3.9000000000000004,0
2015,2,15,4,30,10.3,100,10.3,3.9000000000000004,0
2015,2,15,5,30,10.100000000000001,100,10.100000000000001,3.5,0
2015,2,15,6,30,9.9,100,9.9,3.3000000000000003,0
2015,2,15,7,30,10.700000000000001,94.46000000000001,9.8,3.7,0
2015,2,15,8,30,13.200000000000001,81.01,10,4.2,55
2015,2,15,9,30,16.7,65.48,10.200000000000001,4.800000000000001,347
2015,2,15,10,30,20,53.300000000000004,10.200000000000001,5.4,366
2015,2,15,11,30,22.1,47.18,10.3,5.4,658
2015,2,15,12,30,23.400000000000002,43.77,10.4,5.5,739
2015,2,15,13,30,23.900000000000002,42.44,10.4,5.5,741
2015,2,15,14,30,24,41.83,10.200000000000001,5.4,675
2015,2,15,15,30,23.6,42.49,10.100000000000001,4.9,550
2015,2,15,16,30,22.400000000000002,45.44,10,3.5,373
2015,2,15,17,30,19.8,56.71,11,2.2,171
2015,2,15,18,30,17.6,63.53,10.600000000000001,2.2,0
2015,2,15,19,30,16.900000000000002,65.27,10.3,2.6,0
2015,2,15,20,30,16.3,67.52,10.3,3,0
2015,2,15,21,30,15.4,71.31,10.200000000000001,3.1,0
2015,2,15,22,30,14,77.98,10.200000000000001,2,0
2015,2,15,23,30,11.9,89.3,10.200000000000001,1.6,0
2015,2,16,0,30,9.3,100,9.3,3.6,0
2015,2,16,1,30,6.5,100,6.5,6,0
2015,2,16,2,30,3.5,100,3.5,7.2,0
2015,2,16,3,30,1.2000000000000002,87.66,-0.6000000000000001,7.2,0
2015,2,16,4,30,0.1,72.42,-4.3,6.7,0
2015,2,16,5,30,0,65.31,-5.7,6.2,0
2015,2,16,6,30,0.2,61.45,-6.300000000000001,6.1000000000000005,0
2015,2,16,7,30,0.6000000000000001,57.64,-6.800000000000001,6,0
2015,2,16,8,30,1.4000000000000001,52.57,-7.300000000000001,5.800000000000001,68
2015,2,16,9,30,2.4000000000000004,48.38,-7.4,5.4,296
2015,2,16,10,30,3.6,45.51,-7.1000000000000005,5.1000000000000005,328
2015,2,16,11,30,4.9,43.21,-6.6000000000000005,4.7,632
2015,2,16,12,30,6.5,40.800000000000004,-5.9,4.5,797
2015,2,16,13,30,7.9,39.12,-5.2,4.2,622
2015,2,16,14,30,8.9,37.980000000000004,-4.7,3.9000000000000004,733
2015,2,16,15,30,9.1,37.97,-4.5,3.7,571
2015,2,16,16,30,8.4,39.730000000000004,-4.5,3.2,413
2015,2,16,17,30,6.2,46.59,-4.4,2.2,193
2015,2,16,18,30,4,58.82,-3.3000000000000003,1.8,0
2015,2,16,19,30,3.3000000000000003,58.34,-4.1000000000000005,2.7,0
2015,2,16,20,30,2.6,58.42,-4.7,3.3000000000000003,0
2015,2,16,21,30,1.6,61.46,-5,3.1,0
2015,2,16,22,30,0.7000000000000001,64.95,-5.1000000000000005,2.5,0
2015,2,16,23,30,0.2,67.04,-5.2,1.9000000000000001,0
2015,2,17,0,30,0.2,67.88,-5,1.7000000000000002,0
2015,2,17,1,30,0.30000000000000004,68.44,-4.800000000000001,1.5,0
2015,2,17,2,30,0.1,70.63,-4.6000000000000005,1.2000000000000002,0
2015,2,17,3,30,-0.1,72.71000000000001,-4.4,1.3,0
2015,2,17,4,30,-0.4,74.46000000000001,-4.4,1.8,0
2015,2,17,5,30,-0.7000000000000001,76.99,-4.2,2.1,0
2015,2,17,6,30,-0.9,79.24,-4,2,0
2015,2,17,7,30,0.2,73.47,-4,2.2,0
2015,2,17,8,30,2.4000000000000004,63.410000000000004,-3.8000000000000003,2.2,31
2015,2,17,9,30,4.7,51.08,-4.6000000000000005,1.4000000000000001,138
2015,2,17,10,30,6.5,43.62,-5,1.1,248
2015,2,17,11,30,8,40.42,-4.7,1.7000000000000002,723
2015,2,17,12,30,9.200000000000001,38.7,-4.2,2.5,513
2015,2,17,13,30,10.100000000000001,37.44,-3.8000000000000003,3.2,385
2015,2,17,14,30,10.600000000000001,36.39,-3.7,3.6,212
2015,2,17,15,30,10.4,36.56,-3.8000000000000003,3.7,438
2015,2,17,16,30,9.600000000000001,38.01,-4,3,265
2015,2,17,17,30,7.6000000000000005,46.29,-3.2,1.7000000000000002,133
2015,2,17,18,30,6.300000000000001,53.67,-2.4000000000000004,0.8,0
2015,2,17,19,30,6.1000000000000005,49.550000000000004,-3.7,0.5,0
2015,2,17,20,30,4.6000000000000005,54.480000000000004,-3.8000000000000003,0.9,0
2015,2,17,21,30,2.7,62.370000000000005,-3.8000000000000003,1.3,0
2015,2,17,22,30,1.6,66.68,-3.9000000000000004,1.6,0
2015,2,17,23,30,1.1,67.99,-4.2,1.7000000000000002,0
2015,2,18,0,30,0.5,69.64,-4.4,1.6,0
2015,2,18,1,30,-0.1,71.4,-4.7,1.5,0
2015,2,18,2,30,-0.6000000000000001,73.21000000000001,-4.800000000000001,1.5,0
2015,2,18,3,30,-0.9,75.07000000000001,-4.800000000000001,1.8,0
2015,2,18,4,30,-1.1,77.4,-4.6000000000000005,2.1,0
2015,2,18,5,30,-1.2000000000000002,79.66,-4.3,2.5,0
2015,2,18,6,30,-1.2000000000000002,81.51,-4,2.7,0
2015,2,18,7,30,0.4,74.06,-3.7,3.4000000000000004,0
2015,2,18,8,30,3.7,61.11,-3.1,3.8000000000000003,185
2015,2,18,9,30,7.6000000000000005,48.92,-2.5,4.3,404
2015,2,18,10,30,11.4,37.77,-2.5,4.800000000000001,595
2015,2,18,11,30,14.5,30.37,-2.7,4.3,733
2015,2,18,12,30,16.900000000000002,25.17,-3.2,3.7,807
2015,2,18,13,30,18.5,21.43,-4,3.2,810
2015,2,18,14,30,19.200000000000003,19.57,-4.6000000000000005,2.6,746
2015,2,18,15,30,19,19.240000000000002,-5,2,612
2015,2,18,16,30,17.400000000000002,21.27,-5,1.3,424
2015,2,18,17,30,13.8,42.230000000000004,1.2000000000000002,1.2000000000000002,205
2015,2,18,18,30,10.5,43.44,-1.4000000000000001,1.7000000000000002,0
2015,2,18,19,30,8.8,48.08,-1.6,1.9000000000000001,0
2015,2,18,20,30,7.6000000000000005,52.28,-1.6,2,0
2015,2,18,21,30,6.5,57.64,-1.3,2,0
2015,2,18,22,30,5.2,64.98,-0.9,1.8,0
2015,2,18,23,30,4.1000000000000005,72.76,-0.4,1.7000000000000002,0
2015,2,19,0,30,3.2,80.31,0.1,1.7000000000000002,0
2015,2,19,1,30,2.6,86.22,0.5,1.8,0
2015,2,19,2,30,2.4000000000000004,89.47,0.8,2,0
2015,2,19,3,30,2.6,90.04,1.1,2.2,0
2015,2,19,4,30,2.8000000000000003,90.02,1.3,2.3000000000000003,0
2015,2,19,5,30,2.8000000000000003,90.28,1.4000000000000001,2.7,0
2015,2,19,6,30,2.8000000000000003,89.83,1.3,3.1,0
2015,2,19,7,30,4.1000000000000005,81.34,1.2000000000000002,4,0
2015,2,19,8,30,7.2,66.54,1.4000000000000001,5.5,187
2015,2,19,9,30,10.700000000000001,54.58,1.9000000000000001,6.300000000000001,406
2015,2,19,10,30,14,45.84,2.5,6.5,595
2015,2,19,11,30,16.8,39.36,2.9000000000000004,6.5,730
2015,2,19,12,30,19.200000000000003,33.99,2.9000000000000004,6.4,803
2015,2,19,13,30,21,29.52,2.5,6.1000000000000005,803
2015,2,19,14,30,22.1,26.51,2,5.4,735
2015,2,19,15,30,22.3,25.21,1.4000000000000001,4.5,602
2015,2,19,16,30,20.6,27.63,1.3,2.8000000000000003,418
2015,2,19,17,30,16.900000000000002,45.69,5.1000000000000005,1.7000000000000002,203
2015,2,19,18,30,14,47.72,3.1,2,15
2015,2,19,19,30,12.700000000000001,51.7,3,2.5,0
2015,2,19,20,30,11.600000000000001,58.19,3.7,3.3000000000000003,0
2015,2,19,21,30,10.5,66.03,4.4,4.6000000000000005,0
2015,2,19,22,30,9.4,74.32000000000001,5.1000000000000005,5.4,0
2015,2,19,23,30,8.5,82.10000000000001,5.6000000000000005,5.5,0
2015,2,20,0,30,7.800000000000001,88.39,6,5.2,0
2015,2,20,1,30,7,94.16,6.1000000000000005,4.6000000000000005,0
2015,2,20,2,30,6.4,97.37,6,4.1000000000000005,0
2015,2,20,3,30,6.1000000000000005,96.66,5.6000000000000005,3.7,0
2015,2,20,4,30,5.7,94.85000000000001,4.9,2.9000000000000004,0
2015,2,20,5,30,5.1000000000000005,95.01,4.4,2.3000000000000003,0
2015,2,20,6,30,5,92.85000000000001,3.9000000000000004,2.5,0
2015,2,20,7,30,6.9,78.19,3.4000000000000004,3.5,0
2015,2,20,8,30,10.5,58.13,2.6,4.3,193
2015,2,20,9,30,14.700000000000001,41.83,1.9000000000000001,4.4,412
2015,2,20,10,30,19.3,29.43,1,4.800000000000001,602
2015,2,20,11,30,23.3,20.93,-0.30000000000000004,5.300000000000001,740
2015,2,20,12,30,25.6,16.29,-1.8,5.7,695
2015,2,20,13,30,26.5,14.94,-2.3000000000000003,5.9,667
2015,2,20,14,30,26.5,14.6,-2.6,6.1000000000000005,645
2015,2,20,15,30,25.8,14.81,-3,5.800000000000001,441
2015,2,20,16,30,23.6,17.72,-2.3000000000000003,4.5,330
2015,2,20,17,30,20.1,26.61,0.30000000000000004,3.4000000000000004,72
2015,2,20,18,30,17.8,31.19,0.5,3.6,7
2015,2,20,19,30,17,31.01,-0.30000000000000004,4.4,0
2015,2,20,20,30,16.400000000000002,31.310000000000002,-0.6000000000000001,5,0
2015,2,20,21,30,15.5,33.62,-0.5,5,0
2015,2,20,22,30,14.700000000000001,36.18,-0.2,4.9,0
2015,2,20,23,30,13.9,38.83,0.1,4.800000000000001,0
2015,2,21,0,30,13.4,40.61,0.30000000000000004,4.7,0
2015,2,21,1,30,12.9,41.97,0.30000000000000004,4.6000000000000005,0
2015,2,21,2,30,12.200000000000001,44.300000000000004,0.4,4.1000000000000005,0
2015,2,21,3,30,11,48.99,0.7000000000000001,3.9000000000000004,0
2015,2,21,4,30,9.3,57.54,1.3,4.3,0
2015,2,21,5,30,7.7,68.63,2.3000000000000003,4.6000000000000005,0
2015,2,21,6,30,6.800000000000001,78.33,3.3000000000000003,4.4,0
2015,2,21,7,30,7.2,78.44,3.7,4.6000000000000005,0
2015,2,21,8,30,8.700000000000001,69.56,3.4000000000000004,4.800000000000001,141
2015,2,21,9,30,10.8,57.68,2.8000000000000003,4.4,401
2015,2,21,10,30,12.9,48.94,2.4000000000000004,3.5,591
2015,2,21,11,30,14.700000000000001,43.410000000000004,2.4000000000000004,2.4000000000000004,732
2015,2,21,12,30,16.3,39.61,2.5,1.2000000000000002,807
2015,2,21,13,30,17.6,36.79,2.7,0.7000000000000001,810
2015,2,21,14,30,18.7,33.71,2.4000000000000004,0.9,741
2015,2,21,15,30,19,31.86,1.9000000000000001,1,607
2015,2,21,16,30,18.1,32.980000000000004,1.6,0.8,399
2015,2,21,17,30,15.9,46.84,4.5,1,129
2015,2,21,18,30,13.8,52.56,4.3,2.1,9
2015,2,21,19,30,12.700000000000001,52.1,3.1,3.4000000000000004,0
2015,2,21,20,30,11.5,56.19,3.1,4,0
2015,2,21,21,30,10.200000000000001,62.43,3.3000000000000003,4.1000000000000005,0
2015,2,21,22,30,9.3,67.11,3.5,3.9000000000000004,0
2015,2,21,23,30,8.700000000000001,70.7,3.7,3.7,0
2015,2,22,0,30,8.5,72.44,3.8000000000000003,3.6,0
2015,2,22,1,30,8.4,73.54,3.9000000000000004,3.6,0
2015,2,22,2,30,8.3,74.78,4.1000000000000005,3.3000000000000003,0
2015,2,22,3,30,8.200000000000001,76.8,4.4,3,0
2015,2,22,4,30,8,79.95,4.800000000000001,2.8000000000000003,0
2015,2,22,5,30,7.9,82.69,5.1000000000000005,2.6,0
2015,2,22,6,30,7.800000000000001,85.10000000000001,5.5,2.6,0
2015,2,22,7,30,7.800000000000001,86.11,5.6000000000000005,3.1,0
2015,2,22,8,30,8.200000000000001,83.59,5.6000000000000005,4.4,14
2015,2,22,9,30,8.4,82.03,5.5,5.7,11
2015,2,22,10,30,7.9,81.84,5,6.4,13
2015,2,22,11,30,6.9,82.06,4,6.4,37
2015,2,22,12,30,6,80.66,2.9000000000000004,6.300000000000001,44
2015,2,22,13,30,5.300000000000001,78.54,1.9000000000000001,6.4,66
2015,2,22,14,30,4.800000000000001,75.91,0.9,6.7,391
2015,2,22,15,30,4.1000000000000005,73.63,-0.2,6.9,42
2015,2,22,16,30,2.9000000000000004,73.11,-1.4000000000000001,6.800000000000001,72
2015,2,22,17,30,1.4000000000000001,73.88,-2.8000000000000003,6.7,8
2015,2,22,18,30,-0.2,75.61,-4,6.800000000000001,15
2015,2,22,19,30,-1.4000000000000001,76,-5.1000000000000005,6.800000000000001,0
2015,2,22,20,30,-2.4000000000000004,75.89,-6.1000000000000005,6.800000000000001,0
2015,2,22,21,30,-3.1,74.93,-6.9,6.800000000000001,0
2015,2,22,22,30,-3.7,74.02,-7.7,6.7,0
2015,2,22,23,30,-4.3,73.38,-8.3,6.4,0
2015,2,23,0,30,-4.7,72.62,-8.9,6.1000000000000005,0
2015,2,23,1,30,-5.2,73.28,-9.200000000000001,5.7,0
2015,2,23,2,30,-5.5,73.11,-9.600000000000001,5.4,0
2015,2,23,3,30,-5.7,72.14,-9.9,5.300000000000001,0
2015,2,23,4,30,-5.9,71.48,-10.200000000000001,5.300000000000001,0
2015,2,23,5,30,-6,70.65,-10.5,5.300000000000001,0
2015,2,23,6,30,-6.1000000000000005,70.01,-10.700000000000001,5.2,0
2015,2,23,7,30,-5.9,68.04,-10.9,5.1000000000000005,13
2015,2,23,8,30,-5.6000000000000005,65.96000000000001,-11,5,190
2015,2,23,9,30,-5,62.800000000000004,-11,4.800000000000001,17
2015,2,23,10,30,-4.2,59.53,-10.9,4.4,363
2015,2,23,11,30,-3.2,56.42,-10.600000000000001,4,409
2015,2,23,12,30,-2.1,53.76,-10.200000000000001,3.7,805
2015,2,23,13,30,-1.3,52.660000000000004,-9.700000000000001,3.5,195
2015,2,23,14,30,-1,53.18,-9.3,3.2,138
2015,2,23,15,30,-1.1,54.77,-9.1,2.6,200
2015,2,23,16,30,-1.5,57.18,-8.9,2.1,134
2015,2,23,17,30,-2.4000000000000004,61.480000000000004,-8.8,1.7000000000000002,208
2015,2,23,18,30,-3.3000000000000003,65.39,-8.9,1.7000000000000002,6
2015,2,23,19,30,-4,68.64,-8.9,1.9000000000000001,0
2015,2,23,20,30,-4.5,70.87,-9,2,0
2015,2,23,21,30,-4.7,71.60000000000001,-9,1.8,0
2015,2,23,22,30,-4.800000000000001,71.88,-9.1,1.2000000000000002,0
2015,2,23,23,30,-4.800000000000001,71.64,-9.1,0.6000000000000001,0
2015,2,24,0,30,-4.7,71.21000000000001,-9.1,0.4,0
2015,2,24,1,30,-4.6000000000000005,71.22,-9,0.7000000000000001,0
2015,2,24,2,30,-4.5,71.22,-8.9,1,0
2015,2,24,3,30,-4.5,72.09,-8.8,1,0
2015,2,24,4,30,-4.5,73.05,-8.6,0.9,0
2015,2,24,5,30,-4.5,73.95,-8.4,0.9,0
2015,2,24,6,30,-4.4,74.55,-8.200000000000001,1,0
2015,2,24,7,30,-3.9000000000000004,73.04,-8,1.3,2
2015,2,24,8,30,-3,70.11,-7.7,1.4000000000000001,56
2015,2,24,9,30,-1.7000000000000002,65.97,-7.2,1.4000000000000001,235
2015,2,24,10,30,-0.30000000000000004,62.26,-6.6000000000000005,1.2000000000000002,363
2015,2,24,11,30,1.1,59.33,-6,1.1,472
2015,2,24,12,30,2.2,58.660000000000004,-5.1000000000000005,1.1,448
2015,2,24,13,30,2.7,59.15,-4.5,0.8,538
2015,2,24,14,30,3,59.52,-4.1000000000000005,0.5,561
2015,2,24,15,30,3.2,59.58,-3.9000000000000004,0.4,611
2015,2,24,16,30,3.3000000000000003,59.78,-3.8000000000000003,0.6000000000000001,263
2015,2,24,17,30,2.8000000000000003,62.26,-3.7,0.7000000000000001,52
2015,2,24,18,30,1.9000000000000001,68.56,-3.3000000000000003,0.8,5
2015,2,24,19,30,1.3,71.02,-3.4000000000000004,0.9,0
2015,2,24,20,30,0.9,72.48,-3.5,0.9,0
2015,2,24,21,30,0.5,74.41,-3.5,0.8,0
2015,2,24,22,30,0.30000000000000004,75.99,-3.4000000000000004,0.7000000000000001,0
2015,2,24,23,30,0.1,77.32000000000001,-3.4000000000000004,0.7000000000000001,0
2015,2,25,0,30,-0.1,80.73,-3,1.5,0
2015,2,25,1,30,-0.30000000000000004,84.91,-2.5,2.6,0
2015,2,25,2,30,-0.30000000000000004,86.47,-2.3000000000000003,3.2,0
2015,2,25,3,30,-0.30000000000000004,85.37,-2.5,3.3000000000000003,0
2015,2,25,4,30,-1,86.39,-3,2.7,0
2015,2,25,5,30,-2.2,87.14,-4,2.3000000000000003,0
2015,2,25,6,30,-2.3000000000000003,80.96000000000001,-5.1000000000000005,3,0
2015,2,25,7,30,-0.5,67.94,-5.7,3.9000000000000004,19
2015,2,25,8,30,3,55.25,-5.1000000000000005,4.3,216
2015,2,25,9,30,7.300000000000001,43.67,-4.3,4.9,444
2015,2,25,10,30,10.9,35.13,-3.9000000000000004,5.5,637
2015,2,25,11,30,13.3,31.650000000000002,-3.2,5.5,772
2015,2,25,12,30,15.100000000000001,29.59,-2.5,5.5,847
2015,2,25,13,30,16.400000000000002,27.95,-2.2,5.1000000000000005,844
2015,2,25,14,30,17.2,26.400000000000002,-2.3000000000000003,4.6000000000000005,774
2015,2,25,15,30,17.400000000000002,25.400000000000002,-2.6,4.1000000000000005,637
2015,2,25,16,30,16.2,26.41,-3.1,2.7,447
2015,2,25,17,30,13.200000000000001,42.410000000000004,0.7000000000000001,1.4000000000000001,225
2015,2,25,18,30,11.100000000000001,42.44,-1.2000000000000002,1,24
2015,2,25,19,30,10.600000000000001,40.18,-2.4000000000000004,0.8,0
2015,2,25,20,30,10,40.57,-2.8000000000000003,0.7000000000000001,0
2015,2,25,21,30,8.9,43.15,-3,1,0
2015,2,25,22,30,7.2,48.120000000000005,-3.1,1.5,0
2015,2,25,23,30,5.5,54.54,-2.9000000000000004,2.3000000000000003,0
2015,2,26,0,30,4.4,60.49,-2.6,3.3000000000000003,0
2015,2,26,1,30,4,66.29,-1.7000000000000002,4.7,0
2015,2,26,2,30,3.5,76.28,-0.30000000000000004,5.9,0
2015,2,26,3,30,2.8000000000000003,87.55,0.9,6.7,0
2015,2,26,4,30,1.9000000000000001,91.47,0.7000000000000001,7.1000000000000005,0
2015,2,26,5,30,0.6000000000000001,90.83,-0.7000000000000001,7.1000000000000005,0
2015,2,26,6,30,-0.4,85.25,-2.6,6.9,0
2015,2,26,7,30,-0.4,77.02,-3.9000000000000004,7.300000000000001,3
2015,2,26,8,30,0.5,67.51,-4.800000000000001,7.800000000000001,11
2015,2,26,9,30,1.2000000000000002,62.52,-5.2,7.6000000000000005,41
2015,2,26,10,30,1.9000000000000001,58.36,-5.4,7,111
2015,2,26,11,30,2.6,54.58,-5.6000000000000005,6.300000000000001,308
2015,2,26,12,30,3.1,51.88,-5.800000000000001,5.800000000000001,340
2015,2,26,13,30,3.4000000000000004,50.07,-6,5.6000000000000005,447
2015,2,26,14,30,3.5,48.97,-6.2,5.4,80
2015,2,26,15,30,3.1,49.39,-6.5,5.1000000000000005,192
2015,2,26,16,30,2.2,51.29,-6.800000000000001,4.9,112
2015,2,26,17,30,0.8,54.59,-7.300000000000001,4.6000000000000005,82
2015,2,26,18,30,-0.7000000000000001,58.06,-7.9,4.5,10
2015,2,26,19,30,-2,60.02,-8.700000000000001,4.6000000000000005,0
2015,2,26,20,30,-3,59.72,-9.700000000000001,5,0
2015,2,26,21,30,-3.3000000000000003,56.57,-10.700000000000001,5.4,0
2015,2,26,22,30,-3.5,54.2,-11.4,5.2,0
2015,2,26,23,30,-3.7,53.1,-11.9,5,0
2015,2,27,0,30,-3.9000000000000004,53.120000000000005,-12.100000000000001,4.800000000000001,0
2015,2,27,1,30,-4.2,54.11,-12.100000000000001,4.3,0
2015,2,27,2,30,-4.5,55.480000000000004,-12.100000000000001,3.8000000000000003,0
2015,2,27,3,30,-4.7,57.58,-11.8,3.9000000000000004,0
2015,2,27,4,30,-5.1000000000000005,62,-11.3,4,0
2015,2,27,5,30,-5.4,65.86,-10.8,4,0
2015,2,27,6,30,-5.6000000000000005,68.52,-10.5,4,0
2015,2,27,7,30,-5.4,68.76,-10.200000000000001,4.1000000000000005,5
2015,2,27,8,30,-4.7,66.64,-10,4,200
2015,2,27,9,30,-3.7,63.57,-9.600000000000001,3.8000000000000003,62
2015,2,27,10,30,-2.7,61.28,-9.1,3.5,110
2015,2,27,11,30,-1.6,59,-8.6,3.3000000000000003,190
2015,2,27,12,30,-0.6000000000000001,57.69,-7.9,3.2,180
2015,2,27,13,30,0.30000000000000004,56.71,-7.300000000000001,3.1,189
2015,2,27,14,30,0.8,57.34,-6.7,3,145
2015,2,27,15,30,0.8,59.26,-6.300000000000001,2.7,115
2015,2,27,16,30,0.2,63.13,-6,2.5,24
2015,2,27,17,30,-1,69.39,-5.9,2.7,8
2015,2,27,18,30,-2.5,76.45,-6.1000000000000005,3.1,9
2015,2,27,19,30,-3.8000000000000003,82.26,-6.4,3.8000000000000003,0
2015,2,27,20,30,-4.7,84.91,-6.9,4.2,0
2015,2,27,21,30,-5.300000000000001,85.15,-7.4,4.3,0
2015,2,27,22,30,-5.6000000000000005,84.45,-7.800000000000001,4,0
2015,2,27,23,30,-5.800000000000001,83.75,-8.1,3.7,0
2015,2,28,0,30,-5.9,82.98,-8.3,3.4000000000000004,0
2015,2,28,1,30,-6,82.92,-8.4,3.2,0
2015,2,28,2,30,-5.9,82.35000000000001,-8.4,2.9000000000000004,0
2015,2,28,3,30,-5.800000000000001,82.35000000000001,-8.3,2.7,0
2015,2,28,4,30,-5.6000000000000005,82.19,-8.200000000000001,2.7,0
2015,2,28,5,30,-5.4,82.67,-7.9,2.5,0
2015,2,28,6,30,-5.1000000000000005,82.91,-7.6000000000000005,2.5,0
2015,2,28,7,30,-4.2,79.87,-7.2,2.7,21
2015,2,28,8,30,-2.7,75.10000000000001,-6.5,3,208
2015,2,28,9,30,-0.8,70.34,-5.5,3.4000000000000004,426
2015,2,28,10,30,1.4000000000000001,65.93,-4.3,3.8000000000000003,137
2015,2,28,11,30,3.5,62.9,-2.9000000000000004,4.1000000000000005,212
2015,2,28,12,30,5.6000000000000005,58.97,-1.8,4.3,198
2015,2,28,13,30,7.300000000000001,56.21,-0.9,4.4,242
2015,2,28,14,30,8.200000000000001,55.67,-0.1,4.4,207
2015,2,28,15,30,8.1,57.660000000000004,0.2,4.2,631
2015,2,28,16,30,7,62.800000000000004,0.4,3.9000000000000004,444
2015,2,28,17,30,4.4,75.47,0.4,3,224
2015,2,28,18,30,1.8,90.72,0.4,2.6,28
2015,2,28,19,30,1,97.15,0.6000000000000001,3.3000000000000003,0
2015,2,28,20,30,0.9,96.15,0.4,3.9000000000000004,0
2015,2,28,21,30,1,95.01,0.30000000000000004,3.8000000000000003,0
2015,2,28,22,30,1.1,95.68,0.5,3.5,0
2015,2,28,23,30,1.2000000000000002,95.78,0.6000000000000001,2.8000000000000003,0
2015,3,1,0,30,1.2000000000000002,96.57000000000001,0.7000000000000001,2,0
2015,3,1,1,30,1.2000000000000002,96.66,0.7000000000000001,1.5,0
2015,3,1,2,30,1.1,96.93,0.7000000000000001,1.3,0
2015,3,1,3,30,1,96.73,0.5,1.5,0
2015,3,1,4,30,0.9,96.43,0.4,1.6,0
2015,3,1,5,30,0.7000000000000001,96.75,0.2,1.8,0
2015,3,1,6,30,0.6000000000000001,96.19,0.1,1.9000000000000001,0
2015,3,1,7,30,0.9,93.03,-0.1,2,6
2015,3,1,8,30,1.5,88.79,-0.1,1.9000000000000001,15
2015,3,1,9,30,2.2,84.76,-0.1,1.7000000000000002,73
2015,3,1,10,30,3,80.43,0,1.5,195
2015,3,1,11,30,4.1000000000000005,74.95,0.1,1.6,322
2015,3,1,12,30,5.4,69.52,0.30000000000000004,1.9000000000000001,300
2015,3,1,13,30,6.5,65.04,0.4,2.3000000000000003,236
2015,3,1,14,30,7.2,62.39,0.5,2.7,261
2015,3,1,15,30,7.2,61.88,0.4,3.1,163
2015,3,1,16,30,6.2,65.19,0.1,3.4000000000000004,101
2015,3,1,17,30,4.5,71.35000000000001,-0.2,3.5,158
2015,3,1,18,30,2.8000000000000003,77.98,-0.7000000000000001,3.7,19
2015,3,1,19,30,1.5,83.2,-1,4.1000000000000005,0
2015,3,1,20,30,0.6000000000000001,86.09,-1.5,4.4,0
2015,3,1,21,30,-0.1,87.59,-1.9000000000000001,4.7,0
2015,3,1,22,30,-0.7000000000000001,88.08,-2.4000000000000004,4.800000000000001,0
2015,3,1,23,30,-1.2000000000000002,87.9,-2.9000000000000004,4.800000000000001,0
2015,3,2,0,30,-1.6,87.62,-3.4000000000000004,4.6000000000000005,0
2015,3,2,1,30,-1.8,86.68,-3.7,4.4,0
2015,3,2,2,30,-1.9000000000000001,85.41,-4,4.2,0
2015,3,2,3,30,-1.8,83.25,-4.3,4,0
2015,3,2,4,30,-1.7000000000000002,81.92,-4.4,3.8000000000000003,0
2015,3,2,5,30,-1.6,81.18,-4.4,3.6,0
2015,3,2,6,30,-1.4000000000000001,79.95,-4.4,3.5,0
2015,3,2,7,30,-1.2000000000000002,78.74,-4.4,3.6,7
2015,3,2,8,30,-0.6000000000000001,75.38,-4.4,3.6,115
2015,3,2,9,30,0.2,72.03,-4.2,3.1,59
2015,3,2,10,30,1.2000000000000002,69.01,-3.9000000000000004,2.6,86
2015,3,2,11,30,2.5,65.28,-3.4000000000000004,2.2,160
2015,3,2,12,30,4,62.32,-2.6,1.9000000000000001,162
2015,3,2,13,30,5.5,60.15,-1.6,1.8,213
2015,3,2,14,30,6.800000000000001,58.910000000000004,-0.7000000000000001,2,196
2015,3,2,15,30,7.6000000000000005,60.870000000000005,0.5,2.3000000000000003,141
2015,3,2,16,30,7.5,63.93,1.1,2.5,276
2015,3,2,17,30,5.6000000000000005,74.19,1.4000000000000001,1.9000000000000001,37
2015,3,2,18,30,3.5,86.35000000000001,1.4000000000000001,1.3,8
2015,3,2,19,30,2.7,91.25,1.4000000000000001,2.1,0
2015,3,2,20,30,2.4000000000000004,93.09,1.4000000000000001,2.6,0
2015,3,2,21,30,2,95.57000000000001,1.4000000000000001,2.2,0
2015,3,2,22,30,1.9000000000000001,96.16,1.4000000000000001,1.4000000000000001,0
2015,3,2,23,30,2,95.55,1.4000000000000001,1.1,0
2015,3,3,0,30,2.3000000000000003,94.83,1.6,1.5,0
2015,3,3,1,30,2.8000000000000003,94.84,2.1,2.1,0
2015,3,3,2,30,3.4000000000000004,95.39,2.7,2.4000000000000004,0
2015,3,3,3,30,3.9000000000000004,96.93,3.5,2.4000000000000004,0
2015,3,3,4,30,4.3,99.11,4.2,2.3000000000000003,0
2015,3,3,5,30,4.7,100,4.7,2.3000000000000003,0
2015,3,3,6,30,5.2,99.09,5.1000000000000005,2.5,0
2015,3,3,7,30,5.9,96.34,5.4,3.1,7
2015,3,3,8,30,6.9,91.84,5.7,3.6,34
2015,3,3,9,30,8.3,86.09,6.1000000000000005,3.4000000000000004,41
2015,3,3,10,30,10.8,76.05,6.7,3,147
2015,3,3,11,30,13.9,64.61,7.300000000000001,2.8000000000000003,519
2015,3,3,12,30,16.2,56.52,7.5,2.6,608
2015,3,3,13,30,18,50.99,7.7,2.3000000000000003,780
2015,3,3,14,30,19.1,49,8.1,2,512
2015,3,3,15,30,19,50.910000000000004,8.6,1.7000000000000002,253
2015,3,3,16,30,17.7,55.9,8.8,1.3,214
2015,3,3,17,30,15.100000000000001,70.36,9.700000000000001,1.3,193
2015,3,3,18,30,12.5,78.96000000000001,8.9,2.1,31
2015,3,3,19,30,10.8,85.27,8.4,2.9000000000000004,0
2015,3,3,20,30,9.3,92.47,8.1,2.5,0
2015,3,3,21,30,8.3,97.59,7.9,1.7000000000000002,0
2015,3,3,22,30,7.7,100,7.7,1.3,0
2015,3,3,23,30,7.5,100,7.5,1.1,0
2015,3,4,0,30,7.5,100,7.5,0.8,0
2015,3,4,1,30,7.800000000000001,99.27,7.7,0.8,0
2015,3,4,2,30,8,99.66,7.9,1,0
2015,3,4,3,30,7.800000000000001,100,7.800000000000001,1.1,0
2015,3,4,4,30,7.6000000000000005,100,7.6000000000000005,1.2000000000000002,0
2015,3,4,5,30,7.6000000000000005,100,7.6000000000000005,1.3,0
2015,3,4,6,30,7.800000000000001,100,7.800000000000001,1.7000000000000002,0
2015,3,4,7,30,8.6,98.34,8.4,2.3000000000000003,8
2015,3,4,8,30,9.600000000000001,92.67,8.5,2.7,23
2015,3,4,9,30,10.3,89.15,8.6,3.6,103
2015,3,4,10,30,10.700000000000001,86.07000000000001,8.5,4.9,156
2015,3,4,11,30,9.9,86.42,7.7,5.9,28
2015,3,4,12,30,7.9,88.19,6.1000000000000005,6.6000000000000005,178
2015,3,4,13,30,5.4,86.60000000000001,3.3000000000000003,7,101
2015,3,4,14,30,3.8000000000000003,78.46000000000001,0.4,7.2,118
2015,3,4,15,30,2.8000000000000003,73.71000000000001,-1.4000000000000001,7.2,122
2015,3,4,16,30,1.6,75.47,-2.3000000000000003,7.5,268
2015,3,4,17,30,0.1,79.43,-3,7.6000000000000005,62
2015,3,4,18,30,-1.3,80.95,-4.1000000000000005,7.4,8
2015,3,4,19,30,-2.3000000000000003,80.76,-5.2,7.1000000000000005,0
2015,3,4,20,30,-2.8000000000000003,79.03,-5.9,7,0
2015,3,4,21,30,-3.2,77.76,-6.5,6.9,0
2015,3,4,22,30,-3.6,76.67,-7.1000000000000005,6.7,0
2015,3,4,23,30,-4.1000000000000005,76.21000000000001,-7.7,6.4,0
2015,3,5,0,30,-4.6000000000000005,75.82000000000001,-8.200000000000001,5.6000000000000005,0
2015,3,5,1,30,-5.300000000000001,76.87,-8.700000000000001,4.7,0
2015,3,5,2,30,-6,78.02,-9.200000000000001,3.9000000000000004,0
2015,3,5,3,30,-6.4,78.61,-9.5,3.2,0
2015,3,5,4,30,-6.6000000000000005,79.02,-9.600000000000001,2.7,0
2015,3,5,5,30,-6.7,79.27,-9.700000000000001,2.5,0
2015,3,5,6,30,-6.300000000000001,76.55,-9.700000000000001,2.8000000000000003,0
2015,3,5,7,30,-4.4,66.31,-9.700000000000001,3.4000000000000004,9
2015,3,5,8,30,-1.9000000000000001,50.69,-10.8,3.7,255
2015,3,5,9,30,0.1,41.76,-11.4,3.5,488
2015,3,5,10,30,1.8,38.800000000000004,-10.8,3,684
2015,3,5,11,30,3.4000000000000004,36.910000000000004,-10,2.3000000000000003,824
2015,3,5,12,30,4.800000000000001,35.86,-9.1,1.6,898
2015,3,5,13,30,5.800000000000001,34.980000000000004,-8.5,1,898
2015,3,5,14,30,6.4,35.24,-7.9,0.5,825
2015,3,5,15,30,6.6000000000000005,35.57,-7.6000000000000005,0.2,684
2015,3,5,16,30,6.2,36.42,-7.6000000000000005,0.30000000000000004,489
2015,3,5,17,30,4.800000000000001,39.95,-7.7,0.5,263
2015,3,5,18,30,2.9000000000000004,50.17,-6.5,0.8,42
2015,3,5,19,30,1.2000000000000002,54.7,-6.9,1.1,0
2015,3,5,20,30,-0.30000000000000004,60.5,-7,1.3,0
2015,3,5,21,30,-1.4000000000000001,64,-7.300000000000001,1.4000000000000001,0
2015,3,5,22,30,-2.1,65.62,-7.7,1.6,0
2015,3,5,23,30,-2.7,66.87,-8,1.7000000000000002,0
2015,3,6,0,30,-3.3000000000000003,68.54,-8.3,1.7000000000000002,0
2015,3,6,1,30,-3.9000000000000004,70.43,-8.5,1.7000000000000002,0
2015,3,6,2,30,-4.4,72.21000000000001,-8.700000000000001,1.7000000000000002,0
2015,3,6,3,30,-4.7,73.86,-8.700000000000001,1.7000000000000002,0
2015,3,6,4,30,-4.9,75.44,-8.6,1.7000000000000002,0
2015,3,6,5,30,-5,76.74,-8.5,1.7000000000000002,0
2015,3,6,6,30,-4.4,73.93,-8.3,2.1,0
2015,3,6,7,30,-2.2,64.02,-8.1,2.7,46
2015,3,6,8,30,1.4000000000000001,52.28,-7.300000000000001,3.5,267
2015,3,6,9,30,5,40.67,-7.300000000000001,4,499
2015,3,6,10,30,7.6000000000000005,35.92,-6.6000000000000005,3.8000000000000003,689
2015,3,6,11,30,9.8,32.88,-5.800000000000001,3.5,830
2015,3,6,12,30,11.700000000000001,30.26,-5.2,3.3000000000000003,902
2015,3,6,13,30,13.100000000000001,28.35,-4.9,3,902
2015,3,6,14,30,14.100000000000001,26.79,-4.7,2.8000000000000003,829
2015,3,6,15,30,14.3,26.37,-4.800000000000001,2.8000000000000003,687
2015,3,6,16,30,13.3,28.47,-4.6000000000000005,2.5,486
2015,3,6,17,30,9.9,41.730000000000004,-2.5,1.8,258
2015,3,6,18,30,6.4,56.68,-1.6,1.7000000000000002,42
2015,3,6,19,30,4.9,58.300000000000004,-2.6,2,0
2015,3,6,20,30,4.1000000000000005,60.72,-2.8000000000000003,2.2,0
2015,3,6,21,30,3.2,63.910000000000004,-3,2.4000000000000004,0
2015,3,6,22,30,2.4000000000000004,66.52,-3.2,2.4000000000000004,0
2015,3,6,23,30,1.6,69.05,-3.5,2.5,0
2015,3,7,0,30,0.9,70.9,-3.8000000000000003,2.5,0
2015,3,7,1,30,0.2,72.61,-4.1000000000000005,2.3000000000000003,0
2015,3,7,2,30,-0.4,73.76,-4.5,2,0
2015,3,7,3,30,-0.6000000000000001,73.26,-4.800000000000001,1.7000000000000002,0
2015,3,7,4,30,-0.30000000000000004,71.14,-4.9,1.5,0
2015,3,7,5,30,0.1,69.99,-4.7,1.3,0
2015,3,7,6,30,0.7000000000000001,67.66,-4.6000000000000005,1.3,0
2015,3,7,7,30,2.3000000000000003,61.910000000000004,-4.3,1.9000000000000001,22
2015,3,7,8,30,5,49.97,-4.6000000000000005,2.7,249
2015,3,7,9,30,8.1,40.52,-4.5,3.3000000000000003,467
2015,3,7,10,30,10.5,36.78,-3.7,3.7,582
2015,3,7,11,30,12.3,35.94,-2.4000000000000004,3.9000000000000004,785
2015,3,7,12,30,13.3,36.75,-1.2000000000000002,4,850
2015,3,7,13,30,13.5,38.52,-0.4,4,849
2015,3,7,14,30,13.4,39.54,-0.1,4.1000000000000005,699
2015,3,7,15,30,13.600000000000001,38.65,-0.2,4.3,643
2015,3,7,16,30,13.3,38.82,-0.4,4.2,395
2015,3,7,17,30,11.200000000000001,44.58,-0.4,3.1,167
2015,3,7,18,30,8.9,54.34,0.2,2.2,18
2015,3,7,19,30,7.7,56.78,-0.30000000000000004,2.1,0
2015,3,7,20,30,7.300000000000001,56.38,-0.8,2.1,0
2015,3,7,21,30,7.5,54.550000000000004,-1.1,2.8000000000000003,0
2015,3,7,22,30,7.4,54.03,-1.3,3.4000000000000004,0
2015,3,7,23,30,7,55.99,-1.2000000000000002,4.1000000000000005,0
2015,3,8,0,30,6.5,60.230000000000004,-0.7000000000000001,4.4,0
2015,3,8,1,30,6,66.93,0.30000000000000004,3.9000000000000004,0
2015,3,8,2,30,5.7,72.9,1.2000000000000002,3.5,0
2015,3,8,3,30,5.5,78.34,2,3.2,0
2015,3,8,4,30,5.2,84.11,2.7,2.9000000000000004,0
2015,3,8,5,30,5,89.18,3.4000000000000004,2.7,0
2015,3,8,6,30,5,92.75,3.9000000000000004,2.7,0
2015,3,8,7,30,6.4,86.77,4.4,3.1,10
2015,3,8,8,30,8.8,76.44,4.9,3.3000000000000003,163
2015,3,8,9,30,11.4,67.88,5.7,3.1,341
2015,3,8,10,30,14.100000000000001,60.77,6.6000000000000005,2.7,504
2015,3,8,11,30,16.5,55.17,7.5,2.3000000000000003,589
2015,3,8,12,30,18.2,51.27,8,1.7000000000000002,580
2015,3,8,13,30,19.1,49.54,8.3,1.4000000000000001,577
2015,3,8,14,30,19.3,49.27,8.4,1.6,771
2015,3,8,15,30,19.1,49.64,8.3,2,637
2015,3,8,16,30,18.2,52.17,8.200000000000001,2.2,391
2015,3,8,17,30,15.700000000000001,63,8.700000000000001,2,210
2015,3,8,18,30,12.9,74.8,8.5,2.2,24
2015,3,8,19,30,11.3,81.10000000000001,8.200000000000001,2.6,0
2015,3,8,20,30,10,88.26,8.1,2.6,0
2015,3,8,21,30,9,94.9,8.200000000000001,2.2,0
2015,3,8,22,30,8.4,99.67,8.4,1.9000000000000001,0
2015,3,8,23,30,8.200000000000001,100,8.200000000000001,1.9000000000000001,0
2015,3,9,0,30,8.200000000000001,100,8.200000000000001,1.6,0
2015,3,9,1,30,8.200000000000001,98.68,8,0.8,0
2015,3,9,2,30,8,98.44,7.800000000000001,0.8,0
2015,3,9,3,30,7.9,97.93,7.6000000000000005,1.5,0
2015,3,9,4,30,7.800000000000001,97.92,7.5,1.9000000000000001,0
2015,3,9,5,30,7.800000000000001,97.34,7.4,2,0
2015,3,9,6,30,7.800000000000001,96.77,7.300000000000001,2.2,0
2015,3,9,7,30,8.4,92.67,7.300000000000001,2.7,11
2015,3,9,8,30,9.5,87.15,7.5,3.3000000000000003,49
2015,3,9,9,30,10.600000000000001,82.43,7.7,3.6,156
2015,3,9,10,30,11.5,78.24,7.800000000000001,3.6,184
2015,3,9,11,30,12.3,73.8,7.800000000000001,3.5,110
2015,3,9,12,30,12.8,70.57000000000001,7.6000000000000005,3.5,285
2015,3,9,13,30,13.200000000000001,68.24,7.5,3.6,350
2015,3,9,14,30,13.5,66.31,7.300000000000001,3.7,519
2015,3,9,15,30,13.5,65.75,7.2,3.6,295
2015,3,9,16,30,13.100000000000001,66.94,7.1000000000000005,3.3000000000000003,126
2015,3,9,17,30,11.700000000000001,72.9,7,2.2,71
2015,3,9,18,30,9.600000000000001,84.26,7.1000000000000005,1.2000000000000002,22
2015,3,9,19,30,7.9,94.15,7,1,0
2015,3,9,20,30,6.9,100,6.9,0.9,0
2015,3,9,21,30,6.4,100,6.4,0.8,0
2015,3,9,22,30,6.300000000000001,100,6.300000000000001,0.6000000000000001,0
2015,3,9,23,30,6.300000000000001,100,6.300000000000001,0.5,0
2015,3,10,0,30,6.300000000000001,100,6.300000000000001,0.7000000000000001,0
2015,3,10,1,30,6.2,100,6.2,1.4000000000000001,0
2015,3,10,2,30,6,99.62,5.9,1.9000000000000001,0
2015,3,10,3,30,5.9,98.91,5.7,2.1,0
2015,3,10,4,30,5.800000000000001,98.65,5.6000000000000005,2.2,0
2015,3,10,5,30,5.6000000000000005,98.84,5.4,2.2,0
2015,3,10,6,30,5.6000000000000005,97.46000000000001,5.2,2.1,0
2015,3,10,7,30,6.2,93.03,5.2,2,52
2015,3,10,8,30,8.200000000000001,83.83,5.6000000000000005,1.8,261
2015,3,10,9,30,11.9,69.71000000000001,6.5,1.5,481
2015,3,10,10,30,16.1,52.77,6.5,1.3,667
2015,3,10,11,30,19,39.75,5,1.4000000000000001,802
2015,3,10,12,30,20.400000000000002,34.72,4.3,1.6,870
2015,3,10,13,30,21.200000000000003,32.12,3.9000000000000004,1.8,872
2015,3,10,14,30,21.400000000000002,31.080000000000002,3.6,1.8,799
2015,3,10,15,30,21.200000000000003,30.88,3.3000000000000003,1.7000000000000002,662
2015,3,10,16,30,20.3,32.230000000000004,3.2,1.3,472
2015,3,10,17,30,18,40.410000000000004,4.3,1.1,252
2015,3,10,18,30,15.100000000000001,53.89,5.800000000000001,1.1,45
2015,3,10,19,30,13.200000000000001,57.27,4.9,1.4000000000000001,0
2015,3,10,20,30,12,61.730000000000004,4.9,1.6,0
2015,3,10,21,30,10.9,66.02,4.800000000000001,1.8,0
2015,3,10,22,30,9.8,70.51,4.7,1.7000000000000002,0
2015,3,10,23,30,8.700000000000001,75.22,4.6000000000000005,1.6,0
2015,3,11,0,30,7.800000000000001,79.85000000000001,4.5,1.4000000000000001,0
2015,3,11,1,30,7.1000000000000005,83.44,4.5,1.2000000000000002,0
2015,3,11,2,30,6.9,84.11,4.4,1.1,0
2015,3,11,3,30,7.1000000000000005,82.59,4.3,0.9,0
2015,3,11,4,30,7.1000000000000005,82.44,4.3,0.8,0
2015,3,11,5,30,7,83.12,4.3,0.7000000000000001,0
2015,3,11,6,30,7.300000000000001,81.42,4.3,0.5,0
2015,3,11,7,30,8.9,73.47,4.4,0.6000000000000001,55
2015,3,11,8,30,12.3,60.02,4.800000000000001,1.1,268
2015,3,11,9,30,16.5,44.86,4.5,1.9000000000000001,489
2015,3,11,10,30,19.3,36.44,4,2.8000000000000003,563
2015,3,11,11,30,20.8,32.77,3.8000000000000003,3.3000000000000003,816
2015,3,11,12,30,21.700000000000003,30.46,3.6,3.6,703
2015,3,11,13,30,22.200000000000003,28.76,3.2,3.7,885
2015,3,11,14,30,22.200000000000003,27.76,2.7,3.7,811
2015,3,11,15,30,21.700000000000003,27.64,2.2,3.7,676
2015,3,11,16,30,20.6,28.29,1.6,3.3000000000000003,485
2015,3,11,17,30,17.5,34.34,1.6,2.3000000000000003,262
2015,3,11,18,30,13.9,49.620000000000005,3.5,1.8,50
2015,3,11,19,30,12.200000000000001,50.4,2.2,2.1,0
2015,3,11,20,30,11.200000000000001,51.19,1.5,2.5,0
2015,3,11,21,30,10.200000000000001,54.47,1.4000000000000001,2.7,0
2015,3,11,22,30,9.200000000000001,61.550000000000004,2.2,2.6,0
2015,3,11,23,30,8,73.14,3.5,2.1,0
2015,3,12,0,30,6.9,86.18,4.800000000000001,1.6,0
2015,3,12,1,30,6.1000000000000005,96.83,5.6000000000000005,1.3,0
2015,3,12,2,30,5.800000000000001,100,5.800000000000001,1.1,0
2015,3,12,3,30,5.800000000000001,100,5.800000000000001,0.9,0
2015,3,12,4,30,6.1000000000000005,100,6.1000000000000005,0.6000000000000001,0
2015,3,12,5,30,6.1000000000000005,100,6.1000000000000005,0.30000000000000004,0
2015,3,12,6,30,6.300000000000001,100,6.300000000000001,0.4,0
2015,3,12,7,30,7.5,91.93,6.300000000000001,0.7000000000000001,63
2015,3,12,8,30,10.8,74.07000000000001,6.4,1.1,282
2015,3,12,9,30,14.8,53.13,5.300000000000001,1.9000000000000001,509
2015,3,12,10,30,17.400000000000002,38.86,3.2,2.5,701
2015,3,12,11,30,19,33.49,2.6,2.5,838
2015,3,12,12,30,20.1,30.1,2,2.2,908
2015,3,12,13,30,20.900000000000002,27.57,1.5,1.8,906
2015,3,12,14,30,21.200000000000003,26.02,0.9,1.5,832
2015,3,12,15,30,20.900000000000002,25.41,0.4,1.5,692
2015,3,12,16,30,20.1,25.86,-0.1,1.4000000000000001,498
2015,3,12,17,30,17.6,32.54,0.9,1.2000000000000002,271
2015,3,12,18,30,14.600000000000001,47.81,3.7,1.2000000000000002,54
2015,3,12,19,30,12.700000000000001,48.660000000000004,2.2,1.3,0
2015,3,12,20,30,11.3,52.78,2,1.4000000000000001,0
2015,3,12,21,30,10.100000000000001,56.45,1.8,1.4000000000000001,0
2015,3,12,22,30,9,60.29,1.7000000000000002,1.4000000000000001,0
2015,3,12,23,30,8.1,63.79,1.7000000000000002,1.4000000000000001,0
2015,3,13,0,30,7.4,66.99,1.7000000000000002,1.4000000000000001,0
2015,3,13,1,30,7.1000000000000005,68.7,1.7000000000000002,1.2000000000000002,0
2015,3,13,2,30,7.300000000000001,68.46000000000001,1.9000000000000001,1.1,0
2015,3,13,3,30,7.2,69.51,2,1,0
2015,3,13,4,30,6.800000000000001,72.17,2.1,1,0
2015,3,13,5,30,6,76.7,2.2,1.1,0
2015,3,13,6,30,5.9,77.4,2.2,1.3,0
2015,3,13,7,30,8.1,67.4,2.4000000000000004,2.1,67
2015,3,13,8,30,12,52.7,2.6,2.6,285
2015,3,13,9,30,16.5,39.46,2.7,2.4000000000000004,508
2015,3,13,10,30,19.700000000000003,28.900000000000002,1.1,2.5,694
2015,3,13,11,30,21.1,26.32,1,2.8000000000000003,829
2015,3,13,12,30,22,25.17,1.2000000000000002,3.2,893
2015,3,13,13,30,22.400000000000002,24.72,1.2000000000000002,3.6,580
2015,3,13,14,30,22.400000000000002,24.41,1.1,3.9000000000000004,614
2015,3,13,15,30,22,24.34,0.7000000000000001,4.1000000000000005,677
2015,3,13,16,30,20.900000000000002,25.060000000000002,0.2,3.8000000000000003,485
2015,3,13,17,30,17.900000000000002,30.91,0.5,2.7,245
2015,3,13,18,30,14.4,46.08,2.9000000000000004,1.8,41
2015,3,13,19,30,12.600000000000001,50.46,2.6,1.7000000000000002,0
2015,3,13,20,30,11.8,52.35,2.4000000000000004,1.6,0
2015,3,13,21,30,11.4,54.29,2.5,1.4000000000000001,0
2015,3,13,22,30,11,56.49,2.7,1.4000000000000001,0
2015,3,13,23,30,10.5,59.480000000000004,2.9000000000000004,1.3,0
2015,3,14,0,30,9.9,62.75,3.1,1.3,0
2015,3,14,1,30,9.4,66.05,3.4000000000000004,1.5,0
2015,3,14,2,30,8.9,70.58,3.8000000000000003,1.6,0
2015,3,14,3,30,8.6,74.79,4.4,1.9000000000000001,0
2015,3,14,4,30,8.5,76.87,4.7,2.1,0
2015,3,14,5,30,8.3,77.09,4.5,2.4000000000000004,0
2015,3,14,6,30,8.6,72.55,3.9000000000000004,3,0
2015,3,14,7,30,10.200000000000001,62.29,3.3000000000000003,3.7,20
2015,3,14,8,30,13.5,49.59,3.2,4.2,128
2015,3,14,9,30,17,38.13,2.6,4.7,381
2015,3,14,10,30,19.1,32.2,2.1,5.2,690
2015,3,14,11,30,20.3,29.62,2,5.800000000000001,827
2015,3,14,12,30,21,27.71,1.6,6.1000000000000005,810
2015,3,14,13,30,21.200000000000003,26.42,1.1,6.1000000000000005,896
2015,3,14,14,30,21,25.69,0.6000000000000001,6.1000000000000005,825
2015,3,14,15,30,20.400000000000002,25.41,-0.1,5.9,688
2015,3,14,16,30,19.400000000000002,25.6,-0.8,5.300000000000001,496
2015,3,14,17,30,16.7,29.12,-1.4000000000000001,3.7,272
2015,3,14,18,30,13.4,39.800000000000004,0,2.4000000000000004,55
2015,3,14,19,30,11.5,45.160000000000004,0,2.2,0
2015,3,14,20,30,10.3,48.09,-0.2,2.1,0
2015,3,14,21,30,9.200000000000001,51.56,-0.30000000000000004,1.9000000000000001,0
2015,3,14,22,30,8.1,55.25,-0.30000000000000004,1.6,0
2015,3,14,23,30,7.4,56.96,-0.6000000000000001,1.4000000000000001,0
2015,3,15,0,30,7,56.76,-1,1.3,0
2015,3,15,1,30,6.6000000000000005,56.28,-1.5,1.2000000000000002,0
2015,3,15,2,30,6,57.230000000000004,-1.8,1.2000000000000002,0
2015,3,15,3,30,5.7,57.31,-2.1,1.1,0
2015,3,15,4,30,5.4,57.730000000000004,-2.3000000000000003,1,0
2015,3,15,5,30,4.800000000000001,59.870000000000005,-2.3000000000000003,1,0
2015,3,15,6,30,4.9,59.44,-2.3000000000000003,1,0
2015,3,15,7,30,6.7,56.120000000000005,-1.4000000000000001,1.7000000000000002,78
2015,3,15,8,30,10,41.97,-2.3000000000000003,2.3000000000000003,305
2015,3,15,9,30,14.100000000000001,31.75,-2.5,2.1,529
2015,3,15,10,30,17.3,22.22,-4.5,2,719
2015,3,15,11,30,18.8,19.81,-4.800000000000001,2,851
2015,3,15,12,30,19.900000000000002,18.55,-4.7,1.9000000000000001,916
2015,3,15,13,30,20.6,18.2,-4.4,1.7000000000000002,865
2015,3,15,14,30,20.900000000000002,18.34,-4.1000000000000005,1.7000000000000002,740
2015,3,15,15,30,20.8,18.740000000000002,-3.9000000000000004,1.8,517
2015,3,15,16,30,20,20.03,-3.6,1.8,473
2015,3,15,17,30,17.5,26.830000000000002,-1.8,1.4000000000000001,214
2015,3,15,18,30,14.4,45.2,2.7,1.2000000000000002,37
2015,3,15,19,30,12.700000000000001,45.480000000000004,1.2000000000000002,1.3,0
2015,3,15,20,30,11.8,47.01,0.8,1.4000000000000001,0
2015,3,15,21,30,11.200000000000001,49.2,0.9,1.4000000000000001,0
2015,3,15,22,30,10.700000000000001,51.96,1.2000000000000002,1.5,0
2015,3,15,23,30,10.200000000000001,55.13,1.6,1.6,0
2015,3,16,0,30,9.3,60.1,2,1.6,0
2015,3,16,1,30,8.5,64.15,2.1,1.6,0
2015,3,16,2,30,8,68.54,2.6,1.7000000000000002,0
2015,3,16,3,30,7.6000000000000005,74.29,3.3000000000000003,1.8,0
2015,3,16,4,30,7.300000000000001,80.24,4.1000000000000005,1.6,0
2015,3,16,5,30,7.1000000000000005,84.45,4.7,1.4000000000000001,0
2015,3,16,6,30,8,80.84,4.9,1.3,0
2015,3,16,7,30,10.600000000000001,69.46000000000001,5.2,1.7000000000000002,41
2015,3,16,8,30,14.100000000000001,56.15,5.5,2.4000000000000004,228
2015,3,16,9,30,17.6,43.79,5.1000000000000005,3,490
2015,3,16,10,30,20.200000000000003,35.7,4.5,3.5,608
2015,3,16,11,30,22.1,32.6,4.9,3.9000000000000004,708
2015,3,16,12,30,23.5,31.580000000000002,5.7,4.1000000000000005,828
2015,3,16,13,30,24,32.64,6.6000000000000005,4.3,806
2015,3,16,14,30,23.700000000000003,35.480000000000004,7.5,4.5,660
2015,3,16,15,30,22.8,39.59,8.3,4.6000000000000005,541
2015,3,16,16,30,21.8,43.97,9,4.6000000000000005,204
2015,3,16,17,30,20,51.06,9.600000000000001,3.9000000000000004,149
2015,3,16,18,30,18,59.9,10.100000000000001,3.3000000000000003,54
2015,3,16,19,30,16.5,66.38,10.200000000000001,3.1,0
2015,3,16,20,30,15.600000000000001,70.15,10.200000000000001,3,0
2015,3,16,21,30,14.700000000000001,73.74,10.100000000000001,2.9000000000000004,0
2015,3,16,22,30,13.8,77.03,9.8,2.8000000000000003,0
2015,3,16,23,30,13.100000000000001,79.08,9.600000000000001,3,0
2015,3,17,0,30,12.8,79.07000000000001,9.3,3.4000000000000004,0
2015,3,17,1,30,12.5,79.62,9.1,3.4000000000000004,0
2015,3,17,2,30,12,82.05,9,2.9000000000000004,0
2015,3,17,3,30,11.5,85.25,9.1,2.4000000000000004,0
2015,3,17,4,30,11.3,87.45,9.3,2.2,0
2015,3,17,5,30,11.4,88.02,9.5,2,0
2015,3,17,6,30,11.9,86.63,9.700000000000001,1.8,0
2015,3,17,7,30,13,82.35000000000001,10.100000000000001,1.4000000000000001,14
2015,3,17,8,30,14.600000000000001,77.12,10.600000000000001,0.9,58
2015,3,17,9,30,15.9,75.61,11.600000000000001,1.2000000000000002,140
2015,3,17,10,30,16.400000000000002,75.71000000000001,12.100000000000001,2.2,27
2015,3,17,11,30,16.5,75.97,12.200000000000001,3,219
2015,3,17,12,30,16.400000000000002,76.57000000000001,12.3,3.5,451
2015,3,17,13,30,16.3,76.91,12.200000000000001,3.8000000000000003,143
2015,3,17,14,30,16,77.65,12.100000000000001,3.9000000000000004,83
2015,3,17,15,30,15.4,79.71000000000001,11.9,4,70
2015,3,17,16,30,14.600000000000001,82.61,11.700000000000001,3.8000000000000003,88
2015,3,17,17,30,13.600000000000001,86.5,11.4,3.4000000000000004,10
2015,3,17,18,30,12.5,90.92,11.100000000000001,3,26
2015,3,17,19,30,11.700000000000001,92.76,10.600000000000001,2.8000000000000003,0
2015,3,17,20,30,11,93.38,10,2.7,0
2015,3,17,21,30,10.5,93.15,9.4,2.3000000000000003,0
2015,3,17,22,30,10,94.10000000000001,9.1,2.1,0
2015,3,17,23,30,9.700000000000001,94.10000000000001,8.8,2,0
2015,3,18,0,30,9.5,93.73,8.5,1.8,0
2015,3,18,1,30,9.3,93.75,8.3,1.6,0
2015,3,18,2,30,9.200000000000001,93.26,8.200000000000001,1.7000000000000002,0
2015,3,18,3,30,9,93.10000000000001,7.9,1.8,0
2015,3,18,4,30,8.700000000000001,93.23,7.7,1.8,0
2015,3,18,5,30,8.4,93.23,7.4,1.9000000000000001,0
2015,3,18,6,30,8.3,91.86,7.1000000000000005,1.9000000000000001,0
2015,3,18,7,30,8.700000000000001,88.11,6.800000000000001,1.8,80
2015,3,18,8,30,9.8,82.74,7,1.5,200
2015,3,18,9,30,11.700000000000001,75.93,7.6000000000000005,1.8,514
2015,3,18,10,30,13.600000000000001,70.49,8.3,2.7,485
2015,3,18,11,30,15.3,63.72,8.5,3.4000000000000004,351
2015,3,18,12,30,17.2,56.67,8.5,3.8000000000000003,538
2015,3,18,13,30,18.8,50.93,8.4,4.2,466
2015,3,18,14,30,19.700000000000003,47.43,8.200000000000001,4.4,718
2015,3,18,15,30,20,45.83,8,4.2,542
2015,3,18,16,30,19.6,46.730000000000004,7.9,3.7,472
2015,3,18,17,30,17.8,52.29,7.9,2.3000000000000003,270
2015,3,18,18,30,15.700000000000001,63.83,8.9,1.1,50
2015,3,18,19,30,15,62.31,7.9,0.7000000000000001,0
2015,3,18,20,30,14.200000000000001,64.86,7.7,0.8,0
2015,3,18,21,30,12.600000000000001,72.04,7.7,1.2000000000000002,0
2015,3,18,22,30,11.8,75.97,7.7,1.7000000000000002,0
2015,3,18,23,30,11.700000000000001,77.01,7.800000000000001,2.4000000000000004,0
2015,3,19,0,30,11.5,78.92,8,3,0
2015,3,19,1,30,11.100000000000001,82.01,8.1,3.1,0
2015,3,19,2,30,11,83.37,8.3,3.1,0
2015,3,19,3,30,11,84.39,8.5,2.9000000000000004,0
2015,3,19,4,30,11,85.49,8.700000000000001,2.7,0
2015,3,19,5,30,10.9,87.10000000000001,8.8,2.5,0
2015,3,19,6,30,11.5,84.74,9,2.9000000000000004,0
2015,3,19,7,30,13.4,76.2,9.3,3.7,82
2015,3,19,8,30,16.1,65.71000000000001,9.700000000000001,4.4,228
2015,3,19,9,30,19,55.14,9.8,5.1000000000000005,242
2015,3,19,10,30,21.3,46.35,9.3,5.1000000000000005,128
2015,3,19,11,30,22.8,40.38,8.6,4.3,713
2015,3,19,12,30,24.1,36.300000000000004,8.200000000000001,3.8000000000000003,893
2015,3,19,13,30,24.8,34.53,8.1,3.9000000000000004,499
2015,3,19,14,30,24.6,35.03,8.1,4.1000000000000005,820
2015,3,19,15,30,23.900000000000002,37.09,8.4,4,678
2015,3,19,16,30,22.700000000000003,41.300000000000004,8.9,3.3000000000000003,438
2015,3,19,17,30,20.5,52.84,10.5,2.2,204
2015,3,19,18,30,18.3,64.06,11.4,1.7000000000000002,42
2015,3,19,19,30,17.3,67.05,11.100000000000001,1.6,0
2015,3,19,20,30,16.7,69.49,11.100000000000001,1.5,0
2015,3,19,21,30,16.2,70.9,10.9,1.4000000000000001,0
2015,3,19,22,30,15.9,71.89,10.8,1.4000000000000001,0
2015,3,19,23,30,15.5,73.65,10.8,1.1,0
2015,3,20,0,30,14.8,77.96000000000001,11,1.3,0
2015,3,20,1,30,13.9,83.46000000000001,11.100000000000001,2.5,0
2015,3,20,2,30,12.700000000000001,89.61,11,4,0
2015,3,20,3,30,11.3,94.61,10.5,4.9,0
2015,3,20,4,30,10.100000000000001,96.31,9.5,5.2,0
2015,3,20,5,30,9.1,94.24,8.200000000000001,5.2,0
2015,3,20,6,30,8.5,90.45,7,5.1000000000000005,0
2015,3,20,7,30,8.5,85.86,6.300000000000001,4.9,13
2015,3,20,8,30,9.1,80.71000000000001,6,4.7,42
2015,3,20,9,30,10.100000000000001,75.75,6,4.5,137
2015,3,20,10,30,11.4,70.7,6.300000000000001,4.3,280
2015,3,20,11,30,12.700000000000001,66.65,6.7,4,398
2015,3,20,12,30,13.9,64.01,7.2,3.6,302
2015,3,20,13,30,14.9,62.38,7.800000000000001,3.4000000000000004,397
2015,3,20,14,30,15.3,62.75,8.200000000000001,3.2,235
2015,3,20,15,30,15.3,64.35,8.6,3,243
2015,3,20,16,30,14.8,67.14,8.8,2.8000000000000003,179
2015,3,20,17,30,13.700000000000001,72.2,8.8,2.2,111
2015,3,20,18,30,12.200000000000001,79.92,8.8,1.4000000000000001,21
2015,3,20,19,30,11,85.58,8.700000000000001,1.1,0
2015,3,20,20,30,10.3,89.47,8.6,0.9,0
2015,3,20,21,30,9.700000000000001,92.94,8.6,0.8,0
2015,3,20,22,30,9.3,95.26,8.6,0.7000000000000001,0
2015,3,20,23,30,9.1,96.39,8.6,0.6000000000000001,0
2015,3,21,0,30,9,96.88,8.5,0.4,0
2015,3,21,1,30,8.9,97.60000000000001,8.5,0.2,0
2015,3,21,2,30,8.9,97.74000000000001,8.6,0.2,0
2015,3,21,3,30,9,98.01,8.700000000000001,0.2,0
2015,3,21,4,30,9,98.72,8.8,0.4,0
2015,3,21,5,30,9,98.35000000000001,8.8,0.9,0
2015,3,21,6,30,9.1,96.9,8.6,1.7000000000000002,0
2015,3,21,7,30,9.9,92.03,8.700000000000001,2.3000000000000003,11
2015,3,21,8,30,11.5,84.65,9,2.5,48
2015,3,21,9,30,13,77.5,9.200000000000001,2.4000000000000004,44
2015,3,21,10,30,13.9,72.4,9,2.5,154
2015,3,21,11,30,14.3,71.09,9.1,2.2,251
2015,3,21,12,30,14.4,71.64,9.3,1.7000000000000002,230
2015,3,21,13,30,14.4,72.69,9.600000000000001,1,261
2015,3,21,14,30,14.3,73.29,9.600000000000001,1.3,147
2015,3,21,15,30,14.200000000000001,73.15,9.5,2.1,136
2015,3,21,16,30,13.9,73.99,9.3,2.5,177
2015,3,21,17,30,12.9,78.41,9.200000000000001,1.9000000000000001,124
2015,3,21,18,30,11.5,90.36,10,1.1,35
2015,3,21,19,30,10.3,93.89,9.4,1,0
2015,3,21,20,30,9.600000000000001,93.32000000000001,8.6,1,0
2015,3,21,21,30,9.3,93.75,8.3,0.9,0
2015,3,21,22,30,9.3,92.9,8.200000000000001,0.8,0
2015,3,21,23,30,9.1,93.44,8.1,0.5,0
2015,3,22,0,30,8.6,96.01,8,0.6000000000000001,0
2015,3,22,1,30,7.6000000000000005,100,7.6000000000000005,0.9,0
2015,3,22,2,30,6.800000000000001,100,6.800000000000001,1.1,0
2015,3,22,3,30,6.300000000000001,100,6.300000000000001,1.2000000000000002,0
2015,3,22,4,30,6,100,6,1.3,0
2015,3,22,5,30,5.800000000000001,100,5.800000000000001,1.4000000000000001,0
2015,3,22,6,30,7,100,7,1.9000000000000001,0
2015,3,22,7,30,9.9,88.25,8,2.8000000000000003,101
2015,3,22,8,30,13.4,74.26,8.9,3.4000000000000004,326
2015,3,22,9,30,17.1,59.79,9.200000000000001,3.4000000000000004,550
2015,3,22,10,30,20.400000000000002,47.15,8.8,3.1,736
2015,3,22,11,30,22.8,38.08,7.800000000000001,2.7,871
2015,3,22,12,30,24.400000000000002,32.87,7,2.5,937
2015,3,22,13,30,25.5,29.560000000000002,6.4,2.4000000000000004,932
2015,3,22,14,30,26.200000000000003,27.12,5.800000000000001,2.4000000000000004,855
2015,3,22,15,30,26.3,25.62,5.1000000000000005,2.3000000000000003,716
2015,3,22,16,30,25.6,24.96,4.1000000000000005,1.7000000000000002,522
2015,3,22,17,30,23,34.37,6.4,1.1,296
2015,3,22,18,30,19.200000000000003,50.63,8.700000000000001,1.2000000000000002,72
2015,3,22,19,30,16.400000000000002,52.06,6.5,1.5,0
2015,3,22,20,30,15,55.5,6.2,1.7000000000000002,0
2015,3,22,21,30,14,57.21,5.7,2,0
2015,3,22,22,30,13.200000000000001,58.620000000000005,5.300000000000001,2.1,0
2015,3,22,23,30,12.4,60.4,4.9,2.3000000000000003,0
2015,3,23,0,30,11.700000000000001,62.36,4.7,2.4000000000000004,0
2015,3,23,1,30,10.9,64.94,4.6000000000000005,2.3000000000000003,0
2015,3,23,2,30,10.200000000000001,66.73,4.3,2.2,0
2015,3,23,3,30,9.4,68.74,3.9000000000000004,1.9000000000000001,0
2015,3,23,4,30,8.8,69.95,3.6,1.7000000000000002,0
2015,3,23,5,30,8.200000000000001,70.96000000000001,3.2,1.5,0
2015,3,23,6,30,9.1,64.87,2.8000000000000003,1.4000000000000001,0
2015,3,23,7,30,12,57.92,4,1.8,109
2015,3,23,8,30,15.5,44.01,3.3000000000000003,1.9000000000000001,339
2015,3,23,9,30,19.5,37.02,4.4,1.8,564
2015,3,23,10,30,23.900000000000002,27.740000000000002,4.1000000000000005,2.4000000000000004,752
2015,3,23,11,30,27.1,21.09,3,3.1,880
2015,3,23,12,30,28.6,18.400000000000002,2.3000000000000003,3.6,946
2015,3,23,13,30,29.1,18.01,2.4000000000000004,4.2,940
2015,3,23,14,30,29.1,17.830000000000002,2.2,4.7,862
2015,3,23,15,30,28.5,18.44,2.2,4.9,720
2015,3,23,16,30,27.200000000000003,20.07,2.3000000000000003,4.3,525
2015,3,23,17,30,23.700000000000003,29.42,4.800000000000001,3,298
2015,3,23,18,30,19.900000000000002,44.12,7.300000000000001,2.3000000000000003,74
2015,3,23,19,30,18.1,45.4,6.1000000000000005,2.6,0
2015,3,23,20,30,17.5,45.83,5.7,3.1,0
2015,3,23,21,30,16.900000000000002,47.25,5.6000000000000005,4.1000000000000005,0
2015,3,23,22,30,16,51.27,5.9,4.9,0
2015,3,23,23,30,15,57.78,6.7,5.1000000000000005,0
2015,3,24,0,30,14.200000000000001,64.12,7.5,4.9,0
2015,3,24,1,30,13.4,69.68,8,4.6000000000000005,0
2015,3,24,2,30,12.700000000000001,73.44,8.1,4.1000000000000005,0
2015,3,24,3,30,11.9,76.33,7.9,3.5,0
2015,3,24,4,30,11.100000000000001,77.72,7.4,3,0
2015,3,24,5,30,10.4,76.38,6.4,2.6,0
2015,3,24,6,30,11.200000000000001,66.68,5.2,2.7,0
2015,3,24,7,30,13.9,52.92,4.5,3.3000000000000003,113
2015,3,24,8,30,17.6,39.08,3.5,3.4000000000000004,348
2015,3,24,9,30,22.1,30.6,4,3.8000000000000003,577
2015,3,24,10,30,25.8,19.16,0.5,4.5,768
2015,3,24,11,30,27.6,15.01,-1.4000000000000001,4.1000000000000005,903
2015,3,24,12,30,28.5,13.89,-1.7000000000000002,3.3000000000000003,968
2015,3,24,13,30,29,13.57,-1.6,2.6,957
2015,3,24,14,30,29,13.4,-1.8,2.3000000000000003,879
2015,3,24,15,30,28.700000000000003,13.530000000000001,-1.9000000000000001,2.2,734
2015,3,24,16,30,27.5,14.49,-1.9000000000000001,1.9000000000000001,536
2015,3,24,17,30,24.1,23.94,2.2,1.4000000000000001,305
2015,3,24,18,30,20,43.89,7.300000000000001,1.4000000000000001,78
2015,3,24,19,30,17.900000000000002,39.87,4.1000000000000005,1.6,0
2015,3,24,20,30,16.8,39.86,3.1,1.7000000000000002,0
2015,3,24,21,30,15.700000000000001,40.63,2.3000000000000003,1.8,0
2015,3,24,22,30,14.700000000000001,41.69,1.8,2,0
2015,3,24,23,30,14,42.160000000000004,1.3,2.4000000000000004,0
2015,3,25,0,30,13.600000000000001,45.85,2.1,3,0
2015,3,25,1,30,13.4,58.050000000000004,5.300000000000001,3.6,0
2015,3,25,2,30,13.100000000000001,75.97,9,3.9000000000000004,0
2015,3,25,3,30,12.5,91.3,11.100000000000001,3.7,0
2015,3,25,4,30,12,99.18,11.9,3.5,0
2015,3,25,5,30,11.3,100,11.3,3.2,0
2015,3,25,6,30,11.8,88.78,10,3.2,0
2015,3,25,7,30,14.3,66.27,8.1,3.9000000000000004,114
2015,3,25,8,30,18,46.36,6.300000000000001,4.1000000000000005,343
2015,3,25,9,30,22.5,32.87,5.4,4.2,569
2015,3,25,10,30,26.5,20.88,2.3000000000000003,4.9,757
2015,3,25,11,30,28.700000000000003,14.05,-1.4000000000000001,5.6000000000000005,893
2015,3,25,12,30,29.5,12.450000000000001,-2.4000000000000004,6,963
2015,3,25,13,30,29.700000000000003,11.83,-2.9000000000000004,6.300000000000001,961
2015,3,25,14,30,29.400000000000002,11.67,-3.3000000000000003,6.6000000000000005,882
2015,3,25,15,30,28.700000000000003,11.9,-3.6,6.5,737
2015,3,25,16,30,27.200000000000003,13.120000000000001,-3.5,5.6000000000000005,535
2015,3,25,17,30,24,18.72,-1.3,3.9000000000000004,273
2015,3,25,18,30,20.700000000000003,28.810000000000002,1.9000000000000001,3,65
2015,3,25,19,30,19.1,32.06,2,3,0
2015,3,25,20,30,18.1,34.32,2.1,2.8000000000000003,0
2015,3,25,21,30,16.900000000000002,39.38,3,3.5,0
2015,3,25,22,30,14.9,46.49,3.5,6.4,0
2015,3,25,23,30,11.600000000000001,58.82,3.8000000000000003,8.9,0
2015,3,26,0,30,8.8,68.39,3.3000000000000003,8.9,0
2015,3,26,1,30,7.300000000000001,68.27,1.8,8.1,0
2015,3,26,2,30,6.4,68.21000000000001,1,7.300000000000001,0
2015,3,26,3,30,5.9,69.25,0.7000000000000001,6.300000000000001,0
2015,3,26,4,30,5.6000000000000005,69.25,0.4,5.4,0
2015,3,26,5,30,5.2,68.76,-0.1,4.6000000000000005,0
2015,3,26,6,30,5.300000000000001,65.23,-0.7000000000000001,4.6000000000000005,0
2015,3,26,7,30,6.7,55.83,-1.5,5.300000000000001,119
2015,3,26,8,30,9,43.550000000000004,-2.8000000000000003,5.7,351
2015,3,26,9,30,11.5,36.11,-3,5.5,582
2015,3,26,10,30,13.8,29.57,-3.7,5.1000000000000005,774
2015,3,26,11,30,15.600000000000001,24.11,-4.9,4.7,912
2015,3,26,12,30,17,20.12,-6.1000000000000005,4.3,977
2015,3,26,13,30,17.900000000000002,17.61,-7.1000000000000005,3.9000000000000004,970
2015,3,26,14,30,18.400000000000002,16.22,-7.7,3.6,891
2015,3,26,15,30,18.3,15.91,-8.1,3.5,743
2015,3,26,16,30,17.8,16.27,-8.200000000000001,3.1,545
2015,3,26,17,30,15.9,18.47,-8.1,1.9000000000000001,313
2015,3,26,18,30,14.100000000000001,33.910000000000004,-1.6,0.9,84
2015,3,26,19,30,13.5,27.78,-4.800000000000001,0.5,0
2015,3,26,20,30,12.5,27.26,-5.9,0.7000000000000001,0
2015,3,26,21,30,10.5,33.77,-4.800000000000001,1.2000000000000002,0
2015,3,26,22,30,8.6,41.480000000000004,-3.8000000000000003,1.4000000000000001,0
2015,3,26,23,30,7.5,44.86,-3.7,1.6,0
2015,3,27,0,30,6.9,45.85,-4,1.8,0
2015,3,27,1,30,6.5,46.36,-4.2,2,0
2015,3,27,2,30,6.2,46.71,-4.4,2.2,0
2015,3,27,3,30,5.9,47.93,-4.3,2.3000000000000003,0
2015,3,27,4,30,5.7,49.88,-4,2.3000000000000003,0
2015,3,27,5,30,5.4,52.78,-3.5,2.2,0
2015,3,27,6,30,6.6000000000000005,50.09,-3.1,2.6,0
2015,3,27,7,30,9.600000000000001,42.6,-2.5,3.3000000000000003,125
2015,3,27,8,30,13.700000000000001,33.13,-2.2,3.7,358
2015,3,27,9,30,18.400000000000002,24.67,-2.2,4,585
2015,3,27,10,30,21.900000000000002,17.23,-4.1000000000000005,4.1000000000000005,772
2015,3,27,11,30,23.900000000000002,15.44,-3.9000000000000004,3.8000000000000003,904
2015,3,27,12,30,25.3,14.88,-3.3000000000000003,3.8000000000000003,965
2015,3,27,13,30,26.200000000000003,14.48,-3,3.9000000000000004,957
2015,3,27,14,30,26.6,14.5,-2.6,3.9000000000000004,878
2015,3,27,15,30,26.400000000000002,14.780000000000001,-2.5,3.8000000000000003,734
2015,3,27,16,30,25.400000000000002,15.860000000000001,-2.4000000000000004,3.1,538
2015,3,27,17,30,22.200000000000003,23.55,0.4,2,309
2015,3,27,18,30,18.3,42.19,5.2,1.5,83
2015,3,27,19,30,16.1,40.94,2.8000000000000003,1.7000000000000002,0
2015,3,27,20,30,14.9,42.39,2.2,1.9000000000000001,0
2015,3,27,21,30,14.100000000000001,43.160000000000004,1.8,2.2,0
2015,3,27,22,30,13.3,45.74,1.8,2.7,0
2015,3,27,23,30,12.4,50.620000000000005,2.4000000000000004,3.1,0
2015,3,28,0,30,11.5,56.43,3.1,3.4000000000000004,0
2015,3,28,1,30,10.700000000000001,61.71,3.6,3.5,0
2015,3,28,2,30,10.100000000000001,65.23,3.9000000000000004,3.3000000000000003,0
2015,3,28,3,30,9.4,68.31,3.9000000000000004,3,0
2015,3,28,4,30,8.9,69.48,3.6,2.8000000000000003,0
2015,3,28,5,30,8.4,69.92,3.2,2.5,0
2015,3,28,6,30,9.5,62.870000000000005,2.8000000000000003,2.8000000000000003,0
2015,3,28,7,30,12.600000000000001,50.800000000000004,2.7,3.4000000000000004,132
2015,3,28,8,30,16.6,38.74,2.5,3.6,366
2015,3,28,9,30,21,28.650000000000002,2.1,3.7,591
2015,3,28,10,30,24.900000000000002,20.76,0.9,4,778
2015,3,28,11,30,27.8,16.15,-0.2,4.4,909
2015,3,28,12,30,29.6,13.61,-1.1,4.6000000000000005,973
2015,3,28,13,30,30.6,12.68,-1.3,4.6000000000000005,965
2015,3,28,14,30,30.8,12.5,-1.3,4.6000000000000005,885
2015,3,28,15,30,30.6,12.75,-1.2000000000000002,4.5,738
2015,3,28,16,30,29.400000000000002,14.02,-0.9,3.5,538
2015,3,28,17,30,25.8,23.96,3.7,2,310
2015,3,28,18,30,21.900000000000002,39.04,7.300000000000001,1.5,85
2015,3,28,19,30,20.1,37.14,5,1.5,0
2015,3,28,20,30,19.400000000000002,37.2,4.4,1.6,0
2015,3,28,21,30,18.5,37.96,3.9000000000000004,1.7000000000000002,0
2015,3,28,22,30,17.2,40.7,3.7,1.9000000000000001,0
2015,3,28,23,30,15.5,46.43,4.1000000000000005,2.2,0
2015,3,29,0,30,14,52.910000000000004,4.5,2.9000000000000004,0
2015,3,29,1,30,12.8,59.69,5.1000000000000005,3.5,0
2015,3,29,2,30,11.9,65.91,5.7,3.9000000000000004,0
2015,3,29,3,30,11.200000000000001,71.23,6.2,3.8000000000000003,0
2015,3,29,4,30,10.700000000000001,74.22,6.300000000000001,3.4000000000000004,0
2015,3,29,5,30,10.200000000000001,74.18,5.800000000000001,3,0
2015,3,29,6,30,11.100000000000001,63.800000000000004,4.5,3.3000000000000003,0
2015,3,29,7,30,13.8,48.5,3.1,3.8000000000000003,138
2015,3,29,8,30,17.7,35.29,2.2,3.7,375
2015,3,29,9,30,23,25.16,2,3.7,599
2015,3,29,10,30,28,17.66,1.2000000000000002,4.5,787
2015,3,29,11,30,30.900000000000002,14.1,0.4,5,914
2015,3,29,12,30,32.1,13.42,0.7000000000000001,4.7,977
2015,3,29,13,30,32.5,13.38,0.9,4.7,965
2015,3,29,14,30,32.300000000000004,13.77,1.2000000000000002,4.800000000000001,881
2015,3,29,15,30,31.400000000000002,14.790000000000001,1.5,5.2,732
2015,3,29,16,30,29.700000000000003,16.78,1.9000000000000001,5.7,534
2015,3,29,17,30,26.700000000000003,21.31,2.8000000000000003,5.800000000000001,305
2015,3,29,18,30,23.200000000000003,27.21,3.3000000000000003,5.300000000000001,82
2015,3,29,19,30,20.8,31.38,3.2,4.9,0
2015,3,29,20,30,19.5,33.11,2.8000000000000003,4.9,0
2015,3,29,21,30,18.2,35.910000000000004,2.8000000000000003,4.9,0
2015,3,29,22,30,17.1,40.09,3.4000000000000004,4.7,0
2015,3,29,23,30,16,45.57,4.2,4.2,0
2015,3,30,0,30,15,51.53,5.1000000000000005,3.5,0
2015,3,30,1,30,14,57.65,5.800000000000001,2.9000000000000004,0
2015,3,30,2,30,13.100000000000001,63.17,6.300000000000001,2.4000000000000004,0
2015,3,30,3,30,12.4,67.18,6.5,2.1,0
2015,3,30,4,30,11.9,69.48,6.5,2,0
2015,3,30,5,30,11.600000000000001,70.68,6.5,1.8,0
2015,3,30,6,30,12,68.41,6.4,2.2,0
2015,3,30,7,30,13.3,62.32,6.2,2.6,56
2015,3,30,8,30,15.3,56.480000000000004,6.7,2.6,250
2015,3,30,9,30,17.5,54.410000000000004,8.200000000000001,2.6,459
2015,3,30,10,30,19.6,53.15,9.8,2.4000000000000004,550
2015,3,30,11,30,21.200000000000003,50.45,10.5,2.2,712
2015,3,30,12,30,22.400000000000002,47.550000000000004,10.700000000000001,2.1,865
2015,3,30,13,30,23.3,45.160000000000004,10.8,2.2,879
2015,3,30,14,30,24,43.09,10.700000000000001,2.3000000000000003,824
2015,3,30,15,30,24.400000000000002,41.83,10.600000000000001,2.4000000000000004,679
2015,3,30,16,30,24.200000000000003,42.24,10.600000000000001,1.9000000000000001,482
2015,3,30,17,30,22.6,52.53,12.4,1.2000000000000002,229
2015,3,30,18,30,20.6,60.79,12.8,1.2000000000000002,56
2015,3,30,19,30,19.700000000000003,60.36,11.8,1.6,0
2015,3,30,20,30,19.5,61.61,11.9,2.5,0
2015,3,30,21,30,19.1,64.59,12.3,3.7,0
2015,3,30,22,30,18.3,69.7,12.700000000000001,4.4,0
2015,3,30,23,30,17.5,74.73,13,4.5,0
2015,3,31,0,30,16.8,79.37,13.200000000000001,4.2,0
2015,3,31,1,30,16.1,84.38,13.5,3.9000000000000004,0
2015,3,31,2,30,15.5,89.49,13.8,3.8000000000000003,0
2015,3,31,3,30,14.9,94.79,14.100000000000001,3.5,0
2015,3,31,4,30,14.200000000000001,100,14.200000000000001,3,0
2015,3,31,5,30,13.700000000000001,100,13.700000000000001,2.8000000000000003,0
2015,3,31,6,30,14.3,97.36,13.9,3.2,0
2015,3,31,7,30,16.3,82.95,13.4,3.7,90
2015,3,31,8,30,19.1,66.64,12.700000000000001,3.5,343
2015,3,31,9,30,21.8,51.85,11.5,3.4000000000000004,496
2015,3,31,10,30,23.700000000000003,43.14,10.4,3.6,602
2015,3,31,11,30,24.8,37.89,9.5,4.2,689
2015,3,31,12,30,25.3,36.29,9.3,4.6000000000000005,773
2015,3,31,13,30,25.8,36.13,9.700000000000001,4.6000000000000005,493
2015,3,31,14,30,26.1,36.15,9.9,4.3,509
2015,3,31,15,30,26.1,36.38,10,3.7,408
2015,3,31,16,30,25.3,38,10,2.6,277
2015,3,31,17,30,23.5,47.65,11.700000000000001,1.4000000000000001,122
2015,3,31,18,30,21.900000000000002,54.88,12.4,1,36
2015,3,31,19,30,21.1,53.36,11.200000000000001,0.9,0
2015,3,31,20,30,20.1,57.69,11.5,1.1,0
2015,3,31,21,30,19.3,61.47,11.700000000000001,1.5,0
2015,3,31,22,30,18.8,64.23,11.9,2.3000000000000003,0
2015,3,31,23,30,18.2,69.95,12.600000000000001,2.8000000000000003,0
2015,4,1,0,30,17.5,77.41,13.5,2.6,0
2015,4,1,1,30,17,81.84,13.9,1.5,0
2015,4,1,2,30,16.400000000000002,83.74,13.600000000000001,0.9,0
2015,4,1,3,30,15.9,84.10000000000001,13.200000000000001,1.3,0
2015,4,1,4,30,15.600000000000001,84.11,12.9,2.3000000000000003,0
2015,4,1,5,30,15.3,84.04,12.600000000000001,2.9000000000000004,0
2015,4,1,6,30,15.4,81.63,12.3,3.4000000000000004,0
2015,4,1,7,30,17.3,70.88,12,4.3,138
2015,4,1,8,30,20.5,54.57,11,4.9,363
2015,4,1,9,30,23.900000000000002,40.29,9.600000000000001,4.7,582
2015,4,1,10,30,26.5,32.25,8.6,4.3,764
2015,4,1,11,30,28.3,28.45,8.3,4.2,891
2015,4,1,12,30,29.5,26.17,8.1,4.2,956
2015,4,1,13,30,30.3,24.27,7.6000000000000005,4.3,947
2015,4,1,14,30,30.6,22.82,7,4.3,870
2015,4,1,15,30,30.3,22.01,6.2,4.4,729
2015,4,1,16,30,29.5,21.76,5.4,4.2,537
2015,4,1,17,30,26.8,25.07,5.2,3,312
2015,4,1,18,30,23.1,38.59,8.200000000000001,2,89
2015,4,1,19,30,21,41.11,7.300000000000001,2.3000000000000003,0
2015,4,1,20,30,20.200000000000003,41.1,6.6000000000000005,2.8000000000000003,0
2015,4,1,21,30,19.400000000000002,42.77,6.4,3.2,0
2015,4,1,22,30,18.400000000000002,46.4,6.7,3.4000000000000004,0
2015,4,1,23,30,17.2,50.660000000000004,6.9,3.2,0
2015,4,2,0,30,16.1,54.04,6.800000000000001,2.9000000000000004,0
2015,4,2,1,30,15.200000000000001,56.47,6.6000000000000005,2.8000000000000003,0
2015,4,2,2,30,14.4,58.7,6.4,2.7,0
2015,4,2,3,30,13.9,60.65,6.4,2.6,0
2015,4,2,4,30,13.4,63.26,6.6000000000000005,2.5,0
2015,4,2,5,30,13,65.35,6.7,2.4000000000000004,0
2015,4,2,6,30,14,61.27,6.7,3.1,0
2015,4,2,7,30,16.7,52.06,6.800000000000001,3.7,154
2015,4,2,8,30,20.700000000000003,41.65,7.2,3.7,386
2015,4,2,9,30,25.6,30.02,6.800000000000001,4,607
2015,4,2,10,30,29.1,18.1,2.4000000000000004,4.800000000000001,790
2015,4,2,11,30,30.6,15.19,1.2000000000000002,5.4,918
2015,4,2,12,30,31.3,14.77,1.4000000000000001,6,976
2015,4,2,13,30,31.700000000000003,15.06,2,6.5,965
2015,4,2,14,30,31.6,15.96,2.7,6.7,882
2015,4,2,15,30,31.200000000000003,17.12,3.4000000000000004,6.6000000000000005,735
2015,4,2,16,30,30.200000000000003,18.68,3.8000000000000003,5.6000000000000005,536
2015,4,2,17,30,27.8,23.240000000000002,4.9,3.8000000000000003,311
2015,4,2,18,30,24.400000000000002,33.14,7.1000000000000005,2.6,81
2015,4,2,19,30,22.1,38.34,7.2,2.4000000000000004,0
2015,4,2,20,30,20.8,41.42,7.2,2.3000000000000003,0
2015,4,2,21,30,19.8,43.88,7.2,2.1,0
2015,4,2,22,30,19,45.99,7.1000000000000005,2,0
2015,4,2,23,30,18.3,47.89,7.1000000000000005,1.9000000000000001,0
2015,4,3,0,30,17.3,51.19,7.1000000000000005,1.9000000000000001,0
2015,4,3,1,30,16.400000000000002,54.6,7.2,2,0
2015,4,3,2,30,15.3,61,7.800000000000001,1.8,0
2015,4,3,3,30,14.200000000000001,68.16,8.4,1.5,0
2015,4,3,4,30,13.4,70.94,8.200000000000001,1.3,0
2015,4,3,5,30,13.100000000000001,66.12,6.9,2.3000000000000003,0
2015,4,3,6,30,13,58.35,5,4.800000000000001,0
2015,4,3,7,30,12.9,53.35,3.6,7,125
2015,4,3,8,30,13.4,49.22,3,7.6000000000000005,386
2015,4,3,9,30,14.9,44.08,2.8000000000000003,7.4,607
2015,4,3,10,30,17,37.38,2.3000000000000003,7.1000000000000005,790
2015,4,3,11,30,19,31.78,1.8,6.7,877
2015,4,3,12,30,20.6,27.82,1.4000000000000001,6.300000000000001,879
2015,4,3,13,30,21.700000000000003,25.240000000000002,0.9,5.9,913
2015,4,3,14,30,22.1,23.98,0.6000000000000001,5.6000000000000005,897
2015,4,3,15,30,21.900000000000002,23.77,0.30000000000000004,5.5,752
2015,4,3,16,30,20.8,24.990000000000002,0,5.4,555
2015,4,3,17,30,19,27.77,0,4.9,268
2015,4,3,18,30,16.900000000000002,32.68,0.4,4.3,87
2015,4,3,19,30,15.200000000000001,38.1,1,4.1000000000000005,0
2015,4,3,20,30,14,42.08,1.3,4.3,0
2015,4,3,21,30,13,45.45,1.5,4.4,0
2015,4,3,22,30,12,48.72,1.5,4.5,0
2015,4,3,23,30,11.100000000000001,51.6,1.5,4.7,0
2015,4,4,0,30,10.200000000000001,53.58,1.2000000000000002,4.7,0
2015,4,4,1,30,9.5,54.09,0.7000000000000001,4.4,0
2015,4,4,2,30,9,52.78,-0.1,4.1000000000000005,0
2015,4,4,3,30,8.6,50.89,-1,3.7,0
2015,4,4,4,30,8.3,48.97,-1.8,3.5,0
2015,4,4,5,30,8,47.49,-2.5,3.4000000000000004,0
2015,4,4,6,30,8,45.46,-3.1,3.7,0
2015,4,4,7,30,8.700000000000001,40.480000000000004,-4,4.5,104
2015,4,4,8,30,10.200000000000001,33.27,-5.300000000000001,5.1000000000000005,176
2015,4,4,9,30,12.3,27.54,-5.9,5.1000000000000005,425
2015,4,4,10,30,14.5,23.55,-6.1000000000000005,4.7,648
2015,4,4,11,30,16.1,22.1,-5.6000000000000005,4.1000000000000005,533
2015,4,4,12,30,16.6,23.06,-4.6000000000000005,3.5,440
2015,4,4,13,30,16.3,26.41,-3,3.2,319
2015,4,4,14,30,15.8,32.04,-0.9,3.2,320
2015,4,4,15,30,15.5,37.71,1.1,3.3000000000000003,481
2015,4,4,16,30,15.3,41.910000000000004,2.4000000000000004,3.5,207
2015,4,4,17,30,14.5,47.18,3.4000000000000004,3.6,29
2015,4,4,18,30,13.4,53.550000000000004,4.2,3.8000000000000003,79
2015,4,4,19,30,12.3,60.93,5,4.1000000000000005,0
2015,4,4,20,30,11.600000000000001,67.32000000000001,5.7,4.4,0
2015,4,4,21,30,11.200000000000001,72.26,6.4,3.9000000000000004,0
2015,4,4,22,30,10.8,77.33,7,2.8000000000000003,0
2015,4,4,23,30,10.5,81.73,7.5,1.7000000000000002,0
2015,4,5,0,30,10,86.94,7.9,1.3,0
2015,4,5,1,30,10,89.3,8.3,1.6,0
2015,4,5,2,30,10.5,88.58,8.700000000000001,2.3000000000000003,0
2015,4,5,3,30,10.8,88.71000000000001,9,2.9000000000000004,0
2015,4,5,4,30,10.8,90.32000000000001,9.3,3.2,0
2015,4,5,5,30,10.700000000000001,91.9,9.4,3.1,0
2015,4,5,6,30,10.9,91.09,9.5,3.4000000000000004,0
2015,4,5,7,30,12,84.89,9.5,4,98
2015,4,5,8,30,14.3,73.78,9.700000000000001,4.2,309
2015,4,5,9,30,17,63.63,10.100000000000001,4,422
2015,4,5,10,30,19.5,56.11,10.5,3.5,167
2015,4,5,11,30,21.8,50.4,11,2.9000000000000004,871
2015,4,5,12,30,24.6,43.38,11.3,2.6,944
2015,4,5,13,30,27.3,35.660000000000004,10.8,2.9000000000000004,871
2015,4,5,14,30,29,30.650000000000002,10,3.2,867
2015,4,5,15,30,29.6,28.27,9.3,3.5,728
2015,4,5,16,30,29.200000000000003,27.560000000000002,8.6,3.6,486
2015,4,5,17,30,26.8,31.560000000000002,8.5,2.9000000000000004,315
2015,4,5,18,30,23.400000000000002,44.44,10.600000000000001,2.8000000000000003,95
2015,4,5,19,30,21.5,49.86,10.600000000000001,4,0
2015,4,5,20,30,20.5,56.21,11.5,4.800000000000001,0
2015,4,5,21,30,19.5,63.800000000000004,12.5,4.9,0
2015,4,5,22,30,18.6,71.11,13.3,5,0
2015,4,5,23,30,17.8,77.48,13.8,5.5,0
2015,4,6,0,30,17,83.68,14.200000000000001,5.9,0
2015,4,6,1,30,16.400000000000002,88.60000000000001,14.5,5.4,0
2015,4,6,2,30,15.8,93.24,14.700000000000001,4.7,0
2015,4,6,3,30,15.5,96.21000000000001,14.9,4.2,0
2015,4,6,4,30,15.200000000000001,99.9,15.200000000000001,3.6,0
2015,4,6,5,30,15.200000000000001,100,15.200000000000001,3,0
2015,4,6,6,30,15.9,97.84,15.600000000000001,3.1,0
2015,4,6,7,30,18,86.74,15.8,4,155
2015,4,6,8,30,21,72.61,15.9,4.7,380
2015,4,6,9,30,24.3,58.4,15.600000000000001,4.7,516
2015,4,6,10,30,27.3,45.06,14.4,4.4,770
2015,4,6,11,30,29.3,33.69,11.700000000000001,4.2,890
2015,4,6,12,30,29.8,28.580000000000002,9.600000000000001,4.4,654
2015,4,6,13,30,29.6,26.17,8.200000000000001,4.6000000000000005,878
2015,4,6,14,30,28.900000000000002,24.57,6.7,4.3,858
2015,4,6,15,30,27.8,25.23,6.1000000000000005,3.4000000000000004,509
2015,4,6,16,30,27.400000000000002,28.51,7.5,3.3000000000000003,357
2015,4,6,17,30,25.8,30.39,7.1000000000000005,3,321
2015,4,6,18,30,22.3,43.59,9.3,2.3000000000000003,99
2015,4,6,19,30,20.400000000000002,50.08,9.700000000000001,2.9000000000000004,0
2015,4,6,20,30,19.8,56.38,10.9,3.7,0
2015,4,6,21,30,18.900000000000002,64.39,12,4.1000000000000005,0
2015,4,6,22,30,18,70.15,12.5,4.2,0
2015,4,6,23,30,17.2,73.58,12.4,4.3,0
2015,4,7,0,30,16.5,76.41,12.3,4.1000000000000005,0
2015,4,7,1,30,15.700000000000001,81.69,12.600000000000001,3.7,0
2015,4,7,2,30,15.200000000000001,85.85000000000001,12.8,3.4000000000000004,0
2015,4,7,3,30,14.700000000000001,88.84,12.9,3.1,0
2015,4,7,4,30,14.200000000000001,90.32000000000001,12.600000000000001,2.8000000000000003,0
2015,4,7,5,30,13.600000000000001,91.06,12.200000000000001,2.4000000000000004,0
2015,4,7,6,30,14.4,82.84,11.5,2.7,0
2015,4,7,7,30,17.1,66.02,10.700000000000001,3,136
2015,4,7,8,30,21,47.39,9.4,2.6,366
2015,4,7,9,30,25.900000000000002,30.02,7,2.9000000000000004,623
2015,4,7,10,30,29.8,18.3,3.2,3.6,805
2015,4,7,11,30,31.900000000000002,14.82,1.9000000000000001,4,934
2015,4,7,12,30,33,14.23,2.2,4.4,992
2015,4,7,13,30,33.5,13.93,2.3000000000000003,4.800000000000001,981
2015,4,7,14,30,33.6,13.8,2.2,5.1000000000000005,897
2015,4,7,15,30,33.1,14.01,2,4.9,750
2015,4,7,16,30,32,14.950000000000001,2.1,4.4,554
2015,4,7,17,30,29.1,18.900000000000002,3.1,2.8000000000000003,326
2015,4,7,18,30,25.200000000000003,33.71,8.1,1.6,101
2015,4,7,19,30,22.8,37.06,7.4,1.8,0
2015,4,7,20,30,21.900000000000002,39.49,7.5,2.6,0
2015,4,7,21,30,21.3,45.62,9.1,3.9000000000000004,0
2015,4,7,22,30,20.8,56.44,11.8,4.800000000000001,0
2015,4,7,23,30,20.3,68.03,14.200000000000001,5.4,0
2015,4,8,0,30,19.900000000000002,74.69,15.3,5.9,0
2015,4,8,1,30,19.5,77.37,15.4,5.7,0
2015,4,8,2,30,18.7,82.01,15.600000000000001,4.800000000000001,0
2015,4,8,3,30,18,86.37,15.700000000000001,4.3,0
2015,4,8,4,30,17.3,90.73,15.8,4,0
2015,4,8,5,30,16.900000000000002,92.56,15.700000000000001,4,0
2015,4,8,6,30,17.1,89.78,15.4,4.2,0
2015,4,8,7,30,18.1,83.09,15.200000000000001,4.4,10
2015,4,8,8,30,20.3,68.12,14.200000000000001,4.3,79
2015,4,8,9,30,23.3,50.68,12.5,4,49
2015,4,8,10,30,26.900000000000002,36.43,10.700000000000001,4.3,303
2015,4,8,11,30,29.6,26.810000000000002,8.5,5.1000000000000005,475
2015,4,8,12,30,30.900000000000002,23.87,7.9,5.7,721
2015,4,8,13,30,31.3,23.81,8.200000000000001,5.800000000000001,741
2015,4,8,14,30,31.5,24.330000000000002,8.700000000000001,5.800000000000001,722
2015,4,8,15,30,31.3,25.47,9.200000000000001,5.800000000000001,377
2015,4,8,16,30,30.3,28.12,9.8,5.5,474
2015,4,8,17,30,28.400000000000002,33.67,10.9,5,161
2015,4,8,18,30,26.200000000000003,41.88,12.200000000000001,5.2,46
2015,4,8,19,30,24.3,50.51,13.4,5.9,0
2015,4,8,20,30,22.6,61.95,14.9,6.300000000000001,0
2015,4,8,21,30,21,74.04,16.2,6.6000000000000005,0
2015,4,8,22,30,19.8,83.27,16.900000000000002,6.5,0
2015,4,8,23,30,18.900000000000002,90,17.2,6.2,0
2015,4,9,0,30,18.3,94.47,17.400000000000002,5.800000000000001,0
2015,4,9,1,30,17.8,97.16,17.3,5.1000000000000005,0
2015,4,9,2,30,16.900000000000002,99.64,16.8,4.1000000000000005,0
2015,4,9,3,30,15.700000000000001,100,15.700000000000001,3.2,0
2015,4,9,4,30,14.100000000000001,95.78,13.4,2.6,0
2015,4,9,5,30,12.8,81.69,9.700000000000001,2.3000000000000003,0
2015,4,9,6,30,13.4,59.35,5.6000000000000005,3,0
2015,4,9,7,30,16.2,39.56,2.4000000000000004,3.9000000000000004,133
2015,4,9,8,30,19.8,27.580000000000002,0.5,4.4,423
2015,4,9,9,30,23,18.34,-2.4000000000000004,4.7,610
2015,4,9,10,30,25.1,14.31,-4,4.4,753
2015,4,9,11,30,26.5,12.5,-4.7,4,919
2015,4,9,12,30,27.1,11.55,-5.300000000000001,3.6,962
2015,4,9,13,30,27.3,10.85,-5.9,3.2,832
2015,4,9,14,30,27.700000000000003,10.13,-6.5,3.2,881
2015,4,9,15,30,27.400000000000002,9.94,-7,2.9000000000000004,562
2015,4,9,16,30,26.3,10.4,-7.300000000000001,2,434
2015,4,9,17,30,24.700000000000003,13.94,-4.7,1,191
2015,4,9,18,30,22.6,25.79,2,0.8,75
2015,4,9,19,30,20.3,27.900000000000002,1.1,1.2000000000000002,0
2015,4,9,20,30,18.6,34.14,2.5,1.9000000000000001,0
2015,4,9,21,30,17.8,33.3,1.4000000000000001,3.1,0
2015,4,9,22,30,17.1,36.09,1.9000000000000001,4,0
2015,4,9,23,30,16.2,42.39,3.4000000000000004,4.1000000000000005,0
2015,4,10,0,30,15.200000000000001,48.34,4.4,4,0
2015,4,10,1,30,14.100000000000001,52.22,4.4,4.2,0
2015,4,10,2,30,12.9,54.050000000000004,3.8000000000000003,4.5,0
2015,4,10,3,30,11.9,54.76,3.1,4.5,0
2015,4,10,4,30,11.100000000000001,55.72,2.6,4.4,0
2015,4,10,5,30,10.600000000000001,56.42,2.3000000000000003,4.3,0
2015,4,10,6,30,10.600000000000001,55.79,2.1,4.9,0
2015,4,10,7,30,11.700000000000001,50.71,1.8,5.7,140
2015,4,10,8,30,13.4,44.88,1.7000000000000002,5.6000000000000005,395
2015,4,10,9,30,15.4,40.47,2,5,588
2015,4,10,10,30,17.400000000000002,37.410000000000004,2.7,4.5,727
2015,4,10,11,30,19.400000000000002,35.4,3.7,4.1000000000000005,901
2015,4,10,12,30,21.5,34.01,5,4,920
2015,4,10,13,30,23.1,34.27,6.5,3.9000000000000004,885
2015,4,10,14,30,24.1,34.85,7.6000000000000005,4,760
2015,4,10,15,30,24.400000000000002,35.64,8.200000000000001,4.3,603
2015,4,10,16,30,24,37.57,8.6,4.5,460
2015,4,10,17,30,22.6,42.17,9.1,4.1000000000000005,237
2015,4,10,18,30,20.6,49.39,9.600000000000001,3.6,85
2015,4,10,19,30,18.8,55.08,9.600000000000001,3.7,0
2015,4,10,20,30,17.6,57.09,9,3.9000000000000004,0
2015,4,10,21,30,16.8,58.59,8.6,3.9000000000000004,0
2015,4,10,22,30,16.6,60.660000000000004,9,4.1000000000000005,0
2015,4,10,23,30,16.3,67.2,10.200000000000001,4,0
2015,4,11,0,30,16.1,75.49,11.8,3.9000000000000004,0
2015,4,11,1,30,15.9,84.69,13.3,3.8000000000000003,0
2015,4,11,2,30,15.5,91.09,14.100000000000001,3.4000000000000004,0
2015,4,11,3,30,15.3,93.64,14.3,3,0
2015,4,11,4,30,15.100000000000001,95.09,14.3,3,0
2015,4,11,5,30,15,95.33,14.3,3.2,0
2015,4,11,6,30,15.4,92.48,14.200000000000001,3.8000000000000003,0
2015,4,11,7,30,17,82.88,14.100000000000001,4.5,39
2015,4,11,8,30,19.200000000000003,70.89,13.8,4.9,310
2015,4,11,9,30,21.3,62.57,13.9,4.800000000000001,472
2015,4,11,10,30,23.1,56.6,14,4.6000000000000005,385
2015,4,11,11,30,24.700000000000003,50.870000000000005,13.8,4.4,872
2015,4,11,12,30,26,45.63,13.4,4.2,619
2015,4,11,13,30,26.700000000000003,42.04,12.700000000000001,4.3,764
2015,4,11,14,30,27,40.06,12.3,4.7,712
2015,4,11,15,30,26.700000000000003,40.19,12.100000000000001,5.4,403
2015,4,11,16,30,25.6,42.89,12.100000000000001,6.1000000000000005,543
2015,4,11,17,30,23.700000000000003,49.480000000000004,12.5,6.4,326
2015,4,11,18,30,21.1,61.910000000000004,13.5,6,107
2015,4,11,19,30,19,76.27,14.700000000000001,5.300000000000001,0
2015,4,11,20,30,17.7,87.02,15.5,5.1000000000000005,0
2015,4,11,21,30,16.8,94.02,15.8,5.2,0
2015,4,11,22,30,16.3,97.59,15.9,5.5,0
2015,4,11,23,30,16.2,97.87,15.9,5.6000000000000005,0
2015,4,12,0,30,16.2,97.74000000000001,15.8,5.5,0
2015,4,12,1,30,16.2,98.04,15.9,5.5,0
2015,4,12,2,30,16.3,97.88,16,5.4,0
2015,4,12,3,30,16.3,97.98,16,5.2,0
2015,4,12,4,30,16.2,98.59,16,4.800000000000001,0
2015,4,12,5,30,16,99.54,15.9,4.3,0
2015,4,12,6,30,16.6,95.55,15.9,4.4,0
2015,4,12,7,30,18.5,85.10000000000001,15.9,5.1000000000000005,185
2015,4,12,8,30,20.8,72.59,15.700000000000001,5.300000000000001,411
2015,4,12,9,30,22.6,62.38,15,4.800000000000001,604
2015,4,12,10,30,24.1,54.06,14.200000000000001,4,762
2015,4,12,11,30,26,45.97,13.5,3.5,894
2015,4,12,12,30,28.1,37.64,12.3,3.6,976
2015,4,12,13,30,29.5,32.14,11.100000000000001,3.9000000000000004,961
2015,4,12,14,30,29.3,30.92,10.4,4.5,875
2015,4,12,15,30,27.8,34.37,10.700000000000001,5.1000000000000005,280
2015,4,12,16,30,25.6,42.45,11.9,5,110
2015,4,12,17,30,22.900000000000002,55.88,13.600000000000001,4.1000000000000005,153
2015,4,12,18,30,20.5,72.08,15.3,3.8000000000000003,31
2015,4,12,19,30,18.6,84.83,16,4.3,0
2015,4,12,20,30,17.5,91.56,16.1,4.3,0
2015,4,12,21,30,16.900000000000002,91.8,15.600000000000001,3.2,0
2015,4,12,22,30,16.2,94.3,15.3,1.9000000000000001,0
2015,4,12,23,30,15.4,98.15,15.100000000000001,1.4000000000000001,0
2015,4,13,0,30,14.5,100,14.5,1.4000000000000001,0
2015,4,13,1,30,14.100000000000001,100,14.100000000000001,1.8,0
2015,4,13,2,30,13.8,100,13.8,2.3000000000000003,0
2015,4,13,3,30,13.3,100,13.3,2.3000000000000003,0
2015,4,13,4,30,12.8,100,12.8,2.2,0
2015,4,13,5,30,12.3,99.92,12.3,1.9000000000000001,0
2015,4,13,6,30,12.700000000000001,94.17,11.8,1.8,6
2015,4,13,7,30,14.700000000000001,82.43,11.700000000000001,1.3,71
2015,4,13,8,30,17.8,67.15,11.600000000000001,0.6000000000000001,97
2015,4,13,9,30,20.3,54.18,10.700000000000001,0.4,105
2015,4,13,10,30,21.900000000000002,46.58,9.9,0.6000000000000001,645
2015,4,13,11,30,22.700000000000003,42.68,9.4,0.9,924
2015,4,13,12,30,22.8,41.410000000000004,9,1.1,513
2015,4,13,13,30,22.3,42.71,9,1.3,411
2015,4,13,14,30,21.1,47.39,9.5,2,406
2015,4,13,15,30,19.400000000000002,54.72,10.100000000000001,3.2,92
2015,4,13,16,30,17.6,64.03,10.700000000000001,4.5,110
2015,4,13,17,30,15.8,73.78,11.100000000000001,5.7,51
2015,4,13,18,30,14.100000000000001,82.39,11.100000000000001,6.6000000000000005,6
2015,4,13,19,30,12.700000000000001,86.91,10.600000000000001,7.1000000000000005,0
2015,4,13,20,30,11.700000000000001,88.14,9.8,7,0
2015,4,13,21,30,11.100000000000001,86.87,9,6.6000000000000005,0
2015,4,13,22,30,10.700000000000001,85.26,8.3,6.2,0
2015,4,13,23,30,10.3,84.22,7.800000000000001,5.7,0
2015,4,14,0,30,10,82.56,7.2,5.300000000000001,0
2015,4,14,1,30,9.600000000000001,81.34,6.6000000000000005,4.7,0
2015,4,14,2,30,9.3,80.28,6.1000000000000005,4.2,0
2015,4,14,3,30,9.200000000000001,78.72,5.7,3.9000000000000004,0
2015,4,14,4,30,9.1,77.34,5.300000000000001,3.7,0
2015,4,14,5,30,9.1,75.45,5,3.6,0
2015,4,14,6,30,9.5,72.11,4.7,3.6,14
2015,4,14,7,30,10.5,65.18,4.2,3.8000000000000003,32
2015,4,14,8,30,11.9,57.68,3.8000000000000003,3.7,54
2015,4,14,9,30,13.600000000000001,52.19,4,3.4000000000000004,358
2015,4,14,10,30,15.3,48.370000000000005,4.5,3,525
2015,4,14,11,30,17,45.01,5,2.6,654
2015,4,14,12,30,18.3,42.49,5.300000000000001,2.2,611
2015,4,14,13,30,19.400000000000002,40.26,5.5,1.9000000000000001,282
2015,4,14,14,30,20,38.92,5.6000000000000005,1.6,247
2015,4,14,15,30,20.200000000000003,38.19,5.5,1.3,326
2015,4,14,16,30,19.900000000000002,38.22,5.2,1,353
2015,4,14,17,30,18.900000000000002,39.72,4.9,0.7000000000000001,341
2015,4,14,18,30,16.7,49.89,6.2,0.7000000000000001,118
2015,4,14,19,30,14.3,61.27,6.9,1,0
2015,4,14,20,30,12.9,65,6.5,1.2000000000000002,0
2015,4,14,21,30,11.9,67.52,6.1000000000000005,1.3,0
2015,4,14,22,30,11.100000000000001,69.95,5.800000000000001,1.4000000000000001,0
2015,4,14,23,30,10.4,72.37,5.6000000000000005,1.4000000000000001,0
2015,4,15,0,30,9.8,74.63,5.5,1.4000000000000001,0
2015,4,15,1,30,9.200000000000001,77.36,5.4,1.5,0
2015,4,15,2,30,8.700000000000001,79.85000000000001,5.4,1.5,0
2015,4,15,3,30,8.3,82.43,5.5,1.7000000000000002,0
2015,4,15,4,30,8,84.9,5.6000000000000005,1.9000000000000001,0
2015,4,15,5,30,8,85.97,5.800000000000001,2.3000000000000003,0
2015,4,15,6,30,9.4,79.36,6,3.3000000000000003,17
2015,4,15,7,30,12.600000000000001,65.62,6.300000000000001,4.4,207
2015,4,15,8,30,16.5,52.53,6.800000000000001,5,439
2015,4,15,9,30,20,42.93,7,5.2,656
2015,4,15,10,30,22.8,35.36,6.7,4.9,833
2015,4,15,11,30,25,30,6.2,4.7,956
2015,4,15,12,30,26.6,26.37,5.7,4.5,1013
2015,4,15,13,30,27.5,24.09,5.2,4.5,1004
2015,4,15,14,30,27.900000000000002,22.18,4.3,4.5,921
2015,4,15,15,30,27.700000000000003,20.8,3.3000000000000003,4.5,779
2015,4,15,16,30,26.900000000000002,20.13,2.1,4.3,582
2015,4,15,17,30,24.6,22.57,1.8,3.3000000000000003,352
2015,4,15,18,30,20.900000000000002,36.03,5.300000000000001,2.4000000000000004,123
2015,4,15,19,30,18.8,41.79,5.5,2.9000000000000004,0
2015,4,15,20,30,18.400000000000002,44.230000000000004,6,3.8000000000000003,0
2015,4,15,21,30,17.900000000000002,48.33,6.800000000000001,4.5,0
2015,4,15,22,30,17.1,54.67,7.9,4.800000000000001,0
2015,4,15,23,30,16.3,66.14,10,5.1000000000000005,0
2015,4,16,0,30,15.700000000000001,81.96000000000001,12.600000000000001,5.1000000000000005,0
2015,4,16,1,30,15.3,94.53,14.4,5,0
2015,4,16,2,30,15.4,98.68,15.200000000000001,4.9,0
2015,4,16,3,30,15.5,99.32000000000001,15.4,4.800000000000001,0
2015,4,16,4,30,15.5,98.97,15.3,4.7,0
2015,4,16,5,30,15.3,99.16,15.200000000000001,4.6000000000000005,0
2015,4,16,6,30,16,94,15,4.800000000000001,9
2015,4,16,7,30,17.900000000000002,83.7,15.100000000000001,5.4,159
2015,4,16,8,30,20.6,69.91,14.9,5.7,426
2015,4,16,9,30,23.5,53.94,13.600000000000001,5.5,639
2015,4,16,10,30,25.700000000000003,41.64,11.700000000000001,5,813
2015,4,16,11,30,27.200000000000003,35.14,10.5,4.6000000000000005,933
2015,4,16,12,30,28.200000000000003,31.970000000000002,9.9,4.6000000000000005,990
2015,4,16,13,30,28.6,30.93,9.8,4.9,976
2015,4,16,14,30,28.6,30.740000000000002,9.700000000000001,5,894
2015,4,16,15,30,28.1,31.240000000000002,9.5,5,648
2015,4,16,16,30,27.400000000000002,32.12,9.3,4.7,339
2015,4,16,17,30,25.8,35.26,9.3,3.8000000000000003,74
2015,4,16,18,30,23.1,44.85,10.5,3,61
2015,4,16,19,30,21,53.88,11.3,3.4000000000000004,0
2015,4,16,20,30,20.1,59.33,11.9,4,0
2015,4,16,21,30,18.900000000000002,68.28,12.9,3.8000000000000003,0
2015,4,16,22,30,17.7,77.66,13.700000000000001,3.3000000000000003,0
2015,4,16,23,30,16.5,86.95,14.3,2.6,0
2015,4,17,0,30,15.3,95.4,14.600000000000001,2,0
2015,4,17,1,30,14.5,98.83,14.3,1.9000000000000001,0
2015,4,17,2,30,13.700000000000001,98.05,13.4,1.7000000000000002,0
2015,4,17,3,30,12.600000000000001,96.21000000000001,12,1.3,0
2015,4,17,4,30,11.4,92.39,10.200000000000001,1.3,0
2015,4,17,5,30,10.600000000000001,84.43,8.1,1.8,0
2015,4,17,6,30,11.200000000000001,70.10000000000001,6,2.8000000000000003,21
2015,4,17,7,30,13.700000000000001,53.160000000000004,4.3,3.2,215
2015,4,17,8,30,17.900000000000002,38.04,3.4000000000000004,2.9000000000000004,395
2015,4,17,9,30,21.8,22.09,-0.8,2.5,576
2015,4,17,10,30,24.200000000000003,16.28,-3,2,847
2015,4,17,11,30,25.6,14.66,-3.3000000000000003,1.9000000000000001,970
2015,4,17,12,30,26.5,14.31,-2.9000000000000004,2,1026
2015,4,17,13,30,27,14.47,-2.3000000000000003,2.4000000000000004,869
2015,4,17,14,30,27,14.83,-2,2.8000000000000003,820
2015,4,17,15,30,26.5,15.25,-2,3,781
2015,4,17,16,30,25.3,16.07,-2.3000000000000003,2.9000000000000004,587
2015,4,17,17,30,23.3,19.150000000000002,-1.5,2,357
2015,4,17,18,30,20.700000000000003,34.12,4.3,1.2000000000000002,127
2015,4,17,19,30,19.1,37.58,4.3,1,0
2015,4,17,20,30,18.7,36.84,3.6,0.9,0
2015,4,17,21,30,18,35.85,2.6,0.8,0
2015,4,17,22,30,16.7,35.4,1.3,0.8,0
2015,4,17,23,30,15.3,38.17,1.1,0.9,0
2015,4,18,0,30,13.700000000000001,43.21,1.4000000000000001,1.1,0
2015,4,18,1,30,12.3,48.26,1.7000000000000002,1.2000000000000002,0
2015,4,18,2,30,11.3,51.27,1.6,1.3,0
2015,4,18,3,30,10.5,52.85,1.3,1.3,0
2015,4,18,4,30,9.9,53.410000000000004,0.9,1.3,0
2015,4,18,5,30,9.700000000000001,53.160000000000004,0.6000000000000001,1.4000000000000001,0
2015,4,18,6,30,11.600000000000001,47.39,0.8,2,23
2015,4,18,7,30,14.8,37.1,0.30000000000000004,2.7,219
2015,4,18,8,30,18.7,27.91,-0.2,3.4000000000000004,455
2015,4,18,9,30,22.8,17.93,-2.8000000000000003,4.4,678
2015,4,18,10,30,25.1,13.030000000000001,-5.2,5,863
2015,4,18,11,30,26.3,11.43,-6,5.4,987
2015,4,18,12,30,27,10.73,-6.300000000000001,5.7,1049
2015,4,18,13,30,27.3,10.66,-6.2,5.9,1034
2015,4,18,14,30,27.200000000000003,10.86,-6,6,949
2015,4,18,15,30,26.900000000000002,11.02,-6,6,795
2015,4,18,16,30,26.200000000000003,11.39,-6.1000000000000005,5.7,597
2015,4,18,17,30,24.1,13.34,-5.7,4.3,363
2015,4,18,18,30,20.3,22.42,-1.9000000000000001,2.7,131
2015,4,18,19,30,17.400000000000002,30.29,-0.2,2.3000000000000003,0
2015,4,18,20,30,16.3,32.1,-0.4,2.3000000000000003,0
2015,4,18,21,30,15.600000000000001,33.53,-0.4,2.5,0
2015,4,18,22,30,15,34.58,-0.5,2.8000000000000003,0
2015,4,18,23,30,14.4,36.57,-0.30000000000000004,3.2,0
2015,4,19,0,30,13.700000000000001,40.09,0.4,3.5,0
2015,4,19,1,30,13,43.74,0.9,3.8000000000000003,0
2015,4,19,2,30,12.3,46.22,1.1,3.6,0
2015,4,19,3,30,11.700000000000001,48.85,1.3,3.2,0
2015,4,19,4,30,11.100000000000001,51.45,1.5,3.1,0
2015,4,19,5,30,10.8,52.88,1.6,3.1,0
2015,4,19,6,30,11.9,49.800000000000004,1.7000000000000002,3.7,26
2015,4,19,7,30,14.700000000000001,42,1.9000000000000001,4.800000000000001,227
2015,4,19,8,30,17.7,32.83,1.1,5.6000000000000005,462
2015,4,19,9,30,20.200000000000003,25.26,-0.30000000000000004,5.9,680
2015,4,19,10,30,21.900000000000002,21.96,-0.8,5.9,858
2015,4,19,11,30,23.200000000000003,20.53,-0.7000000000000001,5.9,980
2015,4,19,12,30,24.1,19.96,-0.30000000000000004,5.800000000000001,1031
2015,4,19,13,30,24.700000000000003,19.93,0.2,5.800000000000001,1013
2015,4,19,14,30,24.8,20.6,0.7000000000000001,5.800000000000001,926
2015,4,19,15,30,24.3,22.080000000000002,1.3,5.6000000000000005,780
2015,4,19,16,30,23.200000000000003,24.42,1.7000000000000002,5.4,583
2015,4,19,17,30,21.400000000000002,28.04,2.2,4.800000000000001,357
2015,4,19,18,30,18.6,34.63,2.7,3.8000000000000003,116
2015,4,19,19,30,16.3,42.51,3.5,3.6,0
2015,4,19,20,30,14.9,46.36,3.5,4.2,0
2015,4,19,21,30,13.5,50.64,3.5,4.2,0
2015,4,19,22,30,12.100000000000001,54.72,3.3000000000000003,3.7,0
2015,4,19,23,30,11,57.35,2.9000000000000004,3.1,0
2015,4,20,0,30,10,59.92,2.6,2.6,0
2015,4,20,1,30,9.3,61.64,2.3000000000000003,2.4000000000000004,0
2015,4,20,2,30,8.6,63.61,2.1,2.2,0
2015,4,20,3,30,8.1,65.18,2,2.1,0
2015,4,20,4,30,7.800000000000001,65.96000000000001,1.8,2.2,0
2015,4,20,5,30,7.5,66.54,1.7000000000000002,2.1,0
2015,4,20,6,30,8.5,61.72,1.6,2.5,26
2015,4,20,7,30,11.200000000000001,48.22,0.7000000000000001,3.4000000000000004,221
2015,4,20,8,30,14.100000000000001,32.95,-2,3.9000000000000004,454
2015,4,20,9,30,16.6,25.95,-3,3.9000000000000004,670
2015,4,20,10,30,18.6,23.06,-2.9000000000000004,3.7,846
2015,4,20,11,30,20.5,21.44,-2.3000000000000003,3.6,963
2015,4,20,12,30,22,21.16,-1.2000000000000002,3.6,924
2015,4,20,13,30,23,21.5,-0.2,3.8000000000000003,960
2015,4,20,14,30,23.5,22.02,0.6000000000000001,4,913
2015,4,20,15,30,23.400000000000002,22.97,1.1,4.1000000000000005,721
2015,4,20,16,30,22.900000000000002,24.25,1.4000000000000001,4.2,569
2015,4,20,17,30,21.5,27.11,1.8,3.7,347
2015,4,20,18,30,18.7,35.11,3,2.9000000000000004,125
2015,4,20,19,30,16.5,43.730000000000004,4.1000000000000005,3.1,0
2015,4,20,20,30,15.600000000000001,46.96,4.3,3.9000000000000004,0
2015,4,20,21,30,14.600000000000001,51.4,4.7,4.4,0
2015,4,20,22,30,13.4,55.6,4.7,4.4,0
2015,4,20,23,30,12.3,57.620000000000005,4.2,4.1000000000000005,0
2015,4,21,0,30,11.5,57.75,3.5,3.8000000000000003,0
2015,4,21,1,30,10.8,58.83,3.1,3.6,0
2015,4,21,2,30,10.100000000000001,63.28,3.4000000000000004,3.2,0
2015,4,21,3,30,9.5,70.92,4.5,2.4000000000000004,0
2015,4,21,4,30,8.9,79.53,5.6000000000000005,1.8,0
2015,4,21,5,30,8.8,85.71000000000001,6.5,1.5,0
2015,4,21,6,30,10.3,82.03,7.4,2.1,27
2015,4,21,7,30,13.200000000000001,73.02,8.5,2.9000000000000004,215
2015,4,21,8,30,16.400000000000002,65.04,9.8,3,441
2015,4,21,9,30,19.700000000000003,55.300000000000004,10.5,2.5,655
2015,4,21,10,30,22.900000000000002,45.730000000000004,10.600000000000001,1.7000000000000002,830
2015,4,21,11,30,26.1,34.67,9.3,0.8,949
2015,4,21,12,30,28.3,25.11,6.5,0.5,1011
2015,4,21,13,30,29.5,21.43,5.2,0.9,996
2015,4,21,14,30,29.900000000000002,19.94,4.5,1.5,915
2015,4,21,15,30,29.8,19.69,4.2,2.1,771
2015,4,21,16,30,29.200000000000003,20.17,4.1000000000000005,2.6,576
2015,4,21,17,30,27.200000000000003,23.1,4.3,2.4000000000000004,352
2015,4,21,18,30,23.700000000000003,36.53,8,2.1,128
2015,4,21,19,30,21.400000000000002,42.4,8.1,3.1,0
2015,4,21,20,30,20.700000000000003,44.51,8.200000000000001,4.6000000000000005,0
2015,4,21,21,30,19.5,51.42,9.200000000000001,5.300000000000001,0
2015,4,21,22,30,18,63.690000000000005,11,5.2,0
2015,4,21,23,30,16.7,78.43,12.9,5,0
2015,4,22,0,30,15.8,90.06,14.200000000000001,4.7,0
2015,4,22,1,30,15.5,95.62,14.8,4.5,0
2015,4,22,2,30,15.700000000000001,96.59,15.200000000000001,4.800000000000001,0
2015,4,22,3,30,16.1,96.09,15.5,5.2,0
2015,4,22,4,30,16.1,97.18,15.700000000000001,5,0
2015,4,22,5,30,16.1,98.03,15.8,4.6000000000000005,0
2015,4,22,6,30,16.900000000000002,92.75,15.700000000000001,5,28
2015,4,22,7,30,18.7,80.16,15.200000000000001,5.5,90
2015,4,22,8,30,21.1,64.87,14.200000000000001,5.5,201
2015,4,22,9,30,23.8,50.620000000000005,12.9,5,668
2015,4,22,10,30,26.400000000000002,38.33,11.100000000000001,4.4,846
2015,4,22,11,30,28.5,29.54,9,3.7,965
2015,4,22,12,30,30,24.25,7.4,3.1,1019
2015,4,22,13,30,31,21.09,6.2,2.6,1003
2015,4,22,14,30,31.400000000000002,19.490000000000002,5.4,2.5,920
2015,4,22,15,30,31.200000000000003,18.56,4.5,2.7,645
2015,4,22,16,30,30.5,17.76,3.3000000000000003,2.9000000000000004,509
2015,4,22,17,30,28.1,18.87,2.2,2.3000000000000003,294
2015,4,22,18,30,24.400000000000002,32.24,6.7,1.5,119
2015,4,22,19,30,21.8,36.07,6.1000000000000005,1.5,0
2015,4,22,20,30,20.6,36.49,5.2,1.6,0
2015,4,22,21,30,19.5,38.52,5,1.6,0
2015,4,22,22,30,18.400000000000002,41.800000000000004,5.2,1.5,0
2015,4,22,23,30,17.6,44.300000000000004,5.300000000000001,1.4000000000000001,0
2015,4,23,0,30,17.1,44.92,5,1.2000000000000002,0
2015,4,23,1,30,16.900000000000002,44.02,4.6000000000000005,1,0
2015,4,23,2,30,16.8,42.47,4,0.8,0
2015,4,23,3,30,16.400000000000002,42.13,3.5,0.5,0
2015,4,23,4,30,15.600000000000001,45.25,3.8000000000000003,0.5,0
2015,4,23,5,30,14.700000000000001,51.56,4.800000000000001,0.6000000000000001,0
2015,4,23,6,30,14.9,53.46,5.5,0.8,17
2015,4,23,7,30,16,51.910000000000004,6.1000000000000005,1,65
2015,4,23,8,30,17.7,46.32,6,1,219
2015,4,23,9,30,19.900000000000002,39.19,5.6000000000000005,1.2000000000000002,469
2015,4,23,10,30,21.8,32.93,4.800000000000001,1.8,642
2015,4,23,11,30,23.400000000000002,28.36,4,2.9000000000000004,606
2015,4,23,12,30,24.900000000000002,24.29,3.1,3.9000000000000004,707
2015,4,23,13,30,26.200000000000003,20.71,2,4.5,541
2015,4,23,14,30,26.700000000000003,18.96,1.1,4.7,423
2015,4,23,15,30,26.400000000000002,19.78,1.5,4.5,372
2015,4,23,16,30,25.400000000000002,22.85,2.7,4,281
2015,4,23,17,30,23.5,28.45,4.2,3.4000000000000004,209
2015,4,23,18,30,21.6,33.09,4.7,3.3000000000000003,65
2015,4,23,19,30,20.200000000000003,35.4,4.4,3.8000000000000003,0
2015,4,23,20,30,19.3,38.160000000000004,4.7,5.4,0
2015,4,23,21,30,18.2,47.26,6.800000000000001,6.6000000000000005,0
2015,4,23,22,30,17,63.480000000000004,10,6,0
2015,4,23,23,30,16.2,76.16,12,5.1000000000000005,0
2015,4,24,0,30,15.8,83.39,13,4.5,0
2015,4,24,1,30,15.700000000000001,85.76,13.3,4.2,0
2015,4,24,2,30,15.700000000000001,86.17,13.4,4,0
2015,4,24,3,30,15.700000000000001,86.4,13.4,3.9000000000000004,0
2015,4,24,4,30,15.4,88.3,13.5,3.7,0
2015,4,24,5,30,15.100000000000001,90.91,13.600000000000001,3.5,0
2015,4,24,6,30,15.600000000000001,89.24,13.8,4,13
2015,4,24,7,30,17.6,80.45,14.200000000000001,5.1000000000000005,19
2015,4,24,8,30,20.5,65.47,13.8,6.2,15
2015,4,24,9,30,23,51.92,12.600000000000001,6.800000000000001,529
2015,4,24,10,30,24.6,44.47,11.700000000000001,7,665
2015,4,24,11,30,25.900000000000002,39.94,11.200000000000001,7.1000000000000005,788
2015,4,24,12,30,26.900000000000002,35.35,10.3,7.300000000000001,860
2015,4,24,13,30,27.5,29.93,8.3,7.6000000000000005,676
2015,4,24,14,30,27.6,24.63,5.6000000000000005,7.800000000000001,905
2015,4,24,15,30,27.400000000000002,20.150000000000002,2.6,7.9,736
2015,4,24,16,30,26.6,17.150000000000002,-0.30000000000000004,7.7,601
2015,4,24,17,30,25,16.86,-1.9000000000000001,6.800000000000001,375
2015,4,24,18,30,22.1,21,-1.3,5.300000000000001,143
2015,4,24,19,30,19.700000000000003,27.150000000000002,0.2,4.6000000000000005,0
2015,4,24,20,30,18.7,29.77,0.7000000000000001,4.7,0
2015,4,24,21,30,17.900000000000002,31.23,0.6000000000000001,4.7,0
2015,4,24,22,30,17.1,32.59,0.5,4.6000000000000005,0
2015,4,24,23,30,16.5,33.72,0.5,4.800000000000001,0
2015,4,25,0,30,15.9,35.13,0.5,5.1000000000000005,0
2015,4,25,1,30,15.100000000000001,37.36,0.6000000000000001,4.9,0
2015,4,25,2,30,14.3,40.04,0.9,4.5,0
2015,4,25,3,30,13.700000000000001,42.17,1.1,4.3,0
2015,4,25,4,30,13.200000000000001,44.35,1.3,3.9000000000000004,0
2015,4,25,5,30,12.9,46.29,1.6,3.7,0
2015,4,25,6,30,14.3,43.39,2,4,41
2015,4,25,7,30,17.7,35.94,2.4000000000000004,4.5,248
2015,4,25,8,30,21.6,29.34,3,5.4,481
2015,4,25,9,30,24.3,22.6,1.6,6.2,697
2015,4,25,10,30,25.900000000000002,19.68,1,6.300000000000001,873
2015,4,25,11,30,27.1,17.92,0.7000000000000001,6.300000000000001,993
2015,4,25,12,30,28.1,16.64,0.5,6.4,1046
2015,4,25,13,30,28.700000000000003,15.55,0,6.5,1030
2015,4,25,14,30,28.900000000000002,14.56,-0.7000000000000001,6.7,946
2015,4,25,15,30,28.700000000000003,13.780000000000001,-1.7000000000000002,6.6000000000000005,803
2015,4,25,16,30,28.1,13.27,-2.6,6.2,607
2015,4,25,17,30,26.3,13.96,-3.4000000000000004,4.800000000000001,380
2015,4,25,18,30,22.5,20.35,-1.4000000000000001,2.9000000000000004,147
2015,4,25,19,30,19.200000000000003,29.13,0.8,2.1,0
2015,4,25,20,30,17.900000000000002,31.29,0.7000000000000001,2,0
2015,4,25,21,30,16.900000000000002,33.24,0.6000000000000001,1.9000000000000001,0
2015,4,25,22,30,16.1,35.13,0.7000000000000001,1.8,0
2015,4,25,23,30,15.3,37.33,0.8,1.7000000000000002,0
2015,4,26,0,30,14.5,39.64,0.9,1.6,0
2015,4,26,1,30,13.600000000000001,42.36,1,1.7000000000000002,0
2015,4,26,2,30,13,44.21,1.1,1.9000000000000001,0
2015,4,26,3,30,12.4,46.69,1.3,2,0
2015,4,26,4,30,11.9,49.6,1.7000000000000002,1.9000000000000001,0
2015,4,26,5,30,11.8,50.85,1.9000000000000001,1.7000000000000002,0
2015,4,26,6,30,14,45.6,2.4000000000000004,2.2,42
2015,4,26,7,30,17.8,36.39,2.7,2.9000000000000004,246
2015,4,26,8,30,21.900000000000002,28.79,3,3.6,477
2015,4,26,9,30,25.8,22.07,2.5,4.2,688
2015,4,26,10,30,28,18.56,1.9000000000000001,4.4,821
2015,4,26,11,30,29.3,16.62,1.4000000000000001,4.9,982
2015,4,26,12,30,30,15.46,1,5.7,1037
2015,4,26,13,30,30.200000000000003,14.67,0.4,6.300000000000001,1018
2015,4,26,14,30,30,13.9,-0.5,6.7,934
2015,4,26,15,30,29.1,13.76,-1.4000000000000001,7,643
2015,4,26,16,30,27.400000000000002,14.76,-1.7000000000000002,7.5,317
2015,4,26,17,30,24.8,17.92,-1.2000000000000002,7.9,287
2015,4,26,18,30,21.900000000000002,22.41,-0.5,7.4,14
2015,4,26,19,30,19.3,26.68,-0.30000000000000004,6.2,0
2015,4,26,20,30,17.400000000000002,30.970000000000002,0.1,4.9,0
2015,4,26,21,30,15.700000000000001,35.67,0.5,3.7,0
2015,4,26,22,30,14.5,40.17,1.1,2.9000000000000004,0
2015,4,26,23,30,13.4,44.53,1.6,2.4000000000000004,0
2015,4,27,0,30,12.4,48.78,1.9000000000000001,2,0
2015,4,27,1,30,11.600000000000001,53.36,2.4000000000000004,1.7000000000000002,0
2015,4,27,2,30,10.9,59.78,3.4000000000000004,1.4000000000000001,0
2015,4,27,3,30,10.200000000000001,69.67,4.9,1.1,0
2015,4,27,4,30,9.700000000000001,78.7,6.2,0.9,0
2015,4,27,5,30,9.8,83.56,7.1000000000000005,1.1,0
2015,4,27,6,30,11.3,79.56,7.9,2,43
2015,4,27,7,30,14,69.66,8.5,3.1,244
2015,4,27,8,30,16.400000000000002,59,8.4,3.6,471
2015,4,27,9,30,18.3,49.660000000000004,7.6000000000000005,3.8000000000000003,682
2015,4,27,10,30,19.900000000000002,42.94,6.9,4,811
2015,4,27,11,30,21.1,38.78,6.5,4.3,830
2015,4,27,12,30,21.8,36.45,6.2,4.5,370
2015,4,27,13,30,22.3,34.64,5.9,4.9,553
2015,4,27,14,30,22,34.44,5.6000000000000005,5.300000000000001,300
2015,4,27,15,30,20.900000000000002,36.14,5.300000000000001,5.800000000000001,481
2015,4,27,16,30,18.900000000000002,40.61,5.2,6.4,302
2015,4,27,17,30,16.400000000000002,47.64,5.2,6.800000000000001,362
2015,4,27,18,30,13.8,56.27,5.2,6.7,139
2015,4,27,19,30,11.8,63.17,5,6.5,0
2015,4,27,20,30,10.5,66.4,4.5,6.2,0
2015,4,27,21,30,9.600000000000001,66.66,3.7,6,0
2015,4,27,22,30,8.700000000000001,67.28,3,5.9,0
2015,4,27,23,30,8,68.75,2.6,5.800000000000001,0
2015,4,28,0,30,7.5,70.8,2.5,5.800000000000001,0
2015,4,28,1,30,7.300000000000001,72.14,2.6,5.800000000000001,0
2015,4,28,2,30,7.300000000000001,72.9,2.8000000000000003,5.9,0
2015,4,28,3,30,7.300000000000001,73.97,3,6,0
2015,4,28,4,30,7.2,75.7,3.2,5.9,0
2015,4,28,5,30,7.2,76.66,3.4000000000000004,5.7,0
2015,4,28,6,30,7.800000000000001,74.48,3.5,6,15
2015,4,28,7,30,9.1,68.39,3.6,6.5,16
2015,4,28,8,30,10.8,61.27,3.6,6.7,69
2015,4,28,9,30,12.8,53.800000000000004,3.7,6.7,159
2015,4,28,10,30,14.700000000000001,46.980000000000004,3.5,6.5,190
2015,4,28,11,30,16.5,40.75,3.1,6.4,735
2015,4,28,12,30,18.1,35.56,2.6,6.4,460
2015,4,28,13,30,18.900000000000002,32.59,2.1,6.5,321
2015,4,28,14,30,18.8,32.24,1.9000000000000001,6.6000000000000005,140
2015,4,28,15,30,18.1,33.89,1.9000000000000001,6.4,210
2015,4,28,16,30,17,36.89,2.2,6,309
2015,4,28,17,30,15.700000000000001,40.71,2.4000000000000004,5.2,275
2015,4,28,18,30,13.8,46.83,2.6,3.7,32
2015,4,28,19,30,11.8,55.64,3.2,2.1,0
2015,4,28,20,30,10.4,63.1,3.7,1.4000000000000001,0
2015,4,28,21,30,9.4,68,3.8000000000000003,1,0
2015,4,28,22,30,9,70.3,3.9000000000000004,0.8,0
2015,4,28,23,30,9,70.71000000000001,4,0.5,0
2015,4,29,0,30,8.8,71.71000000000001,4,0.4,0
2015,4,29,1,30,8.1,75.10000000000001,4,0.7000000000000001,0
2015,4,29,2,30,7.1000000000000005,80.16,3.9000000000000004,1,0
2015,4,29,3,30,6.2,84.53,3.8000000000000003,1.1,0
2015,4,29,4,30,5.6000000000000005,87.04,3.6,1.2000000000000002,0
2015,4,29,5,30,5.7,85.11,3.4000000000000004,1.2000000000000002,0
2015,4,29,6,30,7.9,72.07000000000001,3.2,1.9000000000000001,52
2015,4,29,7,30,12.100000000000001,54.18,3.1,2.3000000000000003,265
2015,4,29,8,30,16,39.76,2.3000000000000003,1.9000000000000001,500
2015,4,29,9,30,18.7,30.53,1,1.8,716
2015,4,29,10,30,20.6,25.27,0,1.7000000000000002,891
2015,4,29,11,30,22.200000000000003,21.54,-0.8,1.7000000000000002,1010
2015,4,29,12,30,23.5,18.990000000000002,-1.5,1.5,1062
2015,4,29,13,30,24.400000000000002,17.35,-2,1.4000000000000001,1046
2015,4,29,14,30,24.8,16.46,-2.4000000000000004,1.3,961
2015,4,29,15,30,24.700000000000003,16.21,-2.6,1.1,810
2015,4,29,16,30,24.1,16.43,-2.9000000000000004,0.9,614
2015,4,29,17,30,22.900000000000002,17.42,-3.1,0.7000000000000001,387
2015,4,29,18,30,20.3,26.310000000000002,0.30000000000000004,0.8,155
2015,4,29,19,30,17.400000000000002,34.4,1.5,1.1,0
2015,4,29,20,30,15.200000000000001,39.13,1.4000000000000001,1.4000000000000001,0
2015,4,29,21,30,13.8,41.58,1,1.6,0
2015,4,29,22,30,13,41.68,0.30000000000000004,1.9000000000000001,0
2015,4,29,23,30,12.200000000000001,42.9,-0.1,2.2,0
2015,4,30,0,30,11.5,44.62,-0.1,2.4000000000000004,0
2015,4,30,1,30,10.8,46.57,-0.2,2.4000000000000004,0
2015,4,30,2,30,10.100000000000001,48.47,-0.30000000000000004,2.4000000000000004,0
2015,4,30,3,30,9.4,50.480000000000004,-0.4,2.2,0
2015,4,30,4,30,8.700000000000001,52.7,-0.4,1.9000000000000001,0
2015,4,30,5,30,8.5,53.04,-0.5,1.7000000000000002,0
2015,4,30,6,30,10.700000000000001,46.38,-0.30000000000000004,2.3000000000000003,53
2015,4,30,7,30,14.3,35.77,-0.7000000000000001,2.7,265
2015,4,30,8,30,18.8,27.67,-0.30000000000000004,3.2,499
2015,4,30,9,30,22.8,18.72,-2.2,3.9000000000000004,714
2015,4,30,10,30,24.8,16.18,-2.6,3.9000000000000004,889
2015,4,30,11,30,26.3,14.870000000000001,-2.5,3.8000000000000003,1007
2015,4,30,12,30,27.3,13.790000000000001,-2.7,3.8000000000000003,1064
2015,4,30,13,30,28,12.89,-3.1,3.7,1047
2015,4,30,14,30,28.200000000000003,12.33,-3.5,3.5,961
2015,4,30,15,30,28,12.120000000000001,-3.9000000000000004,3.4000000000000004,810
2015,4,30,16,30,27.3,12.35,-4.2,3.2,615
2015,4,30,17,30,25.400000000000002,13.66,-4.4,2.5,388
2015,4,30,18,30,21.5,24.8,0.5,1.8,157
2015,4,30,19,30,18.2,32.56,1.5,2,0
2015,4,30,20,30,17.1,31.98,0.30000000000000004,2.4000000000000004,0
2015,4,30,21,30,16.400000000000002,32.72,0,2.8000000000000003,0
2015,4,30,22,30,15.600000000000001,35.08,0.2,3.2,0
2015,4,30,23,30,14.700000000000001,38.76,0.8,3.4000000000000004,0
2015,5,1,0,30,13.9,42.800000000000004,1.5,3.5,0
2015,5,1,1,30,13,47.45,2.1,3.3000000000000003,0
2015,5,1,2,30,12.100000000000001,52.39,2.6,2.9000000000000004,0
2015,5,1,3,30,11.3,57.18,3.1,2.3000000000000003,0
2015,5,1,4,30,10.600000000000001,61.54,3.5,1.9000000000000001,0
2015,5,1,5,30,10.600000000000001,63.01,3.8000000000000003,2,0
2015,5,1,6,30,12.4,57.7,4.3,2.8000000000000003,55
2015,5,1,7,30,16,47.37,4.800000000000001,3.6,262
2015,5,1,8,30,20.5,36.29,5,4.4,491
2015,5,1,9,30,24.400000000000002,25.310000000000002,3.3000000000000003,5,702
2015,5,1,10,30,26.8,19.650000000000002,1.7000000000000002,5,873
2015,5,1,11,30,28.3,17.54,1.3,4.9,988
2015,5,1,12,30,29.400000000000002,16.55,1.4000000000000001,4.6000000000000005,1040
2015,5,1,13,30,30,16.02,1.5,4.3,1024
2015,5,1,14,30,30.200000000000003,15.81,1.4000000000000001,4,940
2015,5,1,15,30,29.900000000000002,16.07,1.4000000000000001,3.8000000000000003,793
2015,5,1,16,30,29.1,16.85,1.4000000000000001,3.7,601
2015,5,1,17,30,27.3,18.830000000000002,1.5,3.1,378
2015,5,1,18,30,23.700000000000003,27.04,3.6,2.3000000000000003,153
2015,5,1,19,30,20.700000000000003,35.62,4.9,2.3000000000000003,0
2015,5,1,20,30,19.6,36.26,4.2,2.9000000000000004,0
2015,5,1,21,30,18.7,37.59,3.9000000000000004,3.4000000000000004,0
2015,5,1,22,30,17.6,39.74,3.7,3.6,0
2015,5,1,23,30,16.6,41.84,3.6,3.7,0
2015,5,2,0,30,15.600000000000001,43.910000000000004,3.4000000000000004,3.9000000000000004,0
2015,5,2,1,30,14.600000000000001,47.25,3.5,3.6,0
2015,5,2,2,30,13.600000000000001,52.82,4.1000000000000005,3.1,0
2015,5,2,3,30,12.700000000000001,59.5,5,2.6,0
2015,5,2,4,30,12,66.02,5.800000000000001,2.1,0
2015,5,2,5,30,11.8,70.23,6.6000000000000005,2,0
2015,5,2,6,30,13.4,66.31,7.2,2.8000000000000003,57
2015,5,2,7,30,16.8,55.9,7.9,4.2,262
2015,5,2,8,30,20.5,44.97,8.200000000000001,5.4,489
2015,5,2,9,30,23.5,34.75,7.1000000000000005,5.800000000000001,695
2015,5,2,10,30,25.700000000000003,28.89,6.300000000000001,6,864
2015,5,2,11,30,27.400000000000002,25.27,5.800000000000001,5.9,975
2015,5,2,12,30,28.700000000000003,22.6,5.300000000000001,5.7,1028
2015,5,2,13,30,29.6,20.85,4.9,5.5,1009
2015,5,2,14,30,30,20.13,4.7,5.300000000000001,925
2015,5,2,15,30,29.900000000000002,20.29,4.7,5.1000000000000005,783
2015,5,2,16,30,29.200000000000003,21.2,4.800000000000001,5,593
2015,5,2,17,30,27.6,23.5,4.9,4.6000000000000005,373
2015,5,2,18,30,24.6,29.62,5.7,3.6,152
2015,5,2,19,30,22,37.480000000000004,6.800000000000001,3.6,0
2015,5,2,20,30,20.8,40.69,7,4.4,0
2015,5,2,21,30,19.700000000000003,44.730000000000004,7.300000000000001,4.7,0
2015,5,2,22,30,18.400000000000002,49.63,7.7,4.5,0
2015,5,2,23,30,17.3,53.27,7.7,4.4,0
2015,5,3,0,30,16.5,55.06,7.4,4.5,0
2015,5,3,1,30,15.8,56.68,7.2,4.9,0
2015,5,3,2,30,15.3,59.06,7.300000000000001,4.9,0
2015,5,3,3,30,14.600000000000001,64.46000000000001,8,4.4,0
2015,5,3,4,30,14,70.92,8.8,4.1000000000000005,0
2015,5,3,5,30,13.9,75.34,9.600000000000001,4.2,0
2015,5,3,6,30,14.700000000000001,75.42,10.4,4.7,57
2015,5,3,7,30,16.5,71.23,11.3,5.4,207
2015,5,3,8,30,19.1,62.99,11.9,5.7,483
2015,5,3,9,30,22,53.27,12.100000000000001,5.7,645
2015,5,3,10,30,24.900000000000002,44.52,12,5.800000000000001,854
2015,5,3,11,30,27.700000000000003,36.95,11.700000000000001,5.800000000000001,969
2015,5,3,12,30,30,30.650000000000002,10.9,5.7,1023
2015,5,3,13,30,31.200000000000003,26.69,9.8,5.7,1007
2015,5,3,14,30,31.5,24.92,9.1,5.7,927
2015,5,3,15,30,31.1,24.98,8.700000000000001,5.7,783
2015,5,3,16,30,30,26.43,8.700000000000001,5.7,595
2015,5,3,17,30,28.3,29.1,8.6,5.4,377
2015,5,3,18,30,25.5,35.32,9.1,4.6000000000000005,135
2015,5,3,19,30,22.8,43.82,9.9,4,0
2015,5,3,20,30,21.200000000000003,50.550000000000004,10.5,3.8000000000000003,0
2015,5,3,21,30,20,57.46,11.3,3.4000000000000004,0
2015,5,3,22,30,19.400000000000002,63.04,12.200000000000001,3,0
2015,5,3,23,30,19.1,67.52,12.9,3,0
2015,5,4,0,30,18.8,71.72,13.600000000000001,3.1,0
2015,5,4,1,30,18.3,77.18,14.200000000000001,3.2,0
2015,5,4,2,30,18,82.25,14.9,3.4000000000000004,0
2015,5,4,3,30,17.7,88.31,15.700000000000001,3.7,0
2015,5,4,4,30,17.5,92.33,16.2,3.8000000000000003,0
2015,5,4,5,30,17.5,94.22,16.6,3.9000000000000004,0
2015,5,4,6,30,18.2,91.23,16.7,4.1000000000000005,18
2015,5,4,7,30,19.8,83.65,17,5,65
2015,5,4,8,30,21.8,73.84,16.900000000000002,5.7,40
2015,5,4,9,30,23.5,66.04,16.8,6.2,481
2015,5,4,10,30,24.700000000000003,60.77,16.6,6.4,827
2015,5,4,11,30,25.400000000000002,57.35,16.400000000000002,6.6000000000000005,941
2015,5,4,12,30,25.700000000000003,55.15,16,6.6000000000000005,756
2015,5,4,13,30,25.8,53.480000000000004,15.600000000000001,6.6000000000000005,192
2015,5,4,14,30,25.900000000000002,52.050000000000004,15.3,6.800000000000001,488
2015,5,4,15,30,25.700000000000003,51.81,15.100000000000001,6.9,754
2015,5,4,16,30,25.200000000000003,53.11,15,6.800000000000001,356
2015,5,4,17,30,24.200000000000003,57.13,15.200000000000001,6.4,247
2015,5,4,18,30,22.700000000000003,65.17,15.8,6.1000000000000005,75
2015,5,4,19,30,21.3,74.12,16.5,6.300000000000001,0
2015,5,4,20,30,20.1,81.43,16.8,6.5,0
2015,5,4,21,30,19.1,87.34,16.900000000000002,6.800000000000001,0
2015,5,4,22,30,18.400000000000002,91.19,16.900000000000002,6.9,0
2015,5,4,23,30,17.8,93.71000000000001,16.8,7,0
2015,5,5,0,30,17.400000000000002,94.66,16.5,6.9,0
2015,5,5,1,30,17.1,95.24,16.3,6.6000000000000005,0
2015,5,5,2,30,16.8,95.5,16.1,6.1000000000000005,0
2015,5,5,3,30,16.8,94.52,15.9,5.7,0
2015,5,5,4,30,16.8,94.21000000000001,15.9,5.7,0
2015,5,5,5,30,16.8,94.46000000000001,15.9,5.800000000000001,0
2015,5,5,6,30,17.3,92.34,16,6,22
2015,5,5,7,30,18.6,86.93,16.400000000000002,6.6000000000000005,13
2015,5,5,8,30,20.6,77.58,16.5,7.1000000000000005,355
2015,5,5,9,30,22.700000000000003,66.91,16.2,7.1000000000000005,501
2015,5,5,10,30,24.700000000000003,57.82,15.8,6.5,352
2015,5,5,11,30,26.400000000000002,50.26,15.200000000000001,5.6000000000000005,961
2015,5,5,12,30,27.8,43.14,14.100000000000001,4.9,1015
2015,5,5,13,30,28.6,37.54,12.700000000000001,4.5,1000
2015,5,5,14,30,28.900000000000002,32.980000000000004,11,4.3,920
2015,5,5,15,30,28.700000000000003,29.69,9.3,4,783
2015,5,5,16,30,28.1,27.92,7.800000000000001,3.6,597
2015,5,5,17,30,26.6,28.64,6.9,2.4000000000000004,379
2015,5,5,18,30,23.900000000000002,45.29,11.3,1.3,158
2015,5,5,19,30,21.6,51.49,11.200000000000001,1.2000000000000002,0
2015,5,5,20,30,20.200000000000003,51.95,10,1.6,0
2015,5,5,21,30,19,58.11,10.600000000000001,2.5,0
2015,5,5,22,30,18.1,66.69,11.8,3.6,0
2015,5,5,23,30,17.400000000000002,78.64,13.600000000000001,4.3,0
2015,5,6,0,30,17.1,89.39,15.3,4.5,0
2015,5,6,1,30,17.1,96.25,16.5,4.7,0
2015,5,6,2,30,17.3,98.16,17,4.800000000000001,0
2015,5,6,3,30,17.5,98.69,17.3,4.7,0
2015,5,6,4,30,17.6,99.57000000000001,17.5,4.7,0
2015,5,6,5,30,17.900000000000002,99.15,17.8,4.7,0
2015,5,6,6,30,18.900000000000002,94.41,18,5.1000000000000005,61
2015,5,6,7,30,21,84.87,18.400000000000002,5.7,262
2015,5,6,8,30,23.5,70.65,17.900000000000002,5.9,485
2015,5,6,9,30,25.900000000000002,56.22,16.5,5.4,690
2015,5,6,10,30,27.900000000000002,44.74,14.8,4.800000000000001,857
2015,5,6,11,30,29.5,36.71,13.200000000000001,4.4,972
2015,5,6,12,30,30.6,31.91,12,4.4,1018
2015,5,6,13,30,31.3,29.39,11.3,4.5,1001
2015,5,6,14,30,31.5,28.44,11,4.6000000000000005,915
2015,5,6,15,30,31.1,29.03,11,4.7,775
2015,5,6,16,30,30.200000000000003,30.82,11.100000000000001,4.6000000000000005,585
2015,5,6,17,30,28.6,35.02,11.700000000000001,4.2,358
2015,5,6,18,30,26.200000000000003,45.65,13.600000000000001,3.9000000000000004,4
2015,5,6,19,30,24.200000000000003,57,15.100000000000001,4.3,0
2015,5,6,20,30,23.1,65.75,16.3,4.9,0
2015,5,6,21,30,22.1,75.62,17.6,4.9,0
2015,5,6,22,30,21.200000000000003,84.33,18.5,4.800000000000001,0
2015,5,6,23,30,20.5,91.2,19,4.7,0
2015,5,7,0,30,20.1,95.28,19.3,4.6000000000000005,0
2015,5,7,1,30,19.900000000000002,97.36,19.5,4.6000000000000005,0
2015,5,7,2,30,19.8,98,19.5,4.9,0
2015,5,7,3,30,19.700000000000003,97.60000000000001,19.3,5.4,0
2015,5,7,4,30,19.5,97.01,19,5.5,0
2015,5,7,5,30,19.400000000000002,95.65,18.7,5.2,0
2015,5,7,6,30,20.1,90.87,18.6,5.4,62
2015,5,7,7,30,21.900000000000002,80.5,18.400000000000002,6.300000000000001,123
2015,5,7,8,30,24.1,65.63,17.3,6.6000000000000005,46
2015,5,7,9,30,26.3,51.6,15.5,6.2,177
2015,5,7,10,30,28.400000000000002,39.86,13.5,5.5,722
2015,5,7,11,30,30.3,31.63,11.600000000000001,4.9,979
2015,5,7,12,30,31.700000000000003,27.060000000000002,10.4,4.5,1031
2015,5,7,13,30,32.5,24.650000000000002,9.700000000000001,4.4,1015
2015,5,7,14,30,32.800000000000004,22.94,8.9,4.5,932
2015,5,7,15,30,32.6,21.53,7.800000000000001,4.4,793
2015,5,7,16,30,31.900000000000002,20.14,6.300000000000001,4,606
2015,5,7,17,30,30.1,20.47,5,2.6,389
2015,5,7,18,30,27.3,34.04,10.100000000000001,1.3,166
2015,5,7,19,30,25.400000000000002,36.730000000000004,9.5,1,0
2015,5,7,20,30,24,34.17,7.2,1.1,0
2015,5,7,21,30,22.1,37.910000000000004,7.1000000000000005,1.6,0
2015,5,7,22,30,20.3,43.550000000000004,7.5,2.6,0
2015,5,7,23,30,18.8,48.43,7.7,3.5,0
2015,5,8,0,30,18,54.1,8.6,3.9000000000000004,0
2015,5,8,1,30,17.5,69.08,11.8,3.9000000000000004,0
2015,5,8,2,30,17.2,87.56,15.100000000000001,3.8000000000000003,0
2015,5,8,3,30,17.7,97.08,17.2,4,0
2015,5,8,4,30,18.5,99.37,18.400000000000002,4.2,0
2015,5,8,5,30,19.200000000000003,98.57000000000001,19,4.7,0
2015,5,8,6,30,20.5,92.5,19.200000000000003,5.6000000000000005,65
2015,5,8,7,30,22.700000000000003,78.23,18.7,6.300000000000001,187
2015,5,8,8,30,25.3,57.85,16.400000000000002,6.300000000000001,225
2015,5,8,9,30,27.900000000000002,38.660000000000004,12.5,6.2,664
2015,5,8,10,30,30,27.14,9,6,879
2015,5,8,11,30,31.6,21.67,7.1000000000000005,5.7,997
2015,5,8,12,30,32.9,18.62,5.9,5.4,1049
2015,5,8,13,30,33.6,16.91,5.1000000000000005,5,1032
2015,5,8,14,30,33.9,15.82,4.4,4.4,946
2015,5,8,15,30,33.7,15.35,3.8000000000000003,3.7,801
2015,5,8,16,30,33.1,15.38,3.4000000000000004,3,609
2015,5,8,17,30,31.200000000000003,17.2,3.4000000000000004,2,387
2015,5,8,18,30,27.400000000000002,31.84,9.200000000000001,1.5,163
2015,5,8,19,30,24.200000000000003,39.2,9.4,2.5,0
2015,5,8,20,30,22.900000000000002,39.31,8.3,4,0
2015,5,8,21,30,21.6,49.96,10.700000000000001,5,0
2015,5,8,22,30,20.400000000000002,65.99,13.8,5.2,0
2015,5,8,23,30,19.6,79.23,15.9,5.1000000000000005,0
2015,5,9,0,30,19.3,89.71000000000001,17.6,5,0
2015,5,9,1,30,19.200000000000003,96.43,18.6,5.2,0
2015,5,9,2,30,18.900000000000002,98.56,18.7,5.800000000000001,0
2015,5,9,3,30,18.400000000000002,97.10000000000001,17.900000000000002,5.800000000000001,0
2015,5,9,4,30,17.5,93.82000000000001,16.5,5.1000000000000005,0
2015,5,9,5,30,16.7,84.58,14.100000000000001,4.2,0
2015,5,9,6,30,17.3,68.89,11.5,3.9000000000000004,73
2015,5,9,7,30,20,52.03,9.9,4,286
2015,5,9,8,30,23.900000000000002,34.7,7.4,4.6000000000000005,519
2015,5,9,9,30,26.900000000000002,22.71,3.8000000000000003,5.300000000000001,729
2015,5,9,10,30,28.6,17.490000000000002,1.6,5.4,904
2015,5,9,11,30,29.700000000000003,14.9,0.2,5.5,1020
2015,5,9,12,30,30.6,12.99,-1,5.6000000000000005,1071
2015,5,9,13,30,31.1,11.97,-1.7000000000000002,5.7,1054
2015,5,9,14,30,31.3,11.52,-2.1,5.7,965
2015,5,9,15,30,31.1,11.44,-2.3000000000000003,5.5,821
2015,5,9,16,30,30.6,11.48,-2.6,5,624
2015,5,9,17,30,28.8,12.67,-2.7,3.8000000000000003,400
2015,5,9,18,30,24.900000000000002,21.59,1.5,2.5,172
2015,5,9,19,30,21.200000000000003,29.76,2.8000000000000003,2.2,0
2015,5,9,20,30,19.400000000000002,30.43,1.6,2.2,0
2015,5,9,21,30,18.1,31.900000000000002,1.1,1.9000000000000001,0
2015,5,9,22,30,17,34.25,1.1,1.7000000000000002,0
2015,5,9,23,30,16.1,36.99,1.4000000000000001,1.5,0
2015,5,10,0,30,15.200000000000001,39.78,1.6,1.4000000000000001,0
2015,5,10,1,30,14.4,42.22,1.7000000000000002,1.5,0
2015,5,10,2,30,13.8,43.04,1.4000000000000001,2.1,0
2015,5,10,3,30,13.200000000000001,42.58,0.7000000000000001,3,0
2015,5,10,4,30,12.4,44.2,0.5,3.4000000000000004,0
2015,5,10,5,30,11.8,47.660000000000004,1,3.3000000000000003,0
2015,5,10,6,30,12.700000000000001,46.230000000000004,1.4000000000000001,3.5,76
2015,5,10,7,30,15.600000000000001,38,1.3,3.4000000000000004,293
2015,5,10,8,30,20,30.02,1.9000000000000001,3.1,526
2015,5,10,9,30,23.8,19.6,-0.8,3,741
2015,5,10,10,30,26,16.1,-1.7000000000000002,2.7,911
2015,5,10,11,30,27.5,14.77,-1.7000000000000002,2.9000000000000004,1027
2015,5,10,12,30,28.6,13.74,-1.8,3.3000000000000003,1077
2015,5,10,13,30,29.3,12.96,-2,3.6,1055
2015,5,10,14,30,29.5,12.57,-2.3000000000000003,3.8000000000000003,970
2015,5,10,15,30,29.200000000000003,12.64,-2.4000000000000004,3.8000000000000003,824
2015,5,10,16,30,28.5,12.92,-2.7,3.3000000000000003,629
2015,5,10,17,30,27.1,14.05,-2.7,2.1,403
2015,5,10,18,30,25.200000000000003,25.12,3.8000000000000003,0.9,175
2015,5,10,19,30,24,25.63,3.1,0.5,0
2015,5,10,20,30,22.8,22.81,0.5,0.7000000000000001,0
2015,5,10,21,30,20.700000000000003,27.82,1.4000000000000001,1.1,0
2015,5,10,22,30,18.6,33.53,2.2,1.3,0
2015,5,10,23,30,16.7,39.72,2.9000000000000004,1.4000000000000001,0
2015,5,11,0,30,15.100000000000001,45.69,3.5,1.5,0
2015,5,11,1,30,13.700000000000001,53.410000000000004,4.4,1.8,0
2015,5,11,2,30,12.600000000000001,64.76,6.1000000000000005,2.3000000000000003,0
2015,5,11,3,30,11.9,79.98,8.6,2.9000000000000004,0
2015,5,11,4,30,11.600000000000001,91.8,10.3,3.7,0
2015,5,11,5,30,11.600000000000001,95.54,10.9,4.7,0
2015,5,11,6,30,12.3,87.75,10.3,5.9,71
2015,5,11,7,30,14,66.26,7.800000000000001,6.9,22
2015,5,11,8,30,16,48.85,5.2,7,491
2015,5,11,9,30,17.900000000000002,43.160000000000004,5.2,6.5,599
2015,5,11,10,30,19.900000000000002,39.95,5.9,6.1000000000000005,680
2015,5,11,11,30,21.6,37.86,6.6000000000000005,5.6000000000000005,793
2015,5,11,12,30,23.1,36.17,7.300000000000001,5.300000000000001,852
2015,5,11,13,30,24.1,35.45,7.9,5.1000000000000005,994
2015,5,11,14,30,24.3,36.050000000000004,8.3,5,867
2015,5,11,15,30,23.5,38.35,8.5,4.9,769
2015,5,11,16,30,22.200000000000003,42,8.700000000000001,4.6000000000000005,522
2015,5,11,17,30,20.8,47.160000000000004,9.1,3.9000000000000004,263
2015,5,11,18,30,19.1,55.26,9.9,2.9000000000000004,114
2015,5,11,19,30,17.6,64.8,10.9,2.9000000000000004,0
2015,5,11,20,30,16.5,69.09,10.8,3.9000000000000004,0
2015,5,11,21,30,15.5,73.62,10.8,4.800000000000001,0
2015,5,11,22,30,14.700000000000001,77.36,10.8,5.2,0
2015,5,11,23,30,14,80.2,10.600000000000001,5.1000000000000005,0
2015,5,12,0,30,13.4,83.31,10.600000000000001,4.800000000000001,0
2015,5,12,1,30,13,85.42,10.600000000000001,4.4,0
2015,5,12,2,30,12.700000000000001,86.73,10.5,4.2,0
2015,5,12,3,30,12.5,87.63,10.5,4.1000000000000005,0
2015,5,12,4,30,12.4,88.41,10.5,4.1000000000000005,0
2015,5,12,5,30,12.5,88.17,10.600000000000001,4.1000000000000005,0
2015,5,12,6,30,12.9,86.61,10.700000000000001,4.3,14
2015,5,12,7,30,14.100000000000001,80.83,10.9,4.7,147
2015,5,12,8,30,15.600000000000001,74.73,11.100000000000001,4.800000000000001,47
2015,5,12,9,30,17.400000000000002,68.57000000000001,11.600000000000001,4.6000000000000005,148
2015,5,12,10,30,19.3,63.24,12.100000000000001,4.6000000000000005,218
2015,5,12,11,30,21,58.97,12.700000000000001,4.6000000000000005,184
2015,5,12,12,30,22,55.96,12.8,4.6000000000000005,348
2015,5,12,13,30,22.3,54.11,12.600000000000001,4.6000000000000005,337
2015,5,12,14,30,22.3,53.31,12.3,4.6000000000000005,790
2015,5,12,15,30,22,53.5,12.100000000000001,4.7,762
2015,5,12,16,30,21.6,54.53,12,4.800000000000001,395
2015,5,12,17,30,20.8,57.59,12.100000000000001,4.9,256
2015,5,12,18,30,19.400000000000002,63.31,12.200000000000001,4.4,142
2015,5,12,19,30,17.8,71.08,12.5,3.9000000000000004,0
2015,5,12,20,30,16.7,77.87,12.8,3.9000000000000004,0
2015,5,12,21,30,15.9,83.52,13.100000000000001,4,0
2015,5,12,22,30,15.200000000000001,88.64,13.3,4.1000000000000005,0
2015,5,12,23,30,14.700000000000001,92.9,13.600000000000001,4.2,0
2015,5,13,0,30,14.600000000000001,94.41,13.700000000000001,4.3,0
2015,5,13,1,30,14.600000000000001,95.33,13.9,4.3,0
2015,5,13,2,30,14.700000000000001,95.96000000000001,14.100000000000001,4.1000000000000005,0
2015,5,13,3,30,14.9,96.04,14.3,3.8000000000000003,0
2015,5,13,4,30,15,96.97,14.5,3.2,0
2015,5,13,5,30,15.100000000000001,97.76,14.700000000000001,2.5,0
2015,5,13,6,30,15.700000000000001,95.32000000000001,15,2.6,24
2015,5,13,7,30,16.5,93.85000000000001,15.5,3,62
2015,5,13,8,30,17.6,89.44,15.8,3.3000000000000003,194
2015,5,13,9,30,19.3,80.71000000000001,15.9,3.5,560
2015,5,13,10,30,21.6,66.44,15.100000000000001,4,806
2015,5,13,11,30,24,51.11,13.3,4.7,974
2015,5,13,12,30,25.6,40.77,11.3,5.5,703
2015,5,13,13,30,26.6,35.57,10.100000000000001,6,783
2015,5,13,14,30,27.200000000000003,32.69,9.4,6.1000000000000005,822
2015,5,13,15,30,27.400000000000002,30.98,8.8,5.800000000000001,526
2015,5,13,16,30,26.900000000000002,30.87,8.3,5.300000000000001,608
2015,5,13,17,30,25.6,32.67,8,4,395
2015,5,13,18,30,22.5,43.08,9.3,2.3000000000000003,175
2015,5,13,19,30,19.8,56.07,10.8,1.4000000000000001,0
2015,5,13,20,30,18.5,57.67,10,1.5,0
2015,5,13,21,30,17.6,62.07,10.3,2.5,0
2015,5,13,22,30,17.2,72.03,12.100000000000001,3.8000000000000003,0
2015,5,13,23,30,16.900000000000002,88.34,15,4.5,0
2015,5,14,0,30,17.1,97.76,16.7,4.4,0
2015,5,14,1,30,17.3,100,17.3,4.2,0
2015,5,14,2,30,17.3,100,17.3,4,0
2015,5,14,3,30,17.400000000000002,100,17.400000000000002,4,0
2015,5,14,4,30,17.5,100,17.5,4,0
2015,5,14,5,30,17.7,99.72,17.7,3.8000000000000003,0
2015,5,14,6,30,18.400000000000002,95.83,17.7,4,55
2015,5,14,7,30,19.8,88.60000000000001,17.900000000000002,4.4,200
2015,5,14,8,30,21.700000000000003,78.01,17.7,4.6000000000000005,394
2015,5,14,9,30,23.6,67.18,17.2,4.7,522
2015,5,14,10,30,24.900000000000002,59.04,16.3,4.7,792
2015,5,14,11,30,25.900000000000002,53.57,15.8,4.7,820
2015,5,14,12,30,26.6,49.85,15.3,4.6000000000000005,918
2015,5,14,13,30,27.3,46.77,14.9,4.7,912
2015,5,14,14,30,27.700000000000003,45.17,14.8,4.9,693
2015,5,14,15,30,27.700000000000003,44.75,14.600000000000001,5,651
2015,5,14,16,30,27.1,46.230000000000004,14.600000000000001,5,152
2015,5,14,17,30,25.8,51.13,14.9,4.800000000000001,84
2015,5,14,18,30,24,60.75,16,4.9,103
2015,5,14,19,30,22.400000000000002,70.75,16.8,5,3
2015,5,14,20,30,21.3,79.65,17.6,5.1000000000000005,0
2015,5,14,21,30,20.5,87.06,18.3,5.1000000000000005,0
2015,5,14,22,30,19.8,92.68,18.6,4.800000000000001,0
2015,5,14,23,30,19.3,95.73,18.6,4.6000000000000005,0
2015,5,15,0,30,18.900000000000002,97.14,18.400000000000002,4.5,0
2015,5,15,1,30,18.5,97.94,18.2,4.1000000000000005,0
2015,5,15,2,30,18.1,99.52,18,3.5,0
2015,5,15,3,30,17.900000000000002,100,17.900000000000002,3.1,0
2015,5,15,4,30,17.7,100,17.7,3,0
2015,5,15,5,30,17.8,100,17.8,3.3000000000000003,0
2015,5,15,6,30,18.7,94.19,17.7,4.2,27
2015,5,15,7,30,20.5,82.55,17.400000000000002,5,171
2015,5,15,8,30,22.900000000000002,64.53,15.9,5.6000000000000005,495
2015,5,15,9,30,25.1,49.59,13.8,5.9,477
2015,5,15,10,30,26.900000000000002,41.42,12.700000000000001,5.9,860
2015,5,15,11,30,28.3,36.92,12.200000000000001,5.800000000000001,974
2015,5,15,12,30,29.3,34.28,11.9,5.5,1025
2015,5,15,13,30,30,32.55,11.8,5.300000000000001,1009
2015,5,15,14,30,30.3,31.48,11.5,5,927
2015,5,15,15,30,30.200000000000003,31.12,11.3,4.800000000000001,785
2015,5,15,16,30,29.700000000000003,31.63,11.100000000000001,4.800000000000001,597
2015,5,15,17,30,28.400000000000002,33.95,11,4.6000000000000005,382
2015,5,15,18,30,26.1,40.51,11.600000000000001,4.4,138
2015,5,15,19,30,23.8,48.550000000000004,12.3,4.9,10
2015,5,15,20,30,22.200000000000003,56.870000000000005,13.200000000000001,5.5,0
2015,5,15,21,30,20.900000000000002,67.72,14.700000000000001,5.5,0
2015,5,15,22,30,20,77.34,15.9,5.4,0
2015,5,15,23,30,19.400000000000002,85.04,16.8,5.300000000000001,0
2015,5,16,0,30,19.200000000000003,90.06,17.5,5.7,0
2015,5,16,1,30,19.3,91.17,17.8,6.4,0
2015,5,16,2,30,19.200000000000003,93.17,18.1,6.7,0
2015,5,16,3,30,19,95.19,18.2,6.800000000000001,0
2015,5,16,4,30,18.7,96.54,18.1,6.5,0
2015,5,16,5,30,18.5,94.8,17.6,5.9,0
2015,5,16,6,30,19.1,86.73,16.8,5.4,75
2015,5,16,7,30,21.400000000000002,70.08,15.700000000000001,5.6000000000000005,278
2015,5,16,8,30,24.1,43.18,10.8,6.300000000000001,504
2015,5,16,9,30,26.1,30.87,7.6000000000000005,6.7,710
2015,5,16,10,30,27.900000000000002,28.11,7.800000000000001,6.9,877
2015,5,16,11,30,29.400000000000002,26.28,8.1,7,986
2015,5,16,12,30,30.700000000000003,24.05,7.9,7.2,1038
2015,5,16,13,30,31.400000000000002,22.12,7.2,7.4,1021
2015,5,16,14,30,31.6,20.68,6.4,7.6000000000000005,942
2015,5,16,15,30,31.1,20.080000000000002,5.6000000000000005,7.5,804
2015,5,16,16,30,30,20.29,4.800000000000001,7,617
2015,5,16,17,30,28.3,21.71,4.4,6,398
2015,5,16,18,30,25.1,26.41,4.5,4.4,177
2015,5,16,19,30,21.900000000000002,33.25,5,3.2,12
2015,5,16,20,30,20,35.56,4.3,2.8000000000000003,0
2015,5,16,21,30,18.7,36.51,3.5,2.6,0
2015,5,16,22,30,17.6,38.550000000000004,3.3000000000000003,2.4000000000000004,0
2015,5,16,23,30,16.5,41.910000000000004,3.5,2.2,0
2015,5,17,0,30,15.600000000000001,45.42,3.8000000000000003,1.9000000000000001,0
2015,5,17,1,30,14.5,50.050000000000004,4.2,1.6,0
2015,5,17,2,30,13.4,53.97,4.3,1.5,0
2015,5,17,3,30,12.5,56.89,4.2,1.3,0
2015,5,17,4,30,11.700000000000001,59.53,4.1000000000000005,1.2000000000000002,0
2015,5,17,5,30,11.9,58.07,3.9000000000000004,1.1,0
2015,5,17,6,30,13.5,55.17,4.7,1.3,90
2015,5,17,7,30,16.1,41.63,3.1,1.5,302
2015,5,17,8,30,20.200000000000003,32.55,3.2,1.8,529
2015,5,17,9,30,24,21.38,0.6000000000000001,2.7,738
2015,5,17,10,30,26.200000000000003,17.900000000000002,-0.1,3.9000000000000004,906
2015,5,17,11,30,27.5,16.64,0,4.9,895
2015,5,17,12,30,28,16.36,0.1,5.5,1062
2015,5,17,13,30,28.1,16.31,0.2,5.4,875
2015,5,17,14,30,28.6,16.04,0.4,5,957
2015,5,17,15,30,29,16.13,0.8,4.6000000000000005,810
2015,5,17,16,30,28.8,16.57,1,4.2,621
2015,5,17,17,30,27.400000000000002,18.6,1.4000000000000001,2.9000000000000004,401
2015,5,17,18,30,24,32.2,6.4,1.6,179
2015,5,17,19,30,20.900000000000002,43.83,8.1,1.5,13
2015,5,17,20,30,19.5,43.42,6.7,1.8,0
2015,5,17,21,30,18.6,44.02,6.1000000000000005,2.1,0
2015,5,17,22,30,17.7,45.480000000000004,5.800000000000001,2.4000000000000004,0
2015,5,17,23,30,16.7,48.550000000000004,5.800000000000001,2.5,0
2015,5,18,0,30,15.9,52.69,6.2,2.4000000000000004,0
2015,5,18,1,30,15.200000000000001,58.88,7.2,2.3000000000000003,0
2015,5,18,2,30,14.700000000000001,68.31,8.9,2.1,0
2015,5,18,3,30,14.3,82.17,11.3,1.8,0
2015,5,18,4,30,14.3,95.57000000000001,13.600000000000001,1.5,0
2015,5,18,5,30,15.200000000000001,100,15.200000000000001,1.4000000000000001,0
2015,5,18,6,30,17.6,93.62,16.6,2,82
2015,5,18,7,30,20.700000000000003,82.36,17.6,2.8000000000000003,285
2015,5,18,8,30,23.900000000000002,67.66,17.6,3.3000000000000003,506
2015,5,18,9,30,26.900000000000002,47.4,14.8,3.5,707
2015,5,18,10,30,29.1,36.79,12.8,3.7,869
2015,5,18,11,30,30.5,32.05,12,4,974
2015,5,18,12,30,31.400000000000002,29.75,11.600000000000001,4.3,1024
2015,5,18,13,30,31.900000000000002,28.740000000000002,11.5,4.7,1005
2015,5,18,14,30,31.900000000000002,28.91,11.600000000000001,5,920
2015,5,18,15,30,31.3,30.52,11.9,5.5,780
2015,5,18,16,30,30.200000000000003,33.44,12.4,5.9,524
2015,5,18,17,30,28.5,38.43,13,6.1000000000000005,115
2015,5,18,18,30,26.400000000000002,46.43,14,5.800000000000001,13
2015,5,18,19,30,24.3,57.730000000000004,15.4,5.300000000000001,6
2015,5,18,20,30,23,68.61,16.900000000000002,4.9,0
2015,5,18,21,30,22.200000000000003,77.49,18.1,4.7,0
2015,5,18,22,30,21.700000000000003,84.77,19,4.7,0
2015,5,18,23,30,21.3,91.49,19.900000000000002,4.7,0
2015,5,19,0,30,20.900000000000002,96.10000000000001,20.3,4.6000000000000005,0
2015,5,19,1,30,20.5,98.49000000000001,20.3,4.4,0
2015,5,19,2,30,20.1,99.78,20.1,4.5,0
2015,5,19,3,30,19.900000000000002,99.72,19.900000000000002,4.7,0
2015,5,19,4,30,19.6,100,19.6,5,0
2015,5,19,5,30,19.5,99.28,19.400000000000002,5.1000000000000005,0
2015,5,19,6,30,19.6,97.38,19.200000000000003,5.300000000000001,75
2015,5,19,7,30,20.5,91.95,19.1,6,108
2015,5,19,8,30,22.3,82.83,19.200000000000003,6.9,54
2015,5,19,9,30,24.6,72.84,19.400000000000002,7.2,243
2015,5,19,10,30,26.400000000000002,65.3,19.400000000000002,7,267
2015,5,19,11,30,27.900000000000002,58.44,19,6.4,275
2015,5,19,12,30,29.400000000000002,51.45,18.400000000000002,5.7,816
2015,5,19,13,30,30.700000000000003,45,17.400000000000002,4.9,995
2015,5,19,14,30,31.400000000000002,39.92,16.1,4.3,919
2015,5,19,15,30,31.5,36.33,14.8,3.8000000000000003,783
2015,5,19,16,30,31.1,34.31,13.5,3.3000000000000003,605
2015,5,19,17,30,29.8,35.01,12.700000000000001,2.5,394
2015,5,19,18,30,26.8,48.160000000000004,14.9,1.7000000000000002,178
2015,5,19,19,30,24.1,64.81,17.1,2.3000000000000003,15
2015,5,19,20,30,23.1,73.07000000000001,18,3.8000000000000003,0
2015,5,19,21,30,22.3,85.54,19.8,4.5,0
2015,5,19,22,30,21.5,93.77,20.5,4.3,0
2015,5,19,23,30,20.900000000000002,97.61,20.5,3.8000000000000003,0
2015,5,20,0,30,20.5,99.09,20.400000000000002,3.6,0
2015,5,20,1,30,20.3,99.10000000000001,20.200000000000003,3.4000000000000004,0
2015,5,20,2,30,20.1,99.28,20,3.3000000000000003,0
2015,5,20,3,30,19.900000000000002,99.65,19.8,3.1,0
2015,5,20,4,30,19.700000000000003,99.92,19.700000000000003,2.7,0
2015,5,20,5,30,19.700000000000003,99.09,19.6,2.4000000000000004,0
2015,5,20,6,30,20.6,93.74,19.6,2.7,80
2015,5,20,7,30,22.200000000000003,84.64,19.5,2.7,134
2015,5,20,8,30,24.1,73.98,19.200000000000003,2.3000000000000003,299
2015,5,20,9,30,25.900000000000002,64.95,18.8,2.3000000000000003,551
2015,5,20,10,30,27.400000000000002,58.04,18.400000000000002,2.9000000000000004,253
2015,5,20,11,30,28.5,52.82,17.900000000000002,3.2,247
2015,5,20,12,30,29.1,49.660000000000004,17.5,3.4000000000000004,323
2015,5,20,13,30,29.1,49,17.3,3.7,237
2015,5,20,14,30,27.8,52.75,17.3,4.4,237
2015,5,20,15,30,25.1,61.550000000000004,17.2,5.2,229
2015,5,20,16,30,22.5,70.56,16.900000000000002,5.7,279
2015,5,20,17,30,20.200000000000003,77.10000000000001,16.1,5.800000000000001,188
2015,5,20,18,30,18.2,81.38,15,5.7,79
2015,5,20,19,30,16.3,85.07000000000001,13.8,5.6000000000000005,6
2015,5,20,20,30,14.9,87.26,12.8,5.5,0
2015,5,20,21,30,14.3,87.05,12.200000000000001,5.5,0
2015,5,20,22,30,13.9,87.24,11.8,5.5,0
2015,5,20,23,30,13.600000000000001,87.60000000000001,11.600000000000001,5.4,0
2015,5,21,0,30,13.3,88.39,11.4,5.2,0
2015,5,21,1,30,12.9,89.66,11.200000000000001,5,0
2015,5,21,2,30,12.5,90.59,11,4.9,0
2015,5,21,3,30,12.200000000000001,90.56,10.700000000000001,5,0
2015,5,21,4,30,11.700000000000001,91.38,10.3,5.2,0
2015,5,21,5,30,11.4,90.87,10,5.4,0
2015,5,21,6,30,11.3,88.81,9.5,5.6000000000000005,18
2015,5,21,7,30,11.700000000000001,84.32000000000001,9.1,5.7,24
2015,5,21,8,30,12.3,79.58,8.9,5.6000000000000005,21
2015,5,21,9,30,13.3,74.29,8.8,5.5,254
2015,5,21,10,30,14.5,69.58,9,5.2,171
2015,5,21,11,30,16,65.22,9.5,4.800000000000001,208
2015,5,21,12,30,17.3,62.64,10.100000000000001,4.2,224
2015,5,21,13,30,18.3,61.72,10.8,3.4000000000000004,161
2015,5,21,14,30,18.7,62.99,11.5,2.9000000000000004,200
2015,5,21,15,30,18.5,65.9,12,2.8000000000000003,178
2015,5,21,16,30,17.900000000000002,69.73,12.3,2.8000000000000003,58
2015,5,21,17,30,17,74.60000000000001,12.5,2.8000000000000003,100
2015,5,21,18,30,16.1,79.42,12.5,3,84
2015,5,21,19,30,15.200000000000001,84.31,12.600000000000001,3.4000000000000004,16
2015,5,21,20,30,14.4,88.88,12.600000000000001,4,0
2015,5,21,21,30,13.8,92.72,12.600000000000001,3.9000000000000004,0
2015,5,21,22,30,13.4,95.83,12.700000000000001,3.1,0
2015,5,21,23,30,13.200000000000001,97.21000000000001,12.8,2.8000000000000003,0
2015,5,22,0,30,13.100000000000001,97.42,12.700000000000001,3.2,0
2015,5,22,1,30,13.100000000000001,96.76,12.600000000000001,3.5,0
2015,5,22,2,30,13.100000000000001,96.95,12.600000000000001,3.4000000000000004,0
2015,5,22,3,30,13.3,96.78,12.8,2.9000000000000004,0
2015,5,22,4,30,13.5,97.19,13.100000000000001,2.6,0
2015,5,22,5,30,13.9,96.67,13.4,2.4000000000000004,0
2015,5,22,6,30,15.100000000000001,91.82000000000001,13.8,2.6,89
2015,5,22,7,30,17,86.06,14.700000000000001,3,13
2015,5,22,8,30,19.400000000000002,78.53,15.600000000000001,3.3000000000000003,77
2015,5,22,9,30,21.900000000000002,70.16,16.2,3.6,182
2015,5,22,10,30,24.5,60.76,16.400000000000002,3.7,177
2015,5,22,11,30,26.5,53.1,16.2,3.6,212
2015,5,22,12,30,27.900000000000002,47.870000000000005,15.8,3.5,414
2015,5,22,13,30,29,43.64,15.4,3.4000000000000004,334
2015,5,22,14,30,29.5,40.980000000000004,14.9,3.3000000000000003,318
2015,5,22,15,30,29.6,39.72,14.5,3.3000000000000003,794
2015,5,22,16,30,29,40.97,14.4,3.7,611
2015,5,22,17,30,27.700000000000003,44.77,14.600000000000001,4.5,399
2015,5,22,18,30,25.6,53.04,15.3,5,21
2015,5,22,19,30,23.400000000000002,64.8,16.400000000000002,5.4,9
2015,5,22,20,30,21.900000000000002,76.08,17.5,5.7,0
2015,5,22,21,30,20.900000000000002,84.92,18.3,6,0
2015,5,22,22,30,20.400000000000002,89.99,18.7,6.300000000000001,0
2015,5,22,23,30,20.1,93.04,18.900000000000002,6.5,0
2015,5,23,0,30,20.1,93.93,19.1,7,0
2015,5,23,1,30,20.200000000000003,94.39,19.3,7.6000000000000005,0
2015,5,23,2,30,20.400000000000002,94.29,19.5,7.9,0
2015,5,23,3,30,20.5,93.60000000000001,19.400000000000002,7.800000000000001,0
2015,5,23,4,30,20.3,92.83,19.1,7.4,0
2015,5,23,5,30,20.1,91.87,18.7,6.7,0
2015,5,23,6,30,20.400000000000002,89.72,18.7,6.4,55
2015,5,23,7,30,21.6,83.64,18.7,6.6000000000000005,213
2015,5,23,8,30,23.400000000000002,73.09,18.3,7.1000000000000005,234
2015,5,23,9,30,25.3,60.44,17.1,7.5,690
2015,5,23,10,30,25.400000000000002,51.68,14.700000000000001,7.300000000000001,479
2015,5,23,11,30,23.900000000000002,48.31,12.3,6.300000000000001,395
2015,5,23,12,30,23.6,47.77,11.9,4.5,429
2015,5,23,13,30,25.400000000000002,43.09,11.9,3.7,950
2015,5,23,14,30,26.3,41.4,12.100000000000001,4.4,682
2015,5,23,15,30,25.200000000000003,45.81,12.700000000000001,4.6000000000000005,747
2015,5,23,16,30,23.8,53.77,13.9,4.3,233
2015,5,23,17,30,22.400000000000002,62.75,15,4.3,230
2015,5,23,18,30,20.700000000000003,73.27,15.700000000000001,4.1000000000000005,78
2015,5,23,19,30,18.900000000000002,84.42,16.2,3.6,10
2015,5,23,20,30,17.7,91.55,16.3,3.1,0
2015,5,23,21,30,17.3,93.89,16.3,2.8000000000000003,0
2015,5,23,22,30,17.3,95.29,16.5,2.5,0
2015,5,23,23,30,17.7,96.33,17.1,2.8000000000000003,0
2015,5,24,0,30,18.2,97.26,17.8,3.4000000000000004,0
2015,5,24,1,30,18.400000000000002,99.46000000000001,18.3,3.4000000000000004,0
2015,5,24,2,30,18.3,100,18.3,3.2,0
2015,5,24,3,30,17.900000000000002,100,17.900000000000002,3.1,0
2015,5,24,4,30,17.2,100,17.2,3.1,0
2015,5,24,5,30,16.5,100,16.5,3.2,0
2015,5,24,6,30,16.7,95.28,15.9,3.5,28
2015,5,24,7,30,18.400000000000002,80.52,15,3.5,306
2015,5,24,8,30,21.5,58.29,13,3.2,534
2015,5,24,9,30,24.700000000000003,35.85,8.6,3.2,741
2015,5,24,10,30,27,23.830000000000002,4.6000000000000005,3.5,910
2015,5,24,11,30,28.400000000000002,19.79,3.1,3.9000000000000004,1023
2015,5,24,12,30,29.3,17.82,2.4000000000000004,4.5,1074
2015,5,24,13,30,29.900000000000002,16.64,1.9000000000000001,4.9,1057
2015,5,24,14,30,30,15.98,1.4000000000000001,5,975
2015,5,24,15,30,29.700000000000003,15.8,1,4.800000000000001,834
2015,5,24,16,30,29,16.12,0.7000000000000001,4.4,646
2015,5,24,17,30,27.3,18.04,0.9,3.1,428
2015,5,24,18,30,24.200000000000003,31.830000000000002,6.4,1.7000000000000002,201
2015,5,24,19,30,21,44.99,8.6,1.3,21
2015,5,24,20,30,19.3,45.56,7.300000000000001,1.7000000000000002,0
2015,5,24,21,30,18.3,48.160000000000004,7.1000000000000005,2.5,0
2015,5,24,22,30,17.8,53.660000000000004,8.3,3.5,0
2015,5,24,23,30,17.3,65.45,10.8,4,0
2015,5,25,0,30,16.900000000000002,78.35000000000001,13.100000000000001,3.9000000000000004,0
2015,5,25,1,30,16.3,87.51,14.200000000000001,3.7,0
2015,5,25,2,30,15.8,91.47,14.4,3.4000000000000004,0
2015,5,25,3,30,15.700000000000001,92.17,14.4,3,0
2015,5,25,4,30,16.400000000000002,92.69,15.200000000000001,3.1,0
2015,5,25,5,30,17.5,94.95,16.7,2.9000000000000004,0
2015,5,25,6,30,19.1,93.60000000000001,18,2.6,31
2015,5,25,7,30,20.700000000000003,90.29,19.1,3,6
2015,5,25,8,30,22.1,80.55,18.6,3.2,343
2015,5,25,9,30,23.1,68.54,17,2.9000000000000004,700
2015,5,25,10,30,24.400000000000002,58.56,15.8,2.6,871
2015,5,25,11,30,25.8,50.97,14.9,3.2,986
2015,5,25,12,30,27,44.78,14,4.2,1044
2015,5,25,13,30,27.8,39.11,12.600000000000001,4.5,1032
2015,5,25,14,30,28.200000000000003,34.04,10.9,4.3,955
2015,5,25,15,30,28.200000000000003,29.830000000000002,8.9,3.5,822
2015,5,25,16,30,27.900000000000002,27,7.2,2.7,638
2015,5,25,17,30,26.8,27.26,6.4,1.8,424
2015,5,25,18,30,24,37.44,8.6,1.2000000000000002,204
2015,5,25,19,30,20.700000000000003,57.4,12,1.4000000000000001,23
2015,5,25,20,30,18.900000000000002,54.69,9.600000000000001,1.7000000000000002,0
2015,5,25,21,30,18,53.97,8.5,2.1,0
2015,5,25,22,30,17.400000000000002,54.81,8.200000000000001,2.4000000000000004,0
2015,5,25,23,30,16.8,57.75,8.4,2.9000000000000004,0
2015,5,26,0,30,16.3,61.76,8.9,3.6,0
2015,5,26,1,30,15.600000000000001,66.79,9.4,4.1000000000000005,0
2015,5,26,2,30,14.9,70.60000000000001,9.600000000000001,4.4,0
2015,5,26,3,30,14.200000000000001,73.25,9.5,4.5,0
2015,5,26,4,30,13.8,74.24,9.3,4.5,0
2015,5,26,5,30,13.9,73.88,9.3,4.6000000000000005,0
2015,5,26,6,30,15.600000000000001,69.13,10,4.9,96
2015,5,26,7,30,18.900000000000002,61.230000000000004,11.3,5.300000000000001,302
2015,5,26,8,30,22.8,54.13,13,5.6000000000000005,520
2015,5,26,9,30,25.900000000000002,46.34,13.5,5.800000000000001,719
2015,5,26,10,30,28.200000000000003,38.68,12.8,5.7,881
2015,5,26,11,30,29.8,33.55,12.100000000000001,5.6000000000000005,991
2015,5,26,12,30,31,29.84,11.3,5.5,1042
2015,5,26,13,30,31.700000000000003,27.38,10.600000000000001,5.300000000000001,1024
2015,5,26,14,30,32,25.94,10.100000000000001,5,941
2015,5,26,15,30,31.900000000000002,25.41,9.700000000000001,4.5,805
2015,5,26,16,30,31.3,25.73,9.4,3.7,484
2015,5,26,17,30,29.5,29.22,9.700000000000001,2.3000000000000003,406
2015,5,26,18,30,26.700000000000003,48.18,14.8,1.6,189
2015,5,26,19,30,24.5,57.31,15.5,2.2,21
2015,5,26,20,30,23.400000000000002,61.660000000000004,15.600000000000001,3.3000000000000003,0
2015,5,26,21,30,22.8,68.26,16.6,3.9000000000000004,0
2015,5,26,22,30,22.200000000000003,75.23,17.6,3.9000000000000004,0
2015,5,26,23,30,21.5,82.17,18.3,3.6,0
2015,5,27,0,30,21,88.36,19,3.4000000000000004,0
2015,5,27,1,30,20.6,94.29,19.6,3.5,0
2015,5,27,2,30,20.3,99.10000000000001,20.200000000000003,3.5,0
2015,5,27,3,30,20.3,100,20.3,3.3000000000000003,0
2015,5,27,4,30,20.3,100,20.3,3.1,0
2015,5,27,5,30,20.6,100,20.6,3.1,0
2015,5,27,6,30,21.6,94.96000000000001,20.8,3.7,90
2015,5,27,7,30,23.200000000000003,87.9,21.1,4.5,166
2015,5,27,8,30,25.200000000000003,77.58,21,4.9,246
2015,5,27,9,30,27.3,67.59,20.8,4.800000000000001,513
2015,5,27,10,30,29,60.160000000000004,20.5,4.7,859
2015,5,27,11,30,30.3,54.28,20,4.6000000000000005,968
2015,5,27,12,30,31.3,49.14,19.400000000000002,4.7,1017
2015,5,27,13,30,32,45.36,18.7,4.7,1002
2015,5,27,14,30,32.2,42.97,18,4.9,925
2015,5,27,15,30,32,41.38,17.3,5,791
2015,5,27,16,30,31.200000000000003,41.65,16.6,5.1000000000000005,611
2015,5,27,17,30,29.8,44.42,16.400000000000002,4.9,403
2015,5,27,18,30,27.700000000000003,51.32,16.7,4.2,114
2015,5,27,19,30,25.6,60.54,17.400000000000002,3.9000000000000004,14
2015,5,27,20,30,24.200000000000003,67.37,17.8,4,0
2015,5,27,21,30,23.1,73.24,18,4.1000000000000005,0
2015,5,27,22,30,22.3,77.78,18.2,4.4,0
2015,5,27,23,30,21.700000000000003,81.82000000000001,18.5,4.9,0
2015,5,28,0,30,21.1,86.94,18.8,4.9,0
2015,5,28,1,30,20.6,92.11,19.3,4.9,0
2015,5,28,2,30,20.200000000000003,96.8,19.700000000000003,4.800000000000001,0
2015,5,28,3,30,20.200000000000003,98.04,19.900000000000002,4.7,0
2015,5,28,4,30,20.200000000000003,98.21000000000001,19.900000000000002,4.5,0
2015,5,28,5,30,20.3,97.41,19.900000000000002,4.4,0
2015,5,28,6,30,21,93.25,19.900000000000002,4.7,47
2015,5,28,7,30,22.5,85.44,19.900000000000002,5.5,285
2015,5,28,8,30,24.1,75.73,19.5,5.7,411
2015,5,28,9,30,25.200000000000003,68.65,19,4.5,160
2015,5,28,10,30,25.900000000000002,65.19,18.900000000000002,3.2,544
2015,5,28,11,30,27.1,60.61,18.8,3.1,877
2015,5,28,12,30,28.400000000000002,56.22,18.8,3.5,993
2015,5,28,13,30,29.400000000000002,53.04,18.8,4.1000000000000005,910
2015,5,28,14,30,29.8,51.58,18.8,4.5,466
2015,5,28,15,30,29.3,52.19,18.5,4.6000000000000005,145
2015,5,28,16,30,28.3,54.11,18.1,4.5,111
2015,5,28,17,30,26.6,59.78,18.1,4,34
2015,5,28,18,30,24.200000000000003,73.03,19.1,3.2,55
2015,5,28,19,30,22.200000000000003,87.54,20,3.4000000000000004,10
2015,5,28,20,30,21,94.4,20.1,4.4,0
2015,5,28,21,30,20.400000000000002,97.8,20,4.4,0
2015,5,28,22,30,19.700000000000003,99.66,19.6,3.8000000000000003,0
2015,5,28,23,30,19,99.98,19,3.6,0
2015,5,29,0,30,18.400000000000002,100,18.400000000000002,3.2,0
2015,5,29,1,30,17.900000000000002,99.96000000000001,17.900000000000002,2.6,0
2015,5,29,2,30,17.400000000000002,100,17.400000000000002,2.1,0
2015,5,29,3,30,17.1,99.8,17.1,1.6,0
2015,5,29,4,30,16.8,100,16.8,1.3,0
2015,5,29,5,30,16.8,98.57000000000001,16.6,1.6,0
2015,5,29,6,30,17.6,92.96000000000001,16.400000000000002,1.4000000000000001,95
2015,5,29,7,30,19.8,83.68,17,1.4000000000000001,297
2015,5,29,8,30,22.700000000000003,75.79,18.2,2,514
2015,5,29,9,30,25.200000000000003,65.96000000000001,18.400000000000002,2.2,712
2015,5,29,10,30,27.200000000000003,56.59,17.8,1.9000000000000001,874
2015,5,29,11,30,28.900000000000002,48.5,17,1.4000000000000001,984
2015,5,29,12,30,30.200000000000003,42.62,16.1,1,1032
2015,5,29,13,30,31.1,38.44,15.3,1,1017
2015,5,29,14,30,31.6,35.92,14.700000000000001,1.4000000000000001,939
2015,5,29,15,30,31.6,34.76,14.200000000000001,1.7000000000000002,803
2015,5,29,16,30,31.1,35.03,13.9,2.1,623
2015,5,29,17,30,29.8,37.34,13.700000000000001,2.5,414
2015,5,29,18,30,27.200000000000003,46.2,14.600000000000001,2.4000000000000004,199
2015,5,29,19,30,24.700000000000003,59.71,16.3,2.7,26
2015,5,29,20,30,23.200000000000003,67,16.7,3.4000000000000004,0
2015,5,29,21,30,22.1,76.11,17.7,3.3000000000000003,0
2015,5,29,22,30,21.1,84.66,18.400000000000002,2.5,0
2015,5,29,23,30,20.200000000000003,91.51,18.8,1.7000000000000002,0
2015,5,30,0,30,19.6,95.58,18.900000000000002,1.2000000000000002,0
2015,5,30,1,30,19.1,98.45,18.900000000000002,0.7000000000000001,0
2015,5,30,2,30,18.8,99.91,18.8,0.5,0
2015,5,30,3,30,18.5,100,18.5,0.7000000000000001,0
2015,5,30,4,30,18.3,100,18.3,1.3,0
2015,5,30,5,30,18.3,99.33,18.2,2.1,0
2015,5,30,6,30,18.400000000000002,97.18,17.900000000000002,2.7,12
2015,5,30,7,30,18.8,93.88,17.8,3.1,17
2015,5,30,8,30,19.3,88.83,17.400000000000002,3.5,94
2015,5,30,9,30,20,82.51,16.900000000000002,3.8000000000000003,251
2015,5,30,10,30,20.8,76.46000000000001,16.5,3.9000000000000004,673
2015,5,30,11,30,21.8,70.85000000000001,16.3,3.8000000000000003,899
2015,5,30,12,30,22.6,66.96000000000001,16.2,3.5,870
2015,5,30,13,30,23.200000000000003,63.660000000000004,15.9,3.2,848
2015,5,30,14,30,23.400000000000002,61.96,15.700000000000001,3,851
2015,5,30,15,30,23.5,60.69,15.5,3,790
2015,5,30,16,30,23.400000000000002,60.11,15.200000000000001,3.1,614
2015,5,30,17,30,22.8,61.47,15,3.2,408
2015,5,30,18,30,21.400000000000002,66.75,15,2.6,196
2015,5,30,19,30,19.6,77.64,15.600000000000001,1.9000000000000001,26
2015,5,30,20,30,18.2,84.35000000000001,15.5,1.8,0
2015,5,30,21,30,17.3,88.4,15.4,1.6,0
2015,5,30,22,30,16.5,92.82000000000001,15.3,1.4000000000000001,0
2015,5,30,23,30,15.8,97.07000000000001,15.3,1.2000000000000002,0
2015,5,31,0,30,15.100000000000001,100,15.100000000000001,1,0
2015,5,31,1,30,14.600000000000001,100,14.600000000000001,0.9,0
2015,5,31,2,30,14.5,100,14.5,0.7000000000000001,0
2015,5,31,3,30,14.600000000000001,100,14.600000000000001,0.6000000000000001,0
2015,5,31,4,30,14.5,100,14.5,0.4,0
2015,5,31,5,30,14.700000000000001,99.12,14.600000000000001,0.5,0
2015,5,31,6,30,16,90.15,14.4,0.7000000000000001,64
2015,5,31,7,30,18.5,76.9,14.4,0.8,89
2015,5,31,8,30,21.1,64.44,14.100000000000001,0.9,294
2015,5,31,9,30,23.5,54.730000000000004,13.9,0.8,512
2015,5,31,10,30,25.6,45.97,13.100000000000001,0.8,443
2015,5,31,11,30,27.3,40.19,12.600000000000001,0.8,864
2015,5,31,12,30,28.5,36.2,12.100000000000001,0.9,1041
2015,5,31,13,30,29.400000000000002,33.36,11.600000000000001,1.1,1027
2015,5,31,14,30,29.8,32,11.3,1.4000000000000001,947
2015,5,31,15,30,29.6,31.98,11.200000000000001,1.7000000000000002,810
2015,5,31,16,30,29,32.68,11,2.2,631
2015,5,31,17,30,27.700000000000003,34.39,10.600000000000001,2.5,422
2015,5,31,18,30,25.1,41.4,11.100000000000001,2.2,207
2015,5,31,19,30,22.3,55.21,12.9,2.2,29
2015,5,31,20,30,20.900000000000002,57.86,12.3,2.9000000000000004,0
2015,5,31,21,30,20.1,61.14,12.4,3.3000000000000003,0
2015,5,31,22,30,19.3,65.85,12.8,3.3000000000000003,0
2015,5,31,23,30,18.6,70.73,13.200000000000001,3.1,0
2015,6,1,0,30,18.1,75.29,13.700000000000001,3.1,0
2015,6,1,1,30,17.7,80.11,14.200000000000001,3,0
2015,6,1,2,30,17.3,85.81,14.9,3,0
2015,6,1,3,30,16.8,92.29,15.5,2.8000000000000003,0
2015,6,1,4,30,16.2,98.78,16,2.4000000000000004,0
2015,6,1,5,30,16.400000000000002,98.95,16.2,2.6,0
2015,6,1,6,30,18.3,88.15,16.3,3.2,64
2015,6,1,7,30,21.1,74.19,16.3,3.7,233
2015,6,1,8,30,24.200000000000003,59.36,15.8,4.2,448
2015,6,1,9,30,27.1,45.27,14.200000000000001,4.3,689
2015,6,1,10,30,29.5,36.32,13,4.2,869
2015,6,1,11,30,31.3,30.1,11.700000000000001,4,975
2015,6,1,12,30,32.4,27.71,11.4,3.6,1024
2015,6,1,13,30,33.1,26.68,11.4,3.4000000000000004,1007
2015,6,1,14,30,33.300000000000004,26.52,11.5,3.3000000000000003,928
2015,6,1,15,30,33.1,26.900000000000002,11.600000000000001,3.6,797
2015,6,1,16,30,32.300000000000004,28.22,11.600000000000001,4,620
2015,6,1,17,30,30.700000000000003,31.19,11.700000000000001,4.4,416
2015,6,1,18,30,28.200000000000003,38.480000000000004,12.700000000000001,4.2,204
2015,6,1,19,30,25.6,49.2,14.200000000000001,4.1000000000000005,29
2015,6,1,20,30,24,56.77,14.9,4.3,0
2015,6,1,21,30,22.900000000000002,63.42,15.600000000000001,4.2,0
2015,6,1,22,30,22,69.08,16.1,4,0
2015,6,1,23,30,21.200000000000003,73.71000000000001,16.3,4,0
2015,6,2,0,30,20.700000000000003,76.49,16.400000000000002,4.2,0
2015,6,2,1,30,20.200000000000003,78.66,16.400000000000002,4.3,0
2015,6,2,2,30,19.6,82.10000000000001,16.5,4,0
2015,6,2,3,30,19,86.51,16.7,3.6,0
2015,6,2,4,30,18.5,90.65,16.900000000000002,3.3000000000000003,0
2015,6,2,5,30,18.5,91.60000000000001,17.1,3.5,0
2015,6,2,6,30,19.700000000000003,85.60000000000001,17.2,4.2,97
2015,6,2,7,30,22.200000000000003,73.12,17.2,4.9,296
2015,6,2,8,30,25,60.07,16.7,5.2,372
2015,6,2,9,30,27.6,49.47,16.1,5.300000000000001,589
2015,6,2,10,30,29.8,41.67,15.4,5.300000000000001,428
2015,6,2,11,30,31.700000000000003,36.13,14.9,5.1000000000000005,582
2015,6,2,12,30,33,32.93,14.600000000000001,4.800000000000001,1014
2015,6,2,13,30,33.800000000000004,31.240000000000002,14.4,4.5,998
2015,6,2,14,30,34.2,30.41,14.4,4.4,922
2015,6,2,15,30,34,30.75,14.4,4.5,792
2015,6,2,16,30,33.2,32.11,14.3,4.800000000000001,616
2015,6,2,17,30,31.700000000000003,35,14.4,5.1000000000000005,412
2015,6,2,18,30,29.200000000000003,41.31,14.700000000000001,5.1000000000000005,202
2015,6,2,19,30,26.5,49.79,15.200000000000001,5,29
2015,6,2,20,30,24.400000000000002,57.410000000000004,15.4,4.9,0
2015,6,2,21,30,23.1,62.730000000000004,15.600000000000001,4.7,0
2015,6,2,22,30,22,67.38,15.700000000000001,4.4,0
2015,6,2,23,30,21.200000000000003,71.5,15.8,4.1000000000000005,0
2015,6,3,0,30,20.5,75.81,16.1,3.8000000000000003,0
2015,6,3,1,30,19.900000000000002,80.11,16.400000000000002,3.7,0
2015,6,3,2,30,19.3,84.77,16.7,3.7,0
2015,6,3,3,30,18.8,89.38,17,3.8000000000000003,0
2015,6,3,4,30,18.400000000000002,93.49,17.3,3.9000000000000004,0
2015,6,3,5,30,18.5,94.37,17.6,4.3,0
2015,6,3,6,30,20,86.97,17.8,5.2,99
2015,6,3,7,30,22.6,74,17.7,5.6000000000000005,302
2015,6,3,8,30,25.5,61.26,17.5,5.4,459
2015,6,3,9,30,28.200000000000003,51.120000000000005,17.1,5.1000000000000005,713
2015,6,3,10,30,30.700000000000003,43.24,16.8,4.9,873
2015,6,3,11,30,32.800000000000004,36.71,16.1,4.5,982
2015,6,3,12,30,34.300000000000004,31.95,15.200000000000001,4.2,1033
2015,6,3,13,30,35.2,29.01,14.5,3.9000000000000004,1017
2015,6,3,14,30,35.6,27.14,13.8,4,940
2015,6,3,15,30,35.4,26.85,13.5,4.3,807
2015,6,3,16,30,34.5,28.16,13.4,4.7,629
2015,6,3,17,30,32.800000000000004,31.970000000000002,13.9,5,422
2015,6,3,18,30,30.200000000000003,40.19,15.200000000000001,5,207
2015,6,3,19,30,27.5,51.14,16.5,4.9,31
2015,6,3,20,30,25.5,59.95,17.2,5,0
2015,6,3,21,30,24.1,66.41,17.5,5.1000000000000005,0
2015,6,3,22,30,22.8,72.59,17.6,4.9,0
2015,6,3,23,30,21.700000000000003,78.34,17.8,4.5,0
2015,6,4,0,30,20.8,83.87,18,4,0
2015,6,4,1,30,20,89.59,18.2,3.6,0
2015,6,4,2,30,19.5,94.05,18.5,3.4000000000000004,0
2015,6,4,3,30,19.200000000000003,97.10000000000001,18.7,3.3000000000000003,0
2015,6,4,4,30,19.200000000000003,97.75,18.8,3.5,0
2015,6,4,5,30,19.5,96,18.8,4.2,0
2015,6,4,6,30,20.8,87.94,18.7,5.1000000000000005,100
2015,6,4,7,30,23.1,75.08,18.400000000000002,5.6000000000000005,207
2015,6,4,8,30,25.6,63.17,18.1,5.5,521
2015,6,4,9,30,28.1,53.11,17.7,5.4,720
2015,6,4,10,30,30.400000000000002,44.85,17.1,5.4,878
2015,6,4,11,30,32.2,38.35,16.2,5.4,988
2015,6,4,12,30,33.5,33.71,15.4,5.5,1036
2015,6,4,13,30,34.300000000000004,30.69,14.600000000000001,5.6000000000000005,1022
2015,6,4,14,30,34.4,29.38,14,5.800000000000001,946
2015,6,4,15,30,34,29.05,13.5,6,815
2015,6,4,16,30,32.9,30.41,13.200000000000001,6.1000000000000005,636
2015,6,4,17,30,31.3,33.57,13.4,5.9,430
2015,6,4,18,30,28.900000000000002,39.6,13.8,5.1000000000000005,142
2015,6,4,19,30,26.400000000000002,48.04,14.5,4.2,21
2015,6,4,20,30,24.6,55.78,15.200000000000001,3.9000000000000004,0
2015,6,4,21,30,23.400000000000002,62.18,15.8,3.8000000000000003,0
2015,6,4,22,30,22.5,67.71000000000001,16.2,3.7,0
2015,6,4,23,30,21.700000000000003,72.69,16.6,3.6,0
2015,6,5,0,30,21.1,76.64,16.8,3.7,0
2015,6,5,1,30,20.5,80.60000000000001,17,3.8000000000000003,0
2015,6,5,2,30,19.900000000000002,85.58,17.400000000000002,3.7,0
2015,6,5,3,30,19.5,90.83,18,3.6,0
2015,6,5,4,30,19.400000000000002,94.68,18.5,3.5,0
2015,6,5,5,30,19.700000000000003,95.19,18.900000000000002,3.6,0
2015,6,5,6,30,20.900000000000002,89.42,19.1,4.5,98
2015,6,5,7,30,22.900000000000002,77.98,18.900000000000002,5.2,299
2015,6,5,8,30,25.1,65.86,18.3,5.300000000000001,515
2015,6,5,9,30,27.400000000000002,55.660000000000004,17.8,5.2,673
2015,6,5,10,30,29.5,47.43,17.2,5.300000000000001,825
2015,6,5,11,30,31,41.62,16.400000000000002,5.5,915
2015,6,5,12,30,32.1,37.28,15.700000000000001,5.800000000000001,969
2015,6,5,13,30,32.7,34.61,15.100000000000001,6,1014
2015,6,5,14,30,32.800000000000004,33.61,14.700000000000001,6.1000000000000005,937
2015,6,5,15,30,32.300000000000004,34.51,14.700000000000001,6.1000000000000005,805
2015,6,5,16,30,31.3,37.12,14.9,6.1000000000000005,629
2015,6,5,17,30,29.900000000000002,40.94,15.200000000000001,5.9,423
2015,6,5,18,30,28.1,45.74,15.3,5,213
2015,6,5,19,30,26,52.2,15.4,3.9000000000000004,25
2015,6,5,20,30,24.400000000000002,57.99,15.600000000000001,3.2,0
2015,6,5,21,30,23.200000000000003,62.550000000000004,15.700000000000001,3,0
2015,6,5,22,30,22.200000000000003,66.66,15.700000000000001,2.8000000000000003,0
2015,6,5,23,30,21.3,70.53,15.700000000000001,2.7,0
2015,6,6,0,30,20.5,74.31,15.8,2.6,0
2015,6,6,1,30,19.8,78.14,15.9,2.5,0
2015,6,6,2,30,19.1,82.62,16.1,2.4000000000000004,0
2015,6,6,3,30,18.6,86.73,16.3,2.4000000000000004,0
2015,6,6,4,30,18.2,90.99,16.7,2.5,0
2015,6,6,5,30,18.400000000000002,92.34,17.1,3.1,0
2015,6,6,6,30,20.200000000000003,85.18,17.6,4.3,102
2015,6,6,7,30,22.8,75.31,18.2,5.300000000000001,302
2015,6,6,8,30,25.3,64.52,18.1,5.5,302
2015,6,6,9,30,27.400000000000002,55.02,17.6,5.4,709
2015,6,6,10,30,29.1,47.93,17,5.300000000000001,866
2015,6,6,11,30,30.5,43.14,16.6,5.2,972
2015,6,6,12,30,31.6,39.59,16.2,5.1000000000000005,1019
2015,6,6,13,30,32.300000000000004,37.18,15.8,4.9,1004
2015,6,6,14,30,32.6,35.7,15.5,4.7,929
2015,6,6,15,30,32.4,35.1,15,4.5,799
2015,6,6,16,30,31.8,35.21,14.5,4.5,624
2015,6,6,17,30,30.700000000000003,36.7,14.200000000000001,4.5,420
2015,6,6,18,30,28.700000000000003,41.160000000000004,14.200000000000001,4,210
2015,6,6,19,30,26.5,48.61,14.8,3.6,34
2015,6,6,20,30,25,54.13,15.100000000000001,3.8000000000000003,0
2015,6,6,21,30,24,58.71,15.4,3.9000000000000004,0
2015,6,6,22,30,23.1,63.36,15.8,3.7,0
2015,6,6,23,30,22.3,67.64,16,3.7,0
2015,6,7,0,30,21.6,71.77,16.3,3.7,0
2015,6,7,1,30,20.900000000000002,76.31,16.6,3.7,0
2015,6,7,2,30,20.3,80.54,16.8,3.5,0
2015,6,7,3,30,19.8,84.10000000000001,17,3.3000000000000003,0
2015,6,7,4,30,19.5,86.39,17.2,3.1,0
2015,6,7,5,30,19.700000000000003,86.01,17.3,3.3000000000000003,0
2015,6,7,6,30,20.8,81.03,17.400000000000002,4.2,102
2015,6,7,7,30,22.700000000000003,71.44,17.3,4.9,304
2015,6,7,8,30,24.5,62,16.7,4.6000000000000005,516
2015,6,7,9,30,26.1,54.78,16.3,4.3,620
2015,6,7,10,30,27.5,49.94,16.1,4.1000000000000005,704
2015,6,7,11,30,28.700000000000003,46.19,16,3.8000000000000003,834
2015,6,7,12,30,29.6,43.06,15.700000000000001,3.7,870
2015,6,7,13,30,30.1,40.96,15.4,3.6,912
2015,6,7,14,30,30.200000000000003,39.800000000000004,15,3.5,924
2015,6,7,15,30,30,39.410000000000004,14.700000000000001,3.3000000000000003,768
2015,6,7,16,30,29.5,39.72,14.4,3,595
2015,6,7,17,30,28.5,42.24,14.4,2.2,397
2015,6,7,18,30,26.900000000000002,51.04,15.9,1.5,133
2015,6,7,19,30,25.400000000000002,56.52,16.1,1.6,26
2015,6,7,20,30,24.700000000000003,57.19,15.700000000000001,2,0
2015,6,7,21,30,24.200000000000003,58.58,15.600000000000001,2.3000000000000003,0
2015,6,7,22,30,23.6,61.35,15.700000000000001,2.8000000000000003,0
2015,6,7,23,30,22.900000000000002,64.46000000000001,15.8,3.2,0
2015,6,8,0,30,22.200000000000003,66.99,15.8,3.3000000000000003,0
2015,6,8,1,30,21.5,69.14,15.600000000000001,2.9000000000000004,0
2015,6,8,2,30,20.700000000000003,72.33,15.5,2.5,0
2015,6,8,3,30,20.200000000000003,75.98,15.8,2.4000000000000004,0
2015,6,8,4,30,19.900000000000002,80.77,16.5,2.6,0
2015,6,8,5,30,19.900000000000002,85.41,17.400000000000002,3.1,0
2015,6,8,6,30,21,83.59,18.1,3.8000000000000003,59
2015,6,8,7,30,23.200000000000003,73.77,18.3,3.7,131
2015,6,8,8,30,25.8,60.44,17.6,2.8000000000000003,315
2015,6,8,9,30,28.1,49.47,16.5,2.1,539
2015,6,8,10,30,29.900000000000002,42.51,15.8,2.2,829
2015,6,8,11,30,31,38.95,15.4,2.8000000000000003,935
2015,6,8,12,30,31.6,37.15,15.200000000000001,3.3000000000000003,1001
2015,6,8,13,30,31.8,36.52,15.100000000000001,3.7,987
2015,6,8,14,30,31.8,36.47,15.100000000000001,3.9000000000000004,916
2015,6,8,15,30,31.700000000000003,36.51,15,3.9000000000000004,654
2015,6,8,16,30,31.3,37.050000000000004,14.9,3.7,619
2015,6,8,17,30,30.6,38.2,14.8,3.3000000000000003,323
2015,6,8,18,30,28.8,42.82,14.9,2.3000000000000003,211
2015,6,8,19,30,26.5,54.03,16.400000000000002,1.5,24
2015,6,8,20,30,25.200000000000003,57.6,16.2,1.5,0
2015,6,8,21,30,24.400000000000002,60.050000000000004,16.1,1.7000000000000002,0
2015,6,8,22,30,23.700000000000003,62.29,16.1,1.8,0
2015,6,8,23,30,23,64.76,16,1.9000000000000001,0
2015,6,9,0,30,22.1,67.74,15.9,1.8,0
2015,6,9,1,30,21.3,70.01,15.600000000000001,1.8,0
2015,6,9,2,30,20.700000000000003,71.32000000000001,15.3,1.7000000000000002,0
2015,6,9,3,30,20.200000000000003,72.8,15.200000000000001,1.5,0
2015,6,9,4,30,19.8,74.76,15.200000000000001,1.4000000000000001,0
2015,6,9,5,30,20.3,73.19,15.3,1.7000000000000002,0
2015,6,9,6,30,22,67.52,15.700000000000001,2.4000000000000004,76
2015,6,9,7,30,24.5,59.54,16.1,2.9000000000000004,199
2015,6,9,8,30,27.1,51.08,16.1,2.9000000000000004,516
2015,6,9,9,30,29.400000000000002,43.42,15.700000000000001,2.7,708
2015,6,9,10,30,31.3,38.06,15.3,2.8000000000000003,864
2015,6,9,11,30,32.7,34.37,15,3,900
2015,6,9,12,30,33.7,31.720000000000002,14.600000000000001,3.2,910
2015,6,9,13,30,33.9,30.66,14.200000000000001,3.2,1004
2015,6,9,14,30,33.6,30.67,14,3.2,929
2015,6,9,15,30,33.1,31.12,13.8,3.1,798
2015,6,9,16,30,32.4,31.89,13.5,3,525
2015,6,9,17,30,31.3,33.76,13.5,2.6,304
2015,6,9,18,30,29.400000000000002,40.11,14.4,1.9000000000000001,194
2015,6,9,19,30,27.3,48.97,15.600000000000001,1.7000000000000002,26
2015,6,9,20,30,26.200000000000003,50.84,15.200000000000001,2,0
2015,6,9,21,30,25.400000000000002,52.43,15,2.3000000000000003,0
2015,6,9,22,30,24.400000000000002,54.82,14.700000000000001,2.5,0
2015,6,9,23,30,23.5,56.96,14.5,2.7,0
2015,6,10,0,30,22.700000000000003,58.980000000000004,14.3,3,0
2015,6,10,1,30,22.1,61.26,14.3,3,0
2015,6,10,2,30,21.400000000000002,65.47,14.700000000000001,2.9000000000000004,0
2015,6,10,3,30,20.8,70.35000000000001,15.200000000000001,2.6,0
2015,6,10,4,30,20.3,74.99,15.700000000000001,2.5,0
2015,6,10,5,30,20.5,75.91,16.1,3,0
2015,6,10,6,30,22.200000000000003,69.89,16.400000000000002,3.7,104
2015,6,10,7,30,25.400000000000002,58.18,16.6,4.6000000000000005,305
2015,6,10,8,30,28.5,46.160000000000004,15.8,5.1000000000000005,516
2015,6,10,9,30,30.900000000000002,37.1,14.600000000000001,5.2,708
2015,6,10,10,30,32.7,32.13,13.9,5.2,864
2015,6,10,11,30,34.1,29.2,13.700000000000001,5.1000000000000005,972
2015,6,10,12,30,35.2,27.42,13.600000000000001,5,1021
2015,6,10,13,30,35.800000000000004,26.45,13.600000000000001,4.800000000000001,1008
2015,6,10,14,30,36,25.87,13.4,4.7,934
2015,6,10,15,30,35.800000000000004,25.75,13.200000000000001,4.7,805
2015,6,10,16,30,35,26.240000000000002,12.8,4.7,632
2015,6,10,17,30,33.7,27.59,12.4,4.6000000000000005,429
2015,6,10,18,30,31.3,31.57,12.4,3.9000000000000004,218
2015,6,10,19,30,28.8,38.35,13.200000000000001,3.6,39
2015,6,10,20,30,27.1,42.69,13.3,4.1000000000000005,0
2015,6,10,21,30,25.900000000000002,46.87,13.700000000000001,4.2,0
2015,6,10,22,30,24.8,51.89,14.200000000000001,4,0
2015,6,10,23,30,24,56.26,14.8,4.1000000000000005,0
2015,6,11,0,30,23.3,60.58,15.3,4.3,0
2015,6,11,1,30,22.6,65.08,15.700000000000001,4.3,0
2015,6,11,2,30,21.900000000000002,69.53,16.1,4.3,0
2015,6,11,3,30,21.3,73.52,16.400000000000002,4.1000000000000005,0
2015,6,11,4,30,20.8,77.37,16.7,4,0
2015,6,11,5,30,20.8,79.26,17.1,4.3,0
2015,6,11,6,30,22.1,75.31,17.5,5.2,100
2015,6,11,7,30,24.700000000000003,64.81,17.6,5.800000000000001,299
2015,6,11,8,30,27.6,53.19,17.2,5.7,511
2015,6,11,9,30,30.400000000000002,43.97,16.8,5.5,705
2015,6,11,10,30,32.9,37.14,16.3,5.2,864
2015,6,11,11,30,35,32.21,16,4.9,973
2015,6,11,12,30,36.6,28.92,15.600000000000001,4.5,1025
2015,6,11,13,30,37.5,27.060000000000002,15.4,4.3,1013
2015,6,11,14,30,38,25.92,15.100000000000001,4.3,939
2015,6,11,15,30,37.800000000000004,25.990000000000002,15,4.5,808
2015,6,11,16,30,37,27.18,15,4.800000000000001,631
2015,6,11,17,30,35.5,30.12,15.3,5.2,424
2015,6,11,18,30,33.2,35.96,16.1,5.4,212
2015,6,11,19,30,30.6,43.96,16.900000000000002,5.300000000000001,37
2015,6,11,20,30,28.700000000000003,50.54,17.400000000000002,5.2,0
2015,6,11,21,30,27.3,55.160000000000004,17.5,5.4,0
2015,6,11,22,30,26,58.870000000000005,17.3,5.7,0
2015,6,11,23,30,25,61.47,17.1,5.800000000000001,0
2015,6,12,0,30,24.1,65.3,17.2,5.800000000000001,0
2015,6,12,1,30,23.3,70.92,17.7,5.7,0
2015,6,12,2,30,22.6,77.85000000000001,18.5,5.300000000000001,0
2015,6,12,3,30,22.1,83.94,19.3,5.1000000000000005,0
2015,6,12,4,30,21.900000000000002,87.51,19.700000000000003,5,0
2015,6,12,5,30,22,88.3,20,5.1000000000000005,0
2015,6,12,6,30,23,83.69,20.1,5.5,65
2015,6,12,7,30,24.900000000000002,73.77,19.900000000000002,5.9,282
2015,6,12,8,30,26.900000000000002,64.43,19.6,5.7,488
2015,6,12,9,30,28.8,56.75,19.400000000000002,5.4,681
2015,6,12,10,30,30.5,50.800000000000004,19.200000000000003,5,475
2015,6,12,11,30,31.900000000000002,46.6,19.1,4.6000000000000005,159
2015,6,12,12,30,32.9,43.99,19,4.4,792
2015,6,12,13,30,33.5,42.54,19,4.3,978
2015,6,12,14,30,33.6,42.45,19.1,4.3,908
2015,6,12,15,30,33.300000000000004,43.35,19.200000000000003,4.4,790
2015,6,12,16,30,32.5,45.07,19.1,4.5,617
2015,6,12,17,30,31.200000000000003,48.04,18.900000000000002,4.4,119
2015,6,12,18,30,29.1,54.83,19.1,3.7,31
2015,6,12,19,30,26.900000000000002,65.22,19.8,3.3000000000000003,23
2015,6,12,20,30,25.5,70.23,19.700000000000003,3.7,0
2015,6,12,21,30,24.6,72.92,19.400000000000002,3.8000000000000003,0
2015,6,12,22,30,23.900000000000002,75.45,19.3,3.5,0
2015,6,12,23,30,23.1,78.89,19.200000000000003,2.9000000000000004,0
2015,6,13,0,30,22.400000000000002,82.7,19.3,2.1,0
2015,6,13,1,30,21.6,87.97,19.5,1.5,0
2015,6,13,2,30,21.1,92.04,19.8,1.4000000000000001,0
2015,6,13,3,30,21,93.76,20,1.8,0
2015,6,13,4,30,20.8,95.76,20.1,2.1,0
2015,6,13,5,30,21,95.15,20.200000000000003,2.8000000000000003,0
2015,6,13,6,30,22,90.12,20.3,3.8000000000000003,99
2015,6,13,7,30,23.900000000000002,79.35000000000001,20.1,4.6000000000000005,149
2015,6,13,8,30,26.200000000000003,67.03,19.6,4.9,512
2015,6,13,9,30,28.400000000000002,56.6,19,4.800000000000001,437
2015,6,13,10,30,30.3,48.800000000000004,18.3,4.5,704
2015,6,13,11,30,31.8,43.24,17.8,4.2,972
2015,6,13,12,30,33,39.32,17.3,4.1000000000000005,825
2015,6,13,13,30,33.800000000000004,36.85,17,4,602
2015,6,13,14,30,34.2,35.57,16.8,4.2,932
2015,6,13,15,30,34.1,35.34,16.6,4.7,801
2015,6,13,16,30,33.300000000000004,36.54,16.400000000000002,5.1000000000000005,418
2015,6,13,17,30,31.900000000000002,39.800000000000004,16.5,5.4,255
2015,6,13,18,30,29.8,46.550000000000004,17.1,4.800000000000001,211
2015,6,13,19,30,27.6,56.51,18.2,4,29
2015,6,13,20,30,26,66.32000000000001,19.200000000000003,4,0
2015,6,13,21,30,24.700000000000003,75.33,20,4.6000000000000005,0
2015,6,13,22,30,23.6,82.83,20.5,5.6000000000000005,0
2015,6,13,23,30,22.8,87.15,20.5,5.9,0
2015,6,14,0,30,22,91.49,20.5,5,0
2015,6,14,1,30,21.5,93.9,20.5,4,0
2015,6,14,2,30,21.200000000000003,96.02,20.5,3.2,0
2015,6,14,3,30,21.200000000000003,96.69,20.700000000000003,2.7,0
2015,6,14,4,30,21.1,97.35000000000001,20.700000000000003,2.5,0
2015,6,14,5,30,21.1,96.55,20.5,2.6,0
2015,6,14,6,30,21.700000000000003,92.54,20.400000000000002,3.1,98
2015,6,14,7,30,23,84.86,20.3,3.5,295
2015,6,14,8,30,24.8,75.28,20.1,3.7,505
2015,6,14,9,30,26.6,66.4,19.8,3.9000000000000004,697
2015,6,14,10,30,28.1,59.89,19.6,4.1000000000000005,853
2015,6,14,11,30,29.200000000000003,55.56,19.400000000000002,3.8000000000000003,961
2015,6,14,12,30,29.900000000000002,52.730000000000004,19.200000000000003,3.3000000000000003,1013
2015,6,14,13,30,30.5,50.410000000000004,19,2.8000000000000003,1002
2015,6,14,14,30,31.1,48.32,18.900000000000002,2.5,931
2015,6,14,15,30,31.3,46.85,18.6,2.5,803
2015,6,14,16,30,31.1,45.910000000000004,18.1,2.6,631
2015,6,14,17,30,30.200000000000003,47.65,17.900000000000002,2.6,430
2015,6,14,18,30,28.1,58.47,19.200000000000003,2.6,218
2015,6,14,19,30,26,67.53,19.5,3.3000000000000003,40
2015,6,14,20,30,24.700000000000003,70.89,19.1,3.9000000000000004,0
2015,6,14,21,30,23.5,77.31,19.3,3.6,0
2015,6,14,22,30,22.6,83.26,19.6,3.2,0
2015,6,14,23,30,21.8,88.3,19.8,2.9000000000000004,0
2015,6,15,0,30,21.1,92.81,19.900000000000002,2.7,0
2015,6,15,1,30,20.700000000000003,96.04,20,2.3000000000000003,0
2015,6,15,2,30,20.5,98.46000000000001,20.200000000000003,1.9000000000000001,0
2015,6,15,3,30,20.5,99.36,20.400000000000002,1.5,0
2015,6,15,4,30,20.5,99.58,20.400000000000002,1.2000000000000002,0
2015,6,15,5,30,20.700000000000003,98.22,20.400000000000002,1.3,0
2015,6,15,6,30,21.3,94.82000000000001,20.400000000000002,1.7000000000000002,46
2015,6,15,7,30,22.3,88.83,20.400000000000002,1.9000000000000001,136
2015,6,15,8,30,23.6,80.62,20.1,1.9000000000000001,281
2015,6,15,9,30,25.200000000000003,70.53,19.5,1.4000000000000001,288
2015,6,15,10,30,26.8,61.61,18.8,1.1,535
2015,6,15,11,30,28,55.08,18.1,1.5,632
2015,6,15,12,30,28.700000000000003,51.54,17.7,2.3000000000000003,249
2015,6,15,13,30,28.900000000000002,50.14,17.5,2.9000000000000004,312
2015,6,15,14,30,28.700000000000003,49.79,17.2,3.3000000000000003,378
2015,6,15,15,30,28.3,49.45,16.7,3.6,478
2015,6,15,16,30,27.8,49.75,16.400000000000002,3.7,241
2015,6,15,17,30,27,51.89,16.3,3.6,373
2015,6,15,18,30,25.5,57.480000000000004,16.5,2.8000000000000003,176
2015,6,15,19,30,23.6,68.33,17.400000000000002,1.9000000000000001,27
2015,6,15,20,30,22.400000000000002,75.42,17.8,1.7000000000000002,0
2015,6,15,21,30,21.700000000000003,80.22,18.1,1.6,0
2015,6,15,22,30,21.1,85.14,18.5,1.4000000000000001,0
2015,6,15,23,30,20.700000000000003,89.13,18.8,1.7000000000000002,0
2015,6,16,0,30,20.400000000000002,92.11,19.1,2,0
2015,6,16,1,30,20.1,94.8,19.200000000000003,1.9000000000000001,0
2015,6,16,2,30,19.8,97.12,19.3,1.6,0
2015,6,16,3,30,19.5,98.91,19.3,1.2000000000000002,0
2015,6,16,4,30,19.400000000000002,99.03,19.200000000000003,1.1,0
2015,6,16,5,30,19.6,97.02,19.1,1.4000000000000001,0
2015,6,16,6,30,20.8,90.18,19.1,1.5,98
2015,6,16,7,30,22.700000000000003,81.2,19.3,1.1,294
2015,6,16,8,30,24.700000000000003,71.49,19.200000000000003,0.8,406
2015,6,16,9,30,26.400000000000002,62.93,18.8,0.8,315
2015,6,16,10,30,27.700000000000003,56.71,18.3,1.2000000000000002,564
2015,6,16,11,30,28.700000000000003,52.31,18,1.9000000000000001,696
2015,6,16,12,30,29.200000000000003,49.95,17.7,2.7,880
2015,6,16,13,30,29.400000000000002,48.69,17.5,3.4000000000000004,871
2015,6,16,14,30,29.3,48.64,17.400000000000002,3.9000000000000004,745
2015,6,16,15,30,29.1,49.22,17.400000000000002,4.1000000000000005,796
2015,6,16,16,30,28.400000000000002,51.56,17.5,4.2,567
2015,6,16,17,30,27.400000000000002,55.45,17.7,4.1000000000000005,367
2015,6,16,18,30,26,61.940000000000005,18.1,3.6,219
2015,6,16,19,30,24.5,71.03,18.900000000000002,3,26
2015,6,16,20,30,23.400000000000002,78.61,19.5,2.6,0
2015,6,16,21,30,22.5,84.59,19.8,2.1,0
2015,6,16,22,30,21.6,90.16,19.900000000000002,1.4000000000000001,0
2015,6,16,23,30,20.8,95.08,20,0.9,0
2015,6,17,0,30,20.200000000000003,98.83,20,0.8,0
2015,6,17,1,30,19.900000000000002,100,19.900000000000002,0.7000000000000001,0
2015,6,17,2,30,19.8,100,19.8,0.6000000000000001,0
2015,6,17,3,30,19.700000000000003,100,19.700000000000003,0.6000000000000001,0
2015,6,17,4,30,19.700000000000003,100,19.700000000000003,0.7000000000000001,0
2015,6,17,5,30,20.200000000000003,97.89,19.900000000000002,1.4000000000000001,0
2015,6,17,6,30,21.5,90.18,19.8,2.1,101
2015,6,17,7,30,23.1,80.02,19.5,2.5,297
2015,6,17,8,30,24.900000000000002,70.61,19.200000000000003,2.8000000000000003,325
2015,6,17,9,30,26.700000000000003,61.85,18.8,3,475
2015,6,17,10,30,28.400000000000002,54.67,18.400000000000002,3,854
2015,6,17,11,30,29.700000000000003,49.870000000000005,18.1,3,573
2015,6,17,12,30,30.700000000000003,46.44,17.900000000000002,2.8000000000000003,946
2015,6,17,13,30,31.400000000000002,44.01,17.7,2.7,879
2015,6,17,14,30,31.700000000000003,42.71,17.5,2.6,937
2015,6,17,15,30,31.8,41.79,17.2,2.6,809
2015,6,17,16,30,31.5,41.68,16.900000000000002,2.5,639
2015,6,17,17,30,30.6,43,16.6,2.4000000000000004,438
2015,6,17,18,30,28.6,48.39,16.6,1.9000000000000001,228
2015,6,17,19,30,26.1,62.22,18.3,1.4000000000000001,45
2015,6,17,20,30,24.6,66.04,17.8,1.7000000000000002,0
2015,6,17,21,30,23.900000000000002,68.23,17.7,2,0
2015,6,17,22,30,23.200000000000003,71.49,17.8,2.2,0
2015,6,17,23,30,22.5,75.42,17.900000000000002,2.3000000000000003,0
2015,6,18,0,30,21.8,80.17,18.2,2.2,0
2015,6,18,1,30,21.1,85.39,18.6,1.9000000000000001,0
2015,6,18,2,30,20.5,90.4,18.900000000000002,1.7000000000000002,0
2015,6,18,3,30,20.1,94.24,19.1,1.6,0
2015,6,18,4,30,19.8,97.26,19.400000000000002,1.6,0
2015,6,18,5,30,20.400000000000002,94.47,19.5,2.1,0
2015,6,18,6,30,22.5,84.13,19.700000000000003,2.7,101
2015,6,18,7,30,25.6,70.06,19.700000000000003,2.7,300
2015,6,18,8,30,28.5,55.99,18.900000000000002,2.2,503
2015,6,18,9,30,30.5,46.74,17.8,1.4000000000000001,603
2015,6,18,10,30,32,40.94,17.1,0.8,780
2015,6,18,11,30,33.4,36.31,16.400000000000002,0.6000000000000001,972
2015,6,18,12,30,34.4,33.63,16.1,0.6000000000000001,1022
2015,6,18,13,30,35.1,31.98,15.9,0.7000000000000001,1010
2015,6,18,14,30,35.4,31.19,15.8,1.2000000000000002,937
2015,6,18,15,30,35.2,31.29,15.700000000000001,1.8,807
2015,6,18,16,30,34.6,32,15.5,2.6,634
2015,6,18,17,30,33.300000000000004,34.15,15.4,3.2,431
2015,6,18,18,30,31.1,39.7,15.8,3.3000000000000003,221
2015,6,18,19,30,28.8,49.18,17.1,3.7,39
2015,6,18,20,30,27.200000000000003,55.65,17.6,4.2,0
2015,6,18,21,30,26,62.24,18.2,4.1000000000000005,0
2015,6,18,22,30,25,68.21000000000001,18.7,3.7,0
2015,6,18,23,30,24.1,74.11,19.200000000000003,3.4000000000000004,0
2015,6,19,0,30,23.3,80.13,19.700000000000003,2.9000000000000004,0
2015,6,19,1,30,22.5,86.46000000000001,20.1,2.5,0
2015,6,19,2,30,21.8,91.86,20.400000000000002,2.1,0
2015,6,19,3,30,21.200000000000003,96.17,20.6,1.7000000000000002,0
2015,6,19,4,30,20.8,98.81,20.6,1.5,0
2015,6,19,5,30,21.200000000000003,96.38,20.6,2,0
2015,6,19,6,30,22.900000000000002,87.16,20.700000000000003,2.7,67
2015,6,19,7,30,25.5,72.54,20.200000000000003,2.8000000000000003,244
2015,6,19,8,30,28.1,57.83,19,2.7,508
2015,6,19,9,30,30,48.77,18,2.7,702
2015,6,19,10,30,31.5,42.25,17.1,2.7,861
2015,6,19,11,30,32.800000000000004,36.980000000000004,16.2,2.6,969
2015,6,19,12,30,33.800000000000004,33.15,15.4,2.8000000000000003,963
2015,6,19,13,30,34.5,30.89,14.9,3.5,921
2015,6,19,14,30,34.5,30.830000000000002,14.8,4.3,880
2015,6,19,15,30,33.800000000000004,32.68,15.100000000000001,5,805
2015,6,19,16,30,32.5,36.160000000000004,15.600000000000001,5.300000000000001,631
2015,6,19,17,30,30.700000000000003,41.46,16.1,5.300000000000001,430
2015,6,19,18,30,28.6,48.76,16.8,5,221
2015,6,19,19,30,26.5,57.21,17.3,4.5,42
2015,6,19,20,30,25,63.800000000000004,17.7,4,0
2015,6,19,21,30,23.900000000000002,68.22,17.7,3.8000000000000003,0
2015,6,19,22,30,23,71.49,17.6,3.4000000000000004,0
2015,6,19,23,30,22.1,74.88,17.400000000000002,3.1,0
2015,6,20,0,30,21.3,78.24,17.400000000000002,2.8000000000000003,0
2015,6,20,1,30,20.700000000000003,81.24,17.400000000000002,2.7,0
2015,6,20,2,30,20.200000000000003,84.37,17.5,2.6,0
2015,6,20,3,30,19.8,87.94,17.7,2.5,0
2015,6,20,4,30,19.400000000000002,92.4,18.1,2.4000000000000004,0
2015,6,20,5,30,19.8,92.77,18.6,2.9000000000000004,0
2015,6,20,6,30,21.6,85.67,19.1,4.2,94
2015,6,20,7,30,24,75.83,19.5,5.300000000000001,211
2015,6,20,8,30,26.3,65.2,19.200000000000003,5.4,227
2015,6,20,9,30,28.3,56.620000000000005,18.900000000000002,5.300000000000001,436
2015,6,20,10,30,29.900000000000002,50.6,18.5,5.2,855
2015,6,20,11,30,31.3,46.06,18.3,5.1000000000000005,966
2015,6,20,12,30,32.2,43.36,18.2,5,1019
2015,6,20,13,30,32.9,41.11,18,4.9,1006
2015,6,20,14,30,33.1,40.17,17.8,4.800000000000001,935
2015,6,20,15,30,32.800000000000004,40.56,17.7,4.800000000000001,809
2015,6,20,16,30,32,42.300000000000004,17.6,4.9,635
2015,6,20,17,30,30.700000000000003,45.74,17.7,5.2,431
2015,6,20,18,30,28.8,51.74,17.900000000000002,5.300000000000001,220
2015,6,20,19,30,26.700000000000003,59.76,18.2,5.1000000000000005,42
2015,6,20,20,30,25.1,66.66,18.5,4.800000000000001,0
2015,6,20,21,30,24,71.61,18.6,4.6000000000000005,0
2015,6,20,22,30,23.1,75.57000000000001,18.5,4.5,0
2015,6,20,23,30,22.3,79.52,18.6,4.3,0
2015,6,21,0,30,21.6,83.93,18.8,4,0
2015,6,21,1,30,21.1,88.60000000000001,19.1,3.8000000000000003,0
2015,6,21,2,30,20.900000000000002,92.51,19.6,3.5,0
2015,6,21,3,30,20.900000000000002,95.14,20.1,3.2,0
2015,6,21,4,30,20.900000000000002,97.04,20.400000000000002,3,0
2015,6,21,5,30,21.400000000000002,95.29,20.6,3.2,0
2015,6,21,6,30,22.900000000000002,86.94,20.6,3.9000000000000004,67
2015,6,21,7,30,25,74.36,20.1,4.1000000000000005,108
2015,6,21,8,30,27.200000000000003,63.43,19.700000000000003,3.8000000000000003,320
2015,6,21,9,30,29.3,54.54,19.200000000000003,3.7,293
2015,6,21,10,30,31,48.26,18.8,3.7,856
2015,6,21,11,30,32.5,43.34,18.400000000000002,3.8000000000000003,967
2015,6,21,12,30,33.6,40.01,18.2,4.1000000000000005,1012
2015,6,21,13,30,34.2,38.29,18,4.5,999
2015,6,21,14,30,34.300000000000004,38.050000000000004,18,4.800000000000001,927
2015,6,21,15,30,34,38.4,17.8,5,798
2015,6,21,16,30,33.1,40.14,17.8,5.1000000000000005,625
2015,6,21,17,30,31.6,43.85,17.8,5.2,422
2015,6,21,18,30,29.8,49,17.900000000000002,5.1000000000000005,212
2015,6,21,19,30,27.8,56.03,18.2,4.9,39
2015,6,21,20,30,26.200000000000003,62.58,18.5,4.7,0
2015,6,21,21,30,25,68.4,18.8,4.4,0
2015,6,21,22,30,24.1,73.7,19.1,4.1000000000000005,0
2015,6,21,23,30,23.200000000000003,79.44,19.400000000000002,3.8000000000000003,0
2015,6,22,0,30,22.5,84.74,19.8,3.4000000000000004,0
2015,6,22,1,30,22,89.35000000000001,20.200000000000003,3.2,0
2015,6,22,2,30,21.8,92.03,20.400000000000002,3.3000000000000003,0
2015,6,22,3,30,21.700000000000003,92.5,20.400000000000002,3.4000000000000004,0
2015,6,22,4,30,21.5,92.46000000000001,20.200000000000003,3.3000000000000003,0
2015,6,22,5,30,21.8,89.37,20,3.7,0
2015,6,22,6,30,22.900000000000002,82.31,19.700000000000003,4.7,46
2015,6,22,7,30,24.6,71.87,19.200000000000003,5.5,292
2015,6,22,8,30,26.3,63.370000000000005,18.8,6,89
2015,6,22,9,30,27.8,57.21,18.6,6.300000000000001,189
2015,6,22,10,30,29.1,52.14,18.3,6.4,485
2015,6,22,11,30,30.1,48.29,18,6.4,739
2015,6,22,12,30,30.900000000000002,45.24,17.7,6.300000000000001,334
2015,6,22,13,30,31.400000000000002,43.33,17.400000000000002,6.2,989
2015,6,22,14,30,31.5,42.56,17.2,6.1000000000000005,759
2015,6,22,15,30,31,43.15,17,6.2,790
2015,6,22,16,30,30.1,44.57,16.7,6.2,620
2015,6,22,17,30,28.700000000000003,47.57,16.5,6.1000000000000005,422
2015,6,22,18,30,26.8,52.49,16.3,5.7,214
2015,6,22,19,30,25,57.81,16.1,5.1000000000000005,40
2015,6,22,20,30,23.6,62.730000000000004,16.1,4.6000000000000005,0
2015,6,22,21,30,22.6,67.71000000000001,16.3,4.3,0
2015,6,22,22,30,21.900000000000002,73.47,16.900000000000002,3.9000000000000004,0
2015,6,22,23,30,21.3,79.71000000000001,17.7,3.5,0
2015,6,23,0,30,20.900000000000002,84.95,18.3,3.4000000000000004,0
2015,6,23,1,30,20.6,89.12,18.7,3.3000000000000003,0
2015,6,23,2,30,20.3,92,19,3.3000000000000003,0
2015,6,23,3,30,20,93.89,19,3.2,0
2015,6,23,4,30,19.700000000000003,95.4,18.900000000000002,2.8000000000000003,0
2015,6,23,5,30,19.8,94.44,18.900000000000002,2.8000000000000003,0
2015,6,23,6,30,21.1,86.73,18.8,3.6,85
2015,6,23,7,30,23.200000000000003,73.86,18.3,4.7,276
2015,6,23,8,30,25.400000000000002,59.74,17,5.4,487
2015,6,23,9,30,27.400000000000002,47.71,15.3,5.9,281
2015,6,23,10,30,29.200000000000003,39.79,14.100000000000001,6.2,849
2015,6,23,11,30,30.8,34.4,13.3,6.2,964
2015,6,23,12,30,32,30.810000000000002,12.700000000000001,6.2,1019
2015,6,23,13,30,32.800000000000004,28.67,12.3,6.2,1013
2015,6,23,14,30,33.1,27.77,12,6.1000000000000005,943
2015,6,23,15,30,32.9,28.1,12,6.1000000000000005,810
2015,6,23,16,30,32.1,29.95,12.3,5.9,637
2015,6,23,17,30,30.8,33.06,12.700000000000001,5.6000000000000005,434
2015,6,23,18,30,28.900000000000002,38.36,13.3,4.7,224
2015,6,23,19,30,26.700000000000003,46.51,14.3,3.5,44
2015,6,23,20,30,25.1,54.27,15.200000000000001,3.1,0
2015,6,23,21,30,24.200000000000003,60.24,16,3.1,0
2015,6,23,22,30,23.400000000000002,66.65,16.8,3.1,0
2015,6,23,23,30,22.6,74.08,17.7,3,0
2015,6,24,0,30,21.8,82.25,18.6,2.7,0
2015,6,24,1,30,21.200000000000003,89.14,19.3,2.4000000000000004,0
2015,6,24,2,30,20.700000000000003,94.68,19.8,2.1,0
2015,6,24,3,30,20.5,97.59,20.1,2.2,0
2015,6,24,4,30,20.5,98.41,20.200000000000003,2.4000000000000004,0
2015,6,24,5,30,20.900000000000002,96.09,20.3,3,0
2015,6,24,6,30,22.200000000000003,87.79,20.1,4,96
2015,6,24,7,30,24.1,74.4,19.3,4.6000000000000005,294
2015,6,24,8,30,26.1,62.38,18.3,4.7,463
2015,6,24,9,30,28,53.6,17.7,4.6000000000000005,697
2015,6,24,10,30,29.700000000000003,46.85,17.1,4.6000000000000005,856
2015,6,24,11,30,31,41.69,16.5,4.800000000000001,966
2015,6,24,12,30,32.1,37.61,15.8,5,1016
2015,6,24,13,30,32.800000000000004,34.95,15.3,5.2,1005
2015,6,24,14,30,33.1,33.49,14.9,5.300000000000001,933
2015,6,24,15,30,32.9,33.03,14.5,5.4,806
2015,6,24,16,30,32.2,33.63,14.200000000000001,5.5,634
2015,6,24,17,30,30.900000000000002,35.96,14.100000000000001,5.4,432
2015,6,24,18,30,29.1,40.2,14.200000000000001,4.7,223
2015,6,24,19,30,27,46.76,14.600000000000001,3.8000000000000003,44
2015,6,24,20,30,25.400000000000002,53.28,15.200000000000001,3.4000000000000004,0
2015,6,24,21,30,24.400000000000002,58.36,15.700000000000001,3.5,0
2015,6,24,22,30,23.6,63.550000000000004,16.3,3.6,0
2015,6,24,23,30,22.900000000000002,69.35000000000001,17,3.5,0
2015,6,25,0,30,22.3,75.39,17.7,3.3000000000000003,0
2015,6,25,1,30,21.700000000000003,81.5,18.400000000000002,3.1,0
2015,6,25,2,30,21.1,87.42,18.900000000000002,2.9000000000000004,0
2015,6,25,3,30,20.700000000000003,91.98,19.3,2.8000000000000003,0
2015,6,25,4,30,20.400000000000002,95.65,19.700000000000003,2.9000000000000004,0
2015,6,25,5,30,20.700000000000003,95.23,19.900000000000002,3.5,0
2015,6,25,6,30,22.3,86.72,20,4.800000000000001,96
2015,6,25,7,30,24.6,72.8,19.400000000000002,5.800000000000001,179
2015,6,25,8,30,27.1,59.13,18.400000000000002,5.9,508
2015,6,25,9,30,29.3,48.74,17.400000000000002,5.7,703
2015,6,25,10,30,31.3,41.19,16.6,5.300000000000001,863
2015,6,25,11,30,33,35.9,15.9,4.800000000000001,972
2015,6,25,12,30,34.300000000000004,32.08,15.3,4.4,1020
2015,6,25,13,30,35.2,29.46,14.700000000000001,4,1010
2015,6,25,14,30,35.6,28,14.3,3.8000000000000003,937
2015,6,25,15,30,35.5,27.740000000000002,14.100000000000001,3.8000000000000003,810
2015,6,25,16,30,34.9,28.55,14,3.9000000000000004,638
2015,6,25,17,30,33.7,30.7,14.100000000000001,4,436
2015,6,25,18,30,31.6,35.56,14.5,3.9000000000000004,225
2015,6,25,19,30,29.3,43.52,15.600000000000001,4.1000000000000005,45
2015,6,25,20,30,27.6,49.800000000000004,16.2,4.7,0
2015,6,25,21,30,26.3,56.33,16.900000000000002,4.800000000000001,0
2015,6,25,22,30,25.200000000000003,62.09,17.400000000000002,4.7,0
2015,6,25,23,30,24.3,66.64,17.7,4.6000000000000005,0
2015,6,26,0,30,23.6,70.38,17.900000000000002,4.3,0
2015,6,26,1,30,23,73.95,18.1,4,0
2015,6,26,2,30,22.400000000000002,77.85000000000001,18.3,3.7,0
2015,6,26,3,30,22,80.83,18.6,3.3000000000000003,0
2015,6,26,4,30,21.6,83.75,18.7,3,0
2015,6,26,5,30,21.8,83.41,18.900000000000002,3.3000000000000003,0
2015,6,26,6,30,23.1,77.52,19,3.9000000000000004,90
2015,6,26,7,30,25.6,65.35,18.6,4.1000000000000005,283
2015,6,26,8,30,28.1,54.2,18,3.5,492
2015,6,26,9,30,30.400000000000002,46.160000000000004,17.5,2.4000000000000004,630
2015,6,26,10,30,32.2,40.29,17,1.1,754
2015,6,26,11,30,33.5,36.14,16.5,0.6000000000000001,914
2015,6,26,12,30,34.300000000000004,33.81,16.1,1,911
2015,6,26,13,30,34.7,32.81,16,1.6,993
2015,6,26,14,30,34.7,32.67,15.9,2.1,923
2015,6,26,15,30,34.4,33.52,16.1,2.4000000000000004,796
2015,6,26,16,30,33.7,35.49,16.3,2.7,625
2015,6,26,17,30,32.6,38.53,16.7,2.7,426
2015,6,26,18,30,30.700000000000003,44.74,17.3,2.2,20
2015,6,26,19,30,28.8,54.08,18.6,1.7000000000000002,34
2015,6,26,20,30,27.700000000000003,59.53,19.1,1.5,0
2015,6,26,21,30,26.700000000000003,64.78,19.5,1.2000000000000002,0
2015,6,26,22,30,25.8,69.85000000000001,19.900000000000002,0.9,0
2015,6,26,23,30,25,74.78,20.200000000000003,0.8,0
2015,6,27,0,30,24.400000000000002,78.49,20.400000000000002,0.8,0
2015,6,27,1,30,23.8,81.95,20.5,0.9,0
2015,6,27,2,30,23.3,84.81,20.6,1.1,0
2015,6,27,3,30,22.900000000000002,86.25,20.5,1.2000000000000002,0
2015,6,27,4,30,22.400000000000002,86.97,20.1,1.1,0
2015,6,27,5,30,22.400000000000002,84.89,19.700000000000003,1.7000000000000002,0
2015,6,27,6,30,23.6,77.14,19.400000000000002,2.6,89
2015,6,27,7,30,25.8,66.1,19,3.6,283
2015,6,27,8,30,28,56.1,18.400000000000002,4.5,494
2015,6,27,9,30,29.6,48.92,17.7,4.9,691
2015,6,27,10,30,31,43.21,17,5,250
2015,6,27,11,30,32.1,39.18,16.5,4.9,908
2015,6,27,12,30,32.9,36.47,16.1,4.7,955
2015,6,27,13,30,33.300000000000004,34.83,15.700000000000001,4.5,942
2015,6,27,14,30,33.2,34.52,15.5,4.5,852
2015,6,27,15,30,32.9,34.34,15.100000000000001,4.4,764
2015,6,27,16,30,32.1,35.03,14.700000000000001,4.4,512
2015,6,27,17,30,30.900000000000002,36.67,14.4,4.4,315
2015,6,27,18,30,29.3,40.11,14.4,3.9000000000000004,162
2015,6,27,19,30,27.6,45.78,14.9,3.4000000000000004,42
2015,6,27,20,30,26.200000000000003,51.77,15.5,3.3000000000000003,0
2015,6,27,21,30,25.200000000000003,56.97,16.1,3.3000000000000003,0
2015,6,27,22,30,24.400000000000002,62.02,16.7,3.2,0
2015,6,27,23,30,23.6,67.01,17.1,2.8000000000000003,0
2015,6,28,0,30,22.8,71.78,17.400000000000002,2.2,0
2015,6,28,1,30,22,76.43,17.7,1.6,0
2015,6,28,2,30,21.200000000000003,80.87,17.8,1.2000000000000002,0
2015,6,28,3,30,20.6,84.07000000000001,17.8,0.9,0
2015,6,28,4,30,20.200000000000003,86.16,17.8,0.8,0
2015,6,28,5,30,20.700000000000003,83.31,17.8,0.8,0
2015,6,28,6,30,22.900000000000002,72.98,17.8,0.7000000000000001,93
2015,6,28,7,30,25.700000000000003,56.7,16.5,1,292
2015,6,28,8,30,28,44.160000000000004,14.700000000000001,1.8,506
2015,6,28,9,30,29.8,37.61,13.8,2.3000000000000003,703
2015,6,28,10,30,31.400000000000002,33.35,13.4,2.7,830
2015,6,28,11,30,32.6,30.57,13.100000000000001,3,905
2015,6,28,12,30,33.5,28.54,12.8,3.1,981
2015,6,28,13,30,34.1,26.97,12.4,3.1,940
2015,6,28,14,30,34.300000000000004,26.03,12.100000000000001,3.1,952
2015,6,28,15,30,34,25.73,11.600000000000001,3.2,821
2015,6,28,16,30,33.4,25.55,11,3.3000000000000003,649
2015,6,28,17,30,32.2,26.38,10.5,3.3000000000000003,445
2015,6,28,18,30,29.900000000000002,29.61,10.3,2.7,232
2015,6,28,19,30,27.3,37.43,11.5,2.3000000000000003,47
2015,6,28,20,30,25.900000000000002,40.36,11.4,2.8000000000000003,0
2015,6,28,21,30,25.1,44.14,12,3.5,0
2015,6,28,22,30,24.400000000000002,52.78,14.100000000000001,3.8000000000000003,0
2015,6,28,23,30,23.700000000000003,63.04,16.3,3.8000000000000003,0
2015,6,29,0,30,23.200000000000003,70.49,17.5,3.7,0
2015,6,29,1,30,22.8,75.25,18.2,3.6,0
2015,6,29,2,30,22.3,78.86,18.5,3.5,0
2015,6,29,3,30,21.8,81.65,18.5,3,0
2015,6,29,4,30,21.3,84.18,18.5,2.6,0
2015,6,29,5,30,21.5,82.99,18.5,2.6,0
2015,6,29,6,30,23.200000000000003,74.8,18.5,2.6,88
2015,6,29,7,30,25.900000000000002,62.79,18.3,2,283
2015,6,29,8,30,28.5,51.03,17.400000000000002,1,494
2015,6,29,9,30,30.8,40.56,15.9,0.8,691
2015,6,29,10,30,32.6,33.17,14.3,1.5,850
2015,6,29,11,30,33.9,30.07,13.9,2.6,962
2015,6,29,12,30,34.5,28.94,13.9,3.5,950
2015,6,29,13,30,34.800000000000004,28.150000000000002,13.700000000000001,3.8000000000000003,1008
2015,6,29,14,30,35.1,27.2,13.4,3.6,941
2015,6,29,15,30,35.1,26.46,13,3.6,819
2015,6,29,16,30,34.6,26.41,12.5,3.6,648
2015,6,29,17,30,33.6,27.400000000000002,12.3,3.6,445
2015,6,29,18,30,31.3,31.68,12.5,2.9000000000000004,223
2015,6,29,19,30,28.700000000000003,41.5,14.3,2.5,30
2015,6,29,20,30,27.400000000000002,47.300000000000004,15.200000000000001,3.2,0
2015,6,29,21,30,26.700000000000003,52.38,16.1,3.9000000000000004,0
2015,6,29,22,30,25.8,58.69,17.1,3.8000000000000003,0
2015,6,29,23,30,24.6,65.82000000000001,17.8,3.3000000000000003,0
2015,6,30,0,30,23.3,74.62,18.5,2.6,0
2015,6,30,1,30,22.200000000000003,86.16,19.8,2,0
2015,6,30,2,30,21.5,92.81,20.3,1.7000000000000002,0
2015,6,30,3,30,20.900000000000002,96.51,20.3,1.4000000000000001,0
2015,6,30,4,30,20.400000000000002,98.29,20.1,1.2000000000000002,0
2015,6,30,5,30,20.200000000000003,97.76,19.8,1.7000000000000002,0
2015,6,30,6,30,20.900000000000002,91.89,19.5,2.3000000000000003,14
2015,6,30,7,30,22.200000000000003,83.16,19.200000000000003,2.1,59
2015,6,30,8,30,23.6,71.61,18.2,1.7000000000000002,203
2015,6,30,9,30,24.900000000000002,61.74,17.1,1.5,340
2015,6,30,10,30,26.400000000000002,56.24,17,1.7000000000000002,771
2015,6,30,11,30,28.200000000000003,51.47,17.3,2,889
2015,6,30,12,30,29.6,48.800000000000004,17.7,2.3000000000000003,941
2015,6,30,13,30,30.5,47.06,17.900000000000002,2.6,984
2015,6,30,14,30,30.900000000000002,46.06,18,2.9000000000000004,914
2015,6,30,15,30,30.900000000000002,45.5,17.8,3.1,784
2015,6,30,16,30,30.5,45.86,17.5,3.3000000000000003,615
2015,6,30,17,30,29.6,47.44,17.2,3.2,416
2015,6,30,18,30,28,53.18,17.6,2.5,211
2015,6,30,19,30,26.1,64.67,18.900000000000002,2.3000000000000003,40
2015,6,30,20,30,25,68.09,18.7,2.9000000000000004,0
2015,6,30,21,30,24.200000000000003,70.51,18.5,3.5,0
2015,6,30,22,30,23.400000000000002,74,18.5,3.6,0
2015,6,30,23,30,22.6,77.81,18.5,3.4000000000000004,0
2015,7,1,0,30,21.900000000000002,81.37,18.6,3.2,0
2015,7,1,1,30,21.3,85.05,18.7,2.9000000000000004,0
2015,7,1,2,30,20.700000000000003,89.25,18.900000000000002,2.3000000000000003,0
2015,7,1,3,30,20.1,93.86,19.1,1.8,0
2015,7,1,4,30,19.8,97.02,19.3,1.7000000000000002,0
2015,7,1,5,30,20.3,95.16,19.5,2.4000000000000004,0
2015,7,1,6,30,21.8,87.76,19.700000000000003,3.8000000000000003,87
2015,7,1,7,30,23.900000000000002,77,19.6,4.7,162
2015,7,1,8,30,26.200000000000003,66.07000000000001,19.400000000000002,4.9,496
2015,7,1,9,30,28.200000000000003,57.46,19,4.7,692
2015,7,1,10,30,30,50.6,18.6,4.4,854
2015,7,1,11,30,31.400000000000002,45.84,18.3,4,966
2015,7,1,12,30,32.5,42.26,18,3.9000000000000004,1016
2015,7,1,13,30,33.2,39.800000000000004,17.7,4,1008
2015,7,1,14,30,33.5,38.26,17.3,4.3,939
2015,7,1,15,30,33.4,37.42,16.900000000000002,4.5,811
2015,7,1,16,30,32.7,37.62,16.400000000000002,4.7,640
2015,7,1,17,30,31.3,39.87,16,4.7,439
2015,7,1,18,30,29.200000000000003,45.2,16.1,4.2,227
2015,7,1,19,30,26.900000000000002,53.730000000000004,16.7,3.8000000000000003,46
2015,7,1,20,30,25.400000000000002,60.44,17.2,4,0
2015,7,1,21,30,24.3,67.2,17.8,4.3,0
2015,7,1,22,30,23.400000000000002,73.38,18.400000000000002,4.1000000000000005,0
2015,7,1,23,30,22.6,78.14,18.6,3.7,0
2015,7,2,0,30,21.900000000000002,81.65,18.6,3.4000000000000004,0
2015,7,2,1,30,21.200000000000003,84.82000000000001,18.5,3.4000000000000004,0
2015,7,2,2,30,20.6,87.39,18.400000000000002,3.3000000000000003,0
2015,7,2,3,30,19.900000000000002,90.57000000000001,18.3,3,0
2015,7,2,4,30,19.3,93.76,18.3,2.7,0
2015,7,2,5,30,19.5,92.65,18.3,3,0
2015,7,2,6,30,20.900000000000002,85.46000000000001,18.400000000000002,3.9000000000000004,54
2015,7,2,7,30,23.1,74.87,18.400000000000002,3.9000000000000004,167
2015,7,2,8,30,25.3,65.41,18.3,3.4000000000000004,385
2015,7,2,9,30,27.400000000000002,57.72,18.3,3.1,694
2015,7,2,10,30,29.200000000000003,51.51,18.2,3,796
2015,7,2,11,30,30.8,46.11,17.900000000000002,3.1,914
2015,7,2,12,30,32.1,41.96,17.6,3.2,942
2015,7,2,13,30,32.9,39.39,17.3,3.4000000000000004,910
2015,7,2,14,30,33.300000000000004,37.82,17,3.7,798
2015,7,2,15,30,33.300000000000004,37.36,16.8,3.9000000000000004,751
2015,7,2,16,30,32.6,38.550000000000004,16.7,4.1000000000000005,597
2015,7,2,17,30,31.400000000000002,41.43,16.7,4.1000000000000005,429
2015,7,2,18,30,29.6,46.76,17,3.9000000000000004,219
2015,7,2,19,30,27.6,54.68,17.7,3.9000000000000004,32
2015,7,2,20,30,26.1,60.49,17.900000000000002,4.1000000000000005,0
2015,7,2,21,30,25,64.96000000000001,18,3.8000000000000003,0
2015,7,2,22,30,24.1,68.37,17.900000000000002,3.4000000000000004,0
2015,7,2,23,30,23.3,71.16,17.8,3,0
2015,7,3,0,30,22.700000000000003,73.29,17.7,2.7,0
2015,7,3,1,30,22.1,75.66,17.6,2.5,0
2015,7,3,2,30,21.6,78.06,17.6,2.6,0
2015,7,3,3,30,21.3,80.25,17.8,2.6,0
2015,7,3,4,30,20.700000000000003,84.41,18,2.5,0
2015,7,3,5,30,20.6,86.34,18.2,2.8000000000000003,0
2015,7,3,6,30,21.6,81.86,18.400000000000002,3.5,51
2015,7,3,7,30,23.6,71.35000000000001,18.1,3.4000000000000004,213
2015,7,3,8,30,25.900000000000002,62.25,18.1,2.7,249
2015,7,3,9,30,28,54.83,18.1,2.3000000000000003,667
2015,7,3,10,30,29.6,49.33,17.900000000000002,2.4000000000000004,825
2015,7,3,11,30,30.8,45.82,17.8,2.9000000000000004,785
2015,7,3,12,30,31.5,43.96,17.8,3.3000000000000003,995
2015,7,3,13,30,31.700000000000003,43.34,17.7,3.5,920
2015,7,3,14,30,31.5,43.67,17.7,3.5,918
2015,7,3,15,30,31.1,44.35,17.5,3.5,696
2015,7,3,16,30,30.6,45.13,17.400000000000002,3.5,593
2015,7,3,17,30,29.700000000000003,47.03,17.2,3.2,427
2015,7,3,18,30,28.400000000000002,51.11,17.3,2.5,220
2015,7,3,19,30,26.900000000000002,58.14,18,2.1,35
2015,7,3,20,30,26,60.57,17.8,2.5,0
2015,7,3,21,30,25.3,61.76,17.400000000000002,3.1,0
2015,7,3,22,30,24.8,61.85,17,3.6,0
2015,7,3,23,30,24,62.36,16.400000000000002,3.6,0
2015,7,4,0,30,23.200000000000003,64.17,16.1,3.1,0
2015,7,4,1,30,22.5,66.03,15.8,2.8000000000000003,0
2015,7,4,2,30,21.900000000000002,68.60000000000001,15.9,2.7,0
2015,7,4,3,30,21.3,73.64,16.400000000000002,2.6,0
2015,7,4,4,30,20.8,80.85000000000001,17.400000000000002,2.4000000000000004,0
2015,7,4,5,30,21.1,84.88,18.5,2.7,0
2015,7,4,6,30,22.400000000000002,82.7,19.3,3.5,81
2015,7,4,7,30,24.6,73.3,19.5,3.8000000000000003,273
2015,7,4,8,30,26.900000000000002,61.52,18.900000000000002,3.5,484
2015,7,4,9,30,29,52.050000000000004,18.2,3.3000000000000003,577
2015,7,4,10,30,30.5,46.85,17.900000000000002,3.2,701
2015,7,4,11,30,31.6,43.65,17.7,3.3000000000000003,733
2015,7,4,12,30,32.4,41.52,17.7,3.4000000000000004,863
2015,7,4,13,30,32.9,40.230000000000004,17.6,3.4000000000000004,453
2015,7,4,14,30,33,39.9,17.6,3.5,599
2015,7,4,15,30,32.800000000000004,40.06,17.5,3.7,792
2015,7,4,16,30,32.300000000000004,40.51,17.2,3.8000000000000003,624
2015,7,4,17,30,31.3,42.27,17,3.9000000000000004,425
2015,7,4,18,30,29.8,46.230000000000004,17,3.4000000000000004,217
2015,7,4,19,30,28.1,52.82,17.6,3.2,42
2015,7,4,20,30,27.1,57.07,17.900000000000002,3.5,0
2015,7,4,21,30,26.400000000000002,60.38,18.1,3.7,0
2015,7,4,22,30,25.6,63.99,18.3,3.5,0
2015,7,4,23,30,24.8,67.44,18.400000000000002,3.3000000000000003,0
2015,7,5,0,30,24.1,70.35000000000001,18.400000000000002,3.7,0
2015,7,5,1,30,23.6,73,18.5,4.3,0
2015,7,5,2,30,23.1,77.35000000000001,18.900000000000002,4.4,0
2015,7,5,3,30,22.700000000000003,81.60000000000001,19.400000000000002,4.1000000000000005,0
2015,7,5,4,30,22.200000000000003,85.65,19.700000000000003,3.6,0
2015,7,5,5,30,22.200000000000003,86.55,19.8,3.6,0
2015,7,5,6,30,23.200000000000003,81.96000000000001,19.900000000000002,4.4,57
2015,7,5,7,30,25.1,72.49,19.8,5,259
2015,7,5,8,30,27.200000000000003,62.96,19.5,5,465
2015,7,5,9,30,29.200000000000003,55.43,19.400000000000002,4.9,658
2015,7,5,10,30,30.8,50.39,19.3,4.800000000000001,817
2015,7,5,11,30,32.1,46.47,19.200000000000003,4.7,928
2015,7,5,12,30,33,43.660000000000004,19,4.800000000000001,982
2015,7,5,13,30,33.5,42.08,18.900000000000002,4.800000000000001,604
2015,7,5,14,30,33.800000000000004,40.99,18.7,4.7,907
2015,7,5,15,30,33.7,40.550000000000004,18.5,4.6000000000000005,784
2015,7,5,16,30,33.300000000000004,40.67,18.1,4.5,616
2015,7,5,17,30,32.5,42.050000000000004,18,4.5,309
2015,7,5,18,30,31,46.12,18.1,4.3,211
2015,7,5,19,30,29.200000000000003,52.09,18.400000000000002,4.3,33
2015,7,5,20,30,27.900000000000002,56.42,18.400000000000002,4.6000000000000005,0
2015,7,5,21,30,26.900000000000002,60.120000000000005,18.5,4.9,0
2015,7,5,22,30,25.900000000000002,64.27,18.6,5,0
2015,7,5,23,30,25.1,67.96000000000001,18.8,5,0
2015,7,6,0,30,24.6,70.79,18.900000000000002,5.2,0
2015,7,6,1,30,24.5,71.67,19,5.7,0
2015,7,6,2,30,24.3,73.10000000000001,19.200000000000003,5.9,0
2015,7,6,3,30,24,75.37,19.400000000000002,5.6000000000000005,0
2015,7,6,4,30,23.5,78.9,19.6,5.300000000000001,0
2015,7,6,5,30,23.400000000000002,81.02,20,5.300000000000001,0
2015,7,6,6,30,24.3,78.56,20.3,5.6000000000000005,72
2015,7,6,7,30,26.400000000000002,70.01,20.5,5.7,256
2015,7,6,8,30,28.8,59.77,20.200000000000003,5.300000000000001,462
2015,7,6,9,30,30.8,51.7,19.700000000000003,4.800000000000001,654
2015,7,6,10,30,32.2,46.68,19.400000000000002,4.4,813
2015,7,6,11,30,33,43.92,19.1,4.2,750
2015,7,6,12,30,33.5,42.22,18.900000000000002,4.4,824
2015,7,6,13,30,33.5,42.03,18.8,4.800000000000001,977
2015,7,6,14,30,33,43.32,18.900000000000002,5.300000000000001,909
2015,7,6,15,30,32,46.21,19,5.800000000000001,752
2015,7,6,16,30,30.700000000000003,50.69,19.3,6,271
2015,7,6,17,30,29.1,57.08,19.700000000000003,5.7,9
2015,7,6,18,30,27.3,65.48,20.3,4.800000000000001,33
2015,7,6,19,30,25.700000000000003,74.51,20.8,4.1000000000000005,20
2015,7,6,20,30,24.700000000000003,80.35000000000001,21.1,4,0
2015,7,6,21,30,24,84.47,21.200000000000003,4.1000000000000005,0
2015,7,6,22,30,23.5,87.7,21.3,4,0
2015,7,6,23,30,23.1,90.04,21.400000000000002,3.7,0
2015,7,7,0,30,22.8,91.4,21.3,3.3000000000000003,0
2015,7,7,1,30,22.400000000000002,92.93,21.200000000000003,2.9000000000000004,0
2015,7,7,2,30,22.1,93.69,21,2.7,0
2015,7,7,3,30,21.8,94.48,20.900000000000002,2.4000000000000004,0
2015,7,7,4,30,21.5,95.95,20.8,2.1,0
2015,7,7,5,30,21.6,95.65,20.900000000000002,2,0
2015,7,7,6,30,22.400000000000002,89.97,20.700000000000003,2,44
2015,7,7,7,30,24,81.37,20.6,1.9000000000000001,151
2015,7,7,8,30,25.6,73.17,20.400000000000002,1.6,313
2015,7,7,9,30,26.900000000000002,66.71000000000001,20.200000000000003,1.6,243
2015,7,7,10,30,28.1,61.49,20,2.1,251
2015,7,7,11,30,29,57.71,19.8,2.9000000000000004,279
2015,7,7,12,30,29.400000000000002,55.13,19.5,3.7,838
2015,7,7,13,30,29.5,53.61,19.1,4.2,547
2015,7,7,14,30,29.200000000000003,53.44,18.8,4.3,891
2015,7,7,15,30,28.6,54.18,18.400000000000002,4.2,418
2015,7,7,16,30,27.8,55.64,18.1,4,461
2015,7,7,17,30,26.5,59.27,17.900000000000002,3.7,399
2015,7,7,18,30,24.8,65.84,18,3,50
2015,7,7,19,30,23,76.25,18.6,2.6,25
2015,7,7,20,30,21.6,83.06,18.6,2.8000000000000003,0
2015,7,7,21,30,20.400000000000002,88.32000000000001,18.400000000000002,3.1,0
2015,7,7,22,30,19.3,91.89,17.900000000000002,3.2,0
2015,7,7,23,30,18.400000000000002,93.62,17.400000000000002,3.2,0
2015,7,8,0,30,17.6,95.09,16.8,3.1,0
2015,7,8,1,30,17.2,94.23,16.3,3,0
2015,7,8,2,30,16.900000000000002,93.84,15.9,2.7,0
2015,7,8,3,30,17,92.07000000000001,15.700000000000001,2.3000000000000003,0
2015,7,8,4,30,17.2,91.03,15.700000000000001,1.9000000000000001,0
2015,7,8,5,30,17.6,89.57000000000001,15.9,1.8,0
2015,7,8,6,30,18.8,83.29,15.9,1.7000000000000002,38
2015,7,8,7,30,20.900000000000002,73.82000000000001,16.1,1.4000000000000001,47
2015,7,8,8,30,23.5,65.59,16.7,0.7000000000000001,260
2015,7,8,9,30,26,60.27,17.7,0.4,339
2015,7,8,10,30,28.1,54.88,18.2,0.6000000000000001,791
2015,7,8,11,30,29.700000000000003,49.92,18.1,1.1,733
2015,7,8,12,30,30.900000000000002,46.76,18.2,1.7000000000000002,569
2015,7,8,13,30,31.6,45,18.2,2.2,825
2015,7,8,14,30,32,44.050000000000004,18.2,2.6,814
2015,7,8,15,30,31.900000000000002,44.38,18.3,2.9000000000000004,791
2015,7,8,16,30,31.400000000000002,45.67,18.3,3.4000000000000004,624
2015,7,8,17,30,30.400000000000002,48.370000000000005,18.3,3.8000000000000003,324
2015,7,8,18,30,28.8,53.83,18.5,3.9000000000000004,220
2015,7,8,19,30,27,61.57,19,4.1000000000000005,30
2015,7,8,20,30,25.6,67.38,19.1,4.3,0
2015,7,8,21,30,24.5,72.22,19.200000000000003,4.2,0
2015,7,8,22,30,23.700000000000003,75.89,19.200000000000003,3.9000000000000004,0
2015,7,8,23,30,23.1,79.02,19.3,3.7,0
2015,7,9,0,30,22.5,82.69,19.400000000000002,3.6,0
2015,7,9,1,30,22.1,85.04,19.5,3.5,0
2015,7,9,2,30,21.6,87.24,19.400000000000002,3.5,0
2015,7,9,3,30,21.200000000000003,88.5,19.200000000000003,3.7,0
2015,7,9,4,30,20.900000000000002,89.13,19,4,0
2015,7,9,5,30,20.900000000000002,88.86,19,4.4,0
2015,7,9,6,30,22.1,83.82000000000001,19.200000000000003,5.5,72
2015,7,9,7,30,24.3,75,19.6,6.4,260
2015,7,9,8,30,26.6,64.89,19.5,6.300000000000001,469
2015,7,9,9,30,28.6,56.77,19.200000000000003,5.9,663
2015,7,9,10,30,30.200000000000003,51.31,19,5.5,823
2015,7,9,11,30,31.3,48.050000000000004,19,5.2,935
2015,7,9,12,30,32,46.01,18.900000000000002,5,992
2015,7,9,13,30,32.2,45.230000000000004,18.8,4.9,983
2015,7,9,14,30,32.1,44.910000000000004,18.6,4.9,914
2015,7,9,15,30,31.8,45.06,18.400000000000002,5,786
2015,7,9,16,30,31.1,46.24,18.2,5,614
2015,7,9,17,30,30,48.69,18,4.9,413
2015,7,9,18,30,28.5,53.09,18,4.4,206
2015,7,9,19,30,27.1,57.67,18,3.8000000000000003,30
2015,7,9,20,30,26,60.910000000000004,17.900000000000002,3.5,0
2015,7,9,21,30,25.200000000000003,63.14,17.7,3.3000000000000003,0
2015,7,9,22,30,24.6,64.4,17.400000000000002,3.4000000000000004,0
2015,7,9,23,30,24,65.58,17.2,3.7,0
2015,7,10,0,30,23.400000000000002,66.86,16.900000000000002,4.3,0
2015,7,10,1,30,22.6,70.74,17,4.7,0
2015,7,10,2,30,22,76.10000000000001,17.6,4.6000000000000005,0
2015,7,10,3,30,21.6,80.66,18.1,4.4,0
2015,7,10,4,30,21.6,82.89,18.6,4.6000000000000005,0
2015,7,10,5,30,21.700000000000003,84.5,19,4.9,0
2015,7,10,6,30,22.1,84.2,19.3,5.2,62
2015,7,10,7,30,23.1,79.5,19.400000000000002,5.6000000000000005,133
2015,7,10,8,30,24.6,71.69,19.1,5.6000000000000005,443
2015,7,10,9,30,26.6,62.32,18.8,5.6000000000000005,627
2015,7,10,10,30,28.5,54.800000000000004,18.5,5.2,723
2015,7,10,11,30,29.900000000000002,50.050000000000004,18.400000000000002,4.800000000000001,911
2015,7,10,12,30,30.700000000000003,47.660000000000004,18.3,4.4,977
2015,7,10,13,30,30.8,47.52,18.400000000000002,4.2,969
2015,7,10,14,30,30.6,48.11,18.400000000000002,4,852
2015,7,10,15,30,30.3,48.78,18.3,3.8000000000000003,599
2015,7,10,16,30,29.900000000000002,50.120000000000005,18.400000000000002,3.3000000000000003,485
2015,7,10,17,30,29,53.92,18.7,2.8000000000000003,414
2015,7,10,18,30,27.8,58.29,18.900000000000002,2.6,208
2015,7,10,19,30,26.6,59.050000000000004,17.900000000000002,3.2,23
2015,7,10,20,30,25.900000000000002,56.1,16.5,4,0
2015,7,10,21,30,25,55.61,15.5,4.1000000000000005,0
2015,7,10,22,30,24.200000000000003,57.82,15.4,3.8000000000000003,0
2015,7,10,23,30,23.5,61.34,15.600000000000001,3.9000000000000004,0
2015,7,11,0,30,22.900000000000002,65.29,16,4.1000000000000005,0
2015,7,11,1,30,22.200000000000003,70.18,16.5,4.3,0
2015,7,11,2,30,21.6,75.25,17,4.4,0
2015,7,11,3,30,21.200000000000003,79.58,17.5,4.2,0
2015,7,11,4,30,20.8,83.61,17.900000000000002,3.8000000000000003,0
2015,7,11,5,30,20.8,85.28,18.2,3.8000000000000003,0
2015,7,11,6,30,21.8,81.86,18.6,4.6000000000000005,47
2015,7,11,7,30,23.700000000000003,73.36,18.7,5.2,186
2015,7,11,8,30,26,62.410000000000004,18.3,5.2,471
2015,7,11,9,30,28.1,52.730000000000004,17.5,5,615
2015,7,11,10,30,30,45.44,16.900000000000002,4.7,833
2015,7,11,11,30,31.6,40.52,16.6,4.4,862
2015,7,11,12,30,32.7,37.7,16.400000000000002,4,761
2015,7,11,13,30,33.5,35.980000000000004,16.400000000000002,3.7,918
2015,7,11,14,30,34,34.85,16.3,3.5,922
2015,7,11,15,30,34,34.230000000000004,16,3.6,666
2015,7,11,16,30,33.6,33.660000000000004,15.4,3.7,543
2015,7,11,17,30,32.4,34.81,14.9,3.7,375
2015,7,11,18,30,30.1,40.58,15.200000000000001,3.2,220
2015,7,11,19,30,27.8,47.97,15.8,3.3000000000000003,42
2015,7,11,20,30,26.5,49.19,15,4,0
2015,7,11,21,30,25.400000000000002,51.61,14.700000000000001,4.3,0
2015,7,11,22,30,24.400000000000002,55.36,14.9,4.2,0
2015,7,11,23,30,23.6,59.370000000000005,15.200000000000001,4,0
2015,7,12,0,30,22.900000000000002,63.32,15.600000000000001,4,0
2015,7,12,1,30,22.200000000000003,67.6,15.9,4,0
2015,7,12,2,30,21.6,71.95,16.3,3.9000000000000004,0
2015,7,12,3,30,21,77.2,16.900000000000002,3.5,0
2015,7,12,4,30,20.3,83.39,17.400000000000002,3.2,0
2015,7,12,5,30,20.3,85.96000000000001,17.900000000000002,3.3000000000000003,0
2015,7,12,6,30,21.8,80.60000000000001,18.3,4,75
2015,7,12,7,30,24.5,70,18.7,4.6000000000000005,272
2015,7,12,8,30,27.5,58.15,18.5,4.5,485
2015,7,12,9,30,30.3,47.46,17.900000000000002,4.2,684
2015,7,12,10,30,32.6,39.42,17,3.7,847
2015,7,12,11,30,34.5,33.47,16.1,3.3000000000000003,962
2015,7,12,12,30,35.9,29.02,15.100000000000001,3,1020
2015,7,12,13,30,36.800000000000004,25.78,14,2.9000000000000004,1011
2015,7,12,14,30,37.2,23.59,13,3,943
2015,7,12,15,30,37,22.59,12.200000000000001,3.3000000000000003,819
2015,7,12,16,30,36.300000000000004,22.7,11.700000000000001,3.6,646
2015,7,12,17,30,34.7,24.71,11.600000000000001,3.5,444
2015,7,12,18,30,31.8,32.61,13.4,3,230
2015,7,12,19,30,29,42.910000000000004,15.100000000000001,3.2,45
2015,7,12,20,30,27.6,46.46,15.100000000000001,4,0
2015,7,12,21,30,26.700000000000003,50.22,15.5,4.3,0
2015,7,12,22,30,25.700000000000003,54.53,15.8,4.2,0
2015,7,12,23,30,24.900000000000002,57.78,16,4,0
2015,7,13,0,30,24,61.08,16,3.8000000000000003,0
2015,7,13,1,30,23.200000000000003,64,16,3.6,0
2015,7,13,2,30,22.400000000000002,66.98,16,3.3000000000000003,0
2015,7,13,3,30,21.5,70.96000000000001,16,2.7,0
2015,7,13,4,30,20.700000000000003,75.28,16.2,2.2,0
2015,7,13,5,30,20.700000000000003,76.2,16.400000000000002,2.4000000000000004,0
2015,7,13,6,30,22.200000000000003,70.91,16.7,2.8000000000000003,76
2015,7,13,7,30,25.200000000000003,60.35,17,3,274
2015,7,13,8,30,28.700000000000003,48.08,16.6,3.2,489
2015,7,13,9,30,31.8,36.87,15.3,2.7,689
2015,7,13,10,30,34.2,29.64,14,2.3000000000000003,854
2015,7,13,11,30,36.1,24.45,12.600000000000001,2.3000000000000003,972
2015,7,13,12,30,37.4,21.37,11.700000000000001,2.7,1029
2015,7,13,13,30,38,20.02,11.200000000000001,3.1,1023
2015,7,13,14,30,38.2,19.39,10.9,3.4000000000000004,956
2015,7,13,15,30,38,19.31,10.600000000000001,3.6,827
2015,7,13,16,30,37.2,19.84,10.4,3.7,652
2015,7,13,17,30,35.6,21.78,10.5,3.5,447
2015,7,13,18,30,32.5,29.04,12.200000000000001,2.9000000000000004,229
2015,7,13,19,30,29.400000000000002,38.85,13.9,2.8000000000000003,43
2015,7,13,20,30,28.1,40.92,13.600000000000001,3.5,0
2015,7,13,21,30,27.200000000000003,43.52,13.700000000000001,4.1000000000000005,0
2015,7,13,22,30,26.200000000000003,47.26,14.100000000000001,4.3,0
2015,7,13,23,30,25.200000000000003,51.09,14.4,4,0
2015,7,14,0,30,24.200000000000003,55.07,14.600000000000001,3.4000000000000004,0
2015,7,14,1,30,23.200000000000003,59.01,14.700000000000001,2.8000000000000003,0
2015,7,14,2,30,22.200000000000003,62.88,14.8,2.3000000000000003,0
2015,7,14,3,30,21.400000000000002,66.19,14.8,1.9000000000000001,0
2015,7,14,4,30,20.6,69.92,14.9,1.7000000000000002,0
2015,7,14,5,30,20.8,69.88,15.100000000000001,2,0
2015,7,14,6,30,22.5,65.17,15.600000000000001,2.8000000000000003,74
2015,7,14,7,30,25.200000000000003,56.09,15.8,3.2,273
2015,7,14,8,30,28.5,46.85,16,3.1,489
2015,7,14,9,30,31.8,36.62,15.200000000000001,3,691
2015,7,14,10,30,34.300000000000004,28.46,13.4,3.2,859
2015,7,14,11,30,35.9,24.330000000000002,12.4,3.7,976
2015,7,14,12,30,37,21.76,11.600000000000001,4.1000000000000005,1033
2015,7,14,13,30,37.6,20.1,10.9,4.4,1027
2015,7,14,14,30,37.800000000000004,19.35,10.5,4.6000000000000005,958
2015,7,14,15,30,37.5,19.580000000000002,10.4,4.800000000000001,829
2015,7,14,16,30,36.7,20.76,10.700000000000001,4.9,653
2015,7,14,17,30,35.2,23.29,11.100000000000001,4.5,445
2015,7,14,18,30,32.4,29.55,12.4,3.6,226
2015,7,14,19,30,29.700000000000003,38.31,14,3.2,41
2015,7,14,20,30,28.200000000000003,41.800000000000004,14,3.7,0
2015,7,14,21,30,27,44.800000000000004,14,3.7,0
2015,7,14,22,30,25.6,48.18,13.8,3.4000000000000004,0
2015,7,14,23,30,24.400000000000002,50.81,13.600000000000001,3,0
2015,7,15,0,30,23.5,53.27,13.4,2.8000000000000003,0
2015,7,15,1,30,22.8,56.03,13.600000000000001,2.8000000000000003,0
2015,7,15,2,30,22.200000000000003,59.660000000000004,14,3,0
2015,7,15,3,30,21.6,64.69,14.700000000000001,3.3000000000000003,0
2015,7,15,4,30,21,71.19,15.600000000000001,3.5,0
2015,7,15,5,30,20.700000000000003,76.97,16.5,3.8000000000000003,0
2015,7,15,6,30,22,74.63,17.3,4.5,74
2015,7,15,7,30,24.700000000000003,65.37,17.8,4.9,274
2015,7,15,8,30,27.900000000000002,53.33,17.5,4.9,492
2015,7,15,9,30,30.900000000000002,42,16.5,4.800000000000001,692
2015,7,15,10,30,33.2,33.92,15.200000000000001,4.800000000000001,859
2015,7,15,11,30,34.9,29.28,14.4,4.9,974
2015,7,15,12,30,36.1,26.47,13.8,4.9,1029
2015,7,15,13,30,36.800000000000004,24.96,13.5,4.800000000000001,1020
2015,7,15,14,30,37.1,24.19,13.3,4.7,948
2015,7,15,15,30,37,24.05,13.100000000000001,4.6000000000000005,821
2015,7,15,16,30,36.300000000000004,24.84,13,4.5,647
2015,7,15,17,30,34.9,27.150000000000002,13.200000000000001,4.3,441
2015,7,15,18,30,32.4,32.81,14,3.6,226
2015,7,15,19,30,30,40.7,15.200000000000001,3.5,33
2015,7,15,20,30,28.700000000000003,44.58,15.5,4.1000000000000005,0
2015,7,15,21,30,27.700000000000003,48.24,15.8,4.3,0
2015,7,15,22,30,26.6,52.15,16,4.1000000000000005,0
2015,7,15,23,30,25.6,55.34,16,3.8000000000000003,0
2015,7,16,0,30,24.8,57.28,15.8,3.6,0
2015,7,16,1,30,24.1,58.78,15.5,3.7,0
2015,7,16,2,30,23.400000000000002,60.93,15.4,3.9000000000000004,0
2015,7,16,3,30,22.700000000000003,64.37,15.600000000000001,4,0
2015,7,16,4,30,21.900000000000002,69.75,16.1,4,0
2015,7,16,5,30,21.700000000000003,73.18,16.7,4.3,0
2015,7,16,6,30,22.700000000000003,71.23,17.2,5,69
2015,7,16,7,30,25,62.730000000000004,17.400000000000002,5.5,262
2015,7,16,8,30,27.8,52.43,17.2,5.2,474
2015,7,16,9,30,30.8,43.34,16.900000000000002,4.6000000000000005,674
2015,7,16,10,30,33.4,36.85,16.7,3.9000000000000004,839
2015,7,16,11,30,35.6,32.5,16.6,3.3000000000000003,957
2015,7,16,12,30,37.1,29.5,16.400000000000002,2.8000000000000003,1016
2015,7,16,13,30,38.1,26.85,15.8,2.5,1011
2015,7,16,14,30,38.6,24.69,14.9,2.5,943
2015,7,16,15,30,38.5,23.52,14,2.7,764
2015,7,16,16,30,37.800000000000004,23.29,13.3,3.2,605
2015,7,16,17,30,36.4,24.37,12.8,3.5,441
2015,7,16,18,30,33.7,29.150000000000002,13.3,3.6,226
2015,7,16,19,30,30.900000000000002,36.38,14.3,4.2,42
2015,7,16,20,30,29.1,39.96,14.100000000000001,4.800000000000001,0
2015,7,16,21,30,27.700000000000003,43.62,14.200000000000001,4.6000000000000005,0
2015,7,16,22,30,26.6,47.660000000000004,14.600000000000001,4.3,0
2015,7,16,23,30,25.8,51.97,15.200000000000001,4.2,0
2015,7,17,0,30,25.1,56.050000000000004,15.700000000000001,4,0
2015,7,17,1,30,24.400000000000002,59.620000000000005,16,3.9000000000000004,0
2015,7,17,2,30,23.700000000000003,63.02,16.2,3.8000000000000003,0
2015,7,17,3,30,22.900000000000002,67.44,16.6,3.8000000000000003,0
2015,7,17,4,30,22,73.4,17,3.8000000000000003,0
2015,7,17,5,30,21.6,77.86,17.6,4,0
2015,7,17,6,30,22.700000000000003,75.15,18.1,4.7,73
2015,7,17,7,30,25.3,65.02,18.3,5.4,273
2015,7,17,8,30,28.400000000000002,51.95,17.6,5.4,491
2015,7,17,9,30,31.3,40.54,16.3,5.300000000000001,695
2015,7,17,10,30,33.7,33.13,15.3,5.1000000000000005,862
2015,7,17,11,30,35.6,28.27,14.4,4.9,978
2015,7,17,12,30,36.9,25.1,13.700000000000001,4.800000000000001,1036
2015,7,17,13,30,37.800000000000004,22.93,13.100000000000001,4.800000000000001,1027
2015,7,17,14,30,38.1,21.990000000000002,12.700000000000001,4.9,958
2015,7,17,15,30,37.9,21.98,12.5,4.9,828
2015,7,17,16,30,37.1,23.35,12.8,5,651
2015,7,17,17,30,35.6,26.32,13.3,4.800000000000001,442
2015,7,17,18,30,33.2,32,14.3,4.2,224
2015,7,17,19,30,30.700000000000003,39.95,15.5,3.9000000000000004,40
2015,7,17,20,30,29.1,45.29,16.1,4.2,0
2015,7,17,21,30,27.900000000000002,49.82,16.5,4.4,0
2015,7,17,22,30,26.8,54.4,16.8,4.3,0
2015,7,17,23,30,25.900000000000002,58.34,17.1,3.9000000000000004,0
2015,7,18,0,30,25.1,61.76,17.2,3.5,0
2015,7,18,1,30,24.3,65.03,17.3,3.5,0
2015,7,18,2,30,23.6,68.18,17.400000000000002,3.6,0
2015,7,18,3,30,23,72.15,17.7,3.6,0
2015,7,18,4,30,22.3,78.34,18.3,3.5,0
2015,7,18,5,30,22.200000000000003,82.22,19,3.8000000000000003,0
2015,7,18,6,30,23.5,78.75,19.6,4.9,69
2015,7,18,7,30,26.1,68.38,19.8,5.7,266
2015,7,18,8,30,28.900000000000002,56.29,19.3,5.6000000000000005,483
2015,7,18,9,30,31.6,45.81,18.5,5.2,684
2015,7,18,10,30,33.9,38.04,17.6,4.7,851
2015,7,18,11,30,35.7,32.51,16.7,4.3,968
2015,7,18,12,30,37.1,28.52,15.9,4.2,1025
2015,7,18,13,30,37.9,25.72,14.9,4.3,1020
2015,7,18,14,30,38.2,23.86,14,4.6000000000000005,951
2015,7,18,15,30,37.9,23.32,13.4,4.9,823
2015,7,18,16,30,37,24.02,13.100000000000001,5.2,648
2015,7,18,17,30,35.4,26.04,13,5.2,442
2015,7,18,18,30,33.1,29.93,13.200000000000001,4.6000000000000005,226
2015,7,18,19,30,30.6,35.69,13.700000000000001,4.1000000000000005,40
2015,7,18,20,30,29,39.230000000000004,13.700000000000001,4.2,0
2015,7,18,21,30,27.8,42.28,13.8,4,0
2015,7,18,22,30,26.6,46.300000000000004,14.100000000000001,3.7,0
2015,7,18,23,30,25.700000000000003,50.18,14.600000000000001,3.6,0
2015,7,19,0,30,25,54.71,15.3,3.6,0
2015,7,19,1,30,24.3,60.32,16.1,3.6,0
2015,7,19,2,30,23.700000000000003,66,17,3.6,0
2015,7,19,3,30,23.1,72.06,17.8,3.6,0
2015,7,19,4,30,22.5,78.45,18.6,3.7,0
2015,7,19,5,30,22.3,82.73,19.200000000000003,4.2,0
2015,7,19,6,30,23.6,78.97,19.700000000000003,5.2,65
2015,7,19,7,30,26.200000000000003,67.59,19.700000000000003,5.7,258
2015,7,19,8,30,29.1,54.410000000000004,19,5.1000000000000005,474
2015,7,19,9,30,31.700000000000003,44.38,18.1,4.2,674
2015,7,19,10,30,34,37.27,17.400000000000002,3.4000000000000004,838
2015,7,19,11,30,35.800000000000004,32.730000000000004,16.900000000000002,2.9000000000000004,953
2015,7,19,12,30,37.2,29.54,16.5,2.9000000000000004,1012
2015,7,19,13,30,38,27.48,16,3.2,1004
2015,7,19,14,30,38.400000000000006,26.17,15.600000000000001,3.6,934
2015,7,19,15,30,38.1,26.18,15.4,4,806
2015,7,19,16,30,37.4,26.990000000000002,15.3,4.3,631
2015,7,19,17,30,36,29.38,15.4,4.5,426
2015,7,19,18,30,33.800000000000004,34.39,15.9,4.2,214
2015,7,19,19,30,31.5,42.01,17,4.1000000000000005,33
2015,7,19,20,30,30,47.69,17.7,4.2,0
2015,7,19,21,30,28.900000000000002,52.03,18.1,4.2,0
2015,7,19,22,30,28,55.410000000000004,18.2,3.9000000000000004,0
2015,7,19,23,30,27.3,58,18.3,3.6,0
2015,7,20,0,30,26.6,60.550000000000004,18.3,3.6,0
2015,7,20,1,30,26,62.68,18.3,3.7,0
2015,7,20,2,30,25.3,65.24,18.3,4,0
2015,7,20,3,30,24.6,67.66,18.2,4.2,0
2015,7,20,4,30,24,69.66,18.1,4.3,0
2015,7,20,5,30,23.8,70.48,18.1,4.3,0
2015,7,20,6,30,25,65.98,18.2,4.800000000000001,61
2015,7,20,7,30,27.8,56.09,18.2,5.1000000000000005,250
2015,7,20,8,30,31,46.410000000000004,18.2,4.5,462
2015,7,20,9,30,33.800000000000004,38.67,17.8,3.6,661
2015,7,20,10,30,35.9,33.35,17.3,3,827
2015,7,20,11,30,37.4,30.05,16.900000000000002,3,943
2015,7,20,12,30,38.300000000000004,28.09,16.6,3.3000000000000003,1005
2015,7,20,13,30,38.800000000000004,26.79,16.3,3.6,999
2015,7,20,14,30,38.900000000000006,26.060000000000002,16,3.8000000000000003,930
2015,7,20,15,30,38.6,25.6,15.4,3.9000000000000004,803
2015,7,20,16,30,37.800000000000004,25.5,14.700000000000001,4,631
2015,7,20,17,30,36.4,26.42,14.100000000000001,4,427
2015,7,20,18,30,33.9,30.080000000000002,13.9,3.4000000000000004,214
2015,7,20,19,30,31.3,37.43,15.100000000000001,3.1,34
2015,7,20,20,30,29.8,40.93,15.100000000000001,3.5,0
2015,7,20,21,30,28.700000000000003,43.97,15.200000000000001,3.5,0
2015,7,20,22,30,27.5,48.71,15.700000000000001,2.9000000000000004,0
2015,7,20,23,30,26.400000000000002,53.57,16.2,2.5,0
2015,7,21,0,30,25.6,56.82,16.400000000000002,2.3000000000000003,0
2015,7,21,1,30,25,58.95,16.400000000000002,2.2,0
2015,7,21,2,30,24.400000000000002,61.09,16.400000000000002,1.9000000000000001,0
2015,7,21,3,30,23.900000000000002,62.980000000000004,16.400000000000002,1.5,0
2015,7,21,4,30,23.5,64.61,16.400000000000002,1.3,0
2015,7,21,5,30,23.5,65.08,16.6,1.4000000000000001,0
2015,7,21,6,30,24.400000000000002,62.71,16.8,2,42
2015,7,21,7,30,26.700000000000003,54.550000000000004,16.8,2.1,240
2015,7,21,8,30,29.5,45.800000000000004,16.6,1.9000000000000001,448
2015,7,21,9,30,31.700000000000003,40.79,16.8,2,643
2015,7,21,10,30,33.4,37.75,17.1,2.2,806
2015,7,21,11,30,34.4,36.06,17.2,2.3000000000000003,920
2015,7,21,12,30,35.1,34.480000000000004,17.1,2.3000000000000003,982
2015,7,21,13,30,35.4,33.43,16.900000000000002,2.2,494
2015,7,21,14,30,35.4,32.92,16.6,1.9000000000000001,754
2015,7,21,15,30,35,33.13,16.400000000000002,1.8,340
2015,7,21,16,30,34.300000000000004,33.76,16.1,1.8,52
2015,7,21,17,30,33.300000000000004,35.160000000000004,15.8,1.7000000000000002,154
2015,7,21,18,30,31.3,41.04,16.5,1.3,116
2015,7,21,19,30,29,55.06,19.1,1,20
2015,7,21,20,30,27.700000000000003,56.68,18.3,1.2000000000000002,0
2015,7,21,21,30,27,56.02,17.5,1.5,0
2015,7,21,22,30,26.400000000000002,55.9,16.900000000000002,1.9000000000000001,0
2015,7,21,23,30,25.900000000000002,56.07,16.5,2.3000000000000003,0
2015,7,22,0,30,25.5,56.83,16.3,2.6,0
2015,7,22,1,30,25.1,58.43,16.400000000000002,2.6,0
2015,7,22,2,30,24.6,61.230000000000004,16.6,2.4000000000000004,0
2015,7,22,3,30,24.200000000000003,64.29,17,2.1,0
2015,7,22,4,30,23.700000000000003,67.95,17.400000000000002,2,0
2015,7,22,5,30,23.6,69.91,17.8,2.4000000000000004,0
2015,7,22,6,30,24.6,67.55,18.2,3.4000000000000004,29
2015,7,22,7,30,26.6,61.61,18.6,4,155
2015,7,22,8,30,29,52.95,18.400000000000002,4.1000000000000005,450
2015,7,22,9,30,31.3,44.44,17.8,3.9000000000000004,647
2015,7,22,10,30,33.2,38.31,17.1,3.8000000000000003,810
2015,7,22,11,30,34.6,34.62,16.7,3.7,685
2015,7,22,12,30,35.6,32.28,16.5,3.5,534
2015,7,22,13,30,36.1,31.01,16.3,3.3000000000000003,975
2015,7,22,14,30,36,30.85,16.1,3.1,905
2015,7,22,15,30,35.7,30.8,15.9,2.8000000000000003,778
2015,7,22,16,30,35.300000000000004,30.69,15.5,2.6,607
2015,7,22,17,30,34.4,31.89,15.3,2.2,407
2015,7,22,18,30,32.6,39.03,16.900000000000002,1.8,200
2015,7,22,19,30,31,43.92,17.3,2.3000000000000003,31
2015,7,22,20,30,30,43.47,16.2,3.6,0
2015,7,22,21,30,29,44.44,15.700000000000001,4.3,0
2015,7,22,22,30,27.900000000000002,47.65,15.8,4.2,0
2015,7,22,23,30,27,51.4,16.1,4.1000000000000005,0
2015,7,23,0,30,26.200000000000003,54.660000000000004,16.400000000000002,4.1000000000000005,0
2015,7,23,1,30,25.5,57.03,16.400000000000002,4.2,0
2015,7,23,2,30,24.8,59.43,16.400000000000002,4.2,0
2015,7,23,3,30,24.1,62.81,16.6,3.9000000000000004,0
2015,7,23,4,30,23.5,66.68,16.900000000000002,3.6,0
2015,7,23,5,30,23.400000000000002,68.57000000000001,17.3,3.5,0
2015,7,23,6,30,24.400000000000002,66.01,17.6,4.1000000000000005,56
2015,7,23,7,30,26.700000000000003,58.63,17.900000000000002,4.4,243
2015,7,23,8,30,29.6,49.58,17.900000000000002,4.1000000000000005,456
2015,7,23,9,30,32.300000000000004,40.74,17.3,3.7,655
2015,7,23,10,30,34.6,33.3,16.1,3.3000000000000003,821
2015,7,23,11,30,36.300000000000004,28.62,15.200000000000001,3,939
2015,7,23,12,30,37.5,25.740000000000002,14.600000000000001,3,996
2015,7,23,13,30,38.300000000000004,24.01,14.200000000000001,3,992
2015,7,23,14,30,38.6,23.25,14,3.3000000000000003,924
2015,7,23,15,30,38.5,23.05,13.700000000000001,3.5,800
2015,7,23,16,30,37.7,23.76,13.5,3.9000000000000004,627
2015,7,23,17,30,36.300000000000004,25.51,13.5,4,422
2015,7,23,18,30,33.9,30.02,13.9,3.7,208
2015,7,23,19,30,31.5,37.76,15.4,3.6,32
2015,7,23,20,30,30.1,43.65,16.400000000000002,4.1000000000000005,0
2015,7,23,21,30,29.1,48.620000000000005,17.2,4.3,0
2015,7,23,22,30,28.200000000000003,52.550000000000004,17.6,4.1000000000000005,0
2015,7,23,23,30,27.3,55.33,17.6,3.8000000000000003,0
2015,7,24,0,30,26.5,56.59,17.2,3.8000000000000003,0
2015,7,24,1,30,25.8,56.89,16.6,3.9000000000000004,0
2015,7,24,2,30,25,57.88,16.1,4,0
2015,7,24,3,30,24.3,59.74,16,3.9000000000000004,0
2015,7,24,4,30,23.6,62.79,16.1,3.6,0
2015,7,24,5,30,23.3,65.1,16.400000000000002,3.6,0
2015,7,24,6,30,24.3,62.74,16.7,4.1000000000000005,55
2015,7,24,7,30,26.8,56.07,17.3,4.3,242
2015,7,24,8,30,29.900000000000002,47.76,17.6,3.8000000000000003,455
2015,7,24,9,30,32.6,40.17,17.3,3.3000000000000003,654
2015,7,24,10,30,34.6,34.9,16.900000000000002,3.2,821
2015,7,24,11,30,36.1,31.05,16.3,3.3000000000000003,939
2015,7,24,12,30,37.2,28.26,15.8,3.5,1000
2015,7,24,13,30,37.9,26.330000000000002,15.3,3.7,997
2015,7,24,14,30,38.2,25.2,14.9,3.8000000000000003,928
2015,7,24,15,30,38,24.86,14.5,3.9000000000000004,803
2015,7,24,16,30,37.300000000000004,25.27,14.100000000000001,4.1000000000000005,630
2015,7,24,17,30,36,26.96,14,4,427
2015,7,24,18,30,33.6,31.39,14.3,3.2,212
2015,7,24,19,30,31,39.300000000000004,15.600000000000001,2.6,33
2015,7,24,20,30,29.700000000000003,43,15.8,2.7,0
2015,7,24,21,30,28.700000000000003,45.71,15.8,2.9000000000000004,0
2015,7,24,22,30,27.8,48.660000000000004,16,3.2,0
2015,7,24,23,30,27,51.58,16.2,3.4000000000000004,0
2015,7,25,0,30,26.200000000000003,55.01,16.5,3.3000000000000003,0
2015,7,25,1,30,25.5,58.39,16.7,3.1,0
2015,7,25,2,30,24.8,61.82,17,2.9000000000000004,0
2015,7,25,3,30,24.200000000000003,65.1,17.2,2.7,0
2015,7,25,4,30,23.5,69.19,17.5,2.6,0
2015,7,25,5,30,23.3,71.62,17.900000000000002,2.8000000000000003,0
2015,7,25,6,30,24.6,68,18.3,3.6,56
2015,7,25,7,30,27.3,60.03,18.900000000000002,4.1000000000000005,248
2015,7,25,8,30,30.3,50.13,18.8,3.8000000000000003,463
2015,7,25,9,30,33,40.61,17.900000000000002,3.5,665
2015,7,25,10,30,35.1,33.49,16.7,3.4000000000000004,830
2015,7,25,11,30,36.7,28.85,15.700000000000001,3.5,947
2015,7,25,12,30,37.800000000000004,25.900000000000002,15,3.5,1003
2015,7,25,13,30,38.400000000000006,24,14.3,3.5,995
2015,7,25,14,30,38.7,22.81,13.700000000000001,3.5,925
2015,7,25,15,30,38.5,22.6,13.4,3.7,798
2015,7,25,16,30,37.800000000000004,23.35,13.4,3.9000000000000004,623
2015,7,25,17,30,36.4,25.45,13.5,4.1000000000000005,418
2015,7,25,18,30,34.1,29.96,14.100000000000001,3.6,204
2015,7,25,19,30,31.8,37.13,15.4,3.3000000000000003,30
2015,7,25,20,30,30.5,41.71,16,3.6,0
2015,7,25,21,30,29.6,45.57,16.6,3.6,0
2015,7,25,22,30,28.8,49.18,17.1,3.5,0
2015,7,25,23,30,28,52.53,17.400000000000002,3.4000000000000004,0
2015,7,26,0,30,27.200000000000003,55.67,17.6,3.4000000000000004,0
2015,7,26,1,30,26.5,58.660000000000004,17.7,3.2,0
2015,7,26,2,30,25.900000000000002,61.52,17.900000000000002,3.1,0
2015,7,26,3,30,25.200000000000003,65.43,18.3,3,0
2015,7,26,4,30,24.6,69.7,18.7,3,0
2015,7,26,5,30,24.400000000000002,72.5,19.1,3.3000000000000003,0
2015,7,26,6,30,25.5,69.81,19.6,4,52
2015,7,26,7,30,28,61.39,19.900000000000002,4.4,240
2015,7,26,8,30,30.8,50.58,19.400000000000002,3.9000000000000004,454
2015,7,26,9,30,33.300000000000004,40.96,18.3,3.1,655
2015,7,26,10,30,35.4,34.13,17.2,2.6,822
2015,7,26,11,30,36.9,29.96,16.5,2.6,940
2015,7,26,12,30,37.9,27.21,15.8,3,1006
2015,7,26,13,30,38.6,25.36,15.3,3.2,999
2015,7,26,14,30,38.900000000000006,24.29,14.9,3.3000000000000003,930
2015,7,26,15,30,38.800000000000004,23.89,14.5,3.4000000000000004,800
2015,7,26,16,30,38.1,24.400000000000002,14.3,3.6,625
2015,7,26,17,30,36.9,25.85,14.200000000000001,3.7,419
2015,7,26,18,30,34.5,30.19,14.5,3.1,203
2015,7,26,19,30,32.2,37.44,15.9,2.9000000000000004,29
2015,7,26,20,30,31.1,40.52,16.1,3.6,0
2015,7,26,21,30,30.200000000000003,43.63,16.5,3.9000000000000004,0
2015,7,26,22,30,29.200000000000003,47.53,16.900000000000002,3.8000000000000003,0
2015,7,26,23,30,28.400000000000002,50.6,17.2,3.8000000000000003,0
2015,7,27,0,30,27.8,52.92,17.3,3.9000000000000004,0
2015,7,27,1,30,27.200000000000003,55.82,17.6,4.1000000000000005,0
2015,7,27,2,30,26.5,60.14,18.1,4,0
2015,7,27,3,30,25.8,64.96000000000001,18.7,3.8000000000000003,0
2015,7,27,4,30,25.1,69.58,19.1,3.4000000000000004,0
2015,7,27,5,30,24.8,72.06,19.400000000000002,3.2,0
2015,7,27,6,30,25.900000000000002,68.23,19.6,3.8000000000000003,52
2015,7,27,7,30,28.3,58.82,19.5,4.3,238
2015,7,27,8,30,31.200000000000003,48.96,19.200000000000003,4.1000000000000005,450
2015,7,27,9,30,34,40.13,18.6,3.8000000000000003,649
2015,7,27,10,30,36.300000000000004,32.75,17.3,3.6,814
2015,7,27,11,30,37.800000000000004,28.36,16.400000000000002,3.9000000000000004,930
2015,7,27,12,30,38.7,26.310000000000002,16,4.3,986
2015,7,27,13,30,39.2,25.400000000000002,15.8,4.6000000000000005,979
2015,7,27,14,30,39.2,25.150000000000002,15.700000000000001,4.800000000000001,910
2015,7,27,15,30,38.800000000000004,25.09,15.3,4.9,776
2015,7,27,16,30,38,25.44,14.8,4.9,603
2015,7,27,17,30,36.800000000000004,26.48,14.5,4.6000000000000005,399
2015,7,27,18,30,34.6,29.76,14.4,3.7,192
2015,7,27,19,30,32.5,34.96,15.100000000000001,3.1,25
2015,7,27,20,30,31.200000000000003,37.97,15.200000000000001,3.5,0
2015,7,27,21,30,30.200000000000003,41.14,15.5,3.8000000000000003,0
2015,7,27,22,30,29.1,45.49,16.1,3.8000000000000003,0
2015,7,27,23,30,28.1,49.54,16.6,3.7,0
2015,7,28,0,30,27.3,52.35,16.7,3.7,0
2015,7,28,1,30,26.5,54.32,16.5,3.7,0
2015,7,28,2,30,25.700000000000003,55.78,16.2,3.7,0
2015,7,28,3,30,24.900000000000002,58,16.1,3.6,0
2015,7,28,4,30,24.200000000000003,61.730000000000004,16.400000000000002,3.4000000000000004,0
2015,7,28,5,30,23.900000000000002,65.69,17.1,3.6,0
2015,7,28,6,30,24.900000000000002,65.31,17.900000000000002,4.3,48
2015,7,28,7,30,27.3,59.050000000000004,18.6,4.7,232
2015,7,28,8,30,30.3,49.480000000000004,18.6,4.5,444
2015,7,28,9,30,33.2,39.97,17.8,4.1000000000000005,644
2015,7,28,10,30,35.6,32.54,16.6,3.6,811
2015,7,28,11,30,37.2,28.54,16,3.5,928
2015,7,28,12,30,38.300000000000004,26.35,15.600000000000001,3.6,1000
2015,7,28,13,30,38.800000000000004,25.17,15.3,3.7,995
2015,7,28,14,30,38.900000000000006,24.51,15,4,926
2015,7,28,15,30,38.6,24.41,14.700000000000001,4.2,795
2015,7,28,16,30,37.7,25.1,14.4,4.3,622
2015,7,28,17,30,36.300000000000004,26.57,14.100000000000001,4.3,418
2015,7,28,18,30,34,29.97,14,3.5,204
2015,7,28,19,30,31.6,36.1,14.8,2.9000000000000004,28
2015,7,28,20,30,30.3,39.27,14.9,3.3000000000000003,0
2015,7,28,21,30,29.3,42.08,15.100000000000001,3.5,0
2015,7,28,22,30,28.3,45.75,15.5,3.4000000000000004,0
2015,7,28,23,30,27.400000000000002,49.2,15.8,3.1,0
2015,7,29,0,30,26.5,52.53,16,2.7,0
2015,7,29,1,30,25.700000000000003,55.24,16.1,2.4000000000000004,0
2015,7,29,2,30,24.900000000000002,57.46,15.9,2.2,0
2015,7,29,3,30,24.200000000000003,59.22,15.700000000000001,1.9000000000000001,0
2015,7,29,4,30,23.5,61.18,15.600000000000001,1.7000000000000002,0
2015,7,29,5,30,23.5,61.14,15.600000000000001,2,0
2015,7,29,6,30,24.8,57.51,15.8,2.7,48
2015,7,29,7,30,27,52.160000000000004,16.400000000000002,2.7,232
2015,7,29,8,30,29.700000000000003,45.480000000000004,16.7,1.8,442
2015,7,29,9,30,32.4,38.33,16.400000000000002,1.4000000000000001,642
2015,7,29,10,30,34.6,32.62,15.8,2.2,809
2015,7,29,11,30,36,29.82,15.600000000000001,3.1,927
2015,7,29,12,30,36.800000000000004,28.48,15.600000000000001,3.7,990
2015,7,29,13,30,37.2,27.740000000000002,15.5,3.9000000000000004,984
2015,7,29,14,30,37.300000000000004,27.400000000000002,15.4,4,914
2015,7,29,15,30,37,27.53,15.200000000000001,4,783
2015,7,29,16,30,36.4,28.05,15,4,609
2015,7,29,17,30,35.4,29.21,14.8,3.8000000000000003,291
2015,7,29,18,30,33.300000000000004,32.81,14.8,2.9000000000000004,190
2015,7,29,19,30,31.200000000000003,39.68,15.9,2.2,14
2015,7,29,20,30,30.1,42.82,16.1,2.6,0
2015,7,29,21,30,29.3,44.78,16.1,2.9000000000000004,0
2015,7,29,22,30,28.3,47.63,16.1,2.8000000000000003,0
2015,7,29,23,30,27.400000000000002,49.93,16,2.6,0
2015,7,30,0,30,26.700000000000003,50.63,15.600000000000001,2.5,0
2015,7,30,1,30,26.1,50.56,15,2.6,0
2015,7,30,2,30,25.700000000000003,49.68,14.4,2.8000000000000003,0
2015,7,30,3,30,25,50.64,14.100000000000001,2.7,0
2015,7,30,4,30,24.1,53.68,14.100000000000001,2.2,0
2015,7,30,5,30,23.8,55.7,14.4,2.1,0
2015,7,30,6,30,25,52.95,14.700000000000001,2.5,49
2015,7,30,7,30,27.6,45.81,14.9,2.4000000000000004,237
2015,7,30,8,30,30.900000000000002,35.82,14,1.9000000000000001,452
2015,7,30,9,30,33.7,26.330000000000002,11.700000000000001,1.7000000000000002,653
2015,7,30,10,30,35.4,23.91,11.700000000000001,2.2,817
2015,7,30,11,30,36.300000000000004,23.6,12.3,2.7,743
2015,7,30,12,30,36.9,23.490000000000002,12.700000000000001,3,988
2015,7,30,13,30,37.2,23.57,13,3.2,980
2015,7,30,14,30,37.2,23.91,13.200000000000001,3.4000000000000004,910
2015,7,30,15,30,36.9,24.43,13.3,3.7,784
2015,7,30,16,30,36.300000000000004,25,13.100000000000001,3.9000000000000004,613
2015,7,30,17,30,35.2,26.28,13,3.9000000000000004,408
2015,7,30,18,30,33.2,29.400000000000002,13,3.1,196
2015,7,30,19,30,31.200000000000003,35.550000000000004,14.200000000000001,2.4000000000000004,24
2015,7,30,20,30,30.1,38.980000000000004,14.600000000000001,2.7,0
2015,7,30,21,30,29.400000000000002,41.24,14.9,3.1,0
2015,7,30,22,30,28.6,44.050000000000004,15.200000000000001,3.1,0
2015,7,30,23,30,27.8,46.550000000000004,15.3,2.9000000000000004,0
2015,7,31,0,30,26.8,49.06,15.200000000000001,2.5,0
2015,7,31,1,30,25.900000000000002,50.77,14.9,2,0
2015,7,31,2,30,25.1,51.76,14.5,1.8,0
2015,7,31,3,30,24.400000000000002,52.34,14,1.7000000000000002,0
2015,7,31,4,30,23.8,52.93,13.600000000000001,1.6,0
2015,7,31,5,30,23.900000000000002,51.82,13.4,1.9000000000000001,0
2015,7,31,6,30,25.3,47.09,13.200000000000001,2.3000000000000003,47
2015,7,31,7,30,28.400000000000002,38.96,13.100000000000001,2.3000000000000003,234
2015,7,31,8,30,31.700000000000003,32.56,13.3,1.6,449
2015,7,31,9,30,33.800000000000004,29.94,13.8,1.1,651
2015,7,31,10,30,35.5,27.94,14.200000000000001,1.5,819
2015,7,31,11,30,36.7,26.21,14.200000000000001,2.1,937
2015,7,31,12,30,37.6,24.68,14,2.5,998
2015,7,31,13,30,38.1,23.71,13.8,2.8000000000000003,992
2015,7,31,14,30,38.2,23.150000000000002,13.5,3.2,921
2015,7,31,15,30,37.9,23.22,13.3,3.5,793
2015,7,31,16,30,37,24.37,13.3,3.9000000000000004,616
2015,7,31,17,30,35.4,27.060000000000002,13.600000000000001,4.1000000000000005,407
2015,7,31,18,30,33.7,31.28,14.4,4.1000000000000005,192
2015,7,31,19,30,32.2,36.65,15.5,4.2,14
2015,7,31,20,30,30.8,42.46,16.6,4.3,0
2015,7,31,21,30,29.6,48.410000000000004,17.6,4,0
2015,7,31,22,30,28.5,54.29,18.400000000000002,3.4000000000000004,0
2015,7,31,23,30,27.5,59.5,18.900000000000002,2.7,0
2015,8,1,0,30,26.700000000000003,63.52,19.200000000000003,2,0
2015,8,1,1,30,26,66.37,19.200000000000003,1.5,0
2015,8,1,2,30,25.400000000000002,68.5,19.200000000000003,1.2000000000000002,0
2015,8,1,3,30,24.8,70.74,19.1,1,0
2015,8,1,4,30,24.3,72.89,19.1,0.9,0
2015,8,1,5,30,24.200000000000003,73.5,19.200000000000003,1.3,0
2015,8,1,6,30,25.6,68.12,19.3,2,42
2015,8,1,7,30,28.1,57.36,18.900000000000002,2.3000000000000003,222
2015,8,1,8,30,30.700000000000003,46.57,18,2.3000000000000003,432
2015,8,1,9,30,32.6,40.96,17.6,2.3000000000000003,631
2015,8,1,10,30,34,37.24,17.400000000000002,2.5,797
2015,8,1,11,30,34.9,34.660000000000004,17,2.9000000000000004,913
2015,8,1,12,30,35.300000000000004,33.22,16.7,3.2,962
2015,8,1,13,30,35.300000000000004,32.72,16.5,3.5,822
2015,8,1,14,30,35,33.1,16.400000000000002,3.8000000000000003,887
2015,8,1,15,30,34.5,33.8,16.3,4.1000000000000005,760
2015,8,1,16,30,33.7,35.02,16.1,4.4,590
2015,8,1,17,30,32.6,37.06,16.1,4.4,389
2015,8,1,18,30,30.8,41.26,16.1,3.7,183
2015,8,1,19,30,29,47.52,16.7,3.1,20
2015,8,1,20,30,27.900000000000002,51.01,16.8,3,0
2015,8,1,21,30,27.1,53.050000000000004,16.7,2.9000000000000004,0
2015,8,1,22,30,26.400000000000002,54.69,16.5,2.7,0
2015,8,1,23,30,25.6,56.13,16.2,2.5,0
2015,8,2,0,30,24.900000000000002,57.21,15.9,2.3000000000000003,0
2015,8,2,1,30,24.400000000000002,57.910000000000004,15.600000000000001,2.1,0
2015,8,2,2,30,24.1,58.480000000000004,15.5,2,0
2015,8,2,3,30,23.900000000000002,59.44,15.5,2,0
2015,8,2,4,30,23.6,61.480000000000004,15.8,1.8,0
2015,8,2,5,30,23.700000000000003,62.02,16,1.9000000000000001,0
2015,8,2,6,30,24.8,58.6,16.1,2.6,39
2015,8,2,7,30,27.1,50.82,16,3.6,176
2015,8,2,8,30,29.8,41.65,15.4,4.1000000000000005,427
2015,8,2,9,30,32,35.72,14.9,3.8000000000000003,626
2015,8,2,10,30,33.800000000000004,31.89,14.8,3.2,791
2015,8,2,11,30,35.2,29.150000000000002,14.600000000000001,2.9000000000000004,907
2015,8,2,12,30,36.300000000000004,27.07,14.4,3.1,978
2015,8,2,13,30,36.9,25.91,14.200000000000001,3.5,971
2015,8,2,14,30,37,25.72,14.200000000000001,4,900
2015,8,2,15,30,36.6,26.52,14.3,4.6000000000000005,770
2015,8,2,16,30,35.800000000000004,28.22,14.600000000000001,4.9,597
2015,8,2,17,30,34.5,30.95,14.9,4.800000000000001,393
2015,8,2,18,30,32.5,35.54,15.3,3.9000000000000004,165
2015,8,2,19,30,30.400000000000002,42.87,16.400000000000002,2.8000000000000003,15
2015,8,2,20,30,28.900000000000002,47.47,16.6,2.2,0
2015,8,2,21,30,27.900000000000002,50.72,16.7,1.8,0
2015,8,2,22,30,27.200000000000003,53.4,16.900000000000002,1.8,0
2015,8,2,23,30,26.700000000000003,54.75,16.8,2.2,0
2015,8,3,0,30,26.1,54.93,16.3,2.6,0
2015,8,3,1,30,25.400000000000002,55.800000000000004,15.9,2.6,0
2015,8,3,2,30,24.5,58.800000000000004,15.9,2.2,0
2015,8,3,3,30,23.900000000000002,61.78,16.1,1.7000000000000002,0
2015,8,3,4,30,23.700000000000003,63.64,16.400000000000002,1.4000000000000001,0
2015,8,3,5,30,23.700000000000003,63.27,16.3,1.4000000000000001,0
2015,8,3,6,30,24.5,58.45,15.8,2.3000000000000003,15
2015,8,3,7,30,26.400000000000002,49.230000000000004,14.9,3.6,99
2015,8,3,8,30,29.200000000000003,41.63,14.8,4.5,18
2015,8,3,9,30,31.900000000000002,33.5,13.9,4.9,156
2015,8,3,10,30,34,29.78,13.9,4.7,315
2015,8,3,11,30,35.7,28.09,14.4,4.3,667
2015,8,3,12,30,36.800000000000004,26.97,14.700000000000001,4,958
2015,8,3,13,30,37.2,26.75,14.9,3.8000000000000003,882
2015,8,3,14,30,36.800000000000004,27.990000000000002,15.3,3.7,749
2015,8,3,15,30,36,29.96,15.700000000000001,3.7,745
2015,8,3,16,30,34.9,32.17,15.8,3.5,557
2015,8,3,17,30,33,38.76,17.1,2.9000000000000004,378
2015,8,3,18,30,30.6,52.77,19.900000000000002,2.3000000000000003,148
2015,8,3,19,30,28.8,62.13,20.8,2.3000000000000003,13
2015,8,3,20,30,27.8,63.08,20.1,2.3000000000000003,0
2015,8,3,21,30,26.8,64.58,19.6,1.9000000000000001,0
2015,8,3,22,30,26,67.22,19.5,1.7000000000000002,0
2015,8,3,23,30,25.3,67.49,18.8,1.9000000000000001,0
2015,8,4,0,30,24.6,66.1,17.900000000000002,2.3000000000000003,0
2015,8,4,1,30,24,65.57000000000001,17.2,2.6,0
2015,8,4,2,30,23.5,64.58,16.400000000000002,2.6,0
2015,8,4,3,30,23.200000000000003,64.22,16.1,2.4000000000000004,0
2015,8,4,4,30,22.900000000000002,64.97,16,2.3000000000000003,0
2015,8,4,5,30,23,64.22,15.9,2.5,0
2015,8,4,6,30,24.1,59.78,15.8,3.3000000000000003,16
2015,8,4,7,30,26.1,53.94,16,4.3,215
2015,8,4,8,30,28.1,48.71,16.3,4.5,78
2015,8,4,9,30,29.8,43.160000000000004,15.9,4.1000000000000005,595
2015,8,4,10,30,31.5,37.93,15.4,3.5,790
2015,8,4,11,30,33.2,33.56,15,3.1,910
2015,8,4,12,30,34.9,29.89,14.700000000000001,2.8000000000000003,983
2015,8,4,13,30,36.2,27.46,14.5,2.7,979
2015,8,4,14,30,37,25.94,14.3,2.6,883
2015,8,4,15,30,37.1,25.43,14.100000000000001,2.5,788
2015,8,4,16,30,36.7,25.62,13.9,2.6,614
2015,8,4,17,30,35.5,27.16,13.700000000000001,2.6,407
2015,8,4,18,30,32.800000000000004,33.97,14.9,2.2,191
2015,8,4,19,30,30.3,43.54,16.5,2.4000000000000004,19
2015,8,4,20,30,29.400000000000002,44.84,16.2,3,0
2015,8,4,21,30,28.8,45.97,16,3.3000000000000003,0
2015,8,4,22,30,28.200000000000003,46.65,15.700000000000001,3.5,0
2015,8,4,23,30,27.6,46.46,15.100000000000001,3.9000000000000004,0
2015,8,5,0,30,27,46.160000000000004,14.5,4,0
2015,8,5,1,30,26.3,47.29,14.200000000000001,3.8000000000000003,0
2015,8,5,2,30,25.5,50.54,14.5,3.6,0
2015,8,5,3,30,24.900000000000002,54.58,15.100000000000001,3.4000000000000004,0
2015,8,5,4,30,24.200000000000003,59.27,15.8,3.2,0
2015,8,5,5,30,23.900000000000002,62.230000000000004,16.2,3.1,0
2015,8,5,6,30,25,59.93,16.7,3.7,41
2015,8,5,7,30,27.5,52.93,17,4.4,229
2015,8,5,8,30,30.700000000000003,43.92,17,4.3,446
2015,8,5,9,30,33.800000000000004,35.39,16.400000000000002,3.8000000000000003,650
2015,8,5,10,30,36.300000000000004,29.310000000000002,15.600000000000001,3.2,818
2015,8,5,11,30,38,25.85,15.100000000000001,2.8000000000000003,937
2015,8,5,12,30,39.1,23.52,14.5,2.8000000000000003,996
2015,8,5,13,30,39.6,22.21,14.100000000000001,2.9000000000000004,990
2015,8,5,14,30,39.800000000000004,21.43,13.700000000000001,3,921
2015,8,5,15,30,39.5,21.400000000000002,13.4,3,790
2015,8,5,16,30,38.800000000000004,21.86,13.200000000000001,3,614
2015,8,5,17,30,37.300000000000004,23.48,13,2.7,405
2015,8,5,18,30,34.4,29.47,14.100000000000001,2.2,188
2015,8,5,19,30,31.700000000000003,38.27,15.8,2.2,17
2015,8,5,20,30,30.8,38.95,15.200000000000001,3,0
2015,8,5,21,30,30.200000000000003,40.11,15.200000000000001,3.8000000000000003,0
2015,8,5,22,30,29.3,42.6,15.3,4.2,0
2015,8,5,23,30,28.400000000000002,45.2,15.4,4.2,0
2015,8,6,0,30,27.6,47.51,15.4,3.9000000000000004,0
2015,8,6,1,30,26.900000000000002,49.4,15.4,3.7,0
2015,8,6,2,30,26.1,51.45,15.3,3.5,0
2015,8,6,3,30,25.400000000000002,53.47,15.3,3.3000000000000003,0
2015,8,6,4,30,24.6,56.480000000000004,15.4,3,0
2015,8,6,5,30,24.3,58.47,15.600000000000001,3.1,0
2015,8,6,6,30,25.400000000000002,56.15,16,3.9000000000000004,39
2015,8,6,7,30,28,49.38,16.400000000000002,4.7,227
2015,8,6,8,30,31.3,40.19,16.2,4.800000000000001,444
2015,8,6,9,30,34.2,31.96,15.100000000000001,4.4,650
2015,8,6,10,30,36.4,27.32,14.600000000000001,4,820
2015,8,6,11,30,38,24.19,14.100000000000001,3.8000000000000003,939
2015,8,6,12,30,39.1,21.8,13.4,3.6,999
2015,8,6,13,30,39.800000000000004,20.18,12.8,3.4000000000000004,993
2015,8,6,14,30,40.1,19.35,12.4,3.3000000000000003,924
2015,8,6,15,30,39.800000000000004,19.39,12.200000000000001,3.3000000000000003,793
2015,8,6,16,30,39.1,19.87,12,3.3000000000000003,617
2015,8,6,17,30,37.5,21.62,11.9,3,407
2015,8,6,18,30,34.4,27.55,13,2.3000000000000003,189
2015,8,6,19,30,31.6,36.46,14.9,2.2,17
2015,8,6,20,30,30.6,37.47,14.5,3,0
2015,8,6,21,30,29.8,38.63,14.200000000000001,3.8000000000000003,0
2015,8,6,22,30,28.900000000000002,40.31,14.100000000000001,4.3,0
2015,8,6,23,30,28.1,42.01,14,4.3,0
2015,8,7,0,30,27.1,44.7,14,3.8000000000000003,0
2015,8,7,1,30,26.200000000000003,47.67,14.200000000000001,3.2,0
2015,8,7,2,30,25.400000000000002,50.370000000000005,14.3,2.9000000000000004,0
2015,8,7,3,30,24.6,53.39,14.5,2.9000000000000004,0
2015,8,7,4,30,23.8,57.29,14.9,2.8000000000000003,0
2015,8,7,5,30,23.400000000000002,60.81,15.4,3,0
2015,8,7,6,30,24.5,60.1,16.3,3.7,40
2015,8,7,7,30,27,55.410000000000004,17.3,4.2,231
2015,8,7,8,30,30.3,46.19,17.5,4,452
2015,8,7,9,30,33.300000000000004,35.78,16.1,3.7,659
2015,8,7,10,30,35.4,30.19,15.3,3.6,830
2015,8,7,11,30,36.9,26.78,14.700000000000001,3.8000000000000003,948
2015,8,7,12,30,38.1,24.07,14.100000000000001,3.9000000000000004,1005
2015,8,7,13,30,38.900000000000006,22.29,13.5,4.1000000000000005,996
2015,8,7,14,30,39.2,21.44,13.200000000000001,4.2,922
2015,8,7,15,30,39.1,21.38,13.100000000000001,4.4,788
2015,8,7,16,30,38.5,21.96,13,4.6000000000000005,608
2015,8,7,17,30,37.1,23.66,13,4.4,397
2015,8,7,18,30,34.5,27.98,13.3,3.6,181
2015,8,7,19,30,32.2,33.95,14.3,3.4000000000000004,14
2015,8,7,20,30,31,35.93,14.200000000000001,4,0
2015,8,7,21,30,29.900000000000002,38.160000000000004,14.100000000000001,4.2,0
2015,8,7,22,30,28.8,41.09,14.3,4,0
2015,8,7,23,30,27.8,44.32,14.5,3.9000000000000004,0
2015,8,8,0,30,27,47.7,15,3.8000000000000003,0
2015,8,8,1,30,26.3,51.51,15.5,3.9000000000000004,0
2015,8,8,2,30,25.6,56.31,16.3,3.9000000000000004,0
2015,8,8,3,30,24.900000000000002,61.65,17,3.9000000000000004,0
2015,8,8,4,30,24.3,66.9,17.8,4,0
2015,8,8,5,30,24,71.02,18.400000000000002,4.3,0
2015,8,8,6,30,25,69.28,19,5.2,36
2015,8,8,7,30,27.6,60.22,19.200000000000003,5.9,221
2015,8,8,8,30,30.700000000000003,48.52,18.6,5.800000000000001,438
2015,8,8,9,30,33.5,39.69,17.900000000000002,5.5,642
2015,8,8,10,30,35.7,33.92,17.400000000000002,5.300000000000001,812
2015,8,8,11,30,37.300000000000004,30.17,16.900000000000002,5.2,929
2015,8,8,12,30,38.400000000000006,27.6,16.5,5.1000000000000005,987
2015,8,8,13,30,39.1,25.7,15.9,5,980
2015,8,8,14,30,39.400000000000006,24.38,15.4,4.9,909
2015,8,8,15,30,39.2,23.830000000000002,14.8,4.7,777
2015,8,8,16,30,38.6,23.81,14.3,4.6000000000000005,600
2015,8,8,17,30,37.2,24.96,13.9,4.2,391
2015,8,8,18,30,34.5,29.080000000000002,13.9,3.3000000000000003,176
2015,8,8,19,30,31.900000000000002,35.97,15,3.1,13
2015,8,8,20,30,30.8,38.42,15,4,0
2015,8,8,21,30,29.8,40.96,15.100000000000001,4.5,0
2015,8,8,22,30,28.700000000000003,44.56,15.4,4.2,0
2015,8,8,23,30,27.6,48.6,15.8,3.6,0
2015,8,9,0,30,26.8,52.370000000000005,16.2,3.1,0
2015,8,9,1,30,26.1,55.59,16.5,2.8000000000000003,0
2015,8,9,2,30,25.400000000000002,58.46,16.7,2.5,0
2015,8,9,3,30,24.8,60.56,16.7,2.2,0
2015,8,9,4,30,24.200000000000003,62.5,16.6,2,0
2015,8,9,5,30,24,63.15,16.6,2.1,0
2015,8,9,6,30,25.200000000000003,59.21,16.7,3,34
2015,8,9,7,30,27.5,52.42,16.900000000000002,4,218
2015,8,9,8,30,30.200000000000003,44.79,16.900000000000002,4,437
2015,8,9,9,30,32.800000000000004,37.050000000000004,16.2,3.8000000000000003,643
2015,8,9,10,30,35.1,31.09,15.5,3.7,813
2015,8,9,11,30,37,26.93,14.9,3.6,933
2015,8,9,12,30,38.400000000000006,23.86,14.200000000000001,3.4000000000000004,991
2015,8,9,13,30,39.300000000000004,21.63,13.4,3.1,985
2015,8,9,14,30,39.800000000000004,20.22,12.8,2.9000000000000004,911
2015,8,9,15,30,39.7,19.85,12.4,2.8000000000000003,779
2015,8,9,16,30,39.1,20.240000000000002,12.200000000000001,2.9000000000000004,601
2015,8,9,17,30,37.6,21.78,12.100000000000001,2.7,390
2015,8,9,18,30,34.6,27.88,13.4,2.2,174
2015,8,9,19,30,32.1,35.38,14.9,2.8000000000000003,12
2015,8,9,20,30,31.200000000000003,35.4,14.100000000000001,4.1000000000000005,0
2015,8,9,21,30,30.3,36.730000000000004,13.9,4.800000000000001,0
2015,8,9,22,30,29.200000000000003,38.7,13.700000000000001,4.7,0
2015,8,9,23,30,28.200000000000003,40.38,13.5,4.4,0
2015,8,10,0,30,27.400000000000002,41.660000000000004,13.200000000000001,4.2,0
2015,8,10,1,30,26.6,43.47,13.200000000000001,4.1000000000000005,0
2015,8,10,2,30,25.900000000000002,45.86,13.4,3.9000000000000004,0
2015,8,10,3,30,25.200000000000003,49.81,14,3.6,0
2015,8,10,4,30,24.400000000000002,55.19,14.8,3.2,0
2015,8,10,5,30,24.1,58.68,15.5,3,0
2015,8,10,6,30,25.1,57.35,16.1,3.4000000000000004,35
2015,8,10,7,30,27.700000000000003,51.17,16.7,3.8000000000000003,223
2015,8,10,8,30,30.900000000000002,41.99,16.5,3.6,441
2015,8,10,9,30,33.5,33.45,15.200000000000001,3,648
2015,8,10,10,30,35.5,27.93,14.200000000000001,2.6,820
2015,8,10,11,30,37,24.64,13.5,2.7,942
2015,8,10,12,30,38,22.69,13.100000000000001,3.1,1000
2015,8,10,13,30,38.6,21.52,12.8,3.6,993
2015,8,10,14,30,38.800000000000004,21.05,12.600000000000001,4.1000000000000005,921
2015,8,10,15,30,38.6,21.2,12.5,4.4,788
2015,8,10,16,30,37.9,21.78,12.4,4.5,605
2015,8,10,17,30,36.6,23.3,12.3,4.3,393
2015,8,10,18,30,34,27.43,12.600000000000001,3.2,174
2015,8,10,19,30,31.700000000000003,33.96,13.9,2.7,0
2015,8,10,20,30,30.700000000000003,35.75,13.8,3.3000000000000003,0
2015,8,10,21,30,29.6,37.69,13.700000000000001,3.6,0
2015,8,10,22,30,28.400000000000002,39.85,13.4,3.7,0
2015,8,10,23,30,27.200000000000003,41.43,13,3.5,0
2015,8,11,0,30,26.1,42.660000000000004,12.4,3,0
2015,8,11,1,30,25,45.12,12.3,2.2,0
2015,8,11,2,30,24.1,48.4,12.5,1.6,0
2015,8,11,3,30,23.400000000000002,51.43,12.8,1.2000000000000002,0
2015,8,11,4,30,22.900000000000002,54,13.100000000000001,1,0
2015,8,11,5,30,23,54.29,13.3,0.8,0
2015,8,11,6,30,24.700000000000003,51.14,13.9,0.8,33
2015,8,11,7,30,27.700000000000003,42.51,13.8,1,179
2015,8,11,8,30,30.700000000000003,36.08,14,0.9,439
2015,8,11,9,30,33.2,29.93,13.3,1.4000000000000001,552
2015,8,11,10,30,35.1,26.67,13.100000000000001,2.2,745
2015,8,11,11,30,36.5,24.77,13.200000000000001,2.8000000000000003,879
2015,8,11,12,30,37.5,23.37,13.100000000000001,3.2,936
2015,8,11,13,30,38.1,22.44,13,3.6,931
2015,8,11,14,30,38.300000000000004,22.01,12.9,3.9000000000000004,845
2015,8,11,15,30,38.1,21.77,12.5,4.2,773
2015,8,11,16,30,37.4,21.79,12,4.5,595
2015,8,11,17,30,36.1,22.91,11.600000000000001,4.5,385
2015,8,11,18,30,33.800000000000004,26.560000000000002,12,3.8000000000000003,168
2015,8,11,19,30,31.5,33.04,13.3,3.3000000000000003,0
2015,8,11,20,30,30.1,38.22,14.3,3.7,0
2015,8,11,21,30,29.1,43.22,15.3,3.9000000000000004,0
2015,8,11,22,30,28.1,48.58,16.3,3.8000000000000003,0
2015,8,11,23,30,27.3,53.2,16.900000000000002,3.4000000000000004,0
2015,8,12,0,30,26.6,57.52,17.5,3,0
2015,8,12,1,30,25.900000000000002,62.07,18.1,2.4000000000000004,0
2015,8,12,2,30,25.200000000000003,66.53,18.5,1.9000000000000001,0
2015,8,12,3,30,24.5,70.63,18.8,1.4000000000000001,0
2015,8,12,4,30,23.8,74.17,18.900000000000002,1.1,0
2015,8,12,5,30,23.8,74.12,18.900000000000002,1.2000000000000002,0
2015,8,12,6,30,25.200000000000003,67.76,18.8,1.7000000000000002,31
2015,8,12,7,30,28,55.02,18.1,1.7000000000000002,213
2015,8,12,8,30,31.200000000000003,39.910000000000004,16,1,430
2015,8,12,9,30,33.800000000000004,30.67,14.200000000000001,0.8,483
2015,8,12,10,30,35.800000000000004,26.54,13.600000000000001,1.2000000000000002,802
2015,8,12,11,30,37.2,24.76,13.700000000000001,2,919
2015,8,12,12,30,38.2,23.6,13.8,2.6,972
2015,8,12,13,30,38.800000000000004,22.94,13.9,3.1,963
2015,8,12,14,30,38.800000000000004,23,13.9,3.7,889
2015,8,12,15,30,38.300000000000004,23.78,14,4.2,759
2015,8,12,16,30,37.300000000000004,25.29,14.200000000000001,4.5,580
2015,8,12,17,30,35.800000000000004,27.87,14.4,4.6000000000000005,7
2015,8,12,18,30,33.7,32.29,14.9,4.1000000000000005,124
2015,8,12,19,30,31.700000000000003,38.26,15.8,3.5,0
2015,8,12,20,30,30.400000000000002,42.45,16.2,3.4000000000000004,0
2015,8,12,21,30,29.400000000000002,45.980000000000004,16.6,3.3000000000000003,0
2015,8,12,22,30,28.400000000000002,49.9,16.900000000000002,3,0
2015,8,12,23,30,27.5,53.67,17.3,2.5,0
2015,8,13,0,30,26.700000000000003,57.32,17.6,2.1,0
2015,8,13,1,30,26.1,60.36,17.8,1.8,0
2015,8,13,2,30,25.5,63.550000000000004,18.1,1.6,0
2015,8,13,3,30,24.900000000000002,66.39,18.2,1.3,0
2015,8,13,4,30,24.400000000000002,68.37,18.2,1.2000000000000002,0
2015,8,13,5,30,24.400000000000002,68.28,18.2,1.4000000000000001,0
2015,8,13,6,30,25.700000000000003,63.1,18.2,2.1,27
2015,8,13,7,30,28.6,52.15,17.8,2.3000000000000003,202
2015,8,13,8,30,31.8,41.2,17,2,415
2015,8,13,9,30,34.2,34.72,16.400000000000002,1.5,618
2015,8,13,10,30,36,30.32,15.9,1,786
2015,8,13,11,30,37.4,27.330000000000002,15.5,1.1,905
2015,8,13,12,30,38.400000000000006,25.400000000000002,15.200000000000001,1.5,971
2015,8,13,13,30,39,24.14,14.9,2,963
2015,8,13,14,30,39.2,23.54,14.600000000000001,2.4000000000000004,891
2015,8,13,15,30,38.900000000000006,23.59,14.4,2.8000000000000003,760
2015,8,13,16,30,38.1,24.2,14.200000000000001,3.2,583
2015,8,13,17,30,36.800000000000004,25.59,13.9,3.2,375
2015,8,13,18,30,34.300000000000004,29.66,14.100000000000001,2.7,162
2015,8,13,19,30,32.1,36.26,15.3,2.5,0
2015,8,13,20,30,31.200000000000003,37.86,15.100000000000001,3.4000000000000004,0
2015,8,13,21,30,30.200000000000003,40.050000000000004,15.100000000000001,4,0
2015,8,13,22,30,29.3,42.47,15.200000000000001,4.1000000000000005,0
2015,8,13,23,30,28.400000000000002,45.2,15.4,3.9000000000000004,0
2015,8,14,0,30,27.700000000000003,47.74,15.600000000000001,3.6,0
2015,8,14,1,30,27.200000000000003,49.84,15.8,3.3000000000000003,0
2015,8,14,2,30,26.700000000000003,51.97,16,3,0
2015,8,14,3,30,26.1,54.39,16.2,2.6,0
2015,8,14,4,30,25.6,56.65,16.400000000000002,2.1,0
2015,8,14,5,30,25.5,57.61,16.5,1.9000000000000001,0
2015,8,14,6,30,26.900000000000002,53.89,16.8,2.3000000000000003,27
2015,8,14,7,30,30,45.71,17,3.1,162
2015,8,14,8,30,33.2,37.69,16.8,3.1,419
2015,8,14,9,30,35.5,31.48,16,2.4000000000000004,623
2015,8,14,10,30,37.300000000000004,27.240000000000002,15.3,1.5,791
2015,8,14,11,30,38.7,24.490000000000002,14.8,1.1,906
2015,8,14,12,30,39.6,22.93,14.600000000000001,1.4000000000000001,961
2015,8,14,13,30,40.1,22.14,14.4,2,949
2015,8,14,14,30,40,22.18,14.4,2.5,443
2015,8,14,15,30,39.2,22.82,14.200000000000001,3,547
2015,8,14,16,30,38,24.2,14.100000000000001,3.6,433
2015,8,14,17,30,36.300000000000004,26.98,14.3,3.9000000000000004,296
2015,8,14,18,30,34.2,32.5,15.4,3.7,52
2015,8,14,19,30,32.300000000000004,39.11,16.6,3,0
2015,8,14,20,30,30.8,44.82,17.400000000000002,2.3000000000000003,0
2015,8,14,21,30,29.3,51.480000000000004,18.3,2,0
2015,8,14,22,30,28,59.09,19.3,2.1,0
2015,8,14,23,30,27.1,65.38,20,2,0
2015,8,15,0,30,26.3,71.28,20.700000000000003,1.8,0
2015,8,15,1,30,25.5,77.34,21.200000000000003,1.6,0
2015,8,15,2,30,24.900000000000002,82.94,21.8,1.3,0
2015,8,15,3,30,24.700000000000003,84.21000000000001,21.900000000000002,1.1,0
2015,8,15,4,30,24.6,83.48,21.6,1.5,0
2015,8,15,5,30,24.400000000000002,83.94,21.5,2.1,0
2015,8,15,6,30,24.8,81.53,21.400000000000002,2.7,10
2015,8,15,7,30,26.3,72.97,21.1,3.1,153
2015,8,15,8,30,28.6,60.67,20.3,3.1,406
2015,8,15,9,30,30.900000000000002,50.11,19.3,2.8000000000000003,608
2015,8,15,10,30,32.800000000000004,43.31,18.7,2.5,776
2015,8,15,11,30,34.2,39.24,18.400000000000002,2.3000000000000003,894
2015,8,15,12,30,35.2,36.59,18.1,2.1,955
2015,8,15,13,30,35.7,34.96,17.900000000000002,2.1,947
2015,8,15,14,30,35.9,33.69,17.400000000000002,2.2,872
2015,8,15,15,30,35.7,33.12,17,2.4000000000000004,750
2015,8,15,16,30,35.1,33.14,16.5,2.7,571
2015,8,15,17,30,34.1,34.38,16.2,2.9000000000000004,287
2015,8,15,18,30,32.2,38.54,16.3,2.7,150
2015,8,15,19,30,30.400000000000002,44.56,17,3.1,0
2015,8,15,20,30,29.400000000000002,46.89,16.900000000000002,4,0
2015,8,15,21,30,28.400000000000002,50.59,17.2,4.2,0
2015,8,15,22,30,27.6,54.52,17.6,3.8000000000000003,0
2015,8,15,23,30,26.900000000000002,58.09,18,3.4000000000000004,0
2015,8,16,0,30,26.3,61.24,18.2,3.1,0
2015,8,16,1,30,25.8,64.03,18.5,2.8000000000000003,0
2015,8,16,2,30,25.200000000000003,67.1,18.7,2.3000000000000003,0
2015,8,16,3,30,24.700000000000003,69.31,18.7,1.9000000000000001,0
2015,8,16,4,30,24.200000000000003,71.03,18.6,1.5,0
2015,8,16,5,30,24.1,70.87,18.5,1.5,0
2015,8,16,6,30,25.200000000000003,65.88,18.400000000000002,2.2,25
2015,8,16,7,30,27.200000000000003,57.74,18.2,2.9000000000000004,147
2015,8,16,8,30,29.400000000000002,49.71,17.8,3,414
2015,8,16,9,30,31.200000000000003,43.300000000000004,17.3,2.8000000000000003,630
2015,8,16,10,30,32.9,38.02,16.7,2.9000000000000004,800
2015,8,16,11,30,34.4,33.9,16.2,3.1,879
2015,8,16,12,30,35.6,30.560000000000002,15.700000000000001,3,920
2015,8,16,13,30,36.1,28.66,15.100000000000001,2.8000000000000003,961
2015,8,16,14,30,36.1,27.64,14.5,2.6,881
2015,8,16,15,30,35.6,27.310000000000002,13.9,2.3000000000000003,743
2015,8,16,16,30,34.800000000000004,27.66,13.4,2,559
2015,8,16,17,30,33.7,29.13,13.3,1.5,350
2015,8,16,18,30,32,34.32,14.3,1.2000000000000002,143
2015,8,16,19,30,30.400000000000002,41.82,16,1.4000000000000001,0
2015,8,16,20,30,29.6,41.33,15.100000000000001,2.4000000000000004,0
2015,8,16,21,30,28.8,40.61,14.100000000000001,3.6,0
2015,8,16,22,30,27.700000000000003,41.230000000000004,13.3,4.2,0
2015,8,16,23,30,26.700000000000003,42.44,12.9,4.1000000000000005,0
2015,8,17,0,30,25.8,44.07,12.700000000000001,3.7,0
2015,8,17,1,30,25,46.480000000000004,12.700000000000001,3,0
2015,8,17,2,30,24.5,48.52,12.9,2.8000000000000003,0
2015,8,17,3,30,24.1,49.89,13,3.1,0
2015,8,17,4,30,23.700000000000003,51.26,13,3.2,0
2015,8,17,5,30,23.5,52.11,13.100000000000001,3.3000000000000003,0
2015,8,17,6,30,24.1,51.08,13.4,3.8000000000000003,22
2015,8,17,7,30,26.1,48.02,14.200000000000001,4.3,197
2015,8,17,8,30,29.1,41.08,14.5,4.4,412
2015,8,17,9,30,32,32.160000000000004,13.3,3.9000000000000004,616
2015,8,17,10,30,34,27.580000000000002,12.700000000000001,3.4000000000000004,784
2015,8,17,11,30,35.4,25.810000000000002,12.9,3.2,901
2015,8,17,12,30,36.1,25.41,13.200000000000001,3.3000000000000003,958
2015,8,17,13,30,36.2,25.77,13.5,3.5,944
2015,8,17,14,30,35.800000000000004,26.68,13.700000000000001,3.7,868
2015,8,17,15,30,35.1,27.48,13.600000000000001,3.9000000000000004,691
2015,8,17,16,30,34.4,27.8,13.200000000000001,3.9000000000000004,220
2015,8,17,17,30,33.4,28.63,12.8,3.7,219
2015,8,17,18,30,31.5,31.34,12.5,2.9000000000000004,89
2015,8,17,19,30,29.6,35.95,12.9,2.6,0
2015,8,17,20,30,28.700000000000003,36.61,12.4,3.3000000000000003,0
2015,8,17,21,30,28,37.37,12.100000000000001,4,0
2015,8,17,22,30,27.3,39.12,12.200000000000001,4.4,0
2015,8,17,23,30,26.6,41.300000000000004,12.4,4.2,0
2015,8,18,0,30,25.900000000000002,43.79,12.600000000000001,3.9000000000000004,0
2015,8,18,1,30,25.400000000000002,45.86,12.9,3.8000000000000003,0
2015,8,18,2,30,24.900000000000002,48.06,13.200000000000001,3.9000000000000004,0
2015,8,18,3,30,24.400000000000002,51.31,13.700000000000001,4,0
2015,8,18,4,30,23.700000000000003,56.59,14.600000000000001,4,0
2015,8,18,5,30,23.3,61.4,15.5,4,0
2015,8,18,6,30,23.900000000000002,61.74,16.1,4.7,12
2015,8,18,7,30,26,56.480000000000004,16.7,5.6000000000000005,22
2015,8,18,8,30,28.700000000000003,48.69,16.8,5.9,22
2015,8,18,9,30,31.1,41.17,16.400000000000002,5.7,62
2015,8,18,10,30,33.300000000000004,34.93,15.700000000000001,5.300000000000001,480
2015,8,18,11,30,35.300000000000004,30.310000000000002,15.3,4.9,633
2015,8,18,12,30,36.7,27.47,14.9,4.3,964
2015,8,18,13,30,37.7,25.6,14.700000000000001,3.7,955
2015,8,18,14,30,38.1,24.72,14.5,3.1,882
2015,8,18,15,30,38.1,24.42,14.3,2.7,751
2015,8,18,16,30,37.4,25.060000000000002,14.100000000000001,2.7,572
2015,8,18,17,30,36,26.84,14,2.6,361
2015,8,18,18,30,33.2,33.480000000000004,15,2.2,147
2015,8,18,19,30,31,40.42,16,2.9000000000000004,0
2015,8,18,20,30,30.200000000000003,40.38,15.3,4.2,0
2015,8,18,21,30,29.3,41.93,15,4.6000000000000005,0
2015,8,18,22,30,28.3,43.84,14.8,4.4,0
2015,8,18,23,30,27.400000000000002,45.42,14.600000000000001,4.5,0
2015,8,19,0,30,26.8,46.54,14.4,4.800000000000001,0
2015,8,19,1,30,26.200000000000003,48.33,14.4,4.9,0
2015,8,19,2,30,25.700000000000003,50.25,14.600000000000001,4.800000000000001,0
2015,8,19,3,30,25.1,53.19,14.9,4.6000000000000005,0
2015,8,19,4,30,24.3,57.910000000000004,15.5,4.2,0
2015,8,19,5,30,23.6,63.34,16.2,3.6,0
2015,8,19,6,30,24.200000000000003,63.92,16.900000000000002,3.6,10
2015,8,19,7,30,26.400000000000002,58.15,17.5,3.6,195
2015,8,19,8,30,29.200000000000003,49.84,17.7,2.4000000000000004,408
2015,8,19,9,30,31.5,43.34,17.5,2,547
2015,8,19,10,30,32.9,39.49,17.3,3.2,157
2015,8,19,11,30,33.4,38.13,17.2,4.7,244
2015,8,19,12,30,32.800000000000004,39.160000000000004,17.1,6.1000000000000005,896
2015,8,19,13,30,31.3,41.95,16.8,7,755
2015,8,19,14,30,29.700000000000003,44.92,16.5,7.2,777
2015,8,19,15,30,28.5,46.75,16,6.800000000000001,721
2015,8,19,16,30,27.5,47.870000000000005,15.5,6.1000000000000005,546
2015,8,19,17,30,26.200000000000003,49.4,14.8,5.7,340
2015,8,19,18,30,24.6,51.81,14,5.300000000000001,133
2015,8,19,19,30,23.1,54.25,13.4,5.1000000000000005,0
2015,8,19,20,30,21.8,56.79,12.8,5,0
2015,8,19,21,30,20.8,59.01,12.5,4.9,0
2015,8,19,22,30,19.900000000000002,61.57,12.3,4.7,0
2015,8,19,23,30,19.200000000000003,63.72,12.200000000000001,4.4,0
2015,8,20,0,30,18.7,65.39,12.100000000000001,4,0
2015,8,20,1,30,18.3,66.81,12,3.6,0
2015,8,20,2,30,18.1,67.47,12,3.2,0
2015,8,20,3,30,18,67.7,11.9,2.9000000000000004,0
2015,8,20,4,30,17.900000000000002,68.14,11.9,2.6,0
2015,8,20,5,30,18,67.99,12,2.5,0
2015,8,20,6,30,18.6,65.84,12.100000000000001,2.5,15
2015,8,20,7,30,20,61.04,12.3,2.5,177
2015,8,20,8,30,22.1,54.93,12.600000000000001,2.4000000000000004,285
2015,8,20,9,30,24.6,49.620000000000005,13.4,2.3000000000000003,487
2015,8,20,10,30,27.400000000000002,45.82,14.700000000000001,2.2,753
2015,8,20,11,30,30,43.12,16.1,2.1,872
2015,8,20,12,30,31.900000000000002,40.37,16.8,2.3000000000000003,940
2015,8,20,13,30,33.1,38.36,17,2.4000000000000004,932
2015,8,20,14,30,33.7,37.24,17.1,2.7,857
2015,8,20,15,30,33.7,36.96,17,2.9000000000000004,729
2015,8,20,16,30,33.2,37.39,16.7,3.1,550
2015,8,20,17,30,32.4,38.62,16.5,3.1,343
2015,8,20,18,30,30.5,43.050000000000004,16.5,2.9000000000000004,134
2015,8,20,19,30,28.8,48.83,17,3.5,0
2015,8,20,20,30,27.8,52.29,17.1,4.4,0
2015,8,20,21,30,26.6,57.63,17.6,4.9,0
2015,8,20,22,30,25.6,62.06,17.8,5.1000000000000005,0
2015,8,20,23,30,24.6,65.87,17.8,4.800000000000001,0
2015,8,21,0,30,23.900000000000002,68.76,17.8,4.5,0
2015,8,21,1,30,23.200000000000003,72.56,18,4.3,0
2015,8,21,2,30,22.6,76.8,18.3,4,0
2015,8,21,3,30,22.1,80.94,18.7,3.8000000000000003,0
2015,8,21,4,30,21.6,84.99,19,3.7,0
2015,8,21,5,30,21.200000000000003,88.31,19.200000000000003,4,0
2015,8,21,6,30,21.8,86.14,19.400000000000002,4.800000000000001,11
2015,8,21,7,30,23.900000000000002,75.45,19.3,5.4,188
2015,8,21,8,30,26.700000000000003,62.22,18.900000000000002,5.4,403
2015,8,21,9,30,29.6,50.44,18.2,5.1000000000000005,501
2015,8,21,10,30,32,41.78,17.400000000000002,4.7,779
2015,8,21,11,30,33.9,35.83,16.7,4.4,898
2015,8,21,12,30,35.300000000000004,31.76,16,4.2,952
2015,8,21,13,30,36.2,28.95,15.3,4.1000000000000005,943
2015,8,21,14,30,36.6,27.16,14.700000000000001,4.1000000000000005,867
2015,8,21,15,30,36.4,26.69,14.200000000000001,4.2,733
2015,8,21,16,30,35.6,27.67,14.100000000000001,4.4,551
2015,8,21,17,30,34.1,30.23,14.200000000000001,4.4,340
2015,8,21,18,30,31.900000000000002,35.15,14.600000000000001,4.2,129
2015,8,21,19,30,29.900000000000002,41.18,15.3,4.3,0
2015,8,21,20,30,28.700000000000003,45.47,15.8,4.4,0
2015,8,21,21,30,27.700000000000003,49.6,16.2,4.2,0
2015,8,21,22,30,26.900000000000002,53.28,16.6,4,0
2015,8,21,23,30,26.1,57.08,16.900000000000002,3.8000000000000003,0
2015,8,22,0,30,25.400000000000002,60.54,17.2,3.5,0
2015,8,22,1,30,24.8,63.45,17.400000000000002,3.4000000000000004,0
2015,8,22,2,30,24.200000000000003,66.34,17.5,3.2,0
2015,8,22,3,30,23.6,69.8,17.8,3.1,0
2015,8,22,4,30,23.1,73.48,18.1,3.2,0
2015,8,22,5,30,22.700000000000003,77.16,18.5,3.4000000000000004,0
2015,8,22,6,30,23.3,76.55,18.900000000000002,4.2,12
2015,8,22,7,30,25.6,68.83,19.400000000000002,5.1000000000000005,169
2015,8,22,8,30,28.5,58.01,19.400000000000002,5.2,406
2015,8,22,9,30,31.3,47.94,19,5,610
2015,8,22,10,30,33.6,39.74,18,4.800000000000001,777
2015,8,22,11,30,35.5,33.51,17,4.5,894
2015,8,22,12,30,36.9,29.35,16.1,4.4,955
2015,8,22,13,30,37.800000000000004,26.67,15.4,4.5,944
2015,8,22,14,30,38.2,25.2,14.9,4.5,869
2015,8,22,15,30,38.1,24.69,14.5,4.5,728
2015,8,22,16,30,37.4,25.23,14.200000000000001,4.6000000000000005,547
2015,8,22,17,30,35.9,27.37,14.200000000000001,4.5,336
2015,8,22,18,30,33.6,32.160000000000004,14.700000000000001,4.4,126
2015,8,22,19,30,31.6,37.57,15.4,4.7,0
2015,8,22,20,30,30.400000000000002,40.94,15.700000000000001,4.7,0
2015,8,22,21,30,29.3,44.230000000000004,15.9,4.2,0
2015,8,22,22,30,28.400000000000002,47.14,16.1,3.9000000000000004,0
2015,8,22,23,30,27.900000000000002,48.85,16.2,3.8000000000000003,0
2015,8,23,0,30,27.400000000000002,50.67,16.3,3.9000000000000004,0
2015,8,23,1,30,26.900000000000002,52.85,16.5,4,0
2015,8,23,2,30,26.400000000000002,55.660000000000004,16.8,3.9000000000000004,0
2015,8,23,3,30,25.700000000000003,59.480000000000004,17.2,3.7,0
2015,8,23,4,30,25.1,63.15,17.6,3.6,0
2015,8,23,5,30,24.6,66.64,18,3.6,0
2015,8,23,6,30,25,66.79,18.400000000000002,4.1000000000000005,12
2015,8,23,7,30,27.1,60.28,18.7,4.5,191
2015,8,23,8,30,29.900000000000002,50.36,18.5,3.7,408
2015,8,23,9,30,32.300000000000004,41.730000000000004,17.7,2.4000000000000004,611
2015,8,23,10,30,34.1,37.01,17.400000000000002,2.2,776
2015,8,23,11,30,35.2,34.51,17.2,2.9000000000000004,833
2015,8,23,12,30,35.7,33.31,17.1,3.7,757
2015,8,23,13,30,35.5,33.39,17,4.3,888
2015,8,23,14,30,34.6,35.09,17,4.6000000000000005,812
2015,8,23,15,30,32.9,39.74,17.400000000000002,4.4,79
2015,8,23,16,30,31.1,47.01,18.5,3.9000000000000004,111
2015,8,23,17,30,29,60.13,20.5,3.3000000000000003,101
2015,8,23,18,30,27.1,72.87,21.8,3.1,27
2015,8,23,19,30,25.8,80,22.1,3.3000000000000003,0
2015,8,23,20,30,25,83.84,22.1,3.2,0
2015,8,23,21,30,24.6,85.75,22.1,2.7,0
2015,8,23,22,30,24.400000000000002,86.14,21.900000000000002,2,0
2015,8,23,23,30,24.200000000000003,86.13,21.700000000000003,1.5,0
2015,8,24,0,30,24.1,84.97,21.400000000000002,1.3,0
2015,8,24,1,30,23.700000000000003,84.93,21,1.4000000000000001,0
2015,8,24,2,30,23.3,84.37,20.5,1.6,0
2015,8,24,3,30,22.700000000000003,84.14,19.900000000000002,2,0
2015,8,24,4,30,22,83.66,19.1,2.6,0
2015,8,24,5,30,21.3,84.24,18.5,3,0
2015,8,24,6,30,21.3,81.81,18.1,3,14
2015,8,24,7,30,22.3,75.45,17.7,2.8000000000000003,180
2015,8,24,8,30,24,67.76,17.7,2.4000000000000004,365
2015,8,24,9,30,26.200000000000003,59.550000000000004,17.7,2.2,505
2015,8,24,10,30,28.400000000000002,52.94,17.900000000000002,2.1,772
2015,8,24,11,30,30.200000000000003,47.82,17.900000000000002,2.1,891
2015,8,24,12,30,31.200000000000003,44.95,17.8,2.2,947
2015,8,24,13,30,31.700000000000003,43.26,17.7,2.3000000000000003,937
2015,8,24,14,30,31.8,42.230000000000004,17.400000000000002,2.5,860
2015,8,24,15,30,31.8,41.4,17.1,2.7,725
2015,8,24,16,30,31.5,41.26,16.8,2.9000000000000004,544
2015,8,24,17,30,30.6,42.96,16.6,2.6,333
2015,8,24,18,30,28.700000000000003,50.07,17.3,1.9000000000000001,122
2015,8,24,19,30,27.200000000000003,57.550000000000004,18.1,1.7000000000000002,0
2015,8,24,20,30,26.5,60.38,18.2,1.9000000000000001,0
2015,8,24,21,30,25.900000000000002,63.57,18.5,2,0
2015,8,24,22,30,25.3,67.1,18.8,1.9000000000000001,0
2015,8,24,23,30,24.700000000000003,70.8,19,1.8,0
2015,8,25,0,30,24.200000000000003,73.97,19.3,1.7000000000000002,0
2015,8,25,1,30,23.700000000000003,76.85000000000001,19.400000000000002,1.5,0
2015,8,25,2,30,23.200000000000003,79.36,19.400000000000002,1.4000000000000001,0
2015,8,25,3,30,22.700000000000003,81.37,19.3,1.2000000000000002,0
2015,8,25,4,30,22.3,82.29,19.1,1.2000000000000002,0
2015,8,25,5,30,22,82.22,18.8,1.2000000000000002,0
2015,8,25,6,30,23.1,74.89,18.400000000000002,1.9000000000000001,16
2015,8,25,7,30,25.8,61.63,17.900000000000002,2.7,188
2015,8,25,8,30,29,46.82,16.5,2.9000000000000004,406
2015,8,25,9,30,31.6,38.13,15.600000000000001,2.4000000000000004,610
2015,8,25,10,30,33.2,34.89,15.600000000000001,1.8,779
2015,8,25,11,30,34.4,33.29,16,1.8,895
2015,8,25,12,30,34.9,32.8,16.2,2.1,952
2015,8,25,13,30,35,32.57,16.1,2.4000000000000004,938
2015,8,25,14,30,34.6,33.14,16.1,2.6,859
2015,8,25,15,30,34.2,33.61,15.9,2.9000000000000004,724
2015,8,25,16,30,33.800000000000004,33.85,15.700000000000001,3.3000000000000003,543
2015,8,25,17,30,32.6,35.84,15.5,3.1,334
2015,8,25,18,30,30.3,42.45,16.1,2.4000000000000004,123
2015,8,25,19,30,28.3,50.410000000000004,17,2,0
2015,8,25,20,30,27.3,53.14,16.900000000000002,2.2,0
2015,8,25,21,30,26.5,55.97,17,2.6,0
2015,8,25,22,30,25.8,59.13,17.2,3.1,0
2015,8,25,23,30,25,63.33,17.6,3.1,0
2015,8,26,0,30,24.3,67.23,17.8,2.7,0
2015,8,26,1,30,23.6,71,18,2,0
2015,8,26,2,30,22.8,75.16,18.2,1.4000000000000001,0
2015,8,26,3,30,22.1,78.89,18.3,1,0
2015,8,26,4,30,21.5,82.28,18.400000000000002,0.7000000000000001,0
2015,8,26,5,30,21.200000000000003,84.42,18.5,0.6000000000000001,0
2015,8,26,6,30,21.900000000000002,81.60000000000001,18.6,0.8,16
2015,8,26,7,30,24.700000000000003,69.42,18.7,0.9,192
2015,8,26,8,30,28.700000000000003,48.910000000000004,16.900000000000002,1.3,411
2015,8,26,9,30,31.6,38.43,15.700000000000001,2.2,618
2015,8,26,10,30,33.300000000000004,34.6,15.600000000000001,2.9000000000000004,786
2015,8,26,11,30,34.5,32.07,15.5,3.3000000000000003,904
2015,8,26,12,30,35.300000000000004,30.32,15.3,3.6,952
2015,8,26,13,30,35.6,29.64,15.200000000000001,3.9000000000000004,942
2015,8,26,14,30,35.6,29.61,15.200000000000001,4.2,861
2015,8,26,15,30,35,30.6,15.200000000000001,4.4,697
2015,8,26,16,30,34,32.14,15.100000000000001,4.6000000000000005,433
2015,8,26,17,30,32.5,35.01,15.100000000000001,4.3,303
2015,8,26,18,30,30.200000000000003,40.94,15.5,3.4000000000000004,102
2015,8,26,19,30,28.200000000000003,48.36,16.3,2.7,0
2015,8,26,20,30,27.1,52.82,16.6,2.5,0
2015,8,26,21,30,26.200000000000003,57.11,17,2.3000000000000003,0
2015,8,26,22,30,25.3,61.5,17.400000000000002,2.1,0
2015,8,26,23,30,24.6,65.2,17.6,2,0
2015,8,27,0,30,23.900000000000002,68.71000000000001,17.8,1.8,0
2015,8,27,1,30,23.3,71.47,17.900000000000002,1.7000000000000002,0
2015,8,27,2,30,22.8,73.24,17.8,1.7000000000000002,0
2015,8,27,3,30,22.400000000000002,73.91,17.5,1.7000000000000002,0
2015,8,27,4,30,21.8,75.24,17.2,1.7000000000000002,0
2015,8,27,5,30,21.5,75.10000000000001,16.900000000000002,1.7000000000000002,0
2015,8,27,6,30,22.6,69.26,16.7,2.4000000000000004,14
2015,8,27,7,30,25.6,57.620000000000005,16.6,3,190
2015,8,27,8,30,29.1,45.79,16.2,2.9000000000000004,412
2015,8,27,9,30,31.8,36.21,15,2.5,621
2015,8,27,10,30,33.6,30.82,14.100000000000001,2.3000000000000003,792
2015,8,27,11,30,35,27.07,13.3,2.5,912
2015,8,27,12,30,36,24.42,12.5,2.8000000000000003,974
2015,8,27,13,30,36.6,22.7,11.9,3,963
2015,8,27,14,30,36.7,21.92,11.5,3,881
2015,8,27,15,30,36.5,21.73,11.200000000000001,3.1,739
2015,8,27,16,30,35.7,22.28,10.9,3.1,551
2015,8,27,17,30,33.9,24.490000000000002,10.8,2.5,334
2015,8,27,18,30,30.900000000000002,33.410000000000004,13,1.9000000000000001,117
2015,8,27,19,30,28.900000000000002,39.68,13.8,2.3000000000000003,0
2015,8,27,20,30,28.400000000000002,40.18,13.600000000000001,3.4000000000000004,0
2015,8,27,21,30,27.8,42.62,13.9,4.1000000000000005,0
2015,8,27,22,30,27.1,45.84,14.4,4.4,0
2015,8,27,23,30,26.5,48.480000000000004,14.8,4.6000000000000005,0
2015,8,28,0,30,26.1,50.33,15,4.6000000000000005,0
2015,8,28,1,30,25.700000000000003,52.42,15.200000000000001,4.4,0
2015,8,28,2,30,25,55.64,15.5,3.8000000000000003,0
2015,8,28,3,30,24.3,58.86,15.700000000000001,3.3000000000000003,0
2015,8,28,4,30,23.5,62.18,15.8,3.2,0
2015,8,28,5,30,23,64.07000000000001,15.8,3.2,0
2015,8,28,6,30,23.5,61.93,15.8,3.7,13
2015,8,28,7,30,25.8,53.86,15.8,4.7,184
2015,8,28,8,30,29.1,42.42,15,5.5,369
2015,8,28,9,30,31.900000000000002,32.59,13.4,5.4,609
2015,8,28,10,30,34.1,25.95,11.9,5,778
2015,8,28,11,30,35.800000000000004,21.740000000000002,10.600000000000001,4.5,896
2015,8,28,12,30,37,19.2,9.700000000000001,4,943
2015,8,28,13,30,37.4,18.3,9.3,3.2,928
2015,8,28,14,30,36.9,19.13,9.600000000000001,2.2,843
2015,8,28,15,30,35.9,21.150000000000002,10.3,1.4000000000000001,712
2015,8,28,16,30,34.800000000000004,23.98,11.200000000000001,1.2000000000000002,513
2015,8,28,17,30,32.9,29.16,12.600000000000001,1.3,234
2015,8,28,18,30,30.6,40.08,15.5,1.7000000000000002,76
2015,8,28,19,30,29.200000000000003,38.34,13.600000000000001,2.9000000000000004,0
2015,8,28,20,30,28.200000000000003,32.26,10.100000000000001,4.1000000000000005,0
2015,8,28,21,30,26.700000000000003,31.39,8.4,4.2,0
2015,8,28,22,30,25.3,34.59,8.6,3.5,0
2015,8,28,23,30,24.400000000000002,37.54,9,3.1,0
2015,8,29,0,30,23.8,40.19,9.5,2.8000000000000003,0
2015,8,29,1,30,23.3,42.59,9.9,2.5,0
2015,8,29,2,30,22.900000000000002,45.33,10.4,2,0
2015,8,29,3,30,22.5,49.43,11.4,1.6,0
2015,8,29,4,30,22.200000000000003,53.82,12.4,1.4000000000000001,0
2015,8,29,5,30,21.900000000000002,57.07,13,1.6,0
2015,8,29,6,30,22.200000000000003,57.59,13.4,2.2,4
2015,8,29,7,30,23.200000000000003,54.64,13.600000000000001,2.9000000000000004,4
2015,8,29,8,30,24.900000000000002,50.54,13.9,2.9000000000000004,86
2015,8,29,9,30,26.5,45.32,13.700000000000001,2.4000000000000004,340
2015,8,29,10,30,27.5,41.910000000000004,13.4,1.9000000000000001,255
2015,8,29,11,30,28.200000000000003,40.47,13.5,1.3,124
2015,8,29,12,30,28.6,40,13.700000000000001,1.1,216
2015,8,29,13,30,28.900000000000002,39.910000000000004,13.9,1.1,247
2015,8,29,14,30,29.1,40.01,14.100000000000001,1.3,172
2015,8,29,15,30,29.400000000000002,39.53,14.200000000000001,1.5,236
2015,8,29,16,30,29.400000000000002,38.87,14,1.7000000000000002,109
2015,8,29,17,30,28.700000000000003,39.72,13.700000000000001,1.5,45
2015,8,29,18,30,26.700000000000003,46.35,14.200000000000001,1.2000000000000002,7
2015,8,29,19,30,24.8,55.94,15.4,1.1,0
2015,8,29,20,30,23.900000000000002,59.18,15.4,1.1,0
2015,8,29,21,30,23.200000000000003,62.46,15.600000000000001,1,0
2015,8,29,22,30,22.6,65.2,15.700000000000001,1,0
2015,8,29,23,30,22,67.87,15.8,1.1,0
2015,8,30,0,30,21.400000000000002,71.11,15.9,1.2000000000000002,0
2015,8,30,1,30,20.900000000000002,74.52,16.2,1.3,0
2015,8,30,2,30,20.400000000000002,78.43,16.5,1.3,0
2015,8,30,3,30,20,82.11,16.900000000000002,1.2000000000000002,0
2015,8,30,4,30,19.6,85.56,17.1,1.2000000000000002,0
2015,8,30,5,30,19.400000000000002,87.34,17.2,1.2000000000000002,0
2015,8,30,6,30,20.5,81.67,17.3,1.7000000000000002,9
2015,8,30,7,30,23.1,69.56,17.2,2.3000000000000003,170
2015,8,30,8,30,26.5,50.89,15.5,2.5,386
2015,8,30,9,30,29.400000000000002,34.95,12.3,2.3000000000000003,592
2015,8,30,10,30,31.3,29.73,11.5,1.7000000000000002,764
2015,8,30,11,30,32.5,27.19,11.200000000000001,1.2000000000000002,830
2015,8,30,12,30,33.300000000000004,25.75,11.100000000000001,0.9,782
2015,8,30,13,30,33.800000000000004,24.87,11,0.9,777
2015,8,30,14,30,34,24.400000000000002,10.8,1,722
2015,8,30,15,30,33.7,24.55,10.700000000000001,1.4000000000000001,685
2015,8,30,16,30,32.9,25.41,10.5,1.8,501
2015,8,30,17,30,31.1,28.2,10.600000000000001,1.8,293
2015,8,30,18,30,28.3,39.980000000000004,13.4,1.9000000000000001,91
2015,8,30,19,30,26.400000000000002,44.14,13.200000000000001,2.9000000000000004,0
2015,8,30,20,30,25.6,45.75,13,3.9000000000000004,0
2015,8,30,21,30,24.700000000000003,49.7,13.5,4.2,0
2015,8,30,22,30,23.900000000000002,53.64,13.9,3.9000000000000004,0
2015,8,30,23,30,23.200000000000003,56.97,14.200000000000001,3.5,0
2015,8,31,0,30,22.6,59.660000000000004,14.4,3.3000000000000003,0
2015,8,31,1,30,22.1,61.81,14.4,3.1,0
2015,8,31,2,30,21.6,64.05,14.5,3,0
2015,8,31,3,30,21.200000000000003,66.4,14.700000000000001,2.9000000000000004,0
2015,8,31,4,30,20.6,70.24,15,2.7,0
2015,8,31,5,30,20.200000000000003,73.72,15.4,2.6,0
2015,8,31,6,30,21.1,71.41,15.700000000000001,3.1,9
2015,8,31,7,30,23.700000000000003,61.89,16,3.7,173
2015,8,31,8,30,26.900000000000002,49.11,15.3,3.6,393
2015,8,31,9,30,29.700000000000003,38.24,14,3.1,604
2015,8,31,10,30,31.700000000000003,31.48,12.700000000000001,3,779
2015,8,31,11,30,33.1,27.8,12,3.2,898
2015,8,31,12,30,34.2,25.45,11.600000000000001,3.3000000000000003,962
2015,8,31,13,30,34.800000000000004,24.41,11.5,3.4000000000000004,951
2015,8,31,14,30,35.1,23.86,11.4,3.5,869
2015,8,31,15,30,34.9,24.25,11.5,3.6,725
2015,8,31,16,30,34.1,25.68,11.700000000000001,3.6,536
2015,8,31,17,30,32.4,28.8,12,3,317
2015,8,31,18,30,29.6,36.96,13.4,2.3000000000000003,102
2015,8,31,19,30,27.700000000000003,44.04,14.4,2.6,0
2015,8,31,20,30,27.1,45.95,14.5,3.4000000000000004,0
2015,8,31,21,30,26.5,48.65,14.8,3.7,0
2015,8,31,22,30,25.8,51.4,15,3.7,0
2015,8,31,23,30,25.200000000000003,53.32,15,3.5,0
2015,9,1,0,30,24.6,54.83,14.9,3.2,0
2015,9,1,1,30,23.900000000000002,56.47,14.700000000000001,2.9000000000000004,0
2015,9,1,2,30,23.200000000000003,58.13,14.5,2.7,0
2015,9,1,3,30,22.5,60.2,14.4,3,0
2015,9,1,4,30,21.8,63.67,14.600000000000001,3.3000000000000003,0
2015,9,1,5,30,21.1,70.06,15.4,3.4000000000000004,0
2015,9,1,6,30,21.6,73.63,16.7,4,0
2015,9,1,7,30,23.700000000000003,70.32000000000001,18,4.800000000000001,177
2015,9,1,8,30,26.900000000000002,58.14,18,5,398
2015,9,1,9,30,29.900000000000002,43.77,16.2,4.7,607
2015,9,1,10,30,31.900000000000002,35.69,14.8,4.7,779
2015,9,1,11,30,33.300000000000004,31.14,14,4.6000000000000005,897
2015,9,1,12,30,34.4,27.82,13.200000000000001,4.4,956
2015,9,1,13,30,35,25.96,12.600000000000001,4,943
2015,9,1,14,30,35.300000000000004,24.990000000000002,12.3,3.7,863
2015,9,1,15,30,35,25.12,12.100000000000001,3.5,722
2015,9,1,16,30,34.2,25.79,11.8,3.5,533
2015,9,1,17,30,32.5,27.89,11.600000000000001,3,317
2015,9,1,18,30,29.6,34.74,12.4,2.3000000000000003,101
2015,9,1,19,30,27.5,40.97,13.100000000000001,2.6,0
2015,9,1,20,30,26.700000000000003,42.14,12.8,3.2,0
2015,9,1,21,30,25.900000000000002,44.62,12.9,3.4000000000000004,0
2015,9,1,22,30,25,47.79,13.200000000000001,3.1,0
2015,9,1,23,30,24.200000000000003,50.54,13.3,2.9000000000000004,0
2015,9,2,0,30,23.700000000000003,52.22,13.3,3,0
2015,9,2,1,30,23.3,53.6,13.4,3.3000000000000003,0
2015,9,2,2,30,22.8,55.9,13.5,3.5,0
2015,9,2,3,30,22.3,59.5,14,3.3000000000000003,0
2015,9,2,4,30,21.6,65.42,14.8,3.1,0
2015,9,2,5,30,21.1,71.91,15.8,3,0
2015,9,2,6,30,21.6,73.74,16.7,3.5,0
2015,9,2,7,30,23.8,67.94,17.5,4.3,176
2015,9,2,8,30,26.900000000000002,56.25,17.5,4.4,395
2015,9,2,9,30,29.700000000000003,45,16.5,4.2,601
2015,9,2,10,30,31.6,39.17,16,4.2,771
2015,9,2,11,30,33,35.44,15.700000000000001,4.1000000000000005,889
2015,9,2,12,30,34.2,32.29,15.3,4,943
2015,9,2,13,30,35,30.060000000000002,14.9,4,929
2015,9,2,14,30,35.4,28.51,14.4,3.9000000000000004,849
2015,9,2,15,30,35.2,28.09,14,4,711
2015,9,2,16,30,34.300000000000004,28.73,13.600000000000001,4,524
2015,9,2,17,30,32.6,30.8,13.200000000000001,3.4000000000000004,308
2015,9,2,18,30,29.900000000000002,36.51,13.4,2.6,85
2015,9,2,19,30,27.900000000000002,42.26,13.9,2.6,0
2015,9,2,20,30,27.1,42.86,13.4,3.2,0
2015,9,2,21,30,26.3,44.32,13.200000000000001,3.5,0
2015,9,2,22,30,25.5,46.54,13.200000000000001,3.5,0
2015,9,2,23,30,24.700000000000003,49.31,13.4,3.3000000000000003,0
2015,9,3,0,30,24.1,51.980000000000004,13.600000000000001,3,0
2015,9,3,1,30,23.5,55.160000000000004,14,2.7,0
2015,9,3,2,30,23,58.64,14.5,2.4000000000000004,0
2015,9,3,3,30,22.400000000000002,62.440000000000005,14.9,2.1,0
2015,9,3,4,30,21.700000000000003,66.35,15.200000000000001,1.7000000000000002,0
2015,9,3,5,30,21.200000000000003,69.28,15.4,1.5,0
2015,9,3,6,30,22.1,66.32000000000001,15.5,2.3000000000000003,0
2015,9,3,7,30,24.6,57.63,15.700000000000001,3.6,174
2015,9,3,8,30,27.5,48.82,15.8,4.2,394
2015,9,3,9,30,30,40.910000000000004,15.3,4.2,600
2015,9,3,10,30,31.900000000000002,35.84,14.9,4.1000000000000005,768
2015,9,3,11,30,33.4,32.58,14.700000000000001,3.9000000000000004,883
2015,9,3,12,30,34.5,30.21,14.5,3.8000000000000003,937
2015,9,3,13,30,35,28.87,14.200000000000001,3.5,922
2015,9,3,14,30,34.800000000000004,28.69,14,3.3000000000000003,841
2015,9,3,15,30,34.300000000000004,28.88,13.700000000000001,3.2,703
2015,9,3,16,30,33.800000000000004,29.03,13.3,3.2,517
2015,9,3,17,30,32.5,30.66,13,2.9000000000000004,303
2015,9,3,18,30,29.900000000000002,36.78,13.5,2.3000000000000003,82
2015,9,3,19,30,28,42.25,14,2.6,0
2015,9,3,20,30,27.400000000000002,42.84,13.700000000000001,3.3000000000000003,0
2015,9,3,21,30,26.8,44.86,13.8,3.6,0
2015,9,3,22,30,26.200000000000003,47.52,14.200000000000001,3.6,0
2015,9,3,23,30,25.6,50.15,14.5,3.4000000000000004,0
2015,9,4,0,30,25,52.43,14.600000000000001,3.1,0
2015,9,4,1,30,24.400000000000002,54.46,14.600000000000001,2.7,0
2015,9,4,2,30,23.8,56.28,14.600000000000001,2.4000000000000004,0
2015,9,4,3,30,23.3,57.49,14.4,2.4000000000000004,0
2015,9,4,4,30,22.900000000000002,58.31,14.3,2.6,0
2015,9,4,5,30,22.5,59.550000000000004,14.200000000000001,2.8000000000000003,0
2015,9,4,6,30,22.900000000000002,58.46,14.3,3.4000000000000004,0
2015,9,4,7,30,24.900000000000002,53.63,14.8,4.2,176
2015,9,4,8,30,27.8,48.51,16,4.4,395
2015,9,4,9,30,30.5,41.35,15.9,4.1000000000000005,601
2015,9,4,10,30,32.7,35.49,15.5,3.7,770
2015,9,4,11,30,34.2,32.34,15.3,3.6,887
2015,9,4,12,30,35.300000000000004,30.03,15.100000000000001,3.6,935
2015,9,4,13,30,36,28.23,14.8,3.7,920
2015,9,4,14,30,36.1,27.12,14.200000000000001,3.8000000000000003,839
2015,9,4,15,30,35.6,27.21,13.9,3.9000000000000004,699
2015,9,4,16,30,34.800000000000004,28.07,13.600000000000001,3.9000000000000004,510
2015,9,4,17,30,33.2,30.51,13.600000000000001,3.4000000000000004,294
2015,9,4,18,30,30.6,36.57,14.100000000000001,2.5,84
2015,9,4,19,30,28.700000000000003,42.980000000000004,14.9,2.4000000000000004,0
2015,9,4,20,30,28,44.59,14.8,3,0
2015,9,4,21,30,27.400000000000002,46.34,14.9,3.3000000000000003,0
2015,9,4,22,30,26.700000000000003,48.94,15.100000000000001,3.5,0
2015,9,4,23,30,26.1,51.69,15.4,3.5,0
2015,9,5,0,30,25.6,54.480000000000004,15.700000000000001,3.5,0
2015,9,5,1,30,25.1,57.19,16,3.6,0
2015,9,5,2,30,24.700000000000003,59.5,16.3,3.6,0
2015,9,5,3,30,24.200000000000003,62.4,16.6,3.7,0
2015,9,5,4,30,23.6,66.81,17.1,3.5,0
2015,9,5,5,30,23,72.19,17.7,3.2,0
2015,9,5,6,30,23.400000000000002,73.28,18.3,3.6,0
2015,9,5,7,30,25.5,66.97,18.900000000000002,4.3,168
2015,9,5,8,30,28.400000000000002,56.46,18.900000000000002,4.4,387
2015,9,5,9,30,31.1,44.28,17.5,4.2,594
2015,9,5,10,30,32.9,37.02,16.3,4.1000000000000005,762
2015,9,5,11,30,34.1,34.01,16,4.1000000000000005,877
2015,9,5,12,30,34.9,32.14,15.8,4,934
2015,9,5,13,30,35.4,30.810000000000002,15.600000000000001,3.9000000000000004,919
2015,9,5,14,30,35.5,30.5,15.5,3.8000000000000003,836
2015,9,5,15,30,35.300000000000004,30.8,15.5,3.7,696
2015,9,5,16,30,34.7,31.75,15.5,3.7,510
2015,9,5,17,30,33.4,34.09,15.4,3.3000000000000003,294
2015,9,5,18,30,31.3,39.24,15.8,2.5,83
2015,9,5,19,30,29.8,44.57,16.400000000000002,2.5,0
2015,9,5,20,30,29.3,45.89,16.400000000000002,3.2,0
2015,9,5,21,30,28.6,48.19,16.6,3.6,0
2015,9,5,22,30,27.900000000000002,50.6,16.7,3.8000000000000003,0
2015,9,5,23,30,27.3,52.78,16.8,3.8000000000000003,0
2015,9,6,0,30,26.6,54.81,16.8,3.6,0
2015,9,6,1,30,25.900000000000002,56.2,16.5,3.5,0
2015,9,6,2,30,25.200000000000003,57.06,16.1,3.6,0
2015,9,6,3,30,24.5,59.04,16,3.4000000000000004,0
2015,9,6,4,30,23.900000000000002,64.29,16.7,3,0
2015,9,6,5,30,23.400000000000002,71.65,18,2.7,0
2015,9,6,6,30,23.900000000000002,73.97,19,3.3000000000000003,0
2015,9,6,7,30,25.8,68.96000000000001,19.700000000000003,4.3,165
2015,9,6,8,30,28.400000000000002,58.76,19.6,4.1000000000000005,380
2015,9,6,9,30,31,47.82,18.6,3.5,584
2015,9,6,10,30,33,39.67,17.5,3.2,752
2015,9,6,11,30,34.4,34.800000000000004,16.6,3.2,867
2015,9,6,12,30,35.300000000000004,32.02,16.1,3.2,918
2015,9,6,13,30,35.9,30.29,15.8,3.1,904
2015,9,6,14,30,36,29.5,15.4,3.1,823
2015,9,6,15,30,35.9,29.25,15.200000000000001,3.1,684
2015,9,6,16,30,35.300000000000004,29.76,15,3.1,497
2015,9,6,17,30,33.800000000000004,31.71,14.700000000000001,2.6,282
2015,9,6,18,30,31.3,37.63,15.100000000000001,1.8,76
2015,9,6,19,30,29.400000000000002,43.63,15.8,1.7000000000000002,0
2015,9,6,20,30,28.6,44.71,15.4,2.2,0
2015,9,6,21,30,28.1,45.95,15.4,2.7,0
2015,9,6,22,30,27.5,48.22,15.600000000000001,3.1,0
2015,9,6,23,30,26.900000000000002,50.61,15.8,3.2,0
2015,9,7,0,30,26.3,52.67,15.9,3,0
2015,9,7,1,30,25.6,54.81,15.8,2.6,0
2015,9,7,2,30,25,56.51,15.8,2.4000000000000004,0
2015,9,7,3,30,24.5,58.01,15.700000000000001,2.4000000000000004,0
2015,9,7,4,30,23.900000000000002,60.52,15.8,2.5,0
2015,9,7,5,30,23.400000000000002,63.97,16.2,2.6,0
2015,9,7,6,30,23.900000000000002,64.9,16.900000000000002,3.4000000000000004,0
2015,9,7,7,30,25.900000000000002,62.34,18.2,4.4,162
2015,9,7,8,30,28.6,55.54,18.8,4.3,350
2015,9,7,9,30,31.1,45.84,18.1,3.6,582
2015,9,7,10,30,33.1,38.94,17.3,3.3000000000000003,748
2015,9,7,11,30,34.5,34.87,16.8,3.3000000000000003,862
2015,9,7,12,30,35.4,32.39,16.400000000000002,3.4000000000000004,890
2015,9,7,13,30,35.800000000000004,31.09,16.1,3.3000000000000003,904
2015,9,7,14,30,35.7,30.82,15.9,3.2,821
2015,9,7,15,30,35.2,31.310000000000002,15.700000000000001,3.1,683
2015,9,7,16,30,34.6,32.15,15.600000000000001,3,495
2015,9,7,17,30,33.4,34.2,15.5,2.3000000000000003,280
2015,9,7,18,30,31.5,39.86,16.2,1.6,74
2015,9,7,19,30,30.1,44.07,16.5,1.7000000000000002,0
2015,9,7,20,30,29.6,43.87,16,2.1,0
2015,9,7,21,30,29,44.34,15.600000000000001,2.5,0
2015,9,7,22,30,28.3,45.2,15.3,2.9000000000000004,0
2015,9,7,23,30,27.5,46.04,14.9,3.4000000000000004,0
2015,9,8,0,30,26.8,46.46,14.4,3.7,0
2015,9,8,1,30,26,47.480000000000004,14,3.5,0
2015,9,8,2,30,25.200000000000003,49.33,13.8,3.3000000000000003,0
2015,9,8,3,30,24.6,51.76,14,3.1,0
2015,9,8,4,30,24.1,55.56,14.700000000000001,3.1,0
2015,9,8,5,30,23.6,60.65,15.600000000000001,3,0
2015,9,8,6,30,24.1,62.35,16.5,3.5,0
2015,9,8,7,30,26.3,58.32,17.5,4.5,161
2015,9,8,8,30,29.1,50.17,17.7,4.7,375
2015,9,8,9,30,31.6,40.79,16.7,4.2,578
2015,9,8,10,30,33.4,35.230000000000004,16,3.8000000000000003,744
2015,9,8,11,30,34.9,31.62,15.600000000000001,3.5,859
2015,9,8,12,30,35.9,29.69,15.5,3.3000000000000003,913
2015,9,8,13,30,36.300000000000004,28.95,15.4,2.9000000000000004,895
2015,9,8,14,30,36,29.34,15.4,2.6,809
2015,9,8,15,30,35.4,30.42,15.4,2.4000000000000004,669
2015,9,8,16,30,34.6,31.93,15.5,2.3000000000000003,378
2015,9,8,17,30,33.1,35.03,15.600000000000001,1.7000000000000002,157
2015,9,8,18,30,31,45.56,17.900000000000002,1.2000000000000002,63
2015,9,8,19,30,29.6,49.74,18,1.5,0
2015,9,8,20,30,29,50.34,17.6,1.7000000000000002,0
2015,9,8,21,30,28.400000000000002,51.83,17.5,1.7000000000000002,0
2015,9,8,22,30,27.8,53.77,17.6,1.7000000000000002,0
2015,9,8,23,30,27.3,55.9,17.7,1.6,0
2015,9,9,0,30,26.900000000000002,58.01,17.900000000000002,1.4000000000000001,0
2015,9,9,1,30,26.6,59.9,18.2,0.9,0
2015,9,9,2,30,26.1,62.54,18.400000000000002,0.6000000000000001,0
2015,9,9,3,30,25.5,66.85,18.900000000000002,0.5,0
2015,9,9,4,30,24.6,69.58,18.7,0.8,0
2015,9,9,5,30,23.8,70.54,18.1,0.9,0
2015,9,9,6,30,24.1,69.13,18.1,1.4000000000000001,0
2015,9,9,7,30,25.5,64.38,18.3,1.5,90
2015,9,9,8,30,27.6,56.24,18.1,1.1,260
2015,9,9,9,30,29.6,47.82,17.400000000000002,1.5,442
2015,9,9,10,30,30.8,44.160000000000004,17.2,2.2,744
2015,9,9,11,30,31.200000000000003,43.4,17.3,2.4000000000000004,826
2015,9,9,12,30,31.200000000000003,43.800000000000004,17.400000000000002,2.5,752
2015,9,9,13,30,31,44.92,17.7,2.5,599
2015,9,9,14,30,30.700000000000003,46.480000000000004,17.900000000000002,2.6,595
2015,9,9,15,30,30.3,48.17,18.1,2.7,531
2015,9,9,16,30,29.8,49.86,18.2,2.6,402
2015,9,9,17,30,28.700000000000003,54.06,18.5,2,237
2015,9,9,18,30,27,65.5,20,1.4000000000000001,63
2015,9,9,19,30,25.700000000000003,72,20.3,1.3,0
2015,9,9,20,30,25,73.99,20,1.6,0
2015,9,9,21,30,24.5,75.71000000000001,19.900000000000002,1.8,0
2015,9,9,22,30,23.900000000000002,78.46000000000001,19.900000000000002,1.8,0
2015,9,9,23,30,23.400000000000002,81.16,20,1.6,0
2015,9,10,0,30,23,83.67,20.1,1.4000000000000001,0
2015,9,10,1,30,22.6,86.35000000000001,20.200000000000003,1.1,0
2015,9,10,2,30,22,90.25,20.3,0.8,0
2015,9,10,3,30,21.5,93.39,20.400000000000002,0.7000000000000001,0
2015,9,10,4,30,21.1,95.74000000000001,20.400000000000002,0.6000000000000001,0
2015,9,10,5,30,20.900000000000002,96.81,20.400000000000002,0.6000000000000001,0
2015,9,10,6,30,21.700000000000003,92.08,20.400000000000002,0.9,0
2015,9,10,7,30,23.900000000000002,79.54,20.1,1.2000000000000002,155
2015,9,10,8,30,26.400000000000002,63.21,18.8,0.9,372
2015,9,10,9,30,28.5,53.07,18,0.6000000000000001,467
2015,9,10,10,30,30.3,46.28,17.5,0.6000000000000001,748
2015,9,10,11,30,31.700000000000003,41.1,16.900000000000002,0.7000000000000001,840
2015,9,10,12,30,32.7,36.84,16,0.9,917
2015,9,10,13,30,33.4,33.65,15.200000000000001,1.3,901
2015,9,10,14,30,33.6,31.91,14.600000000000001,1.6,817
2015,9,10,15,30,33.300000000000004,31.27,14,2,675
2015,9,10,16,30,32.5,31.42,13.4,2.2,484
2015,9,10,17,30,30.8,34.76,13.5,1.9000000000000001,240
2015,9,10,18,30,28.900000000000002,43.800000000000004,15.4,1.8,40
2015,9,10,19,30,27.700000000000003,45.86,15,2.4000000000000004,0
2015,9,10,20,30,26.900000000000002,48.09,15,2.8000000000000003,0
2015,9,10,21,30,26,52.33,15.5,3.1,0
2015,9,10,22,30,25.3,57.13,16.2,3.2,0
2015,9,10,23,30,24.900000000000002,61.24,16.900000000000002,3.2,0
2015,9,11,0,30,24.6,64.9,17.6,3,0
2015,9,11,1,30,24.200000000000003,68.67,18.1,2.6,0
2015,9,11,2,30,23.8,72.2,18.5,2.1,0
2015,9,11,3,30,23.3,75.83,18.8,1.7000000000000002,0
2015,9,11,4,30,22.700000000000003,79.35000000000001,18.900000000000002,1.3,0
2015,9,11,5,30,22.200000000000003,82.01,19,1,0
2015,9,11,6,30,23,78.05,19,1,0
2015,9,11,7,30,25.5,66.63,18.8,0.7000000000000001,153
2015,9,11,8,30,28.6,52.06,17.8,1.2000000000000002,348
2015,9,11,9,30,30.900000000000002,42.21,16.6,2.8000000000000003,578
2015,9,11,10,30,32.4,37.53,16.1,4,749
2015,9,11,11,30,33.5,34.21,15.600000000000001,4.800000000000001,867
2015,9,11,12,30,34.2,31.87,15.100000000000001,5.5,910
2015,9,11,13,30,34.4,30.77,14.700000000000001,5.9,868
2015,9,11,14,30,34,30.95,14.5,6.2,812
2015,9,11,15,30,33.2,31.73,14.200000000000001,6.2,670
2015,9,11,16,30,32,33.36,13.9,6.1000000000000005,446
2015,9,11,17,30,30.3,36.47,13.8,5.7,263
2015,9,11,18,30,28.400000000000002,41.09,13.9,4.800000000000001,46
2015,9,11,19,30,26.900000000000002,46.03,14.3,4.1000000000000005,0
2015,9,11,20,30,25.8,50.32,14.700000000000001,3.7,0
2015,9,11,21,30,24.8,54.9,15.100000000000001,3.4000000000000004,0
2015,9,11,22,30,24,59.18,15.5,3.3000000000000003,0
2015,9,11,23,30,23.3,63.24,15.9,3.2,0
2015,9,12,0,30,22.6,67.5,16.3,3,0
2015,9,12,1,30,21.900000000000002,72,16.6,2.7,0
2015,9,12,2,30,21.3,76.13,16.900000000000002,2.5,0
2015,9,12,3,30,20.700000000000003,80.38,17.2,2.6,0
2015,9,12,4,30,20.3,83.75,17.5,2.8000000000000003,0
2015,9,12,5,30,20.1,85.85000000000001,17.7,3.1,0
2015,9,12,6,30,20.3,84.39,17.6,3.6,0
2015,9,12,7,30,21.400000000000002,75.98,17,4,148
2015,9,12,8,30,23.400000000000002,63.65,16.1,3.7,363
2015,9,12,9,30,25.400000000000002,54.58,15.600000000000001,3.2,567
2015,9,12,10,30,27.1,48.88,15.4,2.5,583
2015,9,12,11,30,28.400000000000002,45.32,15.4,1.9000000000000001,728
2015,9,12,12,30,29.3,42.77,15.3,1.5,903
2015,9,12,13,30,29.900000000000002,40.95,15.200000000000001,1.2000000000000002,886
2015,9,12,14,30,30.3,39.79,15.100000000000001,1.3,801
2015,9,12,15,30,30.400000000000002,38.95,14.9,1.6,658
2015,9,12,16,30,30.1,38.76,14.5,2,471
2015,9,12,17,30,28.900000000000002,40.62,14.200000000000001,2,258
2015,9,12,18,30,27,46.6,14.600000000000001,1.8,57
2015,9,12,19,30,25.700000000000003,49.4,14.3,2.4000000000000004,0
2015,9,12,20,30,25.200000000000003,48.24,13.5,3.3000000000000003,0
2015,9,12,21,30,24.5,48.78,13,3.9000000000000004,0
2015,9,12,22,30,23.700000000000003,50.53,12.8,4.3,0
2015,9,12,23,30,23.1,52.53,12.9,4.6000000000000005,0
2015,9,13,0,30,22.700000000000003,54.71,13.100000000000001,5,0
2015,9,13,1,30,22.3,57.480000000000004,13.5,5.2,0
2015,9,13,2,30,21.900000000000002,60.47,13.9,4.9,0
2015,9,13,3,30,21.400000000000002,63.71,14.200000000000001,4.1000000000000005,0
2015,9,13,4,30,20.8,66.96000000000001,14.4,3.6,0
2015,9,13,5,30,20.3,69.86,14.600000000000001,3.5,0
2015,9,13,6,30,20.6,69.44,14.8,3.9000000000000004,0
2015,9,13,7,30,22.700000000000003,62.300000000000004,15.100000000000001,4.800000000000001,6
2015,9,13,8,30,26,52.410000000000004,15.5,5.5,330
2015,9,13,9,30,29.1,42.49,15.100000000000001,5.6000000000000005,302
2015,9,13,10,30,31.5,35.64,14.5,5.5,712
2015,9,13,11,30,33.2,31.66,14.100000000000001,5.300000000000001,857
2015,9,13,12,30,34.300000000000004,29.34,13.9,5.2,901
2015,9,13,13,30,35,27.810000000000002,13.700000000000001,5.1000000000000005,883
2015,9,13,14,30,35.1,27.34,13.5,5.2,798
2015,9,13,15,30,34.7,27.67,13.3,5.4,644
2015,9,13,16,30,33.6,29.04,13.100000000000001,5.7,356
2015,9,13,17,30,31.8,31.96,13.100000000000001,5.9,237
2015,9,13,18,30,29.5,37.33,13.4,6.1000000000000005,52
2015,9,13,19,30,27.400000000000002,44.62,14.3,6.1000000000000005,0
2015,9,13,20,30,25.900000000000002,50.96,15,5.9,0
2015,9,13,21,30,24.900000000000002,53.910000000000004,14.9,5.7,0
2015,9,13,22,30,24.1,54.730000000000004,14.4,5.7,0
2015,9,13,23,30,23.5,54.97,13.9,5.7,0
2015,9,14,0,30,22.8,56.68,13.8,5.6000000000000005,0
2015,9,14,1,30,22.1,59.74,13.9,5.5,0
2015,9,14,2,30,21.5,63.31,14.200000000000001,5.4,0
2015,9,14,3,30,20.900000000000002,67.09,14.600000000000001,5.2,0
2015,9,14,4,30,20.3,70.89,14.8,4.9,0
2015,9,14,5,30,19.700000000000003,74.91,15.100000000000001,4.6000000000000005,0
2015,9,14,6,30,19.900000000000002,75.22,15.4,4.9,0
2015,9,14,7,30,21.8,68.08,15.600000000000001,5.6000000000000005,155
2015,9,14,8,30,24.8,57.03,15.700000000000001,6,375
2015,9,14,9,30,27.8,46.47,15.3,5.9,584
2015,9,14,10,30,30.6,37.59,14.5,5.7,754
2015,9,14,11,30,32.7,31.57,13.600000000000001,5.5,870
2015,9,14,12,30,33.9,28.19,12.9,5.4,927
2015,9,14,13,30,34.5,26.02,12.200000000000001,5.4,910
2015,9,14,14,30,34.5,24.79,11.5,5.5,825
2015,9,14,15,30,33.9,24.29,10.700000000000001,5.4,676
2015,9,14,16,30,32.800000000000004,24.55,9.9,5.300000000000001,483
2015,9,14,17,30,30.8,26.7,9.5,4.7,261
2015,9,14,18,30,28,31.88,9.700000000000001,4,53
2015,9,14,19,30,26,36.93,10.200000000000001,4,0
2015,9,14,20,30,24.8,39.74,10.200000000000001,4.2,0
2015,9,14,21,30,23.6,42.84,10.200000000000001,4.2,0
2015,9,14,22,30,22.6,45.7,10.3,4,0
2015,9,14,23,30,21.700000000000003,48.28,10.3,3.8000000000000003,0
2015,9,15,0,30,20.900000000000002,50.620000000000005,10.3,3.5,0
2015,9,15,1,30,20.1,53.11,10.3,3.2,0
2015,9,15,2,30,19.3,56,10.3,2.9000000000000004,0
2015,9,15,3,30,18.7,58.4,10.4,2.7,0
2015,9,15,4,30,18.400000000000002,59.89,10.5,2.8000000000000003,0
2015,9,15,5,30,18.3,61.64,10.8,3.1,0
2015,9,15,6,30,18.8,61.6,11.3,3.7,0
2015,9,15,7,30,21.1,56.56,12.100000000000001,4.7,158
2015,9,15,8,30,24.3,50.92,13.5,5.2,380
2015,9,15,9,30,27.5,42.300000000000004,13.600000000000001,5.2,589
2015,9,15,10,30,30.1,35.59,13.200000000000001,4.800000000000001,757
2015,9,15,11,30,32.300000000000004,30.45,12.700000000000001,4.4,871
2015,9,15,12,30,33.800000000000004,26.990000000000002,12.200000000000001,4,920
2015,9,15,13,30,34.7,24.810000000000002,11.700000000000001,3.7,901
2015,9,15,14,30,35.1,23.62,11.3,3.6,811
2015,9,15,15,30,34.800000000000004,23.71,11.100000000000001,3.8000000000000003,664
2015,9,15,16,30,33.9,25.26,11.3,4.1000000000000005,470
2015,9,15,17,30,31.900000000000002,28.98,11.700000000000001,4,250
2015,9,15,18,30,29.5,34.83,12.4,3.9000000000000004,47
2015,9,15,19,30,27.8,39.300000000000004,12.700000000000001,4.5,0
2015,9,15,20,30,26.700000000000003,42.53,12.9,4.800000000000001,0
2015,9,15,21,30,25.5,47.11,13.4,4.7,0
2015,9,15,22,30,24.5,52.58,14.200000000000001,4.6000000000000005,0
2015,9,15,23,30,23.8,58.02,15,4.5,0
2015,9,16,0,30,23.1,63.52,15.8,4.3,0
2015,9,16,1,30,22.5,67.8,16.3,4.1000000000000005,0
2015,9,16,2,30,22,71.33,16.6,3.9000000000000004,0
2015,9,16,3,30,21.400000000000002,76,17,3.6,0
2015,9,16,4,30,20.900000000000002,81.26,17.6,3.3000000000000003,0
2015,9,16,5,30,20.400000000000002,87.10000000000001,18.2,3.2,0
2015,9,16,6,30,20.8,87.89,18.7,3.7,0
2015,9,16,7,30,22.8,79.64,19.1,4.7,146
2015,9,16,8,30,25.8,65.6,18.900000000000002,5.300000000000001,363
2015,9,16,9,30,28.6,52.53,17.900000000000002,5.300000000000001,570
2015,9,16,10,30,31,43.27,17.1,5,738
2015,9,16,11,30,32.9,36.83,16.2,4.800000000000001,852
2015,9,16,12,30,34.300000000000004,32.230000000000004,15.4,4.6000000000000005,906
2015,9,16,13,30,35.1,29.17,14.5,4.5,886
2015,9,16,14,30,35.300000000000004,27.52,13.8,4.5,801
2015,9,16,15,30,35,27.01,13.200000000000001,4.7,657
2015,9,16,16,30,33.9,28.28,13,4.800000000000001,464
2015,9,16,17,30,32,31.650000000000002,13.100000000000001,4.7,245
2015,9,16,18,30,29.8,37.33,13.700000000000001,4.4,44
2015,9,16,19,30,28.200000000000003,43.13,14.5,4.6000000000000005,0
2015,9,16,20,30,27.200000000000003,48.35,15.4,4.800000000000001,0
2015,9,16,21,30,26.3,53.7,16.2,5,0
2015,9,16,22,30,25.5,58.84,16.900000000000002,5.2,0
2015,9,16,23,30,24.700000000000003,63.71,17.400000000000002,5.2,0
2015,9,17,0,30,24,67.89,17.7,5.2,0
2015,9,17,1,30,23.3,72.09,18,5,0
2015,9,17,2,30,22.8,75.76,18.3,4.800000000000001,0
2015,9,17,3,30,22.400000000000002,78.96000000000001,18.6,4.5,0
2015,9,17,4,30,22.1,81.64,18.8,4.3,0
2015,9,17,5,30,21.900000000000002,83.9,19.1,4.1000000000000005,0
2015,9,17,6,30,22.1,83.97,19.3,4.4,0
2015,9,17,7,30,23.5,78,19.400000000000002,5.2,144
2015,9,17,8,30,25.900000000000002,66.76,19.200000000000003,5.5,360
2015,9,17,9,30,28.400000000000002,55.18,18.5,5.2,564
2015,9,17,10,30,30.6,46.14,17.7,4.6000000000000005,732
2015,9,17,11,30,32.6,39.11,16.900000000000002,4.2,844
2015,9,17,12,30,34.5,33.62,16.2,3.9000000000000004,897
2015,9,17,13,30,35.9,29.93,15.600000000000001,3.7,879
2015,9,17,14,30,36.6,27.79,15,3.6,792
2015,9,17,15,30,36.5,27.03,14.5,3.6,646
2015,9,17,16,30,35.7,27.57,14.100000000000001,3.6,453
2015,9,17,17,30,33.7,30.44,14,3.4000000000000004,236
2015,9,17,18,30,31.1,36.79,14.600000000000001,3.7,27
2015,9,17,19,30,29.3,40.800000000000004,14.600000000000001,4.7,0
2015,9,17,20,30,28.1,44.84,15,5,0
2015,9,17,21,30,27,49.33,15.5,4.7,0
2015,9,17,22,30,26.1,52.84,15.700000000000001,4.6000000000000005,0
2015,9,17,23,30,25.5,55.02,15.8,4.6000000000000005,0
2015,9,18,0,30,24.900000000000002,57.25,15.9,4.5,0
2015,9,18,1,30,24.400000000000002,59.47,16,4.4,0
2015,9,18,2,30,23.900000000000002,62.13,16.2,4.3,0
2015,9,18,3,30,23.400000000000002,65.31,16.5,4.3,0
2015,9,18,4,30,23,69.08,17,4.3,0
2015,9,18,5,30,22.6,73.52,17.6,4.3,0
2015,9,18,6,30,22.8,75.09,18.2,4.7,0
2015,9,18,7,30,24.1,71.62,18.7,5.300000000000001,95
2015,9,18,8,30,26.700000000000003,61.84,18.8,5.6000000000000005,360
2015,9,18,9,30,29.700000000000003,50.07,18.2,5.300000000000001,566
2015,9,18,10,30,32.5,40.6,17.400000000000002,4.800000000000001,734
2015,9,18,11,30,34.7,34.22,16.6,4.3,846
2015,9,18,12,30,36.1,30.53,16.1,3.8000000000000003,891
2015,9,18,13,30,37,28.2,15.600000000000001,3.5,725
2015,9,18,14,30,37.300000000000004,27.03,15.200000000000001,3.3000000000000003,783
2015,9,18,15,30,37,26.87,14.8,3.2,636
2015,9,18,16,30,36.1,27.67,14.5,3.2,443
2015,9,18,17,30,34,30.86,14.4,2.8000000000000003,154
2015,9,18,18,30,31.6,37.89,15.5,2.9000000000000004,18
2015,9,18,19,30,30.1,39.72,14.9,3.9000000000000004,0
2015,9,18,20,30,28.900000000000002,41.26,14.4,4.6000000000000005,0
2015,9,18,21,30,27.8,44.46,14.600000000000001,4.7,0
2015,9,18,22,30,26.900000000000002,48.13,15,4.3,0
2015,9,18,23,30,26.1,51.730000000000004,15.4,3.6,0
2015,9,19,0,30,25.3,55.04,15.600000000000001,2.9000000000000004,0
2015,9,19,1,30,24.8,57.29,15.8,2.5,0
2015,9,19,2,30,24.400000000000002,59.15,15.9,1.9000000000000001,0
2015,9,19,3,30,24,61.1,16,1.4000000000000001,0
2015,9,19,4,30,23.5,64.44,16.400000000000002,1.9000000000000001,0
2015,9,19,5,30,22.8,69.26,16.900000000000002,2.5,0
2015,9,19,6,30,22.6,72.24,17.3,3.1,0
2015,9,19,7,30,23.400000000000002,70.93,17.8,3.4000000000000004,44
2015,9,19,8,30,24.5,68.05,18.2,3.2,55
2015,9,19,9,30,24.900000000000002,67.28,18.400000000000002,3.2,146
2015,9,19,10,30,25.1,66.92,18.5,3.3000000000000003,361
2015,9,19,11,30,25.200000000000003,66.68,18.6,3.2,248
2015,9,19,12,30,25.1,67.6,18.7,3.1,555
2015,9,19,13,30,24.900000000000002,68.99,18.8,2.9000000000000004,472
2015,9,19,14,30,24.6,70.93,19,2.6,498
2015,9,19,15,30,24.6,71.56,19.1,2.2,474
2015,9,19,16,30,24.5,72.67,19.3,1.6,368
2015,9,19,17,30,24,76.72,19.700000000000003,1,126
2015,9,19,18,30,23.3,84.57000000000001,20.6,0.6000000000000001,14
2015,9,19,19,30,22.8,86.79,20.5,0.6000000000000001,0
2015,9,19,20,30,22.5,86.22,20.1,0.8,0
2015,9,19,21,30,22.1,85.59,19.6,1,0
2015,9,19,22,30,21.700000000000003,84.49,19,1.3,0
2015,9,19,23,30,21.400000000000002,83.74,18.5,1.4000000000000001,0
2015,9,20,0,30,21.200000000000003,83.60000000000001,18.3,1.4000000000000001,0
2015,9,20,1,30,21.1,84.42,18.400000000000002,1.4000000000000001,0
2015,9,20,2,30,20.900000000000002,86.55,18.6,1.2000000000000002,0
2015,9,20,3,30,20.6,89.68,18.8,1.2000000000000002,0
2015,9,20,4,30,20.200000000000003,92.89,19,1.1,0
2015,9,20,5,30,19.900000000000002,94.93,19.1,1.1,0
2015,9,20,6,30,20,94.10000000000001,19,1.5,0
2015,9,20,7,30,20.6,90.42,19,2,30
2015,9,20,8,30,21.8,83.94,19,2.3000000000000003,239
2015,9,20,9,30,23.200000000000003,76.36,18.8,2.3000000000000003,178
2015,9,20,10,30,24.400000000000002,69.99,18.6,2.1,221
2015,9,20,11,30,25,66.73,18.400000000000002,2.1,484
2015,9,20,12,30,25.1,65.97,18.3,2.1,337
2015,9,20,13,30,25.3,65.09,18.3,2.2,231
2015,9,20,14,30,25.700000000000003,63.480000000000004,18.3,2.1,348
2015,9,20,15,30,26,62.01,18.2,1.9000000000000001,378
2015,9,20,16,30,25.700000000000003,62.65,18,2,319
2015,9,20,17,30,24.700000000000003,66.42,18,1.7000000000000002,179
2015,9,20,18,30,23.5,74.89,18.8,1.4000000000000001,16
2015,9,20,19,30,22.700000000000003,76.87,18.400000000000002,1.7000000000000002,0
2015,9,20,20,30,22.3,76.81,18,2.4000000000000004,0
2015,9,20,21,30,21.900000000000002,77.2,17.7,2.7,0
2015,9,20,22,30,21.3,78.74,17.5,2.8000000000000003,0
2015,9,20,23,30,20.900000000000002,79.34,17.2,2.7,0
2015,9,21,0,30,20.400000000000002,80.3,16.900000000000002,2.5,0
2015,9,21,1,30,20,80.76,16.6,2.4000000000000004,0
2015,9,21,2,30,19.700000000000003,80.5,16.3,2.2,0
2015,9,21,3,30,19.3,80.82000000000001,15.9,2,0
2015,9,21,4,30,18.900000000000002,81.29,15.600000000000001,1.9000000000000001,0
2015,9,21,5,30,18.400000000000002,82.56,15.4,1.8,0
2015,9,21,6,30,18.8,79.83,15.200000000000001,2.3000000000000003,0
2015,9,21,7,30,21.1,69.58,15.3,3.1,104
2015,9,21,8,30,24.6,57.2,15.600000000000001,3.7,320
2015,9,21,9,30,27.700000000000003,48.33,15.8,3.9000000000000004,510
2015,9,21,10,30,30,43.18,16.1,3.6,685
2015,9,21,11,30,31.400000000000002,40.65,16.400000000000002,3.4000000000000004,836
2015,9,21,12,30,32.1,39.34,16.5,3.5,871
2015,9,21,13,30,32.2,39.12,16.5,3.8000000000000003,767
2015,9,21,14,30,31.900000000000002,40.14,16.7,4,636
2015,9,21,15,30,31.3,41.59,16.7,4.2,528
2015,9,21,16,30,30.5,43.12,16.6,4.2,337
2015,9,21,17,30,29.200000000000003,46.14,16.400000000000002,3.6,146
2015,9,21,18,30,27.8,50.550000000000004,16.6,3,14
2015,9,21,19,30,26.900000000000002,53.52,16.7,3,0
2015,9,21,20,30,26.200000000000003,55.53,16.6,3.1,0
2015,9,21,21,30,25.5,57.95,16.6,3.2,0
2015,9,21,22,30,24.900000000000002,60.42,16.7,3.3000000000000003,0
2015,9,21,23,30,24.400000000000002,62.7,16.8,3.4000000000000004,0
2015,9,22,0,30,23.900000000000002,65.31,17,3.5,0
2015,9,22,1,30,23.400000000000002,68.28,17.2,3.5,0
2015,9,22,2,30,22.900000000000002,70.69,17.3,3.3000000000000003,0
2015,9,22,3,30,22.1,73.36,17.1,2.9000000000000004,0
2015,9,22,4,30,21.400000000000002,73.64,16.5,2.7,0
2015,9,22,5,30,20.900000000000002,72.15,15.700000000000001,2.8000000000000003,0
2015,9,22,6,30,21.1,70,15.4,3.3000000000000003,0
2015,9,22,7,30,22.700000000000003,65.96000000000001,16,4.4,134
2015,9,22,8,30,25,62.440000000000005,17.3,5.4,347
2015,9,22,9,30,27.3,52.35,16.7,5.6000000000000005,316
2015,9,22,10,30,29.200000000000003,43.93,15.700000000000001,5.5,540
2015,9,22,11,30,30.900000000000002,38.19,15,5.4,442
2015,9,22,12,30,32,34.38,14.4,5.300000000000001,571
2015,9,22,13,30,32.5,31.650000000000002,13.5,5.2,852
2015,9,22,14,30,32.6,29.61,12.600000000000001,5.1000000000000005,765
2015,9,22,15,30,32.1,28.560000000000002,11.600000000000001,5,619
2015,9,22,16,30,31,28.45,10.600000000000001,4.6000000000000005,426
2015,9,22,17,30,29.1,30.6,10.100000000000001,3.6,211
2015,9,22,18,30,27,35.35,10.4,3.1,13
2015,9,22,19,30,25.900000000000002,37.43,10.3,3.5,0
2015,9,22,20,30,25,39.97,10.5,3.7,0
2015,9,22,21,30,24.200000000000003,44.01,11.200000000000001,3.7,0
2015,9,22,22,30,23.5,48.550000000000004,12,3.5,0
2015,9,22,23,30,22.900000000000002,52.69,12.700000000000001,3.5,0
2015,9,23,0,30,22.400000000000002,55.89,13.200000000000001,3.4000000000000004,0
2015,9,23,1,30,22,58.52,13.5,3.2,0
2015,9,23,2,30,21.5,61.28,13.700000000000001,3.1,0
2015,9,23,3,30,21.1,63.84,14,3.2,0
2015,9,23,4,30,20.700000000000003,67.2,14.4,3.2,0
2015,9,23,5,30,20.3,71.55,15,3.2,0
2015,9,23,6,30,20.400000000000002,74.02,15.600000000000001,3.7,0
2015,9,23,7,30,21.700000000000003,71.25,16.3,4.7,127
2015,9,23,8,30,23.8,64.08,16.6,5.6000000000000005,336
2015,9,23,9,30,25.900000000000002,54.910000000000004,16.1,5.800000000000001,537
2015,9,23,10,30,27.6,48.54,15.8,5.9,702
2015,9,23,11,30,29.3,43.27,15.5,5.7,815
2015,9,23,12,30,30.6,39.03,15.100000000000001,5.4,875
2015,9,23,13,30,31.200000000000003,36.09,14.4,5.1000000000000005,854
2015,9,23,14,30,31.3,34.03,13.600000000000001,4.7,765
2015,9,23,15,30,30.900000000000002,33.410000000000004,13,4.3,615
2015,9,23,16,30,30,34.04,12.5,3.9000000000000004,350
2015,9,23,17,30,27.900000000000002,38.14,12.3,3.1,113
2015,9,23,18,30,25.3,47.31,13.3,2.6,9
2015,9,23,19,30,23.8,51.31,13.200000000000001,3,0
2015,9,23,20,30,22.6,56.38,13.5,3.1,0
2015,9,23,21,30,21.5,63.980000000000004,14.4,2.3000000000000003,0
2015,9,23,22,30,20.700000000000003,72.96000000000001,15.700000000000001,1.3,0
2015,9,23,23,30,20.3,77.94,16.3,1,0
2015,9,24,0,30,20.1,76.97,15.9,1.1,0
2015,9,24,1,30,19.900000000000002,74.42,15.200000000000001,1.5,0
2015,9,24,2,30,19.6,71.07000000000001,14.200000000000001,1.9000000000000001,0
2015,9,24,3,30,19.1,68.46000000000001,13.200000000000001,2.2,0
2015,9,24,4,30,18.6,65.96000000000001,12.100000000000001,2.6,0
2015,9,24,5,30,18,64.82000000000001,11.3,2.7,0
2015,9,24,6,30,18.2,64.12,11.3,2.9000000000000004,0
2015,9,24,7,30,20,58.88,11.700000000000001,3.4000000000000004,87
2015,9,24,8,30,23,51.25,12.4,4,348
2015,9,24,9,30,26,42.47,12.3,4.3,392
2015,9,24,10,30,27.900000000000002,36.62,11.700000000000001,4,612
2015,9,24,11,30,28.700000000000003,34.74,11.600000000000001,3.6,821
2015,9,24,12,30,29,34.14,11.600000000000001,3.3000000000000003,782
2015,9,24,13,30,29,34.25,11.700000000000001,3.3000000000000003,60
2015,9,24,14,30,28.8,34.93,11.8,3.3000000000000003,458
2015,9,24,15,30,28.3,36.480000000000004,12,3.2,213
2015,9,24,16,30,27.400000000000002,39.050000000000004,12.200000000000001,2.9000000000000004,53
2015,9,24,17,30,25.900000000000002,45.300000000000004,13.200000000000001,2.4000000000000004,141
2015,9,24,18,30,24.3,53.92,14.4,2.3000000000000003,7
2015,9,24,19,30,23.3,58.04,14.600000000000001,2.9000000000000004,0
2015,9,24,20,30,22.400000000000002,62.71,14.9,3.5,0
2015,9,24,21,30,21.5,68.3,15.4,3.8000000000000003,0
2015,9,24,22,30,20.700000000000003,73.73,15.8,3.9000000000000004,0
2015,9,24,23,30,20,78.4,16.1,3.9000000000000004,0
2015,9,25,0,30,19.5,81.42,16.2,3.7,0
2015,9,25,1,30,19.1,82.75,16.1,3.2,0
2015,9,25,2,30,18.900000000000002,82.59,15.9,2.5,0
2015,9,25,3,30,18.8,81.38,15.5,1.8,0
2015,9,25,4,30,18.8,79.7,15.200000000000001,1.3,0
2015,9,25,5,30,18.6,79.36,15,1.1,0
2015,9,25,6,30,19,76.60000000000001,14.8,1.4000000000000001,0
2015,9,25,7,30,20.700000000000003,69.04,14.8,2,71
2015,9,25,8,30,23.8,55.93,14.5,2.4000000000000004,133
2015,9,25,9,30,26.8,42.76,13.100000000000001,2.7,407
2015,9,25,10,30,28.700000000000003,37.29,12.700000000000001,3,707
2015,9,25,11,30,29.700000000000003,35.33,12.8,3.1,818
2015,9,25,12,30,30.3,34.05,12.700000000000001,3.2,696
2015,9,25,13,30,30.5,33.45,12.600000000000001,3.1,549
2015,9,25,14,30,30.400000000000002,33.3,12.5,2.9000000000000004,752
2015,9,25,15,30,30,33.54,12.200000000000001,2.7,605
2015,9,25,16,30,29.400000000000002,34.18,12,2.4000000000000004,413
2015,9,25,17,30,27.8,37.58,12,1.6,198
2015,9,25,18,30,26.1,49.79,14.8,0.9,9
2015,9,25,19,30,25.3,50.75,14.4,0.9,0
2015,9,25,20,30,24.5,52.89,14.3,1,0
2015,9,25,21,30,23.5,55.53,14.100000000000001,1.1,0
2015,9,25,22,30,22.5,58.15,13.9,1.2000000000000002,0
2015,9,25,23,30,21.700000000000003,60.550000000000004,13.700000000000001,1.2000000000000002,0
2015,9,26,0,30,20.900000000000002,63.47,13.700000000000001,1.1,0
2015,9,26,1,30,20.3,66.03,13.700000000000001,0.9,0
2015,9,26,2,30,19.8,68.22,13.8,0.8,0
2015,9,26,3,30,19.3,70.32000000000001,13.8,0.8,0
2015,9,26,4,30,18.7,72.71000000000001,13.700000000000001,0.8,0
2015,9,26,5,30,18.1,75.22,13.600000000000001,0.9,0
2015,9,26,6,30,18.6,72.57000000000001,13.600000000000001,1.2000000000000002,0
2015,9,26,7,30,20.900000000000002,63.28,13.700000000000001,1.8,132
2015,9,26,8,30,24.700000000000003,50.050000000000004,13.600000000000001,1.9000000000000001,349
2015,9,26,9,30,28.200000000000003,37.99,12.5,1.6,556
2015,9,26,10,30,30.200000000000003,32.09,11.700000000000001,1.3,721
2015,9,26,11,30,31.5,28.48,11,1.1,832
2015,9,26,12,30,32.300000000000004,26.29,10.5,1.1,663
2015,9,26,13,30,32.6,25.240000000000002,10.200000000000001,1.2000000000000002,850
2015,9,26,14,30,32.4,24.92,9.8,1.4000000000000001,758
2015,9,26,15,30,31.6,25.5,9.5,1.7000000000000002,604
2015,9,26,16,30,30.5,26.86,9.3,2.1,407
2015,9,26,17,30,28.6,30.86,9.8,2.2,191
2015,9,26,18,30,26.5,40.230000000000004,11.9,2.6,8
2015,9,26,19,30,25.1,43.85,11.9,3.4000000000000004,0
2015,9,26,20,30,23.8,48.71,12.4,3.4000000000000004,0
2015,9,26,21,30,22.700000000000003,54.19,13,3,0
2015,9,26,22,30,21.900000000000002,58.57,13.4,2.5,0
2015,9,26,23,30,21.200000000000003,62.01,13.600000000000001,2,0
2015,9,27,0,30,20.400000000000002,65.5,13.700000000000001,1.6,0
2015,9,27,1,30,19.8,68.13,13.8,1.4000000000000001,0
2015,9,27,2,30,19.5,69.69,13.8,1.4000000000000001,0
2015,9,27,3,30,19.3,71.12,13.9,1.5,0
2015,9,27,4,30,18.900000000000002,73.55,14.100000000000001,1.4000000000000001,0
2015,9,27,5,30,18.5,75.94,14.200000000000001,1.3,0
2015,9,27,6,30,18.6,75.84,14.3,1.7000000000000002,0
2015,9,27,7,30,20.3,68.11,14.200000000000001,2.2,125
2015,9,27,8,30,23.6,52.57,13.3,2.5,339
2015,9,27,9,30,26.8,39.1,11.700000000000001,2.5,544
2015,9,27,10,30,29,32.97,11.100000000000001,2.4000000000000004,710
2015,9,27,11,30,30.5,30.03,11,2.2,820
2015,9,27,12,30,31.6,28.05,10.9,1.9000000000000001,864
2015,9,27,13,30,32.1,27.01,10.8,1.7000000000000002,839
2015,9,27,14,30,32.2,26.57,10.600000000000001,1.7000000000000002,746
2015,9,27,15,30,31.700000000000003,27.1,10.5,1.9000000000000001,597
2015,9,27,16,30,30.8,28.3,10.4,2.4000000000000004,401
2015,9,27,17,30,28.700000000000003,32.17,10.5,2.3000000000000003,186
2015,9,27,18,30,26.5,40.57,12,2.4000000000000004,13
2015,9,27,19,30,25.3,42.4,11.600000000000001,3.2,0
2015,9,27,20,30,24.200000000000003,44.28,11.3,3.5,0
2015,9,27,21,30,23.1,46.57,11,3.6,0
2015,9,27,22,30,22.1,48.82,10.8,3.5,0
2015,9,27,23,30,21.200000000000003,51.14,10.700000000000001,3.3000000000000003,0
2015,9,28,0,30,20.400000000000002,53.42,10.600000000000001,3.1,0
2015,9,28,1,30,19.6,55.92,10.600000000000001,2.9000000000000004,0
2015,9,28,2,30,18.900000000000002,58.19,10.5,2.5,0
2015,9,28,3,30,18.2,60.67,10.5,2,0
2015,9,28,4,30,17.6,62.97,10.5,1.6,0
2015,9,28,5,30,17.2,64.48,10.4,1.3,0
2015,9,28,6,30,17.8,62.050000000000004,10.4,1.5,0
2015,9,28,7,30,20,55.2,10.700000000000001,1.9000000000000001,129
2015,9,28,8,30,23.700000000000003,44.94,11,2.3000000000000003,347
2015,9,28,9,30,27.5,34.83,10.600000000000001,2.6,554
2015,9,28,10,30,29.8,29.82,10.3,2.8000000000000003,723
2015,9,28,11,30,31.1,27.740000000000002,10.3,3.1,835
2015,9,28,12,30,32,25.830000000000002,10,3.3000000000000003,882
2015,9,28,13,30,32.5,24.490000000000002,9.600000000000001,3.3000000000000003,855
2015,9,28,14,30,32.5,23.98,9.3,3.2,762
2015,9,28,15,30,32,24.42,9.200000000000001,3.1,610
2015,9,28,16,30,31,25.92,9.200000000000001,2.9000000000000004,412
2015,9,28,17,30,28.400000000000002,30.64,9.5,2.1,192
2015,9,28,18,30,25.400000000000002,42.78,11.8,1.7000000000000002,12
2015,9,28,19,30,23.900000000000002,45.050000000000004,11.3,2.2,0
2015,9,28,20,30,23.200000000000003,45.5,10.8,2.7,0
2015,9,28,21,30,22.3,47.46,10.600000000000001,3.1,0
2015,9,28,22,30,21.400000000000002,50.19,10.600000000000001,3.1,0
2015,9,28,23,30,20.6,53.17,10.700000000000001,2.8000000000000003,0
2015,9,29,0,30,19.8,56.54,10.9,2.4000000000000004,0
2015,9,29,1,30,19.1,59.730000000000004,11.100000000000001,2,0
2015,9,29,2,30,18.5,62.550000000000004,11.200000000000001,1.7000000000000002,0
2015,9,29,3,30,17.900000000000002,65.55,11.4,1.4000000000000001,0
2015,9,29,4,30,17.400000000000002,68.33,11.5,1.2000000000000002,0
2015,9,29,5,30,16.900000000000002,71.34,11.700000000000001,1.1,0
2015,9,29,6,30,17.400000000000002,69.87,11.8,1.2000000000000002,0
2015,9,29,7,30,19.5,62.36,12.100000000000001,1.4000000000000001,128
2015,9,29,8,30,23.200000000000003,50.85,12.5,1.8,347
2015,9,29,9,30,27,38.24,11.600000000000001,2.5,554
2015,9,29,10,30,29.200000000000003,31.53,10.600000000000001,3.1,720
2015,9,29,11,30,30.5,28.97,10.4,3.6,829
2015,9,29,12,30,31.400000000000002,26.79,10,3.9000000000000004,871
2015,9,29,13,30,31.900000000000002,25.13,9.5,3.9000000000000004,844
2015,9,29,14,30,31.900000000000002,24.53,9.200000000000001,3.8000000000000003,752
2015,9,29,15,30,31.5,24.67,8.9,3.6,599
2015,9,29,16,30,30.5,25.45,8.5,3.3000000000000003,404
2015,9,29,17,30,27.700000000000003,29.62,8.4,2.3000000000000003,186
2015,9,29,18,30,24.6,41.45,10.600000000000001,1.5,0
2015,9,29,19,30,23,44.09,10.100000000000001,1.7000000000000002,0
2015,9,29,20,30,22.1,45.08,9.600000000000001,2,0
2015,9,29,21,30,21.3,46.5,9.4,2.3000000000000003,0
2015,9,29,22,30,20.5,48.86,9.4,2.5,0
2015,9,29,23,30,19.900000000000002,51.89,9.700000000000001,2.6,0
2015,9,30,0,30,19.3,55.68,10.200000000000001,2.6,0
2015,9,30,1,30,18.7,59.61,10.700000000000001,2.3000000000000003,0
2015,9,30,2,30,18,63.63,11,1.8,0
2015,9,30,3,30,17.400000000000002,67.07000000000001,11.200000000000001,1.4000000000000001,0
2015,9,30,4,30,16.900000000000002,70.09,11.4,1.1,0
2015,9,30,5,30,16.5,72.87,11.600000000000001,1,0
2015,9,30,6,30,17.1,70.96000000000001,11.8,1.1,0
2015,9,30,7,30,19.3,62.92,12.100000000000001,1.5,122
2015,9,30,8,30,23.1,50.93,12.4,2.1,336
2015,9,30,9,30,26.700000000000003,39.72,11.9,2.5,540
2015,9,30,10,30,28.700000000000003,33.46,11.100000000000001,2.4000000000000004,704
2015,9,30,11,30,30.200000000000003,30.03,10.700000000000001,2.2,813
2015,9,30,12,30,31.400000000000002,27.47,10.4,2.1,858
2015,9,30,13,30,32.2,25.71,10.100000000000001,2.1,833
2015,9,30,14,30,32.5,24.740000000000002,9.8,2.2,741
2015,9,30,15,30,32.300000000000004,24.6,9.5,2.4000000000000004,588
2015,9,30,16,30,31.400000000000002,25.73,9.4,2.4000000000000004,393
2015,9,30,17,30,28.8,30.5,9.8,1.9000000000000001,177
2015,9,30,18,30,25.900000000000002,42.89,12.3,1.6,0
2015,9,30,19,30,24.8,44.47,11.9,2.2,0
2015,9,30,20,30,24.5,45.11,11.8,2.9000000000000004,0
2015,9,30,21,30,23.8,47.58,12,3.4000000000000004,0
2015,9,30,22,30,22.8,51.61,12.3,3.3000000000000003,0
2015,9,30,23,30,22,55.08,12.600000000000001,3.1,0
2015,10,1,0,30,21.200000000000003,58.38,12.700000000000001,2.9000000000000004,0
2015,10,1,1,30,20.5,61.29,12.8,2.5,0
2015,10,1,2,30,19.900000000000002,63.84,12.9,2.1,0
2015,10,1,3,30,19.3,66.49,12.9,1.8,0
2015,10,1,4,30,18.900000000000002,68.38,13,1.8,0
2015,10,1,5,30,18.6,69.82000000000001,13,1.8,0
2015,10,1,6,30,19,68.02,13,2.2,0
2015,10,1,7,30,20.700000000000003,60.95,12.9,2.8000000000000003,114
2015,10,1,8,30,24.200000000000003,49.52,13,3.6,322
2015,10,1,9,30,27.900000000000002,39.09,12.700000000000001,4.3,523
2015,10,1,10,30,30.400000000000002,33.78,12.700000000000001,4.1000000000000005,514
2015,10,1,11,30,32.1,30.34,12.5,3.6,792
2015,10,1,12,30,33.2,27.95,12.200000000000001,3.2,831
2015,10,1,13,30,33.9,26.18,11.8,2.9000000000000004,803
2015,10,1,14,30,34.1,25.23,11.4,2.7,711
2015,10,1,15,30,33.9,24.990000000000002,11.100000000000001,2.7,562
2015,10,1,16,30,32.9,26.060000000000002,10.9,2.6,370
2015,10,1,17,30,30.1,31.23,11.200000000000001,2,162
2015,10,1,18,30,27.200000000000003,42.19,13.200000000000001,1.9000000000000001,0
2015,10,1,19,30,26.200000000000003,42.14,12.3,2.6,0
2015,10,1,20,30,25.5,42.58,11.9,3.4000000000000004,0
2015,10,1,21,30,24.6,44.74,11.8,4,0
2015,10,1,22,30,23.6,47.97,11.9,4.1000000000000005,0
2015,10,1,23,30,22.6,51.38,12.100000000000001,4,0
2015,10,2,0,30,21.8,54.43,12.200000000000001,3.7,0
2015,10,2,1,30,21.1,57.39,12.4,3.6,0
2015,10,2,2,30,20.5,60.18,12.5,3.4000000000000004,0
2015,10,2,3,30,19.900000000000002,63,12.600000000000001,3.2,0
2015,10,2,4,30,19.3,66.02,12.8,3.2,0
2015,10,2,5,30,18.7,69.37,13,3.2,0
2015,10,2,6,30,18.400000000000002,71.87,13.200000000000001,3.5,0
2015,10,2,7,30,19.400000000000002,68.65,13.5,4.4,105
2015,10,2,8,30,21.6,59.15,13.3,5.1000000000000005,308
2015,10,2,9,30,24,49.54,12.8,5.2,505
2015,10,2,10,30,26,43.47,12.600000000000001,5.1000000000000005,666
2015,10,2,11,30,27.700000000000003,39.35,12.600000000000001,5,760
2015,10,2,12,30,29.1,36.4,12.700000000000001,4.9,672
2015,10,2,13,30,29.8,35.04,12.700000000000001,4.7,753
2015,10,2,14,30,30,34.68,12.700000000000001,4.5,564
2015,10,2,15,30,29.8,34.9,12.700000000000001,4.5,552
2015,10,2,16,30,29,36,12.4,4.6000000000000005,321
2015,10,2,17,30,27.200000000000003,39.4,12.200000000000001,4.2,155
2015,10,2,18,30,25.3,43.89,12.100000000000001,4,0
2015,10,2,19,30,24,46.53,11.8,4.3,0
2015,10,2,20,30,22.900000000000002,48.86,11.600000000000001,4.4,0
2015,10,2,21,30,21.700000000000003,52.34,11.5,4.2,0
2015,10,2,22,30,20.700000000000003,55.660000000000004,11.5,4,0
2015,10,2,23,30,20,57.44,11.3,3.8000000000000003,0
2015,10,3,0,30,19.3,58.300000000000004,10.9,3.7,0
2015,10,3,1,30,18.8,57.51,10.200000000000001,3.6,0
2015,10,3,2,30,18.3,56.74,9.600000000000001,3.4000000000000004,0
2015,10,3,3,30,17.8,56.27,9,3.2,0
2015,10,3,4,30,17.400000000000002,55.6,8.4,3.1,0
2015,10,3,5,30,16.900000000000002,55.27,7.9,3.1,0
2015,10,3,6,30,16.6,54.52,7.4,3.2,0
2015,10,3,7,30,17.6,50.120000000000005,7.1000000000000005,3.9000000000000004,36
2015,10,3,8,30,20,40.72,6.2,4.7,90
2015,10,3,9,30,22.6,35.19,6.4,5.1000000000000005,320
2015,10,3,10,30,24.900000000000002,34.550000000000004,8.200000000000001,4.9,556
2015,10,3,11,30,26.8,34.480000000000004,9.8,4.6000000000000005,555
2015,10,3,12,30,28,34.78,11,4.5,818
2015,10,3,13,30,28.5,35.38,11.700000000000001,4.5,739
2015,10,3,14,30,28.5,36.1,12,4.5,607
2015,10,3,15,30,28.3,36.26,11.9,4.4,540
2015,10,3,16,30,27.8,36.27,11.5,4.2,190
2015,10,3,17,30,26.3,38.44,11,3.8000000000000003,148
2015,10,3,18,30,24.5,40.910000000000004,10.4,4.2,0
2015,10,3,19,30,23.200000000000003,40.72,9.1,4.9,0
2015,10,3,20,30,21.900000000000002,41.27,8.200000000000001,5,0
2015,10,3,21,30,20.6,42.67,7.5,4.5,0
2015,10,3,22,30,19.400000000000002,44.35,6.9,3.8000000000000003,0
2015,10,3,23,30,18.400000000000002,46.17,6.6000000000000005,3.3000000000000003,0
2015,10,4,0,30,17.6,47.7,6.4,3.3000000000000003,0
2015,10,4,1,30,16.8,49.730000000000004,6.2,3.5,0
2015,10,4,2,30,16,52.29,6.2,3.6,0
2015,10,4,3,30,15.3,55.15,6.300000000000001,3.6,0
2015,10,4,4,30,14.700000000000001,58.39,6.6000000000000005,3.3000000000000003,0
2015,10,4,5,30,14.600000000000001,59.33,6.800000000000001,3.2,0
2015,10,4,6,30,14.8,57.33,6.4,3.3000000000000003,0
2015,10,4,7,30,15.700000000000001,52.94,6.1000000000000005,3.6,29
2015,10,4,8,30,17.400000000000002,45.45,5.5,3.9000000000000004,110
2015,10,4,9,30,19.900000000000002,37.46,5,4.2,96
2015,10,4,10,30,22.400000000000002,31.970000000000002,4.9,4.4,63
2015,10,4,11,30,23.6,31.18,5.6000000000000005,4.2,131
2015,10,4,12,30,23.6,34,6.800000000000001,3.9000000000000004,71
2015,10,4,13,30,23.5,36.75,7.9,3.6,184
2015,10,4,14,30,23.200000000000003,39.01,8.5,3.3000000000000003,267
2015,10,4,15,30,22.6,41.24,8.8,2.9000000000000004,224
2015,10,4,16,30,21.400000000000002,45.72,9.200000000000001,2.3000000000000003,210
2015,10,4,17,30,19.8,57.300000000000004,11.100000000000001,1.8,88
2015,10,4,18,30,18.5,64.51,11.700000000000001,1.9000000000000001,0
2015,10,4,19,30,18,63.02,10.9,2.3000000000000003,0
2015,10,4,20,30,17.7,61.550000000000004,10.200000000000001,2.5,0
2015,10,4,21,30,17.6,59.800000000000004,9.700000000000001,2.6,0
2015,10,4,22,30,17.400000000000002,58.89,9.3,2.5,0
2015,10,4,23,30,17.2,59.22,9.200000000000001,2.5,0
2015,10,5,0,30,16.900000000000002,59.67,9,2.4000000000000004,0
2015,10,5,1,30,16.6,60.68,9,2.4000000000000004,0
2015,10,5,2,30,16.2,62.53,9,2.5,0
2015,10,5,3,30,15.8,65.92,9.4,2.5,0
2015,10,5,4,30,15.4,70.10000000000001,10,2.5,0
2015,10,5,5,30,15.100000000000001,73.94,10.5,2.5,0
2015,10,5,6,30,15.100000000000001,76.21000000000001,10.9,2.6,0
2015,10,5,7,30,15.600000000000001,75.57000000000001,11.3,2.8000000000000003,18
2015,10,5,8,30,16.7,71.22,11.5,3.2,59
2015,10,5,9,30,18,64.33,11.200000000000001,3.4000000000000004,121
2015,10,5,10,30,19.400000000000002,57.42,10.8,3.5,129
2015,10,5,11,30,20.900000000000002,51.59,10.600000000000001,3.4000000000000004,165
2015,10,5,12,30,22.400000000000002,46.7,10.4,3.2,171
2015,10,5,13,30,23.700000000000003,43.07,10.4,3,174
2015,10,5,14,30,24.5,41.19,10.5,2.8000000000000003,283
2015,10,5,15,30,24.900000000000002,40.18,10.4,2.6,484
2015,10,5,16,30,24.6,40.62,10.3,2.5,363
2015,10,5,17,30,22.5,45.94,10.3,2,152
2015,10,5,18,30,20.1,56.71,11.200000000000001,1.7000000000000002,0
2015,10,5,19,30,19,58.01,10.600000000000001,2.1,0
2015,10,5,20,30,18.400000000000002,59.01,10.200000000000001,2.4000000000000004,0
2015,10,5,21,30,17.8,60.76,10.100000000000001,2.5,0
2015,10,5,22,30,17.1,63.32,10.100000000000001,2.5,0
2015,10,5,23,30,16.3,66.31,10,2.3000000000000003,0
2015,10,6,0,30,15.5,69.42,9.9,1.9000000000000001,0
2015,10,6,1,30,14.8,72.16,9.8,1.7000000000000002,0
2015,10,6,2,30,14.200000000000001,74.79,9.8,1.5,0
2015,10,6,3,30,13.700000000000001,76.91,9.700000000000001,1.4000000000000001,0
2015,10,6,4,30,13.200000000000001,78.94,9.600000000000001,1.2000000000000002,0
2015,10,6,5,30,12.9,80.08,9.5,1.1,0
2015,10,6,6,30,13.3,77.49,9.4,1.3,0
2015,10,6,7,30,15.3,67.84,9.4,1.8,108
2015,10,6,8,30,19,54.06,9.5,2.5,319
2015,10,6,9,30,22.900000000000002,41.24,9,3,522
2015,10,6,10,30,25.5,36.4,9.5,2.9000000000000004,685
2015,10,6,11,30,27.400000000000002,33.94,10.100000000000001,2.8000000000000003,794
2015,10,6,12,30,28.700000000000003,32.12,10.4,2.8000000000000003,832
2015,10,6,13,30,29.5,30.69,10.4,2.7,805
2015,10,6,14,30,29.900000000000002,29.72,10.3,2.6,712
2015,10,6,15,30,29.700000000000003,29.61,10.100000000000001,2.6,560
2015,10,6,16,30,28.8,30.68,9.8,2.4000000000000004,363
2015,10,6,17,30,26.200000000000003,36.65,10.200000000000001,1.8,150
2015,10,6,18,30,23.5,48.32,12,1.6,0
2015,10,6,19,30,22.5,48.43,11.100000000000001,2.2,0
2015,10,6,20,30,21.8,49.02,10.600000000000001,2.8000000000000003,0
2015,10,6,21,30,21.1,50.38,10.4,3.3000000000000003,0
2015,10,6,22,30,20.3,52.54,10.3,3.7,0
2015,10,6,23,30,19.5,54.97,10.200000000000001,3.7,0
2015,10,7,0,30,18.5,58.54,10.200000000000001,2.9000000000000004,0
2015,10,7,1,30,17.7,61.75,10.3,2.2,0
2015,10,7,2,30,17.1,64.01,10.200000000000001,1.9000000000000001,0
2015,10,7,3,30,16.7,65.71000000000001,10.200000000000001,1.7000000000000002,0
2015,10,7,4,30,16.3,67.57000000000001,10.3,1.3,0
2015,10,7,5,30,16.1,68.52,10.3,1,0
2015,10,7,6,30,16.6,66.97,10.4,0.6000000000000001,0
2015,10,7,7,30,18.3,62.22,10.9,0.6000000000000001,31
2015,10,7,8,30,20.900000000000002,53.81,11.200000000000001,1.5,84
2015,10,7,9,30,23.8,46.79,11.700000000000001,2.6,250
2015,10,7,10,30,25.900000000000002,43.69,12.600000000000001,2.8000000000000003,376
2015,10,7,11,30,27.3,41.79,13.200000000000001,3,472
2015,10,7,12,30,28.3,39.47,13.200000000000001,3.5,677
2015,10,7,13,30,28.900000000000002,37.08,12.8,4,793
2015,10,7,14,30,29.200000000000003,35.13,12.200000000000001,4.4,264
2015,10,7,15,30,28.900000000000002,34.63,11.700000000000001,4.6000000000000005,306
2015,10,7,16,30,27.900000000000002,36.21,11.5,4.4,258
2015,10,7,17,30,26.1,41.19,11.9,4.5,99
2015,10,7,18,30,24.1,46.160000000000004,11.8,4.7,0
2015,10,7,19,30,22.200000000000003,51.36,11.700000000000001,4.3,0
2015,10,7,20,30,20.3,59.39,12.100000000000001,3.5,0
2015,10,7,21,30,18.7,69.72,13.100000000000001,2.8000000000000003,0
2015,10,7,22,30,17.900000000000002,76.14,13.600000000000001,2.1,0
2015,10,7,23,30,17.6,79.19,14,1.8,0
2015,10,8,0,30,17.6,78.61,13.8,2.1,0
2015,10,8,1,30,17.8,75.59,13.4,2.6,0
2015,10,8,2,30,17.7,75.69,13.4,2.7,0
2015,10,8,3,30,17.3,79.36,13.700000000000001,2.2,0
2015,10,8,4,30,16.900000000000002,84.42,14.3,1.7000000000000002,0
2015,10,8,5,30,16.7,89.81,15,1.6,0
2015,10,8,6,30,16.8,92.56,15.600000000000001,1.7000000000000002,0
2015,10,8,7,30,17.6,89.84,15.9,1.8,54
2015,10,8,8,30,19.1,84.98,16.5,1.9000000000000001,21
2015,10,8,9,30,20.6,82.2,17.5,2,70
2015,10,8,10,30,21.700000000000003,77.85000000000001,17.7,2,15
2015,10,8,11,30,22.5,73.56,17.5,1.9000000000000001,137
2015,10,8,12,30,23.3,69.76,17.5,2.2,99
2015,10,8,13,30,23.5,68.93,17.5,2.9000000000000004,94
2015,10,8,14,30,23,70.97,17.5,3.7,304
2015,10,8,15,30,22.400000000000002,73.4,17.400000000000002,4.4,361
2015,10,8,16,30,21.6,76.45,17.3,4.4,110
2015,10,8,17,30,20.5,81.09,17.1,3.6,65
2015,10,8,18,30,19.1,88.46000000000001,17.1,2.5,0
2015,10,8,19,30,18.400000000000002,92.08,17.1,1.9000000000000001,0
2015,10,8,20,30,18.2,92.89,17,1.6,0
2015,10,8,21,30,18,94.11,17,1.6,0
2015,10,8,22,30,17.6,95.56,16.900000000000002,1.5,0
2015,10,8,23,30,17.3,96.86,16.8,1.2000000000000002,0
2015,10,9,0,30,17.1,97.24000000000001,16.7,1,0
2015,10,9,1,30,16.900000000000002,97.27,16.5,1.1,0
2015,10,9,2,30,16.6,98.05,16.3,1.1,0
2015,10,9,3,30,16.2,99.52,16.1,0.9,0
2015,10,9,4,30,16,99.36,15.9,1.1,0
2015,10,9,5,30,16,99.08,15.9,1.9000000000000001,0
2015,10,9,6,30,16.3,97.07000000000001,15.8,2.7,0
2015,10,9,7,30,17.3,91.48,15.9,3.1,44
2015,10,9,8,30,19.6,82.05,16.5,3.3000000000000003,239
2015,10,9,9,30,22.3,68.41,16.2,3.5,417
2015,10,9,10,30,24.400000000000002,55.74,15,3.7,546
2015,10,9,11,30,25.8,50.47,14.700000000000001,3.8000000000000003,759
2015,10,9,12,30,26.700000000000003,48.13,14.8,3.8000000000000003,805
2015,10,9,13,30,27.1,47.51,15,3.8000000000000003,771
2015,10,9,14,30,26.8,48.72,15.100000000000001,3.9000000000000004,491
2015,10,9,15,30,25.8,52.28,15.3,4.1000000000000005,250
2015,10,9,16,30,24.400000000000002,58.25,15.700000000000001,4.1000000000000005,56
2015,10,9,17,30,22.700000000000003,66.2,16.1,3.5,27
2015,10,9,18,30,21.200000000000003,73.89,16.400000000000002,2.8000000000000003,0
2015,10,9,19,30,20.1,78.09,16.2,2.5,0
2015,10,9,20,30,19.3,79.99,15.8,2.4000000000000004,0
2015,10,9,21,30,18.6,80.98,15.3,2.4000000000000004,0
2015,10,9,22,30,17.900000000000002,82.47,14.9,2.4000000000000004,0
2015,10,9,23,30,17.2,85,14.700000000000001,2.1,0
2015,10,10,0,30,16.6,88.08,14.600000000000001,1.8,0
2015,10,10,1,30,16,91.84,14.700000000000001,1.4000000000000001,0
2015,10,10,2,30,15.600000000000001,94.59,14.700000000000001,1,0
2015,10,10,3,30,15.3,96.79,14.8,0.7000000000000001,0
2015,10,10,4,30,15.100000000000001,98.21000000000001,14.8,0.6000000000000001,0
2015,10,10,5,30,14.9,99.35000000000001,14.8,0.6000000000000001,0
2015,10,10,6,30,15,98.24000000000001,14.700000000000001,0.8,0
2015,10,10,7,30,16.6,88.44,14.700000000000001,1,43
2015,10,10,8,30,19.700000000000003,73.77,14.9,0.6000000000000001,53
2015,10,10,9,30,22.6,62.26,15,0.5,158
2015,10,10,10,30,24.6,55.38,15.100000000000001,0.7000000000000001,283
2015,10,10,11,30,26.1,50.800000000000004,15.100000000000001,0.8,226
2015,10,10,12,30,27.1,47.58,15,1,522
2015,10,10,13,30,27.700000000000003,45.480000000000004,14.9,1.4000000000000001,545
2015,10,10,14,30,27.8,44.78,14.700000000000001,1.8,658
2015,10,10,15,30,27.5,45.19,14.600000000000001,2,507
2015,10,10,16,30,26.700000000000003,46.92,14.4,1.9000000000000001,334
2015,10,10,17,30,24.6,53.72,14.600000000000001,1.3,128
2015,10,10,18,30,22.200000000000003,66.9,15.8,1,0
2015,10,10,19,30,21,68.85000000000001,15.100000000000001,1.2000000000000002,0
2015,10,10,20,30,20.400000000000002,70.23,14.8,1.7000000000000002,0
2015,10,10,21,30,20,71.46000000000001,14.700000000000001,2.2,0
2015,10,10,22,30,19.700000000000003,72.99,14.700000000000001,2.8000000000000003,0
2015,10,10,23,30,19.3,76,15,3.1,0
2015,10,11,0,30,18.900000000000002,79.91,15.4,3.2,0
2015,10,11,1,30,18.5,83.94,15.700000000000001,3.3000000000000003,0
2015,10,11,2,30,18.2,87.08,16,3.3000000000000003,0
2015,10,11,3,30,17.8,90.24,16.2,3.3000000000000003,0
2015,10,11,4,30,17.400000000000002,92.81,16.2,3.2,0
2015,10,11,5,30,17,94.96000000000001,16.2,3.1,0
2015,10,11,6,30,17,94.37,16.1,3.3000000000000003,0
2015,10,11,7,30,18.6,84.58,16,3.8000000000000003,98
2015,10,11,8,30,21.8,68.71000000000001,15.8,4.3,308
2015,10,11,9,30,25.6,52.89,15.3,5,509
2015,10,11,10,30,28.700000000000003,41.59,14.4,5.6000000000000005,671
2015,10,11,11,30,30.700000000000003,35.45,13.700000000000001,5.7,776
2015,10,11,12,30,31.900000000000002,32.6,13.4,5.6000000000000005,816
2015,10,11,13,30,32.7,30.98,13.4,5.4,767
2015,10,11,14,30,33,30.25,13.3,5.300000000000001,691
2015,10,11,15,30,32.6,30.560000000000002,13.100000000000001,5.2,537
2015,10,11,16,30,31.3,32.89,13.100000000000001,4.4,341
2015,10,11,17,30,28.400000000000002,41.11,13.9,3.1,130
2015,10,11,18,30,26,49.01,14.5,2.8000000000000003,0
2015,10,11,19,30,25.3,49.81,14.100000000000001,3.4000000000000004,0
2015,10,11,20,30,24.8,50.81,13.9,3.8000000000000003,0
2015,10,11,21,30,24,53.31,13.9,4,0
2015,10,11,22,30,23.3,55.82,14,4,0
2015,10,11,23,30,22.3,59.17,13.9,3.9000000000000004,0
2015,10,12,0,30,21.3,62.18,13.8,3.5,0
2015,10,12,1,30,20.3,64.28,13.3,3.1,0
2015,10,12,2,30,19.8,63.93,12.8,3,0
2015,10,12,3,30,19.5,62.52,12.200000000000001,3.2,0
2015,10,12,4,30,19,62.06,11.600000000000001,3.3000000000000003,0
2015,10,12,5,30,18.400000000000002,62.51,11.100000000000001,3.4000000000000004,0
2015,10,12,6,30,18.2,62.26,10.9,3.6,0
2015,10,12,7,30,19.3,58.28,10.9,3.8000000000000003,99
2015,10,12,8,30,22.200000000000003,49.57,11.200000000000001,4.6000000000000005,309
2015,10,12,9,30,25.1,40.02,10.600000000000001,6.1000000000000005,508
2015,10,12,10,30,27.1,34.25,10,7.2,668
2015,10,12,11,30,28.6,29.32,9,7.5,774
2015,10,12,12,30,29.8,24.52,7.4,7.5,815
2015,10,12,13,30,30.5,21.080000000000002,5.800000000000001,7.300000000000001,788
2015,10,12,14,30,30.6,19.32,4.6000000000000005,7,693
2015,10,12,15,30,29.900000000000002,19.07,3.8000000000000003,6.7,540
2015,10,12,16,30,28.3,20.22,3.3000000000000003,5.7,341
2015,10,12,17,30,25.200000000000003,24.830000000000002,3.7,3.8000000000000003,128
2015,10,12,18,30,22.200000000000003,33.08,5.2,2.7,0
2015,10,12,19,30,20.8,36.04,5.2,2.4000000000000004,0
2015,10,12,20,30,19.6,38.74,5.2,2.2,0
2015,10,12,21,30,18.3,41.35,4.9,2.1,0
2015,10,12,22,30,17.2,42.35,4.3,2.1,0
2015,10,12,23,30,16.5,41.93,3.5,2.3000000000000003,0
2015,10,13,0,30,15.9,41.15,2.7,2.5,0
2015,10,13,1,30,15.200000000000001,40.95,2,2.7,0
2015,10,13,2,30,14.4,41.7,1.5,2.6,0
2015,10,13,3,30,13.700000000000001,43.39,1.5,2.2,0
2015,10,13,4,30,13.100000000000001,46.11,1.8,1.8,0
2015,10,13,5,30,12.8,48.13,2.1,1.4000000000000001,0
2015,10,13,6,30,13.200000000000001,47.49,2.3000000000000003,1.2000000000000002,0
2015,10,13,7,30,15.700000000000001,43.83,3.4000000000000004,1.5,101
2015,10,13,8,30,19.3,31.16,1.8,2,316
2015,10,13,9,30,23.200000000000003,23.81,1.4000000000000001,2.2,521
2015,10,13,10,30,26.400000000000002,16.16,-1.3,2.2,685
2015,10,13,11,30,28.200000000000003,14.27,-1.6,1.8,792
2015,10,13,12,30,29.400000000000002,13.58,-1.3,1.5,828
2015,10,13,13,30,30.1,13.27,-1.1,1.4000000000000001,798
2015,10,13,14,30,30.400000000000002,13.450000000000001,-0.6000000000000001,1.4000000000000001,699
2015,10,13,15,30,30.1,14.26,-0.1,1.6,542
2015,10,13,16,30,28.8,16.04,0.5,1.3,342
2015,10,13,17,30,25.700000000000003,29.990000000000002,6.800000000000001,1.1,127
2015,10,13,18,30,22.700000000000003,38.19,7.7,1.2000000000000002,0
2015,10,13,19,30,21.1,38.300000000000004,6.300000000000001,1.3,0
2015,10,13,20,30,19.8,40.02,5.800000000000001,1.4000000000000001,0
2015,10,13,21,30,18.8,40.83,5.2,1.6,0
2015,10,13,22,30,18,41.34,4.7,1.8,0
2015,10,13,23,30,17.2,42.78,4.4,1.9000000000000001,0
2015,10,14,0,30,16.5,45.02,4.5,1.9000000000000001,0
2015,10,14,1,30,15.8,48.1,4.800000000000001,1.9000000000000001,0
2015,10,14,2,30,15.200000000000001,51.38,5.2,1.8,0
2015,10,14,3,30,14.700000000000001,54.68,5.7,1.7000000000000002,0
2015,10,14,4,30,14.3,57.81,6.1000000000000005,1.5,0
2015,10,14,5,30,14,60.51,6.5,1.5,0
2015,10,14,6,30,14.4,60.550000000000004,6.9,1.6,0
2015,10,14,7,30,16.8,54.95,7.7,2.5,96
2015,10,14,8,30,20.5,45.67,8.4,3.2,307
2015,10,14,9,30,24.700000000000003,37.68,9.3,3.5,511
2015,10,14,10,30,28.400000000000002,30.37,9.3,4,672
2015,10,14,11,30,30.6,26.55,9.200000000000001,4.1000000000000005,777
2015,10,14,12,30,32,24.95,9.5,4,818
2015,10,14,13,30,32.800000000000004,23.990000000000002,9.600000000000001,3.8000000000000003,787
2015,10,14,14,30,33,23.46,9.4,3.7,689
2015,10,14,15,30,32.6,23.63,9.200000000000001,3.6,530
2015,10,14,16,30,30.900000000000002,26.17,9.3,2.9000000000000004,332
2015,10,14,17,30,27.3,38.67,12,2,119
2015,10,14,18,30,24.400000000000002,46.99,12.4,2.3000000000000003,0
2015,10,14,19,30,23.5,49.34,12.3,3.1,0
2015,10,14,20,30,22.8,53.51,12.9,3.8000000000000003,0
2015,10,14,21,30,21.900000000000002,58.64,13.4,4.2,0
2015,10,14,22,30,20.900000000000002,64.05,13.8,4.2,0
2015,10,14,23,30,20,68.98,14.100000000000001,4,0
2015,10,15,0,30,19.400000000000002,73.03,14.4,3.9000000000000004,0
2015,10,15,1,30,19,76.18,14.700000000000001,3.8000000000000003,0
2015,10,15,2,30,18.7,77.89,14.8,3.6,0
2015,10,15,3,30,18.3,78.7,14.5,3.2,0
2015,10,15,4,30,17.8,79.32000000000001,14.200000000000001,2.9000000000000004,0
2015,10,15,5,30,17.3,81,14,2.7,0
2015,10,15,6,30,17.3,81.8,14.200000000000001,2.9000000000000004,0
2015,10,15,7,30,18.5,77.8,14.600000000000001,3.4000000000000004,90
2015,10,15,8,30,21.200000000000003,68.02,15.100000000000001,4,300
2015,10,15,9,30,24.700000000000003,58.1,15.9,4.7,502
2015,10,15,10,30,28,47.53,15.8,5.1000000000000005,665
2015,10,15,11,30,30.5,37.79,14.5,4.9,771
2015,10,15,12,30,32.1,31.900000000000002,13.3,4.6000000000000005,778
2015,10,15,13,30,32.7,28.67,12.200000000000001,4.4,615
2015,10,15,14,30,32.7,26.87,11.200000000000001,4.2,526
2015,10,15,15,30,32.1,26.310000000000002,10.4,4.1000000000000005,382
2015,10,15,16,30,30.400000000000002,28.35,10,3.3000000000000003,325
2015,10,15,17,30,27.1,38.06,11.600000000000001,2.4000000000000004,114
2015,10,15,18,30,24.400000000000002,47.68,12.600000000000001,2.4000000000000004,0
2015,10,15,19,30,23.400000000000002,51.38,12.8,2.9000000000000004,0
2015,10,15,20,30,22.5,56.11,13.3,3.2,0
2015,10,15,21,30,21.400000000000002,61.42,13.700000000000001,3.2,0
2015,10,15,22,30,20.3,66.49,13.9,3,0
2015,10,15,23,30,19.200000000000003,71.9,14,2.7,0
2015,10,16,0,30,18.2,77.35000000000001,14.200000000000001,2.3000000000000003,0
2015,10,16,1,30,17.3,82.39,14.3,1.9000000000000001,0
2015,10,16,2,30,16.6,86.28,14.3,1.4000000000000001,0
2015,10,16,3,30,16.1,89.28,14.3,0.8,0
2015,10,16,4,30,15.9,90.89,14.4,0.8,0
2015,10,16,5,30,15.8,91.42,14.4,2,0
2015,10,16,6,30,15.8,89.87,14.100000000000001,3.4000000000000004,0
2015,10,16,7,30,17,81.83,13.9,4.5,80
2015,10,16,8,30,19.3,69.12,13.5,5.300000000000001,125
2015,10,16,9,30,21.400000000000002,59.26,13.100000000000001,5.4,175
2015,10,16,10,30,23,52.14,12.700000000000001,5.4,421
2015,10,16,11,30,24.200000000000003,46.14,11.9,5.4,471
2015,10,16,12,30,25.200000000000003,41.34,11.100000000000001,5.4,714
2015,10,16,13,30,25.700000000000003,38.38,10.5,5.300000000000001,763
2015,10,16,14,30,25.700000000000003,37.04,9.9,5.1000000000000005,619
2015,10,16,15,30,25.200000000000003,36.95,9.5,4.9,514
2015,10,16,16,30,24.200000000000003,38.050000000000004,9,4.4,222
2015,10,16,17,30,22.200000000000003,42.58,8.9,3.5,79
2015,10,16,18,30,20.3,49.14,9.3,3.2,0
2015,10,16,19,30,19,53.33,9.3,3.4000000000000004,0
2015,10,16,20,30,17.900000000000002,57.51,9.4,3.5,0
2015,10,16,21,30,17,61.31,9.5,3.4000000000000004,0
2015,10,16,22,30,16.1,65.39,9.600000000000001,3.3000000000000003,0
2015,10,16,23,30,15.3,69.27,9.700000000000001,3.2,0
2015,10,17,0,30,14.700000000000001,72.29,9.8,3.1,0
2015,10,17,1,30,14.200000000000001,74.78,9.8,3.1,0
2015,10,17,2,30,14,74.91,9.600000000000001,3.2,0
2015,10,17,3,30,13.700000000000001,75.56,9.5,3,0
2015,10,17,4,30,13.5,76.29,9.4,2.6,0
2015,10,17,5,30,13.200000000000001,77.76,9.4,2.1,0
2015,10,17,6,30,13.100000000000001,78.25,9.4,2,0
2015,10,17,7,30,14.200000000000001,72.83,9.4,2.3000000000000003,53
2015,10,17,8,30,17,61.1,9.4,2.6,288
2015,10,17,9,30,20.5,51.63,10.200000000000001,3,493
2015,10,17,10,30,23.6,43.07,10.3,3.8000000000000003,656
2015,10,17,11,30,25.700000000000003,34.57,8.9,4.5,761
2015,10,17,12,30,26.900000000000002,30.32,8,4.9,800
2015,10,17,13,30,27.400000000000002,28.85,7.7,5,765
2015,10,17,14,30,27.5,28.560000000000002,7.7,5.1000000000000005,564
2015,10,17,15,30,27,29.55,7.7,5,511
2015,10,17,16,30,25.8,31.88,7.800000000000001,4.5,288
2015,10,17,17,30,23.3,37.75,8.1,3.2,103
2015,10,17,18,30,20.900000000000002,46.12,8.9,2.3000000000000003,0
2015,10,17,19,30,19.700000000000003,49.550000000000004,8.9,2.4000000000000004,0
2015,10,17,20,30,18.8,52.370000000000005,8.8,2.7,0
2015,10,17,21,30,18,55.43,8.9,2.8000000000000003,0
2015,10,17,22,30,17.1,59.58,9.200000000000001,2.5,0
2015,10,17,23,30,16.2,64.2,9.4,2.1,0
2015,10,18,0,30,15.5,68.19,9.700000000000001,1.9000000000000001,0
2015,10,18,1,30,14.9,71.54,9.8,2,0
2015,10,18,2,30,14.8,71.91,9.8,2.6,0
2015,10,18,3,30,14.8,69.83,9.3,3.3000000000000003,0
2015,10,18,4,30,14.700000000000001,67.07000000000001,8.700000000000001,3.4000000000000004,0
2015,10,18,5,30,14.5,66.46000000000001,8.3,3.3000000000000003,0
2015,10,18,6,30,14.3,69.11,8.700000000000001,3.3000000000000003,0
2015,10,18,7,30,15.5,67.5,9.5,4.1000000000000005,76
2015,10,18,8,30,17.900000000000002,63.050000000000004,10.8,5.4,275
2015,10,18,9,30,20.3,53.47,10.5,6.2,472
2015,10,18,10,30,22.400000000000002,42.95,9.200000000000001,6.4,631
2015,10,18,11,30,24,36.910000000000004,8.4,6.4,733
2015,10,18,12,30,25.3,32.85,7.800000000000001,6.4,520
2015,10,18,13,30,26.1,30.28,7.300000000000001,6.4,738
2015,10,18,14,30,26.3,28.990000000000002,6.800000000000001,6.4,639
2015,10,18,15,30,25.900000000000002,28.55,6.300000000000001,6.4,493
2015,10,18,16,30,24.8,29.14,5.6000000000000005,6,297
2015,10,18,17,30,22.6,32.34,5.2,4.7,94
2015,10,18,18,30,20.200000000000003,38.61,5.7,3.5,0
2015,10,18,19,30,18.7,44.45,6.300000000000001,3.1,0
2015,10,18,20,30,17.900000000000002,48.63,6.9,3.1,0
2015,10,18,21,30,17.2,52.75,7.5,3.2,0
2015,10,18,22,30,16.7,55.980000000000004,7.9,3.2,0
2015,10,18,23,30,16.3,58.54,8.200000000000001,3.3000000000000003,0
2015,10,19,0,30,16,60.11,8.3,3.3000000000000003,0
2015,10,19,1,30,15.700000000000001,60.800000000000004,8.200000000000001,3.2,0
2015,10,19,2,30,15.4,60.64,7.800000000000001,3.2,0
2015,10,19,3,30,15.100000000000001,60.43,7.5,3.4000000000000004,0
2015,10,19,4,30,14.700000000000001,62.51,7.6000000000000005,3.7,0
2015,10,19,5,30,14.3,68.06,8.5,3.9000000000000004,0
2015,10,19,6,30,14.200000000000001,74.18,9.700000000000001,4.1000000000000005,0
2015,10,19,7,30,14.9,76.03,10.700000000000001,4.800000000000001,56
2015,10,19,8,30,16.5,74.38,11.9,5.800000000000001,220
2015,10,19,9,30,18.7,69.12,12.9,6.300000000000001,457
2015,10,19,10,30,21.3,60.43,13.3,6.1000000000000005,531
2015,10,19,11,30,24,51.89,13.5,5.6000000000000005,680
2015,10,19,12,30,26,46.04,13.5,5.2,612
2015,10,19,13,30,27,43.15,13.4,5,724
2015,10,19,14,30,27.400000000000002,41.84,13.3,5,576
2015,10,19,15,30,26.900000000000002,42.78,13.200000000000001,5.1000000000000005,382
2015,10,19,16,30,25.700000000000003,45.68,13.100000000000001,5.1000000000000005,231
2015,10,19,17,30,23.6,51.9,13.100000000000001,4.6000000000000005,92
2015,10,19,18,30,21.700000000000003,58.57,13.200000000000001,4.4,0
2015,10,19,19,30,20.5,63.120000000000005,13.200000000000001,4.6000000000000005,0
2015,10,19,20,30,19.5,66.58,13.100000000000001,4.6000000000000005,0
2015,10,19,21,30,18.6,69.23,12.9,4.5,0
2015,10,19,22,30,17.8,71.09,12.5,4.3,0
2015,10,19,23,30,17.1,72.61,12.100000000000001,4.2,0
2015,10,20,0,30,16.6,73.98,11.9,4,0
2015,10,20,1,30,16.2,75.74,11.9,4,0
2015,10,20,2,30,15.8,78.42,12.100000000000001,3.9000000000000004,0
2015,10,20,3,30,15.4,81.64,12.3,3.8000000000000003,0
2015,10,20,4,30,15.100000000000001,84.88,12.600000000000001,3.7,0
2015,10,20,5,30,14.700000000000001,89.10000000000001,12.9,3.6,0
2015,10,20,6,30,14.600000000000001,91.71000000000001,13.3,3.8000000000000003,0
2015,10,20,7,30,15.9,86.27,13.600000000000001,4.5,71
2015,10,20,8,30,18.5,74.54,13.9,5.2,96
2015,10,20,9,30,21.3,63.03,14,5.300000000000001,196
2015,10,20,10,30,23.8,53.67,13.8,5.1000000000000005,619
2015,10,20,11,30,25.8,47.160000000000004,13.700000000000001,4.9,721
2015,10,20,12,30,27.1,43.36,13.600000000000001,5,757
2015,10,20,13,30,27.6,42.01,13.5,5.300000000000001,723
2015,10,20,14,30,27.400000000000002,42.62,13.600000000000001,5.6000000000000005,623
2015,10,20,15,30,26.400000000000002,45.550000000000004,13.700000000000001,5.800000000000001,414
2015,10,20,16,30,24.8,51.58,14.200000000000001,5.7,278
2015,10,20,17,30,23.1,58.96,14.600000000000001,5.1000000000000005,84
2015,10,20,18,30,21.900000000000002,64.5,14.9,4.4,0
2015,10,20,19,30,21.200000000000003,67.11,14.9,4,0
2015,10,20,20,30,20.6,67.62,14.4,3.9000000000000004,0
2015,10,20,21,30,19.900000000000002,67.47,13.700000000000001,3.7,0
2015,10,20,22,30,19,68.14,13,3.7,0
2015,10,20,23,30,18.2,68.11,12.200000000000001,4,0
2015,10,21,0,30,17.5,68.51,11.600000000000001,4.2,0
2015,10,21,1,30,16.8,70.57000000000001,11.4,4.3,0
2015,10,21,2,30,16.2,73.88,11.5,4,0
2015,10,21,3,30,15.8,78.38,12,3.5,0
2015,10,21,4,30,15.8,83.27,13,3.2,0
2015,10,21,5,30,16.2,87.10000000000001,14.100000000000001,3.5,0
2015,10,21,6,30,16.6,91.32000000000001,15.200000000000001,3.9000000000000004,0
2015,10,21,7,30,17.7,89.59,16,4.3,65
2015,10,21,8,30,19.6,82.62,16.6,5.2,94
2015,10,21,9,30,21.6,73.26,16.6,6,170
2015,10,21,10,30,23,66.4,16.400000000000002,6.2,267
2015,10,21,11,30,23.700000000000003,64.28,16.6,6.1000000000000005,227
2015,10,21,12,30,23.8,65.33,16.900000000000002,5.9,86
2015,10,21,13,30,23.8,67.09,17.3,5.800000000000001,322
2015,10,21,14,30,23.700000000000003,68.73,17.6,5.9,28
2015,10,21,15,30,23.1,71.96000000000001,17.8,5.6000000000000005,136
2015,10,21,16,30,22.200000000000003,77.57000000000001,18.1,4.7,183
2015,10,21,17,30,21.1,86.10000000000001,18.7,4,78
2015,10,21,18,30,20.200000000000003,92.11,18.900000000000002,3.9000000000000004,0
2015,10,21,19,30,19.8,94.82000000000001,18.900000000000002,4.4,0
2015,10,21,20,30,19.6,95.95,18.900000000000002,4.9,0
2015,10,21,21,30,19.400000000000002,96.54,18.8,5.300000000000001,0
2015,10,21,22,30,19.1,97.01,18.6,5.6000000000000005,0
2015,10,21,23,30,18.8,96.64,18.3,5.5,0
2015,10,22,0,30,18.5,96.87,18,5.300000000000001,0
2015,10,22,1,30,18.400000000000002,96.34,17.8,5.800000000000001,0
2015,10,22,2,30,18.3,97.12,17.8,6.1000000000000005,0
2015,10,22,3,30,18.1,99.11,18,5.7,0
2015,10,22,4,30,18,99.62,17.900000000000002,5.2,0
2015,10,22,5,30,17.900000000000002,99.93,17.900000000000002,4.5,0
2015,10,22,6,30,17.8,100,17.8,3.8000000000000003,0
2015,10,22,7,30,18.2,97.67,17.8,3.5,21
2015,10,22,8,30,19.1,94.45,18.2,4,138
2015,10,22,9,30,20.5,90.34,18.900000000000002,5,32
2015,10,22,10,30,22,84.79,19.3,5.6000000000000005,170
2015,10,22,11,30,23.5,77.8,19.400000000000002,5.7,43
2015,10,22,12,30,24.5,71.45,19,5.300000000000001,461
2015,10,22,13,30,24.8,65.83,18,4.9,328
2015,10,22,14,30,24.400000000000002,62.77,16.8,4.5,336
2015,10,22,15,30,23.8,61.370000000000005,15.9,4,480
2015,10,22,16,30,22.6,63.74,15.4,3.1,288
2015,10,22,17,30,20.200000000000003,75.67,15.8,1.8,35
2015,10,22,18,30,18,87.66,15.9,1.1,0
2015,10,22,19,30,16.900000000000002,88.93,15.100000000000001,1,0
2015,10,22,20,30,16.5,87.67,14.4,0.9,0
2015,10,22,21,30,16.3,86.35000000000001,14,0.7000000000000001,0
2015,10,22,22,30,15.9,88.58,14,0.8,0
2015,10,22,23,30,15.200000000000001,92.5,14,1,0
2015,10,23,0,30,15,95.17,14.200000000000001,1.1,0
2015,10,23,1,30,15.100000000000001,98.38,14.8,1.2000000000000002,0
2015,10,23,2,30,15.3,100,15.3,1.2000000000000002,0
2015,10,23,3,30,15.600000000000001,100,15.600000000000001,1.1,0
2015,10,23,4,30,16,100,16,0.9,0
2015,10,23,5,30,16.400000000000002,100,16.400000000000002,0.6000000000000001,0
2015,10,23,6,30,16.7,100,16.7,0.4,0
2015,10,23,7,30,17.5,97.26,17.1,0.8,62
2015,10,23,8,30,19.1,90.49,17.5,1.3,144
2015,10,23,9,30,21.1,84.72,18.400000000000002,1.4000000000000001,120
2015,10,23,10,30,23.200000000000003,77.89,19.1,1.1,215
2015,10,23,11,30,24.900000000000002,69.74,19,0.9,366
2015,10,23,12,30,25.900000000000002,63.64,18.5,1,126
2015,10,23,13,30,26.200000000000003,60.550000000000004,18,1.1,548
2015,10,23,14,30,25.700000000000003,61.7,17.8,1,435
2015,10,23,15,30,24.8,64.53,17.7,1.5,375
2015,10,23,16,30,23.5,69.04,17.5,1.8,185
2015,10,23,17,30,21.6,80.25,18.1,1.7000000000000002,57
2015,10,23,18,30,19.700000000000003,90.53,18.1,1.9000000000000001,0
2015,10,23,19,30,18.5,94.64,17.6,2.4000000000000004,0
2015,10,23,20,30,17.400000000000002,98.85000000000001,17.2,2.3000000000000003,0
2015,10,23,21,30,16.5,100,16.5,2,0
2015,10,23,22,30,15.8,100,15.8,2.3000000000000003,0
2015,10,23,23,30,15.100000000000001,100,15.100000000000001,3.2,0
2015,10,24,0,30,14.5,99.06,14.4,4,0
2015,10,24,1,30,14,98.35000000000001,13.700000000000001,4.5,0
2015,10,24,2,30,13.700000000000001,97.75,13.4,4.7,0
2015,10,24,3,30,13.600000000000001,96.99000000000001,13.100000000000001,4.800000000000001,0
2015,10,24,4,30,13.600000000000001,95.95,13,5,0
2015,10,24,5,30,13.4,95.8,12.700000000000001,5.2,0
2015,10,24,6,30,13.200000000000001,94.44,12.3,5.800000000000001,0
2015,10,24,7,30,13,91.31,11.600000000000001,6.5,13
2015,10,24,8,30,13,84.15,10.4,6.7,32
2015,10,24,9,30,13.3,74.92,8.9,6.6000000000000005,196
2015,10,24,10,30,13.9,67.2,7.9,6.2,256
2015,10,24,11,30,14.600000000000001,62.27,7.5,5.6000000000000005,449
2015,10,24,12,30,15.600000000000001,57.480000000000004,7.2,5.2,570
2015,10,24,13,30,16.900000000000002,52.26,7.1000000000000005,5.2,438
2015,10,24,14,30,17.900000000000002,48.410000000000004,6.9,5.4,384
2015,10,24,15,30,17.900000000000002,46.69,6.300000000000001,5.5,407
2015,10,24,16,30,16.8,48.08,5.7,5,217
2015,10,24,17,30,14.5,54.46,5.4,3.6,56
2015,10,24,18,30,12.200000000000001,64.94,5.800000000000001,2.8000000000000003,0
2015,10,24,19,30,10.9,68.28,5.300000000000001,2.8000000000000003,0
2015,10,24,20,30,9.8,69.75,4.5,2.8000000000000003,0
2015,10,24,21,30,8.8,70.35000000000001,3.7,2.7,0
2015,10,24,22,30,8,69.64,2.8000000000000003,2.7,0
2015,10,24,23,30,7.4,68.19,1.9000000000000001,2.9000000000000004,0
2015,10,25,0,30,6.9,67.2,1.2000000000000002,3.1,0
2015,10,25,1,30,6.4,67.15,0.7000000000000001,3.2,0
2015,10,25,2,30,5.9,67.53,0.30000000000000004,3,0
2015,10,25,3,30,5.5,67.85,0,2.8000000000000003,0
2015,10,25,4,30,5.2,68.31,-0.2,2.5,0
2015,10,25,5,30,4.9,69.04,-0.30000000000000004,2.4000000000000004,0
2015,10,25,6,30,5,67.99,-0.4,2.5,0
2015,10,25,7,30,6.7,60.6,-0.4,3.2,74
2015,10,25,8,30,9.9,48.9,-0.4,3.8000000000000003,286
2015,10,25,9,30,13,41.08,0.1,4.1000000000000005,488
2015,10,25,10,30,15.5,34.62,-0.1,4.2,651
2015,10,25,11,30,17.400000000000002,30.150000000000002,-0.30000000000000004,4,756
2015,10,25,12,30,19,26.76,-0.6000000000000001,3.8000000000000003,794
2015,10,25,13,30,20.1,23.96,-1.1,3.7,762
2015,10,25,14,30,20.6,22.31,-1.7000000000000002,3.5,661
2015,10,25,15,30,20.200000000000003,22.23,-2.1,3.4000000000000004,502
2015,10,25,16,30,18.400000000000002,25.14,-1.9000000000000001,2.5,302
2015,10,25,17,30,14.8,45.730000000000004,3.2,1.5,88
2015,10,25,18,30,11.9,55.26,3.2,1.4000000000000001,0
2015,10,25,19,30,10.5,57.32,2.4000000000000004,1.4000000000000001,0
2015,10,25,20,30,9.4,59.38,1.9000000000000001,1.4000000000000001,0
2015,10,25,21,30,8.5,60.83,1.4000000000000001,1.4000000000000001,0
2015,10,25,22,30,7.7,62.24,0.9,1.4000000000000001,0
2015,10,25,23,30,7.2,62.97,0.6000000000000001,1.3,0
2015,10,26,0,30,7,62.7,0.4,1.2000000000000002,0
2015,10,26,1,30,6.7,64.15,0.4,1.2000000000000002,0
2015,10,26,2,30,6.2,66.42,0.4,1.2000000000000002,0
2015,10,26,3,30,5.800000000000001,67.3,0.2,1.2000000000000002,0
2015,10,26,4,30,5.6000000000000005,67.03,0,1.2000000000000002,0
2015,10,26,5,30,5.300000000000001,67.63,-0.2,1.1,0
2015,10,26,6,30,5.300000000000001,67.4,-0.30000000000000004,1.1,0
2015,10,26,7,30,6.9,63.01,0.30000000000000004,1.2000000000000002,74
2015,10,26,8,30,9.5,56.27,1.2000000000000002,1.4000000000000001,226
2015,10,26,9,30,12.8,44.93,1.1,1.4000000000000001,429
2015,10,26,10,30,16.2,33.32,0,1.3,496
2015,10,26,11,30,18.900000000000002,24.79,-1.7000000000000002,1.3,766
2015,10,26,12,30,20.8,19.07,-3.6,1.3,798
2015,10,26,13,30,21.6,18.2,-3.6,1.2000000000000002,765
2015,10,26,14,30,21.8,18.21,-3.4000000000000004,1,664
2015,10,26,15,30,21.5,18.77,-3.3000000000000003,0.8,503
2015,10,26,16,30,20,21.11,-2.9000000000000004,0.6000000000000001,299
2015,10,26,17,30,17.6,41.96,4.5,0.7000000000000001,85
2015,10,26,18,30,15.5,40.25,2,1,0
2015,10,26,19,30,13.5,48.03,2.7,1.2000000000000002,0
2015,10,26,20,30,11.8,51.230000000000004,2,1.3,0
2015,10,26,21,30,10.9,54.52,2.1,1.4000000000000001,0
2015,10,26,22,30,10.4,56.59,2.1,1.5,0
2015,10,26,23,30,9.9,58.11,2,1.6,0
2015,10,27,0,30,9.3,58.96,1.7000000000000002,1.7000000000000002,0
2015,10,27,1,30,8.8,59.22,1.3,1.9000000000000001,0
2015,10,27,2,30,8.700000000000001,58.480000000000004,1,2.2,0
2015,10,27,3,30,8.700000000000001,58.21,0.9,2.4000000000000004,0
2015,10,27,4,30,8.3,60.92,1.2000000000000002,2.4000000000000004,0
2015,10,27,5,30,7.800000000000001,64.37,1.5,2.2,0
2015,10,27,6,30,7.9,65.35,1.8,2.1,0
2015,10,27,7,30,9.9,59.09,2.3000000000000003,2.7,62
2015,10,27,8,30,13.4,48.67,2.8000000000000003,3.2,261
2015,10,27,9,30,17.400000000000002,41.230000000000004,4.1000000000000005,3.2,460
2015,10,27,10,30,21.8,35.67,5.9,3.9000000000000004,619
2015,10,27,11,30,25,31.77,7.1000000000000005,4.7,723
2015,10,27,12,30,26.5,30.400000000000002,7.7,5.1000000000000005,763
2015,10,27,13,30,27.1,29.79,7.9,5.4,733
2015,10,27,14,30,27.1,28.75,7.4,5.7,637
2015,10,27,15,30,26.5,27.7,6.4,5.300000000000001,482
2015,10,27,16,30,24.200000000000003,30.45,5.7,3.6,285
2015,10,27,17,30,20.3,44.68,7.9,2.2,78
2015,10,27,18,30,17.5,50.02,7,1.8,0
2015,10,27,19,30,16.400000000000002,50.88,6.2,1.7000000000000002,0
2015,10,27,20,30,15.5,51.89,5.7,1.7000000000000002,0
2015,10,27,21,30,14.700000000000001,52.660000000000004,5.1000000000000005,1.7000000000000002,0
2015,10,27,22,30,13.9,53.370000000000005,4.6000000000000005,1.8,0
2015,10,27,23,30,13.3,53.25,4,2.1,0
2015,10,28,0,30,13,51.9,3.3000000000000003,2.8000000000000003,0
2015,10,28,1,30,12.8,50.26,2.7,3.9000000000000004,0
2015,10,28,2,30,12.600000000000001,47.99,1.9000000000000001,4.800000000000001,0
2015,10,28,3,30,11.9,47.77,1.2000000000000002,4.800000000000001,0
2015,10,28,4,30,10.700000000000001,56.56,2.4000000000000004,4.2,0
2015,10,28,5,30,9.600000000000001,67.92,4,3.6,0
2015,10,28,6,30,8.8,75.89,4.800000000000001,3,0
2015,10,28,7,30,9.700000000000001,72.46000000000001,5,3.3000000000000003,66
2015,10,28,8,30,12.200000000000001,61.45,5,4.3,276
2015,10,28,9,30,14.9,46.550000000000004,3.5,4.7,480
2015,10,28,10,30,17.2,36.84,2.3000000000000003,4.1000000000000005,643
2015,10,28,11,30,19,31.94,1.9000000000000001,3.2,747
2015,10,28,12,30,20.400000000000002,29.13,1.8,2.5,779
2015,10,28,13,30,21.3,27.04,1.6,2.2,714
2015,10,28,14,30,21.5,25.75,1,2.1,555
2015,10,28,15,30,20.8,25.93,0.5,1.8,325
2015,10,28,16,30,19,33.36,2.5,1.1,227
2015,10,28,17,30,17,52.13,7.1000000000000005,0.9,60
2015,10,28,18,30,15.600000000000001,50.22,5.300000000000001,1.1,0
2015,10,28,19,30,14.600000000000001,52.38,5,1.2000000000000002,0
2015,10,28,20,30,13.8,53.68,4.6000000000000005,1.4000000000000001,0
2015,10,28,21,30,13.200000000000001,53.07,3.8000000000000003,1.7000000000000002,0
2015,10,28,22,30,12.700000000000001,52.32,3.2,2,0
2015,10,28,23,30,12,53.06,2.7,2.2,0
2015,10,29,0,30,11.100000000000001,54.94,2.4000000000000004,2.3000000000000003,0
2015,10,29,1,30,10.200000000000001,57.77,2.2,2.4000000000000004,0
2015,10,29,2,30,9.5,60.96,2.3000000000000003,2.4000000000000004,0
2015,10,29,3,30,8.8,65.48,2.7,2.1,0
2015,10,29,4,30,8.200000000000001,70,3.1,1.7000000000000002,0
2015,10,29,5,30,7.9,72.71000000000001,3.3000000000000003,1.5,0
2015,10,29,6,30,7.9,73.27,3.4000000000000004,1.4000000000000001,0
2015,10,29,7,30,10,64.71000000000001,3.7,2.1,60
2015,10,29,8,30,13.5,53.82,4.3,2.6,262
2015,10,29,9,30,17.1,44.2,4.800000000000001,3,414
2015,10,29,10,30,20.900000000000002,34.82,4.800000000000001,3.5,619
2015,10,29,11,30,23.900000000000002,28.68,4.6000000000000005,3.7,532
2015,10,29,12,30,25.8,24.47,4,3.7,546
2015,10,29,13,30,26.700000000000003,23.1,3.9000000000000004,3.9000000000000004,718
2015,10,29,14,30,26.8,23.5,4.2,4.1000000000000005,617
2015,10,29,15,30,26,25.84,4.9,4.2,458
2015,10,29,16,30,23.8,32.33,6.300000000000001,3.6,227
2015,10,29,17,30,20.700000000000003,46.77,8.9,3,3
2015,10,29,18,30,18.6,55.24,9.4,3.3000000000000003,0
2015,10,29,19,30,17.8,60.1,10,3.9000000000000004,0
2015,10,29,20,30,17,66.68,10.8,3.9000000000000004,0
2015,10,29,21,30,16.400000000000002,73.4,11.600000000000001,3.4000000000000004,0
2015,10,29,22,30,16.1,79.96000000000001,12.600000000000001,3.3000000000000003,0
2015,10,29,23,30,15.9,88.52,14,3.3000000000000003,0
2015,10,30,0,30,15.700000000000001,95.07000000000001,14.9,3,0
2015,10,30,1,30,15.8,97.87,15.5,3.1,0
2015,10,30,2,30,16.1,98.95,15.9,3.4000000000000004,0
2015,10,30,3,30,16.400000000000002,100,16.400000000000002,3.4000000000000004,0
2015,10,30,4,30,16.5,100,16.5,3,0
2015,10,30,5,30,16.5,100,16.5,2.7,0
2015,10,30,6,30,16.6,100,16.6,2.2,0
2015,10,30,7,30,17.2,98.21000000000001,16.900000000000002,2.3000000000000003,13
2015,10,30,8,30,18.7,92.12,17.400000000000002,3.4000000000000004,50
2015,10,30,9,30,20.3,82.09,17.1,4.3,405
2015,10,30,10,30,21.8,69.29,15.9,4.6000000000000005,451
2015,10,30,11,30,23,59.75,14.8,4.7,699
2015,10,30,12,30,23.8,52.43,13.5,4.9,741
2015,10,30,13,30,24.200000000000003,46.43,12,5,709
2015,10,30,14,30,24.200000000000003,42.15,10.5,5,584
2015,10,30,15,30,23.6,40.1,9.3,4.6000000000000005,300
2015,10,30,16,30,22,41.79,8.4,3.4000000000000004,263
2015,10,30,17,30,19.1,53.94,9.600000000000001,2,34
2015,10,30,18,30,16.8,61.76,9.4,1.7000000000000002,0
2015,10,30,19,30,15.9,61.07,8.4,1.9000000000000001,0
2015,10,30,20,30,15.100000000000001,60.9,7.6000000000000005,2,0
2015,10,30,21,30,14.3,62.83,7.300000000000001,1.9000000000000001,0
2015,10,30,22,30,13.4,66.87,7.4,2,0
2015,10,30,23,30,12.600000000000001,70.72,7.4,2.1,0
2015,10,31,0,30,11.9,74.42,7.5,2.2,0
2015,10,31,1,30,11.200000000000001,78.58,7.6000000000000005,2.3000000000000003,0
2015,10,31,2,30,10.600000000000001,82.48,7.7,2.6,0
2015,10,31,3,30,10.100000000000001,86.27,7.9,2.9000000000000004,0
2015,10,31,4,30,9.700000000000001,89.22,8,3.1,0
2015,10,31,5,30,9.200000000000001,91.37,7.9,3.1,0
2015,10,31,6,30,8.8,91.39,7.5,2.9000000000000004,0
2015,10,31,7,30,9.700000000000001,82.64,6.9,3.3000000000000003,55
2015,10,31,8,30,12.200000000000001,67.06,6.300000000000001,4.1000000000000005,253
2015,10,31,9,30,15,51.97,5.2,4.6000000000000005,448
2015,10,31,10,30,17.2,44.03,4.800000000000001,4.6000000000000005,605
2015,10,31,11,30,18.900000000000002,39.26,4.7,4.4,707
2015,10,31,12,30,20.200000000000003,36.02,4.7,4.2,744
2015,10,31,13,30,21.1,33.56,4.4,4.1000000000000005,712
2015,10,31,14,30,21.400000000000002,31.89,4,4.3,615
2015,10,31,15,30,21.1,30.62,3.1,4.3,460
2015,10,31,16,30,19.5,31.25,2,3.4000000000000004,267
2015,10,31,17,30,16.2,42.89,3.6,2.1,66
2015,10,31,18,30,13.5,53.01,4.1000000000000005,1.7000000000000002,0
2015,10,31,19,30,12.4,56.120000000000005,3.9000000000000004,1.5,0
2015,10,31,20,30,11.600000000000001,59.43,4,1.3,0
2015,10,31,21,30,11.4,59.910000000000004,3.9000000000000004,1.2000000000000002,0
2015,10,31,22,30,11.600000000000001,57.72,3.5,1,0
2015,10,31,23,30,11.5,56.52,3.2,1,0
2015,11,1,0,30,10.5,59.39,2.9000000000000004,1.1,0
2015,11,1,1,30,9.4,63.33,2.8000000000000003,1.3,0
2015,11,1,2,30,8.700000000000001,65.18,2.5,1.4000000000000001,0
2015,11,1,3,30,8.200000000000001,66.04,2.2,1.4000000000000001,0
2015,11,1,4,30,7.800000000000001,66.74,2,1.5,0
2015,11,1,5,30,7.6000000000000005,66.7,1.8,1.7000000000000002,0
2015,11,1,6,30,7.5,66.34,1.6,1.8,0
2015,11,1,7,30,9.5,58.15,1.7000000000000002,2.5,56
2015,11,1,8,30,12.8,48.29,2.1,3.1,258
2015,11,1,9,30,16.5,39.62,2.7,2.9000000000000004,457
2015,11,1,10,30,20,32.08,2.8000000000000003,2.8000000000000003,617
2015,11,1,11,30,22,27.03,2.2,3,720
2015,11,1,12,30,23.1,24.650000000000002,1.8,3,757
2015,11,1,13,30,23.8,23.07,1.5,3,724
2015,11,1,14,30,24.1,22.21,1.2000000000000002,2.8000000000000003,625
2015,11,1,15,30,23.6,22.72,1.1,2.4000000000000004,467
2015,11,1,16,30,22.1,25.95,1.7000000000000002,1.4000000000000001,269
2015,11,1,17,30,20.3,41.96,7,0.5,65
2015,11,1,18,30,18.900000000000002,33.95,2.7,0.5,0
2015,11,1,19,30,17.2,38.31,2.9000000000000004,0.9,0
2015,11,1,20,30,15.200000000000001,44.76,3.3000000000000003,1.2000000000000002,0
2015,11,1,21,30,13.5,50.84,3.5,1.4000000000000001,0
2015,11,1,22,30,12.200000000000001,55.09,3.4000000000000004,1.4000000000000001,0
2015,11,1,23,30,11.4,57.18,3.2,1.6,0
2015,11,2,0,30,10.9,58.11,3,1.8,0
2015,11,2,1,30,10.4,59.410000000000004,2.8000000000000003,1.9000000000000001,0
2015,11,2,2,30,9.9,61.43,2.8000000000000003,1.9000000000000001,0
2015,11,2,3,30,9.4,64.1,3,1.8,0
2015,11,2,4,30,8.9,67.36,3.2,1.7000000000000002,0
2015,11,2,5,30,8.6,69.78,3.4000000000000004,1.6,0
2015,11,2,6,30,8.4,71.52,3.5,1.5,0
2015,11,2,7,30,10.200000000000001,64.43,3.8000000000000003,2.2,53
2015,11,2,8,30,13.5,54.28,4.4,2.8000000000000003,253
2015,11,2,9,30,17.1,43.910000000000004,4.7,3,451
2015,11,2,10,30,20.900000000000002,34.86,4.800000000000001,3.3000000000000003,611
2015,11,2,11,30,24.3,27.88,4.6000000000000005,3.7,713
2015,11,2,12,30,26.400000000000002,23.06,3.6,4,750
2015,11,2,13,30,27.200000000000003,21.34,3.2,4,717
2015,11,2,14,30,27.3,20.89,3,3.7,621
2015,11,2,15,30,26.6,21.75,3,3.1,464
2015,11,2,16,30,23.900000000000002,28.51,4.5,2,266
2015,11,2,17,30,19.700000000000003,50.29,9.1,1.5,62
2015,11,2,18,30,17.1,50.19,6.6000000000000005,1.8,0
2015,11,2,19,30,16.1,51.57,6.1000000000000005,2.2,0
2015,11,2,20,30,15.3,53.980000000000004,6,2.8000000000000003,0
2015,11,2,21,30,14.5,57.47,6.2,3.2,0
2015,11,2,22,30,13.8,61.13,6.4,3.5,0
2015,11,2,23,30,13.100000000000001,65.12,6.7,3.5,0
2015,11,3,0,30,12.5,68.31,6.800000000000001,3.3000000000000003,0
2015,11,3,1,30,11.9,70.76,6.800000000000001,3.1,0
2015,11,3,2,30,11.3,73,6.6000000000000005,3,0
2015,11,3,3,30,10.600000000000001,76.66,6.7,2.8000000000000003,0
2015,11,3,4,30,9.9,81.79,6.9,2.6,0
2015,11,3,5,30,9.200000000000001,87.86,7.300000000000001,2.5,0
2015,11,3,6,30,8.9,92.15,7.7,2.6,0
2015,11,3,7,30,10,87.8,8.1,3.2,50
2015,11,3,8,30,13.100000000000001,73.79,8.5,4,249
2015,11,3,9,30,16.8,59.47,8.9,4.6000000000000005,448
2015,11,3,10,30,20.400000000000002,46.79,8.6,5.1000000000000005,608
2015,11,3,11,30,23.400000000000002,37.31,8,5.300000000000001,711
2015,11,3,12,30,25.6,30.650000000000002,7.1000000000000005,5.5,745
2015,11,3,13,30,26.8,26.63,6,5.6000000000000005,712
2015,11,3,14,30,27,25.240000000000002,5.4,5.6000000000000005,612
2015,11,3,15,30,26.200000000000003,26.61,5.5,5.300000000000001,455
2015,11,3,16,30,24,32.59,6.6000000000000005,4.3,258
2015,11,3,17,30,20.6,46.39,8.700000000000001,3.5,57
2015,11,3,18,30,18.5,57.92,10.100000000000001,3.7,0
2015,11,3,19,30,17.6,67.57000000000001,11.5,4.2,0
2015,11,3,20,30,16.7,77.43,12.700000000000001,4.4,0
2015,11,3,21,30,15.9,85.13,13.4,4.4,0
2015,11,3,22,30,15.3,89.23,13.5,4.3,0
2015,11,3,23,30,14.8,91.13,13.4,4.3,0
2015,11,4,0,30,14.5,91.83,13.200000000000001,4.4,0
2015,11,4,1,30,14.3,93.43,13.3,4.7,0
2015,11,4,2,30,14.3,96.79,13.8,4.800000000000001,0
2015,11,4,3,30,14.600000000000001,99.73,14.600000000000001,4.7,0
2015,11,4,4,30,15,100,15,4.6000000000000005,0
2015,11,4,5,30,15.200000000000001,100,15.200000000000001,4.5,0
2015,11,4,6,30,15.3,100,15.3,4.5,0
2015,11,4,7,30,15.9,98.33,15.600000000000001,4.9,41
2015,11,4,8,30,17.7,87.72,15.600000000000001,5.800000000000001,134
2015,11,4,9,30,20.1,72.58,15,6.2,284
2015,11,4,10,30,22.700000000000003,56.61,13.600000000000001,5.9,577
2015,11,4,11,30,25,45.17,12.3,5.6000000000000005,558
2015,11,4,12,30,26.5,38.480000000000004,11.200000000000001,5.5,718
2015,11,4,13,30,27.400000000000002,33.58,10,5.6000000000000005,689
2015,11,4,14,30,27.6,30.27,8.6,5.7,595
2015,11,4,15,30,27.1,29.04,7.6000000000000005,5.5,443
2015,11,4,16,30,25.1,32.46,7.5,4.6000000000000005,250
2015,11,4,17,30,22.1,43.550000000000004,9.1,3.9000000000000004,54
2015,11,4,18,30,20.1,54.25,10.600000000000001,4.6000000000000005,0
2015,11,4,19,30,19.200000000000003,67.77,13.100000000000001,5.300000000000001,0
2015,11,4,20,30,18.2,85.43,15.700000000000001,5.5,0
2015,11,4,21,30,17.8,96.52,17.2,5.300000000000001,0
2015,11,4,22,30,17.8,99.01,17.6,5.2,0
2015,11,4,23,30,17.8,99.02,17.6,4.800000000000001,0
2015,11,5,0,30,17.5,100,17.5,4.3,0
2015,11,5,1,30,17.1,100,17.1,3.7,0
2015,11,5,2,30,16.5,100,16.5,3.2,0
2015,11,5,3,30,15.600000000000001,100,15.600000000000001,2.5,0
2015,11,5,4,30,14.8,100,14.8,2.2,0
2015,11,5,5,30,13.8,100,13.8,2,0
2015,11,5,6,30,12.9,100,12.9,1.9000000000000001,0
2015,11,5,7,30,13.9,85.68,11.5,2.7,45
2015,11,5,8,30,16.6,64.21000000000001,9.8,3.4000000000000004,240
2015,11,5,9,30,20.1,47.6,8.6,3.9000000000000004,437
2015,11,5,10,30,23.1,30.95,5,4.9,598
2015,11,5,11,30,24.3,27.77,4.5,5.800000000000001,700
2015,11,5,12,30,24.900000000000002,25.810000000000002,4,6.5,740
2015,11,5,13,30,25,23.6,2.8000000000000003,6.9,707
2015,11,5,14,30,24.700000000000003,21.740000000000002,1.4000000000000001,7,608
2015,11,5,15,30,23.8,21.53,0.5,6.9,453
2015,11,5,16,30,22,23.36,0.1,6,255
2015,11,5,17,30,18.8,28.02,-0.1,4.5,56
2015,11,5,18,30,15.600000000000001,33.79,-0.30000000000000004,3.3000000000000003,0
2015,11,5,19,30,13.5,35.730000000000004,-1.4000000000000001,2.8000000000000003,0
2015,11,5,20,30,11.9,37.29,-2.2,2.5,0
2015,11,5,21,30,10.600000000000001,39.730000000000004,-2.5,2.4000000000000004,0
2015,11,5,22,30,9.600000000000001,41.63,-2.8000000000000003,2.3000000000000003,0
2015,11,5,23,30,8.700000000000001,43.34,-3.1,2.3000000000000003,0
2015,11,6,0,30,8,44.72,-3.3000000000000003,2.2,0
2015,11,6,1,30,7.300000000000001,46.71,-3.4000000000000004,2.1,0
2015,11,6,2,30,6.7,49.11,-3.2,1.9000000000000001,0
2015,11,6,3,30,6.1000000000000005,52.08,-3,1.8,0
2015,11,6,4,30,5.6000000000000005,54.94,-2.8000000000000003,1.6,0
2015,11,6,5,30,5.1000000000000005,57.68,-2.6,1.5,0
2015,11,6,6,30,4.800000000000001,59.61,-2.4000000000000004,1.5,0
2015,11,6,7,30,6,55.9,-2.1,2,44
2015,11,6,8,30,8.700000000000001,46.33,-2.2,2.4000000000000004,238
2015,11,6,9,30,12.3,38.76,-1.4000000000000001,2.1,434
2015,11,6,10,30,16,32.57,-0.5,2.1,590
2015,11,6,11,30,18.7,25.93,-1.2000000000000002,1.8,692
2015,11,6,12,30,20.5,21.25,-2.4000000000000004,1.4000000000000001,707
2015,11,6,13,30,21.6,19.69,-2.5,1.2000000000000002,692
2015,11,6,14,30,22,20.19,-1.9000000000000001,1.5,593
2015,11,6,15,30,21.8,21.86,-1,2,438
2015,11,6,16,30,20.1,25.88,-0.1,1.6,243
2015,11,6,17,30,17.2,46.83,5.7,1.1,49
2015,11,6,18,30,14.9,48,4,1.3,0
2015,11,6,19,30,13.5,53.36,4.2,1.4000000000000001,0
2015,11,6,20,30,12.5,59.410000000000004,4.800000000000001,1.6,0
2015,11,6,21,30,11.5,68.17,5.800000000000001,1.4000000000000001,0
2015,11,6,22,30,10.600000000000001,77.73,6.9,1.2000000000000002,0
2015,11,6,23,30,9.9,85.25,7.5,1,0
2015,11,7,0,30,9.3,90.89,7.9,1,0
2015,11,7,1,30,8.8,94.46000000000001,8,1.2000000000000002,0
2015,11,7,2,30,8.5,95.03,7.7,1.7000000000000002,0
2015,11,7,3,30,8.3,93.65,7.300000000000001,2.6,0
2015,11,7,4,30,7.9,93.63,6.9,3.4000000000000004,0
2015,11,7,5,30,7.4,95.65,6.800000000000001,3.8000000000000003,0
2015,11,7,6,30,7.2,97.45,6.800000000000001,4.1000000000000005,0
2015,11,7,7,30,7.800000000000001,94.03,6.9,4.800000000000001,37
2015,11,7,8,30,9.5,84.58,7,5.7,84
2015,11,7,9,30,12.100000000000001,68.94,6.6000000000000005,6.4,295
2015,11,7,10,30,14.5,51.89,4.7,6.9,577
2015,11,7,11,30,16.3,40.19,2.7,7,678
2015,11,7,12,30,17.400000000000002,34.300000000000004,1.5,6.9,716
2015,11,7,13,30,17.900000000000002,31.91,0.9,6.800000000000001,683
2015,11,7,14,30,17.900000000000002,31.39,0.7000000000000001,6.6000000000000005,585
2015,11,7,15,30,17.2,32.57,0.6000000000000001,6.2,431
2015,11,7,16,30,15.9,35.03,0.5,5.2,238
2015,11,7,17,30,13.8,40.71,0.7000000000000001,3.7,46
2015,11,7,18,30,12,48.54,1.5,2.8000000000000003,0
2015,11,7,19,30,11.200000000000001,51.89,1.7000000000000002,2.6,0
2015,11,7,20,30,10.5,54.550000000000004,1.7000000000000002,2.5,0
2015,11,7,21,30,10.100000000000001,56.050000000000004,1.7000000000000002,2.6,0
2015,11,7,22,30,9.700000000000001,57.06,1.6,2.7,0
2015,11,7,23,30,9.4,57.800000000000004,1.5,2.9000000000000004,0
2015,11,8,0,30,9,59.28,1.5,2.9000000000000004,0
2015,11,8,1,30,8.700000000000001,60.99,1.6,2.8000000000000003,0
2015,11,8,2,30,8.3,63.76,1.8,2.5,0
2015,11,8,3,30,8,66.42,2.1,2.3000000000000003,0
2015,11,8,4,30,7.6000000000000005,69.74,2.4000000000000004,1.9000000000000001,0
2015,11,8,5,30,7.4,71.94,2.7,1.8,0
2015,11,8,6,30,7.300000000000001,74.01,3,1.8,0
2015,11,8,7,30,8,71.62,3.2,2.5,19
2015,11,8,8,30,10.100000000000001,61.980000000000004,3.1,3.5,128
2015,11,8,9,30,12.3,47.81,1.5,3.8000000000000003,337
2015,11,8,10,30,14.3,40.94,1.2000000000000002,3.5,492
2015,11,8,11,30,16,37.83,1.6,3.1,608
2015,11,8,12,30,17.3,34.980000000000004,1.7000000000000002,2.8000000000000003,444
2015,11,8,13,30,18.2,33.64,1.9000000000000001,2.6,440
2015,11,8,14,30,18.2,34.71,2.4000000000000004,2.6,314
2015,11,8,15,30,17.6,37.230000000000004,2.8000000000000003,2.7,414
2015,11,8,16,30,16.400000000000002,41.4,3.2,2.3000000000000003,226
2015,11,8,17,30,14.3,51.28,4.4,1.5,42
2015,11,8,18,30,12.3,61.93,5.2,1.2000000000000002,0
2015,11,8,19,30,11.3,64.17,4.800000000000001,1.3,0
2015,11,8,20,30,10.700000000000001,65.88,4.6000000000000005,1.5,0
2015,11,8,21,30,10.3,67.52,4.5,1.7000000000000002,0
2015,11,8,22,30,9.9,69.71000000000001,4.6000000000000005,1.9000000000000001,0
2015,11,8,23,30,9.600000000000001,72.09,4.800000000000001,2.1,0
2015,11,9,0,30,9.1,76.9,5.300000000000001,2.2,0
2015,11,9,1,30,8.700000000000001,82.69,5.9,2.2,0
2015,11,9,2,30,8.200000000000001,90.05,6.7,2.1,0
2015,11,9,3,30,7.7,97.48,7.300000000000001,2,0
2015,11,9,4,30,7.4,100,7.4,1.9000000000000001,0
2015,11,9,5,30,7.300000000000001,100,7.300000000000001,2,0
2015,11,9,6,30,7.6000000000000005,100,7.6000000000000005,2.5,0
2015,11,9,7,30,8.700000000000001,95.74000000000001,8.1,3.1,34
2015,11,9,8,30,11,83.01,8.200000000000001,3.6,221
2015,11,9,9,30,14.3,68.12,8.5,3.9000000000000004,417
2015,11,9,10,30,17.8,55.39,8.700000000000001,3.9000000000000004,575
2015,11,9,11,30,20.6,46.85,8.8,3.9000000000000004,677
2015,11,9,12,30,22.5,40.76,8.5,3.9000000000000004,714
2015,11,9,13,30,23.700000000000003,36.52,8,3.9000000000000004,682
2015,11,9,14,30,24.1,34.410000000000004,7.4,3.9000000000000004,585
2015,11,9,15,30,23.700000000000003,34.54,7.1000000000000005,3.6,430
2015,11,9,16,30,21.6,39.36,7.2,2.5,237
2015,11,9,17,30,18.2,55.58,9.200000000000001,1.6,45
2015,11,9,18,30,16.2,60.07,8.4,1.9000000000000001,0
2015,11,9,19,30,15.8,63.36,8.9,2.7,0
2015,11,9,20,30,15.200000000000001,69.4,9.600000000000001,3.5,0
2015,11,9,21,30,14.5,76.39,10.4,3.8000000000000003,0
2015,11,9,22,30,13.600000000000001,84.04,11,3.8000000000000003,0
2015,11,9,23,30,12.9,90.27,11.3,3.6,0
2015,11,10,0,30,12.3,95.65,11.600000000000001,3.5,0
2015,11,10,1,30,11.8,100,11.8,3.5,0
2015,11,10,2,30,11.600000000000001,100,11.600000000000001,3.5,0
2015,11,10,3,30,11.600000000000001,100,11.600000000000001,3.5,0
2015,11,10,4,30,11.4,100,11.4,3.3000000000000003,0
2015,11,10,5,30,11.200000000000001,100,11.200000000000001,3.1,0
2015,11,10,6,30,11,100,11,3,0
2015,11,10,7,30,11.600000000000001,95.17,10.9,3.2,11
2015,11,10,8,30,13.4,85.97,11.100000000000001,3.5,126
2015,11,10,9,30,15.9,75.32000000000001,11.5,3.6,237
2015,11,10,10,30,18.6,64.6,11.8,3.7,546
2015,11,10,11,30,21.200000000000003,55.31,11.9,4,51
2015,11,10,12,30,23.400000000000002,47.34,11.600000000000001,4.4,549
2015,11,10,13,30,24.8,41.45,10.8,4.6000000000000005,579
2015,11,10,14,30,25.200000000000003,38.67,10.100000000000001,4.6000000000000005,379
2015,11,10,15,30,25,37.07,9.3,4.1000000000000005,366
2015,11,10,16,30,23.1,40.4,8.9,2.6,170
2015,11,10,17,30,19.900000000000002,55.56,10.700000000000001,1.6,28
2015,11,10,18,30,18.2,58.6,10,2.4000000000000004,0
2015,11,10,19,30,17.6,64.03,10.700000000000001,4,0
2015,11,10,20,30,16.900000000000002,71.79,11.8,5.2,0
2015,11,10,21,30,15.8,82.05,12.700000000000001,5.5,0
2015,11,10,22,30,15,92.28,13.8,5.2,0
2015,11,10,23,30,14.8,97.63,14.4,5.2,0
2015,11,11,0,30,14.600000000000001,100,14.600000000000001,5,0
2015,11,11,1,30,14.3,100,14.3,4.6000000000000005,0
2015,11,11,2,30,13.8,100,13.8,4.3,0
2015,11,11,3,30,13.200000000000001,100,13.200000000000001,4,0
2015,11,11,4,30,12.4,98.85000000000001,12.200000000000001,3.7,0
2015,11,11,5,30,11.8,92.19,10.600000000000001,3.6,0
2015,11,11,6,30,11.5,80.3,8.200000000000001,3.6,0
2015,11,11,7,30,12.4,63.6,5.7,4,17
2015,11,11,8,30,14.600000000000001,48.81,3.9000000000000004,5.2,169
2015,11,11,9,30,16.5,36,1.4000000000000001,6.6000000000000005,356
2015,11,11,10,30,17.900000000000002,23.45,-3.3000000000000003,7.5,533
2015,11,11,11,30,19,17.61,-6.2,7.800000000000001,578
2015,11,11,12,30,19.900000000000002,14.85,-7.7,7.9,615
2015,11,11,13,30,20.400000000000002,13.81,-8.200000000000001,7.800000000000001,582
2015,11,11,14,30,20.5,13.35,-8.5,7.5,507
2015,11,11,15,30,20,13.41,-8.9,6.7,378
2015,11,11,16,30,18,15.370000000000001,-8.700000000000001,4.800000000000001,239
2015,11,11,17,30,14.4,23.48,-6.2,2.9000000000000004,25
2015,11,11,18,30,11.700000000000001,32.76,-4.2,2.3000000000000003,0
2015,11,11,19,30,10.700000000000001,35.74,-3.9000000000000004,2.2,0
2015,11,11,20,30,10,38.22,-3.6,2.1,0
2015,11,11,21,30,9.700000000000001,39.63,-3.4000000000000004,2.1,0
2015,11,11,22,30,9.4,40.75,-3.3000000000000003,2.2,0
2015,11,11,23,30,8.5,43.64,-3.2,2.2,0
2015,11,12,0,30,7.4,47.56,-3,2.2,0
2015,11,12,1,30,6.4,51.93,-2.8000000000000003,2,0
2015,11,12,2,30,5.4,57.02,-2.4000000000000004,1.6,0
2015,11,12,3,30,4.5,61.690000000000005,-2.2,1.2000000000000002,0
2015,11,12,4,30,4,63.800000000000004,-2.2,1,0
2015,11,12,5,30,3.9000000000000004,64.15,-2.3000000000000003,1,0
2015,11,12,6,30,3.9000000000000004,64.48,-2.2,1,0
2015,11,12,7,30,5.1000000000000005,60.24,-2,1.2000000000000002,32
2015,11,12,8,30,7.800000000000001,53.38,-1.1,2,183
2015,11,12,9,30,11.200000000000001,42.72,-1,3.2,424
2015,11,12,10,30,14.100000000000001,33.43,-1.8,3.9000000000000004,581
2015,11,12,11,30,16.1,28.43,-2.2,3.9000000000000004,688
2015,11,12,12,30,17.400000000000002,25.650000000000002,-2.5,3.8000000000000003,721
2015,11,12,13,30,18.2,24.150000000000002,-2.6,3.6,688
2015,11,12,14,30,18.400000000000002,23.79,-2.7,3.4000000000000004,586
2015,11,12,15,30,17.900000000000002,24.52,-2.7,3.2,431
2015,11,12,16,30,15.9,28.2,-2.5,2.3000000000000003,235
2015,11,12,17,30,13,43.42,0.8,1.5,28
2015,11,12,18,30,11.3,48.01,0.7000000000000001,1.6,0
2015,11,12,19,30,10.8,48.6,0.4,1.9000000000000001,0
2015,11,12,20,30,10.200000000000001,50.57,0.4,2.2,0
2015,11,12,21,30,9.700000000000001,52.78,0.5,2.5,0
2015,11,12,22,30,9.200000000000001,55.47,0.7000000000000001,2.7,0
2015,11,12,23,30,8.6,58.980000000000004,1,2.7,0
2015,11,13,0,30,7.800000000000001,63.38,1.3,2.5,0
2015,11,13,1,30,7,67.75,1.4000000000000001,2.2,0
2015,11,13,2,30,6.4,71.58,1.6,2,0
2015,11,13,3,30,6,74.91,1.9000000000000001,1.8,0
2015,11,13,4,30,5.6000000000000005,78.25,2.1,1.6,0
2015,11,13,5,30,5.300000000000001,81.33,2.4000000000000004,1.5,0
2015,11,13,6,30,5.2,83.33,2.6,1.5,0
2015,11,13,7,30,6.9,74.84,2.7,2.2,26
2015,11,13,8,30,10.3,60.43,3,3.4000000000000004,207
2015,11,13,9,30,13.8,46.37,2.5,4.5,402
2015,11,13,10,30,16.5,33.88,0.5,5.1000000000000005,560
2015,11,13,11,30,18,29.5,-0.1,4.9,660
2015,11,13,12,30,19.1,27.11,-0.30000000000000004,4.6000000000000005,697
2015,11,13,13,30,19.400000000000002,26.61,-0.30000000000000004,4.3,662
2015,11,13,14,30,19.200000000000003,27.47,0,3.9000000000000004,565
2015,11,13,15,30,18.8,29.1,0.4,3.6,413
2015,11,13,16,30,17,34.12,1.1,2.5,222
2015,11,13,17,30,14.100000000000001,48.52,3.4000000000000004,1.7000000000000002,25
2015,11,13,18,30,12.600000000000001,52.870000000000005,3.2,1.8,0
2015,11,13,19,30,12.5,54.32,3.5,2.1,0
2015,11,13,20,30,12,57.5,3.9000000000000004,2.1,0
2015,11,13,21,30,11.5,60.83,4.2,2.2,0
2015,11,13,22,30,11.200000000000001,63.47,4.5,2.7,0
2015,11,13,23,30,10.9,66.41,4.9,3.3000000000000003,0
2015,11,14,0,30,10.200000000000001,71.68,5.300000000000001,2.9000000000000004,0
2015,11,14,1,30,9.4,77.09,5.6000000000000005,2.1,0
2015,11,14,2,30,9,79.9,5.7,1.8,0
2015,11,14,3,30,8.9,80.61,5.7,1.6,0
2015,11,14,4,30,8.700000000000001,81.81,5.800000000000001,1.6,0
2015,11,14,5,30,8.700000000000001,82.39,5.9,1.8,0
2015,11,14,6,30,8.700000000000001,83.56,6.1000000000000005,2.3000000000000003,0
2015,11,14,7,30,9.1,82.98,6.4,3.2,7
2015,11,14,8,30,10.200000000000001,78.95,6.7,4.2,127
2015,11,14,9,30,11.8,72.02,6.9,5,225
2015,11,14,10,30,13.100000000000001,66.87,7.1000000000000005,5.300000000000001,428
2015,11,14,11,30,14.100000000000001,65.01,7.6000000000000005,5.1000000000000005,440
2015,11,14,12,30,14.8,65.07000000000001,8.3,4.9,454
2015,11,14,13,30,15.3,66.09,9,4.7,375
2015,11,14,14,30,15.5,67.95,9.600000000000001,4.4,396
2015,11,14,15,30,15.700000000000001,68.67,10,4.1000000000000005,377
2015,11,14,16,30,15.200000000000001,71.84,10.200000000000001,3.8000000000000003,195
2015,11,14,17,30,13.700000000000001,79.01,10.100000000000001,3.1,22
2015,11,14,18,30,12.4,85.21000000000001,10,3.1,0
2015,11,14,19,30,11.8,88.37,9.9,3.5,0
2015,11,14,20,30,11.3,92,10,3.7,0
2015,11,14,21,30,10.9,95.72,10.200000000000001,3.9000000000000004,0
2015,11,14,22,30,10.700000000000001,97.55,10.3,4.1000000000000005,0
2015,11,14,23,30,10.600000000000001,97.39,10.200000000000001,4.3,0
2015,11,15,0,30,10.4,97.3,10,4.3,0
2015,11,15,1,30,10.200000000000001,96.93,9.700000000000001,4.2,0
2015,11,15,2,30,10.100000000000001,95.83,9.5,4,0
2015,11,15,3,30,10.200000000000001,94.08,9.3,3.8000000000000003,0
2015,11,15,4,30,10.4,92.78,9.3,3.5,0
2015,11,15,5,30,10.600000000000001,92.21000000000001,9.4,3.4000000000000004,0
2015,11,15,6,30,10.8,92.06,9.600000000000001,3.2,0
2015,11,15,7,30,11,91.87,9.700000000000001,3.4000000000000004,4
2015,11,15,8,30,12,87.51,10,4.3,16
2015,11,15,9,30,13.700000000000001,81.05,10.5,5.4,54
2015,11,15,10,30,15.600000000000001,75.19,11.200000000000001,6.2,57
2015,11,15,11,30,17.1,70.81,11.8,6.300000000000001,371
2015,11,15,12,30,18.1,68.05,12.100000000000001,6.1000000000000005,209
2015,11,15,13,30,18.6,67.35,12.4,5.800000000000001,124
2015,11,15,14,30,18.7,67.94,12.700000000000001,5.4,266
2015,11,15,15,30,18.7,68.52,12.8,5.1000000000000005,296
2015,11,15,16,30,17.900000000000002,72.22,12.8,4.5,128
2015,11,15,17,30,16.1,81.34,12.9,3.7,7
2015,11,15,18,30,14.600000000000001,90.31,13,3.7,0
2015,11,15,19,30,14,95.47,13.3,4.1000000000000005,0
2015,11,15,20,30,13.9,96.73,13.4,4.3,0
2015,11,15,21,30,14.100000000000001,96.21000000000001,13.5,4.5,0
2015,11,15,22,30,14.3,96.64,13.8,4.7,0
2015,11,15,23,30,14.5,97.37,14.100000000000001,4.800000000000001,0
2015,11,16,0,30,14.600000000000001,98.37,14.3,4.9,0
2015,11,16,1,30,14.700000000000001,98.93,14.5,4.9,0
2015,11,16,2,30,14.600000000000001,100,14.600000000000001,4.9,0
2015,11,16,3,30,14.5,100,14.5,5,0
2015,11,16,4,30,14.4,100,14.4,5,0
2015,11,16,5,30,14.4,100,14.4,4.9,0
2015,11,16,6,30,14.3,100,14.3,4.9,0
2015,11,16,7,30,14.600000000000001,98.39,14.3,5.2,7
2015,11,16,8,30,15.8,92.55,14.600000000000001,6,60
2015,11,16,9,30,17.8,83.42,15,6.9,158
2015,11,16,10,30,20.400000000000002,71.01,15,7.5,273
2015,11,16,11,30,22.700000000000003,59.69,14.5,8,423
2015,11,16,12,30,24.400000000000002,51.63,13.8,8.5,585
2015,11,16,13,30,25.6,46.28,13.200000000000001,8.9,542
2015,11,16,14,30,26,43.58,12.700000000000001,9.200000000000001,541
2015,11,16,15,30,25.6,42.49,11.9,9,389
2015,11,16,16,30,23.900000000000002,45.99,11.600000000000001,8.700000000000001,203
2015,11,16,17,30,21.700000000000003,53.06,11.700000000000001,8.6,29
2015,11,16,18,30,19.8,62.08,12.3,8.3,0
2015,11,16,19,30,18.1,73.03,13.200000000000001,6.800000000000001,0
2015,11,16,20,30,16.5,80.7,13.200000000000001,5.300000000000001,0
2015,11,16,21,30,14.3,77.69,10.5,5.6000000000000005,0
2015,11,16,22,30,11.8,59.9,4.3,6.1000000000000005,0
2015,11,16,23,30,9.9,51.56,0.4,5.9,0
2015,11,17,0,30,8.5,49.43,-1.5,5.7,0
2015,11,17,1,30,7.300000000000001,48.43,-2.9000000000000004,5.7,0
2015,11,17,2,30,6.300000000000001,48.71,-3.7,5.5,0
2015,11,17,3,30,5.7,49.730000000000004,-4,5.6000000000000005,0
2015,11,17,4,30,5.5,50.15,-4.1000000000000005,5.9,0
2015,11,17,5,30,5.5,50.86,-3.9000000000000004,6.300000000000001,0
2015,11,17,6,30,5.6000000000000005,52.03,-3.5,6.6000000000000005,0
2015,11,17,7,30,6.2,51.28,-3.1,7,20
2015,11,17,8,30,7.9,46.12,-3,8.1,198
2015,11,17,9,30,9.9,38.33,-3.7,9.200000000000001,394
2015,11,17,10,30,11.8,32.3,-4.3,9.5,546
2015,11,17,11,30,13.5,29.95,-3.8000000000000003,9.200000000000001,643
2015,11,17,12,30,14.8,28.77,-3.2,8.8,684
2015,11,17,13,30,15.8,27.21,-3.1,8.200000000000001,650
2015,11,17,14,30,16.3,26.02,-3.2,7.6000000000000005,556
2015,11,17,15,30,16.2,25.830000000000002,-3.4000000000000004,6.9,208
2015,11,17,16,30,14.8,28.05,-3.5,4.9,216
2015,11,17,17,30,11.8,37.07,-2.4000000000000004,2.6,12
2015,11,17,18,30,9.4,48.27,-1,1.5,0
2015,11,17,19,30,8.5,52.5,-0.7000000000000001,1.2000000000000002,0
2015,11,17,20,30,7.7,56.24,-0.5,1,0
2015,11,17,21,30,7,58.67,-0.5,0.9,0
2015,11,17,22,30,6.4,59.39,-0.9,0.9,0
2015,11,17,23,30,5.9,59.7,-1.3,1,0
2015,11,18,0,30,5.300000000000001,61.160000000000004,-1.6,1.1,0
2015,11,18,1,30,4.5,63.76,-1.8,1.2000000000000002,0
2015,11,18,2,30,3.8000000000000003,65.78,-2,1.3,0
2015,11,18,3,30,3.3000000000000003,66.46000000000001,-2.4000000000000004,1.6,0
2015,11,18,4,30,3,65.47,-2.8000000000000003,1.9000000000000001,0
2015,11,18,5,30,2.7,64.05,-3.4000000000000004,2.2,0
2015,11,18,6,30,2.4000000000000004,63.32,-3.9000000000000004,2.6,0
2015,11,18,7,30,3.4000000000000004,57.99,-4.1000000000000005,3.5,21
2015,11,18,8,30,6,48.86,-4,4.3,202
2015,11,18,9,30,9.8,38.72,-3.6,4.6000000000000005,397
2015,11,18,10,30,13.700000000000001,28.42,-4.3,5.4,551
2015,11,18,11,30,16.3,22.53,-5.2,6.1000000000000005,651
2015,11,18,12,30,18,20.27,-5.1000000000000005,6.5,689
2015,11,18,13,30,19.1,20.150000000000002,-4.3,6.6000000000000005,659
2015,11,18,14,30,19.8,20.46,-3.5,6.4,563
2015,11,18,15,30,19.8,20.98,-3.2,5.6000000000000005,413
2015,11,18,16,30,17.5,25.1,-2.7,3.7,221
2015,11,18,17,30,13.8,37.81,-0.4,2.2,34
2015,11,18,18,30,11.700000000000001,42.7,-0.6000000000000001,2.1,0
2015,11,18,19,30,11.100000000000001,43.89,-0.7000000000000001,2.2,0
2015,11,18,20,30,10.3,45.77,-0.9,2.3000000000000003,0
2015,11,18,21,30,9.600000000000001,47.6,-1,2.5,0
2015,11,18,22,30,8.9,49.51,-1.1,2.7,0
2015,11,18,23,30,8,52.42,-1.2000000000000002,2.7,0
2015,11,19,0,30,7,56.33,-1.1,2.5,0
2015,11,19,1,30,6,61.31,-0.9,2.1,0
2015,11,19,2,30,5.300000000000001,65.24,-0.7000000000000001,2.2,0
2015,11,19,3,30,5.2,66.28,-0.6000000000000001,3,0
2015,11,19,4,30,5.2,66.74,-0.5,3.8000000000000003,0
2015,11,19,5,30,4.800000000000001,68.68,-0.5,4.1000000000000005,0
2015,11,19,6,30,4.1000000000000005,70.56,-0.8,3.8000000000000003,0
2015,11,19,7,30,4.4,66.28,-1.3,4,18
2015,11,19,8,30,6.4,56.02,-1.7000000000000002,5,198
2015,11,19,9,30,9,43.42,-2.8000000000000003,5.5,393
2015,11,19,10,30,11.5,35.63,-3.2,5,548
2015,11,19,11,30,13.5,32.3,-2.8000000000000003,4.1000000000000005,651
2015,11,19,12,30,15.100000000000001,30.6,-2.1,3.3000000000000003,689
2015,11,19,13,30,16.1,29.84,-1.6,2.7,659
2015,11,19,14,30,16.5,29.7,-1.3,2.3000000000000003,563
2015,11,19,15,30,16.2,30.69,-1.1,2,410
2015,11,19,16,30,14.4,35.03,-0.9,1.4000000000000001,219
2015,11,19,17,30,11.5,52.730000000000004,2.2,1.1,32
2015,11,19,18,30,9.5,54.28,0.7000000000000001,1.2000000000000002,0
2015,11,19,19,30,8.5,57.120000000000005,0.5,1.3,0
2015,11,19,20,30,7.7,59.71,0.4,1.3,0
2015,11,19,21,30,6.9,62.99,0.30000000000000004,1.3,0
2015,11,19,22,30,6.2,66.99,0.5,1.3,0
2015,11,19,23,30,5.6000000000000005,72.10000000000001,1,1.3,0
2015,11,20,0,30,5,78.71000000000001,1.6,1.3,0
2015,11,20,1,30,4.6000000000000005,85.16,2.3000000000000003,1.2000000000000002,0
2015,11,20,2,30,4.3,91.07000000000001,3,1.1,0
2015,11,20,3,30,4.1000000000000005,96.10000000000001,3.5,1.1,0
2015,11,20,4,30,3.7,100,3.7,1.1,0
2015,11,20,5,30,3.3000000000000003,100,3.3000000000000003,1.2000000000000002,0
2015,11,20,6,30,3,100,3,1.4000000000000001,0
2015,11,20,7,30,4.3,99.61,4.2,2.1,16
2015,11,20,8,30,7.300000000000001,80.55,4.2,2.9000000000000004,187
2015,11,20,9,30,11,62.25,4.1000000000000005,3.6,380
2015,11,20,10,30,14.9,45.78,3.3000000000000003,4.5,537
2015,11,20,11,30,18,35.2,2.4000000000000004,4.9,640
2015,11,20,12,30,20.3,29.080000000000002,1.7000000000000002,4.9,678
2015,11,20,13,30,21.900000000000002,25.13,1.1,4.800000000000001,649
2015,11,20,14,30,22.6,23.41,0.7000000000000001,4.5,554
2015,11,20,15,30,22.1,24.02,0.6000000000000001,3.5,405
2015,11,20,16,30,19.3,33.660000000000004,2.9000000000000004,2,215
2015,11,20,17,30,15.9,47.33,4.7,1.5,31
2015,11,20,18,30,14.100000000000001,45.83,2.6,1.6,0
2015,11,20,19,30,12.9,49.79,2.7,1.7000000000000002,0
2015,11,20,20,30,11.9,54.93,3.1,1.8,0
2015,11,20,21,30,11.3,60.050000000000004,3.8000000000000003,2.1,0
2015,11,20,22,30,10.700000000000001,63.82,4.1000000000000005,2.2,0
2015,11,20,23,30,10.100000000000001,63.92,3.6,2.2,0
2015,11,21,0,30,9.4,63.230000000000004,2.8000000000000003,2.6,0
2015,11,21,1,30,8.4,64.05,2,5.2,0
2015,11,21,2,30,6.300000000000001,68.85000000000001,1,7.9,0
2015,11,21,3,30,4.1000000000000005,67.69,-1.3,8.200000000000001,0
2015,11,21,4,30,3.1,61.68,-3.6,7.5,0
2015,11,21,5,30,2.5,60.22,-4.4,7,0
2015,11,21,6,30,1.9000000000000001,60.660000000000004,-4.9,6.5,0
2015,11,21,7,30,1.8,58.97,-5.4,6.4,6
2015,11,21,8,30,2.6,53.94,-5.800000000000001,6.9,185
2015,11,21,9,30,4.1000000000000005,45.72,-6.6000000000000005,7.300000000000001,379
2015,11,21,10,30,5.7,37.62,-7.7,7.2,541
2015,11,21,11,30,7.2,31.490000000000002,-8.6,6.9,650
2015,11,21,12,30,8.4,27.740000000000002,-9.200000000000001,6.5,689
2015,11,21,13,30,9.1,25.68,-9.600000000000001,6.1000000000000005,660
2015,11,21,14,30,9.3,24.8,-9.9,5.5,569
2015,11,21,15,30,8.9,25.07,-10.100000000000001,4.9,415
2015,11,21,16,30,7.300000000000001,27.830000000000002,-10.100000000000001,3.6,221
2015,11,21,17,30,4.5,37.980000000000004,-8.6,2.1,32
2015,11,21,18,30,2.4000000000000004,49.34,-7.1000000000000005,1.5,0
2015,11,21,19,30,1.6,52.26,-7.1000000000000005,1.3,0
2015,11,21,20,30,1,54.03,-7.300000000000001,1.1,0
2015,11,21,21,30,0.5,54.75,-7.6000000000000005,1.1,0
2015,11,21,22,30,0,55.46,-7.9,1.1,0
2015,11,21,23,30,-0.6000000000000001,56.84,-8.1,1.1,0
2015,11,22,0,30,-1,57.550000000000004,-8.3,1.2000000000000002,0
2015,11,22,1,30,-1.4000000000000001,58.39,-8.5,1.2000000000000002,0
2015,11,22,2,30,-1.7000000000000002,59.120000000000005,-8.6,1.3,0
2015,11,22,3,30,-2,60.14,-8.700000000000001,1.4000000000000001,0
2015,11,22,4,30,-2.2,60.94,-8.700000000000001,1.5,0
2015,11,22,5,30,-2.4000000000000004,62.02,-8.700000000000001,1.7000000000000002,0
2015,11,22,6,30,-2.5,63.01,-8.6,1.9000000000000001,0
2015,11,22,7,30,-1.2000000000000002,58.27,-8.4,2.7,0
2015,11,22,8,30,1.7000000000000002,49.36,-7.800000000000001,3.4000000000000004,191
2015,11,22,9,30,5.4,38.99,-7.5,3.7,388
2015,11,22,10,30,8.9,29.3,-8.1,3.7,548
2015,11,22,11,30,11.5,24.93,-7.9,3.4000000000000004,653
2015,11,22,12,30,13.5,22.61,-7.5,3.1,692
2015,11,22,13,30,14.9,21.47,-7,2.9000000000000004,663
2015,11,22,14,30,15.600000000000001,21.21,-6.5,2.6,567
2015,11,22,15,30,15.4,22.1,-6.2,2.1,413
2015,11,22,16,30,12.9,30.22,-4.2,1.4000000000000001,220
2015,11,22,17,30,9.4,48.42,-0.9,1.3,31
2015,11,22,18,30,7.2,46.58,-3.5,1.5,0
2015,11,22,19,30,5.9,49.89,-3.8000000000000003,1.6,0
2015,11,22,20,30,5.1000000000000005,51.65,-4,1.7000000000000002,0
2015,11,22,21,30,4.4,52.96,-4.4,1.9000000000000001,0
2015,11,22,22,30,3.7,54.38,-4.7,2.1,0
2015,11,22,23,30,2.9000000000000004,56.4,-4.9,2.1,0
2015,11,23,0,30,2.1,58.69,-5.2,2.1,0
2015,11,23,1,30,1.5,60.43,-5.300000000000001,1.9000000000000001,0
2015,11,23,2,30,1,62.050000000000004,-5.5,1.7000000000000002,0
2015,11,23,3,30,0.6000000000000001,63.89,-5.5,1.5,0
2015,11,23,4,30,0.4,65.44,-5.300000000000001,1.4000000000000001,0
2015,11,23,5,30,0.2,67.9,-5,1.4000000000000001,0
2015,11,23,6,30,0.30000000000000004,69.18,-4.7,1.2000000000000002,0
2015,11,23,7,30,1.6,65.14,-4.2,1.4000000000000001,0
2015,11,23,8,30,3.9000000000000004,59.33,-3.3000000000000003,1.9000000000000001,135
2015,11,23,9,30,6.7,49.870000000000005,-3,2.1,314
2015,11,23,10,30,10.100000000000001,41.44,-2.4000000000000004,2.7,528
2015,11,23,11,30,13.200000000000001,34.18,-2.3000000000000003,3.6,595
2015,11,23,12,30,14.9,30.77,-2.2,4,531
2015,11,23,13,30,15.200000000000001,30.75,-1.9000000000000001,4,411
2015,11,23,14,30,14.600000000000001,32.77,-1.6,3.6,382
2015,11,23,15,30,13.4,37.75,-0.7000000000000001,2.9000000000000004,223
2015,11,23,16,30,11.8,45.22,0.30000000000000004,2.4000000000000004,96
2015,11,23,17,30,10.600000000000001,49.08,0.30000000000000004,2.7,11
2015,11,23,18,30,9.9,49.72,-0.1,3.2,0
2015,11,23,19,30,9.1,51.77,-0.30000000000000004,3.1,0
2015,11,23,20,30,8.4,54.18,-0.30000000000000004,3.1,0
2015,11,23,21,30,7.5,56.79,-0.5,3.3000000000000003,0
2015,11,23,22,30,6.7,58.9,-0.8,3.6,0
2015,11,23,23,30,6,60.71,-1,3.9000000000000004,0
2015,11,24,0,30,5.4,62.4,-1.2000000000000002,3.9000000000000004,0
2015,11,24,1,30,4.800000000000001,64.47,-1.3,3.9000000000000004,0
2015,11,24,2,30,4.3,66.94,-1.3,3.7,0
2015,11,24,3,30,3.8000000000000003,71.09,-1,3.5,0
2015,11,24,4,30,3.4000000000000004,76.69,-0.30000000000000004,3.3000000000000003,0
2015,11,24,5,30,2.9000000000000004,84.05,0.5,3.1,0
2015,11,24,6,30,2.7,89.61,1.2000000000000002,3.1,0
2015,11,24,7,30,3.5,87.93,1.7000000000000002,3.6,0
2015,11,24,8,30,5.800000000000001,76.97,2.1,4.2,173
2015,11,24,9,30,9.5,60.82,2.3000000000000003,4.6000000000000005,364
2015,11,24,10,30,13.5,46.52,2.3000000000000003,4.7,521
2015,11,24,11,30,16.900000000000002,37.51,2.3000000000000003,4.800000000000001,555
2015,11,24,12,30,19.5,31.990000000000002,2.4000000000000004,4.9,650
2015,11,24,13,30,21.3,28.080000000000002,2.1,4.800000000000001,636
2015,11,24,14,30,22,26.19,1.7000000000000002,4.6000000000000005,545
2015,11,24,15,30,21.5,26.8,1.6,3.8000000000000003,396
2015,11,24,16,30,18.3,36.63,3.2,2.4000000000000004,208
2015,11,24,17,30,14.5,51.04,4.5,2.2,27
2015,11,24,18,30,13.100000000000001,53.21,3.8000000000000003,3.3000000000000003,0
2015,11,24,19,30,12.5,60.76,5.1000000000000005,4.4,0
2015,11,24,20,30,11.3,75.18,7.1000000000000005,4.9,0
2015,11,24,21,30,10.200000000000001,89.81,8.6,4.7,0
2015,11,24,22,30,9.600000000000001,99.23,9.5,4.6000000000000005,0
2015,11,24,23,30,9.4,100,9.4,4.5,0
2015,11,25,0,30,9.3,100,9.3,4.2,0
2015,11,25,1,30,9.200000000000001,100,9.200000000000001,3.9000000000000004,0
2015,11,25,2,30,9.200000000000001,100,9.200000000000001,3.6,0
2015,11,25,3,30,9.1,100,9.1,3.3000000000000003,0
2015,11,25,4,30,9,100,9,3.3000000000000003,0
2015,11,25,5,30,8.9,100,8.9,3.5,0
2015,11,25,6,30,8.8,99.97,8.8,3.7,0
2015,11,25,7,30,9.3,96.67,8.8,3.9000000000000004,0
2015,11,25,8,30,10.9,87.76,9,4.5,165
2015,11,25,9,30,13.5,75.34,9.200000000000001,5,353
2015,11,25,10,30,16.6,62.45,9.4,5.4,509
2015,11,25,11,30,19.5,51.31,9.200000000000001,5.7,610
2015,11,25,12,30,22,42.89,8.8,6,649
2015,11,25,13,30,23.5,38.11,8.4,6,619
2015,11,25,14,30,23.900000000000002,36.56,8.1,5.9,527
2015,11,25,15,30,23.200000000000003,38.69,8.4,5.7,379
2015,11,25,16,30,21,46.83,9.200000000000001,4.7,195
2015,11,25,17,30,18.1,60.68,10.4,3.9000000000000004,24
2015,11,25,18,30,16.400000000000002,72.39,11.4,4.1000000000000005,0
2015,11,25,19,30,15.600000000000001,83.03,12.700000000000001,4.800000000000001,0
2015,11,25,20,30,15,93.8,14,5.2,0
2015,11,25,21,30,15,99.57000000000001,14.9,5.300000000000001,0
2015,11,25,22,30,15.3,100,15.3,5.5,0
2015,11,25,23,30,15.700000000000001,99.44,15.600000000000001,5.800000000000001,0
2015,11,26,0,30,16,99.54,15.9,6.1000000000000005,0
2015,11,26,1,30,16.3,99.4,16.2,6,0
2015,11,26,2,30,16.5,99.14,16.400000000000002,5.9,0
2015,11,26,3,30,16.6,99.25,16.5,5.9,0
2015,11,26,4,30,16.7,99.14,16.6,5.800000000000001,0
2015,11,26,5,30,16.6,99.71000000000001,16.6,5.6000000000000005,0
2015,11,26,6,30,16.400000000000002,100,16.400000000000002,5.2,0
2015,11,26,7,30,16.3,99.83,16.3,4.9,0
2015,11,26,8,30,16.6,97.45,16.2,4.9,63
2015,11,26,9,30,17.3,93.87,16.3,5.2,151
2015,11,26,10,30,18.3,89.3,16.5,5.6000000000000005,363
2015,11,26,11,30,19.400000000000002,82.96000000000001,16.400000000000002,6.2,328
2015,11,26,12,30,20.200000000000003,76.61,16,6.4,469
2015,11,26,13,30,20.700000000000003,72.78,15.600000000000001,6.4,180
2015,11,26,14,30,21,72.36,15.8,6.4,195
2015,11,26,15,30,21.1,73.18,16.1,6,33
2015,11,26,16,30,20.1,78.59,16.3,4.6000000000000005,95
2015,11,26,17,30,18,91.71000000000001,16.6,3,7
2015,11,26,18,30,16.5,100,16.5,2.3000000000000003,0
2015,11,26,19,30,16.400000000000002,100,16.400000000000002,2.7,0
2015,11,26,20,30,16.7,100,16.7,3.2,0
2015,11,26,21,30,16.900000000000002,100,16.900000000000002,3.5,0
2015,11,26,22,30,16.8,100,16.8,3.3000000000000003,0
2015,11,26,23,30,16.6,100,16.6,2.9000000000000004,0
2015,11,27,0,30,16.5,100,16.5,2.7,0
2015,11,27,1,30,16.6,100,16.6,2.7,0
2015,11,27,2,30,16.3,100,16.3,2.4000000000000004,0
2015,11,27,3,30,15.3,100,15.3,1.8,0
2015,11,27,4,30,13.600000000000001,100,13.600000000000001,2.3000000000000003,0
2015,11,27,5,30,11.200000000000001,100,11.200000000000001,4.4,0
2015,11,27,6,30,8.1,100,8.1,6.4,0
2015,11,27,7,30,4.9,100,4.9,7,0
2015,11,27,8,30,3.1,93.08,2.1,7,50
2015,11,27,9,30,3,83.71000000000001,0.5,6.6000000000000005,102
2015,11,27,10,30,3.3000000000000003,79.63,0.1,6.300000000000001,108
2015,11,27,11,30,3.5,77.82000000000001,0,6.1000000000000005,118
2015,11,27,12,30,3.5,77.29,-0.1,6,203
2015,11,27,13,30,3.2,77.85000000000001,-0.30000000000000004,5.800000000000001,219
2015,11,27,14,30,2.7,79.26,-0.5,5.6000000000000005,11
2015,11,27,15,30,2.2,80.28,-0.8,5.4,30
2015,11,27,16,30,1.7000000000000002,80.97,-1.2000000000000002,5.2,17
2015,11,27,17,30,1.2000000000000002,82.91,-1.4000000000000001,5,5
2015,11,27,18,30,0.9,85.03,-1.3,4.9,0
2015,11,27,19,30,0.7000000000000001,86.38,-1.3,4.800000000000001,0
2015,11,27,20,30,0.7000000000000001,86.5,-1.3,4.5,0
2015,11,27,21,30,0.7000000000000001,87.46000000000001,-1.1,3.9000000000000004,0
2015,11,27,22,30,0.5,89.11,-1.1,3.7,0
2015,11,27,23,30,0.4,89.4,-1.1,3.7,0
2015,11,28,0,30,0.30000000000000004,89.32000000000001,-1.3,3.6,0
2015,11,28,1,30,0,90.13,-1.4000000000000001,3.4000000000000004,0
2015,11,28,2,30,-0.2,89.35000000000001,-1.7000000000000002,3.4000000000000004,0
2015,11,28,3,30,-0.4,88.49,-2.1,3.5,0
2015,11,28,4,30,-0.6000000000000001,88.31,-2.3000000000000003,3.4000000000000004,0
2015,11,28,5,30,-0.6000000000000001,87.44,-2.4000000000000004,3.1,0
2015,11,28,6,30,-0.7000000000000001,87.53,-2.5,2.9000000000000004,0
2015,11,28,7,30,-0.5,86.05,-2.5,2.8000000000000003,0
2015,11,28,8,30,0.1,84.07000000000001,-2.3000000000000003,3,24
2015,11,28,9,30,0.7000000000000001,83.22,-1.8,2.9000000000000004,138
2015,11,28,10,30,1.3,82.76,-1.3,2.4000000000000004,19
2015,11,28,11,30,2.1,81.34,-0.8,2.1,51
2015,11,28,12,30,2.8000000000000003,79.83,-0.30000000000000004,2,136
2015,11,28,13,30,3.5,78.14,0,1.9000000000000001,110
2015,11,28,14,30,3.7,78.93,0.4,1.9000000000000001,109
2015,11,28,15,30,3.6,80.43,0.5,1.9000000000000001,73
2015,11,28,16,30,3.2,83.17,0.6000000000000001,1.8,28
2015,11,28,17,30,2.7,86.65,0.7000000000000001,1.6,1
2015,11,28,18,30,2.2,90.26,0.8,1.8,0
2015,11,28,19,30,2,91.68,0.8,1.8,0
2015,11,28,20,30,2,92.04,0.8,1.5,0
2015,11,28,21,30,2,91.69,0.8,1.1,0
2015,11,28,22,30,2.1,91.08,0.8,1.1,0
2015,11,28,23,30,2,91.86,0.8,1.4000000000000001,0
2015,11,29,0,30,1.9000000000000001,92.8,0.9,1.3,0
2015,11,29,1,30,1.9000000000000001,93.04,0.9,1.1,0
2015,11,29,2,30,1.7000000000000002,94.4,0.9,1.1,0
2015,11,29,3,30,1.7000000000000002,93.9,0.8,1.2000000000000002,0
2015,11,29,4,30,1.7000000000000002,94.26,0.9,1.3,0
2015,11,29,5,30,1.7000000000000002,94.77,1,1.4000000000000001,0
2015,11,29,6,30,1.6,95.81,1,1.5,0
2015,11,29,7,30,1.7000000000000002,94.66,0.9,1.6,0
2015,11,29,8,30,2.1,92.53,1,1.8,16
2015,11,29,9,30,2.8000000000000003,88.72,1.1,1.7000000000000002,35
2015,11,29,10,30,3.7,84.99,1.4000000000000001,1.4000000000000001,277
2015,11,29,11,30,4.6000000000000005,82.19,1.8,0.9,375
2015,11,29,12,30,5.5,79.84,2.3000000000000003,0.6000000000000001,437
2015,11,29,13,30,6.2,78.85000000000001,2.8000000000000003,0.6000000000000001,594
2015,11,29,14,30,6.7,78.55,3.2,0.6000000000000001,510
2015,11,29,15,30,6.9,79.69,3.6,0.5,147
2015,11,29,16,30,6.5,83.17,3.8000000000000003,0.5,191
2015,11,29,17,30,5.5,91.75,4.3,0.5,24
2015,11,29,18,30,4.7,95.33,4,0.6000000000000001,0
2015,11,29,19,30,4.2,97.79,3.9000000000000004,0.7000000000000001,0
2015,11,29,20,30,3.7,99.04,3.6,1.1,0
2015,11,29,21,30,3.2,100,3.2,1.4000000000000001,0
2015,11,29,22,30,2.9000000000000004,100,2.9000000000000004,1.7000000000000002,0
2015,11,29,23,30,2.8000000000000003,99.16,2.7,1.8,0
2015,11,30,0,30,2.8000000000000003,97.95,2.5,1.7000000000000002,0
2015,11,30,1,30,2.8000000000000003,97.48,2.4000000000000004,1.6,0
2015,11,30,2,30,3,96.62,2.5,1.4000000000000001,0
2015,11,30,3,30,3.3000000000000003,95.88,2.7,1.4000000000000001,0
2015,11,30,4,30,3.5,96.3,3,1.3,0
2015,11,30,5,30,3.5,97.79,3.2,1.3,0
2015,11,30,6,30,3.6,97.97,3.3000000000000003,1.4000000000000001,0
2015,11,30,7,30,4.1000000000000005,95.64,3.5,1.6,0
2015,11,30,8,30,5,92.2,3.8000000000000003,2.1,26
2015,11,30,9,30,6,88.68,4.3,2.5,64
2015,11,30,10,30,7.300000000000001,82.53,4.5,2.7,231
2015,11,30,11,30,9.1,73.37,4.6000000000000005,2.9000000000000004,334
2015,11,30,12,30,11,61.85,4,3,658
2015,11,30,13,30,12.4,52.29,2.9000000000000004,3.1,606
2015,11,30,14,30,12.9,47.45,2,3,521
2015,11,30,15,30,12.600000000000001,46.9,1.5,2.4000000000000004,303
2015,11,30,16,30,10.9,60.65,3.6,1.5,90
2015,11,30,17,30,8.9,70.64,3.9000000000000004,1.1,15
2015,11,30,18,30,8.200000000000001,62.29,1.4000000000000001,1.1,0
2015,11,30,19,30,7.800000000000001,61.45,0.8,0.9,0
2015,11,30,20,30,7.2,62.57,0.5,0.8,0
2015,11,30,21,30,6.5,64.48,0.30000000000000004,0.8,0
2015,11,30,22,30,6.1000000000000005,65.15,0,0.7000000000000001,0
2015,11,30,23,30,5.7,67.08,0.1,0.7000000000000001,0
2015,12,1,0,30,5,71.32000000000001,0.2,0.8,0
2015,12,1,1,30,4.2,75.83,0.30000000000000004,0.9,0
2015,12,1,2,30,3.5,79.64,0.30000000000000004,1,0
2015,12,1,3,30,2.9000000000000004,82.57000000000001,0.2,1,0
2015,12,1,4,30,2.6,83.60000000000001,0.1,0.9,0
2015,12,1,5,30,2.3000000000000003,84.86,0,0.9,0
2015,12,1,6,30,2.1,85.24,-0.1,0.9,0
2015,12,1,7,30,2.5,81.84,-0.30000000000000004,0.8,0
2015,12,1,8,30,3.9000000000000004,77.99,0.4,0.8,79
2015,12,1,9,30,5.7,67.09,0.1,0.6000000000000001,233
2015,12,1,10,30,8.1,60.61,0.9,1,388
2015,12,1,11,30,11.100000000000001,56.82,2.9000000000000004,2.5,450
2015,12,1,12,30,13.200000000000001,51.27,3.4000000000000004,3.5,651
2015,12,1,13,30,14.200000000000001,45.57,2.6,3.7,606
2015,12,1,14,30,14.700000000000001,41.59,1.8,3.6,535
2015,12,1,15,30,14.3,39.83,0.8,2.8000000000000003,390
2015,12,1,16,30,11.700000000000001,52.85,2.4000000000000004,1.7000000000000002,204
2015,12,1,17,30,8.4,67.33,2.7,1.4000000000000001,26
2015,12,1,18,30,6.800000000000001,61.870000000000005,0,1.5,0
2015,12,1,19,30,5.9,61.07,-1,1.5,0
2015,12,1,20,30,5,60.910000000000004,-1.9000000000000001,1.5,0
2015,12,1,21,30,4,62.18,-2.6,1.6,0
2015,12,1,22,30,2.9000000000000004,64.67,-3.1,1.7000000000000002,0
2015,12,1,23,30,1.8,67.73,-3.5,1.7000000000000002,0
2015,12,2,0,30,0.7000000000000001,70.82000000000001,-4,1.7000000000000002,0
2015,12,2,1,30,-0.30000000000000004,73.87,-4.4,1.6,0
2015,12,2,2,30,-1.1,76.61,-4.7,1.4000000000000001,0
2015,12,2,3,30,-1.7000000000000002,79.89,-4.7,1.4000000000000001,0
2015,12,2,4,30,-2.1,84.04,-4.4,1.4000000000000001,0
2015,12,2,5,30,-2.3000000000000003,88.62,-3.9000000000000004,1.4000000000000001,0
2015,12,2,6,30,-2.5,93.74,-3.4000000000000004,1.6,0
2015,12,2,7,30,-1.2000000000000002,88.04,-2.9000000000000004,2.2,0
2015,12,2,8,30,1.5,76.35000000000001,-2.2,3,159
2015,12,2,9,30,4.7,64.02,-1.5,2.7,353
2015,12,2,10,30,8.5,52.22,-0.7000000000000001,2.4000000000000004,508
2015,12,2,11,30,11.5,34.94,-3.5,2.2,614
2015,12,2,12,30,13.100000000000001,26.76,-5.6000000000000005,1.6,656
2015,12,2,13,30,13.9,24.66,-6,0.9,631
2015,12,2,14,30,14.200000000000001,24.150000000000002,-6,0.5,540
2015,12,2,15,30,13.8,25.04,-5.9,0.2,389
2015,12,2,16,30,12.3,34.550000000000004,-2.9000000000000004,0.30000000000000004,204
2015,12,2,17,30,10.3,38.86,-3.1,0.6000000000000001,25
2015,12,2,18,30,8.8,37.72,-4.9,0.9,0
2015,12,2,19,30,7.4,42,-4.7,1.1,0
2015,12,2,20,30,6,47.5,-4.3,1.3,0
2015,12,2,21,30,4.7,52.370000000000005,-4.2,1.4000000000000001,0
2015,12,2,22,30,3.6,56.78,-4.2,1.4000000000000001,0
2015,12,2,23,30,2.6,60.94,-4.2,1.5,0
2015,12,3,0,30,1.9000000000000001,63.9,-4.2,1.5,0
2015,12,3,1,30,1.3,66.49,-4.3,1.6,0
2015,12,3,2,30,0.7000000000000001,69.34,-4.3,1.6,0
2015,12,3,3,30,0.2,71.94,-4.3,1.6,0
2015,12,3,4,30,-0.30000000000000004,74.54,-4.3,1.6,0
2015,12,3,5,30,-0.7000000000000001,76.66,-4.3,1.5,0
2015,12,3,6,30,-1,78.48,-4.3,1.5,0
2015,12,3,7,30,0.1,72.66,-4.2,1.6,0
2015,12,3,8,30,3.1,64.72,-2.9000000000000004,2.2,152
2015,12,3,9,30,6.4,52.550000000000004,-2.6,2.3000000000000003,342
2015,12,3,10,30,10.200000000000001,44.84,-1.3,3,501
2015,12,3,11,30,13.5,33.19,-2.4000000000000004,4.3,606
2015,12,3,12,30,15.3,28.490000000000002,-2.9000000000000004,4.5,645
2015,12,3,13,30,16.2,26.89,-2.9000000000000004,4.3,621
2015,12,3,14,30,16.400000000000002,26.69,-2.8000000000000003,4,531
2015,12,3,15,30,15.5,28.68,-2.6,3.2,385
2015,12,3,16,30,12.4,43.14,0.2,2,201
2015,12,3,17,30,8.700000000000001,60.870000000000005,1.6,1.6,25
2015,12,3,18,30,6.9,61.79,0.1,1.9000000000000001,0
2015,12,3,19,30,6.2,63.21,-0.30000000000000004,2.2,0
2015,12,3,20,30,5.6000000000000005,64.55,-0.6000000000000001,2.5,0
2015,12,3,21,30,4.9,66.96000000000001,-0.7000000000000001,2.6,0
2015,12,3,22,30,4.2,69.84,-0.8,2.7,0
2015,12,3,23,30,3.4000000000000004,73.67,-0.9,2.6,0
2015,12,4,0,30,2.7,77.52,-0.8,2.6,0
2015,12,4,1,30,2,82.08,-0.7000000000000001,2.4000000000000004,0
2015,12,4,2,30,1.5,86.37,-0.5,2.2,0
2015,12,4,3,30,1,91.25,-0.30000000000000004,2,0
2015,12,4,4,30,0.6000000000000001,95.84,0,2,0
2015,12,4,5,30,0.30000000000000004,100,0.30000000000000004,2,0
2015,12,4,6,30,0,100,0,2.2,0
2015,12,4,7,30,1,100,1,2.9000000000000004,0
2015,12,4,8,30,3.5,86.74,1.5,3.7,145
2015,12,4,9,30,6.800000000000001,71.33,2,4.3,334
2015,12,4,10,30,10.100000000000001,58.120000000000005,2.2,5.300000000000001,492
2015,12,4,11,30,12.700000000000001,48.160000000000004,2,5.800000000000001,598
2015,12,4,12,30,14.4,42.69,1.9000000000000001,6,643
2015,12,4,13,30,15.4,39.82,1.8,6,617
2015,12,4,14,30,15.700000000000001,38.65,1.6,5.800000000000001,527
2015,12,4,15,30,15,39.82,1.4000000000000001,5.1000000000000005,385
2015,12,4,16,30,12.5,47.39,1.6,3.5,137
2015,12,4,17,30,9.200000000000001,62.870000000000005,2.5,2.3000000000000003,11
2015,12,4,18,30,7.800000000000001,67.24,2.1,2.5,0
2015,12,4,19,30,7.300000000000001,69.28,2,2.8000000000000003,0
2015,12,4,20,30,6.800000000000001,71.73,2.1,3.2,0
2015,12,4,21,30,6.2,75.05,2.1,3.4000000000000004,0
2015,12,4,22,30,5.4,79.51,2.1,3.4000000000000004,0
2015,12,4,23,30,4.7,83.32000000000001,2.1,3.2,0
2015,12,5,0,30,4.1000000000000005,86.41,2,3.1,0
2015,12,5,1,30,3.7,88,1.9000000000000001,3,0
2015,12,5,2,30,3.4000000000000004,89.03,1.8,2.9000000000000004,0
2015,12,5,3,30,2.9000000000000004,91.60000000000001,1.7000000000000002,2.8000000000000003,0
2015,12,5,4,30,2.3000000000000003,95.47,1.6,2.7,0
2015,12,5,5,30,1.8,99.38,1.7000000000000002,2.6,0
2015,12,5,6,30,1.5,100,1.5,2.7,0
2015,12,5,7,30,2.2,98.25,2,3.4000000000000004,0
2015,12,5,8,30,4.3,85.74,2.1,4.2,87
2015,12,5,9,30,7.4,72.2,2.7,4.6000000000000005,275
2015,12,5,10,30,10.600000000000001,61.27,3.5,4.800000000000001,358
2015,12,5,11,30,13.4,53.56,4.2,4.800000000000001,510
2015,12,5,12,30,15.600000000000001,48.14,4.7,4.7,630
2015,12,5,13,30,17.1,44.9,5,4.6000000000000005,491
2015,12,5,14,30,17.900000000000002,43.38,5.300000000000001,4.3,488
2015,12,5,15,30,17.400000000000002,45.56,5.5,3.5,379
2015,12,5,16,30,14.600000000000001,59.18,6.7,2.3000000000000003,186
2015,12,5,17,30,11.100000000000001,75.28,6.9,1.7000000000000002,14
2015,12,5,18,30,9.200000000000001,82.42,6.4,1.9000000000000001,0
2015,12,5,19,30,8.200000000000001,91.05,6.800000000000001,2.1,0
2015,12,5,20,30,7.1000000000000005,100,7.1000000000000005,1.8,0
2015,12,5,21,30,6.300000000000001,100,6.300000000000001,1.4000000000000001,0
2015,12,5,22,30,5.9,100,5.9,1,0
2015,12,5,23,30,5.7,100,5.7,1.4000000000000001,0
2015,12,6,0,30,5.2,93.38,4.2,2.3000000000000003,0
2015,12,6,1,30,3.9000000000000004,89.42,2.3000000000000003,2.5,0
2015,12,6,2,30,2.7,85.99,0.6000000000000001,2.2,0
2015,12,6,3,30,2.1,83.75,-0.4,2,0
2015,12,6,4,30,1.6,85.79,-0.5,1.9000000000000001,0
2015,12,6,5,30,1.6,87.07000000000001,-0.30000000000000004,2.1,0
2015,12,6,6,30,1.5,89.11,-0.1,2.3000000000000003,0
2015,12,6,7,30,2.3000000000000003,84.45,-0.1,2.7,0
2015,12,6,8,30,4.6000000000000005,72.02,0,3.3000000000000003,142
2015,12,6,9,30,7.9,58.13,0.2,3.6,330
2015,12,6,10,30,11.100000000000001,46.83,0.2,3.7,489
2015,12,6,11,30,13.3,41.84,0.6000000000000001,3.3000000000000003,595
2015,12,6,12,30,14.9,38.89,1,2.8000000000000003,639
2015,12,6,13,30,16,36.29,1,2.4000000000000004,615
2015,12,6,14,30,16.400000000000002,33.81,0.4,2,528
2015,12,6,15,30,15.9,33.99,0,1.3,384
2015,12,6,16,30,14.3,42.75,1.8,0.7000000000000001,201
2015,12,6,17,30,12.600000000000001,44.71,0.9,0.6000000000000001,25
2015,12,6,18,30,11.100000000000001,44.97,-0.4,0.8,0
2015,12,6,19,30,9.700000000000001,49.45,-0.4,1,0
2015,12,6,20,30,8.3,54.28,-0.4,1.2000000000000002,0
2015,12,6,21,30,7.1000000000000005,58.78,-0.4,1.3,0
2015,12,6,22,30,6.1000000000000005,62.56,-0.5,1.4000000000000001,0
2015,12,6,23,30,5.2,66.17,-0.6000000000000001,1.4000000000000001,0
2015,12,7,0,30,4.4,69.65,-0.7000000000000001,1.5,0
2015,12,7,1,30,3.7,72.95,-0.7000000000000001,1.5,0
2015,12,7,2,30,3.1,75.98,-0.7000000000000001,1.6,0
2015,12,7,3,30,2.6,78.92,-0.7000000000000001,1.7000000000000002,0
2015,12,7,4,30,2.2,81.65,-0.6000000000000001,1.8,0
2015,12,7,5,30,1.8,84.4,-0.6000000000000001,2,0
2015,12,7,6,30,1.5,86.28,-0.5,2.1,0
2015,12,7,7,30,2.6,79.37,-0.6000000000000001,2.5,0
2015,12,7,8,30,5.300000000000001,66.36,-0.5,3.3000000000000003,140
2015,12,7,9,30,8.4,54.53,-0.2,3.4000000000000004,261
2015,12,7,10,30,11.9,45.300000000000004,0.4,3.7,464
2015,12,7,11,30,14.9,37.6,0.6000000000000001,4.1000000000000005,504
2015,12,7,12,30,17.1,32.04,0.30000000000000004,4.1000000000000005,586
2015,12,7,13,30,18.400000000000002,28.64,-0.1,4,621
2015,12,7,14,30,18.8,27.6,-0.30000000000000004,3.8000000000000003,481
2015,12,7,15,30,17.8,29.78,-0.1,2.9000000000000004,267
2015,12,7,16,30,14.5,46.62,3.2,1.9000000000000001,203
2015,12,7,17,30,11.100000000000001,57.38,3,1.7000000000000002,25
2015,12,7,18,30,9.8,57.08,1.7000000000000002,1.9000000000000001,0
2015,12,7,19,30,9.200000000000001,57.980000000000004,1.4000000000000001,2,0
2015,12,7,20,30,8.5,59.22,1,2.2,0
2015,12,7,21,30,7.9,60.370000000000005,0.7000000000000001,2.5,0
2015,12,7,22,30,7.300000000000001,62.24,0.5,2.9000000000000004,0
2015,12,7,23,30,6.6000000000000005,65.52,0.6000000000000001,3.1,0
2015,12,8,0,30,5.800000000000001,70,0.7000000000000001,3.1,0
2015,12,8,1,30,5.1000000000000005,73.74,0.8,2.9000000000000004,0
2015,12,8,2,30,4.4,76.44,0.6000000000000001,2.8000000000000003,0
2015,12,8,3,30,3.9000000000000004,76.28,0.1,2.7,0
2015,12,8,4,30,3.5,73.26,-0.8,2.7,0
2015,12,8,5,30,3.2,68.38,-2.1,2.9000000000000004,0
2015,12,8,6,30,3,63.77,-3.2,3.3000000000000003,0
2015,12,8,7,30,3.6,57.2,-4.1000000000000005,4.1000000000000005,0
2015,12,8,8,30,5.7,48.36,-4.4,4.7,143
2015,12,8,9,30,8.9,40.25,-3.9000000000000004,4.7,337
2015,12,8,10,30,13,33.32,-2.8000000000000003,4.7,500
2015,12,8,11,30,17.1,26.23,-2.5,4.9,531
2015,12,8,12,30,20.200000000000003,21.25,-2.7,4.9,600
2015,12,8,13,30,22.200000000000003,18.27,-3.1,4.5,512
2015,12,8,14,30,22.700000000000003,17.580000000000002,-3.2,3.8000000000000003,359
2015,12,8,15,30,21,22.78,-1.1,2.4000000000000004,344
2015,12,8,16,30,17.1,46.65,5.6000000000000005,1.4000000000000001,203
2015,12,8,17,30,13.8,49.78,3.5,1.4000000000000001,12
2015,12,8,18,30,12.100000000000001,49.27,1.8,1.4000000000000001,0
2015,12,8,19,30,10.9,53.5,1.8,1.5,0
2015,12,8,20,30,9.8,57.7,1.9000000000000001,1.5,0
2015,12,8,21,30,8.8,61.58,1.8,1.5,0
2015,12,8,22,30,8.1,63.870000000000005,1.7000000000000002,1.5,0
2015,12,8,23,30,7.6000000000000005,64.88,1.4000000000000001,1.5,0
2015,12,9,0,30,7.300000000000001,65.02,1.2000000000000002,1.5,0
2015,12,9,1,30,6.9,65.64,0.9,1.4000000000000001,0
2015,12,9,2,30,6.7,65.57000000000001,0.7000000000000001,1.4000000000000001,0
2015,12,9,3,30,6.9,63.95,0.5,1.3,0
2015,12,9,4,30,7.4,61.32,0.4,1.2000000000000002,0
2015,12,9,5,30,8,58.77,0.4,0.8,0
2015,12,9,6,30,8.3,57.67,0.4,0.4,0
2015,12,9,7,30,8,59.120000000000005,0.5,0.6000000000000001,0
2015,12,9,8,30,9,58.4,1.3,1.3,86
2015,12,9,9,30,11.3,53.25,2.1,1.7000000000000002,243
2015,12,9,10,30,13.700000000000001,46.480000000000004,2.4000000000000004,1.7000000000000002,379
2015,12,9,11,30,16.8,40.03,3.1,2.2,494
2015,12,9,12,30,19.3,34.29,3.2,2.9000000000000004,361
2015,12,9,13,30,20.900000000000002,29.78,2.6,3.3000000000000003,598
2015,12,9,14,30,21.5,27.97,2.2,3.4000000000000004,511
2015,12,9,15,30,20.5,29.87,2.3000000000000003,2.7,283
2015,12,9,16,30,17.2,46.77,5.7,1.8,146
2015,12,9,17,30,13.8,56.120000000000005,5.2,1.8,12
2015,12,9,18,30,12.200000000000001,55.63,3.6,2,0
2015,12,9,19,30,11.5,55.870000000000005,3,2.3000000000000003,0
2015,12,9,20,30,11,55.59,2.5,2.8000000000000003,0
2015,12,9,21,30,10.600000000000001,55.6,2.1,3.3000000000000003,0
2015,12,9,22,30,10,57.22,1.9000000000000001,3.6,0
2015,12,9,23,30,9.3,59.77,1.9000000000000001,3.7,0
2015,12,10,0,30,8.6,62.38,1.8,3.7,0
2015,12,10,1,30,7.9,64.91,1.7000000000000002,3.6,0
2015,12,10,2,30,7.5,66.16,1.6,3.6,0
2015,12,10,3,30,7.5,65.88,1.5,3.7,0
2015,12,10,4,30,7.5,65.72,1.5,3.9000000000000004,0
2015,12,10,5,30,7.5,65.18,1.4000000000000001,4,0
2015,12,10,6,30,7.2,65.47,1.2000000000000002,4,0
2015,12,10,7,30,7.7,61.63,0.8,4.3,0
2015,12,10,8,30,9.9,52.29,0.6000000000000001,4.7,97
2015,12,10,9,30,13.200000000000001,42.65,0.8,4.4,212
2015,12,10,10,30,17.1,35.800000000000004,1.8,3.5,402
2015,12,10,11,30,20.8,30.18,2.7,3.3000000000000003,440
2015,12,10,12,30,23.200000000000003,24.080000000000002,1.6,3.2,582
2015,12,10,13,30,24,22.5,1.3,2.5,607
2015,12,10,14,30,24,22.71,1.4000000000000001,1.8,522
2015,12,10,15,30,22.900000000000002,25.18,1.9000000000000001,1.1,380
2015,12,10,16,30,20.400000000000002,42.550000000000004,7.2,0.9,153
2015,12,10,17,30,17.5,42.95,4.800000000000001,1.2000000000000002,13
2015,12,10,18,30,15.100000000000001,45.04,3.3000000000000003,1.4000000000000001,0
2015,12,10,19,30,13.200000000000001,51,3.3000000000000003,1.6,0
2015,12,10,20,30,11.9,55.07,3.2,1.7000000000000002,0
2015,12,10,21,30,11,57.46,2.9000000000000004,1.9000000000000001,0
2015,12,10,22,30,10.5,58.22,2.6,2.2,0
2015,12,10,23,30,10.100000000000001,58.95,2.4000000000000004,2.6,0
2015,12,11,0,30,9.600000000000001,60.44,2.3000000000000003,2.8000000000000003,0
2015,12,11,1,30,9.1,61.86,2.2,2.9000000000000004,0
2015,12,11,2,30,8.5,62.910000000000004,1.8,2.9000000000000004,0
2015,12,11,3,30,8.1,62.45,1.4000000000000001,2.9000000000000004,0
2015,12,11,4,30,7.7,62.01,0.9,2.9000000000000004,0
2015,12,11,5,30,7.4,61.660000000000004,0.5,2.8000000000000003,0
2015,12,11,6,30,7.300000000000001,61.18,0.30000000000000004,2.8000000000000003,0
2015,12,11,7,30,8.1,57.44,0.2,3.2,0
2015,12,11,8,30,10.600000000000001,49.49,0.5,4,95
2015,12,11,9,30,13.600000000000001,41.69,0.8,4.3,222
2015,12,11,10,30,17,35.99,1.8,4,332
2015,12,11,11,30,20.700000000000003,31.52,3.2,4.5,474
2015,12,11,12,30,23.5,25.95,2.9000000000000004,5.5,586
2015,12,11,13,30,24.8,22.29,1.8,5.7,611
2015,12,11,14,30,24.900000000000002,21.830000000000002,1.6,4.7,525
2015,12,11,15,30,23.1,27.5,3.3000000000000003,2.8000000000000003,381
2015,12,11,16,30,19.5,47.160000000000004,7.9,1.6,169
2015,12,11,17,30,16.3,51.26,6.2,1.7000000000000002,15
2015,12,11,18,30,14.600000000000001,52.56,5,2,0
2015,12,11,19,30,13.600000000000001,57.84,5.5,2.7,0
2015,12,11,20,30,12.8,63.690000000000005,6.1000000000000005,3.6,0
2015,12,11,21,30,12.3,69,6.800000000000001,4,0
2015,12,11,22,30,11.8,75.82000000000001,7.7,3.9000000000000004,0
2015,12,11,23,30,11.5,82.75,8.700000000000001,3.5,0
2015,12,12,0,30,11.3,88.74,9.5,3.4000000000000004,0
2015,12,12,1,30,11.100000000000001,93.26,10.100000000000001,3.4000000000000004,0
2015,12,12,2,30,11.100000000000001,96.75,10.600000000000001,3.8000000000000003,0
2015,12,12,3,30,11,100,11,4.3,0
2015,12,12,4,30,10.700000000000001,100,10.700000000000001,4.6000000000000005,0
2015,12,12,5,30,10.4,100,10.4,4.7,0
2015,12,12,6,30,10,98.8,9.8,4.5,0
2015,12,12,7,30,10.200000000000001,92.21000000000001,9,4.4,0
2015,12,12,8,30,11.4,81.35000000000001,8.3,4.4,36
2015,12,12,9,30,13.4,68.94,7.800000000000001,4.3,207
2015,12,12,10,30,15.8,59.77,8,4.7,423
2015,12,12,11,30,18.1,52.34,8.200000000000001,5.7,392
2015,12,12,12,30,19.6,46.480000000000004,7.800000000000001,6.6000000000000005,470
2015,12,12,13,30,20.5,43.61,7.7,7,245
2015,12,12,14,30,20.900000000000002,43.300000000000004,8,7.1000000000000005,229
2015,12,12,15,30,20.700000000000003,44.57,8.200000000000001,6.6000000000000005,366
2015,12,12,16,30,19,50.4,8.5,5.5,144
2015,12,12,17,30,16.3,62.370000000000005,9.1,4.3,24
2015,12,12,18,30,14.200000000000001,76.25,10.100000000000001,4.800000000000001,0
2015,12,12,19,30,12.100000000000001,89.49,10.4,6.800000000000001,0
2015,12,12,20,30,9.5,88.3,7.7,7.1000000000000005,0
2015,12,12,21,30,8.1,76.91,4.3,5.1000000000000005,0
2015,12,12,22,30,7.7,76.62,3.9000000000000004,3.3000000000000003,0
2015,12,12,23,30,7.1000000000000005,81.2,4.1000000000000005,2.7,0
2015,12,13,0,30,5.9,83.29,3.3000000000000003,2.9000000000000004,0
2015,12,13,1,30,4.7,81.63,1.8,2.9000000000000004,0
2015,12,13,2,30,3.8000000000000003,79.27,0.5,3,0
2015,12,13,3,30,3.5,76.27,-0.30000000000000004,3.3000000000000003,0
2015,12,13,4,30,3.3000000000000003,76.75,-0.4,3.6,0
2015,12,13,5,30,3.1,79.59,-0.1,3.6,0
2015,12,13,6,30,2.8000000000000003,83.22,0.2,3.6,0
2015,12,13,7,30,3.2,81.8,0.4,4,0
2015,12,13,8,30,4.9,73.99,0.7000000000000001,5,116
2015,12,13,9,30,7.2,63.78,0.8,6,298
2015,12,13,10,30,9,54.300000000000004,0.30000000000000004,6.800000000000001,457
2015,12,13,11,30,10.100000000000001,48.120000000000005,-0.4,7.1000000000000005,149
2015,12,13,12,30,10.700000000000001,44.06,-1,7.300000000000001,617
2015,12,13,13,30,11,40.68,-1.9000000000000001,7.7,597
2015,12,13,14,30,11,38.56,-2.6,7.9,512
2015,12,13,15,30,11.100000000000001,37.97,-2.7,7.300000000000001,374
2015,12,13,16,30,10.5,40.27,-2.5,5.800000000000001,71
2015,12,13,17,30,9.1,46.75,-1.7000000000000002,4.5,8
2015,12,13,18,30,7.7,52.76,-1.3,3.7,0
2015,12,13,19,30,6.5,57.92,-1.2000000000000002,3,0
2015,12,13,20,30,5.6000000000000005,61.33,-1.3,2.8000000000000003,0
2015,12,13,21,30,5,61.800000000000004,-1.7000000000000002,3.3000000000000003,0
2015,12,13,22,30,4.4,61.18,-2.4000000000000004,3.8000000000000003,0
2015,12,13,23,30,3.6,61.11,-3.2,4.1000000000000005,0
2015,12,14,0,30,2.9000000000000004,60.75,-3.9000000000000004,4.2,0
2015,12,14,1,30,2.3000000000000003,60.44,-4.6000000000000005,4.1000000000000005,0
2015,12,14,2,30,1.8,60.6,-5,4,0
2015,12,14,3,30,1.6,60.410000000000004,-5.2,3.9000000000000004,0
2015,12,14,4,30,1.5,60.63,-5.300000000000001,3.7,0
2015,12,14,5,30,1.5,61.03,-5.2,3.6,0
2015,12,14,6,30,1.5,61.800000000000004,-5,3.4000000000000004,0
2015,12,14,7,30,2.5,58.160000000000004,-4.9,3.8000000000000003,0
2015,12,14,8,30,5,50.050000000000004,-4.6000000000000005,4.3,126
2015,12,14,9,30,8.5,41.15,-4,4.5,316
2015,12,14,10,30,12.4,33.75,-3.1,4.7,477
2015,12,14,11,30,15.700000000000001,27.97,-2.8000000000000003,5.2,593
2015,12,14,12,30,18.1,24.54,-2.5,5.6000000000000005,641
2015,12,14,13,30,19.5,22.72,-2.4000000000000004,5.9,617
2015,12,14,14,30,20,22.080000000000002,-2.3000000000000003,5.6000000000000005,532
2015,12,14,15,30,19,23.98,-2,4.1000000000000005,390
2015,12,14,16,30,15.5,38.53,1.4000000000000001,2.4000000000000004,208
2015,12,14,17,30,11.9,50.81,2,2,29
2015,12,14,18,30,10.8,51.04,1.1,2.6,0
2015,12,14,19,30,10.700000000000001,51.620000000000005,1.1,3.7,0
2015,12,14,20,30,10.200000000000001,53.82,1.3,4.6000000000000005,0
2015,12,14,21,30,9.3,56.800000000000004,1.2000000000000002,5,0
2015,12,14,22,30,8.5,58.38,0.8,5.300000000000001,0
2015,12,14,23,30,7.5,61.43,0.6000000000000001,5.1000000000000005,0
2015,12,15,0,30,6.300000000000001,67.69,0.8,4.3,0
2015,12,15,1,30,5.4,73.11,1,3.8000000000000003,0
2015,12,15,2,30,5,73.69,0.7000000000000001,3.7,0
2015,12,15,3,30,4.800000000000001,70.53,-0.1,3.6,0
2015,12,15,4,30,4.6000000000000005,69.22,-0.6000000000000001,3.6,0
2015,12,15,5,30,4.1000000000000005,73.47,-0.2,3.4000000000000004,0
2015,12,15,6,30,3.6,77.93,0.1,3.4000000000000004,0
2015,12,15,7,30,3.9000000000000004,76.4,0.1,3.9000000000000004,0
2015,12,15,8,30,5.800000000000001,65.83,-0.1,4.6000000000000005,121
2015,12,15,9,30,8.6,50.480000000000004,-1.1,5.5,310
2015,12,15,10,30,11,30.32,-5.800000000000001,6.5,472
2015,12,15,11,30,12.4,22.95,-8.200000000000001,7.1000000000000005,582
2015,12,15,12,30,13.200000000000001,21.56,-8.3,7.4,631
2015,12,15,13,30,13.600000000000001,22.150000000000002,-7.7,7.6000000000000005,608
2015,12,15,14,30,13.5,23.56,-6.9,7.6000000000000005,523
2015,12,15,15,30,12.9,25.28,-6.5,7.2,382
2015,12,15,16,30,11.200000000000001,28.28,-6.5,6.1000000000000005,200
2015,12,15,17,30,8.8,33.29,-6.5,4.7,27
2015,12,15,18,30,6.6000000000000005,38.03,-6.7,3.7,0
2015,12,15,19,30,5.2,41.21,-6.9,3.2,0
2015,12,15,20,30,4.2,42.64,-7.4,3.2,0
2015,12,15,21,30,3.4000000000000004,43.46,-7.9,3.5,0
2015,12,15,22,30,2.6,44.44,-8.3,3.8000000000000003,0
2015,12,15,23,30,1.8,46.21,-8.5,3.9000000000000004,0
2015,12,16,0,30,1.3,46.93,-8.8,4.2,0
2015,12,16,1,30,0.8,47.56,-9.1,4.2,0
2015,12,16,2,30,0.2,49.19,-9.200000000000001,3.8000000000000003,0
2015,12,16,3,30,-0.6000000000000001,51.96,-9.3,3.1,0
2015,12,16,4,30,-1.4000000000000001,55.800000000000004,-9.1,2.4000000000000004,0
2015,12,16,5,30,-2.1,58.96,-9.1,2,0
2015,12,16,6,30,-2.6,60.71,-9.200000000000001,1.9000000000000001,0
2015,12,16,7,30,-1.8,56.730000000000004,-9.3,2.2,0
2015,12,16,8,30,0.6000000000000001,49.06,-8.9,2.9000000000000004,125
2015,12,16,9,30,4,38.81,-8.8,3,319
2015,12,16,10,30,7.300000000000001,32.92,-8,2.8000000000000003,483
2015,12,16,11,30,9.5,28.23,-8,2.8000000000000003,596
2015,12,16,12,30,10.8,25.51,-8.200000000000001,3,646
2015,12,16,13,30,11.600000000000001,23.72,-8.5,3.2,621
2015,12,16,14,30,11.8,22.87,-8.8,3.2,537
2015,12,16,15,30,11.3,23.27,-9,2.9000000000000004,395
2015,12,16,16,30,8.6,30.38,-7.9,1.9000000000000001,212
2015,12,16,17,30,5.4,50.18,-4.2,1.3,32
2015,12,16,18,30,4,48.88,-5.800000000000001,1.4000000000000001,0
2015,12,16,19,30,3.3000000000000003,49.13,-6.4,1.4000000000000001,0
2015,12,16,20,30,2.6,49.35,-7,1.4000000000000001,0
2015,12,16,21,30,1.7000000000000002,50.63,-7.5,1.5,0
2015,12,16,22,30,0.7000000000000001,52.9,-7.800000000000001,1.6,0
2015,12,16,23,30,0,54.550000000000004,-8.1,2,0
2015,12,17,0,30,-0.6000000000000001,55.870000000000005,-8.3,2.4000000000000004,0
2015,12,17,1,30,-1.2000000000000002,57.67,-8.5,2.6,0
2015,12,17,2,30,-1.8,60.06,-8.5,2.6,0
2015,12,17,3,30,-2.3000000000000003,62.26,-8.5,2.5,0
2015,12,17,4,30,-2.6,63.72,-8.5,2.4000000000000004,0
2015,12,17,5,30,-2.9000000000000004,65.09,-8.5,2.4000000000000004,0
2015,12,17,6,30,-3.1,65.78,-8.6,2.5,0
2015,12,17,7,30,-2.3000000000000003,61.59,-8.700000000000001,3.2,0
2015,12,17,8,30,0,52.76,-8.5,4.1000000000000005,120
2015,12,17,9,30,3.3000000000000003,42.7,-8.200000000000001,4.5,312
2015,12,17,10,30,7.300000000000001,32.95,-8,5.2,481
2015,12,17,11,30,10.4,25.310000000000002,-8.700000000000001,6.2,594
2015,12,17,12,30,11.8,21.56,-9.5,6.9,644
2015,12,17,13,30,12.200000000000001,18.62,-11,7.4,626
2015,12,17,14,30,11.9,16.68,-12.700000000000001,7.300000000000001,542
2015,12,17,15,30,10.8,16.85,-13.4,6.300000000000001,400
2015,12,17,16,30,7.9,21.47,-12.8,4,216
2015,12,17,17,30,4.2,37.22,-9.1,2.1,33
2015,12,17,18,30,2.2,45.95,-8.3,1.7000000000000002,0
2015,12,17,19,30,1.3,48.660000000000004,-8.3,1.6,0
2015,12,17,20,30,0.4,51.2,-8.5,1.6,0
2015,12,17,21,30,-0.6000000000000001,54.660000000000004,-8.6,1.5,0
2015,12,17,22,30,-1.6,58.93,-8.6,1.6,0
2015,12,17,23,30,-2.5,64.47,-8.3,1.7000000000000002,0
2015,12,18,0,30,-3.3000000000000003,72.25,-7.6000000000000005,1.6,0
2015,12,18,1,30,-4.1000000000000005,82.08,-6.7,1.3,0
2015,12,18,2,30,-4.4,88.64,-6,1.1,0
2015,12,18,3,30,-4.3,91.02,-5.5,0.9,0
2015,12,18,4,30,-4.2,92.3,-5.300000000000001,0.8,0
2015,12,18,5,30,-4.4,94.62,-5.1000000000000005,0.9,0
2015,12,18,6,30,-4.7,96.95,-5.1000000000000005,1,0
2015,12,18,7,30,-3.6,88.93,-5.2,1.7000000000000002,0
2015,12,18,8,30,-1.1,73.5,-5.2,2.6,116
2015,12,18,9,30,2.2,58.72,-5.1000000000000005,3.2,304
2015,12,18,10,30,5.800000000000001,45.93,-5,3.8000000000000003,469
2015,12,18,11,30,9,35.08,-5.6000000000000005,4.3,581
2015,12,18,12,30,11.4,28.18,-6.4,4.5,631
2015,12,18,13,30,13.200000000000001,24.57,-6.6000000000000005,4.7,614
2015,12,18,14,30,14.200000000000001,22.85,-6.7,4.6000000000000005,532
2015,12,18,15,30,13.700000000000001,23.89,-6.6000000000000005,3.5,389
2015,12,18,16,30,10.600000000000001,37.480000000000004,-3.3000000000000003,2.1,210
2015,12,18,17,30,7.1000000000000005,51.03,-2.4000000000000004,1.7000000000000002,32
2015,12,18,18,30,5.7,51.43,-3.5,1.9000000000000001,0
2015,12,18,19,30,5,53.83,-3.6,2.5,0
2015,12,18,20,30,4.5,55.74,-3.6,3.2,0
2015,12,18,21,30,3.9000000000000004,57.93,-3.6,3.8000000000000003,0
2015,12,18,22,30,3.2,60.65,-3.7,4.1000000000000005,0
2015,12,18,23,30,2.5,63.99,-3.6,4.2,0
2015,12,19,0,30,1.9000000000000001,67.66,-3.5,4.1000000000000005,0
2015,12,19,1,30,1.3,71.51,-3.3000000000000003,3.8000000000000003,0
2015,12,19,2,30,0.7000000000000001,75.06,-3.2,3.5,0
2015,12,19,3,30,0,79.2,-3.2,3,0
2015,12,19,4,30,-0.6000000000000001,83.02,-3.1,2.6,0
2015,12,19,5,30,-1.1,86.29,-3.1,2.4000000000000004,0
2015,12,19,6,30,-1.4000000000000001,87.95,-3.1,2.3000000000000003,0
2015,12,19,7,30,-0.7000000000000001,83.03,-3.2,2.7,0
2015,12,19,8,30,1.7000000000000002,70.16,-3.2,3.5,115
2015,12,19,9,30,5,56.81,-2.9000000000000004,3.8000000000000003,305
2015,12,19,10,30,8.8,45.59,-2.3000000000000003,4.5,468
2015,12,19,11,30,12.3,35.300000000000004,-2.6,5.4,581
2015,12,19,12,30,14.700000000000001,30.150000000000002,-2.6,5.9,600
2015,12,19,13,30,16,28.26,-2.4000000000000004,6.1000000000000005,594
2015,12,19,14,30,16.2,28.91,-1.9000000000000001,5.9,529
2015,12,19,15,30,15.4,32.34,-1.1,5.1000000000000005,274
2015,12,19,16,30,12.600000000000001,43.58,0.5,3.9000000000000004,208
2015,12,19,17,30,9.700000000000001,57.85,1.8,3.7,31
2015,12,19,18,30,8.6,65.35,2.5,4.5,0
2015,12,19,19,30,8.4,70.43,3.3000000000000003,4.9,0
2015,12,19,20,30,8.200000000000001,74.4,3.9000000000000004,5.1000000000000005,0
2015,12,19,21,30,8,76.49,4.1000000000000005,5.2,0
2015,12,19,22,30,7.9,77.14,4.1000000000000005,5.2,0
2015,12,19,23,30,7.6000000000000005,78.82000000000001,4.2,5,0
2015,12,20,0,30,7.2,81.33,4.2,4.9,0
2015,12,20,1,30,7,83.18,4.3,5,0
2015,12,20,2,30,7,84.01,4.5,4.800000000000001,0
2015,12,20,3,30,7,85.38,4.7,4.6000000000000005,0
2015,12,20,4,30,6.800000000000001,88.57000000000001,5,4.7,0
2015,12,20,5,30,6.7,92.38,5.6000000000000005,5,0
2015,12,20,6,30,6.6000000000000005,96.52,6.1000000000000005,5.1000000000000005,0
2015,12,20,7,30,7,95.91,6.4,5.4,0
2015,12,20,8,30,8.4,88.60000000000001,6.6000000000000005,5.9,43
2015,12,20,9,30,10.9,76.09,6.9,6.6000000000000005,144
2015,12,20,10,30,13.9,62.97,7,6.9,254
2015,12,20,11,30,16.6,52.82,6.9,6.800000000000001,420
2015,12,20,12,30,18.900000000000002,45.68,6.9,6.7,448
2015,12,20,13,30,20.6,41.11,6.9,6.4,540
2015,12,20,14,30,21.3,39.97,7.1000000000000005,5.6000000000000005,385
2015,12,20,15,30,20.3,44.230000000000004,7.7,3.8000000000000003,236
2015,12,20,16,30,17.7,56.660000000000004,9,2.5,104
2015,12,20,17,30,15.5,62.72,8.4,2.5,19
2015,12,20,18,30,13.8,65.26,7.4,2.4000000000000004,0
2015,12,20,19,30,12.100000000000001,66,5.9,2.1,0
2015,12,20,20,30,10.700000000000001,66.21000000000001,4.7,1.9000000000000001,0
2015,12,20,21,30,10,65.63,3.9000000000000004,1.9000000000000001,0
2015,12,20,22,30,9.3,65.98,3.3000000000000003,1.9000000000000001,0
2015,12,20,23,30,8.200000000000001,67.59,2.6,1.8,0
2015,12,21,0,30,6.800000000000001,68.64,1.4000000000000001,1.8,0
2015,12,21,1,30,5.6000000000000005,68.62,0.30000000000000004,1.7000000000000002,0
2015,12,21,2,30,4.9,68.09,-0.5,1.7000000000000002,0
2015,12,21,3,30,4.2,68.63,-1.1,1.6,0
2015,12,21,4,30,3.5,69.04,-1.6,1.6,0
2015,12,21,5,30,2.9000000000000004,69.76,-2.1,1.6,0
2015,12,21,6,30,2.4000000000000004,70.5,-2.4000000000000004,1.7000000000000002,0
2015,12,21,7,30,3.2,65.35,-2.7,2.3000000000000003,0
2015,12,21,8,30,5.7,55.93,-2.4000000000000004,3.2,73
2015,12,21,9,30,9,45.19,-2.3000000000000003,3.6,295
2015,12,21,10,30,12.9,37.13,-1.4000000000000001,4.1000000000000005,459
2015,12,21,11,30,16,29.84,-1.7000000000000002,5.1000000000000005,571
2015,12,21,12,30,17.5,25.85,-2.3000000000000003,5.5,626
2015,12,21,13,30,18.3,23.16,-3.1,5.6000000000000005,611
2015,12,21,14,30,18.5,22.080000000000002,-3.6,5.4,530
2015,12,21,15,30,17.7,22.97,-3.7,4,392
2015,12,21,16,30,14.4,34.2,-1.2000000000000002,2.3000000000000003,214
2015,12,21,17,30,11,48.03,0.4,1.6,35
2015,12,21,18,30,10.200000000000001,45.050000000000004,-1.2000000000000002,1.5,0
2015,12,21,19,30,10.200000000000001,42.25,-2.1,1.5,0
2015,12,21,20,30,9.700000000000001,41.52,-2.8000000000000003,1.5,0
2015,12,21,21,30,8.4,44.5,-3,1.5,0
2015,12,21,22,30,7,48.800000000000004,-3,1.6,0
2015,12,21,23,30,5.800000000000001,53.07,-3,1.6,0
2015,12,22,0,30,5,56.75,-2.9000000000000004,1.7000000000000002,0
2015,12,22,1,30,4.6000000000000005,59.77,-2.6,1.8,0
2015,12,22,2,30,4.5,62.410000000000004,-2.1,1.9000000000000001,0
2015,12,22,3,30,4.7,63.28,-1.7000000000000002,2.1,0
2015,12,22,4,30,5,62.85,-1.5,2.2,0
2015,12,22,5,30,5,63.49,-1.4000000000000001,2.3000000000000003,0
2015,12,22,6,30,4.7,64.52,-1.4000000000000001,2.4000000000000004,0
2015,12,22,7,30,5.1000000000000005,62.050000000000004,-1.6,2.8000000000000003,0
2015,12,22,8,30,7.5,53.870000000000005,-1.2000000000000002,3.7,66
2015,12,22,9,30,11,44,-0.8,4.4,219
2015,12,22,10,30,14.5,37.78,0.30000000000000004,5,330
2015,12,22,11,30,17.5,32.17,0.7000000000000001,5.800000000000001,338
2015,12,22,12,30,19.700000000000003,27.57,0.5,6.4,397
2015,12,22,13,30,21,24.02,-0.30000000000000004,7,594
2015,12,22,14,30,21.200000000000003,23.34,-0.6000000000000001,7.300000000000001,449
2015,12,22,15,30,20.1,25.52,-0.30000000000000004,6.5,249
2015,12,22,16,30,18,31.27,0.7000000000000001,5.6000000000000005,69
2015,12,22,17,30,16.2,36.410000000000004,1.3,6.1000000000000005,11
2015,12,22,18,30,15.100000000000001,38.93,1.2000000000000002,6.800000000000001,0
2015,12,22,19,30,13.9,43.800000000000004,1.8,6.2,0
2015,12,22,20,30,12.9,48.54,2.3000000000000003,5.4,0
2015,12,22,21,30,12.5,49.6,2.2,5.6000000000000005,0
2015,12,22,22,30,12.200000000000001,48.81,1.7000000000000002,6,0
2015,12,22,23,30,11.700000000000001,48.77,1.3,6.2,0
2015,12,23,0,30,10.9,50.910000000000004,1.1,6.2,0
2015,12,23,1,30,10.200000000000001,54.160000000000004,1.3,6.1000000000000005,0
2015,12,23,2,30,9.700000000000001,57.81,1.8,5.9,0
2015,12,23,3,30,9.200000000000001,61.82,2.3000000000000003,5.800000000000001,0
2015,12,23,4,30,8.8,65.08,2.6,5.7,0
2015,12,23,5,30,8.5,67.49,2.8000000000000003,5.6000000000000005,0
2015,12,23,6,30,8.1,70.12,3,5.2,0
2015,12,23,7,30,8.3,69.45,3,5,0
2015,12,23,8,30,10.100000000000001,61.83,3.1,5.7,105
2015,12,23,9,30,13.200000000000001,51.88,3.5,6.800000000000001,288
2015,12,23,10,30,16.3,45.28,4.4,7.6000000000000005,447
2015,12,23,11,30,18.400000000000002,41.38,5,7.4,558
2015,12,23,12,30,19.700000000000003,36.730000000000004,4.5,6.800000000000001,610
2015,12,23,13,30,20.3,33.5,3.7,6.1000000000000005,594
2015,12,23,14,30,20.3,32.33,3.2,5.6000000000000005,516
2015,12,23,15,30,19.5,33.33,2.9000000000000004,4.800000000000001,381
2015,12,23,16,30,17,40.230000000000004,3.4000000000000004,3.4000000000000004,139
2015,12,23,17,30,14.200000000000001,51.57,4.4,2.7,22
2015,12,23,18,30,13.100000000000001,54.81,4.2,3.1,0
2015,12,23,19,30,12.8,55.92,4.2,3.6,0
2015,12,23,20,30,12.4,57.28,4.2,3.8000000000000003,0
2015,12,23,21,30,11.600000000000001,60.08,4.1000000000000005,3.6,0
2015,12,23,22,30,10.700000000000001,63.33,4,3.3000000000000003,0
2015,12,23,23,30,10.100000000000001,65.12,3.8000000000000003,3.4000000000000004,0
2015,12,24,0,30,9.600000000000001,66.67,3.7,3.8000000000000003,0
2015,12,24,1,30,8.9,69.13,3.5,3.9000000000000004,0
2015,12,24,2,30,8.200000000000001,71.65,3.4000000000000004,3.7,0
2015,12,24,3,30,7.6000000000000005,74.09,3.3000000000000003,3.5,0
2015,12,24,4,30,7.1000000000000005,77.02,3.3000000000000003,3,0
2015,12,24,5,30,6.6000000000000005,80.38,3.5,2.5,0
2015,12,24,6,30,6,84.56,3.6,2,0
2015,12,24,7,30,6.7,81.07000000000001,3.7,2.1,0
2015,12,24,8,30,9,70.16,3.9000000000000004,2.7,101
2015,12,24,9,30,12,58.46,4.1000000000000005,3.1,282
2015,12,24,10,30,15.100000000000001,45.99,3.6,3.1,443
2015,12,24,11,30,17.1,37.54,2.5,2.5,556
2015,12,24,12,30,18.400000000000002,35.13,2.7,1.6,608
2015,12,24,13,30,19.200000000000003,34.5,3.2,1.2000000000000002,595
2015,12,24,14,30,19.6,34.910000000000004,3.7,1.1,518
2015,12,24,15,30,19.200000000000003,37.08,4.2,0.8,384
2015,12,24,16,30,17.1,47.300000000000004,5.800000000000001,0.8,210
2015,12,24,17,30,14,58.82,6.1000000000000005,1.4000000000000001,36
2015,12,24,18,30,11.8,60.32,4.4,2,0
2015,12,24,19,30,10.5,59.910000000000004,3,2.6,0
2015,12,24,20,30,9.200000000000001,57.33,1.2000000000000002,3.2,0
2015,12,24,21,30,7.9,55.13,-0.6000000000000001,3.5,0
2015,12,24,22,30,6.7,54.9,-1.7000000000000002,3.6,0
2015,12,24,23,30,5.7,56.160000000000004,-2.4000000000000004,3.4000000000000004,0
2015,12,25,0,30,5,57.39,-2.7,3.2,0
2015,12,25,1,30,4.4,58.78,-3,3,0
2015,12,25,2,30,3.9000000000000004,60.19,-3.1,2.6,0
2015,12,25,3,30,3.4000000000000004,62.800000000000004,-3,2.1,0
2015,12,25,4,30,3.2,64.7,-2.8000000000000003,1.9000000000000001,0
2015,12,25,5,30,3.5,64.22,-2.6,2,0
2015,12,25,6,30,4,63.690000000000005,-2.3000000000000003,2.2,0
2015,12,25,7,30,4.9,61.74,-1.8,2.8000000000000003,0
2015,12,25,8,30,6.7,57.08,-1.2000000000000002,3.3000000000000003,100
2015,12,25,9,30,9.8,49.980000000000004,-0.1,3.4000000000000004,283
2015,12,25,10,30,13.4,45.03,1.7000000000000002,4.1000000000000005,444
2015,12,25,11,30,16.6,44.53,4.5,5.2,557
2015,12,25,12,30,19,44.5,6.6000000000000005,5.800000000000001,612
2015,12,25,13,30,20.6,41.67,7.1000000000000005,6,566
2015,12,25,14,30,21.3,38.88,6.7,5.7,359
2015,12,25,15,30,20.6,39.33,6.300000000000001,4.3,215
2015,12,25,16,30,17.7,50.79,7.4,2.8000000000000003,112
2015,12,25,17,30,15,61.660000000000004,7.7,2.9000000000000004,24
2015,12,25,18,30,14.100000000000001,67.26,8.1,3.8000000000000003,0
2015,12,25,19,30,13.200000000000001,76.22,9.1,3.9000000000000004,0
2015,12,25,20,30,12,86.17,9.8,3.4000000000000004,0
2015,12,25,21,30,11.3,93.21000000000001,10.200000000000001,3.3000000000000003,0
2015,12,25,22,30,11.200000000000001,96.55,10.700000000000001,3.5,0
2015,12,25,23,30,11.200000000000001,99.51,11.100000000000001,3.7,0
2015,12,26,0,30,11.200000000000001,100,11.200000000000001,3.8000000000000003,0
2015,12,26,1,30,11.100000000000001,100,11.100000000000001,4,0
2015,12,26,2,30,11,100,11,4,0
2015,12,26,3,30,10.9,100,10.9,3.9000000000000004,0
2015,12,26,4,30,10.600000000000001,100,10.600000000000001,3.5,0
2015,12,26,5,30,10.3,100,10.3,2.9000000000000004,0
2015,12,26,6,30,9.9,100,9.9,2.3000000000000003,0
2015,12,26,7,30,9.8,100,9.8,1.6,0
2015,12,26,8,30,10.3,95.17,9.600000000000001,0.9,34
2015,12,26,9,30,11.3,86.60000000000001,9.1,0.5,165
2015,12,26,10,30,12.8,73.45,8.200000000000001,0.5,150
2015,12,26,11,30,14.200000000000001,62.81,7.2,0.6000000000000001,133
2015,12,26,12,30,15.100000000000001,56.56,6.5,1,322
2015,12,26,13,30,16,51.83,6.1000000000000005,1.9000000000000001,277
2015,12,26,14,30,16.5,49.1,5.800000000000001,3,122
2015,12,26,15,30,16.1,50.39,5.800000000000001,3.9000000000000004,9
2015,12,26,16,30,13.8,60.35,6.300000000000001,4.5,19
2015,12,26,17,30,10.5,76.10000000000001,6.5,6.4,35
2015,12,26,18,30,7.300000000000001,89.62,5.7,8.8,0
2015,12,26,19,30,4.3,94.12,3.4000000000000004,10.5,0
2015,12,26,20,30,2.4000000000000004,88.27,0.7000000000000001,11.200000000000001,0
2015,12,26,21,30,1.4000000000000001,85.13,-0.8,10.8,0
2015,12,26,22,30,0.7000000000000001,83.96000000000001,-1.7000000000000002,10.3,0
2015,12,26,23,30,0.2,83.49,-2.3000000000000003,9.8,0
2015,12,27,0,30,-0.30000000000000004,83.77,-2.7,9.4,0
2015,12,27,1,30,-0.8,83.76,-3.2,9.4,0
2015,12,27,2,30,-1.4000000000000001,83.01,-3.9000000000000004,9.5,0
2015,12,27,3,30,-2,81.75,-4.7,9.1,0
2015,12,27,4,30,-2.5,81.05,-5.300000000000001,8.8,0
2015,12,27,5,30,-2.8000000000000003,79.83,-5.800000000000001,8.700000000000001,0
2015,12,27,6,30,-3,78.53,-6.2,8.4,0
2015,12,27,7,30,-3.2,78.23,-6.5,7.9,0
2015,12,27,8,30,-3,76.72,-6.5,7.300000000000001,23
2015,12,27,9,30,-2.4000000000000004,74.88,-6.2,6.7,53
2015,12,27,10,30,-1.6,73.51,-5.7,6.4,16
2015,12,27,11,30,-0.9,73.26,-5.1000000000000005,6.1000000000000005,149
2015,12,27,12,30,-0.30000000000000004,73.38,-4.5,5.7,140
2015,12,27,13,30,0,73.91,-4.1000000000000005,5.7,144
2015,12,27,14,30,-0.1,76.11,-3.8000000000000003,6,49
2015,12,27,15,30,-0.5,79.42,-3.6,6.1000000000000005,18
2015,12,27,16,30,-1.1,84.2,-3.4000000000000004,5.6000000000000005,125
2015,12,27,17,30,-1.6,88.44,-3.3000000000000003,5.7,14
2015,12,27,18,30,-1.8,89.12,-3.4000000000000004,6.6000000000000005,0
2015,12,27,19,30,-1.9000000000000001,88.17,-3.6,7.6000000000000005,0
2015,12,27,20,30,-2.1,86.32000000000001,-4.1000000000000005,8.6,0
2015,12,27,21,30,-2.5,82.67,-5,9.1,0
2015,12,27,22,30,-3,78.75,-6.2,8.700000000000001,0
2015,12,27,23,30,-3.5,76.27,-7.1000000000000005,8.1,0
2015,12,28,0,30,-3.8000000000000003,74.37,-7.7,7.300000000000001,0
2015,12,28,1,30,-4.1000000000000005,72.72,-8.3,6.5,0
2015,12,28,2,30,-4.2,71.05,-8.700000000000001,6,0
2015,12,28,3,30,-4.2,69.99,-8.9,5.5,0
2015,12,28,4,30,-4.3,69.49,-9,5,0
2015,12,28,5,30,-4.6000000000000005,70.03,-9.200000000000001,4.4,0
2015,12,28,6,30,-5.2,70.92,-9.700000000000001,3.9000000000000004,0
2015,12,28,7,30,-5.2,67.56,-10.3,3.9000000000000004,0
2015,12,28,8,30,-3.5,61.7,-9.8,4.5,102
2015,12,28,9,30,-0.9,57.93,-8.1,5.1000000000000005,291
2015,12,28,10,30,0.9,52.300000000000004,-7.800000000000001,4.800000000000001,457
2015,12,28,11,30,2.1,50.61,-7.1000000000000005,4,574
2015,12,28,12,30,2.9000000000000004,50.67,-6.300000000000001,3.4000000000000004,303
2015,12,28,13,30,3.6,49.99,-5.9,3.2,345
2015,12,28,14,30,4,50.17,-5.5,3,258
2015,12,28,15,30,3.9000000000000004,52.31,-5,2.6,408
2015,12,28,16,30,2.4000000000000004,61.160000000000004,-4.3,1.8,230
2015,12,28,17,30,-0.1,76.41,-3.8000000000000003,1.3,45
2015,12,28,18,30,-1.6,73.56,-5.7,1.3,0
2015,12,28,19,30,-2.3000000000000003,75.63,-6,1.3,0
2015,12,28,20,30,-2.9000000000000004,77.72,-6.2,1.3,0
2015,12,28,21,30,-3.4000000000000004,79.38,-6.5,1.3,0
2015,12,28,22,30,-3.8000000000000003,80.67,-6.6000000000000005,1.4000000000000001,0
2015,12,28,23,30,-4.2,82.22,-6.800000000000001,1.4000000000000001,0
2015,12,29,0,30,-4.7,84.28,-6.9,1.5,0
2015,12,29,1,30,-5.1000000000000005,85.28,-7.2,1.6,0
2015,12,29,2,30,-5.4,85.61,-7.4,1.6,0
2015,12,29,3,30,-5.7,86.13,-7.6000000000000005,1.6,0
2015,12,29,4,30,-5.9,86.54,-7.800000000000001,1.5,0
2015,12,29,5,30,-6,87.11,-7.800000000000001,1.4000000000000001,0
2015,12,29,6,30,-5.9,86.84,-7.7,1.3,0
2015,12,29,7,30,-5,82.45,-7.5,1.5,0
2015,12,29,8,30,-2.7,73.36,-6.800000000000001,1.9000000000000001,68
2015,12,29,9,30,0.30000000000000004,69.85000000000001,-4.6000000000000005,2.7,290
2015,12,29,10,30,2.7,69.48,-2.3000000000000003,3.8000000000000003,459
2015,12,29,11,30,4.2,67.11,-1.4000000000000001,4.3,578
2015,12,29,12,30,5.2,64.39,-1,4.4,633
2015,12,29,13,30,6,62.35,-0.7000000000000001,4.3,388
2015,12,29,14,30,6.6000000000000005,61.08,-0.4,4,284
2015,12,29,15,30,6.7,61.92,-0.1,3.1,209
2015,12,29,16,30,5.1000000000000005,73.52,0.8,1.8,123
2015,12,29,17,30,2.8000000000000003,85.55,0.6000000000000001,1.2000000000000002,43
2015,12,29,18,30,1.7000000000000002,83.77,-0.8,1.3,0
2015,12,29,19,30,1.7000000000000002,82.16,-1,1.1,0
2015,12,29,20,30,2,80.01,-1.1,0.7000000000000001,0
2015,12,29,21,30,1.8,81.17,-1.1,0.5,0
2015,12,29,22,30,0.8,86.7,-1.2000000000000002,0.8,0
2015,12,29,23,30,-0.6000000000000001,94.47,-1.4000000000000001,1.1,0
2015,12,30,0,30,-1.9000000000000001,100,-1.9000000000000001,1.3,0
2015,12,30,1,30,-2.9000000000000004,100,-2.9000000000000004,1.4000000000000001,0
2015,12,30,2,30,-3.6,100,-3.6,1.5,0
2015,12,30,3,30,-3.8000000000000003,100,-3.8000000000000003,1.5,0
2015,12,30,4,30,-3.9000000000000004,100,-3.9000000000000004,1.5,0
2015,12,30,5,30,-3.9000000000000004,100,-3.9000000000000004,1.4000000000000001,0
2015,12,30,6,30,-3.8000000000000003,98.98,-3.9000000000000004,1.4000000000000001,0
2015,12,30,7,30,-2.8000000000000003,90.60000000000001,-4.1000000000000005,1.4000000000000001,0
2015,12,30,8,30,-0.2,77.26,-3.7,1.6,101
2015,12,30,9,30,2.3000000000000003,73.09,-2,1.5,294
2015,12,30,10,30,4.9,64.71000000000001,-1.2000000000000002,1.6,322
2015,12,30,11,30,7.6000000000000005,55.14,-0.8,2.3000000000000003,451
2015,12,30,12,30,9,49.29,-1.1,3,642
2015,12,30,13,30,9.3,47.22,-1.4000000000000001,3.2,631
2015,12,30,14,30,9.200000000000001,46.57,-1.7000000000000002,3,554
2015,12,30,15,30,8.6,48.69,-1.6,2.1,420
2015,12,30,16,30,7.1000000000000005,66.3,1.2000000000000002,1.2000000000000002,238
2015,12,30,17,30,5.5,63.71,-0.8,0.9,34
2015,12,30,18,30,4.7,58.04,-2.9000000000000004,0.7000000000000001,0
2015,12,30,19,30,4.1000000000000005,58.980000000000004,-3.2,0.4,0
2015,12,30,20,30,3.4000000000000004,61.4,-3.3000000000000003,0.4,0
2015,12,30,21,30,2.6,65.27,-3.3000000000000003,0.6000000000000001,0
2015,12,30,22,30,1.7000000000000002,69.85000000000001,-3.2,0.8,0
2015,12,30,23,30,1,74.43,-3,0.9,0
2015,12,31,0,30,0.7000000000000001,78.17,-2.7,0.9,0
2015,12,31,1,30,0.7000000000000001,80.21000000000001,-2.3000000000000003,0.8,0
2015,12,31,2,30,0.8,81.53,-2,0.7000000000000001,0
2015,12,31,3,30,0.9,82.71000000000001,-1.7000000000000002,0.6000000000000001,0
2015,12,31,4,30,0.8,84.86,-1.5,0.6000000000000001,0
2015,12,31,5,30,0.5,88.34,-1.2000000000000002,0.7000000000000001,0
2015,12,31,6,30,0.2,91.74,-1,0.7000000000000001,0
2015,12,31,7,30,0.4,91.43,-0.8,0.9,0
2015,12,31,8,30,1.3,87.97,-0.5,1.5,46
2015,12,31,9,30,2.3000000000000003,83.87,-0.1,2,101
2015,12,31,10,30,3.5,79.59,0.30000000000000004,2,164
2015,12,31,11,30,5.2,75.95,1.3,2.2,302
2015,12,31,12,30,6.5,74.36,2.3000000000000003,2.3000000000000003,364
2015,12,31,13,30,7,73.62,2.6,2.4000000000000004,331
2015,12,31,14,30,6.9,75.59,2.9000000000000004,2.8000000000000003,236
2015,12,31,15,30,6.2,80.11,3,3,209
2015,12,31,16,30,5,87.46000000000001,3.1,3.3000000000000003,86
2015,12,31,17,30,3.8000000000000003,94.42,3,3.7,19
2015,12,31,18,30,-4,74.25,-7.9,1.6,0
2015,12,31,19,30,-4.3,76.96000000000001,-7.7,2.3000000000000003,0
2015,12,31,20,30,-4.5,78.9,-7.6000000000000005,2.4000000000000004,0
2015,12,31,21,30,-4.5,79.72,-7.5,2.2,0
2015,12,31,22,30,-4.4,79.87,-7.4,2.2,0
2015,12,31,23,30,-4.3,80.49,-7.2,2,0
