Source,Location ID,City,State,Country,Latitude,Longitude,Time Zone,Elevation,Local Time Zone,Clearsky DHI Units,Clearsky DNI Units,Clearsky GHI Units,Dew Point Units,DHI Units,DNI Units,GHI Units,Solar Zenith Angle Units,Temperature Units,Pressure Units,Relative Humidity Units,Precipitable Water Units,Wind Direction Units,Wind Speed Units,Cloud Type -15,Cloud Type 0,Cloud Type 1,Cloud Type 2,Cloud Type 3,Cloud Type 4,Cloud Type 5,Cloud Type 6,Cloud Type 7,Cloud Type 8,Cloud Type 9,Cloud Type 10,Cloud Type 11,Cloud Type 12,Fill Flag 0,Fill Flag 1,Fill Flag 2,Fill Flag 3,Fill Flag 4,Fill Flag 5,Surface Albedo Units,Version
NSRDB,560977,-,-,-,32.01,-102.06,-6,841,-6,w/m2,w/m2,w/m2,c,w/m2,w/m2,w/m2,Degree,c,mbar,%,cm,Degrees,m/s,N/A,Clear,Probably Clear,Fog,Water,Super-Cooled Water,Mixed,Opaque Ice,Cirrus,Overlapping,Overshooting,Unknown,Dust,Smoke,N/A,Missing Image,Low Irradiance,Exceeds Clearsky,Missing CLoud Properties,Rayleigh Violation,N/A,4.0.1
Year,Month,Day,Hour,Minute,Temperature,Relative Humidity,Dew Point,Wind Speed,GHI
2012,1,1,0,30,4.800000000000001,37.37,-8.6,5.6000000000000005,0
2012,1,1,1,30,3.4000000000000004,44.47,-7.6000000000000005,4.9,0
2012,1,1,2,30,2.2,54.870000000000005,-5.9,4,0
2012,1,1,3,30,1,64.49,-5,2.8000000000000003,0
2012,1,1,4,30,-0.2,72.33,-4.6000000000000005,1.9000000000000001,0
2012,1,1,5,30,-1,77.26,-4.5,1.6,0
2012,1,1,6,30,-1.4000000000000001,79.14,-4.5,1.8,0
2012,1,1,7,30,-0.6000000000000001,73.44,-4.800000000000001,2.7,0
2012,1,1,8,30,1.7000000000000002,60.57,-5.1000000000000005,3.6,104
2012,1,1,9,30,5,45.660000000000004,-5.800000000000001,3.8000000000000003,294
2012,1,1,10,30,7.9,28.830000000000002,-9.1,3.7,464
2012,1,1,11,30,9.600000000000001,23.36,-10.4,3.3000000000000003,584
2012,1,1,12,30,10.700000000000001,21.44,-10.5,2.8000000000000003,643
2012,1,1,13,30,11.4,20.42,-10.5,2.5,633
2012,1,1,14,30,11.600000000000001,20.17,-10.5,2.4000000000000004,557
2012,1,1,15,30,11.200000000000001,20.64,-10.600000000000001,2.3000000000000003,422
2012,1,1,16,30,8.9,24.77,-10.200000000000001,1.6,239
2012,1,1,17,30,6,42.2,-5.9,1.2000000000000002,52
2012,1,1,18,30,4.4,41.86,-7.4,1.3,0
2012,1,1,19,30,3.4000000000000004,43.95,-7.7,1.4000000000000001,0
2012,1,1,20,30,2.5,46.08,-7.9,1.4000000000000001,0
2012,1,1,21,30,1.7000000000000002,48.160000000000004,-8.1,1.4000000000000001,0
2012,1,1,22,30,1,50.15,-8.200000000000001,1.4000000000000001,0
2012,1,1,23,30,0.30000000000000004,52.47,-8.3,1.4000000000000001,0
2012,1,2,0,30,-0.2,54.050000000000004,-8.4,1.3,0
2012,1,2,1,30,-0.4,54.34,-8.5,1.2000000000000002,0
2012,1,2,2,30,-0.4,53.71,-8.700000000000001,1.1,0
2012,1,2,3,30,-0.5,54.26,-8.6,1,0
2012,1,2,4,30,-0.9,56.53,-8.5,1,0
2012,1,2,5,30,-1.8,60.96,-8.3,1.1,0
2012,1,2,6,30,-2.9000000000000004,66.77,-8.200000000000001,1.2000000000000002,0
2012,1,2,7,30,-2.4000000000000004,64.83,-8.1,1.6,0
2012,1,2,8,30,0.1,55.2,-7.800000000000001,2.3000000000000003,99
2012,1,2,9,30,3.6,43.99,-7.5,2.8000000000000003,290
2012,1,2,10,30,6.800000000000001,34.45,-7.800000000000001,2.7,456
2012,1,2,11,30,8.700000000000001,29.28,-8.3,2.3000000000000003,575
2012,1,2,12,30,9.9,26.77,-8.4,1.9000000000000001,632
2012,1,2,13,30,10.700000000000001,25.04,-8.5,1.7000000000000002,624
2012,1,2,14,30,11,24.25,-8.700000000000001,1.6,549
2012,1,2,15,30,10.8,24.46,-8.8,1.4000000000000001,416
2012,1,2,16,30,9.200000000000001,29.310000000000002,-7.800000000000001,1,240
2012,1,2,17,30,7.2,39.57,-5.7,1,53
2012,1,2,18,30,5.7,37.36,-7.800000000000001,1.2000000000000002,0
2012,1,2,19,30,4.3,41.35,-7.7,1.4000000000000001,0
2012,1,2,20,30,3,45.480000000000004,-7.7,1.4000000000000001,0
2012,1,2,21,30,1.9000000000000001,48.81,-7.7,1.5,0
2012,1,2,22,30,1.1,51.44,-7.800000000000001,1.6,0
2012,1,2,23,30,0.5,53.730000000000004,-7.800000000000001,1.7000000000000002,0
2012,1,3,0,30,0,55.74,-7.800000000000001,1.8,0
2012,1,3,1,30,-0.6000000000000001,58.44,-7.800000000000001,1.8,0
2012,1,3,2,30,-1.1,60.99,-7.7,1.8,0
2012,1,3,3,30,-1.4000000000000001,63.18,-7.5,1.9000000000000001,0
2012,1,3,4,30,-1.7000000000000002,65.62,-7.300000000000001,1.9000000000000001,0
2012,1,3,5,30,-1.9000000000000001,67.73,-7.1000000000000005,2,0
2012,1,3,6,30,-2.1,69.7,-6.9,2.1,0
2012,1,3,7,30,-1,64.98,-6.800000000000001,2.7,0
2012,1,3,8,30,1.6,54.77,-6.5,3.6,97
2012,1,3,9,30,5,44.27,-6.2,3.9000000000000004,288
2012,1,3,10,30,8.8,35.74,-5.6000000000000005,4.5,456
2012,1,3,11,30,12,29.580000000000002,-5.2,5.1000000000000005,576
2012,1,3,12,30,14.4,25.490000000000002,-5.1000000000000005,5.5,632
2012,1,3,13,30,16,23.080000000000002,-5.1000000000000005,5.5,624
2012,1,3,14,30,16.900000000000002,22.14,-4.9,5.4,549
2012,1,3,15,30,16.6,23.21,-4.5,4.2,419
2012,1,3,16,30,13.5,32.67,-2.6,2.6,241
2012,1,3,17,30,10.100000000000001,44.34,-1.5,2,54
2012,1,3,18,30,8.9,45.18,-2.3000000000000003,2.5,0
2012,1,3,19,30,8.4,46.95,-2.3000000000000003,3.1,0
2012,1,3,20,30,7.800000000000001,49.6,-2.1,3.4000000000000004,0
2012,1,3,21,30,7,52.730000000000004,-2,3.5,0
2012,1,3,22,30,6.2,55.42,-2.1,3.6,0
2012,1,3,23,30,5.4,57.68,-2.3000000000000003,3.6,0
2012,1,4,0,30,4.5,60.15,-2.6,3.4000000000000004,0
2012,1,4,1,30,3.8000000000000003,61.21,-3,3,0
2012,1,4,2,30,3.5,60.050000000000004,-3.5,2.8000000000000003,0
2012,1,4,3,30,3.7,56.4,-4.2,2.7,0
2012,1,4,4,30,4,53.75,-4.5,2.8000000000000003,0
2012,1,4,5,30,4.3,52.85,-4.5,3.3000000000000003,0
2012,1,4,6,30,4.4,54.42,-4,3.9000000000000004,0
2012,1,4,7,30,4.7,55.58,-3.4000000000000004,4.7,0
2012,1,4,8,30,6.4,51.47,-2.9000000000000004,5.6000000000000005,56
2012,1,4,9,30,9.3,43.300000000000004,-2.6,7,248
2012,1,4,10,30,12.200000000000001,34.57,-3,7.9,348
2012,1,4,11,30,14.4,28.97,-3.4000000000000004,7.800000000000001,462
2012,1,4,12,30,15.9,25.44,-3.9000000000000004,7.300000000000001,628
2012,1,4,13,30,16.7,23.42,-4.3,6.7,620
2012,1,4,14,30,16.900000000000002,22.48,-4.7,6.1000000000000005,546
2012,1,4,15,30,16.2,22.900000000000002,-5,5,416
2012,1,4,16,30,13.200000000000001,28.27,-4.800000000000001,3.1,240
2012,1,4,17,30,9.3,42.14,-2.9000000000000004,1.8,55
2012,1,4,18,30,7.4,45.99,-3.5,1.6,0
2012,1,4,19,30,6.7,47.08,-3.8000000000000003,1.5,0
2012,1,4,20,30,6.4,46.68,-4.2,1.5,0
2012,1,4,21,30,6.300000000000001,45.63,-4.6000000000000005,1.3,0
2012,1,4,22,30,6.5,43.84,-4.9,1,0
2012,1,4,23,30,6.6000000000000005,42.37,-5.300000000000001,0.5,0
2012,1,5,0,30,6.2,43.28,-5.4,0.30000000000000004,0
2012,1,5,1,30,5.300000000000001,45.81,-5.5,0.7000000000000001,0
2012,1,5,2,30,4.3,48.88,-5.5,1,0
2012,1,5,3,30,3.6,51.06,-5.6000000000000005,1.1,0
2012,1,5,4,30,3.1,52.71,-5.6000000000000005,1.2000000000000002,0
2012,1,5,5,30,2.4000000000000004,55.24,-5.7,1.3,0
2012,1,5,6,30,1.4000000000000001,59.25,-5.7,1.4000000000000001,0
2012,1,5,7,30,1.5,58.89,-5.7,1.4000000000000001,0
2012,1,5,8,30,4.4,50.09,-5.1000000000000005,2.2,98
2012,1,5,9,30,8.200000000000001,39.46,-4.800000000000001,3.1,291
2012,1,5,10,30,12,31.45,-4.4,3.5,461
2012,1,5,11,30,15,24.72,-5,3.9000000000000004,583
2012,1,5,12,30,16.5,21.6,-5.5,4,642
2012,1,5,13,30,17.2,20.04,-6,4,635
2012,1,5,14,30,17.3,19.38,-6.300000000000001,3.8000000000000003,561
2012,1,5,15,30,16.5,20.080000000000002,-6.5,3,428
2012,1,5,16,30,13.200000000000001,30.02,-4,1.8,252
2012,1,5,17,30,9.4,42.59,-2.7,1.6,61
2012,1,5,18,30,7.6000000000000005,42.33,-4.4,1.8,0
2012,1,5,19,30,6.7,43.42,-4.9,2,0
2012,1,5,20,30,6.1000000000000005,43.72,-5.300000000000001,2.4000000000000004,0
2012,1,5,21,30,5.6000000000000005,44.67,-5.5,2.7,0
2012,1,5,22,30,5,47.27,-5.300000000000001,2.9000000000000004,0
2012,1,5,23,30,4.3,51.14,-4.9,3.1,0
2012,1,6,0,30,3.6,54.61,-4.7,3.2,0
2012,1,6,1,30,2.9000000000000004,56.980000000000004,-4.800000000000001,3,0
2012,1,6,2,30,2.3000000000000003,57.71,-5.2,2.8000000000000003,0
2012,1,6,3,30,1.9000000000000001,57.31,-5.7,2.7,0
2012,1,6,4,30,1.6,56.99,-6,2.7,0
2012,1,6,5,30,1.3,57.120000000000005,-6.300000000000001,2.7,0
2012,1,6,6,30,1,57.370000000000005,-6.5,2.9000000000000004,0
2012,1,6,7,30,1.9000000000000001,53.1,-6.7,3.6,0
2012,1,6,8,30,4.4,44.64,-6.6000000000000005,4.5,98
2012,1,6,9,30,7.800000000000001,35.480000000000004,-6.5,4.6000000000000005,291
2012,1,6,10,30,11.8,27.8,-6.2,5,462
2012,1,6,11,30,15.4,21.41,-6.6000000000000005,5.800000000000001,580
2012,1,6,12,30,18,17.79,-6.9,6.2,641
2012,1,6,13,30,19.6,15.52,-7.300000000000001,6.1000000000000005,634
2012,1,6,14,30,20.3,14.48,-7.7,5.4,561
2012,1,6,15,30,19.5,15.19,-7.7,3.8000000000000003,428
2012,1,6,16,30,15.8,25.41,-4,2.2,251
2012,1,6,17,30,12,35.6,-2.8000000000000003,1.7000000000000002,62
2012,1,6,18,30,10.4,36.46,-3.9000000000000004,1.7000000000000002,0
2012,1,6,19,30,9.9,37.92,-3.8000000000000003,2.3000000000000003,0
2012,1,6,20,30,9.600000000000001,39.85,-3.4000000000000004,3.8000000000000003,0
2012,1,6,21,30,9.1,43.18,-2.8000000000000003,5.2,0
2012,1,6,22,30,8.1,48.76,-2,5.5,0
2012,1,6,23,30,6.800000000000001,54.21,-1.8,5.2,0
2012,1,7,0,30,5.7,56.56,-2.3000000000000003,5,0
2012,1,7,1,30,4.6000000000000005,57.34,-3.1,4.7,0
2012,1,7,2,30,3.6,57.76,-4,4.4,0
2012,1,7,3,30,2.7,59.050000000000004,-4.5,3.9000000000000004,0
2012,1,7,4,30,1.9000000000000001,61.25,-4.800000000000001,3.5,0
2012,1,7,5,30,1.2000000000000002,63.730000000000004,-4.9,3.1,0
2012,1,7,6,30,0.5,66.59,-5,2.9000000000000004,0
2012,1,7,7,30,0.9,64.31,-5.1000000000000005,3.3000000000000003,0
2012,1,7,8,30,2.9000000000000004,55.730000000000004,-5.1000000000000005,3.8000000000000003,96
2012,1,7,9,30,5.800000000000001,45.14,-5.2,3.6,287
2012,1,7,10,30,8.5,36.51,-5.6000000000000005,2.8000000000000003,457
2012,1,7,11,30,10.4,32.93,-5.2,1.6,575
2012,1,7,12,30,11.9,30.84,-4.800000000000001,1.3,594
2012,1,7,13,30,13,29.39,-4.5,1.8,596
2012,1,7,14,30,13.700000000000001,28.810000000000002,-4.1000000000000005,2,552
2012,1,7,15,30,13.600000000000001,29.78,-3.8000000000000003,1.8,420
2012,1,7,16,30,12.200000000000001,34.46,-3,1.2000000000000002,245
2012,1,7,17,30,10.600000000000001,43.97,-1.2000000000000002,0.6000000000000001,46
2012,1,7,18,30,9.5,42.52,-2.6,0.7000000000000001,0
2012,1,7,19,30,8,46.57,-2.8000000000000003,1.1,0
2012,1,7,20,30,6.9,50.79,-2.6,1.3,0
2012,1,7,21,30,6.5,52.9,-2.4000000000000004,1.4000000000000001,0
2012,1,7,22,30,6.1000000000000005,54.34,-2.4000000000000004,1.5,0
2012,1,7,23,30,5.4,56.480000000000004,-2.6,1.6,0
2012,1,8,0,30,4.7,58.84,-2.7,1.6,0
2012,1,8,1,30,4,61.63,-2.7,1.5,0
2012,1,8,2,30,3.2,65.41,-2.7,1.4000000000000001,0
2012,1,8,3,30,2.7,68.58,-2.5,1.3,0
2012,1,8,4,30,2.2,72.02,-2.3000000000000003,1.2000000000000002,0
2012,1,8,5,30,1.7000000000000002,75.4,-2.2,1.2000000000000002,0
2012,1,8,6,30,1.5,77.17,-2.1,1.2000000000000002,0
2012,1,8,7,30,2.4000000000000004,73.19,-1.9000000000000001,1.6,0
2012,1,8,8,30,3.9000000000000004,66.66,-1.7000000000000002,2.5,29
2012,1,8,9,30,5.2,61.52,-1.6,3,111
2012,1,8,10,30,6.800000000000001,56.050000000000004,-1.4000000000000001,3.4000000000000004,299
2012,1,8,11,30,8.6,50.660000000000004,-1.1,3.8000000000000003,329
2012,1,8,12,30,10.100000000000001,47.480000000000004,-0.6000000000000001,4,413
2012,1,8,13,30,11.4,45.35,0,4.2,485
2012,1,8,14,30,12,45.06,0.4,4.3,545
2012,1,8,15,30,11.700000000000001,46.77,0.7000000000000001,4.3,415
2012,1,8,16,30,9.9,52.870000000000005,0.7000000000000001,3.6,241
2012,1,8,17,30,7.4,61.800000000000004,0.5,3.1,47
2012,1,8,18,30,6,65.04,-0.1,3.8000000000000003,0
2012,1,8,19,30,5.2,68.44,-0.1,4.4,0
2012,1,8,20,30,4.4,77.13,0.7000000000000001,4.6000000000000005,0
2012,1,8,21,30,4.1000000000000005,87.45,2.2,4.800000000000001,0
2012,1,8,22,30,4.4,92.88,3.3000000000000003,5,0
2012,1,8,23,30,4.5,93.21000000000001,3.5,5.1000000000000005,0
2012,1,9,0,30,4.4,90.57000000000001,3,5.2,0
2012,1,9,1,30,4.1000000000000005,87.74,2.2,5.1000000000000005,0
2012,1,9,2,30,3.8000000000000003,85.52,1.6,5.1000000000000005,0
2012,1,9,3,30,3.4000000000000004,84.24,1,5.4,0
2012,1,9,4,30,3,81.84,0.2,5.800000000000001,0
2012,1,9,5,30,2.3000000000000003,79.45,-0.9,6.1000000000000005,0
2012,1,9,6,30,1.3,78.2,-2.1,6.1000000000000005,0
2012,1,9,7,30,0.6000000000000001,76.34,-3.1,5.2,0
2012,1,9,8,30,0.6000000000000001,75.56,-3.2,3.9000000000000004,28
2012,1,9,9,30,0.9,76.38,-2.8000000000000003,4.3,40
2012,1,9,10,30,1.1,77.24,-2.4000000000000004,5.800000000000001,104
2012,1,9,11,30,1.5,76.31,-2.2,6.6000000000000005,110
2012,1,9,12,30,1.8,75.56,-2.1,6.300000000000001,75
2012,1,9,13,30,1.9000000000000001,75.77,-1.9000000000000001,5.7,137
2012,1,9,14,30,1.7000000000000002,77,-1.9000000000000001,5,99
2012,1,9,15,30,1.6,78.06,-1.8,4.3,96
2012,1,9,16,30,1.2000000000000002,81.76,-1.6,3.5,23
2012,1,9,17,30,0.30000000000000004,88.34,-1.4000000000000001,2.7,20
2012,1,9,18,30,-0.4,91.5,-1.6,2.5,0
2012,1,9,19,30,-0.6000000000000001,91.38,-1.8,2.7,0
2012,1,9,20,30,-0.4,90.29,-1.8,2.7,0
2012,1,9,21,30,-0.2,90.57000000000001,-1.6,2.6,0
2012,1,9,22,30,-0.1,91.02,-1.4000000000000001,2.9000000000000004,0
2012,1,9,23,30,0.1,90.71000000000001,-1.2000000000000002,3.5,0
2012,1,10,0,30,0.2,91.02,-1.1,3.5,0
2012,1,10,1,30,-0.30000000000000004,92.60000000000001,-1.4000000000000001,3,0
2012,1,10,2,30,-0.6000000000000001,89.24,-2.2,2.8000000000000003,0
2012,1,10,3,30,-0.6000000000000001,86.46000000000001,-2.6,3.2,0
2012,1,10,4,30,-1,85.31,-3.2,3.3000000000000003,0
2012,1,10,5,30,-1.7000000000000002,82.45,-4.3,3.4000000000000004,0
2012,1,10,6,30,-2.4000000000000004,79.18,-5.5,3.5,0
2012,1,10,7,30,-2.4000000000000004,71.79,-6.800000000000001,3.8000000000000003,0
2012,1,10,8,30,-0.7000000000000001,61.35,-7.2,4.2,95
2012,1,10,9,30,2,55.89,-5.9,4.1000000000000005,291
2012,1,10,10,30,5.300000000000001,49.480000000000004,-4.4,4.1000000000000005,470
2012,1,10,11,30,8.3,38.89,-4.9,4.6000000000000005,596
2012,1,10,12,30,10.100000000000001,34.4,-4.9,4.7,660
2012,1,10,13,30,11.100000000000001,34.28,-4.1000000000000005,4.5,655
2012,1,10,14,30,11.600000000000001,34.63,-3.5,4.3,583
2012,1,10,15,30,11.200000000000001,36.89,-3,3.4000000000000004,448
2012,1,10,16,30,8.700000000000001,53.28,-0.30000000000000004,2.1,268
2012,1,10,17,30,5.5,68.34,0.1,1.7000000000000002,73
2012,1,10,18,30,4.2,64.77,-1.8,1.9000000000000001,0
2012,1,10,19,30,3.8000000000000003,65.15,-2.1,2.1,0
2012,1,10,20,30,3.8000000000000003,65.15,-2.1,2.5,0
2012,1,10,21,30,3.9000000000000004,65.74,-1.9000000000000001,3,0
2012,1,10,22,30,3.7,67.6,-1.7000000000000002,3.4000000000000004,0
2012,1,10,23,30,3.2,70.3,-1.7000000000000002,3.9000000000000004,0
2012,1,11,0,30,2.6,72.85000000000001,-1.8,4.3,0
2012,1,11,1,30,2,75.54,-1.9000000000000001,4.6000000000000005,0
2012,1,11,2,30,1.6,76.53,-2.1,4.800000000000001,0
2012,1,11,3,30,1.4000000000000001,75.96000000000001,-2.4000000000000004,4.800000000000001,0
2012,1,11,4,30,1.3,74.77,-2.7,4.7,0
2012,1,11,5,30,1,75.03,-2.9000000000000004,4.6000000000000005,0
2012,1,11,6,30,0.8,75.10000000000001,-3.1,4.7,0
2012,1,11,7,30,1.3,71.65,-3.3000000000000003,5.2,0
2012,1,11,8,30,3.1,64.8,-2.9000000000000004,5.800000000000001,98
2012,1,11,9,30,6.2,55.07,-2.2,6,293
2012,1,11,10,30,10,44.92,-1.4000000000000001,6.4,464
2012,1,11,11,30,13.3,36.13,-1.4000000000000001,7.1000000000000005,585
2012,1,11,12,30,15.3,31.84,-1.4000000000000001,7.4,642
2012,1,11,13,30,16.2,30.740000000000002,-1.1,7.5,635
2012,1,11,14,30,16,31.92,-0.7000000000000001,7.300000000000001,564
2012,1,11,15,30,14.600000000000001,35.76,-0.4,7.1000000000000005,368
2012,1,11,16,30,11.8,44.14,0,6.5,259
2012,1,11,17,30,8.700000000000001,54.51,0,5.7,53
2012,1,11,18,30,6.300000000000001,62.34,-0.4,5.5,0
2012,1,11,19,30,4.5,67.27,-1,5.800000000000001,0
2012,1,11,20,30,2.8000000000000003,70.48,-2,6.2,0
2012,1,11,21,30,1.5,70.51,-3.3000000000000003,6.1000000000000005,0
2012,1,11,22,30,0.5,70.53,-4.2,5.800000000000001,0
2012,1,11,23,30,-0.4,70.56,-5.1000000000000005,5.5,0
2012,1,12,0,30,-1.2000000000000002,70.15,-5.9,5.300000000000001,0
2012,1,12,1,30,-1.9000000000000001,68.97,-6.800000000000001,4.9,0
2012,1,12,2,30,-2.6,67.35,-7.800000000000001,4.5,0
2012,1,12,3,30,-3.2,64.72,-8.9,4.4,0
2012,1,12,4,30,-3.6,60.47,-10.100000000000001,4.4,0
2012,1,12,5,30,-3.9000000000000004,56.27,-11.3,3.9000000000000004,0
2012,1,12,6,30,-4.1000000000000005,53.72,-12.100000000000001,3,0
2012,1,12,7,30,-3.8000000000000003,51.550000000000004,-12.3,2.6,0
2012,1,12,8,30,-2.6,44.85,-13,2.9000000000000004,61
2012,1,12,9,30,-0.8,35.81,-14.100000000000001,2.8000000000000003,296
2012,1,12,10,30,1.1,31.96,-13.8,2.5,409
2012,1,12,11,30,2.9000000000000004,30.29,-12.9,2.5,541
2012,1,12,12,30,4.1000000000000005,29.400000000000002,-12.200000000000001,2.5,591
2012,1,12,13,30,4.9,29.04,-11.700000000000001,2.6,598
2012,1,12,14,30,5.1000000000000005,30,-11.100000000000001,2.6,585
2012,1,12,15,30,5,31.34,-10.600000000000001,2.3000000000000003,452
2012,1,12,16,30,3.9000000000000004,35.46,-10,1.5,208
2012,1,12,17,30,2.1,51.370000000000005,-6.9,1,77
2012,1,12,18,30,0.8,52.050000000000004,-7.9,1.2000000000000002,0
2012,1,12,19,30,0.4,54.65,-7.7,1.4000000000000001,0
2012,1,12,20,30,0.2,56.050000000000004,-7.5,1.5,0
2012,1,12,21,30,-0.1,56.86,-7.6000000000000005,1.6,0
2012,1,12,22,30,-0.2,56.68,-7.800000000000001,1.9000000000000001,0
2012,1,12,23,30,-0.4,56.49,-8,2.2,0
2012,1,13,0,30,-0.9,57.59,-8.200000000000001,2.1,0
2012,1,13,1,30,-1.4000000000000001,58.92,-8.4,1.9000000000000001,0
2012,1,13,2,30,-1.7000000000000002,59.93,-8.5,1.6,0
2012,1,13,3,30,-1.9000000000000001,60.76,-8.5,1.5,0
2012,1,13,4,30,-1.9000000000000001,60.800000000000004,-8.5,1.4000000000000001,0
2012,1,13,5,30,-2,61.78,-8.4,1.3,0
2012,1,13,6,30,-2.5,63.88,-8.4,1.2000000000000002,0
2012,1,13,7,30,-2.1,59.99,-8.8,1.3,0
2012,1,13,8,30,0.30000000000000004,53.71,-8,2,96
2012,1,13,9,30,3.4000000000000004,42.54,-8.1,3,291
2012,1,13,10,30,5.9,35.1,-8.4,3.6,467
2012,1,13,11,30,7.7,32.85,-7.6000000000000005,3.7,599
2012,1,13,12,30,9.1,32.29,-6.6000000000000005,3.9000000000000004,662
2012,1,13,13,30,10.3,31.21,-6,3.8000000000000003,660
2012,1,13,14,30,10.9,29.740000000000002,-6.1000000000000005,3.5,589
2012,1,13,15,30,10.8,28.59,-6.7,2.8000000000000003,458
2012,1,13,16,30,8.6,34.29,-6.300000000000001,1.8,278
2012,1,13,17,30,5.4,49.32,-4.4,1.4000000000000001,82
2012,1,13,18,30,3.6,46.82,-6.7,1.6,0
2012,1,13,19,30,2.5,48.550000000000004,-7.300000000000001,1.7000000000000002,0
2012,1,13,20,30,1.7000000000000002,49.36,-7.800000000000001,1.8,0
2012,1,13,21,30,1,50.29,-8.200000000000001,1.9000000000000001,0
2012,1,13,22,30,0.4,51.480000000000004,-8.5,2.1,0
2012,1,13,23,30,0,52.57,-8.6,2.2,0
2012,1,14,0,30,-0.5,54.480000000000004,-8.6,2.3000000000000003,0
2012,1,14,1,30,-0.9,55.82,-8.6,2.3000000000000003,0
2012,1,14,2,30,-1.5,57.050000000000004,-8.9,2.3000000000000003,0
2012,1,14,3,30,-1.9000000000000001,56.29,-9.5,2.2,0
2012,1,14,4,30,-2.3000000000000003,54.84,-10.200000000000001,2.1,0
2012,1,14,5,30,-2.6,53.160000000000004,-10.8,2.1,0
2012,1,14,6,30,-2.8000000000000003,51.95,-11.3,2,0
2012,1,14,7,30,-1.7000000000000002,46.96,-11.600000000000001,2.4000000000000004,0
2012,1,14,8,30,1.1,40.13,-11,3.1,103
2012,1,14,9,30,4.2,32.38,-10.9,3.2,309
2012,1,14,10,30,7.9,28.32,-9.4,3.1,490
2012,1,14,11,30,11.8,23.2,-8.6,3.6,620
2012,1,14,12,30,14.5,18.12,-9.5,4.1000000000000005,677
2012,1,14,13,30,16,15.08,-10.600000000000001,4.4,674
2012,1,14,14,30,16.3,14.26,-11.100000000000001,4.3,602
2012,1,14,15,30,15.3,15.370000000000001,-10.9,3.4000000000000004,468
2012,1,14,16,30,11.9,26.91,-6.6000000000000005,2.1,287
2012,1,14,17,30,8.200000000000001,38.58,-5.1000000000000005,1.7000000000000002,87
2012,1,14,18,30,6.6000000000000005,36.02,-7.4,1.7000000000000002,0
2012,1,14,19,30,5.4,37.61,-7.9,1.8,0
2012,1,14,20,30,4.2,40.17,-8.200000000000001,2,0
2012,1,14,21,30,3.6,40.78,-8.5,2.4000000000000004,0
2012,1,14,22,30,3.2,41.22,-8.700000000000001,3,0
2012,1,14,23,30,2.5,43.82,-8.6,3.4000000000000004,0
2012,1,15,0,30,1.9000000000000001,47.910000000000004,-8,3.7,0
2012,1,15,1,30,1.5,52.78,-7.1000000000000005,3.8000000000000003,0
2012,1,15,2,30,1.4000000000000001,56.54,-6.300000000000001,3.8000000000000003,0
2012,1,15,3,30,1.5,58.120000000000005,-5.800000000000001,3.6,0
2012,1,15,4,30,1.6,58.63,-5.6000000000000005,3.3000000000000003,0
2012,1,15,5,30,1.3,59.61,-5.7,2.7,0
2012,1,15,6,30,0.9,59.84,-6,2.3000000000000003,0
2012,1,15,7,30,2,53.93,-6.4,2.7,0
2012,1,15,8,30,4.6000000000000005,45.31,-6.2,3.5,65
2012,1,15,9,30,7.9,35.97,-6.300000000000001,3.7,282
2012,1,15,10,30,11.700000000000001,29.990000000000002,-5.300000000000001,4.2,452
2012,1,15,11,30,15.100000000000001,24.55,-5,5.1000000000000005,576
2012,1,15,12,30,17.6,22.23,-4.2,5.7,639
2012,1,15,13,30,19.3,22.35,-2.7,5.800000000000001,601
2012,1,15,14,30,20,24.060000000000002,-1.2000000000000002,5.5,570
2012,1,15,15,30,19.400000000000002,27.22,0,4.2,443
2012,1,15,16,30,16.5,37.75,2,2.6,269
2012,1,15,17,30,13.200000000000001,48.49,2.6,2.1,75
2012,1,15,18,30,11.700000000000001,49.71,1.5,2.4000000000000004,0
2012,1,15,19,30,11.100000000000001,50.7,1.3,2.7,0
2012,1,15,20,30,10.8,51.36,1.2000000000000002,3,0
2012,1,15,21,30,10.5,53.22,1.4000000000000001,3.2,0
2012,1,15,22,30,10,56.71,1.8,3.4000000000000004,0
2012,1,15,23,30,9.3,61.620000000000005,2.3000000000000003,3.7,0
2012,1,16,0,30,8.6,67.5,2.9000000000000004,4,0
2012,1,16,1,30,8,74.23,3.7,4.1000000000000005,0
2012,1,16,2,30,7.5,80.8,4.4,4.2,0
2012,1,16,3,30,7.1000000000000005,86.05,4.9,4.4,0
2012,1,16,4,30,6.800000000000001,88.95,5.1000000000000005,4.4,0
2012,1,16,5,30,6.6000000000000005,89.45,5,4.1000000000000005,0
2012,1,16,6,30,6.6000000000000005,88.2,4.800000000000001,4.2,0
2012,1,16,7,30,7.4,81.66,4.5,4.800000000000001,0
2012,1,16,8,30,9.200000000000001,70.87,4.2,5.2,64
2012,1,16,9,30,12.200000000000001,58.13,4.2,5.2,207
2012,1,16,10,30,15.8,47.63,4.7,5.2,324
2012,1,16,11,30,19.400000000000002,40.230000000000004,5.5,5.800000000000001,441
2012,1,16,12,30,21.900000000000002,34.08,5.4,6.7,549
2012,1,16,13,30,23,29.39,4.2,7.300000000000001,516
2012,1,16,14,30,23.400000000000002,26.57,3.1,7.5,459
2012,1,16,15,30,23.1,25.39,2.2,7.1000000000000005,361
2012,1,16,16,30,21.1,27.69,1.7000000000000002,6,273
2012,1,16,17,30,18.1,33.79,1.9000000000000001,5,76
2012,1,16,18,30,16,38.81,2,4.6000000000000005,0
2012,1,16,19,30,14.8,42.410000000000004,2.1,4.4,0
2012,1,16,20,30,14,45.13,2.3000000000000003,4.4,0
2012,1,16,21,30,13.3,47.34,2.3000000000000003,4.5,0
2012,1,16,22,30,12.700000000000001,49.18,2.3000000000000003,4.6000000000000005,0
2012,1,16,23,30,12.100000000000001,50.870000000000005,2.2,4.800000000000001,0
2012,1,17,0,30,11.5,52.76,2.2,4.7,0
2012,1,17,1,30,10.700000000000001,55.54,2.2,4.4,0
2012,1,17,2,30,9.8,58.97,2.2,4,0
2012,1,17,3,30,8.9,62.660000000000004,2.2,3.7,0
2012,1,17,4,30,8,66.94,2.2,3.4000000000000004,0
2012,1,17,5,30,7.1000000000000005,71.85000000000001,2.4000000000000004,3,0
2012,1,17,6,30,6.2,77.22,2.5,2.7,0
2012,1,17,7,30,6.7,75.07000000000001,2.6,3.3000000000000003,0
2012,1,17,8,30,8.8,64.97,2.6,4.4,102
2012,1,17,9,30,11.200000000000001,54.050000000000004,2.2,5.2,298
2012,1,17,10,30,12.5,44.050000000000004,0.6000000000000001,5.300000000000001,473
2012,1,17,11,30,12.9,40.17,-0.30000000000000004,4.7,599
2012,1,17,12,30,13.200000000000001,38.18,-0.8,3.9000000000000004,660
2012,1,17,13,30,13.4,36.95,-1,3.2,656
2012,1,17,14,30,13.4,36.56,-1.2000000000000002,3,586
2012,1,17,15,30,12.700000000000001,37.79,-1.3,3.1,458
2012,1,17,16,30,10.8,42.22,-1.5,3.4000000000000004,280
2012,1,17,17,30,7.9,50.33,-1.8,3.7,87
2012,1,17,18,30,5.7,53.21,-3.1,3.9000000000000004,0
2012,1,17,19,30,4.3,52.24,-4.6000000000000005,3.7,0
2012,1,17,20,30,3.2,51.83,-5.800000000000001,3.2,0
2012,1,17,21,30,2.1,53.45,-6.4,2.6,0
2012,1,17,22,30,1.2000000000000002,55.49,-6.7,2.2,0
2012,1,17,23,30,0.5,56.88,-7.1000000000000005,2.1,0
2012,1,18,0,30,-0.2,58.07,-7.5,2.1,0
2012,1,18,1,30,-0.9,59.38,-7.800000000000001,2,0
2012,1,18,2,30,-1.6,61.57,-8,1.7000000000000002,0
2012,1,18,3,30,-2.3000000000000003,64.31,-8.1,1.3,0
2012,1,18,4,30,-2.7,65.86,-8.200000000000001,1.2000000000000002,0
2012,1,18,5,30,-3.1,67.41,-8.3,1.1,0
2012,1,18,6,30,-3.4000000000000004,68.7,-8.3,1.1,0
2012,1,18,7,30,-2.3000000000000003,63.53,-8.3,1.9000000000000001,0
2012,1,18,8,30,0.30000000000000004,54.01,-7.9,2.9000000000000004,105
2012,1,18,9,30,4.1000000000000005,44.02,-7.1000000000000005,3.5,304
2012,1,18,10,30,8.3,37.68,-5.300000000000001,4.1000000000000005,483
2012,1,18,11,30,11.9,35.410000000000004,-2.9000000000000004,4.5,611
2012,1,18,12,30,14.700000000000001,32.17,-1.8,4.800000000000001,678
2012,1,18,13,30,16.8,27.650000000000002,-2,5,676
2012,1,18,14,30,18,23.3,-3.3000000000000003,5.2,607
2012,1,18,15,30,18,21.05,-4.6000000000000005,4.3,475
2012,1,18,16,30,15.100000000000001,26.91,-3.8000000000000003,2.7,296
2012,1,18,17,30,11.3,39.61,-2,2,96
2012,1,18,18,30,9.700000000000001,39.24,-3.5,2.3000000000000003,0
2012,1,18,19,30,9.3,38.230000000000004,-4.2,2.7,0
2012,1,18,20,30,8.6,38.08,-4.9,2.9000000000000004,0
2012,1,18,21,30,7.6000000000000005,39.300000000000004,-5.4,2.9000000000000004,0
2012,1,18,22,30,6.6000000000000005,41.32,-5.6000000000000005,2.8000000000000003,0
2012,1,18,23,30,5.800000000000001,43.42,-5.7,2.9000000000000004,0
2012,1,19,0,30,5.300000000000001,45.17,-5.6000000000000005,3.1,0
2012,1,19,1,30,4.800000000000001,47.4,-5.5,3.5,0
2012,1,19,2,30,4.4,49.29,-5.300000000000001,3.9000000000000004,0
2012,1,19,3,30,4.2,50.24,-5.2,4.2,0
2012,1,19,4,30,4.2,50.19,-5.300000000000001,4.1000000000000005,0
2012,1,19,5,30,4.2,49.95,-5.300000000000001,4,0
2012,1,19,6,30,4.4,48.82,-5.4,4,0
2012,1,19,7,30,5.6000000000000005,44.28,-5.6000000000000005,4.5,0
2012,1,19,8,30,8.3,36.63,-5.7,5.2,62
2012,1,19,9,30,11.9,29.71,-5.300000000000001,5.2,210
2012,1,19,10,30,16.1,24.21,-4.4,5.300000000000001,398
2012,1,19,11,30,20,18.59,-4.6000000000000005,5.7,598
2012,1,19,12,30,22.6,16.02,-4.5,5.800000000000001,660
2012,1,19,13,30,23.900000000000002,15.59,-3.8000000000000003,5.7,659
2012,1,19,14,30,24.200000000000003,16.11,-3.1,5.5,593
2012,1,19,15,30,23.3,17.7,-2.6,4.4,463
2012,1,19,16,30,19.8,25.73,-0.4,2.7,288
2012,1,19,17,30,16,37.34,1.4000000000000001,2,94
2012,1,19,18,30,14.600000000000001,38.25,0.5,2.1,0
2012,1,19,19,30,13.9,38.9,0.1,2.3000000000000003,0
2012,1,19,20,30,13.200000000000001,39.27,-0.4,2.6,0
2012,1,19,21,30,12.200000000000001,40.22,-0.9,2.9000000000000004,0
2012,1,19,22,30,10.8,41.56,-1.8,2.9000000000000004,0
2012,1,19,23,30,9.700000000000001,42.26,-2.5,3,0
2012,1,20,0,30,8.9,43.02,-3,3.2,0
2012,1,20,1,30,8.3,44.2,-3.2,3.5,0
2012,1,20,2,30,7.6000000000000005,46.230000000000004,-3.2,3.5,0
2012,1,20,3,30,6.9,49.07,-3.1,3.4000000000000004,0
2012,1,20,4,30,6.5,50.74,-3,3.4000000000000004,0
2012,1,20,5,30,5.9,52.21,-3.2,3.2,0
2012,1,20,6,30,5.4,52.28,-3.6,3,0
2012,1,20,7,30,6.4,46.67,-4.2,3.8000000000000003,0
2012,1,20,8,30,9.3,37.300000000000004,-4.6000000000000005,4.9,108
2012,1,20,9,30,12.8,29.79,-4.5,5.1000000000000005,309
2012,1,20,10,30,17.1,23.35,-4,5.6000000000000005,487
2012,1,20,11,30,21.1,17.21,-4.800000000000001,6.800000000000001,623
2012,1,20,12,30,23.8,13.4,-5.9,7.6000000000000005,691
2012,1,20,13,30,25.200000000000003,11.14,-7.2,7.6000000000000005,690
2012,1,20,14,30,25.6,10.31,-7.9,7.1000000000000005,620
2012,1,20,15,30,24.8,10.39,-8.4,6,493
2012,1,20,16,30,21.200000000000003,13.69,-7.7,4.2,311
2012,1,20,17,30,16.7,21.37,-5.5,3.1,106
2012,1,20,18,30,14.100000000000001,23.39,-6.5,3.1,0
2012,1,20,19,30,12.8,23.93,-7.300000000000001,3.1,0
2012,1,20,20,30,11.4,25.72,-7.6000000000000005,2.9000000000000004,0
2012,1,20,21,30,10,28.85,-7.300000000000001,2.6,0
2012,1,20,22,30,8.700000000000001,32.99,-6.7,2.5,0
2012,1,20,23,30,7.4,38.86,-5.7,3,0
2012,1,21,0,30,5.9,48.22,-4.2,3.8000000000000003,0
2012,1,21,1,30,4.3,60.53,-2.7,4.1000000000000005,0
2012,1,21,2,30,3.1,69.17,-2,4,0
2012,1,21,3,30,2.3000000000000003,71.45,-2.3000000000000003,3.6,0
2012,1,21,4,30,1.5,72.52,-2.9000000000000004,3,0
2012,1,21,5,30,0.8,73.5,-3.4000000000000004,2.4000000000000004,0
2012,1,21,6,30,0,75.9,-3.7,1.8,0
2012,1,21,7,30,0.4,72.47,-4,1.9000000000000001,0
2012,1,21,8,30,2.3000000000000003,61.84,-4.3,2.1,76
2012,1,21,9,30,4.6000000000000005,52.370000000000005,-4.3,1.3,306
2012,1,21,10,30,7.4,44.71,-3.9000000000000004,0.9,485
2012,1,21,11,30,10.5,38.28,-3.1,1.6,620
2012,1,21,12,30,13.200000000000001,33.6,-2.5,2.6,688
2012,1,21,13,30,15.5,29.67,-2.2,3.5,688
2012,1,21,14,30,16.8,27.07,-2.3000000000000003,4,619
2012,1,21,15,30,17.1,25.830000000000002,-2.7,4.1000000000000005,483
2012,1,21,16,30,14.8,29.830000000000002,-2.7,2.8000000000000003,304
2012,1,21,17,30,11.100000000000001,44.42,-0.6000000000000001,1.9000000000000001,87
2012,1,21,18,30,9.600000000000001,45.26,-1.7000000000000002,2.4000000000000004,0
2012,1,21,19,30,9.8,43.21,-2.1,3.5,0
2012,1,21,20,30,9.8,41.6,-2.6,4.1000000000000005,0
2012,1,21,21,30,9.200000000000001,40.81,-3.4000000000000004,4.3,0
2012,1,21,22,30,8.4,41.15,-4.1000000000000005,4.6000000000000005,0
2012,1,21,23,30,7.5,43.11,-4.3,4.800000000000001,0
2012,1,22,0,30,6.7,46.13,-4.1000000000000005,4.9,0
2012,1,22,1,30,6.1000000000000005,48.99,-3.8000000000000003,5.2,0
2012,1,22,2,30,5.9,49.78,-3.8000000000000003,5.4,0
2012,1,22,3,30,6.1000000000000005,47.69,-4.2,5.300000000000001,0
2012,1,22,4,30,7,42.59,-4.9,5.300000000000001,0
2012,1,22,5,30,8,37.33,-5.7,5.5,0
2012,1,22,6,30,8.4,35.82,-5.9,5.800000000000001,0
2012,1,22,7,30,9.1,36.25,-5.1000000000000005,6.7,0
2012,1,22,8,30,11.3,35.37,-3.5,8.200000000000001,65
2012,1,22,9,30,14.200000000000001,32.22,-2.2,10,312
2012,1,22,10,30,16.3,23.05,-4.9,11.100000000000001,494
2012,1,22,11,30,17.5,15.71,-8.9,11,634
2012,1,22,12,30,18.400000000000002,12.4,-11.100000000000001,10.5,704
2012,1,22,13,30,19,10.620000000000001,-12.600000000000001,9.700000000000001,704
2012,1,22,14,30,19.200000000000003,9.8,-13.4,8.6,635
2012,1,22,15,30,18.7,9.96,-13.600000000000001,7.2,404
2012,1,22,16,30,16,12.58,-12.9,4.6000000000000005,313
2012,1,22,17,30,11.8,22.47,-9,2.6,109
2012,1,22,18,30,9.200000000000001,29.32,-7.800000000000001,2.2,0
2012,1,22,19,30,8.1,31.650000000000002,-7.800000000000001,2.1,0
2012,1,22,20,30,7,34.03,-7.800000000000001,2,0
2012,1,22,21,30,6.1000000000000005,35.660000000000004,-8,1.9000000000000001,0
2012,1,22,22,30,5.2,37.46,-8.200000000000001,1.8,0
2012,1,22,23,30,4.3,39.660000000000004,-8.200000000000001,1.7000000000000002,0
2012,1,23,0,30,3.5,41.85,-8.3,1.6,0
2012,1,23,1,30,2.9000000000000004,43.980000000000004,-8.200000000000001,1.4000000000000001,0
2012,1,23,2,30,2.5,45.74,-8,1.3,0
2012,1,23,3,30,2.2,46.95,-8,1.2000000000000002,0
2012,1,23,4,30,2.1,47.17,-8,1.2000000000000002,0
2012,1,23,5,30,2.4000000000000004,46.84,-7.800000000000001,1,0
2012,1,23,6,30,2.7,46.82,-7.6000000000000005,0.6000000000000001,0
2012,1,23,7,30,3.4000000000000004,45.25,-7.4,0.4,0
2012,1,23,8,30,4.9,43.410000000000004,-6.5,0.8,71
2012,1,23,9,30,7.9,34.410000000000004,-6.9,1.8,309
2012,1,23,10,30,11.200000000000001,29.85,-5.800000000000001,2.6,491
2012,1,23,11,30,14.100000000000001,25.22,-5.5,3.2,623
2012,1,23,12,30,16.400000000000002,20,-6.6000000000000005,3.7,690
2012,1,23,13,30,17.7,17.64,-7.2,3.8000000000000003,690
2012,1,23,14,30,18.3,16.52,-7.6000000000000005,3.7,622
2012,1,23,15,30,18,16.580000000000002,-7.800000000000001,3,491
2012,1,23,16,30,15.8,21.92,-5.9,1.8,311
2012,1,23,17,30,12.5,35.59,-2.3000000000000003,1.3,108
2012,1,23,18,30,10,35.32,-4.7,1.6,0
2012,1,23,19,30,8.700000000000001,38.83,-4.6000000000000005,1.9000000000000001,0
2012,1,23,20,30,8.1,39.75,-4.800000000000001,2.3000000000000003,0
2012,1,23,21,30,7.6000000000000005,40.58,-5,2.7,0
2012,1,23,22,30,7,41.57,-5.2,3.2,0
2012,1,23,23,30,6.4,43.4,-5.2,3.7,0
2012,1,24,0,30,5.800000000000001,48.89,-4.1000000000000005,3.8000000000000003,0
2012,1,24,1,30,5.2,58.42,-2.3000000000000003,3.5,0
2012,1,24,2,30,4.9,67.19,-0.7000000000000001,3.2,0
2012,1,24,3,30,4.800000000000001,73.37,0.4,2.8000000000000003,0
2012,1,24,4,30,4.7,78.27,1.2000000000000002,2.4000000000000004,0
2012,1,24,5,30,4.6000000000000005,82.61,1.9000000000000001,2.1,0
2012,1,24,6,30,4.6000000000000005,86.14,2.5,1.9000000000000001,0
2012,1,24,7,30,5.2,85.77,3,2.3000000000000003,0
2012,1,24,8,30,6.6000000000000005,80.47,3.5,3.1,60
2012,1,24,9,30,8.4,73.65,4,3.7,240
2012,1,24,10,30,10.700000000000001,68.69,5.2,4.6000000000000005,375
2012,1,24,11,30,12.700000000000001,70.47,7.5,5.5,366
2012,1,24,12,30,14.100000000000001,71.39,9,5.800000000000001,522
2012,1,24,13,30,15.100000000000001,69.87,9.600000000000001,5.7,477
2012,1,24,14,30,15.700000000000001,66.17,9.4,5.1000000000000005,401
2012,1,24,15,30,15.4,62.800000000000004,8.3,3.6,221
2012,1,24,16,30,13.8,66.27,7.6000000000000005,2,189
2012,1,24,17,30,11.9,70.60000000000001,6.7,1.5,52
2012,1,24,18,30,10.9,69.51,5.5,1.4000000000000001,0
2012,1,24,19,30,10.100000000000001,68.11,4.5,1.4000000000000001,0
2012,1,24,20,30,9.4,66.62,3.5,1.4000000000000001,0
2012,1,24,21,30,8.9,65.8,2.8000000000000003,1.4000000000000001,0
2012,1,24,22,30,7.800000000000001,71.71000000000001,3,1.5,0
2012,1,24,23,30,6.7,82.34,3.9000000000000004,1.5,0
2012,1,25,0,30,6.800000000000001,90.92,5.4,2.3000000000000003,0
2012,1,25,1,30,7.4,96.33,6.9,3.9000000000000004,0
2012,1,25,2,30,7.4,98.88,7.2,5,0
2012,1,25,3,30,7.1000000000000005,98.21000000000001,6.800000000000001,5.1000000000000005,0
2012,1,25,4,30,6.800000000000001,95.29,6.1000000000000005,5.1000000000000005,0
2012,1,25,5,30,6.5,93.15,5.5,5.4,0
2012,1,25,6,30,5.9,92.95,4.800000000000001,5.4,0
2012,1,25,7,30,5.4,88.13,3.6,5.300000000000001,0
2012,1,25,8,30,5.4,79.41,2.1,5.300000000000001,34
2012,1,25,9,30,5.1000000000000005,76.35000000000001,1.3,4.800000000000001,5
2012,1,25,10,30,5,78.02,1.5,4.7,8
2012,1,25,11,30,5.2,77.66,1.6,5,190
2012,1,25,12,30,5.6000000000000005,76.07000000000001,1.7000000000000002,5.2,115
2012,1,25,13,30,6.1000000000000005,74.64,1.9000000000000001,5,42
2012,1,25,14,30,6.6000000000000005,73.87,2.3000000000000003,4.7,29
2012,1,25,15,30,6.9,74.48,2.7,4.2,108
2012,1,25,16,30,6.800000000000001,77.44,3.1,3.2,105
2012,1,25,17,30,6.2,83.71000000000001,3.6,2,17
2012,1,25,18,30,5.5,86.97,3.5,1.3,0
2012,1,25,19,30,5.5,83.68,3,1,0
2012,1,25,20,30,5.800000000000001,79.21000000000001,2.5,0.6000000000000001,0
2012,1,25,21,30,5.300000000000001,80.23,2.2,0.8,0
2012,1,25,22,30,4.4,85.07000000000001,2.1,1.4000000000000001,0
2012,1,25,23,30,3.6,90.06,2.1,2.1,0
2012,1,26,0,30,2.7,94.46000000000001,1.9000000000000001,2.7,0
2012,1,26,1,30,2,93.83,1.1,2.9000000000000004,0
2012,1,26,2,30,1.6,85.93,-0.5,3,0
2012,1,26,3,30,1.4000000000000001,75.59,-2.4000000000000004,3,0
2012,1,26,4,30,1.2000000000000002,69.51,-3.8000000000000003,2.9000000000000004,0
2012,1,26,5,30,0.9,67.56,-4.4,2.9000000000000004,0
2012,1,26,6,30,0.5,67.78,-4.800000000000001,3,0
2012,1,26,7,30,1.4000000000000001,62.92,-4.9,3.7,0
2012,1,26,8,30,4,53.75,-4.5,4.2,114
2012,1,26,9,30,7.800000000000001,43.33,-3.9000000000000004,3.8000000000000003,316
2012,1,26,10,30,12.600000000000001,33.93,-2.9000000000000004,4.4,497
2012,1,26,11,30,16.3,26.96,-2.8000000000000003,5.6000000000000005,626
2012,1,26,12,30,17.8,25.16,-2.4000000000000004,5.7,695
2012,1,26,13,30,18.6,24.03,-2.4000000000000004,5.2,696
2012,1,26,14,30,18.900000000000002,23.13,-2.6,4.5,629
2012,1,26,15,30,18.3,23.400000000000002,-3,3.2,500
2012,1,26,16,30,16.1,29.52,-1.7000000000000002,1.7000000000000002,321
2012,1,26,17,30,13.700000000000001,41.84,1,1,119
2012,1,26,18,30,12.5,35.53,-2.4000000000000004,0.8,0
2012,1,26,19,30,11.100000000000001,38.19,-2.6,0.9,0
2012,1,26,20,30,9.200000000000001,43.38,-2.6,1.2000000000000002,0
2012,1,26,21,30,7.6000000000000005,48.94,-2.5,1.4000000000000001,0
2012,1,26,22,30,6.5,52.67,-2.5,1.6,0
2012,1,26,23,30,5.7,55.480000000000004,-2.5,1.8,0
2012,1,27,0,30,5.2,57.44,-2.5,2,0
2012,1,27,1,30,4.9,58.75,-2.5,2.4000000000000004,0
2012,1,27,2,30,4.7,59.65,-2.5,2.9000000000000004,0
2012,1,27,3,30,4.4,60.94,-2.5,3.4000000000000004,0
2012,1,27,4,30,4,62.620000000000005,-2.5,3.8000000000000003,0
2012,1,27,5,30,3.7,63.59,-2.6,4.1000000000000005,0
2012,1,27,6,30,3.3000000000000003,64.68,-2.7,4.1000000000000005,0
2012,1,27,7,30,4.2,59.96,-2.9000000000000004,4.4,0
2012,1,27,8,30,6.800000000000001,50.1,-2.9000000000000004,4.7,113
2012,1,27,9,30,10.5,39.51,-2.7,4.800000000000001,316
2012,1,27,10,30,14.5,29.7,-3,5.2,494
2012,1,27,11,30,17.900000000000002,23.400000000000002,-3.3000000000000003,5.4,623
2012,1,27,12,30,20.8,19.67,-3.2,5.6000000000000005,691
2012,1,27,13,30,22.5,18.16,-2.9000000000000004,5.6000000000000005,692
2012,1,27,14,30,23,18.36,-2.3000000000000003,5.300000000000001,623
2012,1,27,15,30,22.400000000000002,19.81,-1.8,4.3,496
2012,1,27,16,30,19.3,27.650000000000002,0.2,2.7,319
2012,1,27,17,30,15.100000000000001,42.76,2.5,2,119
2012,1,27,18,30,13.4,43.34,1.2000000000000002,3.4000000000000004,0
2012,1,27,19,30,12.5,45.04,0.9,6.300000000000001,0
2012,1,27,20,30,10.600000000000001,50.32,0.7000000000000001,7.300000000000001,0
2012,1,27,21,30,8.9,51.88,-0.5,6.5,0
2012,1,27,22,30,7.800000000000001,48.730000000000004,-2.3000000000000003,6,0
2012,1,27,23,30,7,46.550000000000004,-3.7,5.7,0
2012,1,28,0,30,6.4,46.01,-4.4,5.4,0
2012,1,28,1,30,5.800000000000001,46.160000000000004,-4.9,5.2,0
2012,1,28,2,30,5.1000000000000005,46.9,-5.300000000000001,5.1000000000000005,0
2012,1,28,3,30,4.5,47.36,-5.7,5.2,0
2012,1,28,4,30,3.9000000000000004,48.46,-6,5.6000000000000005,0
2012,1,28,5,30,3.3000000000000003,49.21,-6.4,5.7,0
2012,1,28,6,30,2.7,50.65,-6.5,5.300000000000001,0
2012,1,28,7,30,2.7,49.65,-6.800000000000001,5.1000000000000005,0
2012,1,28,8,30,3.5,44.42,-7.5,5.300000000000001,74
2012,1,28,9,30,4.800000000000001,35.31,-9.3,5.300000000000001,259
2012,1,28,10,30,6.4,28.5,-10.600000000000001,4.800000000000001,410
2012,1,28,11,30,7.9,24.77,-11.100000000000001,3.9000000000000004,535
2012,1,28,12,30,9,23.080000000000002,-11,3.1,559
2012,1,28,13,30,9.600000000000001,22.67,-10.700000000000001,2.3000000000000003,608
2012,1,28,14,30,9.700000000000001,23.18,-10.4,1.8,497
2012,1,28,15,30,9.5,24.42,-9.9,1.7000000000000002,487
2012,1,28,16,30,8.6,26.94,-9.4,1.3,235
2012,1,28,17,30,6.9,43.14,-4.800000000000001,1.1,6
2012,1,28,18,30,5.1000000000000005,46.480000000000004,-5.4,1.3,0
2012,1,28,19,30,3.8000000000000003,47.42,-6.4,1.4000000000000001,0
2012,1,28,20,30,2.8000000000000003,49.21,-6.800000000000001,1.5,0
2012,1,28,21,30,2.1,50.7,-7.1000000000000005,1.6,0
2012,1,28,22,30,1.3,53.13,-7.2,1.5,0
2012,1,28,23,30,0.7000000000000001,55.410000000000004,-7.2,1.5,0
2012,1,29,0,30,0.1,57.69,-7.300000000000001,1.4000000000000001,0
2012,1,29,1,30,-0.30000000000000004,59.01,-7.300000000000001,1.5,0
2012,1,29,2,30,-0.7000000000000001,60.620000000000005,-7.4,1.5,0
2012,1,29,3,30,-1.1,62.85,-7.300000000000001,1.5,0
2012,1,29,4,30,-1.4000000000000001,65.48,-7,1.6,0
2012,1,29,5,30,-1.6,68.12,-6.7,1.6,0
2012,1,29,6,30,-1.8,70.79,-6.4,1.6,0
2012,1,29,7,30,-0.1,63.97,-6.1000000000000005,2.1,0
2012,1,29,8,30,3.1,53.27,-5.5,2.7,119
2012,1,29,9,30,6.6000000000000005,43.65,-4.9,3.2,325
2012,1,29,10,30,10.4,34.35,-4.7,3.7,508
2012,1,29,11,30,13.200000000000001,29.400000000000002,-4.3,3.9000000000000004,641
2012,1,29,12,30,15,27.45,-3.6,4.1000000000000005,711
2012,1,29,13,30,16.3,26.38,-3.1,4.2,713
2012,1,29,14,30,17,26.04,-2.6,4,646
2012,1,29,15,30,16.8,26.900000000000002,-2.4000000000000004,3.6,515
2012,1,29,16,30,14.5,32.19,-1.9000000000000001,2.4000000000000004,334
2012,1,29,17,30,10.700000000000001,49.89,0.7000000000000001,1.5,129
2012,1,29,18,30,8.4,53.07,-0.6000000000000001,1.7000000000000002,0
2012,1,29,19,30,7.6000000000000005,55.82,-0.7000000000000001,2.2,0
2012,1,29,20,30,7,58.93,-0.5,3.1,0
2012,1,29,21,30,6.300000000000001,63.21,-0.2,3.9000000000000004,0
2012,1,29,22,30,5.5,68.12,0.1,4.2,0
2012,1,29,23,30,4.7,73.06,0.30000000000000004,4.2,0
2012,1,30,0,30,4,77.54,0.4,4.2,0
2012,1,30,1,30,3.4000000000000004,81.89,0.6000000000000001,4.1000000000000005,0
2012,1,30,2,30,2.9000000000000004,86.26,0.8,3.8000000000000003,0
2012,1,30,3,30,2.3000000000000003,92.16,1.2000000000000002,3.4000000000000004,0
2012,1,30,4,30,1.7000000000000002,98.7,1.5,3.1,0
2012,1,30,5,30,1.4000000000000001,100,1.4000000000000001,3,0
2012,1,30,6,30,1.5,100,1.5,3.5,0
2012,1,30,7,30,2.4000000000000004,95.11,1.7000000000000002,4.2,0
2012,1,30,8,30,4.7,80.55,1.6,4.4,118
2012,1,30,9,30,8.4,62.08,1.6,4.6000000000000005,323
2012,1,30,10,30,12.600000000000001,46.06,1.3,5.1000000000000005,504
2012,1,30,11,30,16.2,36.31,1.2000000000000002,5.6000000000000005,637
2012,1,30,12,30,18.6,31.09,1.2000000000000002,5.9,704
2012,1,30,13,30,19.8,29.990000000000002,1.7000000000000002,5.9,705
2012,1,30,14,30,20.3,30.57,2.4000000000000004,5.800000000000001,635
2012,1,30,15,30,20.1,32.15,3,5.4,506
2012,1,30,16,30,18.1,37.69,3.4000000000000004,4.1000000000000005,326
2012,1,30,17,30,14.700000000000001,50.53,4.5,3.5,125
2012,1,30,18,30,12.700000000000001,58.74,4.800000000000001,4.5,0
2012,1,30,19,30,11.8,67.41,6,5.4,0
2012,1,30,20,30,10.700000000000001,78.86,7.2,5.800000000000001,0
2012,1,30,21,30,9.700000000000001,90.01,8.1,5.9,0
2012,1,30,22,30,8.9,98.39,8.700000000000001,5.6000000000000005,0
2012,1,30,23,30,8.6,99.99000000000001,8.6,5.2,0
2012,1,31,0,30,8.3,99.79,8.3,4.800000000000001,0
2012,1,31,1,30,8,99.86,8,4.2,0
2012,1,31,2,30,7.7,100,7.7,3.6,0
2012,1,31,3,30,7.300000000000001,100,7.300000000000001,3.5,0
2012,1,31,4,30,7,100,7,3.7,0
2012,1,31,5,30,6.5,100,6.5,3.5,0
2012,1,31,6,30,5.7,100,5.7,3.1,0
2012,1,31,7,30,6.300000000000001,93.21000000000001,5.300000000000001,3.6,0
2012,1,31,8,30,8.700000000000001,74.72,4.5,4.1000000000000005,120
2012,1,31,9,30,12.3,54.77,3.5,4,324
2012,1,31,10,30,16.2,38.800000000000004,2.2,3.6,443
2012,1,31,11,30,19.6,29.67,1.4000000000000001,3.8000000000000003,640
2012,1,31,12,30,22.1,23.19,0.1,4.4,708
2012,1,31,13,30,23.1,19.88,-1.2000000000000002,4.7,647
2012,1,31,14,30,23.1,19.73,-1.3,4.5,643
2012,1,31,15,30,22.6,20.57,-1.1,3.8000000000000003,514
2012,1,31,16,30,20.200000000000003,25.77,-0.1,2.2,334
2012,1,31,17,30,17.6,39.21,3.6,1.1,130
2012,1,31,18,30,16.6,34.29,0.8,1,0
2012,1,31,19,30,15.4,36.42,0.6000000000000001,1,0
2012,1,31,20,30,13.5,42.24,0.9,1.3,0
2012,1,31,21,30,11.700000000000001,49.47,1.5,1.5,0
2012,1,31,22,30,10.3,56.95,2.1,1.8,0
2012,1,31,23,30,9.200000000000001,63.79,2.7,1.9000000000000001,0
2012,2,1,0,30,8.3,68.92,2.9000000000000004,1.9000000000000001,0
2012,2,1,1,30,7.5,71.94,2.8000000000000003,1.7000000000000002,0
2012,2,1,2,30,6.800000000000001,71.68,2,1.6,0
2012,2,1,3,30,6.2,68.97,0.9,1.5,0
2012,2,1,4,30,5.7,65.45,-0.30000000000000004,1.6,0
2012,2,1,5,30,5.2,62.82,-1.3,1.8,0
2012,2,1,6,30,5,60.32,-2.1,2.4000000000000004,0
2012,2,1,7,30,6,54.09,-2.6,3.6,0
2012,2,1,8,30,8.4,45.03,-2.9000000000000004,4.2,127
2012,2,1,9,30,11.8,36.11,-2.8000000000000003,3.8000000000000003,337
2012,2,1,10,30,16.1,27.63,-2.6,4.2,521
2012,2,1,11,30,19.400000000000002,19.6,-4.4,4.800000000000001,656
2012,2,1,12,30,20.700000000000003,16.79,-5.4,4.7,727
2012,2,1,13,30,21.1,15.96,-5.7,4.5,734
2012,2,1,14,30,21,15.39,-6.300000000000001,4.2,667
2012,2,1,15,30,20.5,15.13,-6.9,3.5,535
2012,2,1,16,30,17.900000000000002,18.41,-6.5,2.1,352
2012,2,1,17,30,14.8,35.54,-0.30000000000000004,1.3,144
2012,2,1,18,30,13.700000000000001,29.240000000000002,-3.9000000000000004,1.4000000000000001,0
2012,2,1,19,30,13.4,26.67,-5.4,1.3,0
2012,2,1,20,30,12.4,27,-6.1000000000000005,1.3,0
2012,2,1,21,30,10.600000000000001,30.64,-6,1.4000000000000001,0
2012,2,1,22,30,8.8,35.62,-5.6000000000000005,1.5,0
2012,2,1,23,30,7.2,41.07,-5.2,1.6,0
2012,2,2,0,30,6.1000000000000005,45.5,-4.800000000000001,1.6,0
2012,2,2,1,30,5.300000000000001,49.88,-4.3,1.6,0
2012,2,2,2,30,4.7,54.69,-3.7,1.7000000000000002,0
2012,2,2,3,30,4.2,60.25,-2.8000000000000003,1.8,0
2012,2,2,4,30,3.9000000000000004,66.54,-1.8,1.9000000000000001,0
2012,2,2,5,30,3.7,72.64,-0.8,1.9000000000000001,0
2012,2,2,6,30,3.7,77.15,0.1,2,0
2012,2,2,7,30,5.2,72.93,0.7000000000000001,2.8000000000000003,0
2012,2,2,8,30,7.5,65.3,1.4000000000000001,3.6,83
2012,2,2,9,30,10.100000000000001,58.65,2.4000000000000004,3.9000000000000004,178
2012,2,2,10,30,13.4,53.94,4.3,5.300000000000001,131
2012,2,2,11,30,16.5,56.800000000000004,7.9,7.1000000000000005,169
2012,2,2,12,30,18.5,56.31,9.600000000000001,7.800000000000001,496
2012,2,2,13,30,19.400000000000002,55.14,10.200000000000001,7.800000000000001,566
2012,2,2,14,30,19.700000000000003,54.31,10.200000000000001,7.4,541
2012,2,2,15,30,19.6,54.870000000000005,10.3,6.6000000000000005,417
2012,2,2,16,30,18.7,59.32,10.600000000000001,5.5,302
2012,2,2,17,30,16.7,69.71000000000001,11.100000000000001,4.5,83
2012,2,2,18,30,15.100000000000001,80.45,11.8,4.2,0
2012,2,2,19,30,14.100000000000001,89.92,12.5,4.4,0
2012,2,2,20,30,13.4,97.88,13.100000000000001,4.5,0
2012,2,2,21,30,13,100,13,4.5,0
2012,2,2,22,30,13,100,13,4.7,0
2012,2,2,23,30,13.3,100,13.3,5,0
2012,2,3,0,30,13.8,100,13.8,5.7,0
2012,2,3,1,30,14,100,14,6.2,0
2012,2,3,2,30,13.8,100,13.8,6.300000000000001,0
2012,2,3,3,30,13.4,100,13.4,6.1000000000000005,0
2012,2,3,4,30,12.3,100,12.3,5.5,0
2012,2,3,5,30,10.700000000000001,100,10.700000000000001,4.7,0
2012,2,3,6,30,8.5,100,8.5,3.9000000000000004,0
2012,2,3,7,30,7.6000000000000005,87.27,5.6000000000000005,4,0
2012,2,3,8,30,9.1,58.19,1.3,4.2,133
2012,2,3,9,30,12.5,35.86,-2.2,4.2,345
2012,2,3,10,30,16.400000000000002,22.72,-5,5,532
2012,2,3,11,30,18.7,15.85,-7.800000000000001,6,669
2012,2,3,12,30,19.5,14.18,-8.6,6.2,741
2012,2,3,13,30,19.8,13.44,-9,6.300000000000001,744
2012,2,3,14,30,19.700000000000003,13.16,-9.4,6,676
2012,2,3,15,30,19.1,13.450000000000001,-9.600000000000001,5.2,544
2012,2,3,16,30,16.7,15.96,-9.3,3.5,360
2012,2,3,17,30,12.700000000000001,29.82,-4.5,2.1,143
2012,2,3,18,30,10.3,35.28,-4.4,2.6,0
2012,2,3,19,30,9.600000000000001,34.82,-5.2,4,0
2012,2,3,20,30,8.6,38.660000000000004,-4.7,5.1000000000000005,0
2012,2,3,21,30,7.300000000000001,47.44,-3.2,5.5,0
2012,2,3,22,30,6.1000000000000005,57.77,-1.6,5.2,0
2012,2,3,23,30,5,67.66,-0.5,4.7,0
2012,2,4,0,30,4,74.66,-0.1,4.4,0
2012,2,4,1,30,3.3000000000000003,76.71000000000001,-0.4,4.3,0
2012,2,4,2,30,3,74.16,-1.2000000000000002,4.4,0
2012,2,4,3,30,3.1,69.22,-2,4.6000000000000005,0
2012,2,4,4,30,3.1,65.76,-2.7,4.7,0
2012,2,4,5,30,3.1,63.52,-3.2,4.7,0
2012,2,4,6,30,3,62.690000000000005,-3.4000000000000004,4.5,0
2012,2,4,7,30,3.2,61.22,-3.6,5,0
2012,2,4,8,30,3.7,58.74,-3.6,5.9,78
2012,2,4,9,30,4.6000000000000005,54.910000000000004,-3.7,6.4,254
2012,2,4,10,30,5.800000000000001,49.85,-3.9000000000000004,6.300000000000001,352
2012,2,4,11,30,7.2,44.27,-4.2,5.9,506
2012,2,4,12,30,9,38.47,-4.4,5.300000000000001,695
2012,2,4,13,30,10.5,34.480000000000004,-4.5,4.800000000000001,718
2012,2,4,14,30,11.4,32.04,-4.7,4.7,523
2012,2,4,15,30,11.4,31.560000000000002,-4.9,4.7,371
2012,2,4,16,30,10.5,33.19,-5,4,216
2012,2,4,17,30,8,40.59,-4.6000000000000005,2.8000000000000003,109
2012,2,4,18,30,6.1000000000000005,48.69,-3.9000000000000004,2.6,0
2012,2,4,19,30,5.7,49.08,-4.2,3.5,0
2012,2,4,20,30,5.1000000000000005,50.95,-4.2,4,0
2012,2,4,21,30,4.4,54.28,-4,3.9000000000000004,0
2012,2,4,22,30,3.5,58.67,-3.8000000000000003,3.7,0
2012,2,4,23,30,2.6,63.35,-3.7,3.5,0
2012,2,5,0,30,1.8,67.72,-3.5,3,0
2012,2,5,1,30,1,72.25,-3.4000000000000004,2.4000000000000004,0
2012,2,5,2,30,0.30000000000000004,76.32000000000001,-3.4000000000000004,2.2,0
2012,2,5,3,30,-0.2,79.25,-3.4000000000000004,2.5,0
2012,2,5,4,30,-0.6000000000000001,81.44,-3.4000000000000004,2.8000000000000003,0
2012,2,5,5,30,-1,83.34,-3.5,2.8000000000000003,0
2012,2,5,6,30,-1.3,84.36,-3.6,2.7,0
2012,2,5,7,30,-0.4,78.03,-3.8000000000000003,3.5,0
2012,2,5,8,30,1.8,64.54,-4.2,4.9,47
2012,2,5,9,30,4.1000000000000005,48.14,-5.9,5.4,288
2012,2,5,10,30,5.9,38.34,-7.2,5.2,488
2012,2,5,11,30,7.6000000000000005,32.94,-7.7,4.7,654
2012,2,5,12,30,8.8,29.97,-7.9,4.2,482
2012,2,5,13,30,9.600000000000001,28.16,-8,3.6,358
2012,2,5,14,30,10,27.310000000000002,-8,3.2,308
2012,2,5,15,30,9.8,27.54,-8.1,2.8000000000000003,330
2012,2,5,16,30,8.700000000000001,29.37,-8.200000000000001,2.1,273
2012,2,5,17,30,6.2,39.75,-6.5,1.4000000000000001,91
2012,2,5,18,30,4.1000000000000005,49.76,-5.5,1.2000000000000002,0
2012,2,5,19,30,3.2,50.660000000000004,-6.1000000000000005,1.2000000000000002,0
2012,2,5,20,30,2.3000000000000003,52.370000000000005,-6.5,1.3,0
2012,2,5,21,30,1.6,53.92,-6.7,1.3,0
2012,2,5,22,30,0.9,55.96,-6.9,1.2000000000000002,0
2012,2,5,23,30,0.5,56.94,-7.1000000000000005,1.2000000000000002,0
2012,2,6,0,30,0.4,57.68,-7,1.1,0
2012,2,6,1,30,0.30000000000000004,59.160000000000004,-6.7,1.1,0
2012,2,6,2,30,0.2,60.5,-6.5,1.1,0
2012,2,6,3,30,-0.1,62.18,-6.5,1.2000000000000002,0
2012,2,6,4,30,-0.4,63.63,-6.5,1.3,0
2012,2,6,5,30,-0.7000000000000001,65.74,-6.300000000000001,1.3,0
2012,2,6,6,30,-0.9,67.9,-6.1000000000000005,1.3,0
2012,2,6,7,30,0.4,63,-5.800000000000001,1.9000000000000001,0
2012,2,6,8,30,3.3000000000000003,52.93,-5.4,2.8000000000000003,25
2012,2,6,9,30,6.1000000000000005,41.47,-6,3.1,80
2012,2,6,10,30,8.200000000000001,34.71,-6.5,3.3000000000000003,232
2012,2,6,11,30,9.9,31.51,-6.2,3.5,390
2012,2,6,12,30,11.4,29.560000000000002,-5.800000000000001,3.6,734
2012,2,6,13,30,12.4,29.25,-5,3.6,737
2012,2,6,14,30,13,29.98,-4.2,3.6,670
2012,2,6,15,30,13,31.63,-3.5,3.4000000000000004,539
2012,2,6,16,30,11.700000000000001,35.99,-2.9000000000000004,2.5,358
2012,2,6,17,30,8.8,49.18,-1.3,1.5,150
2012,2,6,18,30,6.5,56.410000000000004,-1.6,1.5,0
2012,2,6,19,30,5.800000000000001,58,-1.8,1.8,0
2012,2,6,20,30,5.300000000000001,60.27,-1.8,2.1,0
2012,2,6,21,30,4.6000000000000005,64.6,-1.5,2.3000000000000003,0
2012,2,6,22,30,3.8000000000000003,70.47,-1.1,2.3000000000000003,0
2012,2,6,23,30,3,76.92,-0.7000000000000001,2.2,0
2012,2,7,0,30,2.2,83.31,-0.30000000000000004,2.1,0
2012,2,7,1,30,1.5,89.14,-0.1,1.9000000000000001,0
2012,2,7,2,30,1.1,93.06,0.1,1.7000000000000002,0
2012,2,7,3,30,1.2000000000000002,93.91,0.30000000000000004,1.6,0
2012,2,7,4,30,1.5,93.84,0.6000000000000001,1.5,0
2012,2,7,5,30,1.7000000000000002,94.34,0.9,1.1,0
2012,2,7,6,30,1.8,94.92,1.1,0.7000000000000001,0
2012,2,7,7,30,2.4000000000000004,91.11,1.1,0.6000000000000001,0
2012,2,7,8,30,4.3,79.43,1.1,1.2000000000000002,36
2012,2,7,9,30,6.9,67.95,1.4000000000000001,2.3000000000000003,336
2012,2,7,10,30,9.5,57.79,1.6,3.4000000000000004,443
2012,2,7,11,30,11.5,50.65,1.6,4,614
2012,2,7,12,30,12.8,46.15,1.5,4.3,728
2012,2,7,13,30,13.5,43.33,1.3,4.5,634
2012,2,7,14,30,13.600000000000001,41.9,0.9,4.800000000000001,630
2012,2,7,15,30,12.9,42.33,0.4,5,530
2012,2,7,16,30,11.5,44.36,-0.2,5,352
2012,2,7,17,30,9.1,49.69,-0.9,4.5,149
2012,2,7,18,30,6.800000000000001,55.480000000000004,-1.5,4.4,0
2012,2,7,19,30,5.1000000000000005,58.88,-2.3000000000000003,4.800000000000001,0
2012,2,7,20,30,3.5,62.08,-3.1,4.9,0
2012,2,7,21,30,2.1,65.08,-3.8000000000000003,4.7,0
2012,2,7,22,30,0.9,68.74,-4.2,4.2,0
2012,2,7,23,30,0,72.13,-4.4,3.6,0
2012,2,8,0,30,-0.9,76.07000000000001,-4.6000000000000005,3.1,0
2012,2,8,1,30,-1.7000000000000002,79.82000000000001,-4.7,2.7,0
2012,2,8,2,30,-2.3000000000000003,82.69,-4.800000000000001,2.3000000000000003,0
2012,2,8,3,30,-2.9000000000000004,85.72,-5,2.1,0
2012,2,8,4,30,-3.3000000000000003,87.55,-5.1000000000000005,1.9000000000000001,0
2012,2,8,5,30,-3.7,89.36,-5.2,1.8,0
2012,2,8,6,30,-3.9000000000000004,89.98,-5.300000000000001,1.7000000000000002,0
2012,2,8,7,30,-2.8000000000000003,82.24,-5.4,2.3000000000000003,0
2012,2,8,8,30,-0.6000000000000001,68.26,-5.7,2.9000000000000004,138
2012,2,8,9,30,1.6,57.5,-5.9,2.6,345
2012,2,8,10,30,3.7,50.9,-5.5,2,528
2012,2,8,11,30,5.800000000000001,46.04,-4.9,1.7000000000000002,661
2012,2,8,12,30,7.6000000000000005,43.32,-4.1000000000000005,1.8,729
2012,2,8,13,30,9.1,42.61,-3,2.2,729
2012,2,8,14,30,10.100000000000001,43.480000000000004,-1.8,2.5,649
2012,2,8,15,30,10.4,44.84,-1.1,2.6,391
2012,2,8,16,30,9.700000000000001,48.27,-0.7000000000000001,2,356
2012,2,8,17,30,7.6000000000000005,58.59,0,1.3,152
2012,2,8,18,30,5.6000000000000005,65.43,-0.4,1.1,0
2012,2,8,19,30,4.6000000000000005,70.4,-0.30000000000000004,1.2000000000000002,0
2012,2,8,20,30,3.9000000000000004,74.84,-0.2,1.4000000000000001,0
2012,2,8,21,30,3.3000000000000003,79.55,0.1,1.5,0
2012,2,8,22,30,2.8000000000000003,84.35000000000001,0.4,1.7000000000000002,0
2012,2,8,23,30,2.3000000000000003,89.23,0.7000000000000001,1.9000000000000001,0
2012,2,9,0,30,1.8,94.17,1,2,0
2012,2,9,1,30,1.3,98.76,1.1,2,0
2012,2,9,2,30,0.8,100,0.8,1.9000000000000001,0
2012,2,9,3,30,0.4,100,0.4,1.9000000000000001,0
2012,2,9,4,30,0.30000000000000004,100,0.30000000000000004,2,0
2012,2,9,5,30,0.6000000000000001,100,0.6000000000000001,2.5,0
2012,2,9,6,30,1.2000000000000002,100,1.2000000000000002,3.3000000000000003,0
2012,2,9,7,30,1.9000000000000001,96.10000000000001,1.3,4,0
2012,2,9,8,30,3.2,88.88,1.5,4.4,130
2012,2,9,9,30,5.5,80.21000000000001,2.4000000000000004,5.1000000000000005,329
2012,2,9,10,30,8.9,67.82000000000001,3.3000000000000003,5.5,508
2012,2,9,11,30,12.4,55.57,3.8000000000000003,5.4,645
2012,2,9,12,30,15,47.33,3.9000000000000004,5,364
2012,2,9,13,30,16.8,41.980000000000004,3.8000000000000003,4.6000000000000005,573
2012,2,9,14,30,17.6,39.62,3.7,4.3,439
2012,2,9,15,30,17.3,40.17,3.6,3.7,477
2012,2,9,16,30,15.600000000000001,44.89,3.7,2.1,287
2012,2,9,17,30,13.4,56.21,4.9,0.6000000000000001,117
2012,2,9,18,30,11.700000000000001,61.120000000000005,4.5,0.6000000000000001,0
2012,2,9,19,30,9.9,71.38,5,1.2000000000000002,0
2012,2,9,20,30,8.700000000000001,79.84,5.4,1.7000000000000002,0
2012,2,9,21,30,7.800000000000001,86.82000000000001,5.7,2.1,0
2012,2,9,22,30,6.9,93.66,5.9,1.9000000000000001,0
2012,2,9,23,30,6.300000000000001,97.12,5.9,2.1,0
2012,2,10,0,30,5.9,96.65,5.4,3.2,0
2012,2,10,1,30,5.300000000000001,94.65,4.5,4.4,0
2012,2,10,2,30,4.4,92.12,3.2,4.9,0
2012,2,10,3,30,3.6,86.64,1.6,4.7,0
2012,2,10,4,30,2.8000000000000003,82.7,0.1,3.9000000000000004,0
2012,2,10,5,30,2,82.47,-0.7000000000000001,3,0
2012,2,10,6,30,1.2000000000000002,85.2,-1,2.5,0
2012,2,10,7,30,1.9000000000000001,80.52,-1.1,2.9000000000000004,0
2012,2,10,8,30,4.800000000000001,66,-1,3.5,150
2012,2,10,9,30,8.5,48.410000000000004,-1.8,3.9000000000000004,364
2012,2,10,10,30,11.4,32.67,-4.5,4,552
2012,2,10,11,30,13.100000000000001,28.54,-4.800000000000001,3.6,694
2012,2,10,12,30,14.3,26.23,-4.9,3.4000000000000004,766
2012,2,10,13,30,15,24.67,-5.1000000000000005,3.2,766
2012,2,10,14,30,15.200000000000001,23.8,-5.4,3.1,699
2012,2,10,15,30,14.9,23.7,-5.7,3,567
2012,2,10,16,30,13.4,25.82,-5.800000000000001,2.2,383
2012,2,10,17,30,10.4,40.36,-2.5,1.4000000000000001,170
2012,2,10,18,30,7.7,45.42,-3.4000000000000004,1.5,0
2012,2,10,19,30,6.300000000000001,47.28,-4.1000000000000005,2.1,0
2012,2,10,20,30,5.4,47.07,-5,3,0
2012,2,10,21,30,4.4,47.94,-5.7,3.8000000000000003,0
2012,2,10,22,30,3.2,51.550000000000004,-5.800000000000001,4,0
2012,2,10,23,30,2.2,55.57,-5.800000000000001,3.8000000000000003,0
2012,2,11,0,30,1.4000000000000001,59.34,-5.7,3.4000000000000004,0
2012,2,11,1,30,0.7000000000000001,62.910000000000004,-5.6000000000000005,3.1,0
2012,2,11,2,30,0.1,66.17,-5.5,3.1,0
2012,2,11,3,30,-0.6000000000000001,70.29,-5.300000000000001,3.4000000000000004,0
2012,2,11,4,30,-1.3,74.36,-5.300000000000001,3.9000000000000004,0
2012,2,11,5,30,-2.2,78.34,-5.5,4.4,0
2012,2,11,6,30,-3,79.9,-6,4.800000000000001,0
2012,2,11,7,30,-3,74.13,-7,5.7,0
2012,2,11,8,30,-1.8,56.09,-9.4,6.4,34
2012,2,11,9,30,-0.1,44.04,-10.9,6.1000000000000005,367
2012,2,11,10,30,1.6,37.82,-11.3,5.7,555
2012,2,11,11,30,3.2,33.76,-11.3,5.4,693
2012,2,11,12,30,4.5,31.17,-11.100000000000001,5.2,765
2012,2,11,13,30,5.4,29.68,-11,4.9,768
2012,2,11,14,30,5.7,29.53,-10.8,4.6000000000000005,528
2012,2,11,15,30,5.300000000000001,30.740000000000002,-10.600000000000001,4.4,429
2012,2,11,16,30,4.4,32.88,-10.5,4.3,356
2012,2,11,17,30,3.1,35.660000000000004,-10.700000000000001,4.3,155
2012,2,11,18,30,1.9000000000000001,38.35,-10.8,4.4,0
2012,2,11,19,30,1,39.93,-11.100000000000001,5,0
2012,2,11,20,30,0.1,40.44,-11.8,5.300000000000001,0
2012,2,11,21,30,-0.6000000000000001,39.59,-12.700000000000001,5.1000000000000005,0
2012,2,11,22,30,-1.2000000000000002,40,-13.100000000000001,4.7,0
2012,2,11,23,30,-1.8,41.07,-13.3,4.5,0
2012,2,12,0,30,-2.2,42.1,-13.4,4.3,0
2012,2,12,1,30,-2.5,43.42,-13.3,4.1000000000000005,0
2012,2,12,2,30,-2.9000000000000004,46.300000000000004,-12.8,4,0
2012,2,12,3,30,-3.2,51.27,-11.8,4.1000000000000005,0
2012,2,12,4,30,-3.4000000000000004,56.77,-10.8,4.1000000000000005,0
2012,2,12,5,30,-3.5,61.2,-9.9,4.3,0
2012,2,12,6,30,-3.6,64.31,-9.4,4.4,0
2012,2,12,7,30,-3.3000000000000003,64.08,-9.1,4.7,0
2012,2,12,8,30,-2.3000000000000003,60.27,-9,5,29
2012,2,12,9,30,-0.8,55.870000000000005,-8.5,5.300000000000001,65
2012,2,12,10,30,0.7000000000000001,53.17,-7.800000000000001,5.5,26
2012,2,12,11,30,1.8,53.49,-6.7,5.6000000000000005,48
2012,2,12,12,30,2.4000000000000004,56.21,-5.4,5.7,35
2012,2,12,13,30,2.7,59.27,-4.5,5.6000000000000005,69
2012,2,12,14,30,2.6,62.940000000000005,-3.8000000000000003,5.6000000000000005,87
2012,2,12,15,30,2.2,66.65,-3.4000000000000004,5.5,63
2012,2,12,16,30,1.4000000000000001,71.62,-3.2,5.300000000000001,14
2012,2,12,17,30,0.4,77.76,-3,4.9,17
2012,2,12,18,30,-0.5,83.24,-3,4.5,0
2012,2,12,19,30,-1.2000000000000002,86.8,-3.1,4.5,0
2012,2,12,20,30,-1.7000000000000002,88.62,-3.3000000000000003,4.7,0
2012,2,12,21,30,-1.9000000000000001,88.02,-3.6,4.6000000000000005,0
2012,2,12,22,30,-2,87.64,-3.8000000000000003,4.4,0
2012,2,12,23,30,-2.1,87.99,-3.8000000000000003,4.1000000000000005,0
2012,2,13,0,30,-2.2,89.34,-3.7,3.6,0
2012,2,13,1,30,-2,89.10000000000001,-3.6,3.4000000000000004,0
2012,2,13,2,30,-1.7000000000000002,89.58,-3.2,3.5,0
2012,2,13,3,30,-1.3,89.85000000000001,-2.8000000000000003,3.5,0
2012,2,13,4,30,-1.2000000000000002,91.9,-2.3000000000000003,3.4000000000000004,0
2012,2,13,5,30,-1.3,95.02,-2,3.3000000000000003,0
2012,2,13,6,30,-1.3,96.13,-1.8,3.7,0
2012,2,13,7,30,-0.4,91.79,-1.6,4.6000000000000005,0
2012,2,13,8,30,1.9000000000000001,82.10000000000001,-0.8,5,35
2012,2,13,9,30,5.1000000000000005,70.65,0.2,4.9,161
2012,2,13,10,30,9,57.63,1.1,5.2,565
2012,2,13,11,30,12.9,44.92,1.2000000000000002,6,704
2012,2,13,12,30,15.5,33.410000000000004,-0.5,6.800000000000001,773
2012,2,13,13,30,16.6,27.5,-2.2,7.1000000000000005,776
2012,2,13,14,30,17.1,24.71,-3.3000000000000003,7.1000000000000005,707
2012,2,13,15,30,17,24.13,-3.7,6.4,574
2012,2,13,16,30,15,27.990000000000002,-3.4000000000000004,4.4,389
2012,2,13,17,30,11.200000000000001,43.44,-0.8,2.7,176
2012,2,13,18,30,8.6,49.910000000000004,-1.3,2.3000000000000003,0
2012,2,13,19,30,7.7,50.51,-1.9000000000000001,2.3000000000000003,0
2012,2,13,20,30,7.1000000000000005,50.64,-2.5,2.4000000000000004,0
2012,2,13,21,30,6.4,51.54,-2.9000000000000004,2.4000000000000004,0
2012,2,13,22,30,5.7,52.9,-3.2,2.3000000000000003,0
2012,2,13,23,30,4.9,54.88,-3.4000000000000004,2.1,0
2012,2,14,0,30,4.2,56.620000000000005,-3.7,2,0
2012,2,14,1,30,3.4000000000000004,58.84,-3.9000000000000004,1.8,0
2012,2,14,2,30,2.8000000000000003,60.25,-4.1000000000000005,1.6,0
2012,2,14,3,30,2.5,60.64,-4.3,1.5,0
2012,2,14,4,30,2.4000000000000004,60.78,-4.4,1.4000000000000001,0
2012,2,14,5,30,2.3000000000000003,61.51,-4.3,1.4000000000000001,0
2012,2,14,6,30,2.3000000000000003,62.190000000000005,-4.2,1.4000000000000001,0
2012,2,14,7,30,4.2,55.480000000000004,-3.9000000000000004,1.6,0
2012,2,14,8,30,7.7,49.370000000000005,-2.2,2.1,163
2012,2,14,9,30,11.4,39.4,-1.9000000000000001,2.3000000000000003,377
2012,2,14,10,30,16.1,30.970000000000002,-1.1,2.9000000000000004,564
2012,2,14,11,30,19.8,23.990000000000002,-1.4000000000000001,3.7,702
2012,2,14,12,30,21.400000000000002,21.75,-1.4000000000000001,4,773
2012,2,14,13,30,22,21.07,-1.3,4.2,777
2012,2,14,14,30,22,20.85,-1.4000000000000001,4.4,709
2012,2,14,15,30,21.5,21.330000000000002,-1.5,4.2,576
2012,2,14,16,30,19.3,25.11,-1.2000000000000002,2.7,390
2012,2,14,17,30,15.600000000000001,43.25,3.1,1.6,178
2012,2,14,18,30,13.3,44.37,1.4000000000000001,1.6,0
2012,2,14,19,30,12.700000000000001,46.18,1.4000000000000001,1.7000000000000002,0
2012,2,14,20,30,12.4,48.5,1.8,1.8,0
2012,2,14,21,30,12.100000000000001,50.69,2.2,1.8,0
2012,2,14,22,30,11.600000000000001,53.56,2.5,1.9000000000000001,0
2012,2,14,23,30,10.700000000000001,57.58,2.7,2,0
2012,2,15,0,30,10,59.69,2.5,2.6,0
2012,2,15,1,30,9.4,61.44,2.4000000000000004,3.2,0
2012,2,15,2,30,8.200000000000001,62.57,1.5,3.1,0
2012,2,15,3,30,7,63.13,0.5,2.8000000000000003,0
2012,2,15,4,30,6,64.28,-0.2,2.9000000000000004,0
2012,2,15,5,30,5.2,66.57000000000001,-0.5,3.1,0
2012,2,15,6,30,4.6000000000000005,68.45,-0.7000000000000001,3.3000000000000003,0
2012,2,15,7,30,5.800000000000001,62.2,-0.9,4.1000000000000005,0
2012,2,15,8,30,8.9,50.95,-0.7000000000000001,5.4,174
2012,2,15,9,30,11.9,38.230000000000004,-1.9000000000000001,6.800000000000001,394
2012,2,15,10,30,13.9,27.650000000000002,-4.5,7.7,586
2012,2,15,11,30,15.100000000000001,23.71,-5.5,7.7,725
2012,2,15,12,30,16.2,20.82,-6.300000000000001,7.5,806
2012,2,15,13,30,17,18.63,-7.1000000000000005,7.2,810
2012,2,15,14,30,17.3,17.36,-7.7,6.6000000000000005,741
2012,2,15,15,30,17.1,16.830000000000002,-8.3,5.7,606
2012,2,15,16,30,15.600000000000001,18.12,-8.6,3.8000000000000003,417
2012,2,15,17,30,12.100000000000001,30.060000000000002,-4.9,2,193
2012,2,15,18,30,10,36.43,-4.2,1.5,0
2012,2,15,19,30,10.200000000000001,33.03,-5.4,1.4000000000000001,0
2012,2,15,20,30,9.5,32.42,-6.2,1.3,0
2012,2,15,21,30,7.300000000000001,38.74,-5.800000000000001,1.6,0
2012,2,15,22,30,5.4,48.29,-4.7,2.1,0
2012,2,15,23,30,4.4,56.870000000000005,-3.4000000000000004,2.8000000000000003,0
2012,2,16,0,30,3.8000000000000003,66.05,-2,3.5,0
2012,2,16,1,30,3.4000000000000004,73.16,-1,3.8000000000000003,0
2012,2,16,2,30,2.9000000000000004,78.05,-0.5,3.5,0
2012,2,16,3,30,2.3000000000000003,82.98,-0.30000000000000004,3,0
2012,2,16,4,30,1.7000000000000002,87.89,-0.1,2.6,0
2012,2,16,5,30,1.4000000000000001,91.09,0.1,2.7,0
2012,2,16,6,30,1.5,91.60000000000001,0.30000000000000004,3,0
2012,2,16,7,30,2.3000000000000003,87.4,0.4,3.7,0
2012,2,16,8,30,4.2,77.75,0.7000000000000001,4.7,41
2012,2,16,9,30,6.7,67.12,1,5.4,49
2012,2,16,10,30,9.200000000000001,57.22,1.2000000000000002,5.5,180
2012,2,16,11,30,11.4,49.22,1.1,5.2,61
2012,2,16,12,30,13.100000000000001,43.75,1,4.9,187
2012,2,16,13,30,13.9,41.45,1,4.6000000000000005,272
2012,2,16,14,30,13.8,42.88,1.4000000000000001,4.4,129
2012,2,16,15,30,13.100000000000001,47.43,2.2,4.4,413
2012,2,16,16,30,12,54.02,3,4.2,297
2012,2,16,17,30,10.3,62.99,3.6,3.7,35
2012,2,16,18,30,8.5,72.88,3.9000000000000004,3.7,0
2012,2,16,19,30,7.2,80.66,4.1000000000000005,4.2,0
2012,2,16,20,30,6.1000000000000005,87.67,4.2,4.2,0
2012,2,16,21,30,5.4,91.75,4.2,4.1000000000000005,0
2012,2,16,22,30,4.9,94.13,4,4,0
2012,2,16,23,30,4.3,96.89,3.8000000000000003,3.6,0
2012,2,17,0,30,3.8000000000000003,98.62,3.6,3.3000000000000003,0
2012,2,17,1,30,3.9000000000000004,96.27,3.4000000000000004,3.4000000000000004,0
2012,2,17,2,30,4.2,93.8,3.3000000000000003,3.5,0
2012,2,17,3,30,4.4,92.85000000000001,3.3000000000000003,3.3000000000000003,0
2012,2,17,4,30,4.5,92.97,3.5,3,0
2012,2,17,5,30,4.6000000000000005,93.19,3.6,2.6,0
2012,2,17,6,30,4.7,93.16,3.7,2.4000000000000004,0
2012,2,17,7,30,5,91.60000000000001,3.7,2.5,0
2012,2,17,8,30,5.7,87.67,3.8000000000000003,2.7,27
2012,2,17,9,30,6.6000000000000005,82.62,3.9000000000000004,2.8000000000000003,134
2012,2,17,10,30,7.6000000000000005,77.53,3.9000000000000004,2.7,342
2012,2,17,11,30,8.700000000000001,73.37,4.2,2.3000000000000003,222
2012,2,17,12,30,9.8,70.06,4.6000000000000005,1.7000000000000002,211
2012,2,17,13,30,10.9,66.69,4.9,1.2000000000000002,367
2012,2,17,14,30,11.700000000000001,63.660000000000004,5,0.5,361
2012,2,17,15,30,11.8,62.230000000000004,4.800000000000001,0.6000000000000001,25
2012,2,17,16,30,11.200000000000001,63.85,4.6000000000000005,1.1,310
2012,2,17,17,30,9.700000000000001,72.04,4.9,1.4000000000000001,94
2012,2,17,18,30,8.3,78.64,4.800000000000001,2.1,0
2012,2,17,19,30,7.6000000000000005,82.9,4.9,2.7,0
2012,2,17,20,30,6.7,88.56,4.9,2.7,0
2012,2,17,21,30,5.6000000000000005,95.19,4.9,2.6,0
2012,2,17,22,30,4.800000000000001,99.83,4.800000000000001,2.4000000000000004,0
2012,2,17,23,30,4.6000000000000005,100,4.6000000000000005,1.8,0
2012,2,18,0,30,4.800000000000001,99.5,4.7,1.3,0
2012,2,18,1,30,4.6000000000000005,100,4.6000000000000005,1.2000000000000002,0
2012,2,18,2,30,4.3,100,4.3,1.1,0
2012,2,18,3,30,4.3,100,4.3,1.3,0
2012,2,18,4,30,4.4,99.85000000000001,4.4,1.7000000000000002,0
2012,2,18,5,30,4.4,99.04,4.3,1.8,0
2012,2,18,6,30,4.5,97.42,4.1000000000000005,1.8,0
2012,2,18,7,30,5.1000000000000005,93.17,4.1000000000000005,2.1,0
2012,2,18,8,30,6,88.17,4.2,2.6,14
2012,2,18,9,30,6.9,84.39,4.4,3.2,198
2012,2,18,10,30,8,79.65,4.7,3.7,191
2012,2,18,11,30,9.3,72.91,4.7,4.1000000000000005,186
2012,2,18,12,30,10.5,66.58,4.5,4.4,166
2012,2,18,13,30,11.3,61.940000000000005,4.3,4.800000000000001,449
2012,2,18,14,30,11.4,60.410000000000004,4,5,477
2012,2,18,15,30,11.100000000000001,60.81,3.8000000000000003,4.7,280
2012,2,18,16,30,10.4,62.93,3.6,4,392
2012,2,18,17,30,8.6,71.02,3.6,2.5,73
2012,2,18,18,30,6.6000000000000005,82,3.7,1.6,0
2012,2,18,19,30,5.2,88.85000000000001,3.5,1.4000000000000001,0
2012,2,18,20,30,4,96.06,3.4000000000000004,1.3,0
2012,2,18,21,30,3.1,100,3.1,1.2000000000000002,0
2012,2,18,22,30,2.3000000000000003,100,2.3000000000000003,1.1,0
2012,2,18,23,30,1.6,100,1.6,1.1,0
2012,2,19,0,30,1.3,100,1.3,1.1,0
2012,2,19,1,30,1.7000000000000002,100,1.7000000000000002,1.2000000000000002,0
2012,2,19,2,30,2.2,100,2.2,1.5,0
2012,2,19,3,30,1.9000000000000001,99.14,1.8,1.6,0
2012,2,19,4,30,1.5,98.32000000000001,1.3,1.4000000000000001,0
2012,2,19,5,30,1.4000000000000001,95.8,0.8,1.5,0
2012,2,19,6,30,1.5,94.7,0.7000000000000001,1.8,0
2012,2,19,7,30,2.1,91.99,0.9,2.3000000000000003,0
2012,2,19,8,30,3.1,88.91,1.4000000000000001,2.7,36
2012,2,19,9,30,4.6000000000000005,82.57000000000001,1.9000000000000001,3.1,118
2012,2,19,10,30,7.6000000000000005,70.36,2.5,3.7,212
2012,2,19,11,30,11.5,55.84,3,4.5,520
2012,2,19,12,30,14.3,43.27,2,5.1000000000000005,809
2012,2,19,13,30,15.9,35.82,0.8,5.4,807
2012,2,19,14,30,16.6,32.74,0.1,5.6000000000000005,733
2012,2,19,15,30,16.6,32.69,0.1,5.6000000000000005,599
2012,2,19,16,30,15.5,35.95,0.5,5.300000000000001,410
2012,2,19,17,30,13.200000000000001,44.18,1.3,4.800000000000001,194
2012,2,19,18,30,11.100000000000001,53.39,2,5.2,13
2012,2,19,19,30,9.9,60.06,2.5,5.5,0
2012,2,19,20,30,8.700000000000001,68.04,3.1,5.5,0
2012,2,19,21,30,7.7,75.26,3.6,5.300000000000001,0
2012,2,19,22,30,6.800000000000001,81.54,3.9000000000000004,4.9,0
2012,2,19,23,30,6,86.78,4,4.5,0
2012,2,20,0,30,5.4,90.62,4,4.5,0
2012,2,20,1,30,4.9,93.9,4,4.7,0
2012,2,20,2,30,4.5,96.64,4,4.9,0
2012,2,20,3,30,4,99.34,3.9000000000000004,4.800000000000001,0
2012,2,20,4,30,3.4000000000000004,100,3.4000000000000004,4.3,0
2012,2,20,5,30,2.7,96.4,2.2,3.6,0
2012,2,20,6,30,2.6,83.35000000000001,0.1,3.3000000000000003,0
2012,2,20,7,30,4.5,60.83,-2.4000000000000004,4.3,0
2012,2,20,8,30,8.3,42.27,-3.8000000000000003,5.300000000000001,186
2012,2,20,9,30,12.600000000000001,32.58,-3.4000000000000004,6.1000000000000005,403
2012,2,20,10,30,15.8,27.48,-2.9000000000000004,6.9,594
2012,2,20,11,30,17.3,24.35,-3.3000000000000003,7.4,740
2012,2,20,12,30,18.2,21.93,-3.9000000000000004,7.800000000000001,814
2012,2,20,13,30,18.8,19.63,-4.9,8.1,822
2012,2,20,14,30,19,17.55,-6.2,8,752
2012,2,20,15,30,18.7,15.74,-7.9,7.300000000000001,616
2012,2,20,16,30,17.1,15.15,-9.600000000000001,5.800000000000001,431
2012,2,20,17,30,13,20.13,-9.4,3.8000000000000003,209
2012,2,20,18,30,9.1,28.34,-8.3,2.8000000000000003,16
2012,2,20,19,30,7.1000000000000005,29.650000000000002,-9.5,2.6,0
2012,2,20,20,30,5.6000000000000005,31.470000000000002,-10,2.2,0
2012,2,20,21,30,4.4,33.93,-10.100000000000001,1.8,0
2012,2,20,22,30,3.5,36.09,-10.200000000000001,1.6,0
2012,2,20,23,30,3,37.18,-10.200000000000001,1.4000000000000001,0
2012,2,21,0,30,3,35.72,-10.700000000000001,1.2000000000000002,0
2012,2,21,1,30,3.2,32.43,-11.8,1,0
2012,2,21,2,30,3,30.05,-12.9,0.8,0
2012,2,21,3,30,2.1,30.87,-13.3,1,0
2012,2,21,4,30,0.6000000000000001,35.89,-12.8,1.3,0
2012,2,21,5,30,-0.4,41.24,-12,1.5,0
2012,2,21,6,30,-0.5,42.27,-11.8,1.5,0
2012,2,21,7,30,2,37.45,-11,2.2,0
2012,2,21,8,30,5.9,27.68,-11.4,2.7,196
2012,2,21,9,30,9.9,21.67,-11,2.9000000000000004,419
2012,2,21,10,30,14.100000000000001,17.61,-10.200000000000001,4,612
2012,2,21,11,30,17.3,17.22,-7.800000000000001,5.1000000000000005,753
2012,2,21,12,30,19.700000000000003,17.17,-5.9,5.7,827
2012,2,21,13,30,21.1,15.76,-5.9,5.800000000000001,829
2012,2,21,14,30,21.700000000000003,14.92,-6.2,5.6000000000000005,759
2012,2,21,15,30,21.6,14.700000000000001,-6.4,5.1000000000000005,622
2012,2,21,16,30,19.700000000000003,16.64,-6.300000000000001,3.5,432
2012,2,21,17,30,15.8,30.29,-1.6,2.1,210
2012,2,21,18,30,12.9,33.04,-3,2,17
2012,2,21,19,30,11.700000000000001,33.22,-4,2.1,0
2012,2,21,20,30,10.600000000000001,34.71,-4.4,2.3000000000000003,0
2012,2,21,21,30,9.3,36.96,-4.7,2.4000000000000004,0
2012,2,21,22,30,8.1,38.5,-5.2,2.5,0
2012,2,21,23,30,7.1000000000000005,39.27,-5.800000000000001,2.5,0
2012,2,22,0,30,6.2,39.74,-6.5,2.7,0
2012,2,22,1,30,5.5,40.25,-7,3,0
2012,2,22,2,30,4.9,41.160000000000004,-7.2,3.4000000000000004,0
2012,2,22,3,30,4.5,42.02,-7.300000000000001,3.6,0
2012,2,22,4,30,4.3,42.63,-7.300000000000001,3.8000000000000003,0
2012,2,22,5,30,4.1000000000000005,43.27,-7.300000000000001,4,0
2012,2,22,6,30,4.4,42.21,-7.300000000000001,4.4,0
2012,2,22,7,30,6.4,36.480000000000004,-7.4,5.2,0
2012,2,22,8,30,10.100000000000001,28.64,-7.300000000000001,5.7,203
2012,2,22,9,30,14.600000000000001,22.7,-6.5,6.2,424
2012,2,22,10,30,18.900000000000002,18.28,-5.800000000000001,7.4,616
2012,2,22,11,30,21.700000000000003,16.3,-5,8,752
2012,2,22,12,30,23.3,15.57,-4.3,7.800000000000001,825
2012,2,22,13,30,24.200000000000003,15.27,-3.8000000000000003,7.4,828
2012,2,22,14,30,24.700000000000003,15.13,-3.6,6.9,758
2012,2,22,15,30,24.700000000000003,15.11,-3.6,6.300000000000001,623
2012,2,22,16,30,23.1,16.65,-3.6,5,434
2012,2,22,17,30,19.200000000000003,23.47,-2.2,3.6,213
2012,2,22,18,30,16.6,26.810000000000002,-2.6,4.1000000000000005,19
2012,2,22,19,30,15.9,23.61,-4.9,5.1000000000000005,0
2012,2,22,20,30,14.9,22.67,-6.300000000000001,5.5,0
2012,2,22,21,30,13.700000000000001,23.29,-6.9,5.6000000000000005,0
2012,2,22,22,30,12.600000000000001,23.97,-7.5,5.7,0
2012,2,22,23,30,11.600000000000001,24.63,-8,5.800000000000001,0
2012,2,23,0,30,10.700000000000001,25.67,-8.200000000000001,5.800000000000001,0
2012,2,23,1,30,10,26.75,-8.3,6,0
2012,2,23,2,30,9.600000000000001,27.580000000000002,-8.200000000000001,6.2,0
2012,2,23,3,30,9.600000000000001,28.36,-7.9,6.2,0
2012,2,23,4,30,9.5,30.13,-7.2,6,0
2012,2,23,5,30,9.1,32.96,-6.4,5.800000000000001,0
2012,2,23,6,30,8.9,34.9,-5.800000000000001,5.800000000000001,0
2012,2,23,7,30,9.9,33.03,-5.6000000000000005,6.1000000000000005,14
2012,2,23,8,30,13,27.16,-5.5,6.300000000000001,207
2012,2,23,9,30,17.400000000000002,21.25,-5,7.300000000000001,432
2012,2,23,10,30,21.5,15.96,-5.4,8.700000000000001,625
2012,2,23,11,30,24.200000000000003,12.64,-6.300000000000001,9.1,747
2012,2,23,12,30,26,10.94,-6.800000000000001,8.9,827
2012,2,23,13,30,27.200000000000003,10.02,-7.1000000000000005,8.3,741
2012,2,23,14,30,27.6,9.71,-7.2,7.7,733
2012,2,23,15,30,27.200000000000003,9.96,-7.1000000000000005,6.7,627
2012,2,23,16,30,25,11.84,-6.6000000000000005,4.5,437
2012,2,23,17,30,20.3,22.150000000000002,-2,2.1,214
2012,2,23,18,30,16.400000000000002,30.240000000000002,-1.1,1.9000000000000001,19
2012,2,23,19,30,14.100000000000001,35.2,-1.1,3.7,0
2012,2,23,20,30,11.8,38.26,-2,5.800000000000001,0
2012,2,23,21,30,9.8,36.94,-4.2,6.800000000000001,0
2012,2,23,22,30,8.1,34.54,-6.6000000000000005,7,0
2012,2,23,23,30,6.800000000000001,32.58,-8.5,6.800000000000001,0
2012,2,24,0,30,6,33.34,-9,6.2,0
2012,2,24,1,30,5.4,35.04,-8.8,5.7,0
2012,2,24,2,30,4.6000000000000005,37.82,-8.6,4.9,0
2012,2,24,3,30,3.7,41.62,-8.200000000000001,3.9000000000000004,0
2012,2,24,4,30,2.7,45.97,-7.800000000000001,3,0
2012,2,24,5,30,1.7000000000000002,50.34,-7.5,2.4000000000000004,0
2012,2,24,6,30,1.2000000000000002,52.63,-7.4,2.2,0
2012,2,24,7,30,2.5,48.13,-7.4,2.8000000000000003,16
2012,2,24,8,30,5.5,37.58,-7.9,3.9000000000000004,212
2012,2,24,9,30,8.3,26.75,-9.700000000000001,4.4,437
2012,2,24,10,30,10.3,20.3,-11.5,4,636
2012,2,24,11,30,11.700000000000001,17.61,-12.100000000000001,3.5,778
2012,2,24,12,30,12.8,15.98,-12.5,3.3000000000000003,852
2012,2,24,13,30,13.5,15.040000000000001,-12.600000000000001,3.1,854
2012,2,24,14,30,13.700000000000001,14.64,-12.8,2.9000000000000004,784
2012,2,24,15,30,13.5,14.64,-13,2.6,646
2012,2,24,16,30,12.4,15.65,-13,2.1,454
2012,2,24,17,30,9.8,22.77,-10.5,1.4000000000000001,229
2012,2,24,18,30,7,38.44,-6.2,1.2000000000000002,24
2012,2,24,19,30,5.5,39.42,-7.2,1.3,0
2012,2,24,20,30,4.3,41.15,-7.800000000000001,1.4000000000000001,0
2012,2,24,21,30,3.4000000000000004,42.61,-8.1,1.4000000000000001,0
2012,2,24,22,30,3,43.28,-8.3,1.4000000000000001,0
2012,2,24,23,30,2.7,45.13,-8,1.5,0
2012,2,25,0,30,2.3000000000000003,46.480000000000004,-8,1.7000000000000002,0
2012,2,25,1,30,1.5,48.4,-8.200000000000001,2.1,0
2012,2,25,2,30,0.7000000000000001,50.86,-8.3,2.3000000000000003,0
2012,2,25,3,30,0.1,53.22,-8.3,2.3000000000000003,0
2012,2,25,4,30,-0.4,55.28,-8.3,2.1,0
2012,2,25,5,30,-0.8,56.88,-8.3,2.2,0
2012,2,25,6,30,-0.4,55.56,-8.200000000000001,2.6,0
2012,2,25,7,30,1.8,48.75,-7.9,3.7,19
2012,2,25,8,30,5.7,39.19,-7.1000000000000005,5.2,218
2012,2,25,9,30,9.600000000000001,31.75,-6.4,6.6000000000000005,443
2012,2,25,10,30,12.3,26.04,-6.7,7.4,636
2012,2,25,11,30,14.100000000000001,23.21,-6.6000000000000005,7.4,771
2012,2,25,12,30,15.5,21.46,-6.5,7.4,843
2012,2,25,13,30,16.400000000000002,20.56,-6.300000000000001,7.4,845
2012,2,25,14,30,16.7,20.67,-6,7.300000000000001,769
2012,2,25,15,30,16.400000000000002,21.66,-5.6000000000000005,7.1000000000000005,633
2012,2,25,16,30,15.4,23.59,-5.300000000000001,6.6000000000000005,443
2012,2,25,17,30,12.9,28.53,-4.9,5.6000000000000005,221
2012,2,25,18,30,10.200000000000001,35.410000000000004,-4.4,5.1000000000000005,23
2012,2,25,19,30,8.5,39.88,-4.4,5.2,0
2012,2,25,20,30,7.300000000000001,42.95,-4.5,5.5,0
2012,2,25,21,30,6.2,45.89,-4.6000000000000005,5.7,0
2012,2,25,22,30,5.300000000000001,48.84,-4.6000000000000005,5.800000000000001,0
2012,2,25,23,30,4.6000000000000005,52.99,-4.2,5.7,0
2012,2,26,0,30,4,59.61,-3.2,5.5,0
2012,2,26,1,30,3.5,67.54,-1.9000000000000001,5.2,0
2012,2,26,2,30,3,75.79,-0.9,4.800000000000001,0
2012,2,26,3,30,2.5,83.62,0,4.4,0
2012,2,26,4,30,2.1,89.75,0.6000000000000001,4,0
2012,2,26,5,30,1.7000000000000002,94.88,1,3.8000000000000003,0
2012,2,26,6,30,1.8,96.02,1.2000000000000002,4,0
2012,2,26,7,30,3.5,86.15,1.4000000000000001,4.4,19
2012,2,26,8,30,7.1000000000000005,68.53,1.7000000000000002,4.5,213
2012,2,26,9,30,11.5,52.02,2,4.5,434
2012,2,26,10,30,15.700000000000001,40.67,2.4000000000000004,4.5,622
2012,2,26,11,30,19.6,31.95,2.4000000000000004,4.7,760
2012,2,26,12,30,22.6,25.51,1.9000000000000001,4.6000000000000005,828
2012,2,26,13,30,24.200000000000003,21.79,1,4.3,829
2012,2,26,14,30,24.700000000000003,20.51,0.6000000000000001,4.2,760
2012,2,26,15,30,24.400000000000002,20.57,0.4,4.3,625
2012,2,26,16,30,22.6,23.21,0.5,4.2,437
2012,2,26,17,30,19,32.5,2.1,4.2,219
2012,2,26,18,30,15.8,41.92,2.9000000000000004,4.800000000000001,17
2012,2,26,19,30,13.9,48.57,3.2,5.1000000000000005,0
2012,2,26,20,30,12.200000000000001,55.7,3.6,4.800000000000001,0
2012,2,26,21,30,10.9,62.2,3.9000000000000004,4.5,0
2012,2,26,22,30,9.700000000000001,69.51,4.4,3.9000000000000004,0
2012,2,26,23,30,9.1,74.63,4.800000000000001,3.4000000000000004,0
2012,2,27,0,30,8.8,78.23,5.2,2.8000000000000003,0
2012,2,27,1,30,8.3,82.78,5.5,2,0
2012,2,27,2,30,7.2,91.26,5.9,1.1,0
2012,2,27,3,30,6.7,96.05,6.1000000000000005,1.1,0
2012,2,27,4,30,7.2,93.83,6.300000000000001,2.1,0
2012,2,27,5,30,7.7,90.98,6.300000000000001,3.4000000000000004,0
2012,2,27,6,30,8,89.93,6.4,3.9000000000000004,0
2012,2,27,7,30,9,86.2,6.800000000000001,4,18
2012,2,27,8,30,10.5,82.26,7.6000000000000005,4.3,39
2012,2,27,9,30,12.100000000000001,80.21000000000001,8.8,4.6000000000000005,49
2012,2,27,10,30,13.5,76.2,9.4,4.9,151
2012,2,27,11,30,14.700000000000001,70.85000000000001,9.5,5.1000000000000005,135
2012,2,27,12,30,15.600000000000001,66.64,9.4,5.300000000000001,108
2012,2,27,13,30,16.3,63.71,9.4,5.300000000000001,143
2012,2,27,14,30,17.1,60.78,9.5,5.300000000000001,121
2012,2,27,15,30,17.6,59.29,9.600000000000001,5.2,166
2012,2,27,16,30,17.5,60.01,9.700000000000001,4.7,198
2012,2,27,17,30,16.1,66.6,9.9,3.6,74
2012,2,27,18,30,14.5,75.44,10.200000000000001,3.2,13
2012,2,27,19,30,13.4,83.53,10.700000000000001,3.8000000000000003,0
2012,2,27,20,30,12.5,91.95,11.200000000000001,4.1000000000000005,0
2012,2,27,21,30,11.8,99.94,11.8,4.2,0
2012,2,27,22,30,11.8,100,11.8,4.4,0
2012,2,27,23,30,12.200000000000001,100,12.200000000000001,4.9,0
2012,2,28,0,30,12.700000000000001,99.3,12.600000000000001,5.6000000000000005,0
2012,2,28,1,30,13.200000000000001,98.60000000000001,13,6.5,0
2012,2,28,2,30,13.700000000000001,98,13.4,7.5,0
2012,2,28,3,30,13.9,98.54,13.700000000000001,7.7,0
2012,2,28,4,30,13.9,98.60000000000001,13.700000000000001,7.300000000000001,0
2012,2,28,5,30,13.700000000000001,99.27,13.600000000000001,7.1000000000000005,0
2012,2,28,6,30,13.700000000000001,98.23,13.4,7.300000000000001,0
2012,2,28,7,30,14.3,93.16,13.200000000000001,7.6000000000000005,7
2012,2,28,8,30,16,81,12.700000000000001,8.200000000000001,69
2012,2,28,9,30,18.8,60.59,11,8.3,19
2012,2,28,10,30,21.900000000000002,39.1,7.4,8.1,624
2012,2,28,11,30,24.3,25.16,3.1,8,763
2012,2,28,12,30,26.1,18.95,0.6000000000000001,8.200000000000001,841
2012,2,28,13,30,27.400000000000002,16.38,-0.30000000000000004,8.5,846
2012,2,28,14,30,27.900000000000002,15.280000000000001,-0.9,8.8,775
2012,2,28,15,30,27.5,14.76,-1.7000000000000002,8.8,641
2012,2,28,16,30,25.8,15.4,-2.5,7.6000000000000005,451
2012,2,28,17,30,22.6,18.8,-2.3000000000000003,5.7,228
2012,2,28,18,30,19.6,23.080000000000002,-2.1,5,27
2012,2,28,19,30,17.6,23.97,-3.2,5.1000000000000005,0
2012,2,28,20,30,15.4,25.14,-4.5,4.6000000000000005,0
2012,2,28,21,30,13.200000000000001,26.97,-5.4,3.9000000000000004,0
2012,2,28,22,30,11.200000000000001,30.93,-5.4,3.1,0
2012,2,28,23,30,9.4,36.9,-4.6000000000000005,2.3000000000000003,0
2012,3,1,0,30,8,31.12,-8.1,2.7,0
2012,3,1,1,30,7.2,32.3,-8.3,2.6,0
2012,3,1,2,30,6.6000000000000005,33.56,-8.3,2.6,0
2012,3,1,3,30,6.1000000000000005,34.67,-8.4,2.6,0
2012,3,1,4,30,5.7,35.74,-8.3,2.7,0
2012,3,1,5,30,5.4,36.39,-8.4,2.8000000000000003,0
2012,3,1,6,30,5.800000000000001,35.04,-8.5,3.2,0
2012,3,1,7,30,8.200000000000001,29.46,-8.6,4.3,28
2012,3,1,8,30,12,22.35,-8.9,4.9,236
2012,3,1,9,30,16.400000000000002,18.32,-7.800000000000001,5.2,466
2012,3,1,10,30,20.8,14.39,-7.300000000000001,6.4,664
2012,3,1,11,30,23.8,10.35,-9.200000000000001,7.4,806
2012,3,1,12,30,25.3,8.32,-10.9,7.7,880
2012,3,1,13,30,26.3,7.18,-12,7.9,880
2012,3,1,14,30,26.8,6.2700000000000005,-13.3,8,806
2012,3,1,15,30,26.5,5.78,-14.5,7.800000000000001,665
2012,3,1,16,30,24.8,6.25,-14.8,7,476
2012,3,1,17,30,21,8.9,-13.3,5.6000000000000005,244
2012,3,1,18,30,17.2,13.05,-11.5,4.6000000000000005,31
2012,3,1,19,30,15.3,15.18,-11.100000000000001,4.4,0
2012,3,1,20,30,14.4,16.11,-11.100000000000001,4.6000000000000005,0
2012,3,1,21,30,13.3,16.98,-11.3,4.5,0
2012,3,1,22,30,11.9,19.78,-10.5,4,0
2012,3,1,23,30,10.8,22.21,-10,3.7,0
2012,3,2,0,30,9.8,24.830000000000002,-9.4,3.5,0
2012,3,2,1,30,8.9,27.43,-8.9,3.4000000000000004,0
2012,3,2,2,30,8,30.12,-8.5,3.3000000000000003,0
2012,3,2,3,30,7.2,33.01,-8,3,0
2012,3,2,4,30,6.300000000000001,36.71,-7.4,2.8000000000000003,0
2012,3,2,5,30,5.4,41.31,-6.7,2.5,0
2012,3,2,6,30,5.4,43.300000000000004,-6.1000000000000005,2.6,0
2012,3,2,7,30,7.5,38.46,-5.800000000000001,3.7,33
2012,3,2,8,30,10.700000000000001,30.47,-6,4.6000000000000005,245
2012,3,2,9,30,13.600000000000001,23.46,-6.9,4,414
2012,3,2,10,30,16,19.01,-7.6000000000000005,2.8000000000000003,586
2012,3,2,11,30,18.1,16.76,-7.5,2.4000000000000004,807
2012,3,2,12,30,19.6,15.19,-7.6000000000000005,2.7,874
2012,3,2,13,30,20.8,13.86,-7.800000000000001,3.4000000000000004,874
2012,3,2,14,30,21.6,13.07,-8,4,802
2012,3,2,15,30,22.1,12.52,-8.1,4.6000000000000005,659
2012,3,2,16,30,21.5,13.01,-8.1,4.3,465
2012,3,2,17,30,18.6,19.17,-5.4,3.3000000000000003,239
2012,3,2,18,30,15.9,24.91,-4.2,4.2,32
2012,3,2,19,30,14.100000000000001,23.46,-6.5,6.6000000000000005,0
2012,3,2,20,30,11.600000000000001,21.400000000000002,-9.8,7.6000000000000005,0
2012,3,2,21,30,9.4,19.85,-12.600000000000001,6.800000000000001,0
2012,3,2,22,30,7.5,28.29,-9.700000000000001,5.4,0
2012,3,2,23,30,5.7,40.24,-6.800000000000001,4.2,0
2012,3,3,0,30,4.4,48.22,-5.6000000000000005,3.3000000000000003,0
2012,3,3,1,30,3.3000000000000003,53.99,-5.1000000000000005,2.6,0
2012,3,3,2,30,2.3000000000000003,59.19,-4.9,2.1,0
2012,3,3,3,30,1.6,63.61,-4.6000000000000005,2.2,0
2012,3,3,4,30,1.2000000000000002,66.36,-4.4,2.7,0
2012,3,3,5,30,0.8,68.34,-4.4,3.3000000000000003,0
2012,3,3,6,30,0.7000000000000001,68.47,-4.4,3.7,0
2012,3,3,7,30,2.3000000000000003,60.79,-4.5,4.2,35
2012,3,3,8,30,5.6000000000000005,46.43,-5,4.4,244
2012,3,3,9,30,8.5,35.69,-5.800000000000001,4.3,471
2012,3,3,10,30,10.4,31.970000000000002,-5.6000000000000005,4.5,665
2012,3,3,11,30,12,28.28,-5.800000000000001,4.800000000000001,809
2012,3,3,12,30,13.200000000000001,24.560000000000002,-6.7,5.4,881
2012,3,3,13,30,14,20.82,-8.1,6.1000000000000005,881
2012,3,3,14,30,14.4,17.44,-10.100000000000001,6.4,814
2012,3,3,15,30,14.4,14.19,-12.600000000000001,6.4,674
2012,3,3,16,30,13.700000000000001,11.84,-15.4,5.7,491
2012,3,3,17,30,10.8,12.790000000000001,-16.8,3.7,260
2012,3,3,18,30,7.300000000000001,23.2,-12.4,2.1,39
2012,3,3,19,30,5.800000000000001,28.38,-11.200000000000001,1.8,0
2012,3,3,20,30,5.1000000000000005,30.73,-10.8,1.6,0
2012,3,3,21,30,5.2,30.69,-10.700000000000001,1.4000000000000001,0
2012,3,3,22,30,5.9,27.37,-11.5,1.1,0
2012,3,3,23,30,6.5,22.91,-13.200000000000001,0.6000000000000001,0
2012,3,4,0,30,5.6000000000000005,21.77,-14.600000000000001,0.7000000000000001,0
2012,3,4,1,30,3.1,27.91,-13.700000000000001,1.4000000000000001,0
2012,3,4,2,30,1.5,35.04,-12.3,1.7000000000000002,0
2012,3,4,3,30,1.1,34.980000000000004,-12.700000000000001,2,0
2012,3,4,4,30,0.9,34.910000000000004,-12.9,2.1,0
2012,3,4,5,30,0.7000000000000001,36.300000000000004,-12.600000000000001,2.2,0
2012,3,4,6,30,1.3,36.480000000000004,-12,2.5,0
2012,3,4,7,30,3.9000000000000004,32.53,-11.100000000000001,3.6,41
2012,3,4,8,30,7.800000000000001,25.67,-10.700000000000001,4.2,257
2012,3,4,9,30,11.9,22.28,-9,4.3,484
2012,3,4,10,30,15.5,19.25,-7.9,4.7,677
2012,3,4,11,30,18.5,16.36,-7.5,4.9,811
2012,3,4,12,30,20.8,14.22,-7.5,4.9,885
2012,3,4,13,30,22.3,13.01,-7.5,4.5,885
2012,3,4,14,30,23,12.48,-7.4,4,812
2012,3,4,15,30,23,12.4,-7.5,3.3000000000000003,671
2012,3,4,16,30,21.700000000000003,13.39,-7.6000000000000005,2,477
2012,3,4,17,30,19.200000000000003,27.64,0.1,0.7000000000000001,250
2012,3,4,18,30,16.8,24.79,-3.5,0.5,38
2012,3,4,19,30,14.4,26.32,-4.7,1.1,0
2012,3,4,20,30,11.9,32.03,-4.3,1.4000000000000001,0
2012,3,4,21,30,10,36.67,-4.2,1.5,0
2012,3,4,22,30,8.4,40.75,-4.2,1.5,0
2012,3,4,23,30,7.2,43.69,-4.3,1.5,0
2012,3,5,0,30,6.2,45.660000000000004,-4.7,1.5,0
2012,3,5,1,30,5.2,47.77,-5,1.5,0
2012,3,5,2,30,4.3,49.83,-5.300000000000001,1.5,0
2012,3,5,3,30,3.6,51.300000000000004,-5.5,1.5,0
2012,3,5,4,30,3.2,51.95,-5.7,1.4000000000000001,0
2012,3,5,5,30,2.8000000000000003,53.1,-5.800000000000001,1.5,0
2012,3,5,6,30,3.1,52.300000000000004,-5.7,1.7000000000000002,0
2012,3,5,7,30,5.800000000000001,45.95,-5,2.7,40
2012,3,5,8,30,9.8,36.92,-4.2,3.7,254
2012,3,5,9,30,13.8,31.21,-3,4.5,483
2012,3,5,10,30,17.6,25.35,-2.5,5.5,678
2012,3,5,11,30,20.700000000000003,19.39,-3.5,6.1000000000000005,818
2012,3,5,12,30,22.700000000000003,15.73,-4.7,6.5,890
2012,3,5,13,30,23.8,14.200000000000001,-5.1000000000000005,6.6000000000000005,888
2012,3,5,14,30,24.200000000000003,13.59,-5.4,6.4,813
2012,3,5,15,30,24,13.36,-5.800000000000001,6.2,675
2012,3,5,16,30,22.700000000000003,14.33,-5.9,5.6000000000000005,479
2012,3,5,17,30,19.200000000000003,19.79,-4.5,4.6000000000000005,250
2012,3,5,18,30,16,28.82,-2.1,4.5,38
2012,3,5,19,30,14.5,35.07,-0.8,4.7,0
2012,3,5,20,30,13.5,40.95,0.5,4.6000000000000005,0
2012,3,5,21,30,12.700000000000001,45.050000000000004,1.1,4.7,0
2012,3,5,22,30,12,47.92,1.3,4.9,0
2012,3,5,23,30,11.5,50.120000000000005,1.5,5,0
2012,3,6,0,30,11,53.120000000000005,1.8,5.2,0
2012,3,6,1,30,10.600000000000001,57.45,2.5,5.4,0
2012,3,6,2,30,9.9,64.85,3.6,5.4,0
2012,3,6,3,30,9.1,73.44,4.6000000000000005,5.2,0
2012,3,6,4,30,8.700000000000001,80.2,5.5,5.2,0
2012,3,6,5,30,8.700000000000001,85.07000000000001,6.300000000000001,5.2,0
2012,3,6,6,30,8.8,88.88,7.1000000000000005,5.2,0
2012,3,6,7,30,9.5,88.23,7.7,5.7,26
2012,3,6,8,30,11.100000000000001,81.79,8.1,6.5,71
2012,3,6,9,30,13.4,69.35000000000001,7.9,7.1000000000000005,379
2012,3,6,10,30,15.8,56.04,7,7.5,462
2012,3,6,11,30,18,45.93,6.2,7.800000000000001,699
2012,3,6,12,30,20,38.660000000000004,5.5,8,803
2012,3,6,13,30,21.3,34.65,5.1000000000000005,8.200000000000001,650
2012,3,6,14,30,21.3,33.68,4.7,8.200000000000001,721
2012,3,6,15,30,20.1,36.43,4.7,8,524
2012,3,6,16,30,18.7,42.07,5.5,7.800000000000001,410
2012,3,6,17,30,16.900000000000002,49.71,6.300000000000001,7.1000000000000005,236
2012,3,6,18,30,15.3,56.77,6.800000000000001,6.5,37
2012,3,6,19,30,14.3,60.5,6.800000000000001,6.4,0
2012,3,6,20,30,13.700000000000001,61.13,6.300000000000001,6.6000000000000005,0
2012,3,6,21,30,13.4,60.26,5.9,6.800000000000001,0
2012,3,6,22,30,13.100000000000001,61.08,5.800000000000001,7,0
2012,3,6,23,30,12.9,63.57,6.2,7.1000000000000005,0
2012,3,7,0,30,12.600000000000001,69.06,7.1000000000000005,7.1000000000000005,0
2012,3,7,1,30,12.200000000000001,76.58,8.200000000000001,7.2,0
2012,3,7,2,30,11.600000000000001,84.53,9.1,7,0
2012,3,7,3,30,10.9,91.69,9.600000000000001,6.6000000000000005,0
2012,3,7,4,30,10.5,96.34,9.9,6.4,0
2012,3,7,5,30,10.3,98.74000000000001,10.100000000000001,6.4,0
2012,3,7,6,30,10.4,98.21000000000001,10.100000000000001,6.5,0
2012,3,7,7,30,11.700000000000001,89.58,10,6.7,44
2012,3,7,8,30,14.600000000000001,71.44,9.5,7.1000000000000005,259
2012,3,7,9,30,18.3,51,8,7.300000000000001,486
2012,3,7,10,30,21.8,34.61,5.5,7.4,680
2012,3,7,11,30,24.5,22.36,1.6,7.4,820
2012,3,7,12,30,26.400000000000002,15.48,-1.9000000000000001,7.2,896
2012,3,7,13,30,27.700000000000003,11.8,-4.5,7,896
2012,3,7,14,30,28.5,9.540000000000001,-6.7,6.800000000000001,822
2012,3,7,15,30,28.5,8.63,-8,6.5,682
2012,3,7,16,30,27,9.52,-7.9,5.4,487
2012,3,7,17,30,23,15.69,-4.4,4.3,259
2012,3,7,18,30,19.200000000000003,26.64,-0.4,4.6000000000000005,43
2012,3,7,19,30,17.5,38.72,3.3000000000000003,5.6000000000000005,0
2012,3,7,20,30,16.2,59.300000000000004,8.3,5.6000000000000005,0
2012,3,7,21,30,15.100000000000001,79.38,11.600000000000001,4.800000000000001,0
2012,3,7,22,30,14.3,90.41,12.8,4.1000000000000005,0
2012,3,7,23,30,13.8,94.88,13,3.5,0
2012,3,8,0,30,13.4,95.75,12.700000000000001,3.3000000000000003,0
2012,3,8,1,30,12.600000000000001,96.26,12,2.9000000000000004,0
2012,3,8,2,30,11.5,95.24,10.8,2.5,0
2012,3,8,3,30,10.200000000000001,91.2,8.8,2,0
2012,3,8,4,30,9.1,81.93,6.2,1.6,0
2012,3,8,5,30,8.3,69.81,3.1,1.5,0
2012,3,8,6,30,8.5,59.17,1,2.3000000000000003,0
2012,3,8,7,30,10,55.59,1.5,4.5,50
2012,3,8,8,30,11.9,61.82,4.800000000000001,7.300000000000001,102
2012,3,8,9,30,12.3,72.63,7.5,9.3,121
2012,3,8,10,30,10.8,74.58,6.5,10,169
2012,3,8,11,30,9,70.09,3.8000000000000003,9.600000000000001,172
2012,3,8,12,30,8.200000000000001,63.06,1.6,8.9,176
2012,3,8,13,30,8.200000000000001,58.58,0.6000000000000001,8.5,150
2012,3,8,14,30,8.1,57.11,0.1,8.3,53
2012,3,8,15,30,7.5,57.42,-0.4,8.1,100
2012,3,8,16,30,6.6000000000000005,57.78,-1.1,7.9,76
2012,3,8,17,30,5.5,58.58,-2,7.6000000000000005,246
2012,3,8,18,30,4.4,60.68,-2.5,7.300000000000001,41
2012,3,8,19,30,3.4000000000000004,64.03,-2.8000000000000003,7.1000000000000005,0
2012,3,8,20,30,2.6,66.16,-3.1,6.9,0
2012,3,8,21,30,2.2,64.79,-3.7,6.6000000000000005,0
2012,3,8,22,30,2,61.99,-4.5,6.300000000000001,0
2012,3,8,23,30,2,58.71,-5.2,6,0
2012,3,9,0,30,2.1,56.14,-5.7,5.7,0
2012,3,9,1,30,2.2,54.68,-6,5.5,0
2012,3,9,2,30,2.3000000000000003,53.75,-6.1000000000000005,5.4,0
2012,3,9,3,30,2.4000000000000004,53.27,-6.1000000000000005,5.5,0
2012,3,9,4,30,2.5,52.88,-6.2,5.6000000000000005,0
2012,3,9,5,30,2.6,52.19,-6.2,5.800000000000001,0
2012,3,9,6,30,2.8000000000000003,51.28,-6.300000000000001,5.800000000000001,0
2012,3,9,7,30,3.2,48.72,-6.6000000000000005,6.2,13
2012,3,9,8,30,3.6,43.77,-7.6000000000000005,6.5,89
2012,3,9,9,30,3.9000000000000004,43.4,-7.4,6.300000000000001,20
2012,3,9,10,30,4.2,46.980000000000004,-6.1000000000000005,6.1000000000000005,128
2012,3,9,11,30,4.800000000000001,49.68,-4.800000000000001,5.7,152
2012,3,9,12,30,5.300000000000001,51.93,-3.8000000000000003,5.2,166
2012,3,9,13,30,5.9,53.74,-2.8000000000000003,4.800000000000001,76
2012,3,9,14,30,6.4,55,-2,4.4,136
2012,3,9,15,30,6.7,56.5,-1.3,4,299
2012,3,9,16,30,6.7,59.120000000000005,-0.7000000000000001,3.6,144
2012,3,9,17,30,6.1000000000000005,64.42,-0.1,2.9000000000000004,88
2012,3,9,18,30,5.4,71.19,0.6000000000000001,2.2,7
2012,3,9,19,30,5,75.81,1.1,2.1,0
2012,3,9,20,30,4.6000000000000005,79.53,1.4000000000000001,2.3000000000000003,0
2012,3,9,21,30,4.3,82.37,1.6,2.5,0
2012,3,9,22,30,3.9000000000000004,85.51,1.7000000000000002,2.7,0
2012,3,9,23,30,3.5,87.78,1.7000000000000002,2.9000000000000004,0
2012,3,10,0,30,3.2,88.41,1.5,3,0
2012,3,10,1,30,2.9000000000000004,88.34,1.2000000000000002,2.8000000000000003,0
2012,3,10,2,30,2.7,87.78,0.9,2.6,0
2012,3,10,3,30,2.6,86.87,0.6000000000000001,2.6,0
2012,3,10,4,30,2.5,86.2,0.4,2.7,0
2012,3,10,5,30,2.4000000000000004,85.8,0.30000000000000004,2.7,0
2012,3,10,6,30,2.5,84.48,0.1,2.9000000000000004,0
2012,3,10,7,30,3.2,80.16,0.1,3.2,10
2012,3,10,8,30,4.4,74.45,0.30000000000000004,3.2,255
2012,3,10,9,30,5.5,71.4,0.7000000000000001,3,34
2012,3,10,10,30,6.5,69.3,1.3,2.8000000000000003,176
2012,3,10,11,30,7.300000000000001,68.12,1.8,2.7,166
2012,3,10,12,30,7.9,67.6,2.3000000000000003,2.8000000000000003,167
2012,3,10,13,30,8.6,66.38,2.7,2.9000000000000004,245
2012,3,10,14,30,8.9,67.06,3.1,2.8000000000000003,211
2012,3,10,15,30,8.9,68.79,3.5,2.2,127
2012,3,10,16,30,8.5,71.89,3.7,1.4000000000000001,78
2012,3,10,17,30,7.800000000000001,75.99,3.8000000000000003,0.6000000000000001,42
2012,3,10,18,30,6.5,83.53,3.9000000000000004,0.7000000000000001,21
2012,3,10,19,30,5.1000000000000005,92.03,3.9000000000000004,1.3,0
2012,3,10,20,30,4.1000000000000005,97.8,3.8000000000000003,1.7000000000000002,0
2012,3,10,21,30,3.6,100,3.6,1.5,0
2012,3,10,22,30,3.6,99.71000000000001,3.6,0.9,0
2012,3,10,23,30,3.8000000000000003,97.71000000000001,3.5,0.4,0
2012,3,11,0,30,4,95.79,3.4000000000000004,0.5,0
2012,3,11,1,30,4.1000000000000005,94.93,3.4000000000000004,1.2000000000000002,0
2012,3,11,2,30,4.1000000000000005,94.59,3.3000000000000003,1.9000000000000001,0
2012,3,11,3,30,4.3,93.57000000000001,3.4000000000000004,2.3000000000000003,0
2012,3,11,4,30,4.5,93.59,3.6,2.3000000000000003,0
2012,3,11,5,30,4,98.19,3.7,1.8,0
2012,3,11,6,30,3.7,100,3.7,2,0
2012,3,11,7,30,5.1000000000000005,91.21000000000001,3.8000000000000003,3.2,60
2012,3,11,8,30,7.7,74.36,3.4000000000000004,4.3,282
2012,3,11,9,30,11,55.9,2.5,5,508
2012,3,11,10,30,14.600000000000001,38.88,0.7000000000000001,5.800000000000001,701
2012,3,11,11,30,17.7,27.17,-1.5,6.300000000000001,838
2012,3,11,12,30,19.900000000000002,21.740000000000002,-2.6,6.5,913
2012,3,11,13,30,21.5,18.88,-3.2,6.7,911
2012,3,11,14,30,22.5,16.96,-3.8000000000000003,6.9,836
2012,3,11,15,30,22.8,15.68,-4.6000000000000005,6.800000000000001,697
2012,3,11,16,30,21.900000000000002,15.64,-5.4,5.7,502
2012,3,11,17,30,18.400000000000002,20.25,-4.800000000000001,3.7,276
2012,3,11,18,30,14.4,29.810000000000002,-3.1,2.6,54
2012,3,11,19,30,12.600000000000001,31.64,-3.8000000000000003,2.5,0
2012,3,11,20,30,11.600000000000001,31.86,-4.6000000000000005,2.6,0
2012,3,11,21,30,10.8,31.75,-5.4,2.8000000000000003,0
2012,3,11,22,30,10,31.8,-6,2.9000000000000004,0
2012,3,11,23,30,9.200000000000001,32.61,-6.4,2.9000000000000004,0
2012,3,12,0,30,8.4,34.07,-6.5,2.9000000000000004,0
2012,3,12,1,30,7.6000000000000005,35.89,-6.6000000000000005,2.9000000000000004,0
2012,3,12,2,30,6.800000000000001,37.95,-6.6000000000000005,2.8000000000000003,0
2012,3,12,3,30,5.9,40.61,-6.5,2.7,0
2012,3,12,4,30,5.2,42.83,-6.4,2.6,0
2012,3,12,5,30,4.5,45.24,-6.300000000000001,2.6,0
2012,3,12,6,30,4.9,44.45,-6.2,3,0
2012,3,12,7,30,7.4,38.33,-5.9,3.8000000000000003,46
2012,3,12,8,30,11.200000000000001,30.330000000000002,-5.6000000000000005,4,285
2012,3,12,9,30,15.9,24.19,-4.6000000000000005,3.9000000000000004,527
2012,3,12,10,30,20.8,17.25,-5,4.4,705
2012,3,12,11,30,24,12.51,-6.6000000000000005,4.800000000000001,729
2012,3,12,12,30,25.700000000000003,10.540000000000001,-7.5,5,927
2012,3,12,13,30,26.6,9.65,-8,5.1000000000000005,924
2012,3,12,14,30,26.8,9.26,-8.4,4.9,801
2012,3,12,15,30,26.6,9.16,-8.700000000000001,4.5,704
2012,3,12,16,30,25.1,9.98,-8.700000000000001,3.1,508
2012,3,12,17,30,21.6,22.23,-0.9,1.7000000000000002,276
2012,3,12,18,30,18.400000000000002,26.92,-1,1.4000000000000001,54
2012,3,12,19,30,16.3,28.12,-2.2,1.5,0
2012,3,12,20,30,14.5,32.15,-1.9000000000000001,1.8,0
2012,3,12,21,30,13.3,34.44,-2.1,2.2,0
2012,3,12,22,30,12.700000000000001,36.56,-1.8,2.6,0
2012,3,12,23,30,12.100000000000001,41.24,-0.7000000000000001,3,0
2012,3,13,0,30,11.700000000000001,49.910000000000004,1.6,3.1,0
2012,3,13,1,30,11.600000000000001,61.95,4.6000000000000005,3.1,0
2012,3,13,2,30,11.600000000000001,73.61,7,2.8000000000000003,0
2012,3,13,3,30,11.4,83.41,8.700000000000001,2.4000000000000004,0
2012,3,13,4,30,11.100000000000001,91.21000000000001,9.700000000000001,2.1,0
2012,3,13,5,30,10.8,97.28,10.4,1.9000000000000001,0
2012,3,13,6,30,11.100000000000001,98.39,10.9,2,0
2012,3,13,7,30,12.600000000000001,91.58,11.3,2.7,35
2012,3,13,8,30,15,80.83,11.700000000000001,3.5,128
2012,3,13,9,30,17.900000000000002,70.9,12.5,4.1000000000000005,400
2012,3,13,10,30,21.200000000000003,58.58,12.8,4.3,623
2012,3,13,11,30,24.3,45.21,11.700000000000001,4,773
2012,3,13,12,30,26.400000000000002,35.47,9.9,3.7,821
2012,3,13,13,30,27.6,29.84,8.4,3.6,895
2012,3,13,14,30,27.900000000000002,27.92,7.7,3.7,818
2012,3,13,15,30,27.6,27.96,7.4,3.9000000000000004,679
2012,3,13,16,30,26.400000000000002,30.41,7.6000000000000005,4.1000000000000005,488
2012,3,13,17,30,23.5,38.410000000000004,8.5,3.7,265
2012,3,13,18,30,20.400000000000002,51.84,10.200000000000001,3.8000000000000003,53
2012,3,13,19,30,18.8,61.85,11.3,4.5,0
2012,3,13,20,30,17.5,72.72,12.5,4.4,0
2012,3,13,21,30,16.2,84.28,13.5,3.9000000000000004,0
2012,3,13,22,30,15,95.81,14.3,3.3000000000000003,0
2012,3,13,23,30,14.600000000000001,100,14.600000000000001,3,0
2012,3,14,0,30,14.5,100,14.5,2.8000000000000003,0
2012,3,14,1,30,14.200000000000001,100,14.200000000000001,2.5,0
2012,3,14,2,30,13.9,100,13.9,2.4000000000000004,0
2012,3,14,3,30,13.600000000000001,100,13.600000000000001,2.4000000000000004,0
2012,3,14,4,30,13.4,100,13.4,2.4000000000000004,0
2012,3,14,5,30,13.3,100,13.3,2.5,0
2012,3,14,6,30,13.8,100,13.8,3.1,0
2012,3,14,7,30,15.200000000000001,91.95,13.9,4.3,25
2012,3,14,8,30,17.400000000000002,80.42,14,5.2,108
2012,3,14,9,30,19.700000000000003,69.04,13.9,5.2,76
2012,3,14,10,30,21.6,59.83,13.5,4.800000000000001,484
2012,3,14,11,30,22.900000000000002,51.92,12.5,4.3,637
2012,3,14,12,30,23.700000000000003,45.75,11.3,4,795
2012,3,14,13,30,24.1,42.32,10.5,3.9000000000000004,763
2012,3,14,14,30,24.3,40.47,10,3.9000000000000004,806
2012,3,14,15,30,24.5,39.49,9.8,3.9000000000000004,667
2012,3,14,16,30,24.3,40.12,9.9,3.6,432
2012,3,14,17,30,22,47.68,10.4,2.7,193
2012,3,14,18,30,19.200000000000003,59.68,11.200000000000001,2.1,41
2012,3,14,19,30,18.2,65.78,11.700000000000001,2.5,0
2012,3,14,20,30,17.7,72.18,12.600000000000001,3,0
2012,3,14,21,30,17.1,78.21000000000001,13.3,3.5,0
2012,3,14,22,30,16.400000000000002,83.68,13.600000000000001,3.7,0
2012,3,14,23,30,15.600000000000001,89.35000000000001,13.9,3.7,0
2012,3,15,0,30,14.9,94.57000000000001,14,3.5,0
2012,3,15,1,30,14.100000000000001,100,14.100000000000001,3.1,0
2012,3,15,2,30,13.3,100,13.3,2.6,0
2012,3,15,3,30,12.8,100,12.8,2.2,0
2012,3,15,4,30,12.5,100,12.5,1.9000000000000001,0
2012,3,15,5,30,12.200000000000001,100,12.200000000000001,1.7000000000000002,0
2012,3,15,6,30,12.8,97.48,12.4,1.9000000000000001,0
2012,3,15,7,30,14.600000000000001,84.5,12,2.7,50
2012,3,15,8,30,16.900000000000002,72.85000000000001,12,3.4000000000000004,258
2012,3,15,9,30,19.200000000000003,65.48,12.600000000000001,3.7,505
2012,3,15,10,30,21.5,58.18,12.9,3.7,692
2012,3,15,11,30,23.900000000000002,49.660000000000004,12.700000000000001,3.6,820
2012,3,15,12,30,26,39.67,11.200000000000001,3.4000000000000004,650
2012,3,15,13,30,27.6,30.970000000000002,8.9,3.3000000000000003,676
2012,3,15,14,30,28,25.990000000000002,6.7,3.4000000000000004,453
2012,3,15,15,30,27.1,24.400000000000002,5,2.7,678
2012,3,15,16,30,25.6,28.69,6.1000000000000005,1.5,459
2012,3,15,17,30,23.700000000000003,37.62,8.4,1,218
2012,3,15,18,30,21.3,38.61,6.6000000000000005,1.2000000000000002,35
2012,3,15,19,30,19.1,42.300000000000004,6,1.7000000000000002,0
2012,3,15,20,30,18,52,8,2.7,0
2012,3,15,21,30,17.7,63.68,10.700000000000001,3.9000000000000004,0
2012,3,15,22,30,17.1,76.79,13,4.1000000000000005,0
2012,3,15,23,30,16.3,86.36,14,3.7,0
2012,3,16,0,30,15.700000000000001,91.32000000000001,14.3,3.2,0
2012,3,16,1,30,15,95.54,14.3,2.8000000000000003,0
2012,3,16,2,30,14.100000000000001,100,14.100000000000001,2.3000000000000003,0
2012,3,16,3,30,13.5,100,13.5,2.2,0
2012,3,16,4,30,13,100,13,2.3000000000000003,0
2012,3,16,5,30,12.700000000000001,100,12.700000000000001,2.4000000000000004,0
2012,3,16,6,30,13.4,100,13.4,3.1,0
2012,3,16,7,30,15.5,91.36,14.100000000000001,4.4,52
2012,3,16,8,30,18.5,77.33,14.5,5.5,157
2012,3,16,9,30,21.200000000000003,66.07000000000001,14.600000000000001,6,191
2012,3,16,10,30,23,58.86,14.5,6,588
2012,3,16,11,30,23.900000000000002,54.88,14.3,5.800000000000001,698
2012,3,16,12,30,24.400000000000002,52.06,13.9,5.6000000000000005,719
2012,3,16,13,30,25,49.15,13.600000000000001,5.5,786
2012,3,16,14,30,25.400000000000002,47.11,13.3,5.6000000000000005,714
2012,3,16,15,30,25.400000000000002,46.730000000000004,13.200000000000001,5.800000000000001,565
2012,3,16,16,30,24.5,49.45,13.200000000000001,5.800000000000001,480
2012,3,16,17,30,22.700000000000003,56.52,13.600000000000001,5.2,217
2012,3,16,18,30,20.400000000000002,67.76,14.200000000000001,4.5,54
2012,3,16,19,30,18.900000000000002,76.94,14.8,4.7,0
2012,3,16,20,30,17.900000000000002,83.37,15,5.300000000000001,0
2012,3,16,21,30,17.1,87.43,15,5.4,0
2012,3,16,22,30,16.3,90.85000000000001,14.8,5.2,0
2012,3,16,23,30,15.600000000000001,94.16,14.700000000000001,5,0
2012,3,17,0,30,15.100000000000001,97.10000000000001,14.600000000000001,4.7,0
2012,3,17,1,30,14.9,99.06,14.8,4.5,0
2012,3,17,2,30,14.8,100,14.8,4.5,0
2012,3,17,3,30,14.8,100,14.8,4.4,0
2012,3,17,4,30,14.700000000000001,100,14.700000000000001,4.3,0
2012,3,17,5,30,14.600000000000001,100,14.600000000000001,4,0
2012,3,17,6,30,14.8,99.92,14.8,3.9000000000000004,0
2012,3,17,7,30,16.1,91.08,14.600000000000001,4.7,78
2012,3,17,8,30,18.400000000000002,76.25,14.100000000000001,5.1000000000000005,298
2012,3,17,9,30,21.200000000000003,59.76,13.100000000000001,4.7,509
2012,3,17,10,30,24.400000000000002,44.13,11.4,4.4,663
2012,3,17,11,30,27.6,28.12,7.5,4.2,849
2012,3,17,12,30,29.5,17.13,2,4.5,918
2012,3,17,13,30,29.900000000000002,13.48,-1,4.9,910
2012,3,17,14,30,29,13.040000000000001,-2.2,5.1000000000000005,832
2012,3,17,15,30,27.400000000000002,14.65,-1.9000000000000001,4.800000000000001,683
2012,3,17,16,30,25.5,20.1,1,4.4,462
2012,3,17,17,30,23.400000000000002,30.09,4.9,4.5,263
2012,3,17,18,30,21.200000000000003,43.57,8.3,4.9,40
2012,3,17,19,30,19.6,55.6,10.5,5.2,0
2012,3,17,20,30,18.6,64.72,11.8,5.4,0
2012,3,17,21,30,17.7,74.29,13.100000000000001,5.6000000000000005,0
2012,3,17,22,30,16.900000000000002,84.09,14.200000000000001,5.6000000000000005,0
2012,3,17,23,30,16.5,89.94,14.8,5.7,0
2012,3,18,0,30,16.6,90.51,15,6.1000000000000005,0
2012,3,18,1,30,17,87.08,14.8,6.2,0
2012,3,18,2,30,16.900000000000002,85.85000000000001,14.5,5.7,0
2012,3,18,3,30,16.5,87.25,14.4,5.5,0
2012,3,18,4,30,15.9,90.57000000000001,14.4,5.4,0
2012,3,18,5,30,15.5,93.26,14.4,5.2,0
2012,3,18,6,30,15.600000000000001,93,14.5,5.300000000000001,0
2012,3,18,7,30,16.7,88.01,14.700000000000001,6.300000000000001,32
2012,3,18,8,30,18.8,78.87,15.100000000000001,7.4,209
2012,3,18,9,30,21.1,66.66,14.700000000000001,7.9,468
2012,3,18,10,30,23.1,54.46,13.4,8.3,697
2012,3,18,11,30,24.8,44.77,12,8.6,821
2012,3,18,12,30,26.1,37.46,10.5,8.700000000000001,845
2012,3,18,13,30,27.3,32.25,9.3,8.8,643
2012,3,18,14,30,28.1,28.36,8.1,8.9,705
2012,3,18,15,30,28.200000000000003,25.82,6.800000000000001,8.700000000000001,583
2012,3,18,16,30,27.200000000000003,25.57,5.800000000000001,8.4,290
2012,3,18,17,30,24.900000000000002,30.68,6.5,8.4,248
2012,3,18,18,30,22,43.47,9,8.8,53
2012,3,18,19,30,20,58.85,11.700000000000001,9.200000000000001,0
2012,3,18,20,30,18.900000000000002,71.67,13.700000000000001,9.200000000000001,0
2012,3,18,21,30,18.400000000000002,79.43,14.8,8.700000000000001,0
2012,3,18,22,30,18.3,81.84,15.100000000000001,7.800000000000001,0
2012,3,18,23,30,18,81.68,14.8,6.5,0
2012,3,19,0,30,17.1,81.51,13.9,4.7,0
2012,3,19,1,30,15.8,80.85000000000001,12.5,3.1,0
2012,3,19,2,30,14.5,79.56,11,2.1,0
2012,3,19,3,30,13.3,78.41,9.600000000000001,1.8,0
2012,3,19,4,30,12.200000000000001,76.27,8.1,1.7000000000000002,0
2012,3,19,5,30,11.3,74.04,6.800000000000001,1.7000000000000002,0
2012,3,19,6,30,11.600000000000001,67.09,5.7,2.3000000000000003,0
2012,3,19,7,30,12.8,58.96,5,3.4000000000000004,37
2012,3,19,8,30,14.3,48.93,3.7,4.5,136
2012,3,19,9,30,16.2,37.78,1.8,5.2,466
2012,3,19,10,30,17.5,34.81,1.8,5.4,407
2012,3,19,11,30,17.7,35.4,2.2,5.4,544
2012,3,19,12,30,17.3,36.980000000000004,2.5,5.1000000000000005,835
2012,3,19,13,30,16.900000000000002,38.85,2.8000000000000003,4.6000000000000005,451
2012,3,19,14,30,16.7,40.64,3.3000000000000003,4.5,698
2012,3,19,15,30,16.3,43.37,3.8000000000000003,4.7,684
2012,3,19,16,30,15.700000000000001,46.35,4.2,5.1000000000000005,417
2012,3,19,17,30,14.700000000000001,49.07,4.1000000000000005,4.9,210
2012,3,19,18,30,13.8,48.57,3.1,4.7,44
2012,3,19,19,30,13.100000000000001,42.25,0.6000000000000001,4.9,0
2012,3,19,20,30,12,35.730000000000004,-2.7,4.9,0
2012,3,19,21,30,10.8,35.82,-3.8000000000000003,4.6000000000000005,0
2012,3,19,22,30,10,37.95,-3.7,4.2,0
2012,3,19,23,30,9.5,40.33,-3.3000000000000003,3.8000000000000003,0
2012,3,20,0,30,9,42.53,-3.1,3.8000000000000003,0
2012,3,20,1,30,8.5,43.95,-3.1,3.8000000000000003,0
2012,3,20,2,30,7.5,47.75,-2.9000000000000004,3.7,0
2012,3,20,3,30,6.2,53,-2.7,3.8000000000000003,0
2012,3,20,4,30,5,58.230000000000004,-2.5,4.1000000000000005,0
2012,3,20,5,30,4,62.5,-2.5,4.2,0
2012,3,20,6,30,3.9000000000000004,61.63,-2.8000000000000003,4.6000000000000005,0
2012,3,20,7,30,5.4,52.77,-3.5,5.5,101
2012,3,20,8,30,8.200000000000001,37.230000000000004,-5.6000000000000005,6.1000000000000005,335
2012,3,20,9,30,10.700000000000001,27.14,-7.5,6.2,566
2012,3,20,10,30,12.4,22.13,-8.700000000000001,6.4,758
2012,3,20,11,30,13.4,19.96,-9.200000000000001,6.7,894
2012,3,20,12,30,14.100000000000001,18.830000000000002,-9.3,6.9,718
2012,3,20,13,30,14.200000000000001,19.2,-9,7,452
2012,3,20,14,30,13.8,21.44,-7.9,6.800000000000001,737
2012,3,20,15,30,13.200000000000001,24.7,-6.6000000000000005,6.4,443
2012,3,20,16,30,12.700000000000001,26.79,-5.9,5.6000000000000005,515
2012,3,20,17,30,11.3,29.09,-6.1000000000000005,4,174
2012,3,20,18,30,8.9,36.08,-5.4,2.2,69
2012,3,20,19,30,7,44.17,-4.4,1.5,0
2012,3,20,20,30,6.300000000000001,45.52,-4.6000000000000005,1.5,0
2012,3,20,21,30,6.5,45.32,-4.5,2,0
2012,3,20,22,30,7,43.86,-4.5,2.5,0
2012,3,20,23,30,7,43.37,-4.6000000000000005,2.9000000000000004,0
2012,3,21,0,30,6.800000000000001,42.25,-5.2,3.4000000000000004,0
2012,3,21,1,30,6.7,42.25,-5.2,4.1000000000000005,0
2012,3,21,2,30,6.2,48.52,-3.9000000000000004,4.5,0
2012,3,21,3,30,5.5,59.42,-1.8,4.4,0
2012,3,21,4,30,5,70.25,0,4.4,0
2012,3,21,5,30,4.5,79.01,1.2000000000000002,4.3,0
2012,3,21,6,30,4.9,79.69,1.7000000000000002,4.4,0
2012,3,21,7,30,6.9,69.33,1.7000000000000002,5.2,44
2012,3,21,8,30,10,54.97,1.4000000000000001,6.1000000000000005,175
2012,3,21,9,30,12.600000000000001,43.1,0.4,6.7,406
2012,3,21,10,30,14.700000000000001,33.82,-1.1,7.1000000000000005,531
2012,3,21,11,30,16.400000000000002,27.44,-2.4000000000000004,7.4,643
2012,3,21,12,30,17.400000000000002,23.23,-3.8000000000000003,7.4,704
2012,3,21,13,30,17.3,20.75,-5.4,7.2,381
2012,3,21,14,30,17.2,18.93,-6.7,6.800000000000001,772
2012,3,21,15,30,17.400000000000002,17.77,-7.4,6.4,655
2012,3,21,16,30,17.2,17.72,-7.6000000000000005,6,161
2012,3,21,17,30,15,21.11,-7.1000000000000005,4.5,295
2012,3,21,18,30,11.700000000000001,32.980000000000004,-4.1000000000000005,3.2,54
2012,3,21,19,30,9.9,43.7,-1.9000000000000001,3.4000000000000004,0
2012,3,21,20,30,9.200000000000001,52.22,-0.1,3.2,0
2012,3,21,21,30,8,62.71,1.3,1.9000000000000001,0
2012,3,21,22,30,6.800000000000001,70.44,1.8,1,0
2012,3,21,23,30,6.1000000000000005,74.13,1.8,1,0
2012,3,22,0,30,5.5,76.34,1.7000000000000002,1.1,0
2012,3,22,1,30,5,77.19,1.3,1.5,0
2012,3,22,2,30,4.9,75.24,0.9,2.4000000000000004,0
2012,3,22,3,30,5.1000000000000005,71.41,0.4,3.4000000000000004,0
2012,3,22,4,30,5,67.82000000000001,-0.5,3.8000000000000003,0
2012,3,22,5,30,4.7,62.9,-1.8,3.8000000000000003,0
2012,3,22,6,30,5.5,52.97,-3.3000000000000003,4.3,0
2012,3,22,7,30,8.200000000000001,39.83,-4.7,4.800000000000001,110
2012,3,22,8,30,12.4,28.78,-5.300000000000001,5,343
2012,3,22,9,30,17.2,20.69,-5.5,5.5,568
2012,3,22,10,30,21.200000000000003,15.34,-6.2,5.9,758
2012,3,22,11,30,23.700000000000003,13.63,-5.7,5.800000000000001,891
2012,3,22,12,30,25.1,13.280000000000001,-5,5.5,953
2012,3,22,13,30,25.900000000000002,13.22,-4.4,5,948
2012,3,22,14,30,26.1,13.47,-4,4.5,871
2012,3,22,15,30,25.700000000000003,14.19,-3.6,4,726
2012,3,22,16,30,24.5,15.81,-3.1,3.3000000000000003,530
2012,3,22,17,30,21.200000000000003,22.490000000000002,-1.1,2.7,300
2012,3,22,18,30,17.1,37.52,2.5,2.9000000000000004,75
2012,3,22,19,30,14.700000000000001,42.04,1.9000000000000001,3.8000000000000003,0
2012,3,22,20,30,13,49.18,2.6,3.9000000000000004,0
2012,3,22,21,30,11.5,55.6,2.9000000000000004,3.2,0
2012,3,22,22,30,10.200000000000001,60.480000000000004,2.9000000000000004,2.6,0
2012,3,22,23,30,9.1,64.51,2.8000000000000003,2.1,0
2012,3,23,0,30,8,69.36,2.7,1.8,0
2012,3,23,1,30,7.1000000000000005,74.48,2.9000000000000004,1.6,0
2012,3,23,2,30,6.2,80.62,3.1,1.4000000000000001,0
2012,3,23,3,30,5.5,86.26,3.4000000000000004,1.2000000000000002,0
2012,3,23,4,30,4.800000000000001,92.26,3.7,1.1,0
2012,3,23,5,30,4.2,97.61,3.9000000000000004,1.1,0
2012,3,23,6,30,5.1000000000000005,92.39,4,1.6,0
2012,3,23,7,30,7.800000000000001,76.98,4,2.2,115
2012,3,23,8,30,11.8,58.800000000000004,4,2.3000000000000003,350
2012,3,23,9,30,16.3,40.480000000000004,2.8000000000000003,2.3000000000000003,577
2012,3,23,10,30,20.1,28,1,2.4000000000000004,767
2012,3,23,11,30,23.400000000000002,20.8,-0.30000000000000004,2.5,901
2012,3,23,12,30,26.1,16.76,-1.1,2.9000000000000004,967
2012,3,23,13,30,27.900000000000002,14.1,-2,3.2,961
2012,3,23,14,30,28.700000000000003,12.75,-2.7,3,883
2012,3,23,15,30,28.8,12.08,-3.4000000000000004,2.6,738
2012,3,23,16,30,28,12.23,-3.8000000000000003,1.6,541
2012,3,23,17,30,25.8,18.06,-0.30000000000000004,0.8,309
2012,3,23,18,30,22.1,26.03,1.7000000000000002,1,80
2012,3,23,19,30,18.6,29.91,0.6000000000000001,1.5,0
2012,3,23,20,30,16.400000000000002,34.74,0.8,1.7000000000000002,0
2012,3,23,21,30,14.9,37.93,0.7000000000000001,1.8,0
2012,3,23,22,30,13.600000000000001,42,0.9,1.9000000000000001,0
2012,3,23,23,30,12.5,47.06,1.5,1.9000000000000001,0
2012,3,24,0,30,11.600000000000001,51.94,2.1,1.8,0
2012,3,24,1,30,10.8,55.870000000000005,2.3000000000000003,1.8,0
2012,3,24,2,30,10.3,57.96,2.4000000000000004,1.8,0
2012,3,24,3,30,9.8,60.160000000000004,2.4000000000000004,1.8,0
2012,3,24,4,30,9.3,63.43,2.7,1.7000000000000002,0
2012,3,24,5,30,8.8,67.91,3.2,1.6,0
2012,3,24,6,30,9.9,65.43,3.7,1.9000000000000001,0
2012,3,24,7,30,12.8,56.32,4.3,2.5,118
2012,3,24,8,30,16.6,45.03,4.6000000000000005,2.7,352
2012,3,24,9,30,21.1,34.88,5,2.8000000000000003,579
2012,3,24,10,30,25.3,25.85,4.3,2.9000000000000004,767
2012,3,24,11,30,28.6,18.5,2.3000000000000003,2.5,900
2012,3,24,12,30,30.700000000000003,13.290000000000001,-0.6000000000000001,2.2,964
2012,3,24,13,30,31.5,11.790000000000001,-1.6,2.1,957
2012,3,24,14,30,31.900000000000002,10.91,-2.3000000000000003,2,879
2012,3,24,15,30,31.700000000000003,10.6,-2.9000000000000004,1.9000000000000001,733
2012,3,24,16,30,30.6,11.120000000000001,-3.1,1.5,536
2012,3,24,17,30,27.200000000000003,20.88,2.9000000000000004,1.2000000000000002,306
2012,3,24,18,30,22.700000000000003,34.08,6.1000000000000005,1.5,79
2012,3,24,19,30,20.200000000000003,32.910000000000004,3.4000000000000004,1.9000000000000001,0
2012,3,24,20,30,19.3,34.480000000000004,3.2,2.5,0
2012,3,24,21,30,18.5,38.51,4.1000000000000005,3,0
2012,3,24,22,30,17.6,44.550000000000004,5.4,3.8000000000000003,0
2012,3,24,23,30,16.6,51.34,6.5,4.5,0
2012,3,25,0,30,15.8,57.93,7.5,4.800000000000001,0
2012,3,25,1,30,15.200000000000001,63.18,8.200000000000001,4.7,0
2012,3,25,2,30,14.5,68.33,8.700000000000001,4,0
2012,3,25,3,30,13.8,73.67,9.200000000000001,3.4000000000000004,0
2012,3,25,4,30,13.200000000000001,78.82000000000001,9.600000000000001,3.1,0
2012,3,25,5,30,12.700000000000001,83.52,10,3,0
2012,3,25,6,30,13.3,82.54,10.4,3.6,0
2012,3,25,7,30,16,71.7,10.9,4.3,117
2012,3,25,8,30,19.700000000000003,59.410000000000004,11.600000000000001,4.800000000000001,344
2012,3,25,9,30,23.6,48.25,12,5.5,567
2012,3,25,10,30,26.6,36.65,10.600000000000001,5.9,753
2012,3,25,11,30,28.700000000000003,27.95,8.4,6,884
2012,3,25,12,30,29.900000000000002,23.86,7.1000000000000005,6,949
2012,3,25,13,30,30.5,21.650000000000002,6.1000000000000005,5.9,942
2012,3,25,14,30,30.700000000000003,20.19,5.300000000000001,5.800000000000001,864
2012,3,25,15,30,30.3,19.580000000000002,4.5,5.6000000000000005,722
2012,3,25,16,30,29.3,19.89,3.9000000000000004,5.300000000000001,529
2012,3,25,17,30,26.6,23.35,4,4.1000000000000005,301
2012,3,25,18,30,23.1,31.85,5.4,3.3000000000000003,78
2012,3,25,19,30,21.200000000000003,36.44,5.7,3.9000000000000004,0
2012,3,25,20,30,20.200000000000003,38.99,5.800000000000001,4.7,0
2012,3,25,21,30,18.8,43.59,6.2,4.6000000000000005,0
2012,3,25,22,30,17.3,49.58,6.7,4.2,0
2012,3,25,23,30,16.2,54.730000000000004,7.1000000000000005,4,0
2012,3,26,0,30,15.3,59.43,7.4,3.8000000000000003,0
2012,3,26,1,30,14.600000000000001,63.78,7.800000000000001,3.5,0
2012,3,26,2,30,14,68.22,8.200000000000001,3.3000000000000003,0
2012,3,26,3,30,13.600000000000001,72.22,8.700000000000001,3,0
2012,3,26,4,30,13.100000000000001,76.91,9.1,2.7,0
2012,3,26,5,30,12.600000000000001,81.85000000000001,9.600000000000001,2.6,0
2012,3,26,6,30,13.100000000000001,82.55,10.200000000000001,3.3000000000000003,0
2012,3,26,7,30,15.200000000000001,77.25,11.200000000000001,4.9,89
2012,3,26,8,30,18.3,70.7,12.9,6.300000000000001,322
2012,3,26,9,30,21.6,58.43,13.100000000000001,6.9,469
2012,3,26,10,30,24.3,47.910000000000004,12.600000000000001,6.9,549
2012,3,26,11,30,26.3,41.89,12.3,6.5,742
2012,3,26,12,30,27.6,38.57,12.200000000000001,6.2,903
2012,3,26,13,30,28.1,37.160000000000004,12.100000000000001,6.2,894
2012,3,26,14,30,28.1,36.92,12,6.300000000000001,715
2012,3,26,15,30,27.700000000000003,37.84,12,6.5,674
2012,3,26,16,30,26.400000000000002,41.02,12.100000000000001,6.5,484
2012,3,26,17,30,24.400000000000002,47.1,12.4,5.9,266
2012,3,26,18,30,22.400000000000002,55.050000000000004,12.9,5,64
2012,3,26,19,30,20.900000000000002,61.93,13.3,4.5,0
2012,3,26,20,30,19.900000000000002,66.42,13.5,4.5,0
2012,3,26,21,30,19,69.91,13.4,4.7,0
2012,3,26,22,30,18.3,71.7,13.100000000000001,4.7,0
2012,3,26,23,30,17.6,73.09,12.700000000000001,4.5,0
2012,3,27,0,30,16.900000000000002,75.18,12.5,4.2,0
2012,3,27,1,30,16.2,78.3,12.4,3.9000000000000004,0
2012,3,27,2,30,15.600000000000001,81.83,12.5,3.9000000000000004,0
2012,3,27,3,30,15.100000000000001,85.64,12.700000000000001,4,0
2012,3,27,4,30,14.5,90.53,13,4,0
2012,3,27,5,30,13.8,95.96000000000001,13.200000000000001,3.6,0
2012,3,27,6,30,14,94.86,13.200000000000001,3.8000000000000003,0
2012,3,27,7,30,16.2,81.7,13.100000000000001,4.5,117
2012,3,27,8,30,19.6,64.08,12.600000000000001,4.6000000000000005,345
2012,3,27,9,30,23.3,46.57,11.200000000000001,3.9000000000000004,572
2012,3,27,10,30,26.8,29.98,7.800000000000001,3.3000000000000003,760
2012,3,27,11,30,29.3,18.29,2.7,3.1,892
2012,3,27,12,30,30.700000000000003,14.08,0.2,3,957
2012,3,27,13,30,31.400000000000002,12.34,-1,3,950
2012,3,27,14,30,31.6,11.78,-1.5,3,871
2012,3,27,15,30,31.400000000000002,11.8,-1.7000000000000002,2.8000000000000003,728
2012,3,27,16,30,30.3,12.84,-1.4000000000000001,2.6,393
2012,3,27,17,30,27.3,18.01,0.9,2.5,188
2012,3,27,18,30,23.700000000000003,33.45,6.7,3.6,48
2012,3,27,19,30,21.8,45.37,9.5,5.4,0
2012,3,27,20,30,20.5,63.440000000000005,13.3,5.6000000000000005,0
2012,3,27,21,30,19.400000000000002,76.66,15.200000000000001,5.1000000000000005,0
2012,3,27,22,30,18.5,84.23,15.8,4.7,0
2012,3,27,23,30,18,89.13,16.2,4.5,0
2012,3,28,0,30,17.6,93.41,16.5,4.2,0
2012,3,28,1,30,17.1,97.44,16.7,3.6,0
2012,3,28,2,30,16.6,100,16.6,3.3000000000000003,0
2012,3,28,3,30,16.2,100,16.2,3.2,0
2012,3,28,4,30,15.9,100,15.9,2.9000000000000004,0
2012,3,28,5,30,15.600000000000001,100,15.600000000000001,2.6,0
2012,3,28,6,30,15.9,97.52,15.5,2.8000000000000003,0
2012,3,28,7,30,17.400000000000002,87.18,15.200000000000001,2.9000000000000004,93
2012,3,28,8,30,19.700000000000003,73.3,14.8,2.6,352
2012,3,28,9,30,22.700000000000003,58.71,14.200000000000001,2.1,551
2012,3,28,10,30,25.900000000000002,41.230000000000004,11.700000000000001,1.7000000000000002,707
2012,3,28,11,30,28.200000000000003,28.28,8.1,1.8,869
2012,3,28,12,30,29.5,24.3,7,2.5,949
2012,3,28,13,30,30,23.23,6.800000000000001,3.1,938
2012,3,28,14,30,29.900000000000002,23.62,6.9,3.6,856
2012,3,28,15,30,29.400000000000002,24.76,7.2,4.1000000000000005,712
2012,3,28,16,30,28.3,26.900000000000002,7.5,4.5,520
2012,3,28,17,30,26.3,31.470000000000002,8,4.5,273
2012,3,28,18,30,23.6,40.1,9.200000000000001,4.5,70
2012,3,28,19,30,21.6,48.69,10.3,4.800000000000001,0
2012,3,28,20,30,20.200000000000003,55.42,11,4.800000000000001,0
2012,3,28,21,30,18.8,61.79,11.3,4.5,0
2012,3,28,22,30,17.6,66.88,11.4,4.3,0
2012,3,28,23,30,16.7,70.86,11.4,4.2,0
2012,3,29,0,30,15.8,75.97,11.600000000000001,4.1000000000000005,0
2012,3,29,1,30,15,82.61,12.100000000000001,3.8000000000000003,0
2012,3,29,2,30,14.3,89.98,12.700000000000001,3.2,0
2012,3,29,3,30,13.700000000000001,97.07000000000001,13.200000000000001,2.7,0
2012,3,29,4,30,13.4,100,13.4,2.5,0
2012,3,29,5,30,13.5,100,13.5,2.6,0
2012,3,29,6,30,14.5,96.71000000000001,14,3.2,0
2012,3,29,7,30,17,83.14,14.100000000000001,3.9000000000000004,128
2012,3,29,8,30,20.6,66.45,14.100000000000001,4,355
2012,3,29,9,30,24.6,49.120000000000005,13.200000000000001,4.1000000000000005,575
2012,3,29,10,30,28.3,30.94,9.5,3.9000000000000004,760
2012,3,29,11,30,30.8,19.39,4.800000000000001,3.5,889
2012,3,29,12,30,32,15.42,2.5,3,731
2012,3,29,13,30,32.5,13.26,0.8,2.7,840
2012,3,29,14,30,32.6,11.91,-0.6000000000000001,2.5,872
2012,3,29,15,30,32.4,10.870000000000001,-2,2.4000000000000004,509
2012,3,29,16,30,31.400000000000002,10.370000000000001,-3.4000000000000004,2.1,503
2012,3,29,17,30,28.3,14.33,-1.4000000000000001,1.5,313
2012,3,29,18,30,24.1,30.44,5.7,1.3,88
2012,3,29,19,30,21.700000000000003,28.97,2.9000000000000004,1.7000000000000002,0
2012,3,29,20,30,20.700000000000003,29.36,2.2,2.2,0
2012,3,29,21,30,19.6,30.57,1.8,2.5,0
2012,3,29,22,30,18.400000000000002,32.44,1.6,2.7,0
2012,3,29,23,30,17.5,34.160000000000004,1.5,3,0
2012,3,30,0,30,16.7,36.57,1.8,3.4000000000000004,0
2012,3,30,1,30,15.9,41.07,2.7,3.5,0
2012,3,30,2,30,14.9,46.79,3.6,3.2,0
2012,3,30,3,30,13.8,50.49,3.7,2.7,0
2012,3,30,4,30,12.600000000000001,51.24,2.8000000000000003,2.2,0
2012,3,30,5,30,11.600000000000001,48.77,1.2000000000000002,1.9000000000000001,0
2012,3,30,6,30,12.5,40.27,-0.7000000000000001,2.2,0
2012,3,30,7,30,15.600000000000001,28.47,-2.6,2.9000000000000004,144
2012,3,30,8,30,19.5,19.27,-4.6000000000000005,3.1,385
2012,3,30,9,30,24.5,13.98,-4.800000000000001,3.4000000000000004,614
2012,3,30,10,30,28.700000000000003,9.47,-6.6000000000000005,4,803
2012,3,30,11,30,30.900000000000002,7.49,-8.1,4.2,935
2012,3,30,12,30,32,6.91,-8.3,4,999
2012,3,30,13,30,32.5,6.66,-8.4,3.9000000000000004,990
2012,3,30,14,30,32.6,6.57,-8.5,3.8000000000000003,908
2012,3,30,15,30,32.300000000000004,6.69,-8.5,3.7,754
2012,3,30,16,30,31.3,7.18,-8.3,3.1,552
2012,3,30,17,30,27.900000000000002,11.28,-5,1.9000000000000001,316
2012,3,30,18,30,24.1,25.32,3,1.4000000000000001,85
2012,3,30,19,30,22.400000000000002,23.41,0.5,1.5,0
2012,3,30,20,30,21.400000000000002,23.66,-0.2,1.5,0
2012,3,30,21,30,20,24.71,-0.8,1.5,0
2012,3,30,22,30,18.3,26.22,-1.4000000000000001,1.7000000000000002,0
2012,3,30,23,30,16.8,26.75,-2.4000000000000004,1.9000000000000001,0
2012,3,31,0,30,15.600000000000001,26.57,-3.6,2.1,0
2012,3,31,1,30,14.600000000000001,27.02,-4.2,2.1,0
2012,3,31,2,30,13.600000000000001,28.54,-4.3,2,0
2012,3,31,3,30,12.9,30.14,-4.2,1.9000000000000001,0
2012,3,31,4,30,12.3,31.86,-4,1.8,0
2012,3,31,5,30,11.700000000000001,33.85,-3.7,1.7000000000000002,0
2012,3,31,6,30,13,32.17,-3.3000000000000003,1.9000000000000001,0
2012,3,31,7,30,16.400000000000002,27.66,-2.3000000000000003,2.5,146
2012,3,31,8,30,20.5,21.03,-2.6,2.7,381
2012,3,31,9,30,25.1,16.63,-2,2.7,607
2012,3,31,10,30,29.5,11.6,-3.3000000000000003,3.1,794
2012,3,31,11,30,32.2,8.78,-5,3.3000000000000003,924
2012,3,31,12,30,33.5,7.99,-5.300000000000001,3.3000000000000003,982
2012,3,31,13,30,34.1,7.63,-5.5,3.4000000000000004,972
2012,3,31,14,30,34.2,7.49,-5.6000000000000005,3.4000000000000004,892
2012,3,31,15,30,33.800000000000004,7.59,-5.7,3.3000000000000003,748
2012,3,31,16,30,32.7,8.040000000000001,-5.800000000000001,2.8000000000000003,548
2012,3,31,17,30,29.200000000000003,11.75,-3.4000000000000004,1.9000000000000001,320
2012,3,31,18,30,24.700000000000003,25.46,3.6,1.5,93
2012,3,31,19,30,22.1,24.91,1.1,1.7000000000000002,0
2012,3,31,20,30,20.900000000000002,24.59,-0.1,2,0
2012,3,31,21,30,20,23.8,-1.3,2.5,0
2012,3,31,22,30,19.3,23.38,-2.1,3.1,0
2012,3,31,23,30,18.5,24.71,-2.1,4,0
2012,4,1,0,30,17.400000000000002,28.37,-1.1,4.4,0
2012,4,1,1,30,16.1,34.02,0.2,4.2,0
2012,4,1,2,30,15,39.32,1.3,3.6,0
2012,4,1,3,30,14.100000000000001,42.97,1.7000000000000002,2.9000000000000004,0
2012,4,1,4,30,13.200000000000001,45.49,1.7000000000000002,2.5,0
2012,4,1,5,30,12.600000000000001,45.54,1.1,2.4000000000000004,0
2012,4,1,6,30,13.700000000000001,39.51,0.2,3,0
2012,4,1,7,30,16.8,28.7,-1.5,3.8000000000000003,152
2012,4,1,8,30,20.700000000000003,19.91,-3.1,4.1000000000000005,389
2012,4,1,9,30,25.200000000000003,13.94,-4.3,4.3,616
2012,4,1,10,30,29.200000000000003,10.21,-5.300000000000001,4.6000000000000005,804
2012,4,1,11,30,31.8,7.94,-6.6000000000000005,4.9,931
2012,4,1,12,30,33,7.21,-7,5.1000000000000005,992
2012,4,1,13,30,33.5,6.98,-7.1000000000000005,5.6000000000000005,982
2012,4,1,14,30,33.6,7.05,-6.9,5.9,901
2012,4,1,15,30,33.2,7.33,-6.6000000000000005,5.9,755
2012,4,1,16,30,32.300000000000004,7.83,-6.4,5.2,556
2012,4,1,17,30,29.200000000000003,10.07,-5.5,3.4000000000000004,323
2012,4,1,18,30,24.900000000000002,18.650000000000002,-0.6000000000000001,2.4000000000000004,94
2012,4,1,19,30,22.700000000000003,21.5,-0.4,3.1,0
2012,4,1,20,30,21.6,24.490000000000002,0.4,3.7,0
2012,4,1,21,30,20.400000000000002,32.42,3.3000000000000003,3.9000000000000004,0
2012,4,1,22,30,19.400000000000002,44.5,7,4.1000000000000005,0
2012,4,1,23,30,18.6,57.95,10.200000000000001,4.4,0
2012,4,2,0,30,17.900000000000002,68.18,12,4.3,0
2012,4,2,1,30,17.2,71.92,12.100000000000001,4.2,0
2012,4,2,2,30,16.400000000000002,71.38,11.200000000000001,3.9000000000000004,0
2012,4,2,3,30,15.4,71.26,10.200000000000001,3.5,0
2012,4,2,4,30,14.600000000000001,72,9.600000000000001,3.3000000000000003,0
2012,4,2,5,30,14,71.03,8.8,3.4000000000000004,0
2012,4,2,6,30,14.9,56.24,6.300000000000001,4.3,0
2012,4,2,7,30,17.6,34.160000000000004,1.6,5.4,156
2012,4,2,8,30,21.1,19.89,-2.8000000000000003,6.300000000000001,397
2012,4,2,9,30,23.700000000000003,13.700000000000001,-5.7,7.2,629
2012,4,2,10,30,24.700000000000003,11.950000000000001,-6.7,7.5,818
2012,4,2,11,30,25.5,11.040000000000001,-7.1000000000000005,7.7,948
2012,4,2,12,30,26,10.32,-7.6000000000000005,7.7,1009
2012,4,2,13,30,26.200000000000003,9.68,-8.3,7.7,998
2012,4,2,14,30,26.1,9.15,-9.1,7.7,915
2012,4,2,15,30,25.6,8.82,-9.9,7.5,767
2012,4,2,16,30,24.5,8.97,-10.5,7.2,567
2012,4,2,17,30,22.400000000000002,10.01,-10.700000000000001,6,332
2012,4,2,18,30,19.1,13.120000000000001,-9.9,4.1000000000000005,98
2012,4,2,19,30,16.400000000000002,17.89,-8.1,2.9000000000000004,0
2012,4,2,20,30,15.100000000000001,19.88,-7.800000000000001,2.7,0
2012,4,2,21,30,14.100000000000001,21.25,-7.800000000000001,2.7,0
2012,4,2,22,30,13.100000000000001,22.8,-7.7,2.7,0
2012,4,2,23,30,12.200000000000001,24.560000000000002,-7.5,2.6,0
2012,4,3,0,30,11.3,26.43,-7.300000000000001,2.6,0
2012,4,3,1,30,10.8,26.67,-7.6000000000000005,2.9000000000000004,0
2012,4,3,2,30,10.4,26.32,-8.200000000000001,2.9000000000000004,0
2012,4,3,3,30,9.5,28.47,-7.9,2.4000000000000004,0
2012,4,3,4,30,8.6,31.07,-7.6000000000000005,2.2,0
2012,4,3,5,30,8.200000000000001,31.66,-7.7,2.2,0
2012,4,3,6,30,8.8,30.21,-7.800000000000001,2.8000000000000003,0
2012,4,3,7,30,11.100000000000001,24.37,-8.5,3.3000000000000003,90
2012,4,3,8,30,14.8,20.26,-7.800000000000001,4,400
2012,4,3,9,30,18.1,16.81,-7.5,5,629
2012,4,3,10,30,20,14.44,-7.9,5.4,819
2012,4,3,11,30,21.3,12.96,-8.3,5.300000000000001,949
2012,4,3,12,30,22.3,12.32,-8.200000000000001,5.2,1009
2012,4,3,13,30,23,12.700000000000001,-7.2,5.300000000000001,993
2012,4,3,14,30,23.3,13.870000000000001,-5.800000000000001,5.4,907
2012,4,3,15,30,23.1,15.23,-4.800000000000001,5.5,756
2012,4,3,16,30,22.400000000000002,16.52,-4.2,5.300000000000001,557
2012,4,3,17,30,20.6,19.1,-3.8000000000000003,4.4,326
2012,4,3,18,30,17.7,25.72,-2.2,3.3000000000000003,97
2012,4,3,19,30,15.700000000000001,32.14,-0.9,3.4000000000000004,0
2012,4,3,20,30,14.700000000000001,34.43,-0.8,3.8000000000000003,0
2012,4,3,21,30,13.600000000000001,36.77,-0.9,3.4000000000000004,0
2012,4,3,22,30,12.600000000000001,38.63,-1.1,3.2,0
2012,4,3,23,30,11.700000000000001,40.2,-1.4000000000000001,3.4000000000000004,0
2012,4,4,0,30,10.9,42.77,-1.3,3.4000000000000004,0
2012,4,4,1,30,9.8,48.46,-0.6000000000000001,3.1,0
2012,4,4,2,30,8.8,55.410000000000004,0.4,2.4000000000000004,0
2012,4,4,3,30,7.7,63.24,1.1,1.6,0
2012,4,4,4,30,6.9,69.43,1.7000000000000002,1.1,0
2012,4,4,5,30,6.6000000000000005,72.47,2,0.7000000000000001,0
2012,4,4,6,30,7.6000000000000005,68.76,2.2,0.5,0
2012,4,4,7,30,10.200000000000001,57.84,2.3000000000000003,0.5,163
2012,4,4,8,30,13.700000000000001,43.64,1.5,1.3,397
2012,4,4,9,30,16.900000000000002,33.980000000000004,0.9,2.9000000000000004,620
2012,4,4,10,30,19.700000000000003,27.11,0.2,4,803
2012,4,4,11,30,21.8,22.62,-0.5,4.9,930
2012,4,4,12,30,23.5,19.41,-1.2000000000000002,5.5,995
2012,4,4,13,30,24.5,17.47,-1.8,5.800000000000001,985
2012,4,4,14,30,25.1,16.06,-2.4000000000000004,5.800000000000001,904
2012,4,4,15,30,25.3,15.13,-3.1,5.4,760
2012,4,4,16,30,25,14.85,-3.6,4.7,562
2012,4,4,17,30,23.1,16.43,-3.8000000000000003,2.9000000000000004,333
2012,4,4,18,30,20.400000000000002,26.650000000000002,0.6000000000000001,1.3,103
2012,4,4,19,30,19.200000000000003,26.830000000000002,-0.30000000000000004,1,0
2012,4,4,20,30,18.400000000000002,25.990000000000002,-1.5,0.9,0
2012,4,4,21,30,17.1,28.21,-1.5,1,0
2012,4,4,22,30,15.700000000000001,31.29,-1.3,1.1,0
2012,4,4,23,30,14.200000000000001,34.75,-1.2000000000000002,1.2000000000000002,0
2012,4,5,0,30,12.9,38.32,-1,1.2000000000000002,0
2012,4,5,1,30,11.9,41.25,-0.9,1.2000000000000002,0
2012,4,5,2,30,11.3,42.71,-0.9,1.2000000000000002,0
2012,4,5,3,30,10.9,43.59,-1,1.1,0
2012,4,5,4,30,10.700000000000001,43.51,-1.2000000000000002,1,0
2012,4,5,5,30,10.600000000000001,42.72,-1.6,0.8,0
2012,4,5,6,30,11.5,39.38,-1.9000000000000001,0.4,0
2012,4,5,7,30,13.8,36.33,-0.9,0.4,170
2012,4,5,8,30,17.2,27.97,-1.5,0.7000000000000001,406
2012,4,5,9,30,21.6,21.6,-1.3,0.8,628
2012,4,5,10,30,25.8,15.77,-2.1,1.3,811
2012,4,5,11,30,28.900000000000002,12.200000000000001,-3.1,2,935
2012,4,5,12,30,30.8,10.43,-3.8000000000000003,1.9000000000000001,995
2012,4,5,13,30,31.700000000000003,9.93,-3.7,1.5,955
2012,4,5,14,30,32,9.85,-3.6,1.4000000000000001,825
2012,4,5,15,30,31.8,9.99,-3.6,1.6,754
2012,4,5,16,30,30.900000000000002,10.47,-3.6,2,557
2012,4,5,17,30,28,13.02,-3,1.8,313
2012,4,5,18,30,23.700000000000003,25.990000000000002,3.1,1.7000000000000002,81
2012,4,5,19,30,21.200000000000003,27.060000000000002,1.5,2.4000000000000004,0
2012,4,5,20,30,20.200000000000003,28.17,1.2000000000000002,3.4000000000000004,0
2012,4,5,21,30,19,31.62,1.8,4.3,0
2012,4,5,22,30,17.6,37.13,2.8000000000000003,4.7,0
2012,4,5,23,30,16.5,42.46,3.7,4.7,0
2012,4,6,0,30,15.600000000000001,47.29,4.4,4.6000000000000005,0
2012,4,6,1,30,14.9,51.78,5.1000000000000005,4.3,0
2012,4,6,2,30,14.200000000000001,56.59,5.7,3.9000000000000004,0
2012,4,6,3,30,13.4,62.88,6.5,3.1,0
2012,4,6,4,30,12.600000000000001,70.7,7.4,2.7,0
2012,4,6,5,30,12.100000000000001,78.06,8.4,2.8000000000000003,0
2012,4,6,6,30,12.600000000000001,79.92,9.200000000000001,3.2,0
2012,4,6,7,30,15.200000000000001,70.58,9.9,4,124
2012,4,6,8,30,19.200000000000003,57.93,10.700000000000001,5.1000000000000005,381
2012,4,6,9,30,23.400000000000002,48.31,11.9,6.2,550
2012,4,6,10,30,26.900000000000002,39.87,12.100000000000001,6.800000000000001,778
2012,4,6,11,30,29.3,32.910000000000004,11.3,6.9,903
2012,4,6,12,30,31,27.54,10.100000000000001,6.800000000000001,936
2012,4,6,13,30,32,23.7,8.700000000000001,6.6000000000000005,900
2012,4,6,14,30,32.4,21.09,7.300000000000001,6.300000000000001,792
2012,4,6,15,30,32.300000000000004,19.39,6,6,723
2012,4,6,16,30,31.6,18.86,5.1000000000000005,5.5,525
2012,4,6,17,30,29.3,21.42,5,4.6000000000000005,227
2012,4,6,18,30,26.1,30.060000000000002,7.2,4.4,88
2012,4,6,19,30,23.900000000000002,40.050000000000004,9.5,5,0
2012,4,6,20,30,22.700000000000003,48.39,11.3,5.1000000000000005,0
2012,4,6,21,30,21.6,55.28,12.3,4.7,0
2012,4,6,22,30,20.6,60.86,12.8,4.4,0
2012,4,6,23,30,19.6,65.99,13.100000000000001,4.3,0
2012,4,7,0,30,18.7,70.61,13.3,4.2,0
2012,4,7,1,30,17.8,75.48,13.4,4.1000000000000005,0
2012,4,7,2,30,17,80.7,13.700000000000001,3.9000000000000004,0
2012,4,7,3,30,16.400000000000002,85.25,13.9,3.7,0
2012,4,7,4,30,16.2,87.35000000000001,14.100000000000001,3.6,0
2012,4,7,5,30,16,89.31,14.200000000000001,3.3000000000000003,0
2012,4,7,6,30,16.3,88.33,14.4,3.5,0
2012,4,7,7,30,17.6,82.64,14.600000000000001,4.2,120
2012,4,7,8,30,19.700000000000003,74.26,15,4.4,391
2012,4,7,9,30,22,63.870000000000005,14.8,3.5,579
2012,4,7,10,30,24.200000000000003,53.39,14.100000000000001,2.1,749
2012,4,7,11,30,26,44.08,12.8,1.2000000000000002,899
2012,4,7,12,30,27.1,38.72,11.8,1.6,748
2012,4,7,13,30,27.5,37.52,11.700000000000001,2.4000000000000004,861
2012,4,7,14,30,27.200000000000003,38.89,12,3,865
2012,4,7,15,30,26.5,41.58,12.4,3.4000000000000004,720
2012,4,7,16,30,25.3,46.13,12.9,3.5,484
2012,4,7,17,30,23.6,53.99,13.700000000000001,3.2,238
2012,4,7,18,30,21.700000000000003,62,14.100000000000001,3.3000000000000003,51
2012,4,7,19,30,20.3,64.92,13.5,3.9000000000000004,0
2012,4,7,20,30,19.1,66.95,12.8,4.7,0
2012,4,7,21,30,17.900000000000002,70.39,12.4,4.9,0
2012,4,7,22,30,17,75.21000000000001,12.600000000000001,4.2,0
2012,4,7,23,30,16.2,80.17,12.8,4,0
2012,4,8,0,30,15.5,84.17,12.8,3.8000000000000003,0
2012,4,8,1,30,15.100000000000001,88.7,13.200000000000001,3.1,0
2012,4,8,2,30,14.8,91.96000000000001,13.5,2.7,0
2012,4,8,3,30,14.600000000000001,93.79,13.600000000000001,2.4000000000000004,0
2012,4,8,4,30,14.4,94.87,13.600000000000001,2.4000000000000004,0
2012,4,8,5,30,14.100000000000001,95.2,13.3,2.8000000000000003,0
2012,4,8,6,30,14,92.73,12.8,3.2,0
2012,4,8,7,30,14.8,85.11,12.3,3.4000000000000004,155
2012,4,8,8,30,16.2,77.2,12.200000000000001,3.1,372
2012,4,8,9,30,17.8,69.62,12.200000000000001,2.6,582
2012,4,8,10,30,19.400000000000002,62.99,12.200000000000001,2.1,759
2012,4,8,11,30,21,57.480000000000004,12.3,1.6,882
2012,4,8,12,30,22.400000000000002,53.53,12.5,1.1,950
2012,4,8,13,30,23.700000000000003,49.870000000000005,12.600000000000001,0.8,939
2012,4,8,14,30,24.5,46.99,12.4,0.8,861
2012,4,8,15,30,24.8,45.26,12.200000000000001,1,719
2012,4,8,16,30,24.6,44.87,11.8,1.5,530
2012,4,8,17,30,23.400000000000002,47.800000000000004,11.700000000000001,1.6,312
2012,4,8,18,30,21.1,57.67,12.4,1.4000000000000001,99
2012,4,8,19,30,19.200000000000003,65.22,12.5,1.5,0
2012,4,8,20,30,18.400000000000002,67.48,12.3,1.9000000000000001,0
2012,4,8,21,30,17.7,70.42,12.200000000000001,2.2,0
2012,4,8,22,30,17,73.39,12.200000000000001,2.4000000000000004,0
2012,4,8,23,30,16.3,76.44,12.100000000000001,2.4000000000000004,0
2012,4,9,0,30,15.5,80.22,12.100000000000001,2.3000000000000003,0
2012,4,9,1,30,14.700000000000001,84.23,12.100000000000001,2,0
2012,4,9,2,30,14,87.93,12,1.8,0
2012,4,9,3,30,13.5,91.05,12.100000000000001,1.7000000000000002,0
2012,4,9,4,30,13.100000000000001,93.99,12.200000000000001,1.7000000000000002,0
2012,4,9,5,30,12.9,96.27,12.3,1.7000000000000002,0
2012,4,9,6,30,13.9,91.56,12.5,2.2,0
2012,4,9,7,30,16.400000000000002,79.67,12.9,2.9000000000000004,68
2012,4,9,8,30,19.5,68.27,13.5,3.5,262
2012,4,9,9,30,22,59.82,13.8,3.7,586
2012,4,9,10,30,23.6,53.92,13.700000000000001,3.8000000000000003,704
2012,4,9,11,30,24.5,50.81,13.600000000000001,4.2,588
2012,4,9,12,30,24.900000000000002,49.4,13.600000000000001,4.5,808
2012,4,9,13,30,24.900000000000002,49.49,13.600000000000001,4.800000000000001,665
2012,4,9,14,30,24.6,50.63,13.700000000000001,4.9,525
2012,4,9,15,30,24.200000000000003,51.910000000000004,13.700000000000001,4.800000000000001,707
2012,4,9,16,30,23.6,53.800000000000004,13.700000000000001,4.4,532
2012,4,9,17,30,22.5,58.27,13.9,3.8000000000000003,263
2012,4,9,18,30,21.200000000000003,64.66,14.3,3.5,84
2012,4,9,19,30,20.3,69.09,14.4,3.6,0
2012,4,9,20,30,19.6,73.34,14.700000000000001,3.5,0
2012,4,9,21,30,18.8,78.3,14.9,3.2,0
2012,4,9,22,30,18,83.36,15.100000000000001,2.8000000000000003,0
2012,4,9,23,30,17.2,88.07000000000001,15.200000000000001,2.6,0
2012,4,10,0,30,16.5,91.73,15.100000000000001,2.7,0
2012,4,10,1,30,15.9,94.28,15,3.1,0
2012,4,10,2,30,15.4,95.64,14.700000000000001,3.2,0
2012,4,10,3,30,15,96.08,14.4,3.1,0
2012,4,10,4,30,14.5,97.19,14.100000000000001,2.8000000000000003,0
2012,4,10,5,30,14,98.44,13.8,2.4000000000000004,0
2012,4,10,6,30,14.600000000000001,93.2,13.5,2.6,0
2012,4,10,7,30,16.900000000000002,80.07000000000001,13.4,3.1,175
2012,4,10,8,30,20,66.65,13.600000000000001,2.8000000000000003,398
2012,4,10,9,30,23.200000000000003,54.59,13.5,2,612
2012,4,10,10,30,25.5,44.89,12.700000000000001,2,788
2012,4,10,11,30,27.1,39.18,12,2.6,911
2012,4,10,12,30,28.1,36.02,11.600000000000001,3.1,971
2012,4,10,13,30,28.5,34.410000000000004,11.3,3.4000000000000004,958
2012,4,10,14,30,28.5,33.77,11,3.6,877
2012,4,10,15,30,28.200000000000003,33.76,10.700000000000001,3.7,734
2012,4,10,16,30,27.5,34.910000000000004,10.600000000000001,3.9000000000000004,543
2012,4,10,17,30,26,38.32,10.700000000000001,3.7,323
2012,4,10,18,30,23.6,46.1,11.3,3.2,105
2012,4,10,19,30,21.700000000000003,53.97,12,3.7,0
2012,4,10,20,30,20.900000000000002,58.15,12.4,4.2,0
2012,4,10,21,30,19.900000000000002,63.38,12.700000000000001,4.1000000000000005,0
2012,4,10,22,30,18.900000000000002,68.64,13,3.8000000000000003,0
2012,4,10,23,30,17.900000000000002,73.79,13.200000000000001,3.5,0
2012,4,11,0,30,17,77.52,13,3.3000000000000003,0
2012,4,11,1,30,16.2,78.82000000000001,12.5,3,0
2012,4,11,2,30,15.4,78.65,11.700000000000001,2.7,0
2012,4,11,3,30,14.700000000000001,78.19,10.9,2.4000000000000004,0
2012,4,11,4,30,14.200000000000001,77.89,10.4,2.3000000000000003,0
2012,4,11,5,30,13.9,77.92,10.100000000000001,2.6,0
2012,4,11,6,30,14.600000000000001,74.3,10.100000000000001,3.4000000000000004,0
2012,4,11,7,30,16.6,66.95,10.4,4.4,184
2012,4,11,8,30,19.6,59.13,11.4,4.7,410
2012,4,11,9,30,22.700000000000003,53.09,12.700000000000001,4.800000000000001,622
2012,4,11,10,30,25,48.49,13.4,4.9,794
2012,4,11,11,30,26.3,45.94,13.700000000000001,5.2,674
2012,4,11,12,30,26.6,46.1,14.100000000000001,5.5,852
2012,4,11,13,30,26.1,48.39,14.4,5.5,454
2012,4,11,14,30,25.400000000000002,51.63,14.700000000000001,5.5,712
2012,4,11,15,30,25,53.620000000000005,14.9,5.5,322
2012,4,11,16,30,24.400000000000002,56.02,15.100000000000001,5.5,145
2012,4,11,17,30,23.3,60.4,15.200000000000001,5.300000000000001,200
2012,4,11,18,30,21.700000000000003,67.64,15.5,4.7,20
2012,4,11,19,30,20.400000000000002,74.89,15.8,4.3,0
2012,4,11,20,30,19.3,82.01,16.2,4.3,0
2012,4,11,21,30,18.5,86.57000000000001,16.2,4.4,0
2012,4,11,22,30,17.900000000000002,87.62,15.8,4.5,0
2012,4,11,23,30,17.6,86,15.200000000000001,4.7,0
2012,4,12,0,30,17.3,82.77,14.3,4.800000000000001,0
2012,4,12,1,30,16.7,82.49,13.700000000000001,4.1000000000000005,0
2012,4,12,2,30,16,85.45,13.600000000000001,3.5,0
2012,4,12,3,30,15.5,89.17,13.700000000000001,3.4000000000000004,0
2012,4,12,4,30,15.3,92.75,14.100000000000001,3.6,0
2012,4,12,5,30,15.4,95.14,14.600000000000001,4.2,0
2012,4,12,6,30,16.2,92.81,15,5.1000000000000005,10
2012,4,12,7,30,18,85,15.4,6.300000000000001,180
2012,4,12,8,30,20.700000000000003,71.34,15.3,6.9,383
2012,4,12,9,30,23.700000000000003,54.43,14,6.5,610
2012,4,12,10,30,26.3,39.57,11.5,6.1000000000000005,817
2012,4,12,11,30,28.400000000000002,29.14,8.700000000000001,5.800000000000001,948
2012,4,12,12,30,29.900000000000002,22.3,6.1000000000000005,5.6000000000000005,1009
2012,4,12,13,30,30.700000000000003,18.22,3.8000000000000003,5.6000000000000005,1000
2012,4,12,14,30,31,15.860000000000001,2.1,5.5,917
2012,4,12,15,30,30.700000000000003,14.99,1.1,5.300000000000001,770
2012,4,12,16,30,30,15.3,0.8,4.800000000000001,574
2012,4,12,17,30,27.700000000000003,18.19,1.4000000000000001,3.3000000000000003,345
2012,4,12,18,30,24,31.34,6,2.3000000000000003,93
2012,4,12,19,30,21.8,39.68,7.5,3.2,0
2012,4,12,20,30,20.8,47.74,9.3,4.2,0
2012,4,12,21,30,19.6,59.63,11.5,4,0
2012,4,12,22,30,18.5,70.8,13.100000000000001,3.4000000000000004,0
2012,4,12,23,30,17.400000000000002,80.21000000000001,14,3,0
2012,4,13,0,30,16.6,85.72,14.200000000000001,2.8000000000000003,0
2012,4,13,1,30,16.1,86.37,13.8,2.9000000000000004,0
2012,4,13,2,30,16.1,82.54,13.100000000000001,3,0
2012,4,13,3,30,15.8,80.99,12.5,2.5,0
2012,4,13,4,30,15.5,80.72,12.200000000000001,1.7000000000000002,0
2012,4,13,5,30,15.200000000000001,83.44,12.4,1.4000000000000001,0
2012,4,13,6,30,16.5,79.82000000000001,13,2,9
2012,4,13,7,30,19.6,68.64,13.700000000000001,3.2,151
2012,4,13,8,30,22.6,60.39,14.5,3.6,254
2012,4,13,9,30,25.3,49.24,13.9,3.3000000000000003,480
2012,4,13,10,30,27.400000000000002,38.77,12.100000000000001,3.2,784
2012,4,13,11,30,28.900000000000002,32.62,10.8,3.5,861
2012,4,13,12,30,29.900000000000002,29.12,10,4,990
2012,4,13,13,30,30.1,27.43,9.3,4.5,943
2012,4,13,14,30,29.700000000000003,26.740000000000002,8.6,4.9,894
2012,4,13,15,30,28.900000000000002,26.88,8,5.1000000000000005,747
2012,4,13,16,30,27.900000000000002,28.6,8,5.2,445
2012,4,13,17,30,26.6,33.74,9.3,5.2,329
2012,4,13,18,30,24.700000000000003,43.57,11.5,5.4,102
2012,4,13,19,30,22.900000000000002,54.480000000000004,13.200000000000001,5.5,0
2012,4,13,20,30,21.8,63,14.4,5.7,0
2012,4,13,21,30,20.700000000000003,71.61,15.4,5.9,0
2012,4,13,22,30,19.8,79.74,16.2,5.800000000000001,0
2012,4,13,23,30,19.1,85.79,16.7,5.7,0
2012,4,14,0,30,18.5,90,16.8,5.800000000000001,0
2012,4,14,1,30,17.900000000000002,93.14,16.8,6.1000000000000005,0
2012,4,14,2,30,17.5,94.46000000000001,16.6,6.2,0
2012,4,14,3,30,17.1,95.53,16.400000000000002,6.1000000000000005,0
2012,4,14,4,30,16.6,96.44,16,5.9,0
2012,4,14,5,30,16,97.2,15.600000000000001,5.7,0
2012,4,14,6,30,16.3,92.02,15,5.7,16
2012,4,14,7,30,18.400000000000002,76.56,14.200000000000001,6,206
2012,4,14,8,30,21.8,53.620000000000005,12,6.4,444
2012,4,14,9,30,24.900000000000002,33.6,7.800000000000001,6.9,665
2012,4,14,10,30,27.1,25.76,5.800000000000001,7.7,846
2012,4,14,11,30,28.8,21.37,4.6000000000000005,8.5,969
2012,4,14,12,30,30.1,17.13,2.5,9,1025
2012,4,14,13,30,31.1,13.3,-0.2,9.4,1016
2012,4,14,14,30,31.8,10.76,-2.6,9.5,936
2012,4,14,15,30,31.900000000000002,9.450000000000001,-4.3,9.4,786
2012,4,14,16,30,31.3,9.25,-5,8.8,587
2012,4,14,17,30,29.6,10.59,-4.5,7.300000000000001,354
2012,4,14,18,30,26.3,15.1,-2.3000000000000003,6.1000000000000005,121
2012,4,14,19,30,22.900000000000002,23.02,0.7000000000000001,5.5,0
2012,4,14,20,30,20.3,35.96,4.7,4,0
2012,4,14,21,30,18.400000000000002,46.27,6.7,2.7,0
2012,4,14,22,30,16.8,47.050000000000004,5.4,2.4000000000000004,0
2012,4,14,23,30,15.5,45.99,3.9000000000000004,2.6,0
2012,4,15,0,30,14.3,43.95,2.2,3,0
2012,4,15,1,30,13,42.78,0.6000000000000001,3.4000000000000004,0
2012,4,15,2,30,11.700000000000001,43.61,-0.30000000000000004,3.4000000000000004,0
2012,4,15,3,30,10.600000000000001,44.300000000000004,-1.1,3.4000000000000004,0
2012,4,15,4,30,9.600000000000001,44.230000000000004,-2,3.4000000000000004,0
2012,4,15,5,30,9,42.57,-3.1,3.3000000000000003,0
2012,4,15,6,30,9.8,38.03,-3.9000000000000004,3.8000000000000003,20
2012,4,15,7,30,12.4,29.18,-5.1000000000000005,5.1000000000000005,223
2012,4,15,8,30,15.200000000000001,21.26,-6.800000000000001,6.300000000000001,464
2012,4,15,9,30,17.400000000000002,16.990000000000002,-7.9,7,688
2012,4,15,10,30,19.3,14.38,-8.6,7.5,870
2012,4,15,11,30,20.900000000000002,13.05,-8.5,7.7,994
2012,4,15,12,30,22.200000000000003,12.46,-8.1,7.9,1050
2012,4,15,13,30,23.1,12.23,-7.6000000000000005,8,1036
2012,4,15,14,30,23.5,12.040000000000001,-7.5,7.800000000000001,950
2012,4,15,15,30,23.400000000000002,11.77,-7.9,7.300000000000001,797
2012,4,15,16,30,22.8,11.76,-8.4,6.4,596
2012,4,15,17,30,21.1,12.8,-8.6,4.4,364
2012,4,15,18,30,17.5,20.400000000000002,-5.5,2.3000000000000003,129
2012,4,15,19,30,14.700000000000001,31.62,-2,1.5,0
2012,4,15,20,30,14,33.6,-1.8,1.4000000000000001,0
2012,4,15,21,30,13.5,33.95,-2.1,1.3,0
2012,4,15,22,30,13.100000000000001,33.44,-2.6,1.3,0
2012,4,15,23,30,12.5,33.46,-3.2,1.2000000000000002,0
2012,4,16,0,30,11.700000000000001,34.03,-3.6,1.2000000000000002,0
2012,4,16,1,30,10.9,35.25,-3.9000000000000004,1.1,0
2012,4,16,2,30,10,39.1,-3.3000000000000003,1.1,0
2012,4,16,3,30,9.3,42.88,-2.7,1.2000000000000002,0
2012,4,16,4,30,8.8,46.25,-2.1,1.5,0
2012,4,16,5,30,8.6,48.7,-1.6,2.2,0
2012,4,16,6,30,9.4,48.620000000000005,-0.9,3.3000000000000003,12
2012,4,16,7,30,12,43.93,0.1,4.7,130
2012,4,16,8,30,15.3,37.300000000000004,0.8,5.800000000000001,449
2012,4,16,9,30,18.3,30.94,0.8,5.800000000000001,666
2012,4,16,10,30,20.700000000000003,25.7,0.30000000000000004,5.2,846
2012,4,16,11,30,22.8,21.54,-0.30000000000000004,4.4,969
2012,4,16,12,30,24.3,18.78,-1,3.7,1027
2012,4,16,13,30,25.200000000000003,16.95,-1.6,3,1013
2012,4,16,14,30,25.700000000000003,15.63,-2.3000000000000003,2.6,929
2012,4,16,15,30,25.6,14.89,-3.1,2.3000000000000003,783
2012,4,16,16,30,25,14.71,-3.7,2.1,586
2012,4,16,17,30,23.200000000000003,15.91,-4.1000000000000005,1.6,275
2012,4,16,18,30,19.8,30.29,1.9000000000000001,1.6,126
2012,4,16,19,30,17,34.6,1.3,2.6,0
2012,4,16,20,30,15.9,36.25,0.9,3.6,0
2012,4,16,21,30,14.600000000000001,42.89,2.1,3.9000000000000004,0
2012,4,16,22,30,13.3,50.36,3.2,3.6,0
2012,4,16,23,30,12.3,55.9,3.7,3.3000000000000003,0
2012,4,17,0,30,11.5,60.14,4,3.3000000000000003,0
2012,4,17,1,30,10.8,64.08,4.3,3.4000000000000004,0
2012,4,17,2,30,10.100000000000001,68.66,4.6000000000000005,3.3000000000000003,0
2012,4,17,3,30,9.5,73.57000000000001,5,3,0
2012,4,17,4,30,9,78.78,5.5,2.6,0
2012,4,17,5,30,8.8,82.78,6,2.3000000000000003,0
2012,4,17,6,30,10.100000000000001,78.38,6.5,2.9000000000000004,23
2012,4,17,7,30,13.600000000000001,64.29,7,3.6,218
2012,4,17,8,30,17.7,48.230000000000004,6.6000000000000005,3.9000000000000004,452
2012,4,17,9,30,21,35.56,5.2,4,671
2012,4,17,10,30,23.3,28.63,4.1000000000000005,3.9000000000000004,849
2012,4,17,11,30,25.1,23.69,2.9000000000000004,3.9000000000000004,972
2012,4,17,12,30,26.5,20.22,1.9000000000000001,4,1027
2012,4,17,13,30,27.3,18.02,0.9,4.1000000000000005,1012
2012,4,17,14,30,27.6,16.81,0.2,4.3,928
2012,4,17,15,30,27.400000000000002,16.43,-0.30000000000000004,4.4,785
2012,4,17,16,30,26.700000000000003,16.78,-0.6000000000000001,4.4,588
2012,4,17,17,30,24.8,18.76,-0.6000000000000001,3.6,359
2012,4,17,18,30,21.400000000000002,26.48,1.4000000000000001,2.5,128
2012,4,17,19,30,18.7,34.72,2.8000000000000003,2.4000000000000004,0
2012,4,17,20,30,18,36.160000000000004,2.8000000000000003,3,0
2012,4,17,21,30,17.400000000000002,37.78,2.8000000000000003,3.8000000000000003,0
2012,4,17,22,30,16.6,40.17,3,4.4,0
2012,4,17,23,30,15.700000000000001,43.2,3.2,4.7,0
2012,4,18,0,30,14.9,45.97,3.4000000000000004,4.7,0
2012,4,18,1,30,14.200000000000001,48.21,3.4000000000000004,4.5,0
2012,4,18,2,30,13.200000000000001,51.81,3.5,4.2,0
2012,4,18,3,30,12.3,56.230000000000004,3.8000000000000003,3.9000000000000004,0
2012,4,18,4,30,11.600000000000001,60.38,4.2,3.9000000000000004,0
2012,4,18,5,30,11.3,63.190000000000005,4.6000000000000005,4,0
2012,4,18,6,30,12.200000000000001,61.31,5,4.2,24
2012,4,18,7,30,15,53.06,5.5,5.300000000000001,219
2012,4,18,8,30,18.8,42.94,5.9,6.6000000000000005,453
2012,4,18,9,30,22.400000000000002,34.58,6,7.1000000000000005,670
2012,4,18,10,30,25.400000000000002,28.35,5.7,6.7,844
2012,4,18,11,30,27.700000000000003,24.64,5.7,6.2,964
2012,4,18,12,30,29.5,22.09,5.6000000000000005,5.9,1018
2012,4,18,13,30,30.6,20.51,5.4,5.9,1000
2012,4,18,14,30,30.900000000000002,19.91,5.300000000000001,5.9,913
2012,4,18,15,30,30.6,20.11,5.2,6,751
2012,4,18,16,30,29.5,21.63,5.300000000000001,6.1000000000000005,555
2012,4,18,17,30,27.6,24.87,5.7,5.7,333
2012,4,18,18,30,24.8,30.92,6.5,5,115
2012,4,18,19,30,22.3,38.12,7.300000000000001,4.6000000000000005,0
2012,4,18,20,30,20.8,42.92,7.7,4.7,0
2012,4,18,21,30,19.5,46.87,7.800000000000001,4.9,0
2012,4,18,22,30,18.400000000000002,49.97,7.800000000000001,5,0
2012,4,18,23,30,17.5,52.44,7.7,4.9,0
2012,4,19,0,30,16.8,54.29,7.5,4.9,0
2012,4,19,1,30,16.1,56.35,7.4,5,0
2012,4,19,2,30,15.5,58.82,7.5,5.1000000000000005,0
2012,4,19,3,30,15,61.64,7.7,4.9,0
2012,4,19,4,30,14.4,65.46000000000001,8,4.7,0
2012,4,19,5,30,13.9,69.08,8.3,4.5,0
2012,4,19,6,30,14.600000000000001,67.06,8.6,4.4,25
2012,4,19,7,30,17.6,55.57,8.6,4.4,221
2012,4,19,8,30,22,40.29,7.9,4.1000000000000005,454
2012,4,19,9,30,26.6,25.740000000000002,5.4,3.8000000000000003,671
2012,4,19,10,30,30.3,14.09,-0.1,3.9000000000000004,848
2012,4,19,11,30,32.5,8.82,-4.7,4,968
2012,4,19,12,30,33.7,7.42,-6.1000000000000005,4.4,1022
2012,4,19,13,30,34.300000000000004,7.03,-6.4,4.7,1007
2012,4,19,14,30,34.4,7.16,-6.1000000000000005,5.1000000000000005,858
2012,4,19,15,30,33.9,7.68,-5.5,5.300000000000001,734
2012,4,19,16,30,33,8.4,-5,5.1000000000000005,344
2012,4,19,17,30,30.400000000000002,10.28,-4.3,3.6,276
2012,4,19,18,30,26.400000000000002,18.66,0.7000000000000001,2.1,87
2012,4,19,19,30,23.8,24.02,2,1.5,0
2012,4,19,20,30,22.8,27.18,2.9000000000000004,0.9,0
2012,4,19,21,30,22.3,29.900000000000002,3.8000000000000003,0.9,0
2012,4,19,22,30,21.400000000000002,32.660000000000004,4.3,1.7000000000000002,0
2012,4,19,23,30,19.8,41.97,6.5,2.4000000000000004,0
2012,4,20,0,30,18.7,49.2,7.800000000000001,3.6,0
2012,4,20,1,30,18.1,51.09,7.800000000000001,5.1000000000000005,0
2012,4,20,2,30,17.6,53.09,7.9,5.300000000000001,0
2012,4,20,3,30,17.2,54.68,8,4.800000000000001,0
2012,4,20,4,30,16.7,56.93,8.1,4.800000000000001,0
2012,4,20,5,30,15.9,60.230000000000004,8.200000000000001,5.5,0
2012,4,20,6,30,15.700000000000001,61.07,8.200000000000001,6.300000000000001,20
2012,4,20,7,30,16.900000000000002,54.65,7.7,6.9,219
2012,4,20,8,30,19,45.57,7,6.9,448
2012,4,20,9,30,21,39.22,6.6000000000000005,6.6000000000000005,661
2012,4,20,10,30,22.700000000000003,34.72,6.300000000000001,6.300000000000001,834
2012,4,20,11,30,24.200000000000003,30.66,5.800000000000001,6,957
2012,4,20,12,30,25.200000000000003,27.34,5.1000000000000005,5.800000000000001,473
2012,4,20,13,30,25.900000000000002,24.61,4.1000000000000005,5.6000000000000005,1002
2012,4,20,14,30,26.1,22.94,3.3000000000000003,5.300000000000001,920
2012,4,20,15,30,25.8,22.31,2.7,5,774
2012,4,20,16,30,25.200000000000003,22.330000000000002,2.2,4.6000000000000005,581
2012,4,20,17,30,23.900000000000002,23.56,1.8,3.8000000000000003,358
2012,4,20,18,30,21,28.86,2.2,2.5,132
2012,4,20,19,30,18.3,38.52,3.9000000000000004,1.9000000000000001,0
2012,4,20,20,30,17.2,40.53,3.7,2.5,0
2012,4,20,21,30,16.3,42.61,3.6,3,0
2012,4,20,22,30,15.100000000000001,46.11,3.6,3.2,0
2012,4,20,23,30,14,49.86,3.7,3.2,0
2012,4,21,0,30,12.9,53.9,3.8000000000000003,3,0
2012,4,21,1,30,11.9,57.94,3.9000000000000004,2.7,0
2012,4,21,2,30,11,62.15,4,2.2,0
2012,4,21,3,30,10.200000000000001,66.47,4.2,1.7000000000000002,0
2012,4,21,4,30,9.5,70.48,4.4,1.4000000000000001,0
2012,4,21,5,30,9.3,71.92,4.5,1.4000000000000001,0
2012,4,21,6,30,10.700000000000001,65.83,4.6000000000000005,2.2,32
2012,4,21,7,30,14,53.33,4.7,3.1,231
2012,4,21,8,30,17.900000000000002,39.61,4,3.3000000000000003,463
2012,4,21,9,30,21.5,30.26,3.3000000000000003,3.2,677
2012,4,21,10,30,24.5,24.240000000000002,2.7,2.9000000000000004,855
2012,4,21,11,30,26.700000000000003,20.900000000000002,2.5,2.5,975
2012,4,21,12,30,28.3,18.830000000000002,2.3000000000000003,2.1,1028
2012,4,21,13,30,29.5,17.31,2.1,1.9000000000000001,1013
2012,4,21,14,30,30,16.5,1.9000000000000001,1.7000000000000002,930
2012,4,21,15,30,30.1,16.11,1.6,1.7000000000000002,785
2012,4,21,16,30,29.6,16.26,1.3,1.7000000000000002,590
2012,4,21,17,30,27.900000000000002,17.68,1.1,1.3,364
2012,4,21,18,30,24.3,30.900000000000002,6,1.1,135
2012,4,21,19,30,21.3,35.54,5.4,1.5,0
2012,4,21,20,30,20.1,35.27,4.3,2,0
2012,4,21,21,30,19.400000000000002,35.71,3.8000000000000003,2.3000000000000003,0
2012,4,21,22,30,18.5,37.550000000000004,3.7,2.6,0
2012,4,21,23,30,17.5,40.230000000000004,3.8000000000000003,2.7,0
2012,4,22,0,30,16.400000000000002,43.38,3.9000000000000004,2.7,0
2012,4,22,1,30,15.4,46.22,3.9000000000000004,2.6,0
2012,4,22,2,30,14.5,48.63,3.8000000000000003,2.5,0
2012,4,22,3,30,13.700000000000001,50.64,3.6,2.3000000000000003,0
2012,4,22,4,30,13,52.57,3.5,2.2,0
2012,4,22,5,30,12.600000000000001,54.02,3.5,2.1,0
2012,4,22,6,30,13.9,50.11,3.7,2.6,36
2012,4,22,7,30,17.1,41.49,3.9000000000000004,2.8000000000000003,239
2012,4,22,8,30,21.700000000000003,31.7,4.1000000000000005,2.8000000000000003,469
2012,4,22,9,30,26.1,22.3,2.9000000000000004,3.2,683
2012,4,22,10,30,28.900000000000002,17.98,2.2,3.5,855
2012,4,22,11,30,30.6,15.96,1.9000000000000001,3.7,974
2012,4,22,12,30,31.700000000000003,14.77,1.7000000000000002,3.8000000000000003,1027
2012,4,22,13,30,32.2,14.14,1.5,3.7,1009
2012,4,22,14,30,32.4,13.74,1.2000000000000002,3.6,925
2012,4,22,15,30,32.1,13.68,0.9,3.5,769
2012,4,22,16,30,31.400000000000002,13.89,0.6000000000000001,3.4000000000000004,576
2012,4,22,17,30,29.400000000000002,15.450000000000001,0.5,2.7,353
2012,4,22,18,30,25.700000000000003,23.98,3.6,2,131
2012,4,22,19,30,22.900000000000002,29.650000000000002,4.2,2.4000000000000004,0
2012,4,22,20,30,21.900000000000002,31.19,4.1000000000000005,3.4000000000000004,0
2012,4,22,21,30,20.700000000000003,35.19,4.800000000000001,4.5,0
2012,4,22,22,30,19.200000000000003,40.63,5.5,5,0
2012,4,22,23,30,17.6,46.71,6.1000000000000005,4.9,0
2012,4,23,0,30,16.3,50.69,6.1000000000000005,4.7,0
2012,4,23,1,30,15.200000000000001,52.9,5.7,4.4,0
2012,4,23,2,30,14.4,53.53,5.1000000000000005,4.1000000000000005,0
2012,4,23,3,30,13.8,53.67,4.6000000000000005,3.6,0
2012,4,23,4,30,13.100000000000001,54.5,4.1000000000000005,3.2,0
2012,4,23,5,30,12.700000000000001,54.71,3.8000000000000003,3.3000000000000003,0
2012,4,23,6,30,13.3,52.02,3.7,4,20
2012,4,23,7,30,15.200000000000001,43.77,2.9000000000000004,5.2,162
2012,4,23,8,30,17.7,33.46,1.4000000000000001,5.800000000000001,408
2012,4,23,9,30,20.3,28.400000000000002,1.4000000000000001,5.7,651
2012,4,23,10,30,22.6,25.7,2,5.300000000000001,823
2012,4,23,11,30,24.6,23.66,2.5,4.800000000000001,942
2012,4,23,12,30,26.3,22.23,3,4.4,999
2012,4,23,13,30,27.400000000000002,21.55,3.5,4,985
2012,4,23,14,30,28.200000000000003,21.12,3.9000000000000004,3.7,903
2012,4,23,15,30,28.5,21.02,4.1000000000000005,3.5,765
2012,4,23,16,30,28.200000000000003,21.36,4,3.4000000000000004,566
2012,4,23,17,30,26.900000000000002,22.85,3.9000000000000004,2.9000000000000004,358
2012,4,23,18,30,23.700000000000003,29.88,5,2.1,136
2012,4,23,19,30,21,37.35,5.9,2.1,0
2012,4,23,20,30,20.1,38.2,5.4,2.9000000000000004,0
2012,4,23,21,30,19.200000000000003,39.97,5.300000000000001,3.6,0
2012,4,23,22,30,18.1,42.87,5.300000000000001,3.8000000000000003,0
2012,4,23,23,30,16.900000000000002,46.18,5.300000000000001,3.6,0
2012,4,24,0,30,15.8,49.07,5.1000000000000005,3.1,0
2012,4,24,1,30,14.9,51.08,4.9,2.7,0
2012,4,24,2,30,14.200000000000001,52.21,4.5,2.6,0
2012,4,24,3,30,13.8,52.63,4.3,2.7,0
2012,4,24,4,30,13.5,53.92,4.3,2.9000000000000004,0
2012,4,24,5,30,13.4,55.49,4.7,3.1,0
2012,4,24,6,30,14.600000000000001,53.51,5.300000000000001,3.6,30
2012,4,24,7,30,17.6,47.78,6.4,4,188
2012,4,24,8,30,21.200000000000003,42.25,7.9,3.9000000000000004,469
2012,4,24,9,30,24.700000000000003,34.45,8,3.5,681
2012,4,24,10,30,27.8,27.66,7.4,3.2,852
2012,4,24,11,30,30.6,22.68,6.9,2.9000000000000004,970
2012,4,24,12,30,32.9,18.82,6.1000000000000005,2.7,1022
2012,4,24,13,30,34.4,16.03,5,2.6,1006
2012,4,24,14,30,35.2,14.370000000000001,4.1000000000000005,2.7,923
2012,4,24,15,30,35.2,13.72,3.4000000000000004,3,771
2012,4,24,16,30,34.5,13.790000000000001,2.9000000000000004,3.3000000000000003,578
2012,4,24,17,30,32.300000000000004,15.51,2.8000000000000003,3,355
2012,4,24,18,30,28.8,22.47,5.300000000000001,3.1,133
2012,4,24,19,30,26.400000000000002,27.28,6,4.4,0
2012,4,24,20,30,25.1,31.36,7,5.300000000000001,0
2012,4,24,21,30,23.700000000000003,35.86,7.7,5.5,0
2012,4,24,22,30,22.700000000000003,38.7,7.9,5.6000000000000005,0
2012,4,24,23,30,21.700000000000003,40.980000000000004,7.9,5.6000000000000005,0
2012,4,25,0,30,21,42.35,7.7,5.5,0
2012,4,25,1,30,20.3,43.63,7.5,5.5,0
2012,4,25,2,30,19.6,44.88,7.300000000000001,5.4,0
2012,4,25,3,30,18.900000000000002,46.230000000000004,7.1000000000000005,5.1000000000000005,0
2012,4,25,4,30,18.2,47.7,6.9,4.6000000000000005,0
2012,4,25,5,30,17.6,49.07,6.800000000000001,4.3,0
2012,4,25,6,30,18.400000000000002,46.300000000000004,6.7,4.5,41
2012,4,25,7,30,21.5,37.9,6.5,4.7,245
2012,4,25,8,30,26.1,28.02,6.2,4.7,479
2012,4,25,9,30,31.1,19.1,4.800000000000001,4.9,697
2012,4,25,10,30,35.5,11.8,1.5,5.2,872
2012,4,25,11,30,38,7.57,-2.7,5.4,995
2012,4,25,12,30,39.2,6.19,-4.5,5.5,1045
2012,4,25,13,30,39.800000000000004,5.63,-5.4,5.5,1030
2012,4,25,14,30,39.800000000000004,5.41,-5.9,5.4,950
2012,4,25,15,30,39.400000000000006,5.38,-6.2,5.1000000000000005,804
2012,4,25,16,30,38.5,5.5200000000000005,-6.5,4.5,610
2012,4,25,17,30,35.6,6.72,-6,3,352
2012,4,25,18,30,30.6,14.91,0.9,1.9000000000000001,92
2012,4,25,19,30,27,18.06,0.7000000000000001,2,0
2012,4,25,20,30,25.8,17.85,-0.4,2.1,0
2012,4,25,21,30,25.3,17.76,-0.9,2.4000000000000004,0
2012,4,25,22,30,25.1,18.32,-0.6000000000000001,2.9000000000000004,0
2012,4,25,23,30,24.5,21.12,0.8,3.6,0
2012,4,26,0,30,23.3,26.560000000000002,3,3.8000000000000003,0
2012,4,26,1,30,21.8,32.11,4.4,3.4000000000000004,0
2012,4,26,2,30,20.5,36.02,4.9,3,0
2012,4,26,3,30,19.200000000000003,39.37,5,2.5,0
2012,4,26,4,30,18.2,41.83,5,2,0
2012,4,26,5,30,18,41.71,4.800000000000001,1.6,0
2012,4,26,6,30,19.700000000000003,36.86,4.5,1.9000000000000001,46
2012,4,26,7,30,23.200000000000003,28.310000000000002,3.8000000000000003,2.1,173
2012,4,26,8,30,26.8,22.830000000000002,3.8000000000000003,1.8,391
2012,4,26,9,30,30.200000000000003,18.73,3.8000000000000003,1.6,518
2012,4,26,10,30,32.9,15.450000000000001,3.3000000000000003,1.4000000000000001,473
2012,4,26,11,30,34.300000000000004,13.290000000000001,2.2,1,630
2012,4,26,12,30,35.2,12.08,1.6,0.6000000000000001,549
2012,4,26,13,30,36.5,10.68,0.9,1.1,478
2012,4,26,14,30,37.4,9.41,-0.2,2.2,444
2012,4,26,15,30,37.1,8.950000000000001,-1.1,3.1,502
2012,4,26,16,30,36.1,9.07,-1.7000000000000002,3.1,354
2012,4,26,17,30,33.5,11.91,0.1,2.4000000000000004,212
2012,4,26,18,30,29.8,18.95,3.7,2.2,61
2012,4,26,19,30,27.6,19.79,2.5,3.2,0
2012,4,26,20,30,26.900000000000002,19.16,1.4000000000000001,4.7,0
2012,4,26,21,30,25.900000000000002,21.03,1.9000000000000001,5.4,0
2012,4,26,22,30,24.400000000000002,25.39,3.3000000000000003,5.1000000000000005,0
2012,4,26,23,30,23,28.560000000000002,3.8000000000000003,4.2,0
2012,4,27,0,30,21.700000000000003,29.55,3.2,3.4000000000000004,0
2012,4,27,1,30,21.1,29.43,2.6,3.3000000000000003,0
2012,4,27,2,30,20.700000000000003,29.05,2,3.6,0
2012,4,27,3,30,19.900000000000002,29.09,1.4000000000000001,3.6,0
2012,4,27,4,30,18.400000000000002,30.57,0.8,3,0
2012,4,27,5,30,17.2,31.580000000000002,0.2,2.4000000000000004,0
2012,4,27,6,30,18.400000000000002,28.88,0,2.9000000000000004,51
2012,4,27,7,30,21.6,22.41,-0.8,4.2,268
2012,4,27,8,30,24.3,18.580000000000002,-1.1,4.800000000000001,505
2012,4,27,9,30,26.700000000000003,15.27,-1.8,4.7,722
2012,4,27,10,30,28.900000000000002,12.700000000000001,-2.6,4.5,894
2012,4,27,11,30,30.8,10.82,-3.3000000000000003,4.4,1013
2012,4,27,12,30,32.300000000000004,9.38,-4.1000000000000005,4.7,1065
2012,4,27,13,30,33.4,8.26,-4.9,5,1049
2012,4,27,14,30,33.9,7.48,-5.9,5.2,968
2012,4,27,15,30,34,6.98,-6.7,5.300000000000001,817
2012,4,27,16,30,33.6,6.8100000000000005,-7.300000000000001,5,619
2012,4,27,17,30,31.700000000000003,7.43,-7.6000000000000005,3.5,389
2012,4,27,18,30,27.6,14.42,-1.9000000000000001,1.9000000000000001,154
2012,4,27,19,30,24.400000000000002,19.55,-0.30000000000000004,1.6,0
2012,4,27,20,30,22.900000000000002,20.37,-1,1.7000000000000002,0
2012,4,27,21,30,21.700000000000003,21.04,-1.6,1.8,0
2012,4,27,22,30,20.5,21.72,-2.1,2,0
2012,4,27,23,30,19.5,22.72,-2.4000000000000004,2.1,0
2012,4,28,0,30,18.6,23.95,-2.4000000000000004,2.2,0
2012,4,28,1,30,17.6,25.44,-2.4000000000000004,2.2,0
2012,4,28,2,30,16.6,27.29,-2.3000000000000003,2,0
2012,4,28,3,30,15.700000000000001,29.79,-1.9000000000000001,1.7000000000000002,0
2012,4,28,4,30,15.100000000000001,32.46,-1.3,1.4000000000000001,0
2012,4,28,5,30,15,34.26,-0.6000000000000001,1.2000000000000002,0
2012,4,28,6,30,17.1,32.230000000000004,0.4,1.3,50
2012,4,28,7,30,20.700000000000003,26.94,1,1.6,261
2012,4,28,8,30,24.200000000000003,25.21,3,1.7000000000000002,495
2012,4,28,9,30,27.6,21.330000000000002,3.5,1.7000000000000002,707
2012,4,28,10,30,30.400000000000002,16.01,1.8,2.1,877
2012,4,28,11,30,32.5,12.86,0.4,2.6,987
2012,4,28,12,30,33.9,11.3,-0.30000000000000004,3.1,1033
2012,4,28,13,30,34.7,10.61,-0.6000000000000001,3.6,1014
2012,4,28,14,30,34.9,10.69,-0.30000000000000004,4.2,926
2012,4,28,15,30,34.5,11.72,0.6000000000000001,4.7,779
2012,4,28,16,30,33.4,14.09,2.4000000000000004,5.2,583
2012,4,28,17,30,31.6,18.88,5.1000000000000005,5.4,356
2012,4,28,18,30,28.900000000000002,27.91,8.5,4.9,136
2012,4,28,19,30,26.700000000000003,38.28,11.3,4.7,0
2012,4,28,20,30,25.3,44.68,12.4,5,0
2012,4,28,21,30,23.8,49.81,12.700000000000001,5.2,0
2012,4,28,22,30,22.400000000000002,54.63,12.8,5,0
2012,4,28,23,30,21.200000000000003,58.99,12.9,4.5,0
2012,4,29,0,30,20.400000000000002,62.14,12.9,4.3,0
2012,4,29,1,30,19.6,65.88,13,4,0
2012,4,29,2,30,18.900000000000002,70.13,13.3,3.4000000000000004,0
2012,4,29,3,30,18.1,75.98,13.8,2.7,0
2012,4,29,4,30,17.400000000000002,81.81,14.3,2.2,0
2012,4,29,5,30,17.2,85.33,14.700000000000001,2.2,0
2012,4,29,6,30,18.2,82.57000000000001,15.200000000000001,3.3000000000000003,42
2012,4,29,7,30,20.5,74.19,15.700000000000001,4.2,128
2012,4,29,8,30,23.200000000000003,63.64,15.9,4.2,381
2012,4,29,9,30,25.700000000000003,53.92,15.700000000000001,3.6,236
2012,4,29,10,30,27.8,46.480000000000004,15.3,3.2,241
2012,4,29,11,30,29.5,40.88,14.8,3,819
2012,4,29,12,30,30.8,36.76,14.3,3.1,891
2012,4,29,13,30,31.700000000000003,33.79,13.8,3.3000000000000003,925
2012,4,29,14,30,32,32.21,13.4,3.8000000000000003,759
2012,4,29,15,30,31.3,32.54,12.9,4.4,635
2012,4,29,16,30,30,34.56,12.700000000000001,5.1000000000000005,480
2012,4,29,17,30,28.200000000000003,39.29,13.100000000000001,5.7,246
2012,4,29,18,30,26.200000000000003,46.480000000000004,13.8,5.800000000000001,109
2012,4,29,19,30,24.400000000000002,54.46,14.600000000000001,5.4,0
2012,4,29,20,30,23.1,61.03,15.200000000000001,5.1000000000000005,0
2012,4,29,21,30,22,66.43,15.5,5.2,0
2012,4,29,22,30,21,71.11,15.600000000000001,5.300000000000001,0
2012,4,29,23,30,20.3,73.75,15.5,5.2,0
2012,4,30,0,30,19.700000000000003,75.06,15.200000000000001,4.9,0
2012,4,30,1,30,19.1,76.9,15,4.7,0
2012,4,30,2,30,18.5,80.12,15,4.4,0
2012,4,30,3,30,17.900000000000002,84.93,15.3,4.2,0
2012,4,30,4,30,17.400000000000002,89.83,15.700000000000001,3.9000000000000004,0
2012,4,30,5,30,17.2,93.01,16.1,3.8000000000000003,0
2012,4,30,6,30,18.3,88.67,16.400000000000002,4.4,48
2012,4,30,7,30,21,77.42,16.900000000000002,5.300000000000001,243
2012,4,30,8,30,24.200000000000003,63.84,16.900000000000002,5.4,469
2012,4,30,9,30,27.3,50.24,16,5,638
2012,4,30,10,30,30,38.7,14.4,4.6000000000000005,848
2012,4,30,11,30,32.1,29.84,12.3,4.4,960
2012,4,30,12,30,33.300000000000004,25.650000000000002,11,4.5,1006
2012,4,30,13,30,33.9,23.91,10.5,4.9,986
2012,4,30,14,30,33.9,23.44,10.200000000000001,5.4,901
2012,4,30,15,30,33.4,23.92,10,5.9,688
2012,4,30,16,30,32.2,26.21,10.4,6.300000000000001,391
2012,4,30,17,30,30.3,31.17,11.4,6.6000000000000005,199
2012,4,30,18,30,27.900000000000002,39.84,13,6.6000000000000005,63
2012,4,30,19,30,25.8,49.97,14.600000000000001,6.300000000000001,0
2012,4,30,20,30,24.6,57.26,15.600000000000001,6.300000000000001,0
2012,4,30,21,30,23.6,62.92,16.1,6.2,0
2012,4,30,22,30,22.700000000000003,67.06,16.3,6,0
2012,4,30,23,30,22,69.78,16.2,5.9,0
2012,5,1,0,30,21.200000000000003,72.97,16.2,5.5,0
2012,5,1,1,30,20.5,76.06,16.1,5.2,0
2012,5,1,2,30,19.700000000000003,80,16.2,4.9,0
2012,5,1,3,30,18.8,84.82000000000001,16.2,4.5,0
2012,5,1,4,30,17.900000000000002,90.04,16.2,4.3,0
2012,5,1,5,30,17.3,93.37,16.2,4.4,0
2012,5,1,6,30,18.1,87.96000000000001,16.1,5.1000000000000005,53
2012,5,1,7,30,20.900000000000002,70.57000000000001,15.4,5.5,257
2012,5,1,8,30,24.5,49.160000000000004,13.100000000000001,5.4,489
2012,5,1,9,30,28.200000000000003,32.38,10.100000000000001,5,701
2012,5,1,10,30,31.5,20.53,6.2,4.7,873
2012,5,1,11,30,33.800000000000004,14.450000000000001,3,4.6000000000000005,990
2012,5,1,12,30,35.2,11.96,1.5,4.800000000000001,1042
2012,5,1,13,30,36,10.97,0.9,5,1025
2012,5,1,14,30,36.2,10.91,1,5.2,940
2012,5,1,15,30,35.9,11.6,1.6,5.4,788
2012,5,1,16,30,34.9,13.370000000000001,2.8000000000000003,5.6000000000000005,593
2012,5,1,17,30,32.9,17.64,5.2,5.800000000000001,367
2012,5,1,18,30,29.8,27.54,9.1,6.2,142
2012,5,1,19,30,27,40.800000000000004,12.600000000000001,6.5,0
2012,5,1,20,30,25.3,50.42,14.3,6.2,0
2012,5,1,21,30,24.200000000000003,56.88,15.100000000000001,5.800000000000001,0
2012,5,1,22,30,23.400000000000002,62.2,15.8,5.7,0
2012,5,1,23,30,22.700000000000003,66.52,16.1,5.4,0
2012,5,2,0,30,22.1,69.54,16.3,5.1000000000000005,0
2012,5,2,1,30,21.6,71.57000000000001,16.2,4.9,0
2012,5,2,2,30,21,74.05,16.2,4.9,0
2012,5,2,3,30,20.400000000000002,77.69,16.400000000000002,4.800000000000001,0
2012,5,2,4,30,19.700000000000003,82.53,16.6,4.5,0
2012,5,2,5,30,19.200000000000003,86.46000000000001,16.900000000000002,4.3,0
2012,5,2,6,30,20.200000000000003,82.23,17.1,4.6000000000000005,54
2012,5,2,7,30,23,69.10000000000001,17,5.1000000000000005,256
2012,5,2,8,30,26.5,53.29,16.2,5,482
2012,5,2,9,30,30,39.44,14.700000000000001,4.3,690
2012,5,2,10,30,32.9,26.68,11.3,3.6,856
2012,5,2,11,30,34.800000000000004,20.400000000000002,8.8,3.7,968
2012,5,2,12,30,35.9,18.35,8.200000000000001,4.2,1016
2012,5,2,13,30,36.5,17.52,8,4.800000000000001,995
2012,5,2,14,30,36.6,17.12,7.7,5.2,914
2012,5,2,15,30,36.4,16.61,7.1000000000000005,5.4,782
2012,5,2,16,30,35.7,15.83,5.800000000000001,5.300000000000001,596
2012,5,2,17,30,34.2,15.22,4.1000000000000005,4.4,379
2012,5,2,18,30,30.5,18.31,3.7,3,157
2012,5,2,19,30,27.200000000000003,25.32,5.7,2.6,0
2012,5,2,20,30,25.900000000000002,29.330000000000002,6.7,3.2,0
2012,5,2,21,30,24.900000000000002,35.68,8.700000000000001,3.5,0
2012,5,2,22,30,23.8,44.79,11.100000000000001,3.5,0
2012,5,2,23,30,22.700000000000003,55.730000000000004,13.4,3.5,0
2012,5,3,0,30,21.900000000000002,68.31,15.8,3.4000000000000004,0
2012,5,3,1,30,21,78.53,17.1,2.9000000000000004,0
2012,5,3,2,30,20.1,85.93,17.7,2.3000000000000003,0
2012,5,3,3,30,19.5,90.45,17.900000000000002,1.8,0
2012,5,3,4,30,19.3,91.36,17.900000000000002,1.5,0
2012,5,3,5,30,19.200000000000003,89.91,17.5,1.4000000000000001,0
2012,5,3,6,30,20,81.82000000000001,16.8,1.9000000000000001,38
2012,5,3,7,30,21.900000000000002,67.17,15.5,2.3000000000000003,167
2012,5,3,8,30,24.8,48.72,13.3,2.2,397
2012,5,3,9,30,28.6,29.07,8.9,2.2,665
2012,5,3,10,30,31.900000000000002,13.41,0.5,2,873
2012,5,3,11,30,34.1,8.98,-3.3000000000000003,2,990
2012,5,3,12,30,35.6,7.3500000000000005,-4.9,2.1,1038
2012,5,3,13,30,36.4,6.65,-5.6000000000000005,2.4000000000000004,1020
2012,5,3,14,30,36.7,6.36,-6,2.8000000000000003,934
2012,5,3,15,30,36.5,6.34,-6.1000000000000005,3,792
2012,5,3,16,30,35.800000000000004,6.54,-6.2,3,575
2012,5,3,17,30,33.7,7.47,-6,2.2,376
2012,5,3,18,30,29.8,16.26,1.5,1.5,115
2012,5,3,19,30,26.400000000000002,21.57,2.7,1.6,0
2012,5,3,20,30,25,23.81,2.9000000000000004,2.2,0
2012,5,3,21,30,24.400000000000002,32.04,6.7,3.4000000000000004,0
2012,5,3,22,30,23.5,49.01,12.200000000000001,4.3,0
2012,5,3,23,30,22.3,66.64,15.8,4.1000000000000005,0
2012,5,4,0,30,21.3,79.14,17.5,3.5,0
2012,5,4,1,30,20.5,87.17,18.3,3.3000000000000003,0
2012,5,4,2,30,19.900000000000002,93.27,18.8,3.3000000000000003,0
2012,5,4,3,30,19.6,96.17,19,3.1,0
2012,5,4,4,30,19.5,95.89,18.8,3,0
2012,5,4,5,30,19.700000000000003,92.82000000000001,18.5,3.4000000000000004,0
2012,5,4,6,30,21.3,81.94,18.1,4.1000000000000005,59
2012,5,4,7,30,24.700000000000003,64.3,17.5,4.9,262
2012,5,4,8,30,29.1,43.71,15.5,5.300000000000001,488
2012,5,4,9,30,32.5,25.32,10.100000000000001,5.2,698
2012,5,4,10,30,34.7,16.82,5.9,5,870
2012,5,4,11,30,36.2,12.71,3.1,4.800000000000001,991
2012,5,4,12,30,37.300000000000004,10.03,0.6000000000000001,4.7,1045
2012,5,4,13,30,37.9,8.33,-1.5,4.7,1032
2012,5,4,14,30,38,7.47,-2.9000000000000004,4.7,952
2012,5,4,15,30,37.800000000000004,7.08,-3.7,4.800000000000001,812
2012,5,4,16,30,37,7.07,-4.3,4.6000000000000005,619
2012,5,4,17,30,35,7.69,-4.7,3.3000000000000003,394
2012,5,4,18,30,30.900000000000002,13.36,-0.30000000000000004,2,165
2012,5,4,19,30,27.400000000000002,19.400000000000002,2,1.6,0
2012,5,4,20,30,25.900000000000002,21.7,2.4000000000000004,1.8,0
2012,5,4,21,30,24.900000000000002,26.5,4.3,2.2,0
2012,5,4,22,30,24.3,33.03,7,3.1,0
2012,5,4,23,30,23.700000000000003,41.050000000000004,9.700000000000001,3.8000000000000003,0
2012,5,5,0,30,23.1,50.14,12.200000000000001,3.9000000000000004,0
2012,5,5,1,30,22.5,59.7,14.3,3.7,0
2012,5,5,2,30,21.900000000000002,66.26,15.3,3.5,0
2012,5,5,3,30,21.200000000000003,70.89,15.700000000000001,3.4000000000000004,0
2012,5,5,4,30,20.400000000000002,75.09,15.8,3.3000000000000003,0
2012,5,5,5,30,19.900000000000002,77.74,15.9,3.3000000000000003,0
2012,5,5,6,30,20.8,74.01,16,4,45
2012,5,5,7,30,23.5,62.59,15.9,4.6000000000000005,215
2012,5,5,8,30,26.900000000000002,49.53,15.5,4.4,489
2012,5,5,9,30,30.8,34.95,13.600000000000001,4,684
2012,5,5,10,30,34.300000000000004,19.36,7.7,3.8000000000000003,850
2012,5,5,11,30,36.4,11.120000000000001,1.4000000000000001,3.8000000000000003,948
2012,5,5,12,30,37.5,8.28,-1.9000000000000001,4.1000000000000005,990
2012,5,5,13,30,37.6,7.17,-3.7,4.7,948
2012,5,5,14,30,37,7.07,-4.3,5.300000000000001,798
2012,5,5,15,30,35.7,7.930000000000001,-3.8000000000000003,5.7,635
2012,5,5,16,30,34.1,9.17,-3,5,370
2012,5,5,17,30,32.1,11.21,-1.8,3.8000000000000003,336
2012,5,5,18,30,30.200000000000003,13.81,-0.4,3.4000000000000004,123
2012,5,5,19,30,29,14.96,-0.30000000000000004,4,0
2012,5,5,20,30,27.900000000000002,16.82,0.5,4.1000000000000005,0
2012,5,5,21,30,26.6,20.81,2.4000000000000004,3.5,0
2012,5,5,22,30,25.400000000000002,25.64,4.3,2.9000000000000004,0
2012,5,5,23,30,24.400000000000002,29.94,5.7,2.7,0
2012,5,6,0,30,23.5,33.480000000000004,6.5,2.8000000000000003,0
2012,5,6,1,30,22.5,36.910000000000004,7,2.8000000000000003,0
2012,5,6,2,30,21.400000000000002,39.63,7.1000000000000005,2.4000000000000004,0
2012,5,6,3,30,20.3,41.12,6.7,2.2,0
2012,5,6,4,30,19.200000000000003,41.93,6,2.4000000000000004,0
2012,5,6,5,30,18.6,40.96,5.1000000000000005,2.7,0
2012,5,6,6,30,19.700000000000003,35.550000000000004,4,3.4000000000000004,69
2012,5,6,7,30,22.900000000000002,26.39,2.6,3.8000000000000003,283
2012,5,6,8,30,27.3,16.43,-0.4,4,514
2012,5,6,9,30,31.3,9.05,-5.300000000000001,4.4,726
2012,5,6,10,30,33.800000000000004,6.5200000000000005,-7.7,4.7,896
2012,5,6,11,30,35.300000000000004,5.83,-8.1,5,1015
2012,5,6,12,30,36.300000000000004,5.43,-8.3,5.2,1063
2012,5,6,13,30,36.800000000000004,5.2700000000000005,-8.3,5.2,1046
2012,5,6,14,30,36.800000000000004,5.34,-8.200000000000001,5,963
2012,5,6,15,30,36.4,5.55,-7.9,4.800000000000001,813
2012,5,6,16,30,35.6,5.82,-7.9,4.5,620
2012,5,6,17,30,33.7,6.5,-7.800000000000001,3.4000000000000004,397
2012,5,6,18,30,29.6,10.81,-4.2,1.9000000000000001,168
2012,5,6,19,30,26,16.95,-1,1.4000000000000001,0
2012,5,6,20,30,24.5,18.01,-1.4000000000000001,1.3,0
2012,5,6,21,30,23.400000000000002,19.89,-0.9,1.2000000000000002,0
2012,5,6,22,30,22,23.91,0.4,1.9000000000000001,0
2012,5,6,23,30,20.5,30.98,2.8000000000000003,3,0
2012,5,7,0,30,19.400000000000002,38.81,5,3.4000000000000004,0
2012,5,7,1,30,18.5,46.74,6.9,3.6,0
2012,5,7,2,30,17.6,53.730000000000004,8.1,4,0
2012,5,7,3,30,17,59.68,9.1,4.2,0
2012,5,7,4,30,16.6,64.73,9.9,4.2,0
2012,5,7,5,30,16.400000000000002,68.99,10.700000000000001,4.3,0
2012,5,7,6,30,17.400000000000002,68.32000000000001,11.5,4.800000000000001,60
2012,5,7,7,30,19.8,63.800000000000004,12.700000000000001,4.9,254
2012,5,7,8,30,22.5,57,13.600000000000001,4.3,467
2012,5,7,9,30,24.5,51.86,14,3.7,499
2012,5,7,10,30,25.900000000000002,48.5,14.200000000000001,3.5,328
2012,5,7,11,30,26.900000000000002,46.050000000000004,14.3,3.9000000000000004,692
2012,5,7,12,30,28.1,42.96,14.3,4.2,700
2012,5,7,13,30,29.1,40.45,14.3,4.1000000000000005,803
2012,5,7,14,30,29.200000000000003,40.17,14.3,3.8000000000000003,756
2012,5,7,15,30,28.5,41.77,14.3,3.6,687
2012,5,7,16,30,27.200000000000003,45.07,14.3,4,547
2012,5,7,17,30,25.5,50.47,14.5,4.5,345
2012,5,7,18,30,23.3,58.9,14.8,4.5,146
2012,5,7,19,30,21.200000000000003,68.2,15.100000000000001,5,0
2012,5,7,20,30,19.6,74.32000000000001,14.9,5.800000000000001,0
2012,5,7,21,30,18.5,74.87,14,5.5,0
2012,5,7,22,30,17.6,75.06,13.100000000000001,4.7,0
2012,5,7,23,30,16.900000000000002,78.02,13,4.3,0
2012,5,8,0,30,16.400000000000002,81.83,13.3,4.6000000000000005,0
2012,5,8,1,30,16.1,83.83,13.4,5,0
2012,5,8,2,30,15.600000000000001,85.38,13.200000000000001,5.5,0
2012,5,8,3,30,15.100000000000001,85.64,12.700000000000001,6.2,0
2012,5,8,4,30,14.3,85.93,12,6.300000000000001,0
2012,5,8,5,30,13.3,86.7,11.100000000000001,5.9,0
2012,5,8,6,30,12.600000000000001,86.33,10.4,5.800000000000001,6
2012,5,8,7,30,12.5,82.31,9.600000000000001,5.1000000000000005,166
2012,5,8,8,30,12.9,78.15,9.200000000000001,4.6000000000000005,22
2012,5,8,9,30,13.9,72.86,9.1,5.300000000000001,646
2012,5,8,10,30,15.600000000000001,65.31,9.1,5.800000000000001,523
2012,5,8,11,30,17.8,56.980000000000004,9.200000000000001,4.7,393
2012,5,8,12,30,19.200000000000003,53.14,9.4,4,303
2012,5,8,13,30,20,51.31,9.600000000000001,4.7,218
2012,5,8,14,30,19.700000000000003,51.89,9.5,4.7,446
2012,5,8,15,30,18.6,56.120000000000005,9.700000000000001,4.6000000000000005,644
2012,5,8,16,30,17.900000000000002,57.63,9.4,4.2,554
2012,5,8,17,30,17.3,58.75,9.1,2.6,312
2012,5,8,18,30,16.400000000000002,62.300000000000004,9.200000000000001,1.6,149
2012,5,8,19,30,15.8,65.76,9.4,1.7000000000000002,0
2012,5,8,20,30,15.100000000000001,64.37,8.4,2.2,0
2012,5,8,21,30,14,66.55,7.9,1.7000000000000002,0
2012,5,8,22,30,13.100000000000001,69.35000000000001,7.6000000000000005,1.2000000000000002,0
2012,5,8,23,30,12.600000000000001,70.33,7.300000000000001,1.1,0
2012,5,9,0,30,12.200000000000001,70.39,7,1.1,0
2012,5,9,1,30,11.8,71.11,6.7,1,0
2012,5,9,2,30,11.4,72.4,6.6000000000000005,0.9,0
2012,5,9,3,30,11.200000000000001,73,6.5,0.8,0
2012,5,9,4,30,11.3,72.68,6.6000000000000005,0.8,0
2012,5,9,5,30,11.8,70.63,6.6000000000000005,0.7000000000000001,0
2012,5,9,6,30,13.600000000000001,63.71,6.800000000000001,1.3,67
2012,5,9,7,30,16.6,53.26,7.1000000000000005,2.3000000000000003,268
2012,5,9,8,30,19.400000000000002,43.43,6.6000000000000005,3.1,489
2012,5,9,9,30,21.5,36.51,6,3.5,693
2012,5,9,10,30,23.400000000000002,31.77,5.7,3.8000000000000003,644
2012,5,9,11,30,25,28.560000000000002,5.5,3.9000000000000004,974
2012,5,9,12,30,26.3,26.44,5.5,3.8000000000000003,1024
2012,5,9,13,30,27,25.43,5.5,3.7,1005
2012,5,9,14,30,27.200000000000003,25.18,5.6000000000000005,3.6,923
2012,5,9,15,30,26.700000000000003,25.89,5.5,3.6,779
2012,5,9,16,30,25.8,27.23,5.5,3.5,591
2012,5,9,17,30,24.6,29.47,5.6000000000000005,3.1,316
2012,5,9,18,30,22.6,34.96,6.300000000000001,2.3000000000000003,119
2012,5,9,19,30,20.6,44.82,8.200000000000001,1.9000000000000001,0
2012,5,9,20,30,19.400000000000002,48.34,8.200000000000001,2.4000000000000004,0
2012,5,9,21,30,18.3,52.43,8.4,2.7,0
2012,5,9,22,30,17.1,58.47,8.9,2.6,0
2012,5,9,23,30,16,65.05,9.4,2.2,0
2012,5,10,0,30,15.3,70.67,10,1.9000000000000001,0
2012,5,10,1,30,15.200000000000001,74.26,10.600000000000001,1.9000000000000001,0
2012,5,10,2,30,15.100000000000001,78.25,11.3,1.9000000000000001,0
2012,5,10,3,30,14.9,84.35000000000001,12.3,1.7000000000000002,0
2012,5,10,4,30,14.8,91.05,13.4,1.9000000000000001,0
2012,5,10,5,30,14.700000000000001,94.23,13.8,2.3000000000000003,0
2012,5,10,6,30,15,94.06,14.100000000000001,2.6,8
2012,5,10,7,30,15.700000000000001,92.33,14.5,2.7,17
2012,5,10,8,30,16.6,90.22,15,3.2,93
2012,5,10,9,30,17.7,86.79,15.5,4.2,86
2012,5,10,10,30,18.8,83.82000000000001,16,5,138
2012,5,10,11,30,19.400000000000002,83.57000000000001,16.5,5.2,297
2012,5,10,12,30,19.3,85.52,16.8,5.1000000000000005,601
2012,5,10,13,30,18.5,88.43,16.6,5.4,180
2012,5,10,14,30,17.7,85.02,15.200000000000001,5.300000000000001,226
2012,5,10,15,30,17.5,78.26,13.700000000000001,4.6000000000000005,529
2012,5,10,16,30,17.6,74.64,13,3.7,595
2012,5,10,17,30,17.2,75.26,12.8,2.6,382
2012,5,10,18,30,16.1,83.7,13.3,1.3,164
2012,5,10,19,30,15,91.05,13.600000000000001,0.6000000000000001,0
2012,5,10,20,30,14.700000000000001,89.13,12.9,0.5,0
2012,5,10,21,30,14.3,89.19,12.5,0.4,0
2012,5,10,22,30,13.700000000000001,91.82000000000001,12.4,0.4,0
2012,5,10,23,30,13.100000000000001,94.65,12.3,0.7000000000000001,0
2012,5,11,0,30,12.5,97.37,12.100000000000001,0.9,0
2012,5,11,1,30,11.9,99.65,11.8,1,0
2012,5,11,2,30,11.600000000000001,99.79,11.600000000000001,0.9,0
2012,5,11,3,30,11.5,98.7,11.3,0.8,0
2012,5,11,4,30,11.700000000000001,96.65,11.200000000000001,0.7000000000000001,0
2012,5,11,5,30,12,94.64,11.200000000000001,0.7000000000000001,0
2012,5,11,6,30,12.700000000000001,91.24,11.3,1.1,72
2012,5,11,7,30,14.3,83.51,11.5,1.7000000000000002,109
2012,5,11,8,30,16.3,72.95,11.4,1.9000000000000001,489
2012,5,11,9,30,18.1,64.6,11.3,2.2,610
2012,5,11,10,30,19.3,59.49,11.200000000000001,2.5,601
2012,5,11,11,30,20.1,56.83,11.3,2.9000000000000004,732
2012,5,11,12,30,20.700000000000003,55.21,11.4,3.1,911
2012,5,11,13,30,21.400000000000002,53.09,11.5,3.4000000000000004,994
2012,5,11,14,30,21.8,52.050000000000004,11.5,3.7,911
2012,5,11,15,30,21.8,51.5,11.4,3.9000000000000004,258
2012,5,11,16,30,21.400000000000002,52.480000000000004,11.3,4,439
2012,5,11,17,30,20.6,54.910000000000004,11.200000000000001,3.8000000000000003,165
2012,5,11,18,30,18.8,62.28,11.4,2.9000000000000004,162
2012,5,11,19,30,16.7,74.52,12.100000000000001,2.1,0
2012,5,11,20,30,15.600000000000001,79.04,12,2.3000000000000003,0
2012,5,11,21,30,14.9,81.62,11.8,2.7,0
2012,5,11,22,30,14.3,84.09,11.600000000000001,3.2,0
2012,5,11,23,30,13.700000000000001,86.71000000000001,11.5,3.4000000000000004,0
2012,5,12,0,30,13,90.33,11.5,3.4000000000000004,0
2012,5,12,1,30,12.3,94.7,11.5,3.3000000000000003,0
2012,5,12,2,30,11.8,97.64,11.4,3,0
2012,5,12,3,30,11.200000000000001,99.88,11.200000000000001,2.4000000000000004,0
2012,5,12,4,30,10.5,100,10.5,1.8,0
2012,5,12,5,30,10.5,99.06,10.4,2,0
2012,5,12,6,30,12.200000000000001,87.03,10.100000000000001,3,77
2012,5,12,7,30,14.8,72.71000000000001,9.9,3.9000000000000004,69
2012,5,12,8,30,17.2,64.38,10.4,4,159
2012,5,12,9,30,19.1,58.69,10.8,3.9000000000000004,282
2012,5,12,10,30,20.700000000000003,53.870000000000005,11,3.8000000000000003,544
2012,5,12,11,30,22,49.870000000000005,11.100000000000001,3.9000000000000004,553
2012,5,12,12,30,22.900000000000002,46.89,11,3.9000000000000004,710
2012,5,12,13,30,23.5,44.76,10.8,3.9000000000000004,997
2012,5,12,14,30,23.8,43.54,10.700000000000001,3.8000000000000003,916
2012,5,12,15,30,23.8,43.04,10.5,3.6,778
2012,5,12,16,30,23.400000000000002,43.37,10.200000000000001,3.5,593
2012,5,12,17,30,22.3,45.71,10,3.1,381
2012,5,12,18,30,20,53.13,10.200000000000001,2.2,166
2012,5,12,19,30,17.6,67.11,11.4,1.6,0
2012,5,12,20,30,16.5,70.02,11,1.8,0
2012,5,12,21,30,15.600000000000001,73.22,10.8,1.8,0
2012,5,12,22,30,14.8,76.79,10.8,1.7000000000000002,0
2012,5,12,23,30,14,80.71000000000001,10.700000000000001,1.5,0
2012,5,13,0,30,13.200000000000001,85.06,10.700000000000001,1.4000000000000001,0
2012,5,13,1,30,12.5,90.08,10.9,1.2000000000000002,0
2012,5,13,2,30,11.9,94.99,11.100000000000001,1.1,0
2012,5,13,3,30,11.600000000000001,97.99000000000001,11.3,1,0
2012,5,13,4,30,11.4,100,11.4,0.9,0
2012,5,13,5,30,11.9,97.91,11.600000000000001,1,0
2012,5,13,6,30,13.600000000000001,88.36,11.700000000000001,1.5,74
2012,5,13,7,30,16.3,74.97,11.9,2.2,271
2012,5,13,8,30,18.900000000000002,62.1,11.5,2.7,488
2012,5,13,9,30,20.900000000000002,53.42,11.100000000000001,3,688
2012,5,13,10,30,22.6,47.68,10.9,3.3000000000000003,851
2012,5,13,11,30,24,43.79,10.9,3.5,961
2012,5,13,12,30,24.900000000000002,41.61,11,3.5,1010
2012,5,13,13,30,25.3,40.78,11,3.5,495
2012,5,13,14,30,25,41.800000000000004,11.100000000000001,3.3000000000000003,910
2012,5,13,15,30,24.5,43.26,11.200000000000001,3.2,433
2012,5,13,16,30,23.700000000000003,45.26,11.200000000000001,3.1,384
2012,5,13,17,30,22.700000000000003,48.47,11.3,2.8000000000000003,238
2012,5,13,18,30,20.8,59.03,12.5,2.2,61
2012,5,13,19,30,18.8,70.09,13.200000000000001,2.2,4
2012,5,13,20,30,17.7,71.60000000000001,12.5,2.7,0
2012,5,13,21,30,16.900000000000002,73.59,12.200000000000001,2.7,0
2012,5,13,22,30,16,77.27,12,2.3000000000000003,0
2012,5,13,23,30,15.5,79.4,12,2.1,0
2012,5,14,0,30,15,81.55,11.9,2,0
2012,5,14,1,30,14.5,84.21000000000001,11.9,1.8,0
2012,5,14,2,30,14.4,85.35000000000001,12,1.6,0
2012,5,14,3,30,14.4,86.39,12.200000000000001,1.7000000000000002,0
2012,5,14,4,30,14.100000000000001,88.77,12.3,1.8,0
2012,5,14,5,30,14,90.26,12.4,1.7000000000000002,0
2012,5,14,6,30,14.8,87.15,12.700000000000001,1.5,70
2012,5,14,7,30,16.3,81.09,13.100000000000001,1.7000000000000002,34
2012,5,14,8,30,17.900000000000002,75.34,13.5,2.6,389
2012,5,14,9,30,19,70.15,13.4,3.5,587
2012,5,14,10,30,19.5,65.64,12.9,3.9000000000000004,819
2012,5,14,11,30,19.700000000000003,62.92,12.4,3.8000000000000003,163
2012,5,14,12,30,19.5,62.86,12.200000000000001,3.5,404
2012,5,14,13,30,18.8,66.12,12.3,3.2,123
2012,5,14,14,30,17.900000000000002,71.32000000000001,12.600000000000001,3.2,110
2012,5,14,15,30,17.1,75.74,12.8,3.6,571
2012,5,14,16,30,16.400000000000002,78.38,12.600000000000001,3.7,572
2012,5,14,17,30,16,80.31,12.600000000000001,3.3000000000000003,358
2012,5,14,18,30,15.3,85.69,12.9,2.7,117
2012,5,14,19,30,14.700000000000001,90.35000000000001,13.100000000000001,2.1,4
2012,5,14,20,30,14.3,91.4,12.9,1.8,0
2012,5,14,21,30,14.100000000000001,91.01,12.700000000000001,1.7000000000000002,0
2012,5,14,22,30,13.9,90.5,12.4,1.6,0
2012,5,14,23,30,13.5,90.88,12,1.7000000000000002,0
2012,5,15,0,30,13.100000000000001,91.09,11.700000000000001,1.6,0
2012,5,15,1,30,12.600000000000001,91.82000000000001,11.3,1.7000000000000002,0
2012,5,15,2,30,12.100000000000001,92.25,10.9,1.8,0
2012,5,15,3,30,11.600000000000001,92.65,10.5,1.9000000000000001,0
2012,5,15,4,30,11.100000000000001,93.44,10.100000000000001,2,0
2012,5,15,5,30,11.200000000000001,91.08,9.8,2.3000000000000003,0
2012,5,15,6,30,12.700000000000001,82.3,9.8,2.8000000000000003,81
2012,5,15,7,30,15.9,68.84,10.200000000000001,2.7,285
2012,5,15,8,30,19.3,55.85,10.3,2.7,508
2012,5,15,9,30,21.400000000000002,49.620000000000005,10.4,2.7,715
2012,5,15,10,30,22.900000000000002,45.11,10.4,2.8000000000000003,883
2012,5,15,11,30,24.200000000000003,40.34,9.9,2.9000000000000004,995
2012,5,15,12,30,25.200000000000003,36.730000000000004,9.4,2.9000000000000004,1049
2012,5,15,13,30,25.900000000000002,34.17,8.9,3,1032
2012,5,15,14,30,26.200000000000003,32.51,8.4,2.9000000000000004,950
2012,5,15,15,30,26.1,31.59,7.9,2.7,805
2012,5,15,16,30,25.6,31.38,7.4,2.3000000000000003,618
2012,5,15,17,30,24.5,32.26,6.800000000000001,1.7000000000000002,402
2012,5,15,18,30,22.400000000000002,40.35,8.3,1,181
2012,5,15,19,30,20.1,52.84,10.200000000000001,0.9,13
2012,5,15,20,30,18.5,53.85,9,1.1,0
2012,5,15,21,30,17.2,57.94,8.8,1.1,0
2012,5,15,22,30,16.1,61.1,8.6,1.2000000000000002,0
2012,5,15,23,30,15.200000000000001,63.71,8.4,1.2000000000000002,0
2012,5,16,0,30,14.3,66.67,8.200000000000001,1.2000000000000002,0
2012,5,16,1,30,13.5,69.48,8,1.2000000000000002,0
2012,5,16,2,30,12.8,72.19,7.9,1.3,0
2012,5,16,3,30,12.200000000000001,74.9,7.9,1.4000000000000001,0
2012,5,16,4,30,11.700000000000001,78.08,8,1.5,0
2012,5,16,5,30,12,77.3,8.1,1.8,0
2012,5,16,6,30,14.100000000000001,69.16,8.5,2.6,88
2012,5,16,7,30,17.400000000000002,57.35,8.9,3.2,301
2012,5,16,8,30,21.400000000000002,45.01,9,3,527
2012,5,16,9,30,24.6,32.87,7.2,2.4000000000000004,733
2012,5,16,10,30,26.400000000000002,28.2,6.5,1.8,900
2012,5,16,11,30,27.700000000000003,25.96,6.4,1.4000000000000001,1013
2012,5,16,12,30,28.6,24.38,6.300000000000001,1.2000000000000002,1058
2012,5,16,13,30,29.200000000000003,23.240000000000002,6.1000000000000005,1.1,1041
2012,5,16,14,30,29.5,22.42,5.800000000000001,1.1,959
2012,5,16,15,30,29.3,22.17,5.5,1.2000000000000002,819
2012,5,16,16,30,28.700000000000003,22.37,5.1000000000000005,1.4000000000000001,630
2012,5,16,17,30,27.400000000000002,23.490000000000002,4.7,1.4000000000000001,411
2012,5,16,18,30,24.1,35.43,7.9,1.2000000000000002,188
2012,5,16,19,30,20.700000000000003,51.730000000000004,10.4,1.3,14
2012,5,16,20,30,19,50.300000000000004,8.4,1.6,0
2012,5,16,21,30,18,51.45,7.800000000000001,1.8,0
2012,5,16,22,30,17.1,54.01,7.7,2,0
2012,5,16,23,30,16.2,57.75,7.9,2.1,0
2012,5,17,0,30,15.5,61.63,8.200000000000001,2.2,0
2012,5,17,1,30,14.8,66.17,8.5,2.3000000000000003,0
2012,5,17,2,30,14.100000000000001,71.04,8.9,2.3000000000000003,0
2012,5,17,3,30,13.600000000000001,74.78,9.200000000000001,2.3000000000000003,0
2012,5,17,4,30,13.100000000000001,77.93,9.3,2.2,0
2012,5,17,5,30,13.4,76.17,9.3,2.4000000000000004,0
2012,5,17,6,30,15.4,67.27,9.4,3,91
2012,5,17,7,30,18.7,55.72,9.700000000000001,3.5,305
2012,5,17,8,30,22.6,44.83,10,4.3,532
2012,5,17,9,30,25.6,32.6,8,4.9,743
2012,5,17,10,30,27.400000000000002,27.3,6.9,4.7,908
2012,5,17,11,30,28.900000000000002,23.69,6.1000000000000005,4.6000000000000005,1021
2012,5,17,12,30,30.1,21.23,5.5,4.5,1072
2012,5,17,13,30,31,19.45,5,4.5,1047
2012,5,17,14,30,31.3,18.51,4.5,4.5,960
2012,5,17,15,30,31,18.59,4.4,4.5,811
2012,5,17,16,30,30.1,19.35,4.2,4.5,620
2012,5,17,17,30,28.400000000000002,21.77,4.5,4.1000000000000005,403
2012,5,17,18,30,25.200000000000003,30.21,6.5,3.4000000000000004,182
2012,5,17,19,30,22.400000000000002,39.29,7.9,3.6,14
2012,5,17,20,30,21,42.7,7.800000000000001,4.2,0
2012,5,17,21,30,19.900000000000002,47.21,8.3,4.6000000000000005,0
2012,5,17,22,30,18.8,53.35,9.1,4.800000000000001,0
2012,5,17,23,30,17.900000000000002,58.94,9.8,4.9,0
2012,5,18,0,30,17.2,63.65,10.200000000000001,4.800000000000001,0
2012,5,18,1,30,16.6,67.98,10.700000000000001,4.7,0
2012,5,18,2,30,16.1,72.35000000000001,11.100000000000001,4.4,0
2012,5,18,3,30,15.600000000000001,77.11,11.600000000000001,4.2,0
2012,5,18,4,30,15.100000000000001,81.87,12,4.1000000000000005,0
2012,5,18,5,30,15.100000000000001,83.5,12.3,4.3,0
2012,5,18,6,30,16.400000000000002,77.88,12.5,5,84
2012,5,18,7,30,19.3,64.82000000000001,12.5,5.9,289
2012,5,18,8,30,22.900000000000002,49.910000000000004,11.9,6.300000000000001,512
2012,5,18,9,30,26.200000000000003,38.99,11.200000000000001,6.300000000000001,715
2012,5,18,10,30,29.200000000000003,30.89,10.3,6.1000000000000005,881
2012,5,18,11,30,31.700000000000003,24.89,9.200000000000001,5.7,994
2012,5,18,12,30,33.4,21.400000000000002,8.4,5.300000000000001,1038
2012,5,18,13,30,34.4,19.61,7.9,5.2,1021
2012,5,18,14,30,34.6,19.25,7.800000000000001,5.5,937
2012,5,18,15,30,34,20.37,8.200000000000001,6,792
2012,5,18,16,30,32.7,23.17,9,6.4,606
2012,5,18,17,30,30.5,28.51,10.200000000000001,6.4,391
2012,5,18,18,30,27.6,37.39,11.8,5.9,176
2012,5,18,19,30,24.900000000000002,47.94,13.100000000000001,5.5,14
2012,5,18,20,30,23,56.38,13.9,5.7,0
2012,5,18,21,30,21.8,62.34,14.3,6.1000000000000005,0
2012,5,18,22,30,20.8,66.55,14.3,6.4,0
2012,5,18,23,30,20,68.44,14,6.4,0
2012,5,19,0,30,19.3,69.14,13.5,6.2,0
2012,5,19,1,30,18.6,70.44,13.100000000000001,5.9,0
2012,5,19,2,30,18,72.19,12.9,5.7,0
2012,5,19,3,30,17.3,75.14,12.9,5.6000000000000005,0
2012,5,19,4,30,16.7,78.22,12.9,5.6000000000000005,0
2012,5,19,5,30,16.400000000000002,79.86,12.9,5.5,0
2012,5,19,6,30,17.400000000000002,75.48,13,5.4,83
2012,5,19,7,30,20.200000000000003,64.12,13.200000000000001,5.4,283
2012,5,19,8,30,23.700000000000003,51.59,13.100000000000001,5.1000000000000005,501
2012,5,19,9,30,27.1,40.2,12.4,4.3,700
2012,5,19,10,30,30.1,30.05,10.700000000000001,3.5,864
2012,5,19,11,30,32.5,23.02,8.700000000000001,2.9000000000000004,976
2012,5,19,12,30,34.2,19.01,7.300000000000001,2.8000000000000003,982
2012,5,19,13,30,35.1,16.9,6.300000000000001,3,1009
2012,5,19,14,30,35.5,15.68,5.5,3.3000000000000003,931
2012,5,19,15,30,35.300000000000004,15.24,5,3.7,798
2012,5,19,16,30,34.5,15.69,4.800000000000001,4.1000000000000005,618
2012,5,19,17,30,32.4,18.79,5.7,4.4,405
2012,5,19,18,30,29.1,29.14,9.3,4.6000000000000005,185
2012,5,19,19,30,26.1,41.99,12.200000000000001,4.9,16
2012,5,19,20,30,24.200000000000003,52.660000000000004,13.9,4.800000000000001,0
2012,5,19,21,30,22.900000000000002,60.61,14.9,4.5,0
2012,5,19,22,30,21.700000000000003,66.47,15.200000000000001,4.3,0
2012,5,19,23,30,20.6,70.10000000000001,15,3.9000000000000004,0
2012,5,20,0,30,19.700000000000003,71.14,14.3,3.5,0
2012,5,20,1,30,18.8,71.96000000000001,13.600000000000001,3.4000000000000004,0
2012,5,20,2,30,18,73.5,13.200000000000001,3.5,0
2012,5,20,3,30,17.2,76.99,13.100000000000001,3.2,0
2012,5,20,4,30,16.400000000000002,82.52,13.4,2.7,0
2012,5,20,5,30,16.400000000000002,84.63,13.8,2.3000000000000003,0
2012,5,20,6,30,17.900000000000002,79.03,14.200000000000001,2.9000000000000004,86
2012,5,20,7,30,20.5,67.8,14.3,3.7,286
2012,5,20,8,30,23.3,56.07,14.100000000000001,4,502
2012,5,20,9,30,25.8,47.25,13.700000000000001,4.2,698
2012,5,20,10,30,27.900000000000002,40.74,13.3,4.6000000000000005,859
2012,5,20,11,30,29.400000000000002,36.49,13,4.9,966
2012,5,20,12,30,30.400000000000002,33.97,12.8,5.1000000000000005,1012
2012,5,20,13,30,31.1,32.13,12.5,5.1000000000000005,994
2012,5,20,14,30,31.3,31,12.200000000000001,5.1000000000000005,915
2012,5,20,15,30,31.200000000000003,30.14,11.600000000000001,5,785
2012,5,20,16,30,30.6,29.91,11,4.800000000000001,605
2012,5,20,17,30,29.400000000000002,30.68,10.4,4.4,396
2012,5,20,18,30,26.8,35.34,10.200000000000001,3.3000000000000003,182
2012,5,20,19,30,24.1,44.18,11.100000000000001,2.5,9
2012,5,20,20,30,22.5,48.93,11.200000000000001,2.5,0
2012,5,20,21,30,21.3,54.4,11.700000000000001,2.4000000000000004,0
2012,5,20,22,30,20.3,60.870000000000005,12.5,2.1,0
2012,5,20,23,30,19.5,66.8,13.200000000000001,1.9000000000000001,0
2012,5,21,0,30,18.7,72.78,13.700000000000001,1.7000000000000002,0
2012,5,21,1,30,18.1,77.83,14.200000000000001,1.6,0
2012,5,21,2,30,17.6,81.87,14.5,1.5,0
2012,5,21,3,30,17.2,84.71000000000001,14.600000000000001,1.6,0
2012,5,21,4,30,16.900000000000002,86.12,14.600000000000001,1.8,0
2012,5,21,5,30,17.2,83.69,14.4,2.4000000000000004,0
2012,5,21,6,30,18.900000000000002,74.64,14.3,3.4000000000000004,56
2012,5,21,7,30,21.6,63.47,14.4,4.2,249
2012,5,21,8,30,24.3,53.75,14.3,4.1000000000000005,497
2012,5,21,9,30,26.3,48.160000000000004,14.5,3.7,694
2012,5,21,10,30,27.8,44.69,14.700000000000001,3.6,855
2012,5,21,11,30,28.900000000000002,42.21,14.8,3.7,963
2012,5,21,12,30,29.700000000000003,40.28,14.8,3.9000000000000004,1009
2012,5,21,13,30,30.1,39.01,14.600000000000001,3.9000000000000004,994
2012,5,21,14,30,30.1,38.49,14.4,4,918
2012,5,21,15,30,30,37.84,14.100000000000001,4,782
2012,5,21,16,30,29.400000000000002,37.96,13.600000000000001,4,604
2012,5,21,17,30,28.5,39.050000000000004,13.200000000000001,3.8000000000000003,389
2012,5,21,18,30,26.5,43.43,13.100000000000001,2.9000000000000004,184
2012,5,21,19,30,24.200000000000003,51.93,13.700000000000001,2.1,18
2012,5,21,20,30,22.900000000000002,55.7,13.600000000000001,2.2,0
2012,5,21,21,30,21.900000000000002,59.06,13.5,2.2,0
2012,5,21,22,30,20.900000000000002,62.97,13.600000000000001,2.3000000000000003,0
2012,5,21,23,30,20,66.29,13.5,2.4000000000000004,0
2012,5,22,0,30,19,69.18,13.200000000000001,2.4000000000000004,0
2012,5,22,1,30,18.1,70.93,12.700000000000001,2.3000000000000003,0
2012,5,22,2,30,17.400000000000002,71.87,12.3,2.1,0
2012,5,22,3,30,16.8,73.24,12,1.9000000000000001,0
2012,5,22,4,30,16.400000000000002,75.01,12,1.8,0
2012,5,22,5,30,16.900000000000002,73.42,12.100000000000001,2.2,0
2012,5,22,6,30,18.6,67.24,12.4,2.9000000000000004,87
2012,5,22,7,30,21.8,56.68,12.8,3.9000000000000004,102
2012,5,22,8,30,25.200000000000003,45.35,12.5,4.9,502
2012,5,22,9,30,27.6,38.83,12.3,5,699
2012,5,22,10,30,29.6,33.95,12.100000000000001,4.800000000000001,282
2012,5,22,11,30,31.400000000000002,29.92,11.700000000000001,4.6000000000000005,839
2012,5,22,12,30,32.7,27.22,11.4,4.4,592
2012,5,22,13,30,33.6,25.55,11.200000000000001,4.4,999
2012,5,22,14,30,33.5,25.21,10.9,4.6000000000000005,919
2012,5,22,15,30,32.7,25.69,10.5,4.5,770
2012,5,22,16,30,31.8,26.900000000000002,10.4,4.1000000000000005,597
2012,5,22,17,30,30.6,29.580000000000002,10.8,3.6,393
2012,5,22,18,30,28,37.09,12,2.9000000000000004,182
2012,5,22,19,30,25.400000000000002,46.53,13.100000000000001,3,17
2012,5,22,20,30,24.1,50.27,13.100000000000001,3.9000000000000004,0
2012,5,22,21,30,23.1,53.84,13.200000000000001,4.3,0
2012,5,22,22,30,22.1,57.67,13.4,4.4,0
2012,5,22,23,30,21.3,61.39,13.600000000000001,4.6000000000000005,0
2012,5,23,0,30,20.700000000000003,64.34,13.700000000000001,4.9,0
2012,5,23,1,30,20.1,67.29,13.8,5.2,0
2012,5,23,2,30,19.6,69.51,13.9,5.4,0
2012,5,23,3,30,19.1,71.01,13.700000000000001,5.4,0
2012,5,23,4,30,18.6,72.88,13.600000000000001,5.300000000000001,0
2012,5,23,5,30,18.3,74.74,13.700000000000001,5.300000000000001,0
2012,5,23,6,30,19.1,72.29,14,5.1000000000000005,83
2012,5,23,7,30,21.900000000000002,61.230000000000004,14.100000000000001,5.1000000000000005,278
2012,5,23,8,30,25.8,44.15,12.700000000000001,4.9,498
2012,5,23,9,30,30,28.91,10,4.4,705
2012,5,23,10,30,34.300000000000004,16.34,5.2,4.3,874
2012,5,23,11,30,37.300000000000004,9.06,-0.8,4.5,992
2012,5,23,12,30,38.800000000000004,6.84,-3.5,4.7,1074
2012,5,23,13,30,39.5,6.28,-4.1000000000000005,5.300000000000001,1053
2012,5,23,14,30,39.5,6.66,-3.3000000000000003,6,966
2012,5,23,15,30,39.1,7.51,-2,6.300000000000001,818
2012,5,23,16,30,38.1,8.44,-1.2000000000000002,6.1000000000000005,632
2012,5,23,17,30,35.9,10.290000000000001,-0.1,4.7,418
2012,5,23,18,30,31.700000000000003,17.36,4,2.9000000000000004,198
2012,5,23,19,30,28,24.34,5.800000000000001,2.4000000000000004,21
2012,5,23,20,30,26.400000000000002,25.67,5.2,2.7,0
2012,5,23,21,30,25.5,27.19,5.2,3.3000000000000003,0
2012,5,23,22,30,24.6,30.47,6.1000000000000005,3.9000000000000004,0
2012,5,23,23,30,23.6,35.32,7.4,4.4,0
2012,5,24,0,30,22.400000000000002,39.800000000000004,8.1,4,0
2012,5,24,1,30,21.200000000000003,43.36,8.200000000000001,3.2,0
2012,5,24,2,30,20.400000000000002,45.39,8.200000000000001,2.8000000000000003,0
2012,5,24,3,30,20,45.31,7.800000000000001,2.8000000000000003,0
2012,5,24,4,30,19.5,45.28,7.300000000000001,2.8000000000000003,0
2012,5,24,5,30,19.6,43.300000000000004,6.800000000000001,3,0
2012,5,24,6,30,21.700000000000003,37.21,6.5,3.8000000000000003,98
2012,5,24,7,30,25.200000000000003,29.23,6,4.5,313
2012,5,24,8,30,29.200000000000003,21.47,4.9,5.300000000000001,539
2012,5,24,9,30,32.6,14.27,1.9000000000000001,5.800000000000001,744
2012,5,24,10,30,34.800000000000004,10.81,-0.2,5.7,910
2012,5,24,11,30,36.4,9,-1.5,5.5,1022
2012,5,24,12,30,37.6,8,-2.3000000000000003,5.300000000000001,1070
2012,5,24,13,30,38.300000000000004,7.46,-2.7,5.1000000000000005,1055
2012,5,24,14,30,38.6,7.19,-3,5,975
2012,5,24,15,30,38.300000000000004,7.16,-3.2,4.9,829
2012,5,24,16,30,37.4,7.44,-3.4000000000000004,4.7,642
2012,5,24,17,30,35.300000000000004,8.81,-2.6,3.3000000000000003,423
2012,5,24,18,30,31.3,18.93,4.9,1.9000000000000001,200
2012,5,24,19,30,27.6,27.14,7,1.6,21
2012,5,24,20,30,26,27.47,5.800000000000001,2.5,0
2012,5,24,21,30,25.3,28.400000000000002,5.7,4.2,0
2012,5,24,22,30,24.3,33.57,7.300000000000001,4.800000000000001,0
2012,5,24,23,30,23.200000000000003,43.62,10.100000000000001,4.5,0
2012,5,25,0,30,22.5,54.94,13,4.2,0
2012,5,25,1,30,21.8,64.3,14.8,4.1000000000000005,0
2012,5,25,2,30,21.200000000000003,70.31,15.600000000000001,4.1000000000000005,0
2012,5,25,3,30,20.8,74.19,16,4.2,0
2012,5,25,4,30,20.400000000000002,77.53,16.3,4.1000000000000005,0
2012,5,25,5,30,20.200000000000003,79.07000000000001,16.5,4.1000000000000005,0
2012,5,25,6,30,21.400000000000002,73.09,16.400000000000002,4.4,68
2012,5,25,7,30,24.6,58.050000000000004,15.8,4.5,281
2012,5,25,8,30,28.700000000000003,37.980000000000004,13,4.3,494
2012,5,25,9,30,32.2,23.89,9,4,685
2012,5,25,10,30,34.300000000000004,17.68,6.300000000000001,4.1000000000000005,837
2012,5,25,11,30,35.5,14.91,4.800000000000001,4.4,932
2012,5,25,12,30,36.1,13.620000000000001,4,4.7,974
2012,5,25,13,30,36.4,13.35,4,4.9,402
2012,5,25,14,30,36.1,13.77,4.2,5.300000000000001,482
2012,5,25,15,30,35.4,14.24,4.1000000000000005,5.4,759
2012,5,25,16,30,34.800000000000004,14.51,3.9000000000000004,5.4,594
2012,5,25,17,30,33.5,16.19,4.4,5,389
2012,5,25,18,30,30.5,22.19,6.5,4.2,180
2012,5,25,19,30,27.400000000000002,31.29,8.9,4.3,16
2012,5,25,20,30,25.5,38.97,10.5,4.9,0
2012,5,25,21,30,24.400000000000002,48.2,12.700000000000001,5.2,0
2012,5,25,22,30,23.8,58.160000000000004,15.100000000000001,5.4,0
2012,5,25,23,30,23.3,67.49,16.900000000000002,5.5,0
2012,5,26,0,30,22.900000000000002,74.62,18.2,5.7,0
2012,5,26,1,30,22.6,78.52,18.7,6,0
2012,5,26,2,30,22.1,82.57000000000001,19,5.9,0
2012,5,26,3,30,21.700000000000003,86.06,19.3,5.4,0
2012,5,26,4,30,21.400000000000002,88.68,19.5,4.9,0
2012,5,26,5,30,21.400000000000002,89.74,19.6,4.9,0
2012,5,26,6,30,22.400000000000002,85.38,19.8,5.6000000000000005,81
2012,5,26,7,30,24.3,75.04,19.6,6.4,274
2012,5,26,8,30,26.6,61.81,18.7,6.800000000000001,485
2012,5,26,9,30,28.5,52.51,17.8,6.9,682
2012,5,26,10,30,30.3,46.01,17.400000000000002,6.9,842
2012,5,26,11,30,31.900000000000002,40.910000000000004,17,7,953
2012,5,26,12,30,33.1,37.18,16.5,7.2,1005
2012,5,26,13,30,33.800000000000004,35.06,16.2,7.5,989
2012,5,26,14,30,33.9,33.94,15.8,7.7,910
2012,5,26,15,30,33.4,33.67,15.3,7.800000000000001,764
2012,5,26,16,30,32.4,34.230000000000004,14.600000000000001,7.9,584
2012,5,26,17,30,30.900000000000002,36.08,14.100000000000001,7.800000000000001,380
2012,5,26,18,30,29,39.72,13.9,7.300000000000001,86
2012,5,26,19,30,27.1,44.35,13.9,6.6000000000000005,14
2012,5,26,20,30,25.6,48.89,14.100000000000001,5.9,0
2012,5,26,21,30,24.400000000000002,53.300000000000004,14.3,5.6000000000000005,0
2012,5,26,22,30,23.6,56.730000000000004,14.5,5.6000000000000005,0
2012,5,26,23,30,22.8,60.32,14.700000000000001,5.7,0
2012,5,27,0,30,22.1,64.24,15,5.9,0
2012,5,27,1,30,21.1,72.05,15.9,6,0
2012,5,27,2,30,20.400000000000002,79.74,16.8,5.800000000000001,0
2012,5,27,3,30,20.1,84.64,17.400000000000002,5.6000000000000005,0
2012,5,27,4,30,20,87.46000000000001,17.900000000000002,5.5,0
2012,5,27,5,30,20.200000000000003,87.74,18.1,5.4,0
2012,5,27,6,30,21.200000000000003,83.33,18.3,6,36
2012,5,27,7,30,23.3,72.92,18.2,6.7,201
2012,5,27,8,30,25.700000000000003,61.97,17.900000000000002,6.7,474
2012,5,27,9,30,27.900000000000002,53.27,17.5,6.2,696
2012,5,27,10,30,30,45.39,16.900000000000002,5.800000000000001,856
2012,5,27,11,30,31.8,39.1,16.2,5.4,965
2012,5,27,12,30,33.2,35.01,15.700000000000001,5.2,1011
2012,5,27,13,30,34.1,32.56,15.3,5.1000000000000005,997
2012,5,27,14,30,34.7,30.810000000000002,15,5,922
2012,5,27,15,30,34.6,30.07,14.5,5,796
2012,5,27,16,30,33.9,30.62,14.200000000000001,5,619
2012,5,27,17,30,32.5,33.2,14.3,5,411
2012,5,27,18,30,30.3,39.04,14.8,4.800000000000001,197
2012,5,27,19,30,27.8,49,16.1,4.6000000000000005,24
2012,5,27,20,30,26.200000000000003,57.2,17.1,4.5,0
2012,5,27,21,30,25.1,63.74,17.7,4.3,0
2012,5,27,22,30,24.3,68.86,18.2,4.1000000000000005,0
2012,5,27,23,30,23.5,73.88,18.6,4,0
2012,5,28,0,30,22.900000000000002,77.76,18.8,3.8000000000000003,0
2012,5,28,1,30,22.3,81.06,18.900000000000002,3.8000000000000003,0
2012,5,28,2,30,21.900000000000002,83,18.900000000000002,3.9000000000000004,0
2012,5,28,3,30,21.400000000000002,84.96000000000001,18.8,3.9000000000000004,0
2012,5,28,4,30,20.900000000000002,87.14,18.7,3.8000000000000003,0
2012,5,28,5,30,20.8,87.88,18.7,3.7,0
2012,5,28,6,30,22.1,81.59,18.8,4,93
2012,5,28,7,30,24.5,70.86,18.900000000000002,4.2,292
2012,5,28,8,30,27.3,60.25,18.900000000000002,3.8000000000000003,506
2012,5,28,9,30,29.900000000000002,51.59,18.900000000000002,3.3000000000000003,702
2012,5,28,10,30,32.2,43.84,18.3,3.2,862
2012,5,28,11,30,33.9,37.99,17.6,3.6,969
2012,5,28,12,30,35.1,33.82,16.8,4.1000000000000005,1015
2012,5,28,13,30,35.9,30.900000000000002,16.1,4.6000000000000005,996
2012,5,28,14,30,36.2,29.38,15.600000000000001,5,914
2012,5,28,15,30,36,29.05,15.200000000000001,5.2,778
2012,5,28,16,30,35.1,29.93,14.9,5.1000000000000005,598
2012,5,28,17,30,33.9,31.35,14.600000000000001,4.7,395
2012,5,28,18,30,31.8,35.07,14.5,3.9000000000000004,190
2012,5,28,19,30,29.200000000000003,43.410000000000004,15.5,3.6,24
2012,5,28,20,30,27.5,50.03,16.2,4.2,0
2012,5,28,21,30,26.3,56.83,17.1,4.5,0
2012,5,28,22,30,25.3,63.910000000000004,18,4.4,0
2012,5,28,23,30,24.5,69.5,18.6,4,0
2012,5,29,0,30,23.8,73.97,18.900000000000002,3.5,0
2012,5,29,1,30,23.1,77.28,18.900000000000002,3.2,0
2012,5,29,2,30,22.3,80.05,18.7,2.8000000000000003,0
2012,5,29,3,30,21.5,82.81,18.5,2.4000000000000004,0
2012,5,29,4,30,20.700000000000003,85.97,18.3,2.1,0
2012,5,29,5,30,20.700000000000003,85.36,18.2,2.4000000000000004,0
2012,5,29,6,30,22.200000000000003,77.83,18.1,3.4000000000000004,100
2012,5,29,7,30,24.900000000000002,65.61,18,3.9000000000000004,308
2012,5,29,8,30,28,54.5,18,3.6,526
2012,5,29,9,30,31.200000000000003,44.09,17.5,3.3000000000000003,729
2012,5,29,10,30,33.9,33,15.4,3,891
2012,5,29,11,30,35.9,24.36,12.4,2.8000000000000003,1002
2012,5,29,12,30,37.2,19.09,9.8,2.7,1046
2012,5,29,13,30,38.1,15.83,7.800000000000001,2.7,1031
2012,5,29,14,30,38.5,13.86,6.1000000000000005,2.8000000000000003,955
2012,5,29,15,30,38.5,12.57,4.7,2.9000000000000004,824
2012,5,29,16,30,37.9,11.67,3.2,3,644
2012,5,29,17,30,36.2,11.5,1.7000000000000002,2.4000000000000004,434
2012,5,29,18,30,32.300000000000004,19.59,6.2,1.5,215
2012,5,29,19,30,28.3,29.61,8.9,1.4000000000000001,30
2012,5,29,20,30,26.200000000000003,29.22,6.9,1.6,0
2012,5,29,21,30,24.900000000000002,31.330000000000002,6.800000000000001,2.1,0
2012,5,29,22,30,24.200000000000003,37.63,8.8,3.1,0
2012,5,29,23,30,24,47.230000000000004,12.100000000000001,4.3,0
2012,5,30,0,30,23.700000000000003,56.550000000000004,14.600000000000001,4.6000000000000005,0
2012,5,30,1,30,23.200000000000003,64.38,16.1,4.1000000000000005,0
2012,5,30,2,30,22.6,70.59,17,3.5,0
2012,5,30,3,30,21.900000000000002,75.27,17.3,3.1,0
2012,5,30,4,30,21.200000000000003,78.99,17.400000000000002,3,0
2012,5,30,5,30,21.1,79.48,17.400000000000002,3.2,0
2012,5,30,6,30,22.700000000000003,71.89,17.400000000000002,4,102
2012,5,30,7,30,25.700000000000003,59.01,17.1,4.6000000000000005,312
2012,5,30,8,30,29.200000000000003,46.26,16.5,4.800000000000001,536
2012,5,30,9,30,32.6,34.300000000000004,14.8,4.800000000000001,741
2012,5,30,10,30,35.6,21.85,10.5,4.6000000000000005,908
2012,5,30,11,30,37.7,13.01,4.6000000000000005,4.7,1024
2012,5,30,12,30,38.900000000000006,8.68,-0.2,4.800000000000001,1072
2012,5,30,13,30,39.400000000000006,6.43,-3.9000000000000004,5.1000000000000005,1060
2012,5,30,14,30,39.6,5.39,-6.1000000000000005,5.4,985
2012,5,30,15,30,39.300000000000004,4.98,-7.300000000000001,5.4,851
2012,5,30,16,30,38.5,4.91,-8,5.1000000000000005,664
2012,5,30,17,30,36.300000000000004,5.58,-7.9,3.7,448
2012,5,30,18,30,31.700000000000003,12.33,-0.8,2.2,219
2012,5,30,19,30,27.400000000000002,20.66,2.9000000000000004,1.9000000000000001,30
2012,5,30,20,30,25.400000000000002,22.400000000000002,2.4000000000000004,2,0
2012,5,30,21,30,24.200000000000003,24.810000000000002,2.8000000000000003,2,0
2012,5,30,22,30,23,28.44,3.7,1.9000000000000001,0
2012,5,30,23,30,21.5,34.300000000000004,5.1000000000000005,1.9000000000000001,0
2012,5,31,0,30,19.900000000000002,43.74,7.2,1.9000000000000001,0
2012,5,31,1,30,18.8,52.74,8.9,2.3000000000000003,0
2012,5,31,2,30,18.2,60.35,10.4,3,0
2012,5,31,3,30,17.7,68.67,11.9,3.1,0
2012,5,31,4,30,17,75.16,12.600000000000001,2.5,0
2012,5,31,5,30,17.2,71.71000000000001,12,1.8,0
2012,5,31,6,30,19.200000000000003,59.76,11.200000000000001,1.5,104
2012,5,31,7,30,22.5,47.96,10.9,2,314
2012,5,31,8,30,26,40.410000000000004,11.5,3.5,531
2012,5,31,9,30,28.900000000000002,36.34,12.5,5.300000000000001,724
2012,5,31,10,30,30.900000000000002,34.4,13.4,6.5,671
2012,5,31,11,30,32.1,33.67,14.100000000000001,7,977
2012,5,31,12,30,32.7,32.97,14.3,6.9,712
2012,5,31,13,30,32.7,32.44,14.100000000000001,6.5,997
2012,5,31,14,30,32.300000000000004,32.84,13.9,6.1000000000000005,915
2012,5,31,15,30,31.5,34.05,13.8,5.6000000000000005,776
2012,5,31,16,30,30.5,35.57,13.600000000000001,5.1000000000000005,597
2012,5,31,17,30,29.3,37.95,13.5,4.6000000000000005,391
2012,5,31,18,30,27.900000000000002,41.39,13.600000000000001,4.1000000000000005,185
2012,5,31,19,30,26.200000000000003,46.81,13.9,3.7,23
2012,5,31,20,30,24.700000000000003,52.370000000000005,14.3,3.7,0
2012,5,31,21,30,23.6,57.07,14.600000000000001,3.8000000000000003,0
2012,5,31,22,30,22.6,62.02,15,3.7,0
2012,5,31,23,30,21.8,66.69,15.3,3.6,0
2012,6,1,0,30,21,71.62,15.700000000000001,3.4000000000000004,0
2012,6,1,1,30,20.3,75.97,15.9,3.3000000000000003,0
2012,6,1,2,30,19.6,79.42,15.9,3.3000000000000003,0
2012,6,1,3,30,19,81.03,15.700000000000001,3.2,0
2012,6,1,4,30,18.5,81.04,15.200000000000001,3.1,0
2012,6,1,5,30,18.5,78.37,14.700000000000001,3.3000000000000003,0
2012,6,1,6,30,19.900000000000002,69.65,14.200000000000001,4.4,92
2012,6,1,7,30,22.400000000000002,58.620000000000005,13.9,5.4,289
2012,6,1,8,30,25,52.51,14.600000000000001,5.7,501
2012,6,1,9,30,27.200000000000003,47.83,15.200000000000001,5.4,697
2012,6,1,10,30,29.1,43.75,15.5,5.2,854
2012,6,1,11,30,30.700000000000003,40.08,15.600000000000001,5.1000000000000005,963
2012,6,1,12,30,31.900000000000002,37.32,15.5,5.1000000000000005,1017
2012,6,1,13,30,32.7,35.050000000000004,15.3,5.2,1004
2012,6,1,14,30,33.1,33.32,14.8,5.2,929
2012,6,1,15,30,33.1,32.18,14.3,5.1000000000000005,797
2012,6,1,16,30,32.6,31.830000000000002,13.700000000000001,4.9,620
2012,6,1,17,30,31.6,32.43,13.100000000000001,4.6000000000000005,413
2012,6,1,18,30,29.700000000000003,35.730000000000004,12.9,3.8000000000000003,201
2012,6,1,19,30,27.400000000000002,42.300000000000004,13.5,3.5,29
2012,6,1,20,30,25.8,47.46,13.8,4.1000000000000005,0
2012,6,1,21,30,24.6,52.08,14.100000000000001,4.4,0
2012,6,1,22,30,23.3,57.18,14.4,4.5,0
2012,6,1,23,30,22.3,61.1,14.4,4.4,0
2012,6,2,0,30,21.5,64.77,14.600000000000001,4.2,0
2012,6,2,1,30,20.8,68.82000000000001,14.9,4.1000000000000005,0
2012,6,2,2,30,20.400000000000002,71.78,15.100000000000001,4,0
2012,6,2,3,30,20,74.34,15.3,3.8000000000000003,0
2012,6,2,4,30,19.700000000000003,76.14,15.4,3.4000000000000004,0
2012,6,2,5,30,19.8,76.14,15.5,3.4000000000000004,0
2012,6,2,6,30,21.6,68.88,15.600000000000001,3.7,61
2012,6,2,7,30,24.8,57.08,15.700000000000001,4.5,184
2012,6,2,8,30,28.3,46,15.600000000000001,4.800000000000001,504
2012,6,2,9,30,31,38.44,15.200000000000001,4.4,532
2012,6,2,10,30,33.1,32.480000000000004,14.4,3.9000000000000004,810
2012,6,2,11,30,34.7,27.84,13.4,3.9000000000000004,976
2012,6,2,12,30,35.9,24.490000000000002,12.5,4.1000000000000005,1020
2012,6,2,13,30,36.6,22.490000000000002,11.8,4.4,1006
2012,6,2,14,30,36.800000000000004,21.61,11.3,4.7,928
2012,6,2,15,30,36.5,21.77,11.200000000000001,5,785
2012,6,2,16,30,35.6,22.92,11.200000000000001,5.1000000000000005,609
2012,6,2,17,30,34.300000000000004,25.07,11.5,5,403
2012,6,2,18,30,32,29.7,12.100000000000001,4.4,194
2012,6,2,19,30,29.6,36.660000000000004,13.200000000000001,3.9000000000000004,25
2012,6,2,20,30,27.8,42.84,14,4.3,0
2012,6,2,21,30,26.5,47.97,14.600000000000001,4.6000000000000005,0
2012,6,2,22,30,25.400000000000002,52.45,15,4.7,0
2012,6,2,23,30,24.400000000000002,56.14,15.100000000000001,4.6000000000000005,0
2012,6,3,0,30,23.6,58.63,15,4.5,0
2012,6,3,1,30,22.8,60.44,14.700000000000001,4.2,0
2012,6,3,2,30,22.200000000000003,61.33,14.4,3.9000000000000004,0
2012,6,3,3,30,21.700000000000003,62.4,14.200000000000001,3.7,0
2012,6,3,4,30,21.3,64,14.200000000000001,3.7,0
2012,6,3,5,30,21.400000000000002,64.42,14.4,4,0
2012,6,3,6,30,22.8,60.2,14.700000000000001,4.7,91
2012,6,3,7,30,25.700000000000003,51.09,14.8,5.800000000000001,284
2012,6,3,8,30,29,41,14.4,6.6000000000000005,496
2012,6,3,9,30,31.700000000000003,32.89,13.4,6.800000000000001,608
2012,6,3,10,30,33.7,28.55,13,6.7,853
2012,6,3,11,30,35.1,26.51,13,6.7,962
2012,6,3,12,30,36,25.45,13.200000000000001,6.7,1005
2012,6,3,13,30,36.5,24.84,13.200000000000001,6.6000000000000005,990
2012,6,3,14,30,36.5,24.63,13.100000000000001,6.6000000000000005,910
2012,6,3,15,30,36,25.22,13,6.5,778
2012,6,3,16,30,34.800000000000004,26.830000000000002,13,6.300000000000001,601
2012,6,3,17,30,33,30.060000000000002,13.200000000000001,6.1000000000000005,398
2012,6,3,18,30,30.6,35.6,13.700000000000001,5.5,191
2012,6,3,19,30,28.1,43.35,14.5,4.800000000000001,25
2012,6,3,20,30,26.200000000000003,50.89,15.200000000000001,4.5,0
2012,6,3,21,30,24.900000000000002,56.730000000000004,15.700000000000001,4.4,0
2012,6,3,22,30,23.900000000000002,61.17,16,4.2,0
2012,6,3,23,30,23.200000000000003,63.81,16,3.9000000000000004,0
2012,6,4,0,30,22.6,65.91,15.9,3.7,0
2012,6,4,1,30,22,68.23,15.9,3.5,0
2012,6,4,2,30,21.5,70.57000000000001,15.9,3.3000000000000003,0
2012,6,4,3,30,21,73.18,16,3.1,0
2012,6,4,4,30,20.5,76.09,16.1,3,0
2012,6,4,5,30,20.6,76.53,16.3,3.3000000000000003,0
2012,6,4,6,30,22,71.22,16.5,4,88
2012,6,4,7,30,24.700000000000003,61.28,16.7,4.4,280
2012,6,4,8,30,28,50.300000000000004,16.7,4,491
2012,6,4,9,30,31.400000000000002,39.81,16.1,3.1,684
2012,6,4,10,30,34.300000000000004,30.72,14.600000000000001,2.6,844
2012,6,4,11,30,36.1,25.490000000000002,13.3,2.9000000000000004,953
2012,6,4,12,30,37.2,22.75,12.4,3.4000000000000004,998
2012,6,4,13,30,37.7,21.07,11.700000000000001,3.7,984
2012,6,4,14,30,37.800000000000004,20.06,11,4,907
2012,6,4,15,30,37.5,19.77,10.600000000000001,4.2,778
2012,6,4,16,30,36.6,20.42,10.3,4.4,602
2012,6,4,17,30,34.800000000000004,22.78,10.5,4.4,398
2012,6,4,18,30,32,30.1,12.3,4.3,191
2012,6,4,19,30,29.1,40.01,14.100000000000001,4.5,25
2012,6,4,20,30,27.3,47.33,15.100000000000001,4.6000000000000005,0
2012,6,4,21,30,26,53.75,15.9,4.2,0
2012,6,4,22,30,25,59.18,16.5,3.5,0
2012,6,4,23,30,24,64.57000000000001,16.900000000000002,2.9000000000000004,0
2012,6,5,0,30,23.200000000000003,69.38,17.3,2.3000000000000003,0
2012,6,5,1,30,22.5,74.01,17.6,1.9000000000000001,0
2012,6,5,2,30,21.8,78.74,17.900000000000002,1.5,0
2012,6,5,3,30,21.3,82.38,18.2,1.2000000000000002,0
2012,6,5,4,30,20.8,85.38,18.3,1.1,0
2012,6,5,5,30,21,84.64,18.3,1.5,0
2012,6,5,6,30,22.3,78.9,18.5,2.4000000000000004,70
2012,6,5,7,30,24.5,69.26,18.5,3.1,280
2012,6,5,8,30,26.6,59.22,18,3.1,488
2012,6,5,9,30,28.200000000000003,51.35,17.2,2.5,680
2012,6,5,10,30,29.6,45.35,16.5,1.9000000000000001,815
2012,6,5,11,30,30.400000000000002,41.92,16,2.1,942
2012,6,5,12,30,30.900000000000002,39.88,15.700000000000001,2.5,980
2012,6,5,13,30,31.1,38.96,15.5,2.8000000000000003,896
2012,6,5,14,30,31.1,38.69,15.4,3,893
2012,6,5,15,30,31.1,38.24,15.200000000000001,3.1,782
2012,6,5,16,30,30.700000000000003,38.49,15,3.2,609
2012,6,5,17,30,30,39.81,14.9,3.3000000000000003,407
2012,6,5,18,30,28.3,44.9,15.200000000000001,3.1,201
2012,6,5,19,30,26.5,53.230000000000004,16.2,3.3000000000000003,23
2012,6,5,20,30,25.3,58.83,16.7,3.8000000000000003,0
2012,6,5,21,30,24.5,63.36,17.1,3.8000000000000003,0
2012,6,5,22,30,23.900000000000002,67.35,17.5,3.5,0
2012,6,5,23,30,23.400000000000002,70.3,17.7,3.2,0
2012,6,6,0,30,22.900000000000002,72.72,17.7,2.8000000000000003,0
2012,6,6,1,30,22.400000000000002,75.07000000000001,17.8,2.5,0
2012,6,6,2,30,21.900000000000002,77.15,17.7,2.3000000000000003,0
2012,6,6,3,30,21.3,79.18,17.5,2,0
2012,6,6,4,30,20.900000000000002,79.47,17.2,1.7000000000000002,0
2012,6,6,5,30,21.1,76.84,16.900000000000002,2,0
2012,6,6,6,30,22.5,69.45,16.6,2.8000000000000003,93
2012,6,6,7,30,25,58.870000000000005,16.400000000000002,4,286
2012,6,6,8,30,27.8,46.06,15.100000000000001,5.300000000000001,496
2012,6,6,9,30,29.900000000000002,38.65,14.3,5.6000000000000005,689
2012,6,6,10,30,31.6,33.83,13.8,5.2,848
2012,6,6,11,30,33,30.5,13.4,4.800000000000001,957
2012,6,6,12,30,33.9,28.52,13.100000000000001,4.5,1003
2012,6,6,13,30,34.1,27.89,13,4.4,991
2012,6,6,14,30,33.9,28.05,12.9,4.5,915
2012,6,6,15,30,33.5,28.44,12.700000000000001,4.6000000000000005,785
2012,6,6,16,30,32.9,29.1,12.600000000000001,4.6000000000000005,597
2012,6,6,17,30,31.700000000000003,31.330000000000002,12.700000000000001,4.5,409
2012,6,6,18,30,29.900000000000002,36.730000000000004,13.5,4.2,202
2012,6,6,19,30,28,44.44,14.8,4.1000000000000005,32
2012,6,6,20,30,26.700000000000003,50.76,15.700000000000001,4.2,0
2012,6,6,21,30,25.700000000000003,56.26,16.3,4.2,0
2012,6,6,22,30,24.700000000000003,61.4,16.8,4.1000000000000005,0
2012,6,6,23,30,23.700000000000003,65.29,16.8,3.9000000000000004,0
2012,6,7,0,30,22.8,67.54,16.5,3.5,0
2012,6,7,1,30,22,69.13,16.1,2.9000000000000004,0
2012,6,7,2,30,21.3,71.05,15.8,2.5,0
2012,6,7,3,30,20.700000000000003,73.11,15.700000000000001,2.1,0
2012,6,7,4,30,20,76.26,15.700000000000001,1.7000000000000002,0
2012,6,7,5,30,20.1,76.78,15.9,2,0
2012,6,7,6,30,21.8,71.24,16.400000000000002,3.1,99
2012,6,7,7,30,24.5,63.54,17.1,4.2,299
2012,6,7,8,30,27.1,54.46,17.1,4.9,511
2012,6,7,9,30,28.900000000000002,47.980000000000004,16.8,5.1000000000000005,704
2012,6,7,10,30,30.3,43.94,16.7,5.1000000000000005,694
2012,6,7,11,30,31.1,41.59,16.5,5,871
2012,6,7,12,30,31.3,40.550000000000004,16.3,4.9,842
2012,6,7,13,30,31.200000000000003,40.33,16.1,4.7,950
2012,6,7,14,30,31.1,40.32,16,4.6000000000000005,773
2012,6,7,15,30,30.900000000000002,40.46,15.9,4.4,754
2012,6,7,16,30,30.400000000000002,41.08,15.700000000000001,4.2,582
2012,6,7,17,30,29.6,42.67,15.600000000000001,4,387
2012,6,7,18,30,28.200000000000003,46.36,15.600000000000001,3.7,191
2012,6,7,19,30,26.400000000000002,52.82,16,3.7,31
2012,6,7,20,30,24.700000000000003,60.38,16.5,4.3,0
2012,6,7,21,30,23.1,69.35000000000001,17.2,4.9,0
2012,6,7,22,30,21.700000000000003,78.75,17.8,5,0
2012,6,7,23,30,20.700000000000003,85.8,18.2,4.800000000000001,0
2012,6,8,0,30,20.1,89.35000000000001,18.3,4.5,0
2012,6,8,1,30,19.700000000000003,90.81,18.2,4,0
2012,6,8,2,30,19.400000000000002,91.25,17.900000000000002,3.7,0
2012,6,8,3,30,19,91.82000000000001,17.6,3.4000000000000004,0
2012,6,8,4,30,18.7,92.33,17.400000000000002,3.2,0
2012,6,8,5,30,18.8,90.78,17.3,3.1,0
2012,6,8,6,30,19.8,84.4,17.1,3.2,90
2012,6,8,7,30,21.8,73.59,16.900000000000002,3.1,281
2012,6,8,8,30,24.1,63.480000000000004,16.7,3,488
2012,6,8,9,30,26.200000000000003,55.97,16.7,3,363
2012,6,8,10,30,28.1,50.050000000000004,16.7,3,395
2012,6,8,11,30,29.8,45.300000000000004,16.7,3.1,874
2012,6,8,12,30,31,42.15,16.6,3.2,1003
2012,6,8,13,30,31.8,39.87,16.5,3.3000000000000003,992
2012,6,8,14,30,32.2,38.410000000000004,16.3,3.5,920
2012,6,8,15,30,32.300000000000004,37.480000000000004,16,3.8000000000000003,795
2012,6,8,16,30,31.8,37.72,15.600000000000001,4,622
2012,6,8,17,30,30.700000000000003,39.57,15.4,4.1000000000000005,420
2012,6,8,18,30,29,43.28,15.3,3.8000000000000003,209
2012,6,8,19,30,26.900000000000002,49.21,15.4,3.5,35
2012,6,8,20,30,25.400000000000002,53.45,15.3,3.9000000000000004,0
2012,6,8,21,30,24.3,56.58,15.100000000000001,4.2,0
2012,6,8,22,30,23.200000000000003,60.25,15.100000000000001,4.1000000000000005,0
2012,6,8,23,30,22.200000000000003,63.870000000000005,15,4.1000000000000005,0
2012,6,9,0,30,21.5,66.68,15,4,0
2012,6,9,1,30,20.8,70,15.100000000000001,3.6,0
2012,6,9,2,30,20.3,72.99,15.3,3.2,0
2012,6,9,3,30,19.8,76.35000000000001,15.5,3,0
2012,6,9,4,30,19.5,79.33,15.8,3.2,0
2012,6,9,5,30,19.700000000000003,80.58,16.3,3.8000000000000003,0
2012,6,9,6,30,21.3,75.85000000000001,16.900000000000002,5,94
2012,6,9,7,30,24,67.94,17.7,5.6000000000000005,290
2012,6,9,8,30,26.900000000000002,57.410000000000004,17.8,5.2,505
2012,6,9,9,30,29.6,47.82,17.400000000000002,4.7,703
2012,6,9,10,30,32.300000000000004,39.11,16.6,4.1000000000000005,867
2012,6,9,11,30,34.800000000000004,31.19,15.3,3.3000000000000003,980
2012,6,9,12,30,36.800000000000004,24.69,13.4,2.8000000000000003,1028
2012,6,9,13,30,38.300000000000004,19.69,11.200000000000001,2.5,1018
2012,6,9,14,30,39.1,16.26,9,2.5,945
2012,6,9,15,30,39.400000000000006,13.83,6.800000000000001,2.8000000000000003,798
2012,6,9,16,30,39,12.450000000000001,5,3.2,622
2012,6,9,17,30,37.1,13.11,4.2,3.2,416
2012,6,9,18,30,33.5,21.34,8.4,3.3000000000000003,204
2012,6,9,19,30,30.200000000000003,30.94,11.200000000000001,4.2,32
2012,6,9,20,30,28.5,37.9,12.8,5.2,0
2012,6,9,21,30,27.5,44.03,14.200000000000001,5.7,0
2012,6,9,22,30,26.6,49.65,15.200000000000001,5.7,0
2012,6,9,23,30,25.8,54.13,15.8,5.7,0
2012,6,10,0,30,25,58.230000000000004,16.2,5.7,0
2012,6,10,1,30,24.200000000000003,62.050000000000004,16.5,5.5,0
2012,6,10,2,30,23.6,64.84,16.6,5.4,0
2012,6,10,3,30,23.1,67.07000000000001,16.7,5.300000000000001,0
2012,6,10,4,30,22.400000000000002,70.27,16.7,5.1000000000000005,0
2012,6,10,5,30,22.1,71.83,16.8,4.9,0
2012,6,10,6,30,23.400000000000002,65.8,16.6,4.800000000000001,99
2012,6,10,7,30,26.3,51.49,15.5,4.6000000000000005,303
2012,6,10,8,30,30,32.230000000000004,11.600000000000001,4,520
2012,6,10,9,30,33.9,19.25,7.2,3.7,723
2012,6,10,10,30,37.4,10.49,1.3,3.7,881
2012,6,10,11,30,39.6,6.91,-2.8000000000000003,3.5,990
2012,6,10,12,30,40.7,6.1000000000000005,-3.6,3.5,1035
2012,6,10,13,30,41.2,5.96,-3.6,3.9000000000000004,1020
2012,6,10,14,30,41.400000000000006,5.99,-3.4000000000000004,4.5,942
2012,6,10,15,30,41,6.33,-2.9000000000000004,4.9,826
2012,6,10,16,30,40.1,6.87,-2.5,5.1000000000000005,645
2012,6,10,17,30,38.2,7.91,-2,4.5,437
2012,6,10,18,30,34.4,11.85,0.7000000000000001,3.1,219
2012,6,10,19,30,30.5,18.23,3.7,2.3000000000000003,38
2012,6,10,20,30,28.5,20.080000000000002,3.4000000000000004,2.1,0
2012,6,10,21,30,27.3,21.29,3.3000000000000003,1.9000000000000001,0
2012,6,10,22,30,26.3,22.490000000000002,3.2,1.8,0
2012,6,10,23,30,25.200000000000003,24.1,3.3000000000000003,1.7000000000000002,0
2012,6,11,0,30,24,26.07,3.3000000000000003,1.8,0
2012,6,11,1,30,23,28.93,4,2.1,0
2012,6,11,2,30,22.3,34.82,6,2.4000000000000004,0
2012,6,11,3,30,21.900000000000002,41.660000000000004,8.3,2.6,0
2012,6,11,4,30,21.5,48.01,10,2.5,0
2012,6,11,5,30,22,49.64,11,2.5,0
2012,6,11,6,30,24.1,45.33,11.5,2.8000000000000003,74
2012,6,11,7,30,27.400000000000002,36.56,11.200000000000001,3.1,301
2012,6,11,8,30,31.3,26.62,9.9,3,517
2012,6,11,9,30,35.300000000000004,16.93,6.5,2.7,715
2012,6,11,10,30,38.5,9.52,0.8,2.2,876
2012,6,11,11,30,40.2,7.44,-1.3,1.7000000000000002,984
2012,6,11,12,30,41,7.32,-1,1.5,988
2012,6,11,13,30,41.300000000000004,7.87,0.30000000000000004,1.8,832
2012,6,11,14,30,41.1,8.69,1.5,2.3000000000000003,934
2012,6,11,15,30,40.1,9.790000000000001,2.4000000000000004,2.6,794
2012,6,11,16,30,38.800000000000004,10.91,2.9000000000000004,2.5,611
2012,6,11,17,30,36.9,13.620000000000001,4.6000000000000005,1.9000000000000001,411
2012,6,11,18,30,33.9,23.11,9.9,1.3,202
2012,6,11,19,30,31.1,30.28,11.600000000000001,1.1,28
2012,6,11,20,30,29.6,32.17,11.200000000000001,1.4000000000000001,0
2012,6,11,21,30,28.700000000000003,33.75,11.200000000000001,2,0
2012,6,11,22,30,27.6,36.61,11.4,2.5,0
2012,6,11,23,30,26.3,41.71,12.3,2.4000000000000004,0
2012,6,12,0,30,25,48.58,13.4,1.9000000000000001,0
2012,6,12,1,30,23.700000000000003,55.31,14.200000000000001,1.3,0
2012,6,12,2,30,22.6,60.81,14.700000000000001,0.9,0
2012,6,12,3,30,21.8,65.71000000000001,15.100000000000001,0.8,0
2012,6,12,4,30,21.200000000000003,71.22,15.8,1,0
2012,6,12,5,30,21.400000000000002,74.8,16.7,1.6,0
2012,6,12,6,30,22.900000000000002,72.71000000000001,17.7,2.5,68
2012,6,12,7,30,25.1,63.95,17.8,3.4000000000000004,279
2012,6,12,8,30,27.400000000000002,57.660000000000004,18.3,4.2,284
2012,6,12,9,30,29.400000000000002,51.870000000000005,18.5,4.6000000000000005,671
2012,6,12,10,30,31.200000000000003,45.730000000000004,18.1,4.800000000000001,774
2012,6,12,11,30,32.6,41.11,17.7,4.9,933
2012,6,12,12,30,33.7,37.61,17.3,5,947
2012,6,12,13,30,34.4,35.25,16.8,5,957
2012,6,12,14,30,34.800000000000004,33.37,16.3,5,884
2012,6,12,15,30,34.800000000000004,32.08,15.700000000000001,5.2,768
2012,6,12,16,30,34.300000000000004,31.12,14.8,5.6000000000000005,561
2012,6,12,17,30,33.300000000000004,31.14,14,6.4,403
2012,6,12,18,30,31.400000000000002,34.14,13.700000000000001,6.300000000000001,206
2012,6,12,19,30,29.400000000000002,40.31,14.5,5.6000000000000005,23
2012,6,12,20,30,28,45.82,15.200000000000001,5.5,0
2012,6,12,21,30,27.1,49.01,15.5,5.1000000000000005,0
2012,6,12,22,30,26.3,51.32,15.5,5.1000000000000005,0
2012,6,12,23,30,25.6,52.57,15.200000000000001,5.4,0
2012,6,13,0,30,24.700000000000003,54.480000000000004,14.9,5.1000000000000005,0
2012,6,13,1,30,23.6,58.25,14.9,4.3,0
2012,6,13,2,30,22.5,63.690000000000005,15.3,3.6,0
2012,6,13,3,30,21.700000000000003,69.26,15.8,3.3000000000000003,0
2012,6,13,4,30,21.1,75.18,16.5,3.3000000000000003,0
2012,6,13,5,30,20.900000000000002,80.18,17.400000000000002,3.6,0
2012,6,13,6,30,22.1,79.44,18.400000000000002,4.6000000000000005,89
2012,6,13,7,30,24.3,74.95,19.6,5.4,107
2012,6,13,8,30,26.5,66.47,19.700000000000003,5.6000000000000005,429
2012,6,13,9,30,28.5,57.52,19.3,5.4,618
2012,6,13,10,30,30.200000000000003,50.4,18.8,5,834
2012,6,13,11,30,31.8,44.57,18.3,4.800000000000001,938
2012,6,13,12,30,33.300000000000004,39.68,17.7,4.7,945
2012,6,13,13,30,34.2,36.56,17.2,4.800000000000001,960
2012,6,13,14,30,34.5,34.74,16.7,5,873
2012,6,13,15,30,34.6,33.39,16.2,5.2,632
2012,6,13,16,30,34.300000000000004,32.96,15.700000000000001,5.4,482
2012,6,13,17,30,32.800000000000004,35.32,15.5,5.1000000000000005,247
2012,6,13,18,30,30.5,41.9,16.1,4.3,70
2012,6,13,19,30,28.400000000000002,49.17,16.7,4,15
2012,6,13,20,30,27,54.71,17.1,4.3,0
2012,6,13,21,30,26.1,58.24,17.3,4.2,0
2012,6,13,22,30,25.400000000000002,59.59,17,3.5,0
2012,6,13,23,30,24.8,60.25,16.6,2.8000000000000003,0
2012,6,14,0,30,24,62.01,16.3,2.1,0
2012,6,14,1,30,23.3,63.730000000000004,16,1.8,0
2012,6,14,2,30,23,63.65,15.700000000000001,2.1,0
2012,6,14,3,30,22.900000000000002,62.51,15.4,2.8000000000000003,0
2012,6,14,4,30,22.8,61.67,15.100000000000001,3.5,0
2012,6,14,5,30,23,60.910000000000004,15.100000000000001,4.1000000000000005,0
2012,6,14,6,30,23.900000000000002,59.81,15.600000000000001,5.1000000000000005,70
2012,6,14,7,30,25.900000000000002,56.96,16.7,6.300000000000001,288
2012,6,14,8,30,28.700000000000003,49.76,17.2,6.800000000000001,496
2012,6,14,9,30,31.3,41.38,16.6,6.6000000000000005,689
2012,6,14,10,30,33.6,34.77,15.9,6.2,845
2012,6,14,11,30,35.4,30.37,15.4,5.800000000000001,953
2012,6,14,12,30,36.800000000000004,27.11,14.8,5.300000000000001,1004
2012,6,14,13,30,37.800000000000004,24.67,14.200000000000001,4.9,992
2012,6,14,14,30,38.2,23.21,13.600000000000001,4.800000000000001,916
2012,6,14,15,30,38,22.830000000000002,13.200000000000001,5,793
2012,6,14,16,30,37.1,23.89,13.100000000000001,5.5,619
2012,6,14,17,30,35.6,26.51,13.4,5.800000000000001,405
2012,6,14,18,30,33.4,31.14,14,5.5,139
2012,6,14,19,30,30.900000000000002,37.36,14.700000000000001,5,25
2012,6,14,20,30,28.900000000000002,42.660000000000004,14.9,4.5,0
2012,6,14,21,30,27.400000000000002,45.78,14.700000000000001,4.1000000000000005,0
2012,6,14,22,30,26.1,48.43,14.4,3.7,0
2012,6,14,23,30,25,51.46,14.3,3.6,0
2012,6,15,0,30,24.200000000000003,54.17,14.4,3.5,0
2012,6,15,1,30,23.5,56.4,14.3,3.5,0
2012,6,15,2,30,23,57.57,14.200000000000001,3.4000000000000004,0
2012,6,15,3,30,22.5,58.61,14,3.5,0
2012,6,15,4,30,22,60.17,13.9,3.7,0
2012,6,15,5,30,21.900000000000002,61.09,14.100000000000001,4.1000000000000005,0
2012,6,15,6,30,23.200000000000003,57.95,14.5,5,94
2012,6,15,7,30,25.900000000000002,51.19,15,5.7,289
2012,6,15,8,30,28.8,44.33,15.5,5.7,499
2012,6,15,9,30,31,38.74,15.3,5.6000000000000005,604
2012,6,15,10,30,32.7,34.980000000000004,15.200000000000001,5.5,792
2012,6,15,11,30,33.7,33.24,15.3,5.5,955
2012,6,15,12,30,34.2,32.660000000000004,15.5,5.7,1004
2012,6,15,13,30,34.1,33.32,15.700000000000001,5.800000000000001,990
2012,6,15,14,30,33.800000000000004,34.39,15.9,5.9,916
2012,6,15,15,30,33.6,34.800000000000004,15.9,5.800000000000001,790
2012,6,15,16,30,33.2,34.9,15.600000000000001,5.5,617
2012,6,15,17,30,32.4,35.74,15.3,5,298
2012,6,15,18,30,30.900000000000002,38.18,15,4.2,147
2012,6,15,19,30,29,42.410000000000004,14.9,3.2,35
2012,6,15,20,30,27.6,44.63,14.5,3,0
2012,6,15,21,30,26.8,44.39,13.700000000000001,3.3000000000000003,0
2012,6,15,22,30,25.900000000000002,45.36,13.200000000000001,3.5,0
2012,6,15,23,30,25.200000000000003,47.15,13.100000000000001,3.4000000000000004,0
2012,6,16,0,30,24.3,50.11,13.200000000000001,3,0
2012,6,16,1,30,23.5,53.42,13.5,2.9000000000000004,0
2012,6,16,2,30,23,55.9,13.700000000000001,3.1,0
2012,6,16,3,30,22.5,58.89,14.100000000000001,3.1,0
2012,6,16,4,30,21.900000000000002,62.83,14.5,3.1,0
2012,6,16,5,30,21.900000000000002,65.14,15.100000000000001,3.6,0
2012,6,16,6,30,23,63.79,15.8,4.7,95
2012,6,16,7,30,25,59.97,16.7,5.2,289
2012,6,16,8,30,27.1,53.82,16.900000000000002,5,497
2012,6,16,9,30,28.900000000000002,46.88,16.400000000000002,4.9,692
2012,6,16,10,30,30.900000000000002,39.61,15.600000000000001,4.7,852
2012,6,16,11,30,32.9,33.06,14.5,4.6000000000000005,964
2012,6,16,12,30,34.4,28.07,13.3,4.5,1019
2012,6,16,13,30,35.4,24.53,12.100000000000001,4.4,1008
2012,6,16,14,30,35.9,22.240000000000002,11,4.3,935
2012,6,16,15,30,35.800000000000004,21.240000000000002,10.3,4.2,797
2012,6,16,16,30,35.1,21.32,9.700000000000001,4.2,621
2012,6,16,17,30,34,22.29,9.5,3.9000000000000004,418
2012,6,16,18,30,31.700000000000003,25.96,9.8,2.9000000000000004,210
2012,6,16,19,30,29.3,33.71,11.700000000000001,2.3000000000000003,39
2012,6,16,20,30,28.1,36.910000000000004,12,2.7,0
2012,6,16,21,30,27.200000000000003,39.72,12.3,2.9000000000000004,0
2012,6,16,22,30,26.1,44.63,13.100000000000001,2.8000000000000003,0
2012,6,16,23,30,25.200000000000003,49.53,13.9,2.6,0
2012,6,17,0,30,24.1,55.01,14.5,2.1,0
2012,6,17,1,30,23,60.160000000000004,14.9,1.5,0
2012,6,17,2,30,22.200000000000003,63.93,15,1.2000000000000002,0
2012,6,17,3,30,21.6,67.08,15.200000000000001,1,0
2012,6,17,4,30,21.200000000000003,69.55,15.4,1,0
2012,6,17,5,30,21.700000000000003,68.5,15.700000000000001,1.8,0
2012,6,17,6,30,23.6,62.910000000000004,16.1,3.2,72
2012,6,17,7,30,26,58.75,17.3,4.1000000000000005,289
2012,6,17,8,30,28.5,51.58,17.6,4.1000000000000005,498
2012,6,17,9,30,30.6,44.93,17.3,4.1000000000000005,692
2012,6,17,10,30,32.4,39.4,16.8,4.2,849
2012,6,17,11,30,33.9,34.71,16.2,4.2,958
2012,6,17,12,30,35.2,30.69,15.4,4.2,1013
2012,6,17,13,30,36,27.93,14.600000000000001,4.3,1002
2012,6,17,14,30,36.5,25.95,13.9,4.3,929
2012,6,17,15,30,36.5,24.77,13.200000000000001,4.4,804
2012,6,17,16,30,36,24.29,12.4,4.4,631
2012,6,17,17,30,35,24.82,11.9,4.2,430
2012,6,17,18,30,32.9,27.57,11.8,3.3000000000000003,220
2012,6,17,19,30,30.400000000000002,34.17,12.9,3.1,29
2012,6,17,20,30,29,37.51,13.100000000000001,4.2,0
2012,6,17,21,30,27.900000000000002,41.19,13.5,4.6000000000000005,0
2012,6,17,22,30,26.8,45.980000000000004,14.200000000000001,4.5,0
2012,6,17,23,30,25.900000000000002,49.82,14.600000000000001,4.5,0
2012,6,18,0,30,25.200000000000003,52.64,14.8,4.7,0
2012,6,18,1,30,24.6,54.71,14.9,4.800000000000001,0
2012,6,18,2,30,23.900000000000002,56.85,14.8,4.800000000000001,0
2012,6,18,3,30,23.1,59.24,14.700000000000001,4.7,0
2012,6,18,4,30,22.400000000000002,61.65,14.700000000000001,4.5,0
2012,6,18,5,30,22.200000000000003,62.53,14.700000000000001,4.5,0
2012,6,18,6,30,23.6,57.84,14.8,5.300000000000001,68
2012,6,18,7,30,26.400000000000002,48.910000000000004,14.8,6.1000000000000005,296
2012,6,18,8,30,29.700000000000003,39.26,14.4,6.1000000000000005,507
2012,6,18,9,30,32.9,31.05,13.600000000000001,5.5,703
2012,6,18,10,30,35.6,25.150000000000002,12.600000000000001,4.800000000000001,863
2012,6,18,11,30,37.5,21.7,12,4.4,975
2012,6,18,12,30,38.900000000000006,19.490000000000002,11.5,4.5,1029
2012,6,18,13,30,39.6,18.35,11.200000000000001,4.9,1018
2012,6,18,14,30,39.800000000000004,17.95,11,5.4,944
2012,6,18,15,30,39.400000000000006,18.27,10.9,5.800000000000001,807
2012,6,18,16,30,38.400000000000006,19.46,11.100000000000001,6.300000000000001,630
2012,6,18,17,30,36.800000000000004,21.8,11.5,6.7,426
2012,6,18,18,30,34.4,26.26,12.3,6.800000000000001,215
2012,6,18,19,30,31.8,32.58,13.4,6.6000000000000005,40
2012,6,18,20,30,29.6,38.93,14.200000000000001,6.300000000000001,0
2012,6,18,21,30,28,43.62,14.5,6.1000000000000005,0
2012,6,18,22,30,26.900000000000002,46.37,14.4,6,0
2012,6,18,23,30,25.900000000000002,48.69,14.3,5.7,0
2012,6,19,0,30,25.1,50.9,14.200000000000001,5.5,0
2012,6,19,1,30,24.400000000000002,53.660000000000004,14.4,5.4,0
2012,6,19,2,30,23.8,56.95,14.8,5.300000000000001,0
2012,6,19,3,30,23.200000000000003,60.800000000000004,15.200000000000001,5.4,0
2012,6,19,4,30,22.5,65.57000000000001,15.700000000000001,5.5,0
2012,6,19,5,30,22.200000000000003,69.46000000000001,16.3,5.9,0
2012,6,19,6,30,23.1,69.26,17.2,6.800000000000001,95
2012,6,19,7,30,25.200000000000003,63.22,17.7,7.6000000000000005,291
2012,6,19,8,30,27.8,53.67,17.5,7.6000000000000005,502
2012,6,19,9,30,30.5,44.31,17,7.5,696
2012,6,19,10,30,32.800000000000004,37.25,16.3,7.2,855
2012,6,19,11,30,34.800000000000004,31.89,15.600000000000001,7,966
2012,6,19,12,30,36.4,28.1,15,6.9,1017
2012,6,19,13,30,37.300000000000004,25.82,14.5,6.800000000000001,1004
2012,6,19,14,30,37.7,24.52,14,6.800000000000001,931
2012,6,19,15,30,37.5,24.38,13.8,6.9,809
2012,6,19,16,30,36.7,25.5,13.8,7,635
2012,6,19,17,30,35.2,27.98,13.9,7.1000000000000005,431
2012,6,19,18,30,33.2,31.71,14.200000000000001,6.800000000000001,221
2012,6,19,19,30,31.200000000000003,35.92,14.3,6.6000000000000005,42
2012,6,19,20,30,29.6,39.54,14.4,6.7,0
2012,6,19,21,30,28.400000000000002,42.15,14.3,6.7,0
2012,6,19,22,30,27.200000000000003,45.27,14.3,6.5,0
2012,6,19,23,30,26.200000000000003,48.78,14.600000000000001,6.4,0
2012,6,20,0,30,25.3,53.620000000000005,15.200000000000001,6.2,0
2012,6,20,1,30,24.6,59.11,16.1,6.2,0
2012,6,20,2,30,24,64.6,16.900000000000002,6.4,0
2012,6,20,3,30,23.400000000000002,70.15,17.7,6.300000000000001,0
2012,6,20,4,30,22.900000000000002,75.03,18.2,6.2,0
2012,6,20,5,30,22.700000000000003,78.49,18.8,6.300000000000001,0
2012,6,20,6,30,23.5,77.01,19.200000000000003,7.1000000000000005,89
2012,6,20,7,30,25.3,69.18,19.200000000000003,7.800000000000001,279
2012,6,20,8,30,27.400000000000002,59.89,18.900000000000002,8,489
2012,6,20,9,30,29.6,51.09,18.400000000000002,7.9,685
2012,6,20,10,30,31.6,43.93,17.8,7.6000000000000005,844
2012,6,20,11,30,33.300000000000004,38.550000000000004,17.3,7.2,955
2012,6,20,12,30,34.6,34.57,16.7,6.800000000000001,1009
2012,6,20,13,30,35.4,31.77,16.1,6.6000000000000005,1001
2012,6,20,14,30,35.7,30.05,15.5,6.4,929
2012,6,20,15,30,35.6,29.11,14.9,6.300000000000001,806
2012,6,20,16,30,35.1,28.69,14.200000000000001,6.2,634
2012,6,20,17,30,34.1,28.990000000000002,13.5,6,434
2012,6,20,18,30,32.4,30.75,13,5.5,224
2012,6,20,19,30,30.3,34.62,13,4.9,44
2012,6,20,20,30,28.6,39.09,13.3,4.9,0
2012,6,20,21,30,27.400000000000002,42.96,13.700000000000001,4.800000000000001,0
2012,6,20,22,30,26.3,47.24,14.200000000000001,4.4,0
2012,6,20,23,30,25.3,51.84,14.700000000000001,4.3,0
2012,6,21,0,30,24.400000000000002,56.660000000000004,15.200000000000001,4.4,0
2012,6,21,1,30,23.6,61.83,15.9,4.4,0
2012,6,21,2,30,22.900000000000002,66.93,16.400000000000002,4.1000000000000005,0
2012,6,21,3,30,22.200000000000003,71.87,16.900000000000002,3.7,0
2012,6,21,4,30,21.700000000000003,75.73,17.2,3.3000000000000003,0
2012,6,21,5,30,21.700000000000003,76.87,17.5,3.5,0
2012,6,21,6,30,22.900000000000002,72.42,17.7,4.2,93
2012,6,21,7,30,25,63.95,17.7,4.3,286
2012,6,21,8,30,27.200000000000003,55.68,17.6,3.8000000000000003,494
2012,6,21,9,30,29.3,48.31,17.3,3.5,687
2012,6,21,10,30,31,42.26,16.7,3.6,846
2012,6,21,11,30,32.300000000000004,37.72,16.1,3.9000000000000004,956
2012,6,21,12,30,33.2,34.64,15.5,4,1009
2012,6,21,13,30,33.800000000000004,32.44,15,4,999
2012,6,21,14,30,34.2,30.76,14.5,4.1000000000000005,926
2012,6,21,15,30,34.2,29.64,14,4.2,802
2012,6,21,16,30,33.800000000000004,29.2,13.4,4.2,630
2012,6,21,17,30,32.9,29.84,13,4,430
2012,6,21,18,30,31.3,32.54,12.9,3.3000000000000003,27
2012,6,21,19,30,29.400000000000002,38.050000000000004,13.600000000000001,3,22
2012,6,21,20,30,28.200000000000003,41.76,14,3.4000000000000004,0
2012,6,21,21,30,27.200000000000003,45.11,14.3,3.7,0
2012,6,21,22,30,26.200000000000003,48.9,14.600000000000001,3.5,0
2012,6,21,23,30,25.3,52.53,14.9,3.1,0
2012,6,22,0,30,24.5,55.78,15.100000000000001,2.6,0
2012,6,22,1,30,23.700000000000003,58.97,15.200000000000001,2.1,0
2012,6,22,2,30,22.900000000000002,62.15,15.3,1.7000000000000002,0
2012,6,22,3,30,22.3,64.84,15.4,1.5,0
2012,6,22,4,30,21.8,67.46000000000001,15.5,1.4000000000000001,0
2012,6,22,5,30,22.200000000000003,66.45,15.700000000000001,2.1,0
2012,6,22,6,30,24.1,59.93,15.8,3.1,94
2012,6,22,7,30,26.700000000000003,52.27,16.1,3.4000000000000004,290
2012,6,22,8,30,29,45.68,16.1,3.4000000000000004,500
2012,6,22,9,30,31,40.22,15.9,3.4000000000000004,695
2012,6,22,10,30,32.6,36.14,15.700000000000001,3.7,854
2012,6,22,11,30,34,32.67,15.3,3.9000000000000004,965
2012,6,22,12,30,35,30.19,14.9,4.1000000000000005,1013
2012,6,22,13,30,35.7,28.43,14.600000000000001,4.2,1006
2012,6,22,14,30,36,27.35,14.3,4.2,935
2012,6,22,15,30,35.800000000000004,27.080000000000002,13.9,4.2,808
2012,6,22,16,30,35.1,27.44,13.600000000000001,4.2,638
2012,6,22,17,30,34.1,28.28,13.200000000000001,4.1000000000000005,435
2012,6,22,18,30,32.300000000000004,30.69,12.9,3.5,226
2012,6,22,19,30,30.3,35.18,13.200000000000001,3,46
2012,6,22,20,30,28.900000000000002,38.34,13.3,3.5,0
2012,6,22,21,30,27.8,40.29,13.100000000000001,3.9000000000000004,0
2012,6,22,22,30,26.5,43.26,13,3.9000000000000004,0
2012,6,22,23,30,25.3,46.230000000000004,12.9,3.7,0
2012,6,23,0,30,24.3,48.61,12.8,3.5,0
2012,6,23,1,30,23.5,50.28,12.600000000000001,3.3000000000000003,0
2012,6,23,2,30,22.8,51.47,12.3,3.1,0
2012,6,23,3,30,22.200000000000003,52.480000000000004,12,2.8000000000000003,0
2012,6,23,4,30,21.6,53.83,11.8,2.4000000000000004,0
2012,6,23,5,30,21.900000000000002,52.49,11.700000000000001,2.7,0
2012,6,23,6,30,24,46.300000000000004,11.8,3.3000000000000003,100
2012,6,23,7,30,27.1,39.13,12,3.8000000000000003,303
2012,6,23,8,30,29.700000000000003,34.84,12.5,3.9000000000000004,518
2012,6,23,9,30,31.700000000000003,30.77,12.4,3.7,718
2012,6,23,10,30,33.300000000000004,26.44,11.5,3.8000000000000003,880
2012,6,23,11,30,34.6,22.95,10.4,3.9000000000000004,994
2012,6,23,12,30,35.6,20.69,9.700000000000001,3.9000000000000004,1042
2012,6,23,13,30,36.2,19.57,9.4,3.9000000000000004,1031
2012,6,23,14,30,36.5,19.330000000000002,9.4,3.9000000000000004,956
2012,6,23,15,30,36.4,19.68,9.600000000000001,3.8000000000000003,827
2012,6,23,16,30,35.800000000000004,20.57,9.8,3.8000000000000003,652
2012,6,23,17,30,34.7,22.04,9.9,3.8000000000000003,447
2012,6,23,18,30,32.5,25.26,10.100000000000001,2.9000000000000004,232
2012,6,23,19,30,29.700000000000003,32.51,11.5,2.2,47
2012,6,23,20,30,28.1,36.59,11.9,2.6,0
2012,6,23,21,30,27.400000000000002,38.300000000000004,11.9,3.3000000000000003,0
2012,6,23,22,30,26.400000000000002,41.24,12.200000000000001,3.7,0
2012,6,23,23,30,25.5,44.15,12.4,3.6,0
2012,6,24,0,30,24.6,46.83,12.5,3.4000000000000004,0
2012,6,24,1,30,23.8,48.980000000000004,12.4,3,0
2012,6,24,2,30,23,51.03,12.3,2.5,0
2012,6,24,3,30,22.400000000000002,52.56,12.200000000000001,2.2,0
2012,6,24,4,30,21.8,54.26,12.200000000000001,2.1,0
2012,6,24,5,30,22.200000000000003,52.68,12.100000000000001,2.6,0
2012,6,24,6,30,24.200000000000003,46.730000000000004,12.100000000000001,3.5,93
2012,6,24,7,30,27.3,38.88,12.100000000000001,4,290
2012,6,24,8,30,30.1,33.4,12.3,4,503
2012,6,24,9,30,32,30.92,12.700000000000001,3.6,701
2012,6,24,10,30,33.5,28.5,12.8,3.4000000000000004,866
2012,6,24,11,30,34.9,25.73,12.4,3.4000000000000004,981
2012,6,24,12,30,36,23.35,11.8,3.4000000000000004,1036
2012,6,24,13,30,36.7,21.82,11.4,3.4000000000000004,1027
2012,6,24,14,30,37.1,20.8,11,3.5,955
2012,6,24,15,30,37,20.38,10.600000000000001,3.4000000000000004,831
2012,6,24,16,30,36.5,20.46,10.3,3.4000000000000004,656
2012,6,24,17,30,35.5,21.23,10,3.3000000000000003,451
2012,6,24,18,30,33.1,24.12,9.9,2.3000000000000003,236
2012,6,24,19,30,30,32.59,11.8,1.5,49
2012,6,24,20,30,28.200000000000003,36.13,11.8,1.6,0
2012,6,24,21,30,27.200000000000003,37.51,11.5,1.9000000000000001,0
2012,6,24,22,30,26.3,39.07,11.3,2.2,0
2012,6,24,23,30,25.3,41.480000000000004,11.3,2.1,0
2012,6,25,0,30,24.5,43.74,11.4,2,0
2012,6,25,1,30,23.700000000000003,46.12,11.4,1.8,0
2012,6,25,2,30,23,48.35,11.5,1.6,0
2012,6,25,3,30,22.400000000000002,50.49,11.600000000000001,1.5,0
2012,6,25,4,30,21.900000000000002,52.51,11.700000000000001,1.4000000000000001,0
2012,6,25,5,30,22.5,51.35,12,1.7000000000000002,0
2012,6,25,6,30,24.700000000000003,46.1,12.3,2.3000000000000003,98
2012,6,25,7,30,28.200000000000003,38.35,12.700000000000001,2.3000000000000003,300
2012,6,25,8,30,31.6,32.13,13,1.6,516
2012,6,25,9,30,34,26.52,12.100000000000001,1.1,715
2012,6,25,10,30,35.800000000000004,22.68,11.200000000000001,1.4000000000000001,880
2012,6,25,11,30,37.4,19.52,10.3,1.9000000000000001,994
2012,6,25,12,30,38.7,17.02,9.3,2.3000000000000003,1046
2012,6,25,13,30,39.5,15.31,8.4,2.5,1037
2012,6,25,14,30,39.900000000000006,14.11,7.5,2.7,966
2012,6,25,15,30,39.800000000000004,13.56,6.800000000000001,2.8000000000000003,834
2012,6,25,16,30,39.2,13.64,6.5,3,658
2012,6,25,17,30,38,14.43,6.300000000000001,3,452
2012,6,25,18,30,35.1,17.490000000000002,6.800000000000001,2.3000000000000003,236
2012,6,25,19,30,31.6,26.16,9.9,1.9000000000000001,49
2012,6,25,20,30,29.900000000000002,28.59,9.700000000000001,2.5,0
2012,6,25,21,30,29,30.26,9.8,3.1,0
2012,6,25,22,30,27.900000000000002,32.76,10,3,0
2012,6,25,23,30,26.700000000000003,35.75,10.3,2.6,0
2012,6,26,0,30,25.700000000000003,38.33,10.4,2.3000000000000003,0
2012,6,26,1,30,24.8,40.81,10.600000000000001,2,0
2012,6,26,2,30,24,43.18,10.700000000000001,1.8,0
2012,6,26,3,30,23.200000000000003,45.87,10.9,1.6,0
2012,6,26,4,30,22.5,48.53,11.100000000000001,1.4000000000000001,0
2012,6,26,5,30,23.200000000000003,47.160000000000004,11.3,1.5,0
2012,6,26,6,30,25.700000000000003,41.67,11.700000000000001,2.1,95
2012,6,26,7,30,29.400000000000002,33.79,11.8,2.5,293
2012,6,26,8,30,33.5,27.11,12,2.4000000000000004,504
2012,6,26,9,30,36.300000000000004,21.91,11.100000000000001,2,698
2012,6,26,10,30,38.2,18.05,9.8,1.6,860
2012,6,26,11,30,39.7,15.26,8.5,1.9000000000000001,972
2012,6,26,12,30,40.7,13.8,7.800000000000001,2.2,1027
2012,6,26,13,30,41.300000000000004,13.09,7.5,2.5,1017
2012,6,26,14,30,41.5,12.84,7.4,2.6,948
2012,6,26,15,30,41.2,12.93,7.2,2.8000000000000003,823
2012,6,26,16,30,40.6,13.09,6.9,2.9000000000000004,649
2012,6,26,17,30,39.300000000000004,13.77,6.7,2.8000000000000003,446
2012,6,26,18,30,36.4,16.42,6.9,2,233
2012,6,26,19,30,32.9,24.57,10,1.6,48
2012,6,26,20,30,31.200000000000003,26.02,9.4,2.2,0
2012,6,26,21,30,30.400000000000002,26.84,9.200000000000001,3.1,0
2012,6,26,22,30,29.5,28.91,9.600000000000001,3.8000000000000003,0
2012,6,26,23,30,28.400000000000002,32.160000000000004,10.200000000000001,3.8000000000000003,0
2012,6,27,0,30,27.5,35.11,10.700000000000001,3.5,0
2012,6,27,1,30,26.6,37.77,11,3.1,0
2012,6,27,2,30,25.700000000000003,40.27,11.200000000000001,2.6,0
2012,6,27,3,30,25,41.910000000000004,11.200000000000001,2.2,0
2012,6,27,4,30,24.400000000000002,42.980000000000004,11,2,0
2012,6,27,5,30,24.8,41.56,10.9,2.5,0
2012,6,27,6,30,26.700000000000003,37.12,10.9,3.2,88
2012,6,27,7,30,30.200000000000003,30.68,11.100000000000001,3.6,282
2012,6,27,8,30,34,24.72,11,3.5,493
2012,6,27,9,30,36.7,20.85,10.700000000000001,3,689
2012,6,27,10,30,38.5,18.8,10.600000000000001,2.7,851
2012,6,27,11,30,39.900000000000006,17.35,10.600000000000001,2.7,965
2012,6,27,12,30,40.800000000000004,16.29,10.3,2.9000000000000004,1014
2012,6,27,13,30,41.400000000000006,15.44,10,3.3000000000000003,1005
2012,6,27,14,30,41.400000000000006,15.09,9.700000000000001,3.6,934
2012,6,27,15,30,41,15.15,9.4,3.9000000000000004,797
2012,6,27,16,30,40.1,15.74,9.3,4.1000000000000005,622
2012,6,27,17,30,38.800000000000004,16.9,9.3,4.2,421
2012,6,27,18,30,36.5,19.63,9.700000000000001,3.5,213
2012,6,27,19,30,33.9,24.650000000000002,10.9,2.9000000000000004,41
2012,6,27,20,30,32.4,28.28,11.700000000000001,3.3000000000000003,0
2012,6,27,21,30,31.400000000000002,31.01,12.200000000000001,3.6,0
2012,6,27,22,30,30.400000000000002,33.88,12.700000000000001,3.6,0
2012,6,27,23,30,29.400000000000002,36.64,13,3.2,0
2012,6,28,0,30,28.5,39.17,13.3,2.8000000000000003,0
2012,6,28,1,30,27.900000000000002,40.97,13.4,2.8000000000000003,0
2012,6,28,2,30,27.5,42.36,13.600000000000001,3.1,0
2012,6,28,3,30,26.900000000000002,44.58,13.8,3.2,0
2012,6,28,4,30,26.200000000000003,47.52,14.200000000000001,3.2,0
2012,6,28,5,30,26,49.11,14.5,3.4000000000000004,0
2012,6,28,6,30,27.1,46.71,14.700000000000001,4.4,81
2012,6,28,7,30,29.5,40.08,14.5,5.300000000000001,270
2012,6,28,8,30,32.4,32.81,14,5.2,477
2012,6,28,9,30,34.9,27.88,13.600000000000001,4.4,669
2012,6,28,10,30,36.7,25.2,13.600000000000001,4,830
2012,6,28,11,30,37.9,23.77,13.700000000000001,3.9000000000000004,942
2012,6,28,12,30,38.6,22.87,13.700000000000001,4.1000000000000005,1000
2012,6,28,13,30,39,22.01,13.4,4.2,991
2012,6,28,14,30,39,21.48,13.100000000000001,4.3,923
2012,6,28,15,30,38.6,21.35,12.600000000000001,4.4,797
2012,6,28,16,30,37.800000000000004,21.56,12.100000000000001,4.3,628
2012,6,28,17,30,36.7,22.07,11.600000000000001,4.2,429
2012,6,28,18,30,34.7,23.87,11.100000000000001,3.4000000000000004,221
2012,6,28,19,30,32.300000000000004,27.8,11.4,2.6,45
2012,6,28,20,30,30.8,30.61,11.5,3.1,0
2012,6,28,21,30,29.900000000000002,32.28,11.600000000000001,3.8000000000000003,0
2012,6,28,22,30,28.900000000000002,34.410000000000004,11.700000000000001,4.2,0
2012,6,28,23,30,28,36.01,11.5,4.4,0
2012,6,29,0,30,27.1,37.17,11.200000000000001,4.6000000000000005,0
2012,6,29,1,30,26.400000000000002,37.83,10.9,4.800000000000001,0
2012,6,29,2,30,25.700000000000003,38.87,10.700000000000001,4.7,0
2012,6,29,3,30,25,40.58,10.700000000000001,4.4,0
2012,6,29,4,30,24.200000000000003,43.7,11.100000000000001,3.8000000000000003,0
2012,6,29,5,30,23.900000000000002,47.11,11.9,3.8000000000000003,0
2012,6,29,6,30,25.1,48.370000000000005,13.4,4.800000000000001,87
2012,6,29,7,30,27.6,47.97,15.600000000000001,5.4,281
2012,6,29,8,30,30.700000000000003,39.28,15.3,4.9,492
2012,6,29,9,30,33.6,30.18,13.700000000000001,4.1000000000000005,690
2012,6,29,10,30,35.7,25.45,12.9,3.7,852
2012,6,29,11,30,37.2,22.96,12.600000000000001,3.7,968
2012,6,29,12,30,38.2,21.31,12.3,3.7,1020
2012,6,29,13,30,38.800000000000004,19.79,11.700000000000001,3.7,1015
2012,6,29,14,30,38.900000000000006,18.580000000000002,10.8,3.6,946
2012,6,29,15,30,38.7,17.82,10,3.5,820
2012,6,29,16,30,37.9,17.94,9.5,3.6,647
2012,6,29,17,30,36.7,18.63,9,3.7,444
2012,6,29,18,30,34.7,20.47,8.8,3.3000000000000003,231
2012,6,29,19,30,32.4,24.19,9.4,3.1,48
2012,6,29,20,30,30.700000000000003,27.44,9.8,3.6,0
2012,6,29,21,30,29.5,30.35,10.3,4.1000000000000005,0
2012,6,29,22,30,28.400000000000002,33.63,10.9,4.2,0
2012,6,29,23,30,27.3,36.87,11.3,4,0
2012,6,30,0,30,26.400000000000002,39.410000000000004,11.5,3.7,0
2012,6,30,1,30,25.6,41.88,11.700000000000001,3.5,0
2012,6,30,2,30,24.8,45.84,12.3,3.4000000000000004,0
2012,6,30,3,30,24.1,52.67,13.8,3.3000000000000003,0
2012,6,30,4,30,23.400000000000002,61.82,15.700000000000001,3.1,0
2012,6,30,5,30,23.3,68.88,17.3,3.5,0
2012,6,30,6,30,24.5,70.58,18.8,4.5,84
2012,6,30,7,30,27,63.36,19.400000000000002,4.9,277
2012,6,30,8,30,30,48.160000000000004,17.8,4.3,489
2012,6,30,9,30,32.5,37.77,16.3,3.8000000000000003,687
2012,6,30,10,30,34.4,32.68,15.700000000000001,3.8000000000000003,852
2012,6,30,11,30,35.9,28.810000000000002,15,4.1000000000000005,970
2012,6,30,12,30,36.9,25.6,14,4.3,1024
2012,6,30,13,30,37.6,23.26,13.100000000000001,4.5,1016
2012,6,30,14,30,37.9,21.990000000000002,12.5,4.6000000000000005,946
2012,6,30,15,30,37.7,21.72,12.200000000000001,4.9,818
2012,6,30,16,30,37,22.29,12,5.300000000000001,645
2012,6,30,17,30,35.6,24.5,12.200000000000001,5.5,441
2012,6,30,18,30,33.5,28.53,12.8,5.2,229
2012,6,30,19,30,31.3,33.75,13.5,4.4,47
2012,6,30,20,30,29.5,39.04,14.100000000000001,3.9000000000000004,0
2012,6,30,21,30,28.3,43.26,14.600000000000001,3.7,0
2012,6,30,22,30,27.200000000000003,47.77,15.200000000000001,3.6,0
2012,6,30,23,30,26.400000000000002,51.92,15.700000000000001,3.6,0
2012,7,1,0,30,25.5,56.910000000000004,16.3,3.6,0
2012,7,1,1,30,24.6,62.57,17,3.5,0
2012,7,1,2,30,23.700000000000003,68.19,17.5,3.5,0
2012,7,1,3,30,23,72.38,17.8,3.4000000000000004,0
2012,7,1,4,30,22.3,75.8,17.8,3.1,0
2012,7,1,5,30,22.1,76.08,17.7,3.2,0
2012,7,1,6,30,23.400000000000002,68.77,17.3,3.6,91
2012,7,1,7,30,25.900000000000002,56.38,16.6,3.6,292
2012,7,1,8,30,28.5,44.26,15.200000000000001,3.4000000000000004,505
2012,7,1,9,30,30.6,37.44,14.4,3.3000000000000003,672
2012,7,1,10,30,32.300000000000004,33.05,14,3.6,861
2012,7,1,11,30,33.7,29.42,13.4,3.9000000000000004,974
2012,7,1,12,30,34.7,26.990000000000002,13,4.1000000000000005,970
2012,7,1,13,30,35.1,26.07,12.8,4.4,843
2012,7,1,14,30,35.1,26.22,12.9,4.7,842
2012,7,1,15,30,34.4,27.8,13.200000000000001,5,725
2012,7,1,16,30,33.2,30.57,13.600000000000001,5.2,497
2012,7,1,17,30,31.8,33.96,14,5.2,405
2012,7,1,18,30,30.400000000000002,37.2,14.200000000000001,4.7,218
2012,7,1,19,30,29.1,39.76,14,4,32
2012,7,1,20,30,28.1,41.6,13.8,3.9000000000000004,0
2012,7,1,21,30,27.3,43.56,13.8,4.800000000000001,0
2012,7,1,22,30,26.200000000000003,48.08,14.4,5.6000000000000005,0
2012,7,1,23,30,25,54.29,15.100000000000001,5.6000000000000005,0
2012,7,2,0,30,24,59.28,15.600000000000001,5,0
2012,7,2,1,30,23.200000000000003,62.99,15.8,4.5,0
2012,7,2,2,30,22.5,66.99,16.1,4,0
2012,7,2,3,30,21.900000000000002,71.87,16.6,3.7,0
2012,7,2,4,30,21.5,76.74,17.2,3.6,0
2012,7,2,5,30,21.700000000000003,78.92,17.900000000000002,3.8000000000000003,0
2012,7,2,6,30,22.8,75.54,18.3,4.3,78
2012,7,2,7,30,24.6,66.72,18,4.9,267
2012,7,2,8,30,26.8,56.36,17.400000000000002,5.2,289
2012,7,2,9,30,28.8,48.14,16.7,5.4,346
2012,7,2,10,30,30.6,41.71,16.1,5.5,171
2012,7,2,11,30,31.900000000000002,37.68,15.700000000000001,5.7,463
2012,7,2,12,30,32.800000000000004,35.39,15.5,5.9,840
2012,7,2,13,30,33.1,34.59,15.4,6.2,985
2012,7,2,14,30,33,34.87,15.4,6.4,697
2012,7,2,15,30,33,34.76,15.4,6.4,781
2012,7,2,16,30,32.7,34.74,15.100000000000001,6.4,616
2012,7,2,17,30,31.900000000000002,35.660000000000004,14.8,6.4,419
2012,7,2,18,30,30.6,38.300000000000004,14.8,6.1000000000000005,214
2012,7,2,19,30,29.3,41.62,14.9,5.5,25
2012,7,2,20,30,28.400000000000002,44.14,15,4.9,0
2012,7,2,21,30,27.6,46.15,15,4.6000000000000005,0
2012,7,2,22,30,26.900000000000002,47.97,15,4.5,0
2012,7,2,23,30,26.200000000000003,50.33,15.100000000000001,4.5,0
2012,7,3,0,30,25.6,53.51,15.5,4.5,0
2012,7,3,1,30,25,57.94,16.1,4.6000000000000005,0
2012,7,3,2,30,24.400000000000002,63.410000000000004,17,4.5,0
2012,7,3,3,30,23.8,68.7,17.7,4.5,0
2012,7,3,4,30,23.400000000000002,72.86,18.3,4.4,0
2012,7,3,5,30,23.3,75.43,18.7,4.7,0
2012,7,3,6,30,24.200000000000003,73.69,19.200000000000003,5.6000000000000005,36
2012,7,3,7,30,25.8,67.12,19.200000000000003,6.1000000000000005,260
2012,7,3,8,30,27.8,58.02,18.8,6.1000000000000005,469
2012,7,3,9,30,29.8,50.1,18.3,5.9,664
2012,7,3,10,30,31.5,44.26,17.900000000000002,5.800000000000001,826
2012,7,3,11,30,33,39.61,17.5,5.7,939
2012,7,3,12,30,34,36.59,17.1,5.7,995
2012,7,3,13,30,34.6,34.64,16.7,5.800000000000001,988
2012,7,3,14,30,34.9,33.45,16.5,5.9,919
2012,7,3,15,30,34.800000000000004,33.13,16.2,6.1000000000000005,796
2012,7,3,16,30,34.4,33.4,16,6.2,443
2012,7,3,17,30,33.5,34.78,15.8,6.2,430
2012,7,3,18,30,32.2,37.25,15.8,5.9,222
2012,7,3,19,30,30.8,40.31,15.8,5.4,36
2012,7,3,20,30,29.700000000000003,42.910000000000004,15.8,5.1000000000000005,0
2012,7,3,21,30,28.700000000000003,45.39,15.700000000000001,4.6000000000000005,0
2012,7,3,22,30,27.700000000000003,48,15.700000000000001,3.9000000000000004,0
2012,7,3,23,30,26.8,50.46,15.700000000000001,3.7,0
2012,7,4,0,30,26,52.99,15.700000000000001,3.7,0
2012,7,4,1,30,25.3,55.51,15.8,3.7,0
2012,7,4,2,30,24.700000000000003,57.84,15.8,3.8000000000000003,0
2012,7,4,3,30,24.200000000000003,59.61,15.8,4,0
2012,7,4,4,30,23.700000000000003,61.32,15.8,4.2,0
2012,7,4,5,30,23.6,62.2,15.9,4.7,0
2012,7,4,6,30,24.6,60.42,16.400000000000002,5.7,80
2012,7,4,7,30,26.6,55.39,16.900000000000002,6.2,271
2012,7,4,8,30,28.900000000000002,48.67,17,5.9,479
2012,7,4,9,30,30.900000000000002,43.49,17.1,5.6000000000000005,674
2012,7,4,10,30,32.5,39.7,17,5.5,834
2012,7,4,11,30,33.7,37.01,17,5.6000000000000005,944
2012,7,4,12,30,34.4,35.4,16.900000000000002,5.800000000000001,992
2012,7,4,13,30,34.800000000000004,34.39,16.8,5.9,980
2012,7,4,14,30,34.800000000000004,33.980000000000004,16.6,5.9,910
2012,7,4,15,30,34.5,34.35,16.5,5.9,778
2012,7,4,16,30,33.800000000000004,35.57,16.5,5.9,590
2012,7,4,17,30,32.800000000000004,37.43,16.400000000000002,5.800000000000001,382
2012,7,4,18,30,31.6,39.910000000000004,16.3,5.4,185
2012,7,4,19,30,30.400000000000002,42.71,16.3,4.6000000000000005,20
2012,7,4,20,30,29.3,45.58,16.3,4,0
2012,7,4,21,30,28.3,48.36,16.400000000000002,3.5,0
2012,7,4,22,30,27.200000000000003,51.6,16.400000000000002,3.2,0
2012,7,4,23,30,26.200000000000003,54.81,16.400000000000002,3.1,0
2012,7,5,0,30,25.3,57.82,16.400000000000002,3.1,0
2012,7,5,1,30,24.5,60.4,16.3,3,0
2012,7,5,2,30,23.700000000000003,62.95,16.2,2.8000000000000003,0
2012,7,5,3,30,23.1,64.86,16.1,2.7,0
2012,7,5,4,30,22.5,67.02,16.1,2.7,0
2012,7,5,5,30,22.5,67.23,16.1,3.2,0
2012,7,5,6,30,23.8,62.940000000000005,16.3,4.5,82
2012,7,5,7,30,25.8,58.52,17.1,5.5,274
2012,7,5,8,30,27.6,52.78,17.1,5.7,484
2012,7,5,9,30,29.1,46.53,16.5,5.5,574
2012,7,5,10,30,30.200000000000003,42.47,16,5.300000000000001,728
2012,7,5,11,30,30.900000000000002,40.42,15.9,5.300000000000001,780
2012,7,5,12,30,31.3,39.62,15.9,5.300000000000001,472
2012,7,5,13,30,31.400000000000002,39.9,16.1,5.300000000000001,993
2012,7,5,14,30,31.200000000000003,40.83,16.3,5.2,924
2012,7,5,15,30,30.900000000000002,41.78,16.400000000000002,5,801
2012,7,5,16,30,30.6,42.050000000000004,16.2,4.9,611
2012,7,5,17,30,30.1,42.11,15.8,4.7,314
2012,7,5,18,30,28.6,44.72,15.4,3.6,171
2012,7,5,19,30,26.6,51.660000000000004,15.8,2.3000000000000003,29
2012,7,5,20,30,25.200000000000003,57.28,16.2,1.8,0
2012,7,5,21,30,24.400000000000002,59.57,16,1.9000000000000001,0
2012,7,5,22,30,23.700000000000003,61.370000000000005,15.8,1.9000000000000001,0
2012,7,5,23,30,22.900000000000002,63.42,15.600000000000001,1.8,0
2012,7,6,0,30,22.1,65.33,15.3,1.5,0
2012,7,6,1,30,21.400000000000002,67.2,15.100000000000001,1.2000000000000002,0
2012,7,6,2,30,20.8,69.39,15,0.9,0
2012,7,6,3,30,20.3,71.93,15.100000000000001,0.7000000000000001,0
2012,7,6,4,30,19.900000000000002,73.9,15.100000000000001,0.8,0
2012,7,6,5,30,20.200000000000003,73.8,15.4,1.4000000000000001,0
2012,7,6,6,30,22,68.19,15.9,2.3000000000000003,83
2012,7,6,7,30,25,56.86,15.9,2.9000000000000004,277
2012,7,6,8,30,28.1,45.99,15.4,3.6,488
2012,7,6,9,30,30.3,39.59,15,4,684
2012,7,6,10,30,31.900000000000002,35.61,14.8,4.2,845
2012,7,6,11,30,33,33.29,14.700000000000001,4.4,957
2012,7,6,12,30,33.800000000000004,31.75,14.700000000000001,4.6000000000000005,1005
2012,7,6,13,30,34.1,31.38,14.8,4.7,995
2012,7,6,14,30,34,31.93,15,4.800000000000001,925
2012,7,6,15,30,33.800000000000004,32.3,15,4.800000000000001,800
2012,7,6,16,30,33.2,33.11,14.8,4.6000000000000005,630
2012,7,6,17,30,32.300000000000004,34.42,14.600000000000001,4.3,430
2012,7,6,18,30,30.700000000000003,37.4,14.5,3.3000000000000003,222
2012,7,6,19,30,28.6,43.67,15,2.1,33
2012,7,6,20,30,27.200000000000003,48.38,15.4,1.8,0
2012,7,6,21,30,26.5,50.22,15.3,1.9000000000000001,0
2012,7,6,22,30,25.8,52.160000000000004,15.200000000000001,1.9000000000000001,0
2012,7,6,23,30,25.1,54.120000000000005,15.200000000000001,1.8,0
2012,7,7,0,30,24.400000000000002,56.03,15.100000000000001,1.8,0
2012,7,7,1,30,23.700000000000003,57.82,14.9,1.7000000000000002,0
2012,7,7,2,30,23,59.5,14.700000000000001,1.6,0
2012,7,7,3,30,22.3,61.370000000000005,14.5,1.6,0
2012,7,7,4,30,21.5,64.33,14.5,1.7000000000000002,0
2012,7,7,5,30,21.5,64.62,14.600000000000001,2.3000000000000003,0
2012,7,7,6,30,23.200000000000003,58.800000000000004,14.700000000000001,3,83
2012,7,7,7,30,26.200000000000003,48.72,14.600000000000001,3.3000000000000003,278
2012,7,7,8,30,29.400000000000002,38.96,14,2.9000000000000004,487
2012,7,7,9,30,31.8,32.95,13.5,1.8,681
2012,7,7,10,30,33.7,29.19,13.3,1.5,841
2012,7,7,11,30,35.1,26.72,13.100000000000001,2.1,953
2012,7,7,12,30,36,25.11,13,2.6,1008
2012,7,7,13,30,36.5,24.13,12.8,2.9000000000000004,872
2012,7,7,14,30,36.5,23.87,12.600000000000001,3,929
2012,7,7,15,30,36.2,24.13,12.5,3.1,769
2012,7,7,16,30,35.6,24.990000000000002,12.5,3.2,412
2012,7,7,17,30,34.6,26.57,12.600000000000001,3.1,431
2012,7,7,18,30,32.9,29.64,12.9,2.5,221
2012,7,7,19,30,31,35.92,14.200000000000001,1.9000000000000001,32
2012,7,7,20,30,29.900000000000002,39.38,14.600000000000001,2.2,0
2012,7,7,21,30,29.1,41.6,14.700000000000001,2.7,0
2012,7,7,22,30,28.1,44.95,15,2.8000000000000003,0
2012,7,7,23,30,27.1,48.910000000000004,15.4,2.6,0
2012,7,8,0,30,26.1,53.01,15.8,2.3000000000000003,0
2012,7,8,1,30,25.200000000000003,56.870000000000005,16,2,0
2012,7,8,2,30,24.400000000000002,60.550000000000004,16.3,1.8,0
2012,7,8,3,30,23.8,63.300000000000004,16.400000000000002,1.7000000000000002,0
2012,7,8,4,30,23.1,66.25,16.5,1.7000000000000002,0
2012,7,8,5,30,23.3,65.64,16.5,2.3000000000000003,0
2012,7,8,6,30,25.200000000000003,58.7,16.5,3,77
2012,7,8,7,30,28.3,47.29,16,3.1,268
2012,7,8,8,30,31.200000000000003,38.29,15.3,2.5,432
2012,7,8,9,30,33.300000000000004,33.57,15.100000000000001,1.4000000000000001,671
2012,7,8,10,30,35.1,29.67,14.8,1,792
2012,7,8,11,30,36.300000000000004,26.95,14.3,1.5,942
2012,7,8,12,30,36.800000000000004,25.69,14,1.9000000000000001,949
2012,7,8,13,30,36.7,25.490000000000002,13.8,2.2,979
2012,7,8,14,30,36.2,26.23,13.8,2.4000000000000004,827
2012,7,8,15,30,35.5,27.490000000000002,13.9,2.5,782
2012,7,8,16,30,34.5,29.400000000000002,14.100000000000001,2.8000000000000003,611
2012,7,8,17,30,33,32.85,14.5,2.8000000000000003,219
2012,7,8,18,30,31.3,37.92,15.3,2.3000000000000003,5
2012,7,8,19,30,29.8,44.69,16.5,1.5,19
2012,7,8,20,30,28.6,51.1,17.5,0.9,0
2012,7,8,21,30,27.8,54.31,17.7,0.8,0
2012,7,8,22,30,26.8,58.17,17.900000000000002,0.9,0
2012,7,8,23,30,25.900000000000002,60.59,17.7,1,0
2012,7,9,0,30,25.200000000000003,62.52,17.5,0.9,0
2012,7,9,1,30,24.6,64.63,17.5,0.7000000000000001,0
2012,7,9,2,30,24.200000000000003,66.11,17.5,0.7000000000000001,0
2012,7,9,3,30,23.8,68.02,17.5,0.7000000000000001,0
2012,7,9,4,30,23.200000000000003,71.04,17.7,0.7000000000000001,0
2012,7,9,5,30,23.400000000000002,70.72,17.8,1.1,0
2012,7,9,6,30,24.900000000000002,65.12,17.900000000000002,1.6,74
2012,7,9,7,30,26.8,58.14,17.900000000000002,2.1,202
2012,7,9,8,30,28.400000000000002,52.7,17.8,2.4000000000000004,355
2012,7,9,9,30,29.5,49.300000000000004,17.8,2.6,663
2012,7,9,10,30,30.200000000000003,47.17,17.7,3,821
2012,7,9,11,30,30.3,46.75,17.7,3.4000000000000004,931
2012,7,9,12,30,30.1,47.13,17.6,3.6,885
2012,7,9,13,30,29.8,47.99,17.6,3.7,975
2012,7,9,14,30,29.400000000000002,49.15,17.6,3.5,760
2012,7,9,15,30,29.3,48.69,17.400000000000002,3.4000000000000004,728
2012,7,9,16,30,29.1,48.07,17,3.2,434
2012,7,9,17,30,28.5,48.79,16.7,2.9000000000000004,421
2012,7,9,18,30,27.5,51.5,16.6,2.2,213
2012,7,9,19,30,26.5,56.68,17.2,1.5,30
2012,7,9,20,30,26,59.71,17.6,1.3,0
2012,7,9,21,30,25.5,62.53,17.8,1.3,0
2012,7,9,22,30,25.1,65.16,18.1,1.6,0
2012,7,9,23,30,24.6,68.75,18.5,2.2,0
2012,7,10,0,30,24.1,73.28,19,2.5,0
2012,7,10,1,30,23.6,77.92,19.5,2.5,0
2012,7,10,2,30,23.200000000000003,81.92,19.900000000000002,2.3000000000000003,0
2012,7,10,3,30,22.900000000000002,84.94,20.200000000000003,2,0
2012,7,10,4,30,22.6,87.13,20.3,1.6,0
2012,7,10,5,30,22.6,87.51,20.400000000000002,2,0
2012,7,10,6,30,23.3,84.15,20.5,3,41
2012,7,10,7,30,24.6,77.54,20.400000000000002,3.6,26
2012,7,10,8,30,26,69.47,20,3.8000000000000003,143
2012,7,10,9,30,27.200000000000003,62.65,19.5,3.9000000000000004,271
2012,7,10,10,30,27.900000000000002,58.85,19.1,4,422
2012,7,10,11,30,28.3,56.69,18.900000000000002,4.2,753
2012,7,10,12,30,28.3,56.730000000000004,18.900000000000002,4.2,680
2012,7,10,13,30,28.3,57.09,19,4.3,665
2012,7,10,14,30,28.1,58.22,19.1,4.4,505
2012,7,10,15,30,27.700000000000003,59.9,19.200000000000003,4.4,597
2012,7,10,16,30,27.1,62.28,19.3,4.3,516
2012,7,10,17,30,26.3,65.45,19.3,4.1000000000000005,311
2012,7,10,18,30,25.3,69.58,19.3,3.5,33
2012,7,10,19,30,24.400000000000002,73.59,19.400000000000002,2.9000000000000004,15
2012,7,10,20,30,23.700000000000003,76.29,19.3,2.6,0
2012,7,10,21,30,23.200000000000003,78.08,19.200000000000003,2.5,0
2012,7,10,22,30,22.8,79.63,19.1,2.4000000000000004,0
2012,7,10,23,30,22.3,81.86,19.1,2.2,0
2012,7,11,0,30,21.900000000000002,83.86,19,2.2,0
2012,7,11,1,30,21.400000000000002,86.38,19,2.3000000000000003,0
2012,7,11,2,30,21,88.23,19,2.4000000000000004,0
2012,7,11,3,30,20.700000000000003,89.69,18.900000000000002,2.5,0
2012,7,11,4,30,20.3,91.86,18.900000000000002,2.5,0
2012,7,11,5,30,20.400000000000002,91.13,18.900000000000002,2.8000000000000003,0
2012,7,11,6,30,21.900000000000002,83.22,18.900000000000002,3.6,38
2012,7,11,7,30,24.5,69.83,18.6,4.2,192
2012,7,11,8,30,26.900000000000002,58.28,18,4.3,291
2012,7,11,9,30,28.6,51.79,17.7,4.1000000000000005,435
2012,7,11,10,30,29.900000000000002,47.46,17.5,4,351
2012,7,11,11,30,31.1,43.7,17.3,3.9000000000000004,340
2012,7,11,12,30,31.900000000000002,40.87,17,3.9000000000000004,858
2012,7,11,13,30,32.2,38.92,16.5,3.8000000000000003,979
2012,7,11,14,30,32.2,37.97,16.1,3.7,792
2012,7,11,15,30,32,37.64,15.8,3.7,792
2012,7,11,16,30,31.5,38.14,15.5,3.7,625
2012,7,11,17,30,30.8,39.29,15.4,3.7,427
2012,7,11,18,30,29.400000000000002,42.27,15.3,2.8000000000000003,219
2012,7,11,19,30,27.5,48.99,15.8,1.8,42
2012,7,11,20,30,26.3,53.82,16.2,1.6,0
2012,7,11,21,30,25.6,56.03,16.2,1.5,0
2012,7,11,22,30,25,58.46,16.3,1.4000000000000001,0
2012,7,11,23,30,24.5,60.61,16.400000000000002,1.2000000000000002,0
2012,7,12,0,30,24,62.68,16.400000000000002,1,0
2012,7,12,1,30,23.5,64.68,16.5,0.8,0
2012,7,12,2,30,23.200000000000003,65.79,16.400000000000002,0.7000000000000001,0
2012,7,12,3,30,23,66.92,16.5,0.5,0
2012,7,12,4,30,22.8,68.57000000000001,16.7,0.30000000000000004,0
2012,7,12,5,30,22.8,69.32000000000001,16.900000000000002,0.2,0
2012,7,12,6,30,24.3,64.73,17.2,0.4,72
2012,7,12,7,30,27.200000000000003,52.4,16.6,1.3,263
2012,7,12,8,30,29.8,40.67,15,2.3000000000000003,476
2012,7,12,9,30,31.400000000000002,34,13.700000000000001,2.8000000000000003,676
2012,7,12,10,30,32.800000000000004,29.64,12.8,3.2,843
2012,7,12,11,30,34,26.46,12.100000000000001,3.4000000000000004,962
2012,7,12,12,30,34.800000000000004,24.35,11.5,3.5,677
2012,7,12,13,30,35.300000000000004,22.92,11,3.5,871
2012,7,12,14,30,35.5,21.990000000000002,10.5,3.6,876
2012,7,12,15,30,35.300000000000004,21.68,10.100000000000001,3.7,822
2012,7,12,16,30,34.7,21.830000000000002,9.8,3.9000000000000004,649
2012,7,12,17,30,33.5,22.990000000000002,9.5,3.9000000000000004,446
2012,7,12,18,30,31.200000000000003,26.53,9.700000000000001,3.1,230
2012,7,12,19,30,28.5,35.11,11.600000000000001,2.4000000000000004,45
2012,7,12,20,30,27.1,40.58,12.600000000000001,2.8000000000000003,0
2012,7,12,21,30,26.3,44.96,13.4,2.9000000000000004,0
2012,7,12,22,30,25.5,49.9,14.3,2.7,0
2012,7,12,23,30,24.700000000000003,54.15,14.8,2.3000000000000003,0
2012,7,13,0,30,24,57.480000000000004,15.100000000000001,2,0
2012,7,13,1,30,23.5,60.04,15.3,1.8,0
2012,7,13,2,30,23.1,62.56,15.600000000000001,1.8,0
2012,7,13,3,30,22.700000000000003,65.65,15.9,1.6,0
2012,7,13,4,30,22,70.23,16.3,1.3,0
2012,7,13,5,30,22.200000000000003,71.08,16.7,1.5,0
2012,7,13,6,30,24.1,64.72,17,1.9000000000000001,73
2012,7,13,7,30,27.400000000000002,53.43,17.1,1.6,268
2012,7,13,8,30,30.6,40.31,15.600000000000001,1.3,481
2012,7,13,9,30,32.6,32.47,14,1.7000000000000002,681
2012,7,13,10,30,34,28.47,13.200000000000001,2.2,846
2012,7,13,11,30,35.2,25.63,12.600000000000001,2.6,962
2012,7,13,12,30,36.1,23.68,12.100000000000001,3,932
2012,7,13,13,30,36.7,22.26,11.700000000000001,3.3000000000000003,1013
2012,7,13,14,30,36.9,21.46,11.3,3.5,944
2012,7,13,15,30,36.6,21.47,11.100000000000001,3.6,817
2012,7,13,16,30,36,21.81,10.8,3.8000000000000003,644
2012,7,13,17,30,34.9,22.87,10.600000000000001,3.8000000000000003,441
2012,7,13,18,30,32.5,26.23,10.700000000000001,3,227
2012,7,13,19,30,29.8,33.96,12.200000000000001,2.5,43
2012,7,13,20,30,28.200000000000003,38.15,12.600000000000001,3,0
2012,7,13,21,30,27.200000000000003,41.230000000000004,12.9,3.4000000000000004,0
2012,7,13,22,30,26.200000000000003,45.49,13.5,3.3000000000000003,0
2012,7,13,23,30,25.3,50.2,14.200000000000001,3.1,0
2012,7,14,0,30,24.5,55.22,14.9,2.9000000000000004,0
2012,7,14,1,30,23.8,60.49,15.700000000000001,2.7,0
2012,7,14,2,30,23.200000000000003,65.81,16.5,2.4000000000000004,0
2012,7,14,3,30,22.6,71.35000000000001,17.2,1.9000000000000001,0
2012,7,14,4,30,22,76.84,17.7,1.5,0
2012,7,14,5,30,22.1,78.85000000000001,18.3,1.8,0
2012,7,14,6,30,24,72.07000000000001,18.7,2.5,70
2012,7,14,7,30,27.200000000000003,58.96,18.5,2.5,208
2012,7,14,8,30,30.200000000000003,45.51,17.1,2.2,394
2012,7,14,9,30,32.2,37.17,15.700000000000001,2.1,643
2012,7,14,10,30,33.9,31.68,14.700000000000001,2.5,731
2012,7,14,11,30,35.2,27.7,13.8,3,953
2012,7,14,12,30,36.2,25.13,13.100000000000001,3.4000000000000004,1009
2012,7,14,13,30,36.9,23.76,12.9,3.7,1004
2012,7,14,14,30,37.1,23.38,12.8,3.9000000000000004,935
2012,7,14,15,30,36.7,23.740000000000002,12.700000000000001,4.2,722
2012,7,14,16,30,36,24.3,12.5,4.4,637
2012,7,14,17,30,34.9,25.41,12.200000000000001,4.5,434
2012,7,14,18,30,32.9,28.23,12.100000000000001,4,223
2012,7,14,19,30,30.8,33.07,12.700000000000001,3.5,42
2012,7,14,20,30,29.3,37.08,13.100000000000001,3.8000000000000003,0
2012,7,14,21,30,28,40.77,13.4,3.9000000000000004,0
2012,7,14,22,30,26.8,45.21,13.9,3.7,0
2012,7,14,23,30,25.700000000000003,50.13,14.5,3.3000000000000003,0
2012,7,15,0,30,24.700000000000003,55.25,15.100000000000001,3,0
2012,7,15,1,30,23.900000000000002,60.03,15.700000000000001,2.7,0
2012,7,15,2,30,23.1,65.19,16.2,2.3000000000000003,0
2012,7,15,3,30,22.5,69.82000000000001,16.7,1.9000000000000001,0
2012,7,15,4,30,21.8,75.28,17.2,1.6,0
2012,7,15,5,30,22,76.64,17.7,1.9000000000000001,0
2012,7,15,6,30,23.900000000000002,70.06,18.1,2.5,72
2012,7,15,7,30,27,57.85,18,2.4000000000000004,268
2012,7,15,8,30,29.900000000000002,44.51,16.5,2.2,483
2012,7,15,9,30,32.1,35.67,15,2.4000000000000004,682
2012,7,15,10,30,33.7,30.35,13.9,2.9000000000000004,847
2012,7,15,11,30,35,26.810000000000002,13.100000000000001,3.2,963
2012,7,15,12,30,35.9,24.46,12.5,3.3000000000000003,1017
2012,7,15,13,30,36.4,22.94,11.9,3.4000000000000004,1011
2012,7,15,14,30,36.6,22.080000000000002,11.5,3.5,940
2012,7,15,15,30,36.4,21.86,11.200000000000001,3.6,813
2012,7,15,16,30,35.7,22.330000000000002,10.9,3.8000000000000003,608
2012,7,15,17,30,34.5,23.580000000000002,10.700000000000001,4,372
2012,7,15,18,30,32.7,26.39,10.9,3.8000000000000003,220
2012,7,15,19,30,30.6,31.86,12,3.7,28
2012,7,15,20,30,29,36.85,12.8,4.1000000000000005,0
2012,7,15,21,30,27.700000000000003,41.32,13.4,4.3,0
2012,7,15,22,30,26.6,45.78,14,4.2,0
2012,7,15,23,30,25.5,50.93,14.600000000000001,3.9000000000000004,0
2012,7,16,0,30,24.5,56.38,15.3,3.6,0
2012,7,16,1,30,23.700000000000003,61.5,15.9,3.2,0
2012,7,16,2,30,22.900000000000002,66.62,16.400000000000002,2.9000000000000004,0
2012,7,16,3,30,22.3,71.2,16.8,2.7,0
2012,7,16,4,30,21.6,76.41,17.3,2.6,0
2012,7,16,5,30,21.3,79.51,17.6,2.8000000000000003,0
2012,7,16,6,30,22.200000000000003,76.5,17.900000000000002,3.2,66
2012,7,16,7,30,24,68.84,17.900000000000002,2.8000000000000003,251
2012,7,16,8,30,25.6,62.300000000000004,17.900000000000002,1.8,454
2012,7,16,9,30,26.6,58.75,17.900000000000002,1.7000000000000002,643
2012,7,16,10,30,27.1,56.410000000000004,17.7,2.5,806
2012,7,16,11,30,27.3,54.57,17.3,3.1,755
2012,7,16,12,30,27.8,50.85,16.7,3.5,984
2012,7,16,13,30,28.6,45.93,15.8,3.8000000000000003,983
2012,7,16,14,30,29.3,41.43,14.9,4.1000000000000005,917
2012,7,16,15,30,29.6,38.36,13.9,4.2,584
2012,7,16,16,30,29.6,36.79,13.3,4.1000000000000005,161
2012,7,16,17,30,28.900000000000002,37.92,13.100000000000001,3.4000000000000004,111
2012,7,16,18,30,26.900000000000002,45.45,14.100000000000001,2.3000000000000003,48
2012,7,16,19,30,24.900000000000002,55.22,15.3,2.1,20
2012,7,16,20,30,23.900000000000002,55.89,14.600000000000001,2.5,0
2012,7,16,21,30,23.400000000000002,55.120000000000005,13.9,2.8000000000000003,0
2012,7,16,22,30,22.900000000000002,55.6,13.5,2.9000000000000004,0
2012,7,16,23,30,22.5,57.28,13.600000000000001,2.8000000000000003,0
2012,7,17,0,30,22,61.29,14.200000000000001,2.5,0
2012,7,17,1,30,21.700000000000003,65.18,14.9,2.2,0
2012,7,17,2,30,21.400000000000002,68.75,15.4,2.4000000000000004,0
2012,7,17,3,30,21.200000000000003,71.83,15.9,2.8000000000000003,0
2012,7,17,4,30,20.900000000000002,75.09,16.3,3.3000000000000003,0
2012,7,17,5,30,21.1,75.60000000000001,16.6,3.8000000000000003,0
2012,7,17,6,30,22.3,71.5,16.900000000000002,4.7,46
2012,7,17,7,30,24.900000000000002,61.6,17,5.5,244
2012,7,17,8,30,27.700000000000003,50.81,16.6,5.4,453
2012,7,17,9,30,30.1,42.300000000000004,15.9,5,626
2012,7,17,10,30,31.900000000000002,36.83,15.3,4.6000000000000005,814
2012,7,17,11,30,33.300000000000004,33.18,14.9,4.5,929
2012,7,17,12,30,34.300000000000004,30.830000000000002,14.700000000000001,4.5,982
2012,7,17,13,30,34.9,29.51,14.5,4.5,975
2012,7,17,14,30,35,29.19,14.4,4.5,906
2012,7,17,15,30,34.9,29.1,14.3,4.5,781
2012,7,17,16,30,34.300000000000004,29.8,14.100000000000001,4.6000000000000005,611
2012,7,17,17,30,33.300000000000004,31.3,14,4.5,410
2012,7,17,18,30,31.400000000000002,35.07,14.100000000000001,3.9000000000000004,202
2012,7,17,19,30,29.5,40.88,14.8,3.6,32
2012,7,17,20,30,28.400000000000002,44.46,15.100000000000001,4.2,0
2012,7,17,21,30,27.400000000000002,47.71,15.3,4.3,0
2012,7,17,22,30,26.3,51.33,15.5,4.1000000000000005,0
2012,7,17,23,30,25.3,54.06,15.3,3.9000000000000004,0
2012,7,18,0,30,24.5,55.97,15.100000000000001,3.7,0
2012,7,18,1,30,23.700000000000003,58.35,15,3.5,0
2012,7,18,2,30,23,61.32,15.200000000000001,3.2,0
2012,7,18,3,30,22.400000000000002,64.89,15.5,3,0
2012,7,18,4,30,21.8,69.39,15.9,2.9000000000000004,0
2012,7,18,5,30,21.8,72.53,16.6,3.2,0
2012,7,18,6,30,22.900000000000002,71.84,17.5,4.2,62
2012,7,18,7,30,25,65.82000000000001,18.2,5,248
2012,7,18,8,30,27.3,54.99,17.5,4.9,457
2012,7,18,9,30,29.200000000000003,46.12,16.400000000000002,4.6000000000000005,654
2012,7,18,10,30,30.8,40.2,15.700000000000001,4.4,818
2012,7,18,11,30,32,36.02,15.100000000000001,4.3,936
2012,7,18,12,30,32.800000000000004,32.87,14.4,4.3,1002
2012,7,18,13,30,33.4,30.42,13.700000000000001,4.4,994
2012,7,18,14,30,33.800000000000004,28.92,13.200000000000001,4.4,925
2012,7,18,15,30,34,28.2,13,4.4,792
2012,7,18,16,30,33.9,28.22,13,4.4,619
2012,7,18,17,30,33.1,29.51,13,4.3,415
2012,7,18,18,30,31.3,33.160000000000004,13.200000000000001,3.6,205
2012,7,18,19,30,29.1,40.2,14.200000000000001,3.4000000000000004,26
2012,7,18,20,30,27.700000000000003,45.07,14.700000000000001,3.9000000000000004,0
2012,7,18,21,30,26.6,49.92,15.3,4.3,0
2012,7,18,22,30,25.6,55.52,16,4.2,0
2012,7,18,23,30,24.8,60.59,16.7,4,0
2012,7,19,0,30,24.200000000000003,64.49,17.1,3.7,0
2012,7,19,1,30,23.5,68.57000000000001,17.400000000000002,3.3000000000000003,0
2012,7,19,2,30,22.900000000000002,72.38,17.7,2.9000000000000004,0
2012,7,19,3,30,22.400000000000002,75.85000000000001,17.900000000000002,2.5,0
2012,7,19,4,30,21.8,79.97,18.2,1.9000000000000001,0
2012,7,19,5,30,21.700000000000003,81.69,18.400000000000002,1.9000000000000001,0
2012,7,19,6,30,22.700000000000003,78.3,18.7,2.7,60
2012,7,19,7,30,24.6,70.06,18.8,3.3000000000000003,249
2012,7,19,8,30,26.900000000000002,58.03,17.900000000000002,3.5,462
2012,7,19,9,30,29,47.76,16.8,3.6,662
2012,7,19,10,30,30.700000000000003,41.03,16,3.7,827
2012,7,19,11,30,32.2,36.45,15.4,3.8000000000000003,941
2012,7,19,12,30,33.2,33.88,15.200000000000001,3.9000000000000004,1000
2012,7,19,13,30,33.800000000000004,32.5,15.100000000000001,4,939
2012,7,19,14,30,34,32.04,15,4.1000000000000005,927
2012,7,19,15,30,33.9,32.22,15,4.2,803
2012,7,19,16,30,33.300000000000004,33.28,15,4.4,633
2012,7,19,17,30,32.300000000000004,35.230000000000004,15,4.4,431
2012,7,19,18,30,30.6,39.24,15.200000000000001,3.8000000000000003,219
2012,7,19,19,30,28.700000000000003,45.53,15.8,3.2,38
2012,7,19,20,30,27.5,50.06,16.2,3.2,0
2012,7,19,21,30,26.8,52.78,16.400000000000002,3.3000000000000003,0
2012,7,19,22,30,26.1,55.28,16.400000000000002,3.2,0
2012,7,19,23,30,25.400000000000002,57.71,16.5,3,0
2012,7,20,0,30,24.8,60.04,16.5,2.9000000000000004,0
2012,7,20,1,30,24.200000000000003,62.85,16.7,2.8000000000000003,0
2012,7,20,2,30,23.5,66.66,16.900000000000002,2.5,0
2012,7,20,3,30,22.900000000000002,70.66,17.3,2.1,0
2012,7,20,4,30,22.400000000000002,74.55,17.7,1.9000000000000001,0
2012,7,20,5,30,22.6,75.21000000000001,18,2.2,0
2012,7,20,6,30,24.200000000000003,69.5,18.3,3.3000000000000003,63
2012,7,20,7,30,26.700000000000003,58.78,18,4,256
2012,7,20,8,30,29.1,48.800000000000004,17.2,3.7,470
2012,7,20,9,30,31.200000000000003,42.1,16.8,3.2,668
2012,7,20,10,30,32.9,37.33,16.400000000000002,2.9000000000000004,833
2012,7,20,11,30,34.300000000000004,33.56,16,2.8000000000000003,949
2012,7,20,12,30,35.4,30.76,15.600000000000001,2.7,954
2012,7,20,13,30,36,29.01,15.200000000000001,2.7,1002
2012,7,20,14,30,36.300000000000004,27.84,14.8,2.6,891
2012,7,20,15,30,36.300000000000004,27.25,14.5,2.5,807
2012,7,20,16,30,35.800000000000004,27.35,14.100000000000001,2.5,634
2012,7,20,17,30,35,28,13.8,2.3000000000000003,430
2012,7,20,18,30,32.800000000000004,31.44,13.700000000000001,1.5,217
2012,7,20,19,30,30.3,42.9,16.3,1.1,24
2012,7,20,20,30,28.900000000000002,44.95,15.8,1.2000000000000002,0
2012,7,20,21,30,28,46.04,15.3,1.5,0
2012,7,20,22,30,27.400000000000002,47.21,15.200000000000001,1.9000000000000001,0
2012,7,20,23,30,26.8,48.96,15.200000000000001,2.4000000000000004,0
2012,7,21,0,30,26.1,51.28,15.3,2.9000000000000004,0
2012,7,21,1,30,25.5,53.6,15.4,3.1,0
2012,7,21,2,30,25,55.67,15.5,3,0
2012,7,21,3,30,24.3,58.5,15.600000000000001,2.6,0
2012,7,21,4,30,23.700000000000003,60.97,15.700000000000001,2.1,0
2012,7,21,5,30,23.8,60.86,15.8,2.2,0
2012,7,21,6,30,25.5,55.34,15.9,2.7,60
2012,7,21,7,30,28.5,46.64,16,2.8000000000000003,249
2012,7,21,8,30,31.400000000000002,38.64,15.600000000000001,2.3000000000000003,461
2012,7,21,9,30,33.6,33.07,15.100000000000001,1.1,659
2012,7,21,10,30,35.4,28.740000000000002,14.5,0.8,824
2012,7,21,11,30,36.7,26.19,14.200000000000001,1.4000000000000001,938
2012,7,21,12,30,37.4,24.94,14,2,994
2012,7,21,13,30,37.7,24.34,13.9,2.4000000000000004,827
2012,7,21,14,30,37.6,24.26,13.8,2.5,841
2012,7,21,15,30,37.1,24.93,13.8,2.6,516
2012,7,21,16,30,36.4,25.87,13.8,2.6,612
2012,7,21,17,30,35.5,27.22,13.8,2.4000000000000004,411
2012,7,21,18,30,33.7,30.580000000000002,14,1.7000000000000002,203
2012,7,21,19,30,31.6,39.95,16.3,1,24
2012,7,21,20,30,30.200000000000003,43.160000000000004,16.3,1.1,0
2012,7,21,21,30,29.3,44.410000000000004,15.9,1.1,0
2012,7,21,22,30,28.6,45.1,15.5,1.2000000000000002,0
2012,7,21,23,30,27.900000000000002,45.7,15.100000000000001,1.4000000000000001,0
2012,7,22,0,30,27.200000000000003,46.09,14.600000000000001,1.8,0
2012,7,22,1,30,26.6,46.26,14.100000000000001,2.2,0
2012,7,22,2,30,25.8,47.63,13.8,2.5,0
2012,7,22,3,30,25.1,49.4,13.8,2.4000000000000004,0
2012,7,22,4,30,24.5,51.38,13.8,2.2,0
2012,7,22,5,30,24.6,51.39,13.9,2.3000000000000003,0
2012,7,22,6,30,26.3,46.88,14.100000000000001,2.9000000000000004,56
2012,7,22,7,30,29.400000000000002,39.18,14.100000000000001,3.4000000000000004,245
2012,7,22,8,30,32.7,30.79,13.3,3.1,459
2012,7,22,9,30,35.1,26.11,12.8,1.9000000000000001,659
2012,7,22,10,30,36.800000000000004,23.71,12.700000000000001,1.2000000000000002,823
2012,7,22,11,30,38,22.17,12.700000000000001,1.3,169
2012,7,22,12,30,38.800000000000004,21.23,12.700000000000001,1.6,458
2012,7,22,13,30,39.1,20.84,12.700000000000001,1.8,986
2012,7,22,14,30,39.1,20.7,12.600000000000001,1.9000000000000001,915
2012,7,22,15,30,38.7,20.72,12.3,2.1,789
2012,7,22,16,30,37.9,21.09,11.9,2.3000000000000003,614
2012,7,22,17,30,36.7,22.16,11.600000000000001,2.4000000000000004,414
2012,7,22,18,30,34.5,25.36,11.8,1.9000000000000001,67
2012,7,22,19,30,32,33.71,14,1.6,22
2012,7,22,20,30,30.700000000000003,34.68,13.3,2.1,0
2012,7,22,21,30,29.900000000000002,34.160000000000004,12.4,2.7,0
2012,7,22,22,30,29.200000000000003,33.980000000000004,11.700000000000001,3.3000000000000003,0
2012,7,22,23,30,28.1,36.2,11.700000000000001,3.4000000000000004,0
2012,7,23,0,30,27,40.54,12.5,3,0
2012,7,23,1,30,26.200000000000003,45.04,13.3,2.8000000000000003,0
2012,7,23,2,30,25.5,49.31,14.100000000000001,2.7,0
2012,7,23,3,30,24.8,53.65,14.8,2.6,0
2012,7,23,4,30,24.1,58.230000000000004,15.4,2.5,0
2012,7,23,5,30,23.900000000000002,60.7,15.8,2.7,0
2012,7,23,6,30,25.200000000000003,57.53,16.2,3.6,55
2012,7,23,7,30,27.900000000000002,50.08,16.5,4.3,123
2012,7,23,8,30,30.6,42.13,16.3,4.2,388
2012,7,23,9,30,33,34.65,15.4,3.9000000000000004,325
2012,7,23,10,30,34.2,30.5,14.4,4,809
2012,7,23,11,30,34.4,28.900000000000002,13.8,4.4,920
2012,7,23,12,30,34,29.2,13.600000000000001,5.1000000000000005,977
2012,7,23,13,30,33,31.51,13.9,5.9,966
2012,7,23,14,30,31.700000000000003,35.31,14.5,6.5,896
2012,7,23,15,30,30.900000000000002,38.85,15.3,6.800000000000001,774
2012,7,23,16,30,30.400000000000002,41.08,15.700000000000001,6.5,608
2012,7,23,17,30,29.700000000000003,42.08,15.5,5.800000000000001,303
2012,7,23,18,30,28.400000000000002,44.5,15.200000000000001,4.5,104
2012,7,23,19,30,26.900000000000002,49.050000000000004,15.3,3,24
2012,7,23,20,30,25.700000000000003,53.76,15.600000000000001,2.2,0
2012,7,23,21,30,25.200000000000003,55.54,15.700000000000001,2.1,0
2012,7,23,22,30,25,55.84,15.600000000000001,2.4000000000000004,0
2012,7,23,23,30,25,55.24,15.4,2.9000000000000004,0
2012,7,24,0,30,24.8,55.75,15.4,3.3000000000000003,0
2012,7,24,1,30,24.400000000000002,57.870000000000005,15.600000000000001,3.6,0
2012,7,24,2,30,23.8,61.99,16.1,3.8000000000000003,0
2012,7,24,3,30,23.200000000000003,67.44,16.8,3.9000000000000004,0
2012,7,24,4,30,22.5,74.13,17.7,3.9000000000000004,0
2012,7,24,5,30,22.3,78.48,18.400000000000002,4.2,0
2012,7,24,6,30,23.400000000000002,75.82000000000001,18.900000000000002,5.1000000000000005,55
2012,7,24,7,30,25.8,65.94,19,5.9,243
2012,7,24,8,30,28.5,54.38,18.400000000000002,5.800000000000001,455
2012,7,24,9,30,30.900000000000002,45.62,17.8,5.5,655
2012,7,24,10,30,32.800000000000004,39.49,17.2,5.2,820
2012,7,24,11,30,34.300000000000004,34.980000000000004,16.6,5,937
2012,7,24,12,30,35.4,31.71,16.1,4.800000000000001,993
2012,7,24,13,30,36.1,29.27,15.4,4.6000000000000005,988
2012,7,24,14,30,36.6,27.23,14.700000000000001,4.5,921
2012,7,24,15,30,36.5,26.23,14,4.4,795
2012,7,24,16,30,36.1,25.830000000000002,13.5,4.4,624
2012,7,24,17,30,35,26.79,13.100000000000001,4.3,420
2012,7,24,18,30,32.9,29.79,12.9,3.5,208
2012,7,24,19,30,30.8,34.9,13.5,3.3000000000000003,20
2012,7,24,20,30,29.6,37.06,13.4,4.1000000000000005,0
2012,7,24,21,30,28.700000000000003,38.78,13.3,4.3,0
2012,7,24,22,30,27.700000000000003,40.96,13.200000000000001,4.3,0
2012,7,24,23,30,26.900000000000002,42.49,13.100000000000001,4.2,0
2012,7,25,0,30,26.200000000000003,44.07,13,4.3,0
2012,7,25,1,30,25.400000000000002,47.08,13.3,4.4,0
2012,7,25,2,30,24.6,52.61,14.3,4.5,0
2012,7,25,3,30,23.900000000000002,60.01,15.700000000000001,4.6000000000000005,0
2012,7,25,4,30,23.400000000000002,66.72,16.900000000000002,4.6000000000000005,0
2012,7,25,5,30,23.3,70.10000000000001,17.5,4.7,0
2012,7,25,6,30,24.6,66.04,17.8,5.6000000000000005,52
2012,7,25,7,30,27.3,54.910000000000004,17.400000000000002,6.1000000000000005,237
2012,7,25,8,30,30.200000000000003,44.12,16.6,5.7,448
2012,7,25,9,30,32.7,36.67,16,4.800000000000001,646
2012,7,25,10,30,34.9,31.66,15.600000000000001,4,810
2012,7,25,11,30,36.7,28.080000000000002,15.3,3.6,927
2012,7,25,12,30,38.2,25.3,14.9,3.5,987
2012,7,25,13,30,39.1,23.59,14.600000000000001,3.8000000000000003,981
2012,7,25,14,30,39.400000000000006,22.79,14.3,4.2,913
2012,7,25,15,30,39.2,22.400000000000002,13.9,4.4,774
2012,7,25,16,30,38.400000000000006,22.55,13.3,4.5,600
2012,7,25,17,30,37.2,23.27,12.8,4.3,393
2012,7,25,18,30,35.1,25.66,12.5,3.5,189
2012,7,25,19,30,32.800000000000004,30.650000000000002,13.3,3.3000000000000003,19
2012,7,25,20,30,31.6,33.730000000000004,13.700000000000001,4.2,0
2012,7,25,21,30,30.6,36.730000000000004,14.100000000000001,4.9,0
2012,7,25,22,30,29.400000000000002,40.2,14.5,4.800000000000001,0
2012,7,25,23,30,28.3,42.92,14.5,4.5,0
2012,7,26,0,30,27.400000000000002,44.82,14.4,4.5,0
2012,7,26,1,30,26.400000000000002,47.230000000000004,14.3,4.5,0
2012,7,26,2,30,25.6,49.72,14.3,4.3,0
2012,7,26,3,30,25,52.52,14.600000000000001,4.1000000000000005,0
2012,7,26,4,30,24.5,55.78,15.100000000000001,3.9000000000000004,0
2012,7,26,5,30,24.5,57.52,15.600000000000001,3.9000000000000004,0
2012,7,26,6,30,25.6,55.730000000000004,16.1,4.3,35
2012,7,26,7,30,28.3,48.64,16.5,4.6000000000000005,192
2012,7,26,8,30,31.3,39.64,16,4.2,128
2012,7,26,9,30,33.4,34.14,15.5,3.3000000000000003,645
2012,7,26,10,30,34.7,31.62,15.4,2.5,779
2012,7,26,11,30,35.7,30.02,15.5,2.1,923
2012,7,26,12,30,36.2,29.51,15.600000000000001,2.1,856
2012,7,26,13,30,36.1,30.18,15.9,2.4000000000000004,885
2012,7,26,14,30,35.4,31.94,16.2,2.8000000000000003,898
2012,7,26,15,30,34.5,34.300000000000004,16.5,3.3000000000000003,198
2012,7,26,16,30,33.5,36.99,16.8,3.7,170
2012,7,26,17,30,32.300000000000004,40.230000000000004,17.1,3.7,138
2012,7,26,18,30,30.700000000000003,45.56,17.6,3.3000000000000003,108
2012,7,26,19,30,29.200000000000003,52.660000000000004,18.5,3,15
2012,7,26,20,30,28.1,57.660000000000004,19,2.9000000000000004,0
2012,7,26,21,30,27.3,62.02,19.400000000000002,2.6,0
2012,7,26,22,30,26.5,66.66,19.8,2.2,0
2012,7,26,23,30,25.8,70.74,20.1,1.8,0
2012,7,27,0,30,25.1,74.38,20.200000000000003,1.6,0
2012,7,27,1,30,24.5,77.26,20.3,1.8,0
2012,7,27,2,30,24,78.47,20,2.5,0
2012,7,27,3,30,23.5,79.36,19.700000000000003,3,0
2012,7,27,4,30,23,81.89,19.700000000000003,2.7,0
2012,7,27,5,30,22.900000000000002,82.91,19.8,2.4000000000000004,0
2012,7,27,6,30,23.5,81.07000000000001,20.1,2.7,34
2012,7,27,7,30,24.8,75.45,20.200000000000003,2.8000000000000003,175
2012,7,27,8,30,26.6,66.65,19.900000000000002,2.5,251
2012,7,27,9,30,28.200000000000003,58.84,19.400000000000002,2.4000000000000004,437
2012,7,27,10,30,29.3,54.28,19.1,2.7,784
2012,7,27,11,30,30,51.660000000000004,19,3.1,903
2012,7,27,12,30,30.6,49.35,18.8,3.4000000000000004,835
2012,7,27,13,30,30.900000000000002,47.63,18.5,3.6,901
2012,7,27,14,30,30.900000000000002,46.92,18.3,3.7,246
2012,7,27,15,30,30.6,47.12,18,3.8000000000000003,264
2012,7,27,16,30,30.200000000000003,47.97,18,3.9000000000000004,400
2012,7,27,17,30,29.5,50.08,18,3.9000000000000004,392
2012,7,27,18,30,28.200000000000003,54.63,18.2,3.4000000000000004,178
2012,7,27,19,30,26.8,61.47,18.8,2.7,13
2012,7,27,20,30,25.8,66.83,19.200000000000003,2.4000000000000004,0
2012,7,27,21,30,25.1,71.17,19.5,2,0
2012,7,27,22,30,24.5,75.39,19.900000000000002,1.6,0
2012,7,27,23,30,24,78.95,20.1,1.2000000000000002,0
2012,7,28,0,30,23.6,81.45,20.200000000000003,1.1,0
2012,7,28,1,30,23.3,83.04,20.3,1.1,0
2012,7,28,2,30,23,84.15,20.200000000000003,1,0
2012,7,28,3,30,22.8,84.62,20.1,1.1,0
2012,7,28,4,30,22.400000000000002,85.61,19.900000000000002,1.4000000000000001,0
2012,7,28,5,30,22.400000000000002,83.86,19.5,2.1,0
2012,7,28,6,30,23.5,76.47,19.1,3.3000000000000003,45
2012,7,28,7,30,25.900000000000002,62.7,18.2,4.2,227
2012,7,28,8,30,28.400000000000002,50.84,17.2,4.3,440
2012,7,28,9,30,30.5,42.910000000000004,16.5,4.1000000000000005,641
2012,7,28,10,30,32.300000000000004,37.480000000000004,16,4,810
2012,7,28,11,30,33.7,33.46,15.4,4.2,929
2012,7,28,12,30,34.800000000000004,29.88,14.600000000000001,4.4,996
2012,7,28,13,30,35.5,26.75,13.5,4.6000000000000005,992
2012,7,28,14,30,35.9,24.13,12.3,4.6000000000000005,925
2012,7,28,15,30,35.7,22.7,11.200000000000001,4.6000000000000005,803
2012,7,28,16,30,35.1,22.1,10.3,4.5,628
2012,7,28,17,30,33.800000000000004,22.69,9.600000000000001,4.1000000000000005,421
2012,7,28,18,30,31,26.45,9.5,2.8000000000000003,204
2012,7,28,19,30,28,36.06,11.600000000000001,1.9000000000000001,26
2012,7,28,20,30,26.6,39.75,11.8,1.9000000000000001,0
2012,7,28,21,30,25.8,42.38,12.100000000000001,2.1,0
2012,7,28,22,30,25.200000000000003,45.660000000000004,12.600000000000001,2.4000000000000004,0
2012,7,28,23,30,24.8,49.65,13.600000000000001,3,0
2012,7,29,0,30,24.400000000000002,54.58,14.700000000000001,3.5,0
2012,7,29,1,30,24,59.64,15.700000000000001,3.6,0
2012,7,29,2,30,23.6,64.3,16.5,3.4000000000000004,0
2012,7,29,3,30,23.1,69.17,17.1,3,0
2012,7,29,4,30,22.5,74.34,17.7,2.3000000000000003,0
2012,7,29,5,30,22.5,76.31,18.1,2.1,0
2012,7,29,6,30,24.3,69.84,18.400000000000002,2.9000000000000004,50
2012,7,29,7,30,27.200000000000003,59.59,18.7,3.9000000000000004,241
2012,7,29,8,30,29.900000000000002,50.5,18.5,4.2,456
2012,7,29,9,30,32,43.13,17.900000000000002,4,658
2012,7,29,10,30,33.7,36.99,17,3.8000000000000003,826
2012,7,29,11,30,35.2,31.970000000000002,16,3.7,945
2012,7,29,12,30,36.2,28.78,15.200000000000001,3.8000000000000003,1004
2012,7,29,13,30,36.800000000000004,26.91,14.700000000000001,3.8000000000000003,998
2012,7,29,14,30,37.1,25.78,14.3,3.7,930
2012,7,29,15,30,36.9,25.37,13.9,3.7,800
2012,7,29,16,30,36.300000000000004,25.39,13.4,3.6,623
2012,7,29,17,30,35.1,26.38,13,3.4000000000000004,417
2012,7,29,18,30,32.5,30.13,12.8,2.4000000000000004,200
2012,7,29,19,30,29.8,39.18,14.4,1.6,25
2012,7,29,20,30,28.400000000000002,42.56,14.5,1.6,0
2012,7,29,21,30,27.5,44.57,14.4,1.6,0
2012,7,29,22,30,26.6,46.84,14.3,1.5,0
2012,7,29,23,30,25.8,49.02,14.3,1.5,0
2012,7,30,0,30,25.1,51.06,14.3,1.9000000000000001,0
2012,7,30,1,30,24.5,53,14.3,2.4000000000000004,0
2012,7,30,2,30,24,54.81,14.4,2.8000000000000003,0
2012,7,30,3,30,23.400000000000002,57.25,14.5,2.9000000000000004,0
2012,7,30,4,30,22.8,59.980000000000004,14.600000000000001,2.6,0
2012,7,30,5,30,22.8,60.480000000000004,14.8,2.7,0
2012,7,30,6,30,24.200000000000003,56.22,14.9,3.2,47
2012,7,30,7,30,27.400000000000002,47.18,15.200000000000001,3.6,236
2012,7,30,8,30,30.900000000000002,37.54,14.700000000000001,3.7,454
2012,7,30,9,30,33.300000000000004,31.71,14.200000000000001,3.2,659
2012,7,30,10,30,35,28.26,13.9,3,828
2012,7,30,11,30,36.300000000000004,25.73,13.600000000000001,3,948
2012,7,30,12,30,37.300000000000004,23.830000000000002,13.200000000000001,3.2,1004
2012,7,30,13,30,37.9,22.59,12.9,3.4000000000000004,998
2012,7,30,14,30,38,21.94,12.600000000000001,3.5,928
2012,7,30,15,30,37.800000000000004,21.57,12.100000000000001,3.6,800
2012,7,30,16,30,37.1,21.82,11.700000000000001,3.7,623
2012,7,30,17,30,35.800000000000004,22.900000000000002,11.4,3.5,416
2012,7,30,18,30,33.1,26.47,11.3,2.5,200
2012,7,30,19,30,30.200000000000003,34.94,13,1.7000000000000002,24
2012,7,30,20,30,28.700000000000003,37.75,12.9,1.8,0
2012,7,30,21,30,27.700000000000003,39.7,12.8,1.7000000000000002,0
2012,7,30,22,30,26.8,42.26,12.9,1.6,0
2012,7,30,23,30,26,44.7,13,1.6,0
2012,7,31,0,30,25.3,46.800000000000004,13.100000000000001,1.7000000000000002,0
2012,7,31,1,30,24.8,48.160000000000004,13.100000000000001,1.9000000000000001,0
2012,7,31,2,30,24.3,49.5,13.100000000000001,2.3000000000000003,0
2012,7,31,3,30,23.900000000000002,50.83,13.100000000000001,2.4000000000000004,0
2012,7,31,4,30,23.3,53.21,13.200000000000001,2.3000000000000003,0
2012,7,31,5,30,23.400000000000002,53.54,13.4,2.4000000000000004,0
2012,7,31,6,30,24.900000000000002,49.89,13.700000000000001,2.8000000000000003,48
2012,7,31,7,30,28.3,41.72,14.100000000000001,3.2,240
2012,7,31,8,30,32,33.09,13.8,3,458
2012,7,31,9,30,34.4,27.43,13,2.4000000000000004,663
2012,7,31,10,30,36,24.3,12.5,2.2,831
2012,7,31,11,30,37.300000000000004,22.31,12.200000000000001,2.6,950
2012,7,31,12,30,38.300000000000004,20.88,12.100000000000001,2.8000000000000003,1007
2012,7,31,13,30,38.800000000000004,19.990000000000002,11.8,3,1001
2012,7,31,14,30,39,19.57,11.700000000000001,3.1,930
2012,7,31,15,30,38.900000000000006,19.62,11.600000000000001,3.2,802
2012,7,31,16,30,38.2,20.2,11.5,3.2,625
2012,7,31,17,30,37,21.43,11.4,3,417
2012,7,31,18,30,34.300000000000004,25.3,11.600000000000001,2.2,199
2012,7,31,19,30,31.400000000000002,34.19,13.700000000000001,1.6,23
2012,7,31,20,30,30.1,36.52,13.600000000000001,1.8,0
2012,7,31,21,30,29.200000000000003,38.36,13.600000000000001,2,0
2012,7,31,22,30,28.3,40.6,13.600000000000001,2.1,0
2012,7,31,23,30,27.5,42.74,13.700000000000001,2.2,0
2012,8,1,0,30,26.900000000000002,44.26,13.700000000000001,2.6,0
2012,8,1,1,30,26.3,45.67,13.700000000000001,3,0
2012,8,1,2,30,25.700000000000003,47.300000000000004,13.600000000000001,3.2,0
2012,8,1,3,30,25.1,49.15,13.700000000000001,3.1,0
2012,8,1,4,30,24.400000000000002,51.370000000000005,13.700000000000001,2.8000000000000003,0
2012,8,1,5,30,24.200000000000003,52.04,13.700000000000001,2.9000000000000004,0
2012,8,1,6,30,25.5,48.26,13.8,3.2,46
2012,8,1,7,30,28.8,39.85,13.8,3.8000000000000003,237
2012,8,1,8,30,32.6,29.93,12.700000000000001,3.9000000000000004,456
2012,8,1,9,30,35.2,25.330000000000002,12.4,3.1,659
2012,8,1,10,30,37.1,23.62,12.9,2.6,828
2012,8,1,11,30,38.5,22.400000000000002,13.3,2.7,945
2012,8,1,12,30,39.5,21.34,13.4,3,999
2012,8,1,13,30,40.1,20.6,13.3,3.3000000000000003,993
2012,8,1,14,30,40.300000000000004,20.25,13.200000000000001,3.5,922
2012,8,1,15,30,40,20.330000000000002,13,3.6,793
2012,8,1,16,30,39.2,20.69,12.700000000000001,3.6,618
2012,8,1,17,30,37.9,21.63,12.3,3.4000000000000004,410
2012,8,1,18,30,35.2,24.8,12.100000000000001,2.5,194
2012,8,1,19,30,32.4,31.46,13.3,2,21
2012,8,1,20,30,31.1,33.35,13.100000000000001,2.5,0
2012,8,1,21,30,30.400000000000002,34.1,12.8,3.3000000000000003,0
2012,8,1,22,30,29.6,35.660000000000004,12.8,4,0
2012,8,1,23,30,28.8,37.76,13,4.4,0
2012,8,2,0,30,28,40.09,13.200000000000001,4.4,0
2012,8,2,1,30,27.400000000000002,41.93,13.3,4.4,0
2012,8,2,2,30,26.6,44.11,13.4,4.3,0
2012,8,2,3,30,25.8,46.15,13.4,4,0
2012,8,2,4,30,24.8,48.74,13.3,3.7,0
2012,8,2,5,30,24.200000000000003,50.18,13.200000000000001,3.6,0
2012,8,2,6,30,25.1,47.38,13.100000000000001,3.7,43
2012,8,2,7,30,27.8,40.24,13.100000000000001,3.9000000000000004,233
2012,8,2,8,30,31.6,31.5,12.700000000000001,4,452
2012,8,2,9,30,34.800000000000004,25.17,12,3.6,660
2012,8,2,10,30,37.1,21.900000000000002,11.8,3.2,831
2012,8,2,11,30,38.7,19.7,11.5,3.1,951
2012,8,2,12,30,39.800000000000004,17.91,11,3.3000000000000003,1009
2012,8,2,13,30,40.400000000000006,16.580000000000002,10.3,3.4000000000000004,1004
2012,8,2,14,30,40.7,15.63,9.600000000000001,3.5,933
2012,8,2,15,30,40.5,15.18,9,3.5,808
2012,8,2,16,30,39.900000000000006,15.14,8.5,3.6,629
2012,8,2,17,30,38.5,15.93,8.200000000000001,3.5,419
2012,8,2,18,30,35.4,18.98,8.3,2.7,199
2012,8,2,19,30,32.5,24.5,9.600000000000001,2.6,21
2012,8,2,20,30,31.400000000000002,25.48,9.3,3.7,0
2012,8,2,21,30,30.5,26.95,9.4,4.6000000000000005,0
2012,8,2,22,30,29.400000000000002,29.68,9.9,4.9,0
2012,8,2,23,30,28.5,32.42,10.4,4.9,0
2012,8,3,0,30,27.6,35.11,10.8,4.4,0
2012,8,3,1,30,26.5,38.160000000000004,11.100000000000001,3.8000000000000003,0
2012,8,3,2,30,25.6,40.83,11.3,3.4000000000000004,0
2012,8,3,3,30,24.700000000000003,44.03,11.600000000000001,3.2,0
2012,8,3,4,30,23.900000000000002,47.6,12.100000000000001,3,0
2012,8,3,5,30,23.5,50.33,12.600000000000001,3.2,0
2012,8,3,6,30,24.700000000000003,48.300000000000004,13.100000000000001,3.9000000000000004,46
2012,8,3,7,30,27.6,41.980000000000004,13.5,4.4,242
2012,8,3,8,30,31.3,34.550000000000004,13.8,4.6000000000000005,463
2012,8,3,9,30,34.800000000000004,26.67,12.9,4.4,668
2012,8,3,10,30,37.300000000000004,21.05,11.4,4.3,839
2012,8,3,11,30,39.1,17.72,10.200000000000001,4.5,959
2012,8,3,12,30,40.300000000000004,15.73,9.4,4.9,1015
2012,8,3,13,30,41,14.780000000000001,9,5.2,1008
2012,8,3,14,30,41.2,14.700000000000001,9.1,5.4,934
2012,8,3,15,30,40.800000000000004,15.48,9.600000000000001,5.6000000000000005,802
2012,8,3,16,30,39.800000000000004,16.98,10.200000000000001,5.6000000000000005,621
2012,8,3,17,30,38.300000000000004,19.05,10.700000000000001,5.4,410
2012,8,3,18,30,35.9,22.48,11.200000000000001,4.6000000000000005,191
2012,8,3,19,30,33.5,27.01,12,3.9000000000000004,18
2012,8,3,20,30,31.900000000000002,30.52,12.4,4,0
2012,8,3,21,30,30.700000000000003,32.96,12.600000000000001,4.2,0
2012,8,3,22,30,29.5,35.11,12.5,4.3,0
2012,8,3,23,30,28.5,36.82,12.3,4.4,0
2012,8,4,0,30,27.5,38.62,12.200000000000001,4.4,0
2012,8,4,1,30,26.6,40.52,12.100000000000001,4.7,0
2012,8,4,2,30,25.700000000000003,43.53,12.4,4.7,0
2012,8,4,3,30,24.8,48.230000000000004,13.100000000000001,4.4,0
2012,8,4,4,30,24,54.11,14.200000000000001,4,0
2012,8,4,5,30,23.6,59.35,15.200000000000001,3.9000000000000004,0
2012,8,4,6,30,24.6,59.79,16.3,4.7,40
2012,8,4,7,30,27.1,54.51,17.1,5.5,227
2012,8,4,8,30,30.200000000000003,44.36,16.7,5.5,445
2012,8,4,9,30,33.1,35.42,15.8,5.300000000000001,650
2012,8,4,10,30,35.4,30.400000000000002,15.4,4.9,821
2012,8,4,11,30,37.2,26.91,15,4.7,943
2012,8,4,12,30,38.5,24.32,14.600000000000001,4.6000000000000005,1005
2012,8,4,13,30,39.2,22.61,14,4.7,999
2012,8,4,14,30,39.400000000000006,21.6,13.5,4.800000000000001,928
2012,8,4,15,30,39.1,21.46,13.100000000000001,5,797
2012,8,4,16,30,38.2,22.29,13,5.1000000000000005,619
2012,8,4,17,30,36.7,24.12,12.9,5,408
2012,8,4,18,30,34.5,26.93,12.8,4.1000000000000005,190
2012,8,4,19,30,32.2,30.27,12.600000000000001,3.2,18
2012,8,4,20,30,30.6,32.64,12.3,3.1,0
2012,8,4,21,30,29.400000000000002,34.980000000000004,12.3,3.2,0
2012,8,4,22,30,28.400000000000002,38.21,12.8,3.2,0
2012,8,4,23,30,27.5,41.81,13.4,3.2,0
2012,8,5,0,30,26.700000000000003,44.87,13.700000000000001,3,0
2012,8,5,1,30,25.900000000000002,47.59,13.9,2.6,0
2012,8,5,2,30,25.200000000000003,50.53,14.200000000000001,2.3000000000000003,0
2012,8,5,3,30,24.5,54.77,14.8,1.9000000000000001,0
2012,8,5,4,30,24,59.67,15.700000000000001,1.3,0
2012,8,5,5,30,24,62.78,16.5,1.2000000000000002,0
2012,8,5,6,30,25.1,61.49,17.2,1.9000000000000001,38
2012,8,5,7,30,27.3,57.81,18.3,2.1,220
2012,8,5,8,30,29.8,49.68,18.2,2.2,432
2012,8,5,9,30,32,41.44,17.3,3.1,633
2012,8,5,10,30,33.800000000000004,35.550000000000004,16.5,3.9000000000000004,801
2012,8,5,11,30,35.300000000000004,31.310000000000002,15.8,4.4,920
2012,8,5,12,30,36.5,28.310000000000002,15.200000000000001,4.7,979
2012,8,5,13,30,37.2,26.53,14.8,4.9,972
2012,8,5,14,30,37.5,25.53,14.5,4.9,903
2012,8,5,15,30,37.4,25.16,14.200000000000001,4.9,513
2012,8,5,16,30,36.7,25.82,14,4.9,596
2012,8,5,17,30,35.5,27.400000000000002,13.9,4.7,390
2012,8,5,18,30,33.800000000000004,30.150000000000002,13.9,3.9000000000000004,138
2012,8,5,19,30,32,33.9,14.100000000000001,3.2,8
2012,8,5,20,30,30.8,37.13,14.5,3.1,0
2012,8,5,21,30,29.900000000000002,39.800000000000004,14.8,3.1,0
2012,8,5,22,30,29,42.33,14.9,3.1,0
2012,8,5,23,30,28.1,44.59,14.9,3,0
2012,8,6,0,30,27.400000000000002,45.89,14.700000000000001,3.2,0
2012,8,6,1,30,26.6,47.01,14.4,3.3000000000000003,0
2012,8,6,2,30,25.900000000000002,47.88,14,3.3000000000000003,0
2012,8,6,3,30,25,49.99,13.9,3,0
2012,8,6,4,30,24.1,52.86,13.9,2.5,0
2012,8,6,5,30,23.700000000000003,54.59,14,2.4000000000000004,0
2012,8,6,6,30,25.1,50.88,14.200000000000001,2.8000000000000003,39
2012,8,6,7,30,28,43.26,14.4,2.6,228
2012,8,6,8,30,31.1,35.82,14.200000000000001,1.9000000000000001,447
2012,8,6,9,30,33.4,30.42,13.700000000000001,1.8,652
2012,8,6,10,30,35.2,26.17,12.9,2.3000000000000003,822
2012,8,6,11,30,36.7,23.36,12.4,2.6,940
2012,8,6,12,30,37.800000000000004,21.580000000000002,12.100000000000001,2.9000000000000004,999
2012,8,6,13,30,38.5,20.55,12,3,990
2012,8,6,14,30,38.800000000000004,20.17,11.9,3.2,918
2012,8,6,15,30,38.7,20.14,11.8,3.4000000000000004,788
2012,8,6,16,30,38.1,20.47,11.600000000000001,3.6,612
2012,8,6,17,30,36.9,21.56,11.4,3.6,402
2012,8,6,18,30,34.6,24.400000000000002,11.3,2.9000000000000004,185
2012,8,6,19,30,32.2,29.13,12,2.5,15
2012,8,6,20,30,31.1,31.46,12.200000000000001,3.2,0
2012,8,6,21,30,30.400000000000002,33.29,12.5,3.7,0
2012,8,6,22,30,29.6,35.49,12.700000000000001,3.7,0
2012,8,6,23,30,28.8,37.56,12.9,3.7,0
2012,8,7,0,30,28.1,39.38,13,3.6,0
2012,8,7,1,30,27.400000000000002,41.35,13.100000000000001,3.6,0
2012,8,7,2,30,26.700000000000003,43.51,13.3,3.4000000000000004,0
2012,8,7,3,30,26.1,45.77,13.5,3.2,0
2012,8,7,4,30,25.5,48.31,13.8,2.9000000000000004,0
2012,8,7,5,30,25.200000000000003,50,14,2.8000000000000003,0
2012,8,7,6,30,26.200000000000003,48.02,14.3,3,14
2012,8,7,7,30,29.1,41.39,14.700000000000001,3.3000000000000003,221
2012,8,7,8,30,32.4,33.7,14.4,3,436
2012,8,7,9,30,34.800000000000004,28.36,13.8,1.8,639
2012,8,7,10,30,36.6,24.53,13.100000000000001,1.4000000000000001,754
2012,8,7,11,30,37.9,21.97,12.5,2.1,921
2012,8,7,12,30,38.400000000000006,21.13,12.3,2.7,972
2012,8,7,13,30,38.400000000000006,21.29,12.4,3.2,879
2012,8,7,14,30,38.2,21.87,12.700000000000001,3.6,892
2012,8,7,15,30,38,22.53,13,4,616
2012,8,7,16,30,37.5,23.35,13.100000000000001,4.3,575
2012,8,7,17,30,36.4,24.87,13.100000000000001,4.2,373
2012,8,7,18,30,34.4,27.69,13.100000000000001,3.2,9
2012,8,7,19,30,32.4,31.400000000000002,13.3,2.4000000000000004,13
2012,8,7,20,30,31.200000000000003,33.18,13.100000000000001,2.6,0
2012,8,7,21,30,30.400000000000002,33.35,12.5,3,0
2012,8,7,22,30,29.6,33.56,11.9,3.2,0
2012,8,7,23,30,28.8,33.92,11.3,3.3000000000000003,0
2012,8,8,0,30,28.1,34.56,11,3.1,0
2012,8,8,1,30,27.400000000000002,36.01,11,2.6,0
2012,8,8,2,30,26.900000000000002,38.17,11.5,2.1,0
2012,8,8,3,30,26.3,41.980000000000004,12.4,1.3,0
2012,8,8,4,30,25.6,46.77,13.4,0.5,0
2012,8,8,5,30,25.200000000000003,49.77,14,0.7000000000000001,0
2012,8,8,6,30,25.3,51.77,14.700000000000001,1.1,19
2012,8,8,7,30,26.5,50.17,15.3,0.9,21
2012,8,8,8,30,28.5,45.730000000000004,15.700000000000001,0.8,155
2012,8,8,9,30,30.700000000000003,40.14,15.600000000000001,0.7000000000000001,317
2012,8,8,10,30,32.6,35.06,15.200000000000001,0.6000000000000001,517
2012,8,8,11,30,34.1,31.6,14.9,1,779
2012,8,8,12,30,34.9,30.240000000000002,14.9,1.7000000000000002,497
2012,8,8,13,30,35,30.41,15.100000000000001,2.2,410
2012,8,8,14,30,34.7,31.51,15.3,2.4000000000000004,383
2012,8,8,15,30,34.300000000000004,32.730000000000004,15.600000000000001,2.4000000000000004,357
2012,8,8,16,30,33.9,33.57,15.600000000000001,2.2,518
2012,8,8,17,30,33.1,35.33,15.700000000000001,1.9000000000000001,204
2012,8,8,18,30,31.200000000000003,41.31,16.5,1.4000000000000001,86
2012,8,8,19,30,29.200000000000003,53.67,18.8,1.3,12
2012,8,8,20,30,28.1,54.49,18.1,1.6,0
2012,8,8,21,30,27.3,55.410000000000004,17.6,1.9000000000000001,0
2012,8,8,22,30,26.6,57.9,17.6,1.9000000000000001,0
2012,8,8,23,30,25.900000000000002,60.77,17.7,1.7000000000000002,0
2012,8,9,0,30,25.3,63.07,17.8,1.5,0
2012,8,9,1,30,24.8,64.69,17.7,1.3,0
2012,8,9,2,30,24.3,66.17,17.6,1.2000000000000002,0
2012,8,9,3,30,23.8,68.13,17.6,1,0
2012,8,9,4,30,23.200000000000003,70.51,17.5,0.9,0
2012,8,9,5,30,23.200000000000003,70.01,17.400000000000002,0.9,0
2012,8,9,6,30,24.6,64.93,17.6,1.3,35
2012,8,9,7,30,27.700000000000003,53.09,17.3,1.3,222
2012,8,9,8,30,31,39.410000000000004,15.600000000000001,1.1,443
2012,8,9,9,30,33.300000000000004,32.04,14.4,1.6,651
2012,8,9,10,30,35,27.560000000000002,13.5,2.3000000000000003,822
2012,8,9,11,30,36.300000000000004,24.7,13,2.7,942
2012,8,9,12,30,37.300000000000004,22.48,12.4,2.9000000000000004,1001
2012,8,9,13,30,37.800000000000004,20.93,11.700000000000001,3,994
2012,8,9,14,30,38,19.76,11,3.2,924
2012,8,9,15,30,37.800000000000004,19.07,10.3,3.3000000000000003,793
2012,8,9,16,30,37.2,18.84,9.600000000000001,3.4000000000000004,615
2012,8,9,17,30,35.800000000000004,19.61,9.1,2.8000000000000003,402
2012,8,9,18,30,32.800000000000004,24.84,10.100000000000001,1.7000000000000002,182
2012,8,9,19,30,29.8,35.97,13.100000000000001,1.1,12
2012,8,9,20,30,28.400000000000002,39.17,13.200000000000001,1.1,0
2012,8,9,21,30,27.5,42.4,13.600000000000001,1.3,0
2012,8,9,22,30,26.700000000000003,46.160000000000004,14.200000000000001,1.7000000000000002,0
2012,8,9,23,30,26,50.27,14.9,2.2,0
2012,8,10,0,30,25.5,53.95,15.5,2.4000000000000004,0
2012,8,10,1,30,24.900000000000002,57.4,15.9,2.3000000000000003,0
2012,8,10,2,30,24.200000000000003,60.29,16,1.9000000000000001,0
2012,8,10,3,30,23.400000000000002,63.09,16,1.3,0
2012,8,10,4,30,22.8,64.85,15.8,0.9,0
2012,8,10,5,30,22.700000000000003,64.09,15.600000000000001,1.2000000000000002,0
2012,8,10,6,30,24.1,56.9,15,2.1,33
2012,8,10,7,30,27,45.53,14.200000000000001,2.9000000000000004,222
2012,8,10,8,30,30,35.85,13.200000000000001,3,444
2012,8,10,9,30,32.7,28.67,12.200000000000001,3.1,652
2012,8,10,10,30,35,23.54,11.100000000000001,3.1,823
2012,8,10,11,30,36.7,20.46,10.4,3.2,945
2012,8,10,12,30,37.9,18.45,9.9,3.3000000000000003,998
2012,8,10,13,30,38.6,16.98,9.200000000000001,3.6,986
2012,8,10,14,30,38.7,16.09,8.5,3.9000000000000004,910
2012,8,10,15,30,38.300000000000004,15.88,8,4.3,775
2012,8,10,16,30,37.300000000000004,16.35,7.6000000000000005,4.5,593
2012,8,10,17,30,35.5,17.87,7.5,4.3,382
2012,8,10,18,30,32.6,21.580000000000002,7.800000000000001,3.4000000000000004,165
2012,8,10,19,30,29.700000000000003,27.21,8.8,3,0
2012,8,10,20,30,28,29.6,8.6,3.1,0
2012,8,10,21,30,26.5,31.57,8.3,2.9000000000000004,0
2012,8,10,22,30,25.1,33.59,8,2.5,0
2012,8,10,23,30,24,35.550000000000004,7.800000000000001,2.2,0
2012,8,11,0,30,23,37.97,7.9,1.9000000000000001,0
2012,8,11,1,30,22.200000000000003,40.42,8.1,1.7000000000000002,0
2012,8,11,2,30,21.5,42.9,8.4,1.5,0
2012,8,11,3,30,20.900000000000002,45.19,8.6,1.3,0
2012,8,11,4,30,20.5,47.050000000000004,8.8,1.2000000000000002,0
2012,8,11,5,30,20.5,47.95,9.1,1.1,0
2012,8,11,6,30,22.200000000000003,44.72,9.600000000000001,1.8,27
2012,8,11,7,30,25.5,37.74,10,2.6,206
2012,8,11,8,30,29.6,30.7,10.5,3.1,423
2012,8,11,9,30,33.1,24.84,10.3,2.9000000000000004,628
2012,8,11,10,30,35.2,21.85,10.200000000000001,2.4000000000000004,799
2012,8,11,11,30,36.9,19.19,9.600000000000001,2.3000000000000003,921
2012,8,11,12,30,38.2,16.96,8.9,2.3000000000000003,999
2012,8,11,13,30,39,15.35,8,2.5,989
2012,8,11,14,30,39.400000000000006,14.32,7.300000000000001,2.7,916
2012,8,11,15,30,39.2,13.96,6.800000000000001,3,784
2012,8,11,16,30,38.5,14.120000000000001,6.4,3.3000000000000003,602
2012,8,11,17,30,36.9,15.26,6.300000000000001,3,389
2012,8,11,18,30,33.7,19.79,7.5,2.3000000000000003,170
2012,8,11,19,30,30.900000000000002,25.650000000000002,9,2.4000000000000004,0
2012,8,11,20,30,30,26.38,8.6,3.1,0
2012,8,11,21,30,29.1,27.92,8.700000000000001,3.6,0
2012,8,11,22,30,28.1,30.400000000000002,9.1,3.8000000000000003,0
2012,8,11,23,30,27.200000000000003,33.68,9.8,3.8000000000000003,0
2012,8,12,0,30,26.6,37.32,10.8,3.8000000000000003,0
2012,8,12,1,30,26.200000000000003,40.980000000000004,11.9,3.8000000000000003,0
2012,8,12,2,30,25.900000000000002,44.02,12.700000000000001,3.8000000000000003,0
2012,8,12,3,30,25.6,46.26,13.200000000000001,3.8000000000000003,0
2012,8,12,4,30,25.3,47.71,13.4,3.7,0
2012,8,12,5,30,25.200000000000003,48.19,13.5,3.6,0
2012,8,12,6,30,26.400000000000002,45.09,13.5,4,29
2012,8,12,7,30,29.6,37.730000000000004,13.700000000000001,4.5,210
2012,8,12,8,30,33.300000000000004,30.580000000000002,13.700000000000001,4.7,380
2012,8,12,9,30,36,25.37,13.100000000000001,4.4,631
2012,8,12,10,30,37.9,21.85,12.4,3.8000000000000003,800
2012,8,12,11,30,39.400000000000006,19.330000000000002,11.8,3.3000000000000003,919
2012,8,12,12,30,40.400000000000006,17.66,11.200000000000001,3,970
2012,8,12,13,30,41,16.59,10.8,3,961
2012,8,12,14,30,41,16.21,10.4,3,887
2012,8,12,15,30,40.6,16.22,10.100000000000001,3.1,741
2012,8,12,16,30,39.7,16.71,9.8,3.1,561
2012,8,12,17,30,38,18.16,9.700000000000001,2.5,354
2012,8,12,18,30,35.300000000000004,23.21,11.200000000000001,1.7000000000000002,123
2012,8,12,19,30,33,29.32,12.8,1.6,0
2012,8,12,20,30,32,31.150000000000002,12.8,2.1,0
2012,8,12,21,30,30.900000000000002,33.32,12.9,2.6,0
2012,8,12,22,30,29.900000000000002,35.31,12.9,2.7,0
2012,8,12,23,30,28.900000000000002,37.410000000000004,12.9,2.2,0
2012,8,13,0,30,27.900000000000002,39.660000000000004,12.9,1.3,0
2012,8,13,1,30,26.900000000000002,42.68,13.200000000000001,0.6000000000000001,0
2012,8,13,2,30,26.3,45.19,13.5,0.6000000000000001,0
2012,8,13,3,30,25.5,49.64,14.200000000000001,0.8,0
2012,8,13,4,30,24.400000000000002,57.04,15.3,1,0
2012,8,13,5,30,23.6,62.97,16.1,1.5,0
2012,8,13,6,30,24.200000000000003,61.27,16.3,2.4000000000000004,14
2012,8,13,7,30,26.3,48.67,14.600000000000001,3.1,5
2012,8,13,8,30,28.8,40.410000000000004,14,3.2,9
2012,8,13,9,30,30.8,34.85,13.5,3.4000000000000004,136
2012,8,13,10,30,32.1,31.68,13.200000000000001,3.5,218
2012,8,13,11,30,33.1,29.560000000000002,13,3.6,225
2012,8,13,12,30,33.9,28.21,13,3.7,501
2012,8,13,13,30,34.4,27.51,13,3.8000000000000003,741
2012,8,13,14,30,34.5,27.54,13.100000000000001,3.9000000000000004,658
2012,8,13,15,30,34.300000000000004,27.94,13.200000000000001,3.9000000000000004,443
2012,8,13,16,30,33.6,28.8,13,3.9000000000000004,363
2012,8,13,17,30,32.300000000000004,30.490000000000002,12.8,3.5,75
2012,8,13,18,30,29.900000000000002,35.08,12.8,2.3000000000000003,146
2012,8,13,19,30,27.6,44.94,14.600000000000001,1.3,0
2012,8,13,20,30,26.6,46.86,14.3,1.2000000000000002,0
2012,8,13,21,30,26,47.09,13.9,1.1,0
2012,8,13,22,30,25.6,46.95,13.4,1.1,0
2012,8,13,23,30,25.200000000000003,47.18,13.200000000000001,1.1,0
2012,8,14,0,30,24.8,48.39,13.200000000000001,1.1,0
2012,8,14,1,30,24.5,50.56,13.600000000000001,1.1,0
2012,8,14,2,30,24.3,53.39,14.200000000000001,1.2000000000000002,0
2012,8,14,3,30,24.1,56.47,14.9,1.2000000000000002,0
2012,8,14,4,30,24,58.88,15.5,1.4000000000000001,0
2012,8,14,5,30,24.1,60.35,15.9,1.7000000000000002,0
2012,8,14,6,30,25.400000000000002,57.1,16.3,2.7,24
2012,8,14,7,30,27.900000000000002,49.52,16.400000000000002,3.7,197
2012,8,14,8,30,30.700000000000003,39.04,15.200000000000001,4.2,409
2012,8,14,9,30,32.9,32.980000000000004,14.5,4.5,611
2012,8,14,10,30,34.5,29.95,14.4,4.6000000000000005,780
2012,8,14,11,30,35.800000000000004,27.67,14.3,4.7,899
2012,8,14,12,30,36.800000000000004,25.900000000000002,14.100000000000001,4.7,967
2012,8,14,13,30,37.5,24.580000000000002,13.9,4.7,960
2012,8,14,14,30,37.800000000000004,23.85,13.700000000000001,4.7,885
2012,8,14,15,30,37.5,23.85,13.4,4.7,752
2012,8,14,16,30,36.7,24.6,13.200000000000001,4.6000000000000005,572
2012,8,14,17,30,35.300000000000004,26.330000000000002,13.100000000000001,4.4,364
2012,8,14,18,30,32.9,30.32,13.200000000000001,3.6,151
2012,8,14,19,30,30.8,35.62,13.8,3.4000000000000004,0
2012,8,14,20,30,29.8,37.67,13.8,3.9000000000000004,0
2012,8,14,21,30,28.8,39.980000000000004,13.9,4,0
2012,8,14,22,30,27.700000000000003,42.86,13.9,3.9000000000000004,0
2012,8,14,23,30,26.8,45.17,13.9,3.8000000000000003,0
2012,8,15,0,30,25.900000000000002,47.24,13.8,3.6,0
2012,8,15,1,30,25.1,48.870000000000005,13.600000000000001,3.4000000000000004,0
2012,8,15,2,30,24.3,50.910000000000004,13.5,3.2,0
2012,8,15,3,30,23.900000000000002,52.45,13.600000000000001,3.3000000000000003,0
2012,8,15,4,30,23.5,54.58,13.8,3.5,0
2012,8,15,5,30,23.3,56.22,14.100000000000001,3.7,0
2012,8,15,6,30,24.3,53.980000000000004,14.4,4.5,25
2012,8,15,7,30,27,47.300000000000004,14.8,5.6000000000000005,204
2012,8,15,8,30,30.200000000000003,39.65,15,6,420
2012,8,15,9,30,32.9,33.2,14.600000000000001,5.800000000000001,623
2012,8,15,10,30,35,28.71,14.200000000000001,5.5,792
2012,8,15,11,30,36.7,25.48,13.8,5,911
2012,8,15,12,30,37.9,23.240000000000002,13.4,4.6000000000000005,970
2012,8,15,13,30,38.6,21.75,12.9,4.4,961
2012,8,15,14,30,38.900000000000006,20.86,12.5,4.3,888
2012,8,15,15,30,38.6,20.85,12.3,4.3,758
2012,8,15,16,30,37.800000000000004,21.43,12,4.5,577
2012,8,15,17,30,36.300000000000004,22.98,11.9,4.6000000000000005,366
2012,8,15,18,30,33.800000000000004,26.5,11.9,4.2,152
2012,8,15,19,30,31.6,31.14,12.5,4,0
2012,8,15,20,30,30.200000000000003,34.76,12.9,4.3,0
2012,8,15,21,30,29.200000000000003,38.57,13.700000000000001,4.4,0
2012,8,15,22,30,28.400000000000002,42.81,14.600000000000001,4.3,0
2012,8,15,23,30,27.700000000000003,46.82,15.3,3.9000000000000004,0
2012,8,16,0,30,27.200000000000003,49.52,15.700000000000001,3.5,0
2012,8,16,1,30,26.6,51.480000000000004,15.8,3.1,0
2012,8,16,2,30,26.1,51.81,15.4,3,0
2012,8,16,3,30,25.5,51.2,14.700000000000001,3.2,0
2012,8,16,4,30,24.900000000000002,50.11,13.8,3.5,0
2012,8,16,5,30,24.3,49.38,13,3.9000000000000004,0
2012,8,16,6,30,24.6,47.47,12.700000000000001,4.6000000000000005,9
2012,8,16,7,30,26.200000000000003,45.12,13.4,4.800000000000001,42
2012,8,16,8,30,28.1,43.13,14.4,4.2,237
2012,8,16,9,30,29.900000000000002,40.65,15.100000000000001,4.2,461
2012,8,16,10,30,31.8,37.54,15.5,4.7,709
2012,8,16,11,30,33.6,34.19,15.700000000000001,5,868
2012,8,16,12,30,35,31.27,15.5,4.9,695
2012,8,16,13,30,35.800000000000004,29.400000000000002,15.200000000000001,4.9,555
2012,8,16,14,30,36.1,28.29,14.9,4.9,629
2012,8,16,15,30,35.800000000000004,28.060000000000002,14.5,4.9,689
2012,8,16,16,30,35,28.63,14.100000000000001,4.9,284
2012,8,16,17,30,33.7,30.18,13.8,4.5,122
2012,8,16,18,30,32,32.9,13.700000000000001,3.7,133
2012,8,16,19,30,30.400000000000002,36.45,13.8,3.2,0
2012,8,16,20,30,29.3,38.6,13.8,3.3000000000000003,0
2012,8,16,21,30,28.3,40.730000000000004,13.700000000000001,3.2,0
2012,8,16,22,30,27.400000000000002,43,13.700000000000001,2.8000000000000003,0
2012,8,16,23,30,26.6,45.28,13.8,2.4000000000000004,0
2012,8,17,0,30,26,47.12,13.9,2,0
2012,8,17,1,30,25.900000000000002,47.63,13.9,2.1,0
2012,8,17,2,30,26.1,47.69,14.100000000000001,2.6,0
2012,8,17,3,30,26,49.57,14.600000000000001,2.6,0
2012,8,17,4,30,25.700000000000003,52.32,15.200000000000001,2.2,0
2012,8,17,5,30,25.400000000000002,55.02,15.700000000000001,1.9000000000000001,0
2012,8,17,6,30,25.6,55.68,16.1,2.4000000000000004,15
2012,8,17,7,30,26.5,53.58,16.3,3,181
2012,8,17,8,30,27.900000000000002,49.980000000000004,16.5,2.8000000000000003,391
2012,8,17,9,30,29.3,46.800000000000004,16.8,1.9000000000000001,593
2012,8,17,10,30,30.3,44.99,17,1.1,728
2012,8,17,11,30,30.6,44.76,17.2,0.6000000000000001,875
2012,8,17,12,30,30.6,45.06,17.3,0.7000000000000001,477
2012,8,17,13,30,30.5,45.74,17.5,1.5,533
2012,8,17,14,30,30.400000000000002,46.6,17.7,2.3000000000000003,412
2012,8,17,15,30,30.3,46.85,17.7,2.8000000000000003,367
2012,8,17,16,30,29.900000000000002,47.39,17.5,2.8000000000000003,215
2012,8,17,17,30,29,50.63,17.7,2.2,175
2012,8,17,18,30,27.5,58.730000000000004,18.7,1.6,71
2012,8,17,19,30,26.3,64.73,19.1,1.6,0
2012,8,17,20,30,25.700000000000003,65.5,18.7,1.9000000000000001,0
2012,8,17,21,30,25.3,66.27,18.6,1.7000000000000002,0
2012,8,17,22,30,24.8,68.28,18.6,1.5,0
2012,8,17,23,30,24.400000000000002,69.95,18.6,1.3,0
2012,8,18,0,30,24.1,71.9,18.7,1,0
2012,8,18,1,30,23.8,74.42,19,0.6000000000000001,0
2012,8,18,2,30,23.3,78.05,19.3,0.5,0
2012,8,18,3,30,22.8,81.65,19.5,0.5,0
2012,8,18,4,30,22.1,86.11,19.700000000000003,0.5,0
2012,8,18,5,30,21.8,88.32000000000001,19.8,0.7000000000000001,0
2012,8,18,6,30,22.6,84.56,19.900000000000002,1.2000000000000002,20
2012,8,18,7,30,24.900000000000002,71.32000000000001,19.400000000000002,1.7000000000000002,191
2012,8,18,8,30,27.400000000000002,56.76,18.1,1.8,404
2012,8,18,9,30,29.5,47.36,17.1,1.7000000000000002,606
2012,8,18,10,30,31,42.07,16.6,1.6,774
2012,8,18,11,30,31.900000000000002,39.29,16.3,1.7000000000000002,891
2012,8,18,12,30,32.4,37.72,16.1,1.9000000000000001,950
2012,8,18,13,30,32.6,36.75,15.9,2.2,939
2012,8,18,14,30,32.4,36.57,15.700000000000001,2.4000000000000004,864
2012,8,18,15,30,32.1,36.78,15.5,2.6,517
2012,8,18,16,30,31.8,37.24,15.4,2.7,560
2012,8,18,17,30,31,38.74,15.3,2.7,354
2012,8,18,18,30,29.1,43.6,15.5,2,143
2012,8,18,19,30,27.3,52.65,16.8,1.7000000000000002,0
2012,8,18,20,30,26.400000000000002,54.480000000000004,16.5,2.2,0
2012,8,18,21,30,25.700000000000003,56.77,16.5,2.5,0
2012,8,18,22,30,24.900000000000002,60.22,16.7,2.7,0
2012,8,18,23,30,24.1,64,16.900000000000002,2.7,0
2012,8,19,0,30,23.3,67.89,17,2.6,0
2012,8,19,1,30,22.400000000000002,72.33,17.2,2,0
2012,8,19,2,30,21.6,76.56,17.3,1.3,0
2012,8,19,3,30,21,80.22,17.5,0.7000000000000001,0
2012,8,19,4,30,20.5,83.55,17.6,0.6000000000000001,0
2012,8,19,5,30,20.3,85.57000000000001,17.8,0.9,0
2012,8,19,6,30,21.200000000000003,82.01,18,1.5,21
2012,8,19,7,30,23.400000000000002,72.63,18.2,1.6,195
2012,8,19,8,30,26,62.52,18.3,2,183
2012,8,19,9,30,28,54.76,18.1,2.8000000000000003,387
2012,8,19,10,30,29.1,51.24,18,3.1,781
2012,8,19,11,30,29.6,50.64,18.3,3.3000000000000003,897
2012,8,19,12,30,29.6,51.1,18.400000000000002,3.3000000000000003,947
2012,8,19,13,30,29.3,51.84,18.400000000000002,3.1,675
2012,8,19,14,30,29,52.34,18.3,3,146
2012,8,19,15,30,28.900000000000002,51.83,18,3.1,482
2012,8,19,16,30,28.700000000000003,51.370000000000005,17.7,3.2,313
2012,8,19,17,30,28,52.68,17.400000000000002,2.9000000000000004,296
2012,8,19,18,30,26.200000000000003,59.56,17.7,2.1,136
2012,8,19,19,30,24.6,68.19,18.3,1.6,0
2012,8,19,20,30,23.900000000000002,69.47,18,1.7000000000000002,0
2012,8,19,21,30,23.400000000000002,70.52,17.7,1.7000000000000002,0
2012,8,19,22,30,23,71.51,17.6,1.7000000000000002,0
2012,8,19,23,30,22.8,71.18,17.3,2,0
2012,8,20,0,30,22.6,70.63,17,2.3000000000000003,0
2012,8,20,1,30,22.200000000000003,70.89,16.7,2.3000000000000003,0
2012,8,20,2,30,21.8,71.44,16.400000000000002,2.2,0
2012,8,20,3,30,21.200000000000003,73.67,16.3,1.8,0
2012,8,20,4,30,20.5,77.43,16.400000000000002,1.2000000000000002,0
2012,8,20,5,30,20.200000000000003,80.47,16.7,1.1,0
2012,8,20,6,30,21.5,76.4,17.2,1.4000000000000001,20
2012,8,20,7,30,24.400000000000002,65.8,17.6,1.8,194
2012,8,20,8,30,27.200000000000003,57.08,18,1.8,410
2012,8,20,9,30,29.3,50.42,17.900000000000002,1.6,614
2012,8,20,10,30,30.900000000000002,45.12,17.6,1.6,784
2012,8,20,11,30,32.300000000000004,40.63,17.2,1.7000000000000002,902
2012,8,20,12,30,33.4,37.29,16.900000000000002,1.9000000000000001,965
2012,8,20,13,30,34,35.01,16.400000000000002,2.1,956
2012,8,20,14,30,34.2,33.69,16,2.2,880
2012,8,20,15,30,34.1,32.5,15.3,2.3000000000000003,739
2012,8,20,16,30,33.6,31.73,14.5,2.4000000000000004,558
2012,8,20,17,30,32.4,32.4,13.8,2.2,349
2012,8,20,18,30,29.900000000000002,38.88,14.4,1.8,136
2012,8,20,19,30,28,44.61,14.8,2.1,0
2012,8,20,20,30,27.5,42.78,13.700000000000001,3.2,0
2012,8,20,21,30,26.8,43.230000000000004,13.3,3.8000000000000003,0
2012,8,20,22,30,25.900000000000002,45.96,13.4,3.7,0
2012,8,20,23,30,25.1,48.33,13.4,3.6,0
2012,8,21,0,30,24.400000000000002,49.870000000000005,13.3,3.6,0
2012,8,21,1,30,23.700000000000003,50.92,12.9,3.2,0
2012,8,21,2,30,22.900000000000002,52.54,12.700000000000001,2.7,0
2012,8,21,3,30,22.200000000000003,54.95,12.700000000000001,2.2,0
2012,8,21,4,30,21.6,58.69,13.200000000000001,1.4000000000000001,0
2012,8,21,5,30,21.3,61.940000000000005,13.700000000000001,1.1,0
2012,8,21,6,30,21.900000000000002,61.79,14.200000000000001,2.1,6
2012,8,21,7,30,24.1,56.29,14.9,3.1,87
2012,8,21,8,30,27.1,48.34,15.3,3.1,402
2012,8,21,9,30,29.6,42.43,15.5,2.9000000000000004,488
2012,8,21,10,30,31.3,38.480000000000004,15.5,2.7,780
2012,8,21,11,30,32.6,35.35,15.3,2.4000000000000004,666
2012,8,21,12,30,33.6,33.17,15.200000000000001,2.5,951
2012,8,21,13,30,34.1,32.18,15.200000000000001,2.9000000000000004,940
2012,8,21,14,30,33.9,32.7,15.200000000000001,3.5,862
2012,8,21,15,30,33.300000000000004,33.730000000000004,15.200000000000001,4.1000000000000005,726
2012,8,21,16,30,32.300000000000004,35.58,15.200000000000001,4.6000000000000005,546
2012,8,21,17,30,30.700000000000003,39.050000000000004,15.200000000000001,5,336
2012,8,21,18,30,28.700000000000003,44.32,15.4,5.1000000000000005,127
2012,8,21,19,30,26.8,50.49,15.700000000000001,5.2,0
2012,8,21,20,30,25.400000000000002,56.2,16,5.2,0
2012,8,21,21,30,24.3,61.300000000000004,16.400000000000002,5,0
2012,8,21,22,30,23.400000000000002,65.73,16.6,4.7,0
2012,8,21,23,30,22.700000000000003,69.39,16.8,4.3,0
2012,8,22,0,30,22.200000000000003,72.19,17,4.1000000000000005,0
2012,8,22,1,30,21.900000000000002,74.17,17.1,4,0
2012,8,22,2,30,21.6,76.22,17.2,3.9000000000000004,0
2012,8,22,3,30,21.400000000000002,77.74,17.400000000000002,3.8000000000000003,0
2012,8,22,4,30,21.1,79.71000000000001,17.5,3.6,0
2012,8,22,5,30,20.900000000000002,81.18,17.6,3.4000000000000004,0
2012,8,22,6,30,21.3,79.74,17.7,3.6,9
2012,8,22,7,30,22.900000000000002,72.54,17.7,3.8000000000000003,94
2012,8,22,8,30,25.1,63.160000000000004,17.6,4,242
2012,8,22,9,30,27.700000000000003,53.18,17.3,3.8000000000000003,599
2012,8,22,10,30,30.200000000000003,44.68,16.8,3.5,770
2012,8,22,11,30,32.4,38.050000000000004,16.3,3.1,891
2012,8,22,12,30,34,33.55,15.700000000000001,2.8000000000000003,955
2012,8,22,13,30,35,30.79,15.3,2.5,944
2012,8,22,14,30,35.4,29.26,14.8,2.4000000000000004,868
2012,8,22,15,30,35.300000000000004,28.39,14.200000000000001,2.4000000000000004,733
2012,8,22,16,30,34.5,28.72,13.700000000000001,2.6,548
2012,8,22,17,30,33.1,30.650000000000002,13.5,2.8000000000000003,334
2012,8,22,18,30,31.3,35.03,14,3,124
2012,8,22,19,30,29.700000000000003,40.11,14.700000000000001,4,0
2012,8,22,20,30,28.400000000000002,44.97,15.3,5,0
2012,8,22,21,30,27.200000000000003,50.92,16.2,5.2,0
2012,8,22,22,30,26.200000000000003,55.86,16.7,5.4,0
2012,8,22,23,30,25.6,58.93,17,5.5,0
2012,8,23,0,30,25.1,61.42,17.2,5.2,0
2012,8,23,1,30,24.700000000000003,63.52,17.3,4.800000000000001,0
2012,8,23,2,30,24.3,65.05,17.3,4.7,0
2012,8,23,3,30,24,65.62,17.2,4.6000000000000005,0
2012,8,23,4,30,23.8,65.24,16.900000000000002,4.6000000000000005,0
2012,8,23,5,30,23.700000000000003,64.66,16.6,4.4,0
2012,8,23,6,30,23.900000000000002,63.51,16.6,4.5,5
2012,8,23,7,30,24.8,60.68,16.7,5,7
2012,8,23,8,30,25.8,58.07,16.900000000000002,5.1000000000000005,67
2012,8,23,9,30,26.400000000000002,56.81,17.1,4.800000000000001,96
2012,8,23,10,30,26.5,57.64,17.5,4.5,225
2012,8,23,11,30,26.5,58.9,17.8,4.3,213
2012,8,23,12,30,26.700000000000003,59.01,18,4.3,775
2012,8,23,13,30,26.900000000000002,58.95,18.2,4.5,756
2012,8,23,14,30,27.1,59,18.400000000000002,4.5,758
2012,8,23,15,30,27.5,57.57,18.400000000000002,4.3,688
2012,8,23,16,30,27.8,55.730000000000004,18.1,4,511
2012,8,23,17,30,27.700000000000003,55.38,18,3.5,293
2012,8,23,18,30,27,57.51,17.900000000000002,3.3000000000000003,101
2012,8,23,19,30,26.5,58.76,17.8,3.7,0
2012,8,23,20,30,26.1,59.46,17.6,4,0
2012,8,23,21,30,25.5,61.42,17.5,4,0
2012,8,23,22,30,24.900000000000002,63.82,17.6,3.9000000000000004,0
2012,8,23,23,30,24.5,65.06,17.5,3.9000000000000004,0
2012,8,24,0,30,24.1,65.55,17.2,3.9000000000000004,0
2012,8,24,1,30,23.700000000000003,65.94,17,3.9000000000000004,0
2012,8,24,2,30,23.1,67.64,16.8,3.7,0
2012,8,24,3,30,22.6,69.92,16.8,3.5,0
2012,8,24,4,30,22,73.87,17.1,3.3000000000000003,0
2012,8,24,5,30,21.8,76.67,17.5,3.3000000000000003,0
2012,8,24,6,30,22.5,75.69,18,4.1000000000000005,5
2012,8,24,7,30,24.8,68.25,18.6,5.300000000000001,37
2012,8,24,8,30,27.6,57.92,18.6,5.9,216
2012,8,24,9,30,29.900000000000002,48.74,17.900000000000002,5.800000000000001,413
2012,8,24,10,30,31.700000000000003,41.95,17.2,5.4,480
2012,8,24,11,30,33.1,37.29,16.6,5.1000000000000005,372
2012,8,24,12,30,34,34.4,16.1,5,949
2012,8,24,13,30,34.5,32.82,15.8,5,939
2012,8,24,14,30,34.300000000000004,32.87,15.700000000000001,5.2,811
2012,8,24,15,30,33.6,34.25,15.700000000000001,5.5,578
2012,8,24,16,30,32.300000000000004,37.56,16,5.800000000000001,445
2012,8,24,17,30,30.400000000000002,43.12,16.5,5.6000000000000005,240
2012,8,24,18,30,28.5,49.79,17,4.800000000000001,122
2012,8,24,19,30,27,56.160000000000004,17.5,3.8000000000000003,0
2012,8,24,20,30,26.200000000000003,60.11,17.900000000000002,3.5,0
2012,8,24,21,30,25.6,62.93,18,3.5,0
2012,8,24,22,30,25,65.51,18.1,3.6,0
2012,8,24,23,30,24.5,67.53,18.1,3.6,0
2012,8,25,0,30,24.1,68.89,18,3.7,0
2012,8,25,1,30,23.6,70.18,17.900000000000002,3.9000000000000004,0
2012,8,25,2,30,23.3,70.15,17.6,4.1000000000000005,0
2012,8,25,3,30,23,70.3,17.3,4.2,0
2012,8,25,4,30,22.6,71.58,17.2,4.3,0
2012,8,25,5,30,22.3,73.05,17.2,4.3,0
2012,8,25,6,30,23,70.45,17.3,4.5,15
2012,8,25,7,30,25.6,60.300000000000004,17.3,5.1000000000000005,136
2012,8,25,8,30,29,48.120000000000005,16.900000000000002,5.4,406
2012,8,25,9,30,31.900000000000002,38.74,16.1,5.1000000000000005,612
2012,8,25,10,30,34.2,32.14,15.200000000000001,4.6000000000000005,784
2012,8,25,11,30,35.9,27.79,14.4,4.2,902
2012,8,25,12,30,37,24.97,13.700000000000001,3.9000000000000004,957
2012,8,25,13,30,37.6,23.39,13.200000000000001,3.7,769
2012,8,25,14,30,37.6,22.87,12.9,3.7,865
2012,8,25,15,30,37,23.47,12.8,4,548
2012,8,25,16,30,35.6,26.1,13.200000000000001,4.9,439
2012,8,25,17,30,33.5,31.720000000000002,14.4,5.9,127
2012,8,25,18,30,31.200000000000003,40.14,16.1,6.300000000000001,59
2012,8,25,19,30,29.400000000000002,47.410000000000004,17.1,5.800000000000001,0
2012,8,25,20,30,28.400000000000002,51.09,17.3,4.800000000000001,0
2012,8,25,21,30,27.6,53.44,17.3,4,0
2012,8,25,22,30,26.8,55.01,17,3.4000000000000004,0
2012,8,25,23,30,26.200000000000003,55.57,16.6,3.1,0
2012,8,26,0,30,25.5,56.06,16.1,3.3000000000000003,0
2012,8,26,1,30,24.8,57.27,15.8,3.4000000000000004,0
2012,8,26,2,30,24.1,59.81,15.8,3.3000000000000003,0
2012,8,26,3,30,23.5,63.17,16.1,3.3000000000000003,0
2012,8,26,4,30,22.900000000000002,67.64,16.6,3.3000000000000003,0
2012,8,26,5,30,22.6,71.86,17.3,3.4000000000000004,0
2012,8,26,6,30,23.1,73.05,18,4.1000000000000005,14
2012,8,26,7,30,24.900000000000002,68.7,18.8,5,179
2012,8,26,8,30,27,60.68,18.8,4.9,393
2012,8,26,9,30,29.1,52.160000000000004,18.3,4.1000000000000005,596
2012,8,26,10,30,30.8,46.37,18,3.4000000000000004,764
2012,8,26,11,30,32,43.08,17.900000000000002,3.1,880
2012,8,26,12,30,32.5,42.1,18,3.2,934
2012,8,26,13,30,32.5,42.47,18.1,3.4000000000000004,922
2012,8,26,14,30,32.2,43.36,18.2,3.5,845
2012,8,26,15,30,31.900000000000002,43.53,18,3.6,712
2012,8,26,16,30,31.3,43.82,17.5,3.6,75
2012,8,26,17,30,30,46.04,17.1,3.1,224
2012,8,26,18,30,28.1,53.84,17.900000000000002,2.7,3
2012,8,26,19,30,26.6,59.7,18.1,3,0
2012,8,26,20,30,25.700000000000003,62.160000000000004,17.900000000000002,3.5,0
2012,8,26,21,30,24.8,66.6,18.2,3.5,0
2012,8,26,22,30,24,71.95,18.6,3.2,0
2012,8,26,23,30,23.400000000000002,76.38,19,2.9000000000000004,0
2012,8,27,0,30,22.900000000000002,79.91,19.200000000000003,2.3000000000000003,0
2012,8,27,1,30,22.6,81.67,19.3,1.7000000000000002,0
2012,8,27,2,30,22.400000000000002,82.29,19.200000000000003,1.2000000000000002,0
2012,8,27,3,30,22.3,82.62,19.200000000000003,0.8,0
2012,8,27,4,30,22.1,83.76,19.200000000000003,0.5,0
2012,8,27,5,30,22,84.56,19.3,0.30000000000000004,0
2012,8,27,6,30,22.6,81.27,19.200000000000003,0.2,12
2012,8,27,7,30,24.3,72.54,19,0.30000000000000004,172
2012,8,27,8,30,26.5,62.34,18.7,1.1,385
2012,8,27,9,30,28.3,55.300000000000004,18.5,2.3000000000000003,589
2012,8,27,10,30,29.5,51.46,18.400000000000002,3.3000000000000003,761
2012,8,27,11,30,30.400000000000002,48.18,18.2,3.8000000000000003,885
2012,8,27,12,30,31,45.15,17.7,4.1000000000000005,950
2012,8,27,13,30,31.5,41.9,17,4.2,944
2012,8,27,14,30,31.900000000000002,38.89,16.2,4.2,872
2012,8,27,15,30,31.8,37.18,15.4,4.2,737
2012,8,27,16,30,31.200000000000003,37.2,14.9,4,415
2012,8,27,17,30,29.900000000000002,39.65,14.700000000000001,3.4000000000000004,227
2012,8,27,18,30,27.400000000000002,47.63,15.3,2.3000000000000003,101
2012,8,27,19,30,25.3,58.61,16.6,1.6,0
2012,8,27,20,30,24.1,64.98,17.1,1.4000000000000001,0
2012,8,27,21,30,23.200000000000003,70.47,17.5,1,0
2012,8,27,22,30,22.700000000000003,73.58,17.7,0.6000000000000001,0
2012,8,27,23,30,22.5,74.92,17.8,0.4,0
2012,8,28,0,30,22.1,76.37,17.7,0.5,0
2012,8,28,1,30,21.400000000000002,78.8,17.6,0.8,0
2012,8,28,2,30,21.1,78.91,17.3,1.1,0
2012,8,28,3,30,20.700000000000003,79.32000000000001,17,1.3,0
2012,8,28,4,30,20.1,80.58,16.7,1.5,0
2012,8,28,5,30,19.700000000000003,80.71000000000001,16.3,1.7000000000000002,0
2012,8,28,6,30,20.8,73.75,15.9,2.5,13
2012,8,28,7,30,23.8,60.75,15.8,3.4000000000000004,192
2012,8,28,8,30,27,49.17,15.4,3.9000000000000004,417
2012,8,28,9,30,29.3,39.660000000000004,14.200000000000001,4.4,626
2012,8,28,10,30,30.900000000000002,33.51,13,4.6000000000000005,798
2012,8,28,11,30,32.2,30.17,12.5,4.800000000000001,915
2012,8,28,12,30,33.1,29.27,12.8,5,924
2012,8,28,13,30,33.6,29.59,13.4,5.2,910
2012,8,28,14,30,33.5,30.54,13.8,5.300000000000001,839
2012,8,28,15,30,33,31.84,14,5.2,721
2012,8,28,16,30,32,33.89,14.100000000000001,5.1000000000000005,534
2012,8,28,17,30,30.6,37,14.3,4.5,317
2012,8,28,18,30,28.6,42.07,14.5,3.3000000000000003,105
2012,8,28,19,30,26.700000000000003,49.17,15.200000000000001,2.2,0
2012,8,28,20,30,25.400000000000002,54.550000000000004,15.600000000000001,1.8,0
2012,8,28,21,30,24.5,58.75,15.9,1.4000000000000001,0
2012,8,28,22,30,23.8,62,16.1,1.2000000000000002,0
2012,8,28,23,30,23.200000000000003,64.45,16.1,1.1,0
2012,8,29,0,30,22.6,66.77,16.1,1.1,0
2012,8,29,1,30,22.200000000000003,67.77,16,1.4000000000000001,0
2012,8,29,2,30,21.8,68.07000000000001,15.600000000000001,1.7000000000000002,0
2012,8,29,3,30,21.3,68.43,15.3,1.9000000000000001,0
2012,8,29,4,30,20.8,68.74,14.8,1.9000000000000001,0
2012,8,29,5,30,20.3,68.76,14.4,2.1,0
2012,8,29,6,30,20.8,64.19,13.8,2.6,11
2012,8,29,7,30,23.200000000000003,53.49,13.200000000000001,3,184
2012,8,29,8,30,26.6,41.6,12.5,3.2,411
2012,8,29,9,30,29,31.740000000000002,10.5,3.5,625
2012,8,29,10,30,30.6,25.66,8.700000000000001,3.8000000000000003,803
2012,8,29,11,30,31.8,21.3,7,3.9000000000000004,856
2012,8,29,12,30,32.800000000000004,18.330000000000002,5.6000000000000005,3.9000000000000004,985
2012,8,29,13,30,33.4,16.56,4.7,3.9000000000000004,973
2012,8,29,14,30,33.5,15.71,4,3.8000000000000003,892
2012,8,29,15,30,33.300000000000004,15.35,3.5,3.8000000000000003,753
2012,8,29,16,30,32.4,15.76,3.2,3.7,561
2012,8,29,17,30,30.400000000000002,17.66,3.1,2.9000000000000004,339
2012,8,29,18,30,26.900000000000002,26.2,5.9,1.9000000000000001,106
2012,8,29,19,30,24.400000000000002,33.71,7.4,1.8,0
2012,8,29,20,30,23.5,35.410000000000004,7.300000000000001,1.9000000000000001,0
2012,8,29,21,30,22.6,38.19,7.6000000000000005,1.9000000000000001,0
2012,8,29,22,30,21.8,41.38,8.1,1.7000000000000002,0
2012,8,29,23,30,21.1,44.44,8.5,1.4000000000000001,0
2012,8,30,0,30,20.5,47.01,8.8,1.1,0
2012,8,30,1,30,20.200000000000003,48.29,8.9,1,0
2012,8,30,2,30,19.900000000000002,49.08,8.9,0.9,0
2012,8,30,3,30,19.400000000000002,50.36,8.8,0.9,0
2012,8,30,4,30,18.900000000000002,51.39,8.700000000000001,1,0
2012,8,30,5,30,18.5,52.33,8.6,1.1,0
2012,8,30,6,30,19.400000000000002,49.410000000000004,8.5,1.8,13
2012,8,30,7,30,21.5,42.35,8.200000000000001,2.4000000000000004,195
2012,8,30,8,30,24.8,34.62,8.1,2.4000000000000004,424
2012,8,30,9,30,28.3,23.79,5.7,2.3000000000000003,638
2012,8,30,10,30,30.400000000000002,19.45,4.5,2.3000000000000003,814
2012,8,30,11,30,31.900000000000002,17.650000000000002,4.4,2.3000000000000003,934
2012,8,30,12,30,33,16.47,4.3,2.3000000000000003,990
2012,8,30,13,30,33.800000000000004,15.69,4.2,2.4000000000000004,976
2012,8,30,14,30,34.2,15.24,4.1000000000000005,2.4000000000000004,895
2012,8,30,15,30,33.9,15.46,4.1000000000000005,2.4000000000000004,751
2012,8,30,16,30,33.1,16.23,4.1000000000000005,2.3000000000000003,556
2012,8,30,17,30,31.1,18.400000000000002,4.3,1.6,333
2012,8,30,18,30,28.1,31.52,9.600000000000001,1.1,111
2012,8,30,19,30,25.900000000000002,35.74,9.600000000000001,1.1,0
2012,8,30,20,30,24.700000000000003,37.74,9.3,1.2000000000000002,0
2012,8,30,21,30,23.5,40.6,9.3,1.2000000000000002,0
2012,8,30,22,30,22.400000000000002,43.56,9.4,1.2000000000000002,0
2012,8,30,23,30,21.400000000000002,46.89,9.600000000000001,1.2000000000000002,0
2012,8,31,0,30,20.700000000000003,49.63,9.8,1.2000000000000002,0
2012,8,31,1,30,20.200000000000003,51.53,9.9,1.1,0
2012,8,31,2,30,19.8,52.93,9.9,1,0
2012,8,31,3,30,19.700000000000003,53.5,10,1,0
2012,8,31,4,30,19.6,54.370000000000005,10.100000000000001,0.9,0
2012,8,31,5,30,19.700000000000003,54.7,10.3,0.7000000000000001,0
2012,8,31,6,30,20.700000000000003,52.04,10.5,0.7000000000000001,0
2012,8,31,7,30,23.200000000000003,46.93,11.200000000000001,0.7000000000000001,189
2012,8,31,8,30,27.400000000000002,36.160000000000004,11.100000000000001,1,385
2012,8,31,9,30,31.200000000000003,24.27,8.4,1.1,625
2012,8,31,10,30,32.800000000000004,21.22,7.800000000000001,1,798
2012,8,31,11,30,34,19.48,7.5,0.9,918
2012,8,31,12,30,34.800000000000004,18.3,7.2,0.9,972
2012,8,31,13,30,35.4,17.48,7,1,958
2012,8,31,14,30,35.5,17.27,7,1.1,877
2012,8,31,15,30,35.300000000000004,17.36,6.9,1.2000000000000002,734
2012,8,31,16,30,34.6,17.88,6.7,1.3,544
2012,8,31,17,30,32.9,19.59,6.7,1.1,264
2012,8,31,18,30,29.900000000000002,30.94,10.9,1,104
2012,8,31,19,30,27.400000000000002,35.19,10.700000000000001,1.2000000000000002,0
2012,8,31,20,30,26.200000000000003,36.89,10.3,1.3,0
2012,8,31,21,30,25.6,37.7,10.100000000000001,1.6,0
2012,8,31,22,30,25.400000000000002,39.57,10.700000000000001,2,0
2012,8,31,23,30,25.1,43.2,11.700000000000001,2.3000000000000003,0
2012,9,1,0,30,24.900000000000002,47.08,12.8,2.7,0
2012,9,1,1,30,25,49.99,13.9,3.1,0
2012,9,1,2,30,25.200000000000003,52.1,14.700000000000001,3.5,0
2012,9,1,3,30,24.900000000000002,55.230000000000004,15.3,3.5,0
2012,9,1,4,30,24.400000000000002,58.83,15.8,3.3000000000000003,0
2012,9,1,5,30,23.8,62.89,16.3,3.4000000000000004,0
2012,9,1,6,30,24.200000000000003,63.120000000000005,16.7,3.5,0
2012,9,1,7,30,26.400000000000002,56.45,17,4,172
2012,9,1,8,30,29.6,46.730000000000004,17,4.2,391
2012,9,1,9,30,32.5,36.88,15.9,3.7,601
2012,9,1,10,30,34.5,29.62,14.200000000000001,3.1,771
2012,9,1,11,30,35.800000000000004,25.63,13.100000000000001,3.1,889
2012,9,1,12,30,36.6,23.81,12.600000000000001,3.4000000000000004,830
2012,9,1,13,30,36.800000000000004,23.48,12.600000000000001,3.6,919
2012,9,1,14,30,36.4,23.96,12.600000000000001,3.9000000000000004,410
2012,9,1,15,30,35.5,25.43,12.700000000000001,4.1000000000000005,241
2012,9,1,16,30,34.300000000000004,27.98,13.200000000000001,4.2,418
2012,9,1,17,30,33.1,30.92,13.700000000000001,3.8000000000000003,94
2012,9,1,18,30,31.200000000000003,35.74,14.3,2.7,27
2012,9,1,19,30,29.400000000000002,41.75,15.100000000000001,2,0
2012,9,1,20,30,28.5,44.13,15.100000000000001,2,0
2012,9,1,21,30,27.900000000000002,45.27,15,2.5,0
2012,9,1,22,30,27.5,45.77,14.8,3.5,0
2012,9,1,23,30,27,47.17,14.8,4.1000000000000005,0
2012,9,2,0,30,26.400000000000002,49.82,15.100000000000001,4.1000000000000005,0
2012,9,2,1,30,25.700000000000003,53.61,15.600000000000001,3.9000000000000004,0
2012,9,2,2,30,25.1,57.2,16,3.5,0
2012,9,2,3,30,24.200000000000003,61.84,16.400000000000002,2.8000000000000003,0
2012,9,2,4,30,23.400000000000002,66.41,16.8,2.2,0
2012,9,2,5,30,22.900000000000002,69.95,17.1,2.2,0
2012,9,2,6,30,23.700000000000003,67.97,17.400000000000002,3,0
2012,9,2,7,30,26,60.49,17.8,4,176
2012,9,2,8,30,28.900000000000002,51.45,17.900000000000002,3.9000000000000004,396
2012,9,2,9,30,31.400000000000002,43.09,17.400000000000002,3.5,603
2012,9,2,10,30,33.4,36.04,16.3,3.5,774
2012,9,2,11,30,34.7,31.93,15.600000000000001,3.7,889
2012,9,2,12,30,35.7,29.17,15,3.8000000000000003,939
2012,9,2,13,30,36.300000000000004,27.39,14.5,3.7,925
2012,9,2,14,30,36.5,26.57,14.200000000000001,3.7,843
2012,9,2,15,30,36.2,26.830000000000002,14.100000000000001,3.7,701
2012,9,2,16,30,35.4,28.17,14.200000000000001,3.7,512
2012,9,2,17,30,34,30.740000000000002,14.4,3.4000000000000004,296
2012,9,2,18,30,31.6,36.050000000000004,14.700000000000001,2.6,87
2012,9,2,19,30,29.900000000000002,41.61,15.5,2.4000000000000004,0
2012,9,2,20,30,29.3,43.28,15.5,3.1,0
2012,9,2,21,30,28.700000000000003,44.95,15.600000000000001,3.6,0
2012,9,2,22,30,28,46.730000000000004,15.600000000000001,3.8000000000000003,0
2012,9,2,23,30,27.200000000000003,48.980000000000004,15.600000000000001,3.8000000000000003,0
2012,9,3,0,30,26.400000000000002,52.11,15.8,3.6,0
2012,9,3,1,30,25.700000000000003,55.78,16.2,3.4000000000000004,0
2012,9,3,2,30,25.1,59.120000000000005,16.6,3.1,0
2012,9,3,3,30,24.5,61.940000000000005,16.7,2.9000000000000004,0
2012,9,3,4,30,24,63.81,16.7,2.8000000000000003,0
2012,9,3,5,30,23.5,65.36,16.6,2.7,0
2012,9,3,6,30,24,63.2,16.6,3.3000000000000003,0
2012,9,3,7,30,26,56.22,16.6,4,168
2012,9,3,8,30,29.1,47.45,16.8,3.8000000000000003,384
2012,9,3,9,30,32.2,39.35,16.6,3.1,591
2012,9,3,10,30,34.4,33.75,16.2,2.7,760
2012,9,3,11,30,35.9,30.69,16,2.6,875
2012,9,3,12,30,37,28.79,15.9,2.6,927
2012,9,3,13,30,37.6,27.84,15.9,2.6,911
2012,9,3,14,30,37.9,27.43,15.9,2.8000000000000003,828
2012,9,3,15,30,37.7,27.650000000000002,15.9,3,673
2012,9,3,16,30,36.9,28.580000000000002,15.700000000000001,3.1,498
2012,9,3,17,30,35.6,30.580000000000002,15.700000000000001,3,284
2012,9,3,18,30,33.7,34.550000000000004,15.9,2.8000000000000003,80
2012,9,3,19,30,32.2,38.88,16.5,3.4000000000000004,0
2012,9,3,20,30,31.3,41.44,16.7,4.2,0
2012,9,3,21,30,30.400000000000002,43.95,16.8,4.5,0
2012,9,3,22,30,29.5,45.89,16.6,4.6000000000000005,0
2012,9,3,23,30,28.700000000000003,46.42,16.1,4.5,0
2012,9,4,0,30,27.900000000000002,45.99,15.200000000000001,4.4,0
2012,9,4,1,30,27.3,44.94,14.3,4.3,0
2012,9,4,2,30,26.8,44.52,13.700000000000001,4.2,0
2012,9,4,3,30,26.3,45.02,13.4,3.8000000000000003,0
2012,9,4,4,30,25.8,46.26,13.4,3.8000000000000003,0
2012,9,4,5,30,25.3,49.19,13.9,4,0
2012,9,4,6,30,25.5,50.65,14.5,4.1000000000000005,0
2012,9,4,7,30,27.3,47.51,15.200000000000001,4.4,164
2012,9,4,8,30,30.200000000000003,41.64,15.700000000000001,4.2,381
2012,9,4,9,30,33.300000000000004,34.9,15.700000000000001,3.5,589
2012,9,4,10,30,35.800000000000004,29.28,15.200000000000001,2.8000000000000003,759
2012,9,4,11,30,37.5,25.85,14.700000000000001,2.6,875
2012,9,4,12,30,38.6,24.03,14.5,2.8000000000000003,926
2012,9,4,13,30,39.1,23.29,14.4,3,910
2012,9,4,14,30,39.2,23.11,14.4,3.1,826
2012,9,4,15,30,38.800000000000004,23.52,14.3,3.2,681
2012,9,4,16,30,37.9,24.740000000000002,14.3,3.4000000000000004,490
2012,9,4,17,30,36.4,27.07,14.5,3.3000000000000003,274
2012,9,4,18,30,34.5,30.96,14.9,3.1,73
2012,9,4,19,30,33,35.2,15.600000000000001,3.5,0
2012,9,4,20,30,32.1,38.25,16.1,4.2,0
2012,9,4,21,30,31.1,41.76,16.6,4.4,0
2012,9,4,22,30,30.200000000000003,45.18,17,4.3,0
2012,9,4,23,30,29.400000000000002,48.25,17.3,4.2,0
2012,9,5,0,30,28.700000000000003,50.42,17.400000000000002,4,0
2012,9,5,1,30,28.1,50.870000000000005,17,3.9000000000000004,0
2012,9,5,2,30,27.400000000000002,49.89,16,3.8000000000000003,0
2012,9,5,3,30,26.8,47.64,14.8,3.8000000000000003,0
2012,9,5,4,30,26,46.11,13.5,3.7,0
2012,9,5,5,30,25.3,45.44,12.700000000000001,3.6,0
2012,9,5,6,30,25.5,43.660000000000004,12.200000000000001,3.9000000000000004,0
2012,9,5,7,30,27.6,38.45,12.200000000000001,4.4,160
2012,9,5,8,30,30.900000000000002,32.82,12.700000000000001,4.4,376
2012,9,5,9,30,34.2,28.6,13.4,3.7,582
2012,9,5,10,30,36.7,25.55,13.8,3.1,752
2012,9,5,11,30,38.300000000000004,23.44,13.8,3.1,871
2012,9,5,12,30,39.300000000000004,21.93,13.600000000000001,3.4000000000000004,932
2012,9,5,13,30,39.7,20.990000000000002,13.3,3.6,916
2012,9,5,14,30,39.5,20.66,12.9,3.7,832
2012,9,5,15,30,39,20.78,12.600000000000001,3.8000000000000003,690
2012,9,5,16,30,38,21.54,12.3,4,501
2012,9,5,17,30,36.300000000000004,23.580000000000002,12.200000000000001,3.6,285
2012,9,5,18,30,33.7,28.29,12.8,3.1,78
2012,9,5,19,30,31.8,32.53,13.3,3.3000000000000003,0
2012,9,5,20,30,30.8,34.51,13.4,3.7,0
2012,9,5,21,30,29.400000000000002,37.97,13.600000000000001,3.2,0
2012,9,5,22,30,28,41.89,13.9,2.4000000000000004,0
2012,9,5,23,30,26.8,45.26,14,1.7000000000000002,0
2012,9,6,0,30,25.700000000000003,48.15,13.9,0.9,0
2012,9,6,1,30,24.700000000000003,50.57,13.8,0.6000000000000001,0
2012,9,6,2,30,23.900000000000002,52.42,13.600000000000001,0.7000000000000001,0
2012,9,6,3,30,23.3,53.95,13.5,1,0
2012,9,6,4,30,22.700000000000003,55.370000000000005,13.3,1.2000000000000002,0
2012,9,6,5,30,22.3,55.67,13,1.3,0
2012,9,6,6,30,23.200000000000003,51.77,12.700000000000001,2,0
2012,9,6,7,30,25.900000000000002,43.95,12.700000000000001,2.5,170
2012,9,6,8,30,29.700000000000003,36.11,13.100000000000001,2.4000000000000004,390
2012,9,6,9,30,33.1,28.95,12.700000000000001,2.3000000000000003,598
2012,9,6,10,30,35.2,25.1,12.3,2.3000000000000003,766
2012,9,6,11,30,36.6,22.91,12.100000000000001,2.6,880
2012,9,6,12,30,37.5,21.47,11.8,3,933
2012,9,6,13,30,37.9,20.84,11.700000000000001,3.3000000000000003,915
2012,9,6,14,30,38,20.650000000000002,11.600000000000001,3.5,831
2012,9,6,15,30,37.7,20.8,11.5,3.6,687
2012,9,6,16,30,36.9,21.32,11.200000000000001,3.7,498
2012,9,6,17,30,35.2,22.92,10.9,3.1,281
2012,9,6,18,30,32.4,27.47,11.3,2.2,74
2012,9,6,19,30,30.200000000000003,32.03,11.700000000000001,2,0
2012,9,6,20,30,29.400000000000002,32.660000000000004,11.3,2.3000000000000003,0
2012,9,6,21,30,28.700000000000003,33.730000000000004,11.200000000000001,2.7,0
2012,9,6,22,30,28.1,35.24,11.3,3.2,0
2012,9,6,23,30,27.3,37.31,11.5,3.5,0
2012,9,7,0,30,26.6,38.78,11.4,3.7,0
2012,9,7,1,30,25.900000000000002,39.52,11.100000000000001,3.8000000000000003,0
2012,9,7,2,30,25.1,40.02,10.600000000000001,3.7,0
2012,9,7,3,30,24.200000000000003,41.21,10.200000000000001,3.3000000000000003,0
2012,9,7,4,30,23.400000000000002,43.02,10.100000000000001,2.9000000000000004,0
2012,9,7,5,30,22.8,44.82,10.200000000000001,2.7,0
2012,9,7,6,30,23.5,43.51,10.4,3.2,0
2012,9,7,7,30,26.1,37.76,10.600000000000001,3.8000000000000003,170
2012,9,7,8,30,30.1,30.45,10.9,4.5,391
2012,9,7,9,30,33.800000000000004,23.71,10.200000000000001,4.9,600
2012,9,7,10,30,36.2,19.73,9.5,4.3,772
2012,9,7,11,30,37.800000000000004,17.7,9.200000000000001,3.7,889
2012,9,7,12,30,38.900000000000006,16.39,8.9,3.4000000000000004,941
2012,9,7,13,30,39.5,15.48,8.5,3.2,924
2012,9,7,14,30,39.6,14.91,8.1,3,841
2012,9,7,15,30,39.2,14.74,7.6000000000000005,2.7,697
2012,9,7,16,30,38.300000000000004,15.05,7.2,2.4000000000000004,506
2012,9,7,17,30,36.1,16.79,7,1.7000000000000002,286
2012,9,7,18,30,32.800000000000004,25.38,10.4,1,75
2012,9,7,19,30,30.5,29.27,10.600000000000001,1.2000000000000002,0
2012,9,7,20,30,29.200000000000003,32.27,10.9,2.4000000000000004,0
2012,9,7,21,30,27.6,37.34,11.700000000000001,5.5,0
2012,9,7,22,30,25,45.02,12.3,8.200000000000001,0
2012,9,7,23,30,22.400000000000002,53.28,12.4,8.8,0
2012,9,8,0,30,20.700000000000003,56.980000000000004,11.9,8.700000000000001,0
2012,9,8,1,30,19.3,58.410000000000004,10.9,8.6,0
2012,9,8,2,30,18.1,61.49,10.600000000000001,8,0
2012,9,8,3,30,17.3,64.03,10.4,7.2,0
2012,9,8,4,30,16.900000000000002,64.66,10.200000000000001,6.7,0
2012,9,8,5,30,16.7,63.620000000000005,9.8,6.4,0
2012,9,8,6,30,17.2,60.26,9.4,6.300000000000001,0
2012,9,8,7,30,18.400000000000002,54.79,9.1,6.6000000000000005,13
2012,9,8,8,30,20.3,45.34,8.1,6.9,148
2012,9,8,9,30,22.200000000000003,36.6,6.7,6.9,406
2012,9,8,10,30,23.900000000000002,31.01,5.7,6.6000000000000005,584
2012,9,8,11,30,25.5,27.09,5.2,6.2,872
2012,9,8,12,30,26.700000000000003,24.2,4.6000000000000005,5.800000000000001,859
2012,9,8,13,30,27.200000000000003,22.3,3.8000000000000003,5.5,523
2012,9,8,14,30,27.1,21.26,3.1,5.1000000000000005,508
2012,9,8,15,30,26.400000000000002,21.03,2.3000000000000003,4.800000000000001,304
2012,9,8,16,30,25.400000000000002,21.240000000000002,1.6,4.4,304
2012,9,8,17,30,24.3,21.990000000000002,1.2000000000000002,3.7,235
2012,9,8,18,30,22.700000000000003,23.95,1.1,2.5,35
2012,9,8,19,30,21.3,27.63,1.9000000000000001,1.5,0
2012,9,8,20,30,20.5,29.71,2.2,1.1,0
2012,9,8,21,30,20,31.2,2.4000000000000004,1,0
2012,9,8,22,30,19.5,32.49,2.6,0.8,0
2012,9,8,23,30,19.200000000000003,33.47,2.7,0.8,0
2012,9,9,0,30,18.8,34.64,2.9000000000000004,0.7000000000000001,0
2012,9,9,1,30,18.5,35.37,2.9000000000000004,0.7000000000000001,0
2012,9,9,2,30,18.1,36.49,3,0.8,0
2012,9,9,3,30,17.7,38.22,3.3000000000000003,0.8,0
2012,9,9,4,30,17.3,40.99,3.9000000000000004,0.9,0
2012,9,9,5,30,16.900000000000002,44.37,4.7,1,0
2012,9,9,6,30,17.6,45.12,5.6000000000000005,1.9000000000000001,0
2012,9,9,7,30,20,41.39,6.5,2.2,69
2012,9,9,8,30,23.200000000000003,30.46,4.9,1.5,390
2012,9,9,9,30,25.8,21.35,2.1,1.3,601
2012,9,9,10,30,27.6,18.13,1.2000000000000002,1.4000000000000001,774
2012,9,9,11,30,29.1,16.12,0.8,1.2000000000000002,892
2012,9,9,12,30,30.1,14.96,0.6000000000000001,1.1,893
2012,9,9,13,30,30.8,14.33,0.5,1,694
2012,9,9,14,30,31.1,14.18,0.6000000000000001,0.9,810
2012,9,9,15,30,31,14.35,0.7000000000000001,1.1,439
2012,9,9,16,30,30.400000000000002,14.870000000000001,0.7000000000000001,1.3,503
2012,9,9,17,30,28.8,16.3,0.7000000000000001,1.1,282
2012,9,9,18,30,26.1,23.56,3.7,0.9,70
2012,9,9,19,30,23.900000000000002,27.080000000000002,3.8000000000000003,1.1,0
2012,9,9,20,30,22.700000000000003,27.27,2.9000000000000004,1.2000000000000002,0
2012,9,9,21,30,21.700000000000003,27.3,2,1.4000000000000001,0
2012,9,9,22,30,20.8,27.7,1.5,1.6,0
2012,9,9,23,30,20,28.42,1.1,1.7000000000000002,0
2012,9,10,0,30,19.3,29.19,0.9,1.7000000000000002,0
2012,9,10,1,30,18.900000000000002,29.54,0.7000000000000001,1.6,0
2012,9,10,2,30,18.5,29.93,0.6000000000000001,1.6,0
2012,9,10,3,30,18.1,30.37,0.4,1.6,0
2012,9,10,4,30,17.6,31.04,0.30000000000000004,1.5,0
2012,9,10,5,30,17.2,31.68,0.2,1.5,0
2012,9,10,6,30,18.1,29.88,0.2,2.1,0
2012,9,10,7,30,20.8,24.54,-0.2,2.7,164
2012,9,10,8,30,24.6,19.25,-0.4,3.4000000000000004,384
2012,9,10,9,30,28.3,14.42,-1.3,3.7,593
2012,9,10,10,30,30.5,13.41,-0.6000000000000001,3.3000000000000003,764
2012,9,10,11,30,32,13.370000000000001,0.5,2.9000000000000004,880
2012,9,10,12,30,33.1,13.67,1.7000000000000002,2.6,931
2012,9,10,13,30,33.800000000000004,14.02,2.6,2.4000000000000004,914
2012,9,10,14,30,34.1,14.41,3.2,2.4000000000000004,828
2012,9,10,15,30,34,14.950000000000001,3.7,2.4000000000000004,684
2012,9,10,16,30,33.300000000000004,15.89,4,2.5,493
2012,9,10,17,30,31.200000000000003,18.05,4.1000000000000005,2,273
2012,9,10,18,30,28,23.900000000000002,5.5,1.5,64
2012,9,10,19,30,25.900000000000002,26.32,5.1000000000000005,1.9000000000000001,0
2012,9,10,20,30,25.3,25.310000000000002,4,2.7,0
2012,9,10,21,30,24.6,24.84,3.2,3.4000000000000004,0
2012,9,10,22,30,23.700000000000003,25.16,2.6,3.7,0
2012,9,10,23,30,22.900000000000002,25.97,2.4000000000000004,3.8000000000000003,0
2012,9,11,0,30,22.1,27.38,2.4000000000000004,3.8000000000000003,0
2012,9,11,1,30,21.5,29.2,2.8000000000000003,3.8000000000000003,0
2012,9,11,2,30,21.1,31.03,3.3000000000000003,3.8000000000000003,0
2012,9,11,3,30,20.5,33.09,3.7,3.6,0
2012,9,11,4,30,19.8,34.86,3.8000000000000003,3.3000000000000003,0
2012,9,11,5,30,19.1,36.33,3.8000000000000003,3.2,0
2012,9,11,6,30,19.200000000000003,36.11,3.8000000000000003,3.6,0
2012,9,11,7,30,21.200000000000003,32.64,4.1000000000000005,4.5,162
2012,9,11,8,30,24.5,28.330000000000002,5,5.300000000000001,383
2012,9,11,9,30,28,23.55,5.300000000000001,5.6000000000000005,591
2012,9,11,10,30,31,19.79,5.300000000000001,5.4,761
2012,9,11,11,30,33.1,17.98,5.6000000000000005,5,875
2012,9,11,12,30,34.6,17.01,6,4.7,925
2012,9,11,13,30,35.4,16.8,6.5,4.6000000000000005,906
2012,9,11,14,30,35.6,17.13,6.9,4.6000000000000005,821
2012,9,11,15,30,35.2,17.95,7.300000000000001,4.7,676
2012,9,11,16,30,34.2,19.2,7.4,4.800000000000001,483
2012,9,11,17,30,32.300000000000004,21.55,7.6000000000000005,4.4,263
2012,9,11,18,30,29.700000000000003,25.46,7.800000000000001,3.8000000000000003,57
2012,9,11,19,30,27.700000000000003,29.23,8.200000000000001,3.7,0
2012,9,11,20,30,26.5,31.28,8.1,4,0
2012,9,11,21,30,25.3,32.57,7.7,4.1000000000000005,0
2012,9,11,22,30,24.3,32.47,6.800000000000001,4.2,0
2012,9,11,23,30,23.400000000000002,31.39,5.5,4,0
2012,9,12,0,30,22.700000000000003,29.900000000000002,4.2,3.7,0
2012,9,12,1,30,22,29.38,3.3000000000000003,3.4000000000000004,0
2012,9,12,2,30,21.5,29.64,3,3,0
2012,9,12,3,30,21.1,30.55,3.1,2.6,0
2012,9,12,4,30,20.8,31.810000000000002,3.4000000000000004,2.5,0
2012,9,12,5,30,20.6,33.18,3.8000000000000003,2.6,0
2012,9,12,6,30,21.1,33.42,4.4,3.1,0
2012,9,12,7,30,23.1,31.07,5.1000000000000005,3.9000000000000004,50
2012,9,12,8,30,26.1,27.88,6.1000000000000005,4.2,104
2012,9,12,9,30,29.1,24.53,6.800000000000001,3.8000000000000003,369
2012,9,12,10,30,31.5,22.94,7.800000000000001,3,129
2012,9,12,11,30,32.9,23.04,9.1,2.5,171
2012,9,12,12,30,33.5,23.55,9.9,2.4000000000000004,313
2012,9,12,13,30,33.2,25.14,10.600000000000001,2.6,380
2012,9,12,14,30,32.7,27.18,11.4,2.9000000000000004,310
2012,9,12,15,30,32.1,29.330000000000002,12,3.3000000000000003,156
2012,9,12,16,30,31.1,32.01,12.5,3.8000000000000003,317
2012,9,12,17,30,29.400000000000002,37.07,13.200000000000001,3.8000000000000003,121
2012,9,12,18,30,27.400000000000002,46.04,14.8,3.5,39
2012,9,12,19,30,26.3,51.57,15.5,3.4000000000000004,0
2012,9,12,20,30,25.6,54.78,15.8,3.1,0
2012,9,12,21,30,25,56.800000000000004,15.8,2.9000000000000004,0
2012,9,12,22,30,24.5,57.71,15.600000000000001,2.8000000000000003,0
2012,9,12,23,30,23.8,59.410000000000004,15.4,2.7,0
2012,9,13,0,30,23.200000000000003,61.2,15.3,2.7,0
2012,9,13,1,30,22.6,63.31,15.3,2.7,0
2012,9,13,2,30,22,65.77,15.3,2.5,0
2012,9,13,3,30,21.400000000000002,69.3,15.5,1.8,0
2012,9,13,4,30,20.700000000000003,73.97,15.9,0.9,0
2012,9,13,5,30,20.200000000000003,79.25,16.5,0.5,0
2012,9,13,6,30,20.200000000000003,81.82000000000001,17,1.2000000000000002,0
2012,9,13,7,30,20.700000000000003,80.56,17.2,2.3000000000000003,31
2012,9,13,8,30,21.3,78.94,17.5,3.3000000000000003,286
2012,9,13,9,30,21.900000000000002,75.91,17.5,3.9000000000000004,359
2012,9,13,10,30,22.400000000000002,72.64,17.2,4.2,265
2012,9,13,11,30,22.6,70.52,17,4.5,381
2012,9,13,12,30,22.400000000000002,69.8,16.6,4.800000000000001,136
2012,9,13,13,30,21.900000000000002,69.69,16.1,5.300000000000001,157
2012,9,13,14,30,21,70.21000000000001,15.4,5.7,170
2012,9,13,15,30,20,70.31,14.4,5.800000000000001,128
2012,9,13,16,30,19,70.8,13.600000000000001,5.800000000000001,140
2012,9,13,17,30,17.8,73.38,13,5.6000000000000005,35
2012,9,13,18,30,16.7,76.78,12.600000000000001,5.1000000000000005,17
2012,9,13,19,30,15.9,79.65,12.4,4.6000000000000005,0
2012,9,13,20,30,15.3,81.35000000000001,12.100000000000001,4.2,0
2012,9,13,21,30,14.9,82.04,11.9,4.1000000000000005,0
2012,9,13,22,30,14.600000000000001,82.04,11.600000000000001,4.2,0
2012,9,13,23,30,14.200000000000001,82.19,11.200000000000001,4.2,0
2012,9,14,0,30,13.8,82.4,10.9,4,0
2012,9,14,1,30,13.600000000000001,82.26,10.600000000000001,3.9000000000000004,0
2012,9,14,2,30,13.4,82.51,10.5,3.8000000000000003,0
2012,9,14,3,30,13.3,82.77,10.4,3.7,0
2012,9,14,4,30,13.200000000000001,83.17,10.4,3.6,0
2012,9,14,5,30,13,84.29,10.4,3.4000000000000004,0
2012,9,14,6,30,13.3,82.51,10.4,3.7,0
2012,9,14,7,30,14.5,75.49,10.200000000000001,4.3,151
2012,9,14,8,30,16.1,67.07000000000001,10,4.4,96
2012,9,14,9,30,17.5,61.54,10,4,87
2012,9,14,10,30,18.7,57.71,10.200000000000001,3.6,231
2012,9,14,11,30,19.900000000000002,54.18,10.4,3.2,194
2012,9,14,12,30,21.1,50.86,10.5,3,288
2012,9,14,13,30,22.200000000000003,47.86,10.600000000000001,2.9000000000000004,468
2012,9,14,14,30,22.8,46.04,10.600000000000001,3,452
2012,9,14,15,30,22.700000000000003,45.95,10.5,2.9000000000000004,306
2012,9,14,16,30,22,47.54,10.3,2.8000000000000003,147
2012,9,14,17,30,20.8,50.99,10.3,2.6,175
2012,9,14,18,30,19.200000000000003,56.57,10.4,1.9000000000000001,49
2012,9,14,19,30,17.8,63.88,10.9,1.7000000000000002,0
2012,9,14,20,30,17,67.02,10.8,2,0
2012,9,14,21,30,16.400000000000002,70.22,11,2.1,0
2012,9,14,22,30,15.9,72.95,11.100000000000001,1.9000000000000001,0
2012,9,14,23,30,15.5,75.11,11.100000000000001,1.5,0
2012,9,15,0,30,15,77.68,11.100000000000001,1,0
2012,9,15,1,30,14.600000000000001,79.79,11.100000000000001,0.7000000000000001,0
2012,9,15,2,30,14.100000000000001,82.45,11.200000000000001,0.5,0
2012,9,15,3,30,13.600000000000001,85.2,11.200000000000001,0.6000000000000001,0
2012,9,15,4,30,13.100000000000001,88.06,11.200000000000001,0.7000000000000001,0
2012,9,15,5,30,12.9,89.19,11.200000000000001,0.8,0
2012,9,15,6,30,13.4,86.25,11.100000000000001,1.6,0
2012,9,15,7,30,14.700000000000001,78.7,11,2.4000000000000004,3
2012,9,15,8,30,15.9,71.56,10.8,2.5,60
2012,9,15,9,30,16.7,67.58,10.700000000000001,2.4000000000000004,166
2012,9,15,10,30,17.3,65.1,10.700000000000001,2.1,119
2012,9,15,11,30,17.8,63.76,10.8,1.6,257
2012,9,15,12,30,18,64.14,11.100000000000001,1.2000000000000002,278
2012,9,15,13,30,18.1,65.05,11.4,0.9,287
2012,9,15,14,30,18.2,65.51,11.600000000000001,0.7000000000000001,149
2012,9,15,15,30,18.2,65.4,11.600000000000001,0.7000000000000001,267
2012,9,15,16,30,18.2,64.5,11.4,0.7000000000000001,264
2012,9,15,17,30,17.7,65.39,11.100000000000001,0.5,182
2012,9,15,18,30,16.400000000000002,74.01,11.8,0.5,21
2012,9,15,19,30,15.100000000000001,80.57000000000001,11.8,0.7000000000000001,0
2012,9,15,20,30,14.4,81.74,11.3,0.9,0
2012,9,15,21,30,13.9,81.92,10.9,1.1,0
2012,9,15,22,30,13.5,82.94,10.700000000000001,1.3,0
2012,9,15,23,30,13.100000000000001,84.61,10.600000000000001,1.4000000000000001,0
2012,9,16,0,30,12.700000000000001,86.56,10.5,1.5,0
2012,9,16,1,30,12.200000000000001,89.39,10.5,1.5,0
2012,9,16,2,30,11.9,91.35000000000001,10.5,1.4000000000000001,0
2012,9,16,3,30,11.5,94.4,10.600000000000001,1.3,0
2012,9,16,4,30,11.3,96.78,10.8,1.2000000000000002,0
2012,9,16,5,30,11.100000000000001,99.27,11,1.1,0
2012,9,16,6,30,12.200000000000001,93.34,11.200000000000001,1.4000000000000001,0
2012,9,16,7,30,15,78.93,11.4,1.7000000000000002,152
2012,9,16,8,30,18.900000000000002,62.61,11.600000000000001,1.4000000000000001,373
2012,9,16,9,30,22.6,47.6,10.9,1.1,582
2012,9,16,10,30,24.8,40.18,10.4,1,752
2012,9,16,11,30,26.400000000000002,36.160000000000004,10.200000000000001,0.9,869
2012,9,16,12,30,27.6,33.39,10.100000000000001,0.8,921
2012,9,16,13,30,28.3,31.5,9.8,0.7000000000000001,902
2012,9,16,14,30,28.700000000000003,29.94,9.4,0.6000000000000001,816
2012,9,16,15,30,28.6,29.17,8.9,0.30000000000000004,668
2012,9,16,16,30,28,29.310000000000002,8.5,0.2,473
2012,9,16,17,30,26.3,31.900000000000002,8.200000000000001,0.4,251
2012,9,16,18,30,23.5,46.12,11.3,0.8,45
2012,9,16,19,30,21.1,51.31,10.700000000000001,1.2000000000000002,0
2012,9,16,20,30,19.700000000000003,55.480000000000004,10.5,1.3,0
2012,9,16,21,30,18.8,58.660000000000004,10.5,1.5,0
2012,9,16,22,30,18,62.35,10.700000000000001,1.6,0
2012,9,16,23,30,17.2,66.5,10.9,1.7000000000000002,0
2012,9,17,0,30,16.400000000000002,71.13,11.200000000000001,1.7000000000000002,0
2012,9,17,1,30,15.600000000000001,76.74,11.5,1.7000000000000002,0
2012,9,17,2,30,14.700000000000001,83.66,12,1.6,0
2012,9,17,3,30,14,90.13,12.4,1.5,0
2012,9,17,4,30,13.4,95.8,12.700000000000001,1.4000000000000001,0
2012,9,17,5,30,13,99.53,12.9,1.4000000000000001,0
2012,9,17,6,30,14,93.39,12.9,1.9000000000000001,0
2012,9,17,7,30,16.400000000000002,80.08,13,2.4000000000000004,155
2012,9,17,8,30,20.1,64.79,13.3,2.4000000000000004,382
2012,9,17,9,30,24.6,47.62,12.700000000000001,2.1,594
2012,9,17,10,30,27.900000000000002,31.080000000000002,9.3,1.3,766
2012,9,17,11,30,29.900000000000002,24.740000000000002,7.6000000000000005,0.8,883
2012,9,17,12,30,31.400000000000002,20.51,6.1000000000000005,1,927
2012,9,17,13,30,32.2,18.02,4.9,1.4000000000000001,711
2012,9,17,14,30,32.5,16.82,4.2,1.4000000000000001,763
2012,9,17,15,30,32.4,16.37,3.7,1.3,548
2012,9,17,16,30,31.400000000000002,17.01,3.4000000000000004,1.4000000000000001,444
2012,9,17,17,30,28.200000000000003,22.76,5,1.4000000000000001,204
2012,9,17,18,30,24.3,38.72,9.4,1.7000000000000002,40
2012,9,17,19,30,22.200000000000003,38.64,7.4,2.4000000000000004,0
2012,9,17,20,30,21.1,41.480000000000004,7.5,2.8000000000000003,0
2012,9,17,21,30,19.8,48.02,8.5,2.8000000000000003,0
2012,9,17,22,30,18.6,55.75,9.600000000000001,2.6,0
2012,9,17,23,30,17.7,62.88,10.5,2.3000000000000003,0
2012,9,18,0,30,17,69.17,11.3,2.2,0
2012,9,18,1,30,16.6,73.26,11.8,2.4000000000000004,0
2012,9,18,2,30,16.400000000000002,75.34,12,2.8000000000000003,0
2012,9,18,3,30,16.3,76.04,12.100000000000001,3.2,0
2012,9,18,4,30,16.1,76.85000000000001,12,3.6,0
2012,9,18,5,30,15.600000000000001,78.06,11.8,3.8000000000000003,0
2012,9,18,6,30,15.5,77.13,11.5,4.1000000000000005,0
2012,9,18,7,30,16.7,70.55,11.3,4.800000000000001,62
2012,9,18,8,30,19,58.32,10.600000000000001,5,278
2012,9,18,9,30,21.5,49.480000000000004,10.5,4.5,571
2012,9,18,10,30,23.700000000000003,43.32,10.5,4,605
2012,9,18,11,30,25.6,38.1,10.3,3.6,863
2012,9,18,12,30,27,33.86,9.700000000000001,3.4000000000000004,911
2012,9,18,13,30,27.900000000000002,30.490000000000002,9,3.3000000000000003,893
2012,9,18,14,30,28.3,27.92,8,3,806
2012,9,18,15,30,28.200000000000003,26.310000000000002,7.1000000000000005,2.7,659
2012,9,18,16,30,27.400000000000002,26.14,6.300000000000001,2.3000000000000003,461
2012,9,18,17,30,25,29.55,6,1.6,237
2012,9,18,18,30,21.700000000000003,45.300000000000004,9.3,1.4000000000000001,36
2012,9,18,19,30,19.900000000000002,46.65,8.1,2,0
2012,9,18,20,30,19.1,47.33,7.6000000000000005,2.6,0
2012,9,18,21,30,18.2,50.38,7.7,2.8000000000000003,0
2012,9,18,22,30,17.2,54.74,8,2.5,0
2012,9,18,23,30,16.3,58.82,8.200000000000001,2.3000000000000003,0
2012,9,19,0,30,15.5,62.370000000000005,8.3,2.1,0
2012,9,19,1,30,14.9,65.08,8.4,1.9000000000000001,0
2012,9,19,2,30,14.4,67.34,8.4,1.9000000000000001,0
2012,9,19,3,30,14.100000000000001,69.11,8.5,2,0
2012,9,19,4,30,13.9,71.02,8.700000000000001,2.3000000000000003,0
2012,9,19,5,30,13.9,72.32000000000001,9,2.5,0
2012,9,19,6,30,14.700000000000001,70.41,9.4,3.2,0
2012,9,19,7,30,17.2,62.28,9.9,3.8000000000000003,145
2012,9,19,8,30,21.1,51.4,10.700000000000001,4.7,365
2012,9,19,9,30,24.900000000000002,43.19,11.5,5.2,574
2012,9,19,10,30,27.6,36.77,11.5,4.9,747
2012,9,19,11,30,29.5,31.35,10.8,4.5,862
2012,9,19,12,30,30.900000000000002,27.1,9.8,4.2,915
2012,9,19,13,30,31.8,24.060000000000002,8.8,4,894
2012,9,19,14,30,32.1,22.400000000000002,8,3.8000000000000003,804
2012,9,19,15,30,31.8,21.740000000000002,7.300000000000001,3.7,655
2012,9,19,16,30,30.900000000000002,22.05,6.7,3.5,457
2012,9,19,17,30,28,26.18,6.800000000000001,2.6,233
2012,9,19,18,30,24.6,37.45,9.1,2.2,33
2012,9,19,19,30,23.1,39.81,8.700000000000001,2.7,0
2012,9,19,20,30,22.5,41.21,8.700000000000001,3.4000000000000004,0
2012,9,19,21,30,21.8,43.7,8.9,3.9000000000000004,0
2012,9,19,22,30,21,46.92,9.200000000000001,4.1000000000000005,0
2012,9,19,23,30,20.200000000000003,50.52,9.600000000000001,4.2,0
2012,9,20,0,30,19.400000000000002,54.46,10,4.3,0
2012,9,20,1,30,18.7,58.49,10.4,4.2,0
2012,9,20,2,30,17.900000000000002,63.34,10.8,4,0
2012,9,20,3,30,17.2,68.25,11.3,3.7,0
2012,9,20,4,30,16.5,73.38,11.700000000000001,3.3000000000000003,0
2012,9,20,5,30,15.8,78.5,12.100000000000001,3.1,0
2012,9,20,6,30,16,79,12.4,3.4000000000000004,0
2012,9,20,7,30,18.1,70.3,12.600000000000001,3.8000000000000003,143
2012,9,20,8,30,21.700000000000003,57.02,12.8,4.3,363
2012,9,20,9,30,25.6,44.61,12.700000000000001,4.9,571
2012,9,20,10,30,28.900000000000002,35.07,11.9,5,741
2012,9,20,11,30,31.5,27.76,10.700000000000001,4.7,851
2012,9,20,12,30,33.1,23.71,9.700000000000001,4.2,898
2012,9,20,13,30,34.1,21.240000000000002,8.9,3.7,876
2012,9,20,14,30,34.300000000000004,20.06,8.200000000000001,3.5,786
2012,9,20,15,30,34,19.53,7.5,3.6,637
2012,9,20,16,30,32.9,20.07,7,3.6,442
2012,9,20,17,30,30.1,23.76,7.2,3.2,222
2012,9,20,18,30,27,31.39,8.6,3.5,29
2012,9,20,19,30,25.5,32.76,7.9,4.4,0
2012,9,20,20,30,24.400000000000002,34.84,7.9,4.9,0
2012,9,20,21,30,23.200000000000003,39,8.5,5.1000000000000005,0
2012,9,20,22,30,22.200000000000003,44.15,9.4,5.1000000000000005,0
2012,9,20,23,30,21.200000000000003,49.65,10.3,5,0
2012,9,21,0,30,20.400000000000002,53.84,10.700000000000001,4.800000000000001,0
2012,9,21,1,30,19.6,57.27,10.9,4.6000000000000005,0
2012,9,21,2,30,18.900000000000002,60.21,11,4.3,0
2012,9,21,3,30,18.2,63.22,11.100000000000001,4,0
2012,9,21,4,30,17.7,65.43,11.100000000000001,3.9000000000000004,0
2012,9,21,5,30,17.3,67.25,11.200000000000001,3.8000000000000003,0
2012,9,21,6,30,17.6,66,11.200000000000001,4.1000000000000005,0
2012,9,21,7,30,19.5,58.47,11.100000000000001,4.3,138
2012,9,21,8,30,23.1,46.660000000000004,11.100000000000001,4.800000000000001,358
2012,9,21,9,30,27,33.38,9.5,5.300000000000001,568
2012,9,21,10,30,30,25.5,8.1,5,736
2012,9,21,11,30,32.300000000000004,21.37,7.4,4.3,850
2012,9,21,12,30,33.9,18.87,6.9,3.5,902
2012,9,21,13,30,34.800000000000004,17.55,6.6000000000000005,2.9000000000000004,880
2012,9,21,14,30,35.1,16.9,6.300000000000001,2.4000000000000004,789
2012,9,21,15,30,34.9,16.78,6.1000000000000005,2.2,639
2012,9,21,16,30,33.800000000000004,17.5,5.800000000000001,2.2,443
2012,9,21,17,30,30.5,22.73,6.9,1.8,222
2012,9,21,18,30,26.8,34.87,10,2,27
2012,9,21,19,30,25.200000000000003,34.14,8.3,2.8000000000000003,0
2012,9,21,20,30,24.200000000000003,34.9,7.7,3.5,0
2012,9,21,21,30,23.1,37.17,7.7,4,0
2012,9,21,22,30,21.8,40.72,7.9,4.2,0
2012,9,21,23,30,20.700000000000003,44.230000000000004,8.1,4.2,0
2012,9,22,0,30,19.700000000000003,47.59,8.3,4,0
2012,9,22,1,30,19,49.95,8.3,3.8000000000000003,0
2012,9,22,2,30,18.3,52.18,8.3,3.5,0
2012,9,22,3,30,17.6,54.25,8.200000000000001,3.2,0
2012,9,22,4,30,16.900000000000002,56.08,8.1,2.7,0
2012,9,22,5,30,16.2,57.88,7.9,2.3000000000000003,0
2012,9,22,6,30,16.8,54.910000000000004,7.7,2.5,0
2012,9,22,7,30,19.1,47.29,7.6000000000000005,3,141
2012,9,22,8,30,22.900000000000002,37.51,7.6000000000000005,3.1,363
2012,9,22,9,30,27,27.400000000000002,6.6000000000000005,3.1,571
2012,9,22,10,30,30.1,20.36,4.9,2.8000000000000003,741
2012,9,22,11,30,32.4,15.83,3.2,2.5,855
2012,9,22,12,30,33.9,13.43,2.1,2.6,898
2012,9,22,13,30,34.4,13.09,2.1,2.9000000000000004,873
2012,9,22,14,30,34.4,13.13,2.2,3.2,781
2012,9,22,15,30,33.800000000000004,13.44,2,3.4000000000000004,626
2012,9,22,16,30,32.5,14.26,1.8,3.2,429
2012,9,22,17,30,29.1,18.66,2.9000000000000004,2.4000000000000004,207
2012,9,22,18,30,25.3,29.54,6.300000000000001,2,20
2012,9,22,19,30,23.6,30.990000000000002,5.5,2.5,0
2012,9,22,20,30,22.8,32.2,5.300000000000001,2.9000000000000004,0
2012,9,22,21,30,22,34.93,5.800000000000001,3.4000000000000004,0
2012,9,22,22,30,21.200000000000003,38.82,6.6000000000000005,3.7,0
2012,9,22,23,30,20.400000000000002,43.230000000000004,7.5,3.7,0
2012,9,23,0,30,19.700000000000003,47,8.1,3.5,0
2012,9,23,1,30,18.8,51.06,8.5,3.1,0
2012,9,23,2,30,18,54.82,8.8,2.8000000000000003,0
2012,9,23,3,30,17.3,58.160000000000004,9,2.5,0
2012,9,23,4,30,16.5,61.96,9.200000000000001,2.2,0
2012,9,23,5,30,15.8,65.3,9.3,2,0
2012,9,23,6,30,16.3,63.51,9.4,2.3000000000000003,0
2012,9,23,7,30,18.400000000000002,56.01,9.5,2.9000000000000004,132
2012,9,23,8,30,22,45.410000000000004,9.700000000000001,3.4000000000000004,350
2012,9,23,9,30,26,33.910000000000004,8.9,3.9000000000000004,557
2012,9,23,10,30,28.700000000000003,26.22,7.4,4,727
2012,9,23,11,30,30.6,21.97,6.4,3.9000000000000004,841
2012,9,23,12,30,31.900000000000002,19.59,5.9,4.1000000000000005,900
2012,9,23,13,30,32.5,18.61,5.6000000000000005,4.3,873
2012,9,23,14,30,32.6,18.490000000000002,5.6000000000000005,4.4,780
2012,9,23,15,30,32.2,19.03,5.7,4.4,632
2012,9,23,16,30,31.1,20.6,5.9,4.2,434
2012,9,23,17,30,28.3,25.16,6.5,3,213
2012,9,23,18,30,25,35.67,8.8,2.1,22
2012,9,23,19,30,23.400000000000002,40.77,9.3,2.3000000000000003,0
2012,9,23,20,30,22.8,43.45,9.700000000000001,2.8000000000000003,0
2012,9,23,21,30,22.3,46.67,10.3,3.3000000000000003,0
2012,9,23,22,30,21.700000000000003,50.7,11,3.6,0
2012,9,23,23,30,21.200000000000003,54.550000000000004,11.700000000000001,3.7,0
2012,9,24,0,30,20.6,58.730000000000004,12.200000000000001,3.6,0
2012,9,24,1,30,20.200000000000003,62.190000000000005,12.700000000000001,3.5,0
2012,9,24,2,30,19.8,65.74,13.200000000000001,3.7,0
2012,9,24,3,30,19.400000000000002,69.21000000000001,13.600000000000001,4,0
2012,9,24,4,30,19,72.76,14,4.3,0
2012,9,24,5,30,18.8,75.64,14.4,4.4,0
2012,9,24,6,30,19.1,76.76,14.9,4.6000000000000005,0
2012,9,24,7,30,20.900000000000002,71.68,15.600000000000001,5.1000000000000005,132
2012,9,24,8,30,23.700000000000003,63.35,16.3,6.1000000000000005,348
2012,9,24,9,30,26.400000000000002,53.9,16.3,6.800000000000001,554
2012,9,24,10,30,28.6,45.57,15.700000000000001,6.7,626
2012,9,24,11,30,30.3,39.94,15.200000000000001,6.300000000000001,720
2012,9,24,12,30,31.5,35.93,14.600000000000001,6,878
2012,9,24,13,30,32.300000000000004,32.9,13.9,5.800000000000001,787
2012,9,24,14,30,32.6,30.970000000000002,13.3,5.6000000000000005,676
2012,9,24,15,30,32.4,29.810000000000002,12.5,5.4,528
2012,9,24,16,30,31.6,29.46,11.600000000000001,5.1000000000000005,360
2012,9,24,17,30,29.6,31.92,11.100000000000001,4.3,159
2012,9,24,18,30,27.3,37.61,11.600000000000001,4,10
2012,9,24,19,30,25.8,42.62,12.100000000000001,4.6000000000000005,0
2012,9,24,20,30,24.700000000000003,47.5,12.8,5,0
2012,9,24,21,30,23.900000000000002,51.370000000000005,13.3,5.2,0
2012,9,24,22,30,23.200000000000003,53.72,13.3,5,0
2012,9,24,23,30,22.5,55.230000000000004,13.100000000000001,4.9,0
2012,9,25,0,30,22,56.06,12.8,5,0
2012,9,25,1,30,21.400000000000002,57.76,12.700000000000001,5,0
2012,9,25,2,30,20.900000000000002,59.57,12.700000000000001,5.1000000000000005,0
2012,9,25,3,30,20.400000000000002,61.67,12.8,5.300000000000001,0
2012,9,25,4,30,19.900000000000002,64.14,12.9,5.5,0
2012,9,25,5,30,19.3,67.71000000000001,13.200000000000001,5.6000000000000005,0
2012,9,25,6,30,19.3,69.19,13.5,5.4,0
2012,9,25,7,30,20.900000000000002,64.27,13.9,5.800000000000001,130
2012,9,25,8,30,24,55.11,14.4,6.5,347
2012,9,25,9,30,27.1,46.37,14.600000000000001,6.5,554
2012,9,25,10,30,29.8,38.37,14.100000000000001,6.1000000000000005,721
2012,9,25,11,30,31.900000000000002,32.21,13.3,5.6000000000000005,833
2012,9,25,12,30,33.4,27.7,12.3,5,878
2012,9,25,13,30,34.300000000000004,24.53,11.200000000000001,4.5,854
2012,9,25,14,30,34.5,22.71,10.200000000000001,4.2,762
2012,9,25,15,30,34.2,21.94,9.4,4,609
2012,9,25,16,30,33.1,22.62,9,3.8000000000000003,342
2012,9,25,17,30,30.400000000000002,26.84,9.200000000000001,3.1,166
2012,9,25,18,30,27.3,37.21,11.4,3.1,8
2012,9,25,19,30,25.700000000000003,41.77,11.700000000000001,4,0
2012,9,25,20,30,24.700000000000003,45.68,12.200000000000001,4.4,0
2012,9,25,21,30,23.8,49.050000000000004,12.5,4.3,0
2012,9,25,22,30,23,51.67,12.5,4,0
2012,9,25,23,30,22.200000000000003,53.85,12.4,3.9000000000000004,0
2012,9,26,0,30,21.6,55.18,12.200000000000001,3.9000000000000004,0
2012,9,26,1,30,20.900000000000002,56.92,12,3.8000000000000003,0
2012,9,26,2,30,20.400000000000002,58.71,12,3.8000000000000003,0
2012,9,26,3,30,20,61.730000000000004,12.4,3.7,0
2012,9,26,4,30,19.6,66.96000000000001,13.3,3.6,0
2012,9,26,5,30,19.3,73.45,14.4,3.6,0
2012,9,26,6,30,19.6,77.13,15.5,3.7,0
2012,9,26,7,30,21.1,73.93,16.3,4.4,123
2012,9,26,8,30,23.900000000000002,64.31,16.8,5.1000000000000005,336
2012,9,26,9,30,26.8,53.52,16.6,5.2,540
2012,9,26,10,30,29.200000000000003,44.800000000000004,16,5,704
2012,9,26,11,30,31,39.1,15.5,5,783
2012,9,26,12,30,32,36.33,15.200000000000001,5.1000000000000005,683
2012,9,26,13,30,32.300000000000004,35.33,15,5.300000000000001,803
2012,9,26,14,30,32.1,35.33,14.9,5.300000000000001,737
2012,9,26,15,30,31.400000000000002,36.4,14.700000000000001,5.2,588
2012,9,26,16,30,30.3,38.52,14.600000000000001,4.9,226
2012,9,26,17,30,28.400000000000002,43.13,14.700000000000001,4,4
2012,9,26,18,30,26.3,50.49,15.200000000000001,3,3
2012,9,26,19,30,24.900000000000002,56.46,15.600000000000001,2.9000000000000004,0
2012,9,26,20,30,24.200000000000003,60.14,16,3.2,0
2012,9,26,21,30,23.400000000000002,64.5,16.3,3.5,0
2012,9,26,22,30,22.700000000000003,68.68,16.6,3.5,0
2012,9,26,23,30,21.900000000000002,73.33,16.900000000000002,3.3000000000000003,0
2012,9,27,0,30,21.1,78.05,17.1,2.9000000000000004,0
2012,9,27,1,30,20.400000000000002,82.73,17.400000000000002,2.6,0
2012,9,27,2,30,19.900000000000002,86.42,17.6,2.5,0
2012,9,27,3,30,19.700000000000003,88.45,17.7,2.5,0
2012,9,27,4,30,19.6,89.67,17.900000000000002,2.5,0
2012,9,27,5,30,19.5,91.04,18,2.4000000000000004,0
2012,9,27,6,30,19.6,91.91,18.2,2.4000000000000004,0
2012,9,27,7,30,20.3,90.31,18.7,2.8000000000000003,81
2012,9,27,8,30,21.3,88.2,19.3,3.3000000000000003,320
2012,9,27,9,30,22.400000000000002,84.37,19.6,3.6,240
2012,9,27,10,30,23.3,79.81,19.6,3.3000000000000003,413
2012,9,27,11,30,23.8,76.97,19.5,2.7,441
2012,9,27,12,30,23.900000000000002,75.95,19.400000000000002,2,397
2012,9,27,13,30,23.900000000000002,75.60000000000001,19.3,1.6,318
2012,9,27,14,30,23.6,76.71000000000001,19.3,1.9000000000000001,296
2012,9,27,15,30,23.200000000000003,78.66,19.3,2.5,296
2012,9,27,16,30,22.5,82.34,19.3,2.9000000000000004,119
2012,9,27,17,30,21.6,87.95,19.5,2.9000000000000004,41
2012,9,27,18,30,20.700000000000003,93.5,19.6,2.8000000000000003,2
2012,9,27,19,30,20.200000000000003,95.92,19.5,2.8000000000000003,0
2012,9,27,20,30,19.900000000000002,97.06,19.400000000000002,2.6,0
2012,9,27,21,30,19.8,96.7,19.3,2.5,0
2012,9,27,22,30,19.700000000000003,95.87,19,2.5,0
2012,9,27,23,30,19.5,96.19,18.900000000000002,2.5,0
2012,9,28,0,30,19.400000000000002,96.23,18.8,2.4000000000000004,0
2012,9,28,1,30,19.200000000000003,96.96000000000001,18.7,2.4000000000000004,0
2012,9,28,2,30,19.1,97.41,18.7,2.4000000000000004,0
2012,9,28,3,30,18.900000000000002,98.46000000000001,18.7,2.4000000000000004,0
2012,9,28,4,30,18.7,98.99000000000001,18.5,2.5,0
2012,9,28,5,30,18.5,99.26,18.400000000000002,2.5,0
2012,9,28,6,30,18.5,98.13,18.2,2.6,0
2012,9,28,7,30,18.7,96.7,18.2,3,21
2012,9,28,8,30,19.200000000000003,94.36,18.3,3.3000000000000003,121
2012,9,28,9,30,20.1,90.56,18.5,3.2,89
2012,9,28,10,30,20.900000000000002,87.07000000000001,18.7,2.9000000000000004,311
2012,9,28,11,30,21.5,82.84,18.5,3,263
2012,9,28,12,30,21.700000000000003,80.22,18.1,3.2,308
2012,9,28,13,30,21.6,80.45,18.1,3.3000000000000003,268
2012,9,28,14,30,21.200000000000003,82.87,18.2,3.4000000000000004,217
2012,9,28,15,30,20.6,87.11,18.400000000000002,3.5,160
2012,9,28,16,30,20,91.94,18.7,3.4000000000000004,71
2012,9,28,17,30,19.400000000000002,96.86,18.900000000000002,3.4000000000000004,47
2012,9,28,18,30,19,98.79,18.8,3.7,0
2012,9,28,19,30,18.7,99.27,18.6,4.3,0
2012,9,28,20,30,18.400000000000002,99.22,18.3,4.800000000000001,0
2012,9,28,21,30,17.900000000000002,99.05,17.7,5,0
2012,9,28,22,30,17.400000000000002,98.79,17.2,4.800000000000001,0
2012,9,28,23,30,17.1,97.96000000000001,16.8,4.6000000000000005,0
2012,9,29,0,30,17,97.44,16.6,4.4,0
2012,9,29,1,30,16.900000000000002,97.92,16.6,4.3,0
2012,9,29,2,30,16.8,98.64,16.6,4.3,0
2012,9,29,3,30,16.7,99.13,16.6,4.3,0
2012,9,29,4,30,16.6,99.19,16.5,4.4,0
2012,9,29,5,30,16.5,98.77,16.3,4.7,0
2012,9,29,6,30,16.5,97.65,16.1,4.800000000000001,0
2012,9,29,7,30,17,94.93,16.2,5.1000000000000005,14
2012,9,29,8,30,17.900000000000002,90.7,16.400000000000002,5.5,45
2012,9,29,9,30,18.8,85.71000000000001,16.400000000000002,5.5,181
2012,9,29,10,30,19.700000000000003,80.71000000000001,16.3,5.300000000000001,155
2012,9,29,11,30,20.400000000000002,76.62,16.2,5.1000000000000005,230
2012,9,29,12,30,21.1,72.63,16,5,153
2012,9,29,13,30,21.6,69.52,15.8,5,180
2012,9,29,14,30,21.900000000000002,67.24,15.600000000000001,5.1000000000000005,209
2012,9,29,15,30,21.8,66.8,15.4,5.1000000000000005,246
2012,9,29,16,30,21.3,68.60000000000001,15.3,4.7,270
2012,9,29,17,30,20,75.36,15.5,3.5,175
2012,9,29,18,30,18.5,85.73,16.1,2.4000000000000004,0
2012,9,29,19,30,17.400000000000002,92.02,16.1,2.1,0
2012,9,29,20,30,16.7,95.02,15.9,1.9000000000000001,0
2012,9,29,21,30,16,97.47,15.600000000000001,1.9000000000000001,0
2012,9,29,22,30,15.4,98.72,15.200000000000001,1.8,0
2012,9,29,23,30,14.8,99.53,14.700000000000001,1.7000000000000002,0
2012,9,30,0,30,14.200000000000001,100,14.200000000000001,1.7000000000000002,0
2012,9,30,1,30,13.8,100,13.8,1.8,0
2012,9,30,2,30,13.4,100,13.4,1.8,0
2012,9,30,3,30,13.100000000000001,100,13.100000000000001,1.9000000000000001,0
2012,9,30,4,30,12.8,100,12.8,1.9000000000000001,0
2012,9,30,5,30,12.600000000000001,100,12.600000000000001,2,0
2012,9,30,6,30,13.100000000000001,99.28,13,2.5,0
2012,9,30,7,30,14.9,90.11,13.3,3.2,121
2012,9,30,8,30,17.5,80.57000000000001,14.100000000000001,3.6,335
2012,9,30,9,30,20.1,70.28,14.5,3.9000000000000004,539
2012,9,30,10,30,21.900000000000002,62.440000000000005,14.4,3.9000000000000004,706
2012,9,30,11,30,23.1,57.38,14.200000000000001,3.7,816
2012,9,30,12,30,24.1,53.69,14.100000000000001,3.5,859
2012,9,30,13,30,24.700000000000003,51.59,14.100000000000001,3.4000000000000004,834
2012,9,30,14,30,24.900000000000002,50.36,13.9,3.4000000000000004,741
2012,9,30,15,30,24.8,49.980000000000004,13.700000000000001,3.1,588
2012,9,30,16,30,24.200000000000003,51.64,13.600000000000001,2.3000000000000003,392
2012,9,30,17,30,22.5,62.46,15,1.3,176
2012,9,30,18,30,20.5,76.95,16.3,1,0
2012,9,30,19,30,19.1,76.7,14.9,1,0
2012,9,30,20,30,18,81.41,14.8,1.1,0
2012,9,30,21,30,17.2,84.10000000000001,14.5,1,0
2012,9,30,22,30,16.900000000000002,83.78,14.100000000000001,1,0
2012,9,30,23,30,16.900000000000002,81.68,13.700000000000001,0.8,0
2012,10,1,0,30,16.400000000000002,83.12,13.5,0.8,0
2012,10,1,1,30,15.600000000000001,88.38,13.700000000000001,1.1,0
2012,10,1,2,30,14.9,92.69,13.700000000000001,1.4000000000000001,0
2012,10,1,3,30,14.5,93.8,13.5,1.6,0
2012,10,1,4,30,14.100000000000001,93.98,13.100000000000001,1.8,0
2012,10,1,5,30,13.8,93.75,12.8,2,0
2012,10,1,6,30,14.100000000000001,90.36,12.5,2.5,0
2012,10,1,7,30,15.600000000000001,83.29,12.8,3.3000000000000003,117
2012,10,1,8,30,18.2,72.84,13.200000000000001,4,329
2012,10,1,9,30,21.1,59.88,13,4.6000000000000005,533
2012,10,1,10,30,23.200000000000003,52.88,13.100000000000001,4.800000000000001,699
2012,10,1,11,30,24.400000000000002,50.410000000000004,13.4,5,808
2012,10,1,12,30,25.1,48.54,13.5,5.2,854
2012,10,1,13,30,25.3,46.38,13,5.300000000000001,828
2012,10,1,14,30,25.200000000000003,44.7,12.3,5.4,733
2012,10,1,15,30,24.700000000000003,44.86,11.9,5.300000000000001,574
2012,10,1,16,30,23.700000000000003,47.02,11.700000000000001,4.7,274
2012,10,1,17,30,21.6,55.11,12.200000000000001,3.3000000000000003,8
2012,10,1,18,30,19.200000000000003,66.76,12.9,2.5,0
2012,10,1,19,30,17.7,71.03,12.4,2.4000000000000004,0
2012,10,1,20,30,16.8,71.95,11.700000000000001,2.6,0
2012,10,1,21,30,15.9,73.37,11.100000000000001,2.5,0
2012,10,1,22,30,15.100000000000001,75.15,10.700000000000001,2.3000000000000003,0
2012,10,1,23,30,14.3,77.45,10.4,2.1,0
2012,10,2,0,30,13.700000000000001,79.09,10.100000000000001,2,0
2012,10,2,1,30,13.200000000000001,80.55,9.9,2,0
2012,10,2,2,30,12.700000000000001,82,9.700000000000001,2,0
2012,10,2,3,30,12.3,83.24,9.5,1.9000000000000001,0
2012,10,2,4,30,11.8,84.93,9.3,1.8,0
2012,10,2,5,30,11.200000000000001,86.75,9.1,1.7000000000000002,0
2012,10,2,6,30,11.5,83.2,8.700000000000001,1.8,0
2012,10,2,7,30,13.3,75.13,9,2.2,120
2012,10,2,8,30,16.400000000000002,61.65,9,2.6,336
2012,10,2,9,30,19.3,44.7,7,2.6,542
2012,10,2,10,30,21.1,37.75,6.1000000000000005,2.3000000000000003,708
2012,10,2,11,30,22.400000000000002,35.81,6.5,2.1,816
2012,10,2,12,30,23.5,34.87,7.1000000000000005,1.8,852
2012,10,2,13,30,24.3,34.67,7.7,1.5,826
2012,10,2,14,30,24.700000000000003,35.02,8.200000000000001,1.1,732
2012,10,2,15,30,24.700000000000003,35.99,8.6,0.6000000000000001,579
2012,10,2,16,30,24,38.36,8.9,0.6000000000000001,381
2012,10,2,17,30,21.400000000000002,49.92,10.5,1.1,165
2012,10,2,18,30,18.5,68.46000000000001,12.600000000000001,1.6,0
2012,10,2,19,30,17.2,65.48,10.700000000000001,2.3000000000000003,0
2012,10,2,20,30,16.5,64.36,9.8,2.8000000000000003,0
2012,10,2,21,30,15.8,64.35,9.1,3.3000000000000003,0
2012,10,2,22,30,15.100000000000001,65.06,8.6,3.6,0
2012,10,2,23,30,14.4,67.15,8.4,3.8000000000000003,0
2012,10,3,0,30,13.8,69.57000000000001,8.3,4,0
2012,10,3,1,30,13.4,71.14,8.3,4.2,0
2012,10,3,2,30,13,72.81,8.200000000000001,4.3,0
2012,10,3,3,30,12.700000000000001,74.18,8.200000000000001,4.2,0
2012,10,3,4,30,12.3,76.33,8.3,4,0
2012,10,3,5,30,11.9,78.88,8.4,3.9000000000000004,0
2012,10,3,6,30,11.9,79.76,8.5,4,0
2012,10,3,7,30,13.4,74.13,8.9,4.3,117
2012,10,3,8,30,16.6,63.74,9.700000000000001,4.5,336
2012,10,3,9,30,20.1,54.07,10.5,4.7,544
2012,10,3,10,30,23.1,47.43,11.3,4.800000000000001,712
2012,10,3,11,30,25.700000000000003,42.230000000000004,11.9,4.7,821
2012,10,3,12,30,27.8,37.99,12.200000000000001,4.3,864
2012,10,3,13,30,29.3,34.410000000000004,12,3.7,837
2012,10,3,14,30,30.1,32.29,11.700000000000001,3.1,741
2012,10,3,15,30,30.1,31.52,11.4,2.6,586
2012,10,3,16,30,28.8,34.980000000000004,11.8,1.9000000000000001,387
2012,10,3,17,30,25.3,54.06,15.3,1.7000000000000002,168
2012,10,3,18,30,22.1,60.24,14,2.2,0
2012,10,3,19,30,20.8,58.050000000000004,12.200000000000001,2.9000000000000004,0
2012,10,3,20,30,19.8,60.61,12,3.8000000000000003,0
2012,10,3,21,30,18.6,65.74,12.100000000000001,4.6000000000000005,0
2012,10,3,22,30,17.5,71.58,12.3,4.9,0
2012,10,3,23,30,16.8,75.38,12.4,4.800000000000001,0
2012,10,4,0,30,16.3,77.60000000000001,12.4,4.3,0
2012,10,4,1,30,15.700000000000001,79.19,12.100000000000001,3.6,0
2012,10,4,2,30,14.9,79.65,11.4,2.9000000000000004,0
2012,10,4,3,30,14.200000000000001,77.79,10.4,2.2,0
2012,10,4,4,30,13.5,76.11,9.4,1.7000000000000002,0
2012,10,4,5,30,13.200000000000001,72.93,8.5,1.6,0
2012,10,4,6,30,13.700000000000001,65.77,7.4,2.6,0
2012,10,4,7,30,15.3,56.27,6.6000000000000005,4.7,78
2012,10,4,8,30,17.2,50.300000000000004,6.800000000000001,6.5,339
2012,10,4,9,30,19,49.53,8.200000000000001,6.800000000000001,438
2012,10,4,10,30,20.700000000000003,48.67,9.5,6.2,707
2012,10,4,11,30,22.200000000000003,46.84,10.3,5.5,813
2012,10,4,12,30,23.3,45.09,10.700000000000001,4.7,849
2012,10,4,13,30,23.8,44.06,10.8,4,821
2012,10,4,14,30,24,43.29,10.8,3.5,725
2012,10,4,15,30,23.700000000000003,43.35,10.5,3,571
2012,10,4,16,30,22.8,45.04,10.3,2.4000000000000004,374
2012,10,4,17,30,20.3,53.51,10.600000000000001,1.6,157
2012,10,4,18,30,17.5,70.15,12,1.3,0
2012,10,4,19,30,16.2,70.74,10.9,1.6,0
2012,10,4,20,30,15.3,72.34,10.4,1.8,0
2012,10,4,21,30,14.5,74.92,10.100000000000001,1.8,0
2012,10,4,22,30,13.600000000000001,79.18,10.100000000000001,1.6,0
2012,10,4,23,30,12.9,83.18,10.100000000000001,1.4000000000000001,0
2012,10,5,0,30,12.200000000000001,88.3,10.3,1.2000000000000002,0
2012,10,5,1,30,11.700000000000001,92.97,10.600000000000001,1.1,0
2012,10,5,2,30,11.200000000000001,97.27,10.8,1,0
2012,10,5,3,30,10.8,99.75,10.8,1.1,0
2012,10,5,4,30,10.600000000000001,99.29,10.5,1.4000000000000001,0
2012,10,5,5,30,10.4,97.57000000000001,10,1.6,0
2012,10,5,6,30,10.700000000000001,92.78,9.600000000000001,2,0
2012,10,5,7,30,12.100000000000001,83.04,9.3,2.4000000000000004,103
2012,10,5,8,30,14.600000000000001,73.32000000000001,9.9,2.3000000000000003,310
2012,10,5,9,30,17.5,68.61,11.700000000000001,2,143
2012,10,5,10,30,20.3,64.34,13.3,1.5,682
2012,10,5,11,30,22.8,59.78,14.600000000000001,1.1,353
2012,10,5,12,30,24.900000000000002,54.480000000000004,15.100000000000001,1,479
2012,10,5,13,30,26.5,49.11,15,1.1,808
2012,10,5,14,30,27.5,44.46,14.3,0.8,713
2012,10,5,15,30,27.8,41.86,13.700000000000001,0.8,561
2012,10,5,16,30,26.900000000000002,43.38,13.4,1.6,364
2012,10,5,17,30,24.1,56.09,14.8,2.8000000000000003,150
2012,10,5,18,30,21.1,68.18,15,4.2,0
2012,10,5,19,30,19,77.11,14.9,5.1000000000000005,0
2012,10,5,20,30,17.5,84.13,14.8,5,0
2012,10,5,21,30,16.400000000000002,87.13,14.3,4.6000000000000005,0
2012,10,5,22,30,15.600000000000001,87.29,13.5,4.2,0
2012,10,5,23,30,14.8,87.95,12.8,4,0
2012,10,6,0,30,14,90.12,12.4,4,0
2012,10,6,1,30,13.100000000000001,94,12.200000000000001,4.2,0
2012,10,6,2,30,12.5,96.27,11.9,4.7,0
2012,10,6,3,30,11.9,97.2,11.5,5.300000000000001,0
2012,10,6,4,30,11,97.3,10.600000000000001,5.7,0
2012,10,6,5,30,10,94.5,9.200000000000001,5.9,0
2012,10,6,6,30,9.3,88.53,7.5,5.9,0
2012,10,6,7,30,9.200000000000001,81.05,6.1000000000000005,5.6000000000000005,99
2012,10,6,8,30,9.700000000000001,73.79,5.2,5.1000000000000005,62
2012,10,6,9,30,10.4,68.61,4.9,4.4,229
2012,10,6,10,30,11.3,63.65,4.7,3.7,298
2012,10,6,11,30,12.700000000000001,58.47,4.800000000000001,2.9000000000000004,501
2012,10,6,12,30,14.3,54.44,5.2,2.1,546
2012,10,6,13,30,15.600000000000001,52.39,5.9,1.4000000000000001,651
2012,10,6,14,30,16.2,52.43,6.4,1.4000000000000001,524
2012,10,6,15,30,16,53.59,6.6000000000000005,2,396
2012,10,6,16,30,15,55.89,6.300000000000001,2.9000000000000004,278
2012,10,6,17,30,13.5,59.03,5.6000000000000005,3.5,141
2012,10,6,18,30,11.8,62.300000000000004,4.800000000000001,4.1000000000000005,0
2012,10,6,19,30,10.100000000000001,65.56,3.9000000000000004,5.2,0
2012,10,6,20,30,8.4,65.52,2.3000000000000003,6.1000000000000005,0
2012,10,6,21,30,6.9,64.87,0.7000000000000001,6.300000000000001,0
2012,10,6,22,30,5.9,63.33,-0.5,6,0
2012,10,6,23,30,5.300000000000001,61.33,-1.5,5.7,0
2012,10,7,0,30,4.9,60.38,-2.1,5.4,0
2012,10,7,1,30,4.4,61.2,-2.4000000000000004,5.2,0
2012,10,7,2,30,4.1000000000000005,61.88,-2.6,4.9,0
2012,10,7,3,30,4.1000000000000005,62.230000000000004,-2.5,4.6000000000000005,0
2012,10,7,4,30,4.3,61.92,-2.4000000000000004,4.3,0
2012,10,7,5,30,4.5,61.81,-2.2,4.1000000000000005,0
2012,10,7,6,30,4.7,62.25,-1.9000000000000001,3.8000000000000003,0
2012,10,7,7,30,5.4,60.86,-1.6,3.6,28
2012,10,7,8,30,6.6000000000000005,57.35,-1.2000000000000002,3.5,82
2012,10,7,9,30,8,53.160000000000004,-1,3.2,154
2012,10,7,10,30,9.4,49.85,-0.5,2.7,228
2012,10,7,11,30,10.4,48.51,0,2.2,389
2012,10,7,12,30,11.3,47.71,0.6000000000000001,1.8,454
2012,10,7,13,30,11.9,47.95,1.2000000000000002,1.5,407
2012,10,7,14,30,11.9,49.54,1.7000000000000002,1.4000000000000001,306
2012,10,7,15,30,11.600000000000001,51.36,1.9000000000000001,1.5,221
2012,10,7,16,30,11.100000000000001,53.5,2,1.8,206
2012,10,7,17,30,10.200000000000001,56.67,2,1.9000000000000001,101
2012,10,7,18,30,9,62.34,2.2,1.9000000000000001,0
2012,10,7,19,30,7.9,66.77,2.1,2.1,0
2012,10,7,20,30,6.9,70.14,1.8,2.1,0
2012,10,7,21,30,6,73.97,1.7000000000000002,1.8,0
2012,10,7,22,30,5.2,77.91,1.7000000000000002,1.4000000000000001,0
2012,10,7,23,30,4.5,81.33,1.6,1.1,0
2012,10,8,0,30,3.9000000000000004,84.48,1.5,0.9,0
2012,10,8,1,30,3.5,86.65,1.5,0.7000000000000001,0
2012,10,8,2,30,3.3000000000000003,87.44,1.4000000000000001,0.6000000000000001,0
2012,10,8,3,30,3.2,87.60000000000001,1.3,0.6000000000000001,0
2012,10,8,4,30,3.1,87.91,1.3,0.6000000000000001,0
2012,10,8,5,30,2.8000000000000003,89.60000000000001,1.3,0.6000000000000001,0
2012,10,8,6,30,3.1,87.76,1.3,0.9,0
2012,10,8,7,30,5.2,76.14,1.3,1.5,107
2012,10,8,8,30,8.3,62.84,1.6,2.2,322
2012,10,8,9,30,11.200000000000001,54.69,2.4000000000000004,2.7,528
2012,10,8,10,30,13.8,49.6,3.4000000000000004,3.3000000000000003,396
2012,10,8,11,30,16.1,45.980000000000004,4.5,3.7,677
2012,10,8,12,30,18,43.61,5.4,3.9000000000000004,835
2012,10,8,13,30,19.400000000000002,42.72,6.4,3.9000000000000004,804
2012,10,8,14,30,20.3,42.79,7.2,3.8000000000000003,707
2012,10,8,15,30,20.700000000000003,43.86,8,3.5,554
2012,10,8,16,30,20.400000000000002,46.34,8.5,3,355
2012,10,8,17,30,17.8,57.5,9.3,2.1,141
2012,10,8,18,30,15.200000000000001,69.94,9.8,2,0
2012,10,8,19,30,14.4,71.22,9.3,3,0
2012,10,8,20,30,13.9,73.22,9.200000000000001,3.8000000000000003,0
2012,10,8,21,30,13.100000000000001,76.94,9.1,3.9000000000000004,0
2012,10,8,22,30,12.3,81.7,9.3,3.9000000000000004,0
2012,10,8,23,30,11.700000000000001,86.49,9.5,3.9000000000000004,0
2012,10,9,0,30,11.200000000000001,91.86,9.9,3.8000000000000003,0
2012,10,9,1,30,10.9,96.32000000000001,10.3,3.7,0
2012,10,9,2,30,10.8,98.87,10.600000000000001,3.7,0
2012,10,9,3,30,10.700000000000001,100,10.700000000000001,3.7,0
2012,10,9,4,30,10.600000000000001,100,10.600000000000001,3.6,0
2012,10,9,5,30,10.5,100,10.5,3.5,0
2012,10,9,6,30,10.700000000000001,97.57000000000001,10.3,3.6,0
2012,10,9,7,30,12.3,87.82000000000001,10.3,3.8000000000000003,101
2012,10,9,8,30,15.600000000000001,73.16,10.8,3.9000000000000004,319
2012,10,9,9,30,19.6,58.29,11.200000000000001,4,526
2012,10,9,10,30,23.3,46.71,11.3,3.9000000000000004,693
2012,10,9,11,30,26.6,36.87,10.700000000000001,3.7,799
2012,10,9,12,30,29.200000000000003,28.650000000000002,9.200000000000001,3.5,840
2012,10,9,13,30,30.700000000000003,23.11,7.300000000000001,3.5,811
2012,10,9,14,30,31.3,20.1,5.7,3.4000000000000004,714
2012,10,9,15,30,30.900000000000002,19.63,5.1000000000000005,3,558
2012,10,9,16,30,28.700000000000003,25.25,6.9,2,360
2012,10,9,17,30,24.900000000000002,48.75,13.4,1.3,142
2012,10,9,18,30,21.8,47.54,10.200000000000001,1.5,0
2012,10,9,19,30,20.200000000000003,48.19,8.9,1.6,0
2012,10,9,20,30,19,52.550000000000004,9.1,1.8,0
2012,10,9,21,30,18,59.14,9.9,2.2,0
2012,10,9,22,30,16.900000000000002,69.3,11.200000000000001,2.6,0
2012,10,9,23,30,16,78.93,12.3,2.2,0
2012,10,10,0,30,14.8,88.57000000000001,12.9,1.3,0
2012,10,10,1,30,13.600000000000001,96.25,13,0.9,0
2012,10,10,2,30,13.100000000000001,96.66,12.600000000000001,1.6,0
2012,10,10,3,30,12.600000000000001,95.07000000000001,11.8,2.8000000000000003,0
2012,10,10,4,30,12,92.58,10.8,3.7,0
2012,10,10,5,30,11.200000000000001,90.73,9.700000000000001,4.1000000000000005,0
2012,10,10,6,30,10.9,85.91,8.6,4.2,0
2012,10,10,7,30,11.8,75.47,7.6000000000000005,4.6000000000000005,95
2012,10,10,8,30,14.100000000000001,61.75,6.9,4.9,304
2012,10,10,9,30,16.5,54.24,7.2,4.5,504
2012,10,10,10,30,18.7,50.620000000000005,8.200000000000001,3.7,325
2012,10,10,11,30,20.700000000000003,48.69,9.5,3,466
2012,10,10,12,30,22.400000000000002,48.14,10.9,2.5,350
2012,10,10,13,30,23.700000000000003,48.28,12.100000000000001,2.5,515
2012,10,10,14,30,24.3,49.47,13.100000000000001,2.7,435
2012,10,10,15,30,24.200000000000003,52.28,13.8,2.8000000000000003,332
2012,10,10,16,30,23.3,57.44,14.4,2.8000000000000003,293
2012,10,10,17,30,21.3,67.04,14.9,2,115
2012,10,10,18,30,19.1,77.96000000000001,15.200000000000001,1.4000000000000001,0
2012,10,10,19,30,17.900000000000002,82.94,15,1.7000000000000002,0
2012,10,10,20,30,17.2,86.36,14.9,2,0
2012,10,10,21,30,16.7,89.10000000000001,14.9,2.2,0
2012,10,10,22,30,16.2,92.32000000000001,15,2.4000000000000004,0
2012,10,10,23,30,15.8,95.51,15.100000000000001,2.5,0
2012,10,11,0,30,15.600000000000001,98.15,15.3,2.5,0
2012,10,11,1,30,15.600000000000001,99.48,15.5,2.6,0
2012,10,11,2,30,15.700000000000001,99.63,15.600000000000001,2.6,0
2012,10,11,3,30,15.8,99.54,15.700000000000001,2.4000000000000004,0
2012,10,11,4,30,15.9,99.75,15.9,2.1,0
2012,10,11,5,30,16,100,16,1.6,0
2012,10,11,6,30,16.400000000000002,99.91,16.400000000000002,1.5,0
2012,10,11,7,30,17.6,94.96000000000001,16.8,1.9000000000000001,46
2012,10,11,8,30,19.8,85.67,17.3,3.2,147
2012,10,11,9,30,22.3,78.72,18.400000000000002,4.7,325
2012,10,11,10,30,24.400000000000002,71.43,18.900000000000002,5.4,501
2012,10,11,11,30,25.900000000000002,64.18,18.6,5.300000000000001,737
2012,10,11,12,30,27,58.59,18.2,5,779
2012,10,11,13,30,27.900000000000002,54.26,17.8,4.9,752
2012,10,11,14,30,28.6,51.24,17.6,4.9,659
2012,10,11,15,30,28.700000000000003,50.29,17.3,4.9,508
2012,10,11,16,30,27.8,52.52,17.2,4.5,318
2012,10,11,17,30,25.700000000000003,60.06,17.400000000000002,3.4000000000000004,116
2012,10,11,18,30,23.6,68.56,17.5,2.8000000000000003,0
2012,10,11,19,30,22.6,72.32000000000001,17.400000000000002,3.3000000000000003,0
2012,10,11,20,30,21.900000000000002,75.27,17.3,3.5,0
2012,10,11,21,30,21,79.87,17.400000000000002,3.4000000000000004,0
2012,10,11,22,30,20.200000000000003,85.02,17.6,3.1,0
2012,10,11,23,30,19.400000000000002,91.31,17.900000000000002,2.8000000000000003,0
2012,10,12,0,30,18.8,96.9,18.3,2.7,0
2012,10,12,1,30,18.6,99.78,18.6,2.8000000000000003,0
2012,10,12,2,30,18.5,100,18.5,2.6,0
2012,10,12,3,30,18.6,100,18.6,2.4000000000000004,0
2012,10,12,4,30,18.7,100,18.7,2.3000000000000003,0
2012,10,12,5,30,18.5,100,18.5,2,0
2012,10,12,6,30,18.8,100,18.8,2.5,0
2012,10,12,7,30,19.900000000000002,94.38,19,3.9000000000000004,27
2012,10,12,8,30,21.6,86.22,19.200000000000003,5.4,86
2012,10,12,9,30,23.5,75.97,19,6.300000000000001,208
2012,10,12,10,30,25.5,65.52,18.6,6.5,353
2012,10,12,11,30,27.1,57.5,18,6.4,381
2012,10,12,12,30,28.1,52.83,17.6,6.2,718
2012,10,12,13,30,28.5,50.84,17.3,6,753
2012,10,12,14,30,28.3,50.800000000000004,17.1,6,658
2012,10,12,15,30,27.6,52.550000000000004,17,6,507
2012,10,12,16,30,26.5,55.6,16.900000000000002,5.6000000000000005,317
2012,10,12,17,30,24.8,61.21,16.8,4.7,46
2012,10,12,18,30,23.1,67.8,16.8,3.8000000000000003,0
2012,10,12,19,30,22.1,72.24,16.900000000000002,3.7,0
2012,10,12,20,30,21.5,75.86,17.1,4.1000000000000005,0
2012,10,12,21,30,21,80.2,17.5,4.5,0
2012,10,12,22,30,20.5,85.32000000000001,18,4.6000000000000005,0
2012,10,12,23,30,20.1,90.15,18.400000000000002,4.6000000000000005,0
2012,10,13,0,30,19.700000000000003,94.55,18.8,4.5,0
2012,10,13,1,30,19.5,97.11,19,4.6000000000000005,0
2012,10,13,2,30,19.5,98.19,19.200000000000003,4.4,0
2012,10,13,3,30,19.6,98.82000000000001,19.400000000000002,4.2,0
2012,10,13,4,30,19.700000000000003,99.39,19.6,4.3,0
2012,10,13,5,30,19.8,99.60000000000001,19.700000000000003,4.5,0
2012,10,13,6,30,19.900000000000002,99.41,19.8,4.7,0
2012,10,13,7,30,20.8,94.45,19.900000000000002,5.4,82
2012,10,13,8,30,22.6,85.67,20.1,6.4,283
2012,10,13,9,30,24.8,72.14,19.400000000000002,6.7,319
2012,10,13,10,30,26.900000000000002,54.95,17.1,6.2,655
2012,10,13,11,30,28.5,39.04,13.200000000000001,5.9,530
2012,10,13,12,30,29.5,27.61,8.9,6,822
2012,10,13,13,30,29.900000000000002,21.1,5.300000000000001,6.300000000000001,803
2012,10,13,14,30,29.700000000000003,18.07,2.9000000000000004,6.5,711
2012,10,13,15,30,29.1,16.84,1.4000000000000001,6.4,555
2012,10,13,16,30,27.5,18.01,1.1,5.1000000000000005,351
2012,10,13,17,30,23.8,25.27,2.7,3.2,129
2012,10,13,18,30,20.3,34.86,4.3,2.2,0
2012,10,13,19,30,18.7,37.27,3.8000000000000003,2,0
2012,10,13,20,30,17.400000000000002,39.31,3.4000000000000004,2,0
2012,10,13,21,30,16.3,41.14,3.1,2,0
2012,10,13,22,30,15.3,42.56,2.6,2.1,0
2012,10,13,23,30,14.4,44.11,2.3000000000000003,2.1,0
2012,10,14,0,30,13.600000000000001,45.76,2.1,2,0
2012,10,14,1,30,12.8,47.64,2,2,0
2012,10,14,2,30,12.200000000000001,48.9,1.8,2.2,0
2012,10,14,3,30,11.700000000000001,50.49,1.8,2.2,0
2012,10,14,4,30,11.3,53.1,2.1,2.1,0
2012,10,14,5,30,11,55.81,2.5,2,0
2012,10,14,6,30,11.3,56.2,2.9000000000000004,2.1,0
2012,10,14,7,30,13.5,50.28,3.4000000000000004,3,96
2012,10,14,8,30,17.1,40.62,3.6,3.9000000000000004,312
2012,10,14,9,30,20.6,33.26,3.9000000000000004,4.800000000000001,518
2012,10,14,10,30,23.200000000000003,25.85,2.5,5.300000000000001,681
2012,10,14,11,30,24.8,23.13,2.3000000000000003,4.9,788
2012,10,14,12,30,26,21.8,2.5,4.6000000000000005,827
2012,10,14,13,30,26.6,21.240000000000002,2.6,4.2,796
2012,10,14,14,30,26.700000000000003,21.2,2.7,4,698
2012,10,14,15,30,26.1,22.1,2.8000000000000003,3.8000000000000003,539
2012,10,14,16,30,24.6,24.38,2.9000000000000004,2.9000000000000004,337
2012,10,14,17,30,21.1,36.25,5.5,1.8,121
2012,10,14,18,30,18,48.08,6.800000000000001,1.5,0
2012,10,14,19,30,16.7,49.84,6.2,1.5,0
2012,10,14,20,30,15.700000000000001,52.35,6,1.5,0
2012,10,14,21,30,15.100000000000001,53.96,5.800000000000001,1.4000000000000001,0
2012,10,14,22,30,14.9,55.06,6,1.3,0
2012,10,14,23,30,14.600000000000001,56.45,6,1.2000000000000002,0
2012,10,15,0,30,14.3,57.11,5.9,1.1,0
2012,10,15,1,30,14,57.54,5.7,1.1,0
2012,10,15,2,30,13.8,57.52,5.6000000000000005,1.1,0
2012,10,15,3,30,13.600000000000001,57.5,5.4,1,0
2012,10,15,4,30,13.5,57.5,5.300000000000001,1,0
2012,10,15,5,30,13.4,57.31,5.1000000000000005,1,0
2012,10,15,6,30,13.5,56.45,5,0.9,0
2012,10,15,7,30,14.600000000000001,54.36,5.5,1,62
2012,10,15,8,30,16.5,52.83,6.800000000000001,1.5,240
2012,10,15,9,30,18.5,41.88,5.300000000000001,2.2,464
2012,10,15,10,30,21.200000000000003,36.12,5.6000000000000005,3.1,674
2012,10,15,11,30,23.400000000000002,28.47,4.1000000000000005,4,781
2012,10,15,12,30,24.200000000000003,27.11,4.1000000000000005,4.2,817
2012,10,15,13,30,24.200000000000003,27.5,4.3,4.2,679
2012,10,15,14,30,23.900000000000002,28.55,4.6000000000000005,4,596
2012,10,15,15,30,23.400000000000002,30.310000000000002,5,3.5,527
2012,10,15,16,30,22,35.410000000000004,6,2.5,193
2012,10,15,17,30,19.8,47.26,8.200000000000001,1.8,68
2012,10,15,18,30,18.400000000000002,51.86,8.3,2,0
2012,10,15,19,30,18,52.58,8.200000000000001,2.5,0
2012,10,15,20,30,17.900000000000002,53.08,8.200000000000001,3.1,0
2012,10,15,21,30,17.6,54.74,8.4,3.5,0
2012,10,15,22,30,17.2,57.75,8.8,3.6,0
2012,10,15,23,30,16.900000000000002,61.38,9.4,3.6,0
2012,10,16,0,30,16.8,65,10.200000000000001,3.6,0
2012,10,16,1,30,16.7,69.26,11,3.7,0
2012,10,16,2,30,16.6,74.05,12,3.7,0
2012,10,16,3,30,16.5,78.84,12.8,3.6,0
2012,10,16,4,30,16.3,83.72,13.5,3.6,0
2012,10,16,5,30,16.2,87.07000000000001,14,3.5,0
2012,10,16,6,30,16.1,89.37,14.4,3.3000000000000003,0
2012,10,16,7,30,16.6,87.14,14.5,3.4000000000000004,27
2012,10,16,8,30,18,79.32000000000001,14.4,3.7,165
2012,10,16,9,30,20.3,67.45,14.100000000000001,4.3,275
2012,10,16,10,30,23.1,53.25,13.100000000000001,5.2,463
2012,10,16,11,30,25.3,41.800000000000004,11.4,6,676
2012,10,16,12,30,26.6,35.17,10,6.300000000000001,658
2012,10,16,13,30,27.3,32.28,9.3,6.2,592
2012,10,16,14,30,27.6,31.060000000000002,9,5.9,621
2012,10,16,15,30,27.5,30.66,8.700000000000001,5.4,516
2012,10,16,16,30,26.3,32.59,8.6,4.5,330
2012,10,16,17,30,23.700000000000003,40.26,9.4,3.6,115
2012,10,16,18,30,21.6,45.980000000000004,9.5,3.9000000000000004,0
2012,10,16,19,30,20.900000000000002,47.44,9.3,4.6000000000000005,0
2012,10,16,20,30,20.3,49.06,9.3,5.1000000000000005,0
2012,10,16,21,30,19.6,50.44,9,5.300000000000001,0
2012,10,16,22,30,18.6,52.38,8.700000000000001,5.1000000000000005,0
2012,10,16,23,30,17.400000000000002,55.46,8.4,4.6000000000000005,0
2012,10,17,0,30,16.3,58.63,8.200000000000001,4.2,0
2012,10,17,1,30,15.5,60.550000000000004,7.9,4,0
2012,10,17,2,30,15.100000000000001,60.38,7.5,4,0
2012,10,17,3,30,14.8,59.95,7.1000000000000005,4.1000000000000005,0
2012,10,17,4,30,14.600000000000001,59.69,6.800000000000001,4.3,0
2012,10,17,5,30,14.200000000000001,60.34,6.6000000000000005,4.3,0
2012,10,17,6,30,14,60.26,6.4,4.3,0
2012,10,17,7,30,15.3,54.660000000000004,6.2,4.5,91
2012,10,17,8,30,18.5,44.25,6.1000000000000005,4.7,306
2012,10,17,9,30,22.8,33.14,5.7,4.9,509
2012,10,17,10,30,26.6,23.06,3.8000000000000003,5.1000000000000005,671
2012,10,17,11,30,28.900000000000002,18.85,2.9000000000000004,4.9,774
2012,10,17,12,30,29.900000000000002,18.07,3.1,4.5,813
2012,10,17,13,30,30.400000000000002,18.19,3.6,3.9000000000000004,782
2012,10,17,14,30,30.6,18.39,3.9000000000000004,3.4000000000000004,686
2012,10,17,15,30,30.200000000000003,18.79,3.9000000000000004,2.9000000000000004,527
2012,10,17,16,30,28.1,21.84,4.3,2,326
2012,10,17,17,30,24.1,39.92,9.600000000000001,1.5,111
2012,10,17,18,30,20.900000000000002,42.19,7.6000000000000005,2,0
2012,10,17,19,30,19.3,43.050000000000004,6.4,2.5,0
2012,10,17,20,30,17.8,46.77,6.300000000000001,2.9000000000000004,0
2012,10,17,21,30,16.400000000000002,51.94,6.5,3,0
2012,10,17,22,30,14.9,58.44,6.800000000000001,2.8000000000000003,0
2012,10,17,23,30,13.5,65.1,7.1000000000000005,2.4000000000000004,0
2012,10,18,0,30,12.200000000000001,71.3,7.2,2,0
2012,10,18,1,30,11.100000000000001,76.60000000000001,7.1000000000000005,1.9000000000000001,0
2012,10,18,2,30,10.3,79.14,6.800000000000001,2.1,0
2012,10,18,3,30,9.700000000000001,78.06,6.1000000000000005,2.2,0
2012,10,18,4,30,9.1,75.41,5,2.1,0
2012,10,18,5,30,8.5,73.04,3.9000000000000004,2,0
2012,10,18,6,30,8.3,70.63,3.3000000000000003,2.2,0
2012,10,18,7,30,9.4,64.07000000000001,2.9000000000000004,2.6,57
2012,10,18,8,30,12.5,52.160000000000004,2.9000000000000004,3,257
2012,10,18,9,30,16.3,35.57,1,3.4000000000000004,489
2012,10,18,10,30,19.3,26.240000000000002,-0.6000000000000001,3.2,592
2012,10,18,11,30,21.200000000000003,24.17,-0.1,2.7,766
2012,10,18,12,30,22.5,23.88,0.8,2.1,818
2012,10,18,13,30,23.400000000000002,23.97,1.7000000000000002,1.5,786
2012,10,18,14,30,23.700000000000003,24.3,2.1,0.9,686
2012,10,18,15,30,23.6,24.63,2.2,0.6000000000000001,523
2012,10,18,16,30,22.6,26.14,2.2,0.5,321
2012,10,18,17,30,19.900000000000002,37.71,5.1000000000000005,0.8,106
2012,10,18,18,30,16.900000000000002,47.08,5.5,1.2000000000000002,0
2012,10,18,19,30,15.3,48.97,4.6000000000000005,1.5,0
2012,10,18,20,30,14.5,48.58,3.8000000000000003,1.9000000000000001,0
2012,10,18,21,30,13.9,48.160000000000004,3.1,2.3000000000000003,0
2012,10,18,22,30,13.100000000000001,49.63,2.8000000000000003,2.5,0
2012,10,18,23,30,12.200000000000001,52.44,2.7,2.4000000000000004,0
2012,10,19,0,30,11.3,55.79,2.8000000000000003,2.2,0
2012,10,19,1,30,10.5,58.7,2.8000000000000003,2,0
2012,10,19,2,30,9.700000000000001,61.620000000000005,2.7,1.7000000000000002,0
2012,10,19,3,30,9.1,63.82,2.6,1.5,0
2012,10,19,4,30,8.700000000000001,65.26,2.5,1.5,0
2012,10,19,5,30,8.3,66.81,2.5,1.4000000000000001,0
2012,10,19,6,30,8.3,66.66,2.5,1.3,0
2012,10,19,7,30,10.4,59.09,2.7,1.9000000000000001,83
2012,10,19,8,30,13.8,48.19,3,2.3000000000000003,295
2012,10,19,9,30,18,38.27,3.6,3.1,500
2012,10,19,10,30,21.6,30.07,3.3000000000000003,4,664
2012,10,19,11,30,23.6,28.22,4.1000000000000005,4.1000000000000005,770
2012,10,19,12,30,25.1,27.03,4.800000000000001,4.3,804
2012,10,19,13,30,26.1,26.5,5.4,4.2,773
2012,10,19,14,30,26.5,26.73,5.800000000000001,3.9000000000000004,670
2012,10,19,15,30,26.400000000000002,27.53,6.2,3.6,513
2012,10,19,16,30,24.900000000000002,30.560000000000002,6.4,2.5,312
2012,10,19,17,30,21.400000000000002,45.61,9.200000000000001,1.7000000000000002,101
2012,10,19,18,30,18.6,52.83,8.8,2,0
2012,10,19,19,30,17.8,54.230000000000004,8.4,2.8000000000000003,0
2012,10,19,20,30,17.2,56.86,8.6,3.5,0
2012,10,19,21,30,16.2,60.88,8.6,3.7,0
2012,10,19,22,30,15.100000000000001,65.27,8.6,3.5,0
2012,10,19,23,30,14.200000000000001,69.48,8.700000000000001,3.4000000000000004,0
2012,10,20,0,30,13.4,74.07000000000001,8.9,3.3000000000000003,0
2012,10,20,1,30,12.700000000000001,78.89,9.1,3.2,0
2012,10,20,2,30,12,84.22,9.4,3,0
2012,10,20,3,30,11.4,89.48,9.700000000000001,2.7,0
2012,10,20,4,30,11,93.4,10,2.4000000000000004,0
2012,10,20,5,30,10.700000000000001,95.22,10,2.3000000000000003,0
2012,10,20,6,30,10.9,91.60000000000001,9.600000000000001,2.3000000000000003,0
2012,10,20,7,30,13.3,74.18,8.8,3.1,85
2012,10,20,8,30,17.1,54.300000000000004,7.800000000000001,3.7,300
2012,10,20,9,30,21.3,39.730000000000004,7.1000000000000005,3.7,504
2012,10,20,10,30,25.6,27.45,5.5,4.1000000000000005,665
2012,10,20,11,30,28.900000000000002,20.38,4,4.6000000000000005,768
2012,10,20,12,30,30.700000000000003,17.43,3.2,4.9,799
2012,10,20,13,30,31,17.77,3.7,4.9,607
2012,10,20,14,30,30.3,19.75,4.7,4.4,631
2012,10,20,15,30,28.900000000000002,23.87,6.2,3.3000000000000003,501
2012,10,20,16,30,26.900000000000002,32.97,9.3,2.2,260
2012,10,20,17,30,24.1,44.37,11.200000000000001,1.9000000000000001,33
2012,10,20,18,30,22.1,48.81,10.8,2.2,0
2012,10,20,19,30,21.5,51.88,11.200000000000001,2.8000000000000003,0
2012,10,20,20,30,21.1,55.410000000000004,11.8,3.6,0
2012,10,20,21,30,20.6,59.45,12.4,4.3,0
2012,10,20,22,30,19.8,64.81,13,4.6000000000000005,0
2012,10,20,23,30,19,70.21000000000001,13.4,4.4,0
2012,10,21,0,30,18.3,74.95,13.8,4.1000000000000005,0
2012,10,21,1,30,17.6,79.29,14,3.9000000000000004,0
2012,10,21,2,30,17,82.58,14,3.6,0
2012,10,21,3,30,16.5,85.22,14,3.4000000000000004,0
2012,10,21,4,30,16.1,87.31,14,3.2,0
2012,10,21,5,30,15.700000000000001,89.10000000000001,13.9,3,0
2012,10,21,6,30,15.600000000000001,88.62,13.700000000000001,2.9000000000000004,0
2012,10,21,7,30,17.1,79.36,13.5,3.4000000000000004,75
2012,10,21,8,30,20.200000000000003,64.43,13.3,3.7,280
2012,10,21,9,30,23.8,49.71,12.700000000000001,3.6,481
2012,10,21,10,30,27.400000000000002,37,11.4,3.5,641
2012,10,21,11,30,30.400000000000002,27.21,9.4,3.5,744
2012,10,21,12,30,32.1,21.23,7.2,3.7,783
2012,10,21,13,30,32.800000000000004,18.87,6.1000000000000005,3.9000000000000004,751
2012,10,21,14,30,32.800000000000004,18.21,5.5,4.1000000000000005,651
2012,10,21,15,30,32.2,18.81,5.5,3.9000000000000004,497
2012,10,21,16,30,29.900000000000002,22.46,6.2,2.8000000000000003,299
2012,10,21,17,30,26,37.51,10.4,1.7000000000000002,92
2012,10,21,18,30,23.200000000000003,43.29,10,1.6,0
2012,10,21,19,30,22.1,46.21,10,1.9000000000000001,0
2012,10,21,20,30,21.5,51.69,11.100000000000001,2.5,0
2012,10,21,21,30,21.1,59.980000000000004,13,3.2,0
2012,10,21,22,30,20.6,68.34,14.600000000000001,3.4000000000000004,0
2012,10,21,23,30,19.900000000000002,75.39,15.4,3,0
2012,10,22,0,30,19.200000000000003,80.01,15.700000000000001,2.5,0
2012,10,22,1,30,18.7,81.99,15.600000000000001,2.2,0
2012,10,22,2,30,18.1,83.39,15.200000000000001,1.7000000000000002,0
2012,10,22,3,30,17.3,85.10000000000001,14.8,1.1,0
2012,10,22,4,30,16.900000000000002,85.22,14.4,0.7000000000000001,0
2012,10,22,5,30,16.5,86.4,14.200000000000001,0.6000000000000001,0
2012,10,22,6,30,16.1,88.78,14.200000000000001,0.9,0
2012,10,22,7,30,17.2,85.9,14.8,2.1,23
2012,10,22,8,30,19.700000000000003,79.07000000000001,16,3.4000000000000004,262
2012,10,22,9,30,22.3,70.29,16.6,3.5,458
2012,10,22,10,30,24.8,60.11,16.5,3.2,616
2012,10,22,11,30,26.900000000000002,50.67,15.8,2.9000000000000004,720
2012,10,22,12,30,28.1,44.63,14.9,2.7,756
2012,10,22,13,30,28.700000000000003,41.28,14.3,2.8000000000000003,728
2012,10,22,14,30,28.900000000000002,39.02,13.600000000000001,2.9000000000000004,635
2012,10,22,15,30,28.6,37.51,12.700000000000001,2.9000000000000004,482
2012,10,22,16,30,27,40,12.3,2.1,288
2012,10,22,17,30,24,58.89,15.5,1.3,86
2012,10,22,18,30,21.5,62.77,14.100000000000001,1.4000000000000001,0
2012,10,22,19,30,20.5,63.6,13.4,1.7000000000000002,0
2012,10,22,20,30,20,66.61,13.600000000000001,2.2,0
2012,10,22,21,30,19.700000000000003,72,14.5,3,0
2012,10,22,22,30,19.200000000000003,78.57000000000001,15.4,3.4000000000000004,0
2012,10,22,23,30,18.5,83.8,15.700000000000001,3.2,0
2012,10,23,0,30,17.8,86.04,15.4,2.9000000000000004,0
2012,10,23,1,30,17.2,86.54,14.9,2.7,0
2012,10,23,2,30,16.6,88.44,14.700000000000001,2.7,0
2012,10,23,3,30,16,92.51,14.8,2.6,0
2012,10,23,4,30,15.600000000000001,96.63,15.100000000000001,2.5,0
2012,10,23,5,30,15.3,100,15.3,2.4000000000000004,0
2012,10,23,6,30,15.5,100,15.5,2.5,0
2012,10,23,7,30,16.900000000000002,95.65,16.2,3.1,68
2012,10,23,8,30,19.5,85.08,16.900000000000002,3.9000000000000004,270
2012,10,23,9,30,22.5,71.51,17.1,4.1000000000000005,471
2012,10,23,10,30,25.6,56.65,16.400000000000002,3.9000000000000004,634
2012,10,23,11,30,28.1,42.02,14,3.5,739
2012,10,23,12,30,29.6,33.06,11.700000000000001,3.3000000000000003,777
2012,10,23,13,30,30.400000000000002,28.59,10.200000000000001,3,748
2012,10,23,14,30,30.700000000000003,26.18,9.1,2.8000000000000003,649
2012,10,23,15,30,30.400000000000002,25.310000000000002,8.4,2.7,493
2012,10,23,16,30,28.400000000000002,28.35,8.3,1.9000000000000001,296
2012,10,23,17,30,24.8,48.08,13.100000000000001,1.4000000000000001,87
2012,10,23,18,30,22.200000000000003,51.04,11.600000000000001,1.8,0
2012,10,23,19,30,21.6,54.910000000000004,12.100000000000001,2.9000000000000004,0
2012,10,23,20,30,21.400000000000002,62.85,14,3.9000000000000004,0
2012,10,23,21,30,20.700000000000003,72.59,15.600000000000001,4.2,0
2012,10,23,22,30,19.900000000000002,79.77,16.3,4.1000000000000005,0
2012,10,23,23,30,19.400000000000002,83.34,16.5,3.9000000000000004,0
2012,10,24,0,30,18.900000000000002,86.25,16.6,3.7,0
2012,10,24,1,30,18.3,89.55,16.6,3.5,0
2012,10,24,2,30,17.8,92.46000000000001,16.6,3.4000000000000004,0
2012,10,24,3,30,17.3,95.8,16.6,3.3000000000000003,0
2012,10,24,4,30,16.900000000000002,98.74000000000001,16.7,3.3000000000000003,0
2012,10,24,5,30,16.5,100,16.5,3.2,0
2012,10,24,6,30,16.5,100,16.5,3.3000000000000003,0
2012,10,24,7,30,17.7,93.67,16.7,4,36
2012,10,24,8,30,20,81.09,16.7,4.9,116
2012,10,24,9,30,23,67.41,16.6,5.5,254
2012,10,24,10,30,26.3,54.9,16.5,6,427
2012,10,24,11,30,29,45.14,15.9,6.300000000000001,681
2012,10,24,12,30,30.700000000000003,38.57,15,6.5,723
2012,10,24,13,30,31.700000000000003,34.730000000000004,14.200000000000001,6.4,718
2012,10,24,14,30,31.8,33.19,13.600000000000001,6.300000000000001,619
2012,10,24,15,30,31.200000000000003,33.63,13.3,6.2,466
2012,10,24,16,30,29.6,37.33,13.5,5.7,270
2012,10,24,17,30,27.1,45.67,14.4,5.5,51
2012,10,24,18,30,24.8,54.92,15.100000000000001,5.7,0
2012,10,24,19,30,23.5,60.95,15.5,5.800000000000001,0
2012,10,24,20,30,22.400000000000002,65.29,15.600000000000001,5.5,0
2012,10,24,21,30,21.5,67.69,15.3,5.1000000000000005,0
2012,10,24,22,30,20.8,68.3,14.700000000000001,4.9,0
2012,10,24,23,30,20.1,69.17,14.3,4.800000000000001,0
2012,10,25,0,30,19.400000000000002,70.58,13.9,4.7,0
2012,10,25,1,30,18.6,73.02,13.700000000000001,4.5,0
2012,10,25,2,30,17.6,76.61,13.4,4,0
2012,10,25,3,30,16.7,79.77,13.200000000000001,3.3000000000000003,0
2012,10,25,4,30,15.600000000000001,82.95,12.700000000000001,2.6,0
2012,10,25,5,30,14.600000000000001,83.83,11.9,2.1,0
2012,10,25,6,30,13.9,79.24,10.4,1.9000000000000001,0
2012,10,25,7,30,15.100000000000001,63.49,8.200000000000001,2.8000000000000003,70
2012,10,25,8,30,17.400000000000002,47.46,6.1000000000000005,5.2,278
2012,10,25,9,30,19.1,37.94,4.4,7,478
2012,10,25,10,30,20.3,34.87,4.3,7.1000000000000005,639
2012,10,25,11,30,21.400000000000002,33.51,4.7,6.6000000000000005,739
2012,10,25,12,30,22.3,32.19,4.9,6,776
2012,10,25,13,30,22.8,30.990000000000002,4.800000000000001,5.5,742
2012,10,25,14,30,22.8,30.21,4.4,5,642
2012,10,25,15,30,22.1,30.25,3.8000000000000003,4.6000000000000005,483
2012,10,25,16,30,20.5,32.05,3.3000000000000003,4.3,284
2012,10,25,17,30,17.900000000000002,36.63,2.9000000000000004,3.9000000000000004,78
2012,10,25,18,30,15.3,42.81,2.7,3.9000000000000004,0
2012,10,25,19,30,13.600000000000001,45.63,2.1,4.3,0
2012,10,25,20,30,12,48.5,1.5,4.7,0
2012,10,25,21,30,10.700000000000001,50.4,0.8,5,0
2012,10,25,22,30,9.600000000000001,52.65,0.4,5.2,0
2012,10,25,23,30,8.6,55.77,0.30000000000000004,5.300000000000001,0
2012,10,26,0,30,7.7,58.93,0.2,5.300000000000001,0
2012,10,26,1,30,6.9,62.24,0.2,5.2,0
2012,10,26,2,30,6.2,64.78,0.1,4.9,0
2012,10,26,3,30,5.7,65.77,-0.2,4.800000000000001,0
2012,10,26,4,30,5.300000000000001,65.66,-0.6000000000000001,4.7,0
2012,10,26,5,30,4.9,65.33,-1.1,4.7,0
2012,10,26,6,30,4.6000000000000005,64.61,-1.5,4.800000000000001,0
2012,10,26,7,30,5,60.69,-2,5.5,63
2012,10,26,8,30,6.300000000000001,52.36,-2.7,6.2,264
2012,10,26,9,30,8.1,44.58,-3.3000000000000003,6.2,465
2012,10,26,10,30,10.100000000000001,38.36,-3.5,6,626
2012,10,26,11,30,11.8,33.95,-3.6,5.9,729
2012,10,26,12,30,13.200000000000001,30.72,-3.7,5.800000000000001,770
2012,10,26,13,30,14.100000000000001,28.75,-3.8000000000000003,5.7,737
2012,10,26,14,30,14.4,27.96,-3.9000000000000004,5.6000000000000005,637
2012,10,26,15,30,14.100000000000001,28.05,-4.1000000000000005,5.4,480
2012,10,26,16,30,13,29.400000000000002,-4.5,5,283
2012,10,26,17,30,11,32.68,-4.800000000000001,3.9000000000000004,76
2012,10,26,18,30,9,38.410000000000004,-4.4,3.1,0
2012,10,26,19,30,7.800000000000001,41.160000000000004,-4.6000000000000005,3.1,0
2012,10,26,20,30,6.800000000000001,42.86,-5,3.1,0
2012,10,26,21,30,6,44.43,-5.2,2.8000000000000003,0
2012,10,26,22,30,5.2,46.59,-5.300000000000001,2.6,0
2012,10,26,23,30,4.5,48.88,-5.300000000000001,2.4000000000000004,0
2012,10,27,0,30,3.9000000000000004,50.89,-5.4,2.2,0
2012,10,27,1,30,3.2,53.64,-5.300000000000001,1.9000000000000001,0
2012,10,27,2,30,2.6,56.29,-5.2,1.7000000000000002,0
2012,10,27,3,30,2.1,58.36,-5.2,1.6,0
2012,10,27,4,30,1.6,60.51,-5.2,1.4000000000000001,0
2012,10,27,5,30,1.1,62.68,-5.2,1.2000000000000002,0
2012,10,27,6,30,1,62.870000000000005,-5.300000000000001,1.3,0
2012,10,27,7,30,2.4000000000000004,56.83,-5.300000000000001,2.2,65
2012,10,27,8,30,4.800000000000001,45.42,-6,3.1,272
2012,10,27,9,30,7.2,36.52,-6.7,2.9000000000000004,472
2012,10,27,10,30,9.3,31.34,-6.800000000000001,2.3000000000000003,633
2012,10,27,11,30,11.200000000000001,27.79,-6.800000000000001,1.7000000000000002,738
2012,10,27,12,30,12.8,25.32,-6.6000000000000005,1.2000000000000002,773
2012,10,27,13,30,13.9,24.03,-6.300000000000001,0.8,736
2012,10,27,14,30,14.5,23.86,-5.9,0.7000000000000001,635
2012,10,27,15,30,14.5,24.66,-5.5,0.9,476
2012,10,27,16,30,13.700000000000001,26.92,-5,1,279
2012,10,27,17,30,11.5,38.27,-2.2,0.9,73
2012,10,27,18,30,9.1,48.28,-1.3,1,0
2012,10,27,19,30,7.800000000000001,50.81,-1.8,1.2000000000000002,0
2012,10,27,20,30,7,51.65,-2.3000000000000003,1.4000000000000001,0
2012,10,27,21,30,6.4,52.47,-2.6,1.7000000000000002,0
2012,10,27,22,30,5.800000000000001,53.95,-2.8000000000000003,1.9000000000000001,0
2012,10,27,23,30,5.1000000000000005,56.43,-2.9000000000000004,2,0
2012,10,28,0,30,4.3,59.95,-2.8000000000000003,1.9000000000000001,0
2012,10,28,1,30,3.6,63.190000000000005,-2.8000000000000003,1.6,0
2012,10,28,2,30,2.9000000000000004,66.29,-2.8000000000000003,1.4000000000000001,0
2012,10,28,3,30,2.5,67.8,-2.9000000000000004,1.3,0
2012,10,28,4,30,2.2,68.68,-3,1.3,0
2012,10,28,5,30,1.9000000000000001,69.56,-3.1,1.2000000000000002,0
2012,10,28,6,30,2,68.43,-3.2,1.1,0
2012,10,28,7,30,3.7,60.83,-3.2,1.5,61
2012,10,28,8,30,7.1000000000000005,48.46,-3.1,2.1,263
2012,10,28,9,30,10.9,37.59,-3,2.3000000000000003,463
2012,10,28,10,30,13.8,31.64,-2.8000000000000003,2.5,623
2012,10,28,11,30,15.700000000000001,29.7,-2,2.6,724
2012,10,28,12,30,17.2,28.3,-1.3,2.6,761
2012,10,28,13,30,18.2,27.580000000000002,-0.8,2.6,728
2012,10,28,14,30,18.7,27.55,-0.4,2.5,627
2012,10,28,15,30,18.5,28.64,-0.1,2.4000000000000004,471
2012,10,28,16,30,17.1,31.740000000000002,0.2,1.9000000000000001,272
2012,10,28,17,30,14.100000000000001,46.46,2.8000000000000003,1.4000000000000001,67
2012,10,28,18,30,11.8,52.09,2.3000000000000003,1.7000000000000002,0
2012,10,28,19,30,11.100000000000001,51.44,1.5,2.2,0
2012,10,28,20,30,10.3,51.78,0.8,2.6,0
2012,10,28,21,30,9.200000000000001,53.89,0.30000000000000004,2.7,0
2012,10,28,22,30,8.200000000000001,56.67,0.1,2.5,0
2012,10,28,23,30,7.300000000000001,59.79,0,2.2,0
2012,10,29,0,30,6.7,62.04,-0.1,2.1,0
2012,10,29,1,30,6.2,64.45,0,2,0
2012,10,29,2,30,5.7,67.68,0.2,1.9000000000000001,0
2012,10,29,3,30,5.300000000000001,70.8,0.4,1.8,0
2012,10,29,4,30,5,73.34,0.6000000000000001,1.9000000000000001,0
2012,10,29,5,30,4.7,75.62,0.8,1.9000000000000001,0
2012,10,29,6,30,4.7,75.79,0.8,2.1,0
2012,10,29,7,30,6.1000000000000005,68.55,0.7000000000000001,2.9000000000000004,58
2012,10,29,8,30,9.200000000000001,55.46,0.7000000000000001,4,258
2012,10,29,9,30,12.8,42.87,0.5,4.800000000000001,458
2012,10,29,10,30,16,34.94,0.5,5,618
2012,10,29,11,30,18.400000000000002,31.34,1.1,4.7,721
2012,10,29,12,30,20.400000000000002,28.900000000000002,1.7000000000000002,4.4,758
2012,10,29,13,30,21.8,27.43,2.2,4,724
2012,10,29,14,30,22.5,26.76,2.4000000000000004,3.7,624
2012,10,29,15,30,22.5,27.01,2.6,3.2,469
2012,10,29,16,30,20.6,30.84,2.8000000000000003,2.2,270
2012,10,29,17,30,16.8,48.94,6,1.5,67
2012,10,29,18,30,14.200000000000001,52.04,4.5,1.9000000000000001,0
2012,10,29,19,30,13.4,52.410000000000004,3.9000000000000004,2.4000000000000004,0
2012,10,29,20,30,12.5,54.07,3.5,2.7,0
2012,10,29,21,30,11.4,56.46,3,2.6,0
2012,10,29,22,30,10.3,59.02,2.6,2.5,0
2012,10,29,23,30,9.4,61.38,2.3000000000000003,2.4000000000000004,0
2012,10,30,0,30,8.6,63.910000000000004,2.2,2.3000000000000003,0
2012,10,30,1,30,8,66.22,2.1,2.3000000000000003,0
2012,10,30,2,30,7.300000000000001,69.68,2.1,2.1,0
2012,10,30,3,30,6.7,73.33,2.3000000000000003,1.7000000000000002,0
2012,10,30,4,30,6.2,76.85000000000001,2.4000000000000004,1.3,0
2012,10,30,5,30,5.800000000000001,79.97,2.6,1,0
2012,10,30,6,30,5.6000000000000005,82.03,2.8000000000000003,0.7000000000000001,0
2012,10,30,7,30,7,75.27,2.9000000000000004,0.6000000000000001,55
2012,10,30,8,30,9.700000000000001,63.410000000000004,3.1,0.5,255
2012,10,30,9,30,13.200000000000001,51.730000000000004,3.5,0.30000000000000004,454
2012,10,30,10,30,16.900000000000002,41.36,3.7,0.30000000000000004,615
2012,10,30,11,30,20.1,34.62,4,0.7000000000000001,718
2012,10,30,12,30,22.8,29.6,4.1000000000000005,1,756
2012,10,30,13,30,24.700000000000003,24.53,3.1,1.2000000000000002,724
2012,10,30,14,30,25.3,22.740000000000002,2.5,1.3,624
2012,10,30,15,30,25,22.78,2.3000000000000003,1.3,469
2012,10,30,16,30,23,26.19,2.6,1.1,271
2012,10,30,17,30,19.5,45.43,7.4,1.1,67
2012,10,30,18,30,16.6,45.49,4.800000000000001,1.4000000000000001,0
2012,10,30,19,30,15.200000000000001,48.43,4.4,1.4000000000000001,0
2012,10,30,20,30,14.200000000000001,50.92,4.2,1.5,0
2012,10,30,21,30,13.4,53.06,4,1.4000000000000001,0
2012,10,30,22,30,12.700000000000001,55.050000000000004,3.9000000000000004,1.4000000000000001,0
2012,10,30,23,30,12.100000000000001,56.76,3.8000000000000003,1.3,0
2012,10,31,0,30,11.5,58.68,3.7,1.3,0
2012,10,31,1,30,10.8,61.27,3.6,1.3,0
2012,10,31,2,30,10.3,63.01,3.6,1.3,0
2012,10,31,3,30,10.3,62.83,3.5,1.2000000000000002,0
2012,10,31,4,30,10.600000000000001,61.74,3.6,1.1,0
2012,10,31,5,30,10.600000000000001,62.07,3.6,0.9,0
2012,10,31,6,30,10.5,63.02,3.8000000000000003,0.6000000000000001,0
2012,10,31,7,30,11.600000000000001,59.08,3.9000000000000004,0.7000000000000001,54
2012,10,31,8,30,14.200000000000001,53.85,5,1,253
2012,10,31,9,30,17.6,42.84,4.800000000000001,0.9,449
2012,10,31,10,30,21.8,34.7,5.5,1.5,608
2012,10,31,11,30,24.700000000000003,27.11,4.5,2.6,711
2012,10,31,12,30,26,24.03,3.9000000000000004,2.9000000000000004,746
2012,10,31,13,30,26.700000000000003,22.490000000000002,3.5,2.8000000000000003,716
2012,10,31,14,30,26.8,21.95,3.3000000000000003,2.8000000000000003,617
2012,10,31,15,30,26.3,22.31,3.1,2.5,460
2012,10,31,16,30,24,26.26,3.5,1.7000000000000002,263
2012,10,31,17,30,20.200000000000003,45.79,8.1,1.2000000000000002,63
2012,10,31,18,30,17.5,46.21,5.800000000000001,1.4000000000000001,0
2012,10,31,19,30,16.3,47.82,5.2,1.6,0
2012,10,31,20,30,15.3,49.52,4.800000000000001,1.7000000000000002,0
2012,10,31,21,30,14.600000000000001,50.75,4.5,2,0
2012,10,31,22,30,13.8,52.81,4.3,2.2,0
2012,10,31,23,30,13.100000000000001,55.14,4.3,2.3000000000000003,0
2012,11,1,0,30,12.3,58.370000000000005,4.4,2.3000000000000003,0
2012,11,1,1,30,11.5,62.13,4.5,2.1,0
2012,11,1,2,30,10.8,66.73,4.9,2,0
2012,11,1,3,30,10.200000000000001,73.23,5.6000000000000005,1.7000000000000002,0
2012,11,1,4,30,9.8,80.43,6.6000000000000005,1.6,0
2012,11,1,5,30,9.4,87.47,7.4,1.4000000000000001,0
2012,11,1,6,30,9.4,91.38,8.1,1.4000000000000001,0
2012,11,1,7,30,11.4,82.94,8.6,1.8,51
2012,11,1,8,30,15,68.02,9.1,2.3000000000000003,249
2012,11,1,9,30,18.900000000000002,55.11,9.700000000000001,2.8000000000000003,448
2012,11,1,10,30,22.700000000000003,42.52,9.3,3.6,608
2012,11,1,11,30,25.1,32.53,7.5,3.8000000000000003,711
2012,11,1,12,30,26.400000000000002,27.54,6.2,3.7,747
2012,11,1,13,30,27.1,24.75,5.2,3.6,714
2012,11,1,14,30,27.200000000000003,23.61,4.6000000000000005,3.6,613
2012,11,1,15,30,26.5,24.080000000000002,4.3,3.4000000000000004,455
2012,11,1,16,30,24.1,28.29,4.6000000000000005,2.4000000000000004,258
2012,11,1,17,30,20.200000000000003,45.25,8,1.6,59
2012,11,1,18,30,17.7,49.82,7.1000000000000005,1.7000000000000002,0
2012,11,1,19,30,16.8,52.300000000000004,7,1.9000000000000001,0
2012,11,1,20,30,16.2,54.85,7.1000000000000005,2.1,0
2012,11,1,21,30,15.700000000000001,57.88,7.4,2.5,0
2012,11,1,22,30,15.200000000000001,62.31,8,2.9000000000000004,0
2012,11,1,23,30,14.700000000000001,68.46000000000001,9,3.3000000000000003,0
2012,11,2,0,30,14,76.83,10,3.4000000000000004,0
2012,11,2,1,30,13.200000000000001,85.72,10.9,3.1,0
2012,11,2,2,30,12.4,94.04,11.5,2.8000000000000003,0
2012,11,2,3,30,11.700000000000001,100,11.700000000000001,2.4000000000000004,0
2012,11,2,4,30,11.100000000000001,100,11.100000000000001,2.2,0
2012,11,2,5,30,11.100000000000001,100,11.100000000000001,2.2,0
2012,11,2,6,30,11.4,100,11.4,2.5,0
2012,11,2,7,30,12.3,96.71000000000001,11.8,3,46
2012,11,2,8,30,14.700000000000001,83.12,11.9,3.4000000000000004,238
2012,11,2,9,30,18,68.96000000000001,12.200000000000001,3.6,436
2012,11,2,10,30,21.5,55.97,12.3,3.8000000000000003,594
2012,11,2,11,30,24.6,45.19,11.9,3.9000000000000004,697
2012,11,2,12,30,26.900000000000002,35.27,10.3,3.7,734
2012,11,2,13,30,28.200000000000003,28.21,8.1,3.2,701
2012,11,2,14,30,28.5,24.96,6.5,2.7,602
2012,11,2,15,30,28.1,23.59,5.4,2.3000000000000003,448
2012,11,2,16,30,25.6,27.71,5.6000000000000005,1.6,253
2012,11,2,17,30,21.8,46.96,10,1.3,56
2012,11,2,18,30,19.3,46.7,7.6000000000000005,1.7000000000000002,0
2012,11,2,19,30,18.3,49.480000000000004,7.5,2.2,0
2012,11,2,20,30,17.8,53.11,8.1,3,0
2012,11,2,21,30,17.2,58.19,8.9,3.5,0
2012,11,2,22,30,16.5,63.78,9.600000000000001,3.8000000000000003,0
2012,11,2,23,30,15.700000000000001,69.62,10.200000000000001,3.8000000000000003,0
2012,11,3,0,30,14.9,75.29,10.600000000000001,3.6,0
2012,11,3,1,30,14.100000000000001,80.69,10.8,3.2,0
2012,11,3,2,30,13.200000000000001,86.01,10.9,2.5,0
2012,11,3,3,30,12.4,90.3,10.9,1.6,0
2012,11,3,4,30,11.8,92.09,10.600000000000001,0.9,0
2012,11,3,5,30,11.600000000000001,89.83,10,0.5,0
2012,11,3,6,30,11.8,84.83,9.3,0.6000000000000001,0
2012,11,3,7,30,12.700000000000001,76.59,8.700000000000001,1.1,16
2012,11,3,8,30,14.700000000000001,65.47,8.3,1.7000000000000002,94
2012,11,3,9,30,17,56.730000000000004,8.3,2.3000000000000003,401
2012,11,3,10,30,19.3,49.64,8.5,2.8000000000000003,555
2012,11,3,11,30,21.1,44.86,8.700000000000001,2.9000000000000004,649
2012,11,3,12,30,22.5,41.64,8.8,2.9000000000000004,672
2012,11,3,13,30,23.1,40.25,8.9,2.9000000000000004,604
2012,11,3,14,30,23.200000000000003,40.03,8.9,3,359
2012,11,3,15,30,22.6,41.5,8.9,3.1,160
2012,11,3,16,30,21.200000000000003,45.18,8.9,2.6,231
2012,11,3,17,30,18.7,55.230000000000004,9.5,2.1,48
2012,11,3,18,30,16.7,60.47,9,2.4000000000000004,0
2012,11,3,19,30,15.8,60.34,8.1,2.7,0
2012,11,3,20,30,14.9,60.95,7.4,2.5,0
2012,11,3,21,30,14.100000000000001,61.95,6.9,2.4000000000000004,0
2012,11,3,22,30,13.5,62.910000000000004,6.6000000000000005,2.4000000000000004,0
2012,11,3,23,30,12.700000000000001,65.45,6.4,2.1,0
2012,11,4,0,30,11.8,68.68,6.2,1.7000000000000002,0
2012,11,4,1,30,11.100000000000001,71.01,6,1.6,0
2012,11,4,2,30,10.4,73.39,5.800000000000001,1.4000000000000001,0
2012,11,4,3,30,9.8,75.64,5.7,1.3,0
2012,11,4,4,30,9.4,77.44,5.7,1.2000000000000002,0
2012,11,4,5,30,9,79.33,5.6000000000000005,1.2000000000000002,0
2012,11,4,6,30,8.700000000000001,80.56,5.5,1.2000000000000002,0
2012,11,4,7,30,9.8,74.10000000000001,5.4,1.7000000000000002,40
2012,11,4,8,30,12.5,61.61,5.300000000000001,1.9000000000000001,225
2012,11,4,9,30,16,51.24,5.9,1.1,418
2012,11,4,10,30,19.6,46.65,7.9,0.7000000000000001,574
2012,11,4,11,30,22,43.12,8.9,1,678
2012,11,4,12,30,23.5,39.17,8.8,1.4000000000000001,716
2012,11,4,13,30,24.3,36.63,8.5,1.8,684
2012,11,4,14,30,24.700000000000003,34.910000000000004,8.200000000000001,2.1,587
2012,11,4,15,30,24.5,34.35,7.800000000000001,2.2,435
2012,11,4,16,30,23,36.68,7.4,1.5,243
2012,11,4,17,30,20.400000000000002,50.980000000000004,9.9,1.1,51
2012,11,4,18,30,18.3,51.74,8.200000000000001,1.2000000000000002,0
2012,11,4,19,30,16.8,55.45,7.800000000000001,1.3,0
2012,11,4,20,30,15.700000000000001,58.4,7.6000000000000005,1.5,0
2012,11,4,21,30,15,60.19,7.300000000000001,1.7000000000000002,0
2012,11,4,22,30,14.600000000000001,61.42,7.300000000000001,2.1,0
2012,11,4,23,30,14.100000000000001,64.01,7.4,2.4000000000000004,0
2012,11,5,0,30,13.5,68.25,7.800000000000001,2.6,0
2012,11,5,1,30,12.700000000000001,74.39,8.3,2.5,0
2012,11,5,2,30,12,80.29,8.700000000000001,2.3000000000000003,0
2012,11,5,3,30,11.200000000000001,86.3,9,2,0
2012,11,5,4,30,10.4,90.54,8.9,1.7000000000000002,0
2012,11,5,5,30,9.700000000000001,90.25,8.200000000000001,1.5,0
2012,11,5,6,30,9.200000000000001,84.08,6.7,1.8,0
2012,11,5,7,30,10.100000000000001,69.17,4.7,3,42
2012,11,5,8,30,12.600000000000001,52.63,3.2,4.3,235
2012,11,5,9,30,15.8,41.56,2.8000000000000003,5.4,434
2012,11,5,10,30,18.8,34.61,2.9000000000000004,6.1000000000000005,592
2012,11,5,11,30,20.900000000000002,30.5,2.9000000000000004,6,692
2012,11,5,12,30,22.3,28.1,3,5.6000000000000005,727
2012,11,5,13,30,23,26.810000000000002,2.9000000000000004,5,695
2012,11,5,14,30,23.1,26.310000000000002,2.7,4.3,596
2012,11,5,15,30,22.6,26.650000000000002,2.5,3.6,441
2012,11,5,16,30,20.6,29.72,2.3000000000000003,2.3000000000000003,246
2012,11,5,17,30,17.2,44.980000000000004,5.2,1.4000000000000001,51
2012,11,5,18,30,14.8,49.06,4.2,1.4000000000000001,0
2012,11,5,19,30,13.700000000000001,50.6,3.6,1.5,0
2012,11,5,20,30,12.9,51.92,3.3000000000000003,1.5,0
2012,11,5,21,30,12,54.050000000000004,3,1.5,0
2012,11,5,22,30,11.200000000000001,56.19,2.8000000000000003,1.5,0
2012,11,5,23,30,10.5,58.26,2.6,1.5,0
2012,11,6,0,30,9.8,60.52,2.5,1.4000000000000001,0
2012,11,6,1,30,9.200000000000001,62.46,2.4000000000000004,1.4000000000000001,0
2012,11,6,2,30,8.700000000000001,64.1,2.3000000000000003,1.3,0
2012,11,6,3,30,8.3,65.72,2.3000000000000003,1.2000000000000002,0
2012,11,6,4,30,8,67.43,2.3000000000000003,1.1,0
2012,11,6,5,30,7.6000000000000005,70.15,2.5,1.1,0
2012,11,6,6,30,7.2,73.59,2.8000000000000003,1.1,0
2012,11,6,7,30,8.8,67.64,3.1,1.7000000000000002,40
2012,11,6,8,30,12.100000000000001,56.25,3.6,2.3000000000000003,232
2012,11,6,9,30,15.8,45.26,4,2.4000000000000004,427
2012,11,6,10,30,19.700000000000003,33.84,3.3000000000000003,2.7,584
2012,11,6,11,30,22.400000000000002,27.55,2.8000000000000003,2.6,687
2012,11,6,12,30,24.200000000000003,24.240000000000002,2.5,2.3000000000000003,724
2012,11,6,13,30,25.3,22.02,2.1,1.8,692
2012,11,6,14,30,25.700000000000003,20.79,1.6,1.5,593
2012,11,6,15,30,25.400000000000002,20.75,1.3,1.3,438
2012,11,6,16,30,23.400000000000002,24.77,2.1,1,243
2012,11,6,17,30,20.1,40.28,6.2,1.1,49
2012,11,6,18,30,17.6,40.21,3.9000000000000004,1.3,0
2012,11,6,19,30,16.1,43.39,3.6,1.4000000000000001,0
2012,11,6,20,30,14.9,46.300000000000004,3.5,1.5,0
2012,11,6,21,30,14,48.42,3.3000000000000003,1.5,0
2012,11,6,22,30,13.100000000000001,50.56,3.1,1.6,0
2012,11,6,23,30,12.3,52.54,2.9000000000000004,1.7000000000000002,0
2012,11,7,0,30,11.5,54.83,2.7,1.8,0
2012,11,7,1,30,10.700000000000001,57.36,2.6,1.7000000000000002,0
2012,11,7,2,30,10,59.65,2.5,1.4000000000000001,0
2012,11,7,3,30,9.600000000000001,61.03,2.4000000000000004,1.2000000000000002,0
2012,11,7,4,30,9.700000000000001,60.92,2.5,0.9,0
2012,11,7,5,30,9.9,60.74,2.7,0.5,0
2012,11,7,6,30,9.8,61.9,2.8000000000000003,0.4,0
2012,11,7,7,30,10.600000000000001,59.480000000000004,3,0.8,38
2012,11,7,8,30,12.9,54.21,3.9000000000000004,1.3,227
2012,11,7,9,30,16.400000000000002,43.7,4,1.9000000000000001,423
2012,11,7,10,30,20.8,34.75,4.7,3.2,581
2012,11,7,11,30,24,27.060000000000002,3.9000000000000004,4.3,683
2012,11,7,12,30,25.6,24.1,3.6,4.4,716
2012,11,7,13,30,26.6,22.69,3.6,4.4,683
2012,11,7,14,30,27,22.28,3.7,4.2,584
2012,11,7,15,30,26.6,22.95,3.7,3.6,432
2012,11,7,16,30,24,28.310000000000002,4.5,2.3000000000000003,237
2012,11,7,17,30,19.900000000000002,45.28,7.7,1.7000000000000002,46
2012,11,7,18,30,17.7,47.89,6.5,2.1,0
2012,11,7,19,30,17.2,50.1,6.7,2.8000000000000003,0
2012,11,7,20,30,16.6,54.07,7.300000000000001,3.5,0
2012,11,7,21,30,15.8,58.95,7.800000000000001,3.9000000000000004,0
2012,11,7,22,30,14.9,64.18,8.200000000000001,4.1000000000000005,0
2012,11,7,23,30,14,69.93,8.6,4.1000000000000005,0
2012,11,8,0,30,13.3,75.22,9,4,0
2012,11,8,1,30,12.5,81.08,9.3,3.8000000000000003,0
2012,11,8,2,30,11.9,85.52,9.5,3.6,0
2012,11,8,3,30,11.3,89.59,9.700000000000001,3.4000000000000004,0
2012,11,8,4,30,10.8,92.89,9.700000000000001,3.2,0
2012,11,8,5,30,10.4,95.08,9.600000000000001,3,0
2012,11,8,6,30,10.200000000000001,95.17,9.5,2.9000000000000004,0
2012,11,8,7,30,11.3,86.57000000000001,9.1,3.4000000000000004,19
2012,11,8,8,30,14,70.44,8.700000000000001,3.7,197
2012,11,8,9,30,17.7,53.92,8.3,3.8000000000000003,415
2012,11,8,10,30,21.700000000000003,40.03,7.5,4.2,526
2012,11,8,11,30,25.1,30.85,6.7,4.6000000000000005,673
2012,11,8,12,30,27.6,25.01,5.800000000000001,4.9,709
2012,11,8,13,30,29,20.62,4.2,5,674
2012,11,8,14,30,28.6,19.6,3.2,4.5,576
2012,11,8,15,30,26.3,23.73,4,3.4000000000000004,424
2012,11,8,16,30,23.5,33.65,6.6000000000000005,3.1,147
2012,11,8,17,30,21.8,39.730000000000004,7.5,3.9000000000000004,26
2012,11,8,18,30,20.400000000000002,46.36,8.5,4.4,0
2012,11,8,19,30,19.1,53.59,9.5,4.4,0
2012,11,8,20,30,17.900000000000002,59.370000000000005,9.9,4.5,0
2012,11,8,21,30,17,63.410000000000004,10,4.6000000000000005,0
2012,11,8,22,30,16.3,66.18,10,4.6000000000000005,0
2012,11,8,23,30,15.700000000000001,67.88,9.8,4.6000000000000005,0
2012,11,9,0,30,15.100000000000001,69.25,9.5,4.6000000000000005,0
2012,11,9,1,30,14.5,70.89,9.3,4.5,0
2012,11,9,2,30,13.8,73.79,9.200000000000001,4.3,0
2012,11,9,3,30,13.200000000000001,77.22,9.3,4.1000000000000005,0
2012,11,9,4,30,12.600000000000001,81.33,9.5,3.9000000000000004,0
2012,11,9,5,30,12,85.39,9.600000000000001,3.6,0
2012,11,9,6,30,11.5,88.39,9.600000000000001,3.4000000000000004,0
2012,11,9,7,30,12.200000000000001,84.06,9.600000000000001,3.9000000000000004,31
2012,11,9,8,30,14.8,70.12,9.4,4.3,213
2012,11,9,9,30,18.5,52.95,8.700000000000001,4.3,406
2012,11,9,10,30,22.5,37.410000000000004,7.2,4.2,563
2012,11,9,11,30,26,26.95,5.5,4.2,665
2012,11,9,12,30,28,20.81,3.5,4.5,700
2012,11,9,13,30,28.700000000000003,19.86,3.4000000000000004,4.7,668
2012,11,9,14,30,28.6,20.080000000000002,3.5,4.800000000000001,572
2012,11,9,15,30,27.8,21.35,3.7,4.4,419
2012,11,9,16,30,25.3,25.96,4.4,3.4000000000000004,226
2012,11,9,17,30,22,36.88,6.6000000000000005,3.3000000000000003,40
2012,11,9,18,30,20.1,44.24,7.5,4.2,0
2012,11,9,19,30,19.200000000000003,53.27,9.5,4.5,0
2012,11,9,20,30,18.2,62.06,10.8,4.6000000000000005,0
2012,11,9,21,30,17.400000000000002,66.45,11.100000000000001,4.7,0
2012,11,9,22,30,16.7,66.32000000000001,10.4,4.7,0
2012,11,9,23,30,16.1,64.28,9.4,4.7,0
2012,11,10,0,30,15.600000000000001,63.160000000000004,8.6,4.9,0
2012,11,10,1,30,15.200000000000001,63.5,8.3,5,0
2012,11,10,2,30,14.700000000000001,66.82000000000001,8.6,5.2,0
2012,11,10,3,30,14.3,73.02,9.5,5.2,0
2012,11,10,4,30,13.8,80.35000000000001,10.5,5.1000000000000005,0
2012,11,10,5,30,13.4,86.71000000000001,11.200000000000001,4.9,0
2012,11,10,6,30,13.100000000000001,92.18,11.9,5,0
2012,11,10,7,30,13.700000000000001,91.60000000000001,12.4,5.6000000000000005,28
2012,11,10,8,30,15.600000000000001,82.76,12.700000000000001,6.5,205
2012,11,10,9,30,18.5,68.21000000000001,12.5,7.1000000000000005,356
2012,11,10,10,30,21.700000000000003,53.33,11.8,7.5,553
2012,11,10,11,30,24.400000000000002,43.32,11.100000000000001,7.9,654
2012,11,10,12,30,26.400000000000002,35.96,10.100000000000001,8.3,690
2012,11,10,13,30,27.6,31.86,9.4,8.5,638
2012,11,10,14,30,28.1,29.71,8.8,8.4,559
2012,11,10,15,30,27.8,28.89,8.1,7.800000000000001,408
2012,11,10,16,30,26.3,31.44,8,7.1000000000000005,171
2012,11,10,17,30,23.8,38.53,8.8,7.1000000000000005,25
2012,11,10,18,30,21.5,46.9,9.700000000000001,7.4,0
2012,11,10,19,30,20,53.81,10.4,7.5,0
2012,11,10,20,30,18.8,59.47,10.700000000000001,6.7,0
2012,11,10,21,30,18.2,62.120000000000005,10.8,5.7,0
2012,11,10,22,30,17.7,63.95,10.8,4.7,0
2012,11,10,23,30,17.1,66.26,10.8,3.5,0
2012,11,11,0,30,16.5,67.74,10.5,2.6,0
2012,11,11,1,30,15.3,69.91,9.8,2.1,0
2012,11,11,2,30,13.9,69.44,8.4,2.1,0
2012,11,11,3,30,12.5,63.050000000000004,5.7,2.6,0
2012,11,11,4,30,11.100000000000001,54.480000000000004,2.3000000000000003,3,0
2012,11,11,5,30,9.8,48.21,-0.6000000000000001,2.9000000000000004,0
2012,11,11,6,30,8.6,46.87,-2.1,2.6,0
2012,11,11,7,30,9,43.08,-2.9000000000000004,3.1,32
2012,11,11,8,30,11.3,33.86,-4.1000000000000005,4.1000000000000005,224
2012,11,11,9,30,13.700000000000001,25.22,-5.9,5.1000000000000005,425
2012,11,11,10,30,15.200000000000001,20.96,-7,6,586
2012,11,11,11,30,16.2,18.48,-7.800000000000001,6.5,696
2012,11,11,12,30,16.900000000000002,16.76,-8.5,6.800000000000001,733
2012,11,11,13,30,17.3,15.51,-9.200000000000001,6.9,701
2012,11,11,14,30,17.2,14.76,-9.9,6.800000000000001,600
2012,11,11,15,30,16.6,14.5,-10.600000000000001,6.4,442
2012,11,11,16,30,14.9,15.290000000000001,-11.3,5.1000000000000005,243
2012,11,11,17,30,11.700000000000001,19.740000000000002,-10.700000000000001,3.3000000000000003,45
2012,11,11,18,30,9,27.990000000000002,-8.6,2.4000000000000004,0
2012,11,11,19,30,7.7,29.21,-9.200000000000001,2.4000000000000004,0
2012,11,11,20,30,6.6000000000000005,29.54,-10,2.3000000000000003,0
2012,11,11,21,30,5.6000000000000005,30.05,-10.600000000000001,2.3000000000000003,0
2012,11,11,22,30,4.800000000000001,30.63,-11.100000000000001,2.3000000000000003,0
2012,11,11,23,30,4,31.830000000000002,-11.3,2.2,0
2012,11,12,0,30,3.2,33.54,-11.3,2.2,0
2012,11,12,1,30,2.4000000000000004,35.77,-11.3,2.2,0
2012,11,12,2,30,1.5,38.9,-11,2.2,0
2012,11,12,3,30,0.6000000000000001,42.92,-10.600000000000001,2.1,0
2012,11,12,4,30,-0.2,48.47,-9.8,1.9000000000000001,0
2012,11,12,5,30,-0.9,55.56,-8.700000000000001,1.6,0
2012,11,12,6,30,-1.3,62.03,-7.6000000000000005,1.3,0
2012,11,12,7,30,-0.30000000000000004,61.25,-6.9,1.8,31
2012,11,12,8,30,2.5,52.04,-6.4,2.4000000000000004,225
2012,11,12,9,30,5.4,42.230000000000004,-6.4,2.2,424
2012,11,12,10,30,8,34.27,-6.800000000000001,1.9000000000000001,586
2012,11,12,11,30,10.4,27.38,-7.6000000000000005,1.6,691
2012,11,12,12,30,12.3,21.43,-9.200000000000001,1.4000000000000001,728
2012,11,12,13,30,13.4,18.91,-9.8,1.3,696
2012,11,12,14,30,13.8,18.16,-10,1.4000000000000001,596
2012,11,12,15,30,13.5,18.43,-10.100000000000001,1.7000000000000002,433
2012,11,12,16,30,11.8,20.95,-9.9,1.4000000000000001,236
2012,11,12,17,30,8.8,38.82,-4.5,1.2000000000000002,41
2012,11,12,18,30,6.800000000000001,42.6,-5,1.6,0
2012,11,12,19,30,5.9,41.89,-6.1000000000000005,1.9000000000000001,0
2012,11,12,20,30,5,43.69,-6.300000000000001,2,0
2012,11,12,21,30,4.4,45.52,-6.4,2.3000000000000003,0
2012,11,12,22,30,3.9000000000000004,46.78,-6.5,2.6,0
2012,11,12,23,30,3.4000000000000004,48.43,-6.5,2.6,0
2012,11,13,0,30,3,50.02,-6.4,2.5,0
2012,11,13,1,30,2.6,51.09,-6.5,2.4000000000000004,0
2012,11,13,2,30,2.3000000000000003,51.34,-6.7,2.2,0
2012,11,13,3,30,2.2,51.6,-6.800000000000001,2.1,0
2012,11,13,4,30,2.4000000000000004,50.84,-6.800000000000001,2.2,0
2012,11,13,5,30,2.6,50.53,-6.7,2.1,0
2012,11,13,6,30,2.6,51.76,-6.300000000000001,2,0
2012,11,13,7,30,3.4000000000000004,49.83,-6.1000000000000005,2.4000000000000004,11
2012,11,13,8,30,5.300000000000001,43.410000000000004,-6.2,3.3000000000000003,167
2012,11,13,9,30,7.800000000000001,34.44,-6.9,4.2,333
2012,11,13,10,30,10.200000000000001,26.21,-8.4,4.800000000000001,557
2012,11,13,11,30,12.100000000000001,22.830000000000002,-8.5,4.9,659
2012,11,13,12,30,13.600000000000001,21.2,-8.200000000000001,4.7,696
2012,11,13,13,30,14.5,20.75,-7.7,4.4,664
2012,11,13,14,30,14.9,21.18,-7.1000000000000005,4,566
2012,11,13,15,30,14.5,22.61,-6.6000000000000005,3.6,414
2012,11,13,16,30,12.700000000000001,26.34,-6.2,2.5,222
2012,11,13,17,30,9.5,41.230000000000004,-3,1.4000000000000001,36
2012,11,13,18,30,7.300000000000001,48.1,-3,1.3,0
2012,11,13,19,30,6.4,49.78,-3.3000000000000003,1.5,0
2012,11,13,20,30,5.6000000000000005,51.67,-3.6,1.6,0
2012,11,13,21,30,4.800000000000001,54.02,-3.7,1.8,0
2012,11,13,22,30,3.9000000000000004,57.120000000000005,-3.8000000000000003,1.8,0
2012,11,13,23,30,3,60.51,-3.9000000000000004,1.8,0
2012,11,14,0,30,2.1,63.730000000000004,-4.1000000000000005,1.6,0
2012,11,14,1,30,1.3,66.53,-4.3,1.4000000000000001,0
2012,11,14,2,30,0.7000000000000001,68.58,-4.4,1.3,0
2012,11,14,3,30,0.2,70.33,-4.6000000000000005,1.1,0
2012,11,14,4,30,-0.1,71.61,-4.6000000000000005,1,0
2012,11,14,5,30,-0.2,72.19,-4.6000000000000005,1,0
2012,11,14,6,30,-0.30000000000000004,73.02,-4.5,1,0
2012,11,14,7,30,1,66.81,-4.5,1.1,25
2012,11,14,8,30,3.7,56.36,-4.2,1.2000000000000002,211
2012,11,14,9,30,7.2,45.62,-3.8000000000000003,1.4000000000000001,406
2012,11,14,10,30,10.600000000000001,38.37,-3,1.6,566
2012,11,14,11,30,13.200000000000001,33.49,-2.5,1.8,669
2012,11,14,12,30,15.200000000000001,29.62,-2.4000000000000004,2.1,707
2012,11,14,13,30,16.400000000000002,27.650000000000002,-2.3000000000000003,2.3000000000000003,676
2012,11,14,14,30,16.900000000000002,26.96,-2.3000000000000003,2.3000000000000003,577
2012,11,14,15,30,16.6,27.86,-2.1,2.3000000000000003,422
2012,11,14,16,30,14.4,32.730000000000004,-1.8,1.7000000000000002,228
2012,11,14,17,30,10.8,50.44,0.9,1.3,21
2012,11,14,18,30,8.6,53.52,-0.30000000000000004,1.4000000000000001,0
2012,11,14,19,30,7.800000000000001,55.78,-0.5,1.6,0
2012,11,14,20,30,7.1000000000000005,58.78,-0.4,1.8,0
2012,11,14,21,30,6.5,63.03,0,1.9000000000000001,0
2012,11,14,22,30,5.9,69.83,0.8,2.1,0
2012,11,14,23,30,5.5,78.71000000000001,2.1,2.4000000000000004,0
2012,11,15,0,30,5.2,89.16,3.6,2.6,0
2012,11,15,1,30,5.2,97.25,4.800000000000001,2.9000000000000004,0
2012,11,15,2,30,5.5,99,5.4,3,0
2012,11,15,3,30,5.7,98.12,5.4,2.8000000000000003,0
2012,11,15,4,30,5.9,96.69,5.4,2.4000000000000004,0
2012,11,15,5,30,6,96.2,5.4,2.1,0
2012,11,15,6,30,6.1000000000000005,95.92,5.5,2.2,0
2012,11,15,7,30,6.300000000000001,94.53,5.5,2.6,7
2012,11,15,8,30,6.9,90.08,5.4,2.9000000000000004,154
2012,11,15,9,30,8.4,81.94,5.5,2.9000000000000004,382
2012,11,15,10,30,11.100000000000001,69.75,5.800000000000001,2.6,541
2012,11,15,11,30,14.3,57.71,6.1000000000000005,2.2,645
2012,11,15,12,30,17.2,47.5,5.9,1.7000000000000002,683
2012,11,15,13,30,19.1,39.22,4.9,1.2000000000000002,652
2012,11,15,14,30,19.900000000000002,32.160000000000004,2.8000000000000003,0.6000000000000001,557
2012,11,15,15,30,19.6,30.51,1.8,0.30000000000000004,409
2012,11,15,16,30,17.900000000000002,39.730000000000004,4,0.6000000000000001,219
2012,11,15,17,30,15.5,47.15,4.3,1,34
2012,11,15,18,30,13.700000000000001,49.730000000000004,3.4000000000000004,1.2000000000000002,0
2012,11,15,19,30,12.4,54.96,3.6,1.3,0
2012,11,15,20,30,11.3,58.980000000000004,3.6,1.3,0
2012,11,15,21,30,10.4,64.46000000000001,4,1.2000000000000002,0
2012,11,15,22,30,9.700000000000001,70.47,4.6000000000000005,1.1,0
2012,11,15,23,30,9,76.48,5.1000000000000005,1,0
2012,11,16,0,30,8.1,83.3,5.4,0.9,0
2012,11,16,1,30,7.2,89.96000000000001,5.7,0.8,0
2012,11,16,2,30,6.6000000000000005,94.84,5.800000000000001,0.7000000000000001,0
2012,11,16,3,30,6.2,98.32000000000001,6,0.6000000000000001,0
2012,11,16,4,30,5.9,100,5.9,0.5,0
2012,11,16,5,30,5.5,100,5.5,0.4,0
2012,11,16,6,30,5.300000000000001,100,5.300000000000001,0.30000000000000004,0
2012,11,16,7,30,6.1000000000000005,98.69,5.9,0.4,19
2012,11,16,8,30,8.1,85.7,5.800000000000001,0.6000000000000001,183
2012,11,16,9,30,11.4,71.38,6.4,1.5,367
2012,11,16,10,30,14.700000000000001,61.550000000000004,7.4,2.5,520
2012,11,16,11,30,16.8,54.07,7.5,3,619
2012,11,16,12,30,18.1,49.370000000000005,7.300000000000001,3.3000000000000003,663
2012,11,16,13,30,18.900000000000002,46.03,7,3.4000000000000004,635
2012,11,16,14,30,19.1,44.17,6.6000000000000005,3.3000000000000003,503
2012,11,16,15,30,18.7,44.12,6.2,3.2,392
2012,11,16,16,30,16.900000000000002,48.31,5.9,2.6,206
2012,11,16,17,30,14.100000000000001,59.050000000000004,6.2,1.9000000000000001,14
2012,11,16,18,30,12.4,63.81,5.7,2,0
2012,11,16,19,30,11.8,65.77,5.6000000000000005,2.2,0
2012,11,16,20,30,11.5,66.39,5.5,2.6,0
2012,11,16,21,30,11.200000000000001,67.14,5.300000000000001,2.8000000000000003,0
2012,11,16,22,30,10.600000000000001,68.96000000000001,5.1000000000000005,2.7,0
2012,11,16,23,30,9.9,71.15,4.9,2.5,0
2012,11,17,0,30,9.1,74.5,4.800000000000001,2.1,0
2012,11,17,1,30,8.200000000000001,79.94,4.9,1.8,0
2012,11,17,2,30,7.7,84.97,5.300000000000001,1.6,0
2012,11,17,3,30,7.5,88.53,5.7,1.6,0
2012,11,17,4,30,7.300000000000001,91.15,6,1.6,0
2012,11,17,5,30,7,93.19,6,1.7000000000000002,0
2012,11,17,6,30,6.7,93.62,5.7,2,0
2012,11,17,7,30,7.4,85.88,5.2,2.7,17
2012,11,17,8,30,9.9,68.53,4.4,4,179
2012,11,17,9,30,12.9,54.730000000000004,4,5,362
2012,11,17,10,30,15.3,51.31,5.300000000000001,5.300000000000001,515
2012,11,17,11,30,17.2,47.75,6,4.9,614
2012,11,17,12,30,18.7,44.32,6.300000000000001,4.7,654
2012,11,17,13,30,19.6,42.13,6.4,4.6000000000000005,622
2012,11,17,14,30,19.8,41.39,6.300000000000001,4.5,422
2012,11,17,15,30,19.200000000000003,42.64,6.2,4.2,333
2012,11,17,16,30,17.7,46.82,6.2,3.4000000000000004,118
2012,11,17,17,30,15.8,53.57,6.4,2.8000000000000003,14
2012,11,17,18,30,14.4,57.620000000000005,6.1000000000000005,2.8000000000000003,0
2012,11,17,19,30,13.5,59.480000000000004,5.800000000000001,3,0
2012,11,17,20,30,12.700000000000001,61.39,5.5,3.2,0
2012,11,17,21,30,12.100000000000001,63.03,5.300000000000001,3.6,0
2012,11,17,22,30,11.5,65.09,5.2,3.8000000000000003,0
2012,11,17,23,30,10.8,67.59,5,3.8000000000000003,0
2012,11,18,0,30,10.200000000000001,69.11,4.800000000000001,3.7,0
2012,11,18,1,30,9.9,68.89,4.5,3.7,0
2012,11,18,2,30,9.700000000000001,68.39,4.2,3.5,0
2012,11,18,3,30,9.5,68.73,4,3.4000000000000004,0
2012,11,18,4,30,9.4,69.49,4.1000000000000005,3.3000000000000003,0
2012,11,18,5,30,9.3,71.11,4.3,3.3000000000000003,0
2012,11,18,6,30,9.4,73.04,4.800000000000001,3.5,0
2012,11,18,7,30,9.9,75.4,5.800000000000001,3.9000000000000004,3
2012,11,18,8,30,11,76.55,7,3.8000000000000003,107
2012,11,18,9,30,12.5,75.02,8.200000000000001,3.5,113
2012,11,18,10,30,14.3,70.55,9,3.7,224
2012,11,18,11,30,15.700000000000001,67.37,9.700000000000001,4.2,116
2012,11,18,12,30,16.400000000000002,65.53,9.9,4.3,106
2012,11,18,13,30,17,63.92,10.100000000000001,4,290
2012,11,18,14,30,18,59.74,10.100000000000001,3.6,436
2012,11,18,15,30,18.3,58.25,10,3.1,272
2012,11,18,16,30,17.1,63.17,10,2,151
2012,11,18,17,30,15.4,69.93,9.9,1.4000000000000001,13
2012,11,18,18,30,14.5,72.26,9.600000000000001,1.8,0
2012,11,18,19,30,14.100000000000001,73.96000000000001,9.5,2.5,0
2012,11,18,20,30,13.600000000000001,77.27,9.700000000000001,3,0
2012,11,18,21,30,13,82.11,10,3.2,0
2012,11,18,22,30,12.4,87.49,10.4,3.2,0
2012,11,18,23,30,11.9,92.26,10.700000000000001,3.1,0
2012,11,19,0,30,11.5,95.87,10.9,2.8000000000000003,0
2012,11,19,1,30,11.100000000000001,98.96000000000001,10.9,2.6,0
2012,11,19,2,30,11,99.63,10.9,2.3000000000000003,0
2012,11,19,3,30,10.8,100,10.8,2.1,0
2012,11,19,4,30,10.4,100,10.4,1.7000000000000002,0
2012,11,19,5,30,10,100,10,1.5,0
2012,11,19,6,30,9.8,100,9.8,1.6,0
2012,11,19,7,30,10.200000000000001,97.83,9.9,2.2,4
2012,11,19,8,30,11.9,86.47,9.700000000000001,2.5,69
2012,11,19,9,30,14.8,72.16,9.8,2.6,318
2012,11,19,10,30,18.6,55.81,9.600000000000001,2.9000000000000004,524
2012,11,19,11,30,21.700000000000003,41.32,8,3.3000000000000003,627
2012,11,19,12,30,23.400000000000002,32.34,5.9,3.8000000000000003,666
2012,11,19,13,30,24.1,27.91,4.4,4.3,639
2012,11,19,14,30,24.1,25.67,3.2,4.7,548
2012,11,19,15,30,23.5,25.03,2.4000000000000004,4.3,398
2012,11,19,16,30,20.8,29.18,2.2,2.9000000000000004,211
2012,11,19,17,30,17.1,42.02,4.1000000000000005,1.8,17
2012,11,19,18,30,14.8,44.95,3,1.8,0
2012,11,19,19,30,13.700000000000001,45.08,2,1.7000000000000002,0
2012,11,19,20,30,12.700000000000001,45.33,1.2000000000000002,1.6,0
2012,11,19,21,30,12,45.19,0.5,1.5,0
2012,11,19,22,30,11.3,45.300000000000004,-0.1,1.5,0
2012,11,19,23,30,10.700000000000001,45.26,-0.7000000000000001,1.6,0
2012,11,20,0,30,9.700000000000001,46.86,-1.1,1.7000000000000002,0
2012,11,20,1,30,8.700000000000001,48.77,-1.5,1.8,0
2012,11,20,2,30,7.9,49.88,-1.9000000000000001,2,0
2012,11,20,3,30,7.1000000000000005,51.1,-2.3000000000000003,2.1,0
2012,11,20,4,30,6.5,52.21,-2.6,2,0
2012,11,20,5,30,5.9,54.01,-2.7,1.9000000000000001,0
2012,11,20,6,30,5.5,55.71,-2.7,1.8,0
2012,11,20,7,30,6.800000000000001,51.47,-2.5,2.2,6
2012,11,20,8,30,9.8,44.01,-1.9000000000000001,2.8000000000000003,147
2012,11,20,9,30,13.200000000000001,36.39,-1.4000000000000001,2.5,311
2012,11,20,10,30,17.400000000000002,30.48,-0.1,1.7000000000000002,443
2012,11,20,11,30,21.3,23.490000000000002,-0.4,1.1,653
2012,11,20,12,30,23.1,18.61,-2.1,0.5,688
2012,11,20,13,30,23.700000000000003,17.29,-2.6,0.4,658
2012,11,20,14,30,23.700000000000003,16.77,-3,0.2,562
2012,11,20,15,30,23,17.2,-3.2,0.2,410
2012,11,20,16,30,21,22.62,-1.2000000000000002,0.6000000000000001,218
2012,11,20,17,30,18,34.92,2.3000000000000003,1.1,22
2012,11,20,18,30,15.3,34.59,-0.2,1.4000000000000001,0
2012,11,20,19,30,13.3,40.47,0.1,1.5,0
2012,11,20,20,30,11.9,44.34,0.1,1.6,0
2012,11,20,21,30,10.9,46.81,0,1.6,0
2012,11,20,22,30,10.200000000000001,48.4,-0.2,1.6,0
2012,11,20,23,30,9.600000000000001,49.730000000000004,-0.4,1.6,0
2012,11,21,0,30,9.1,51.27,-0.4,1.6,0
2012,11,21,1,30,8.4,53.620000000000005,-0.5,1.5,0
2012,11,21,2,30,7.9,55.43,-0.5,1.4000000000000001,0
2012,11,21,3,30,8,57.660000000000004,0.2,1.3,0
2012,11,21,4,30,8.5,62.83,1.8,1.3,0
2012,11,21,5,30,8.8,71.68,4,1.3,0
2012,11,21,6,30,9,82.27,6.1000000000000005,1.5,0
2012,11,21,7,30,10.600000000000001,85.92,8.3,2.1,0
2012,11,21,8,30,13.3,81.78,10.3,3.2,134
2012,11,21,9,30,16,75.60000000000001,11.700000000000001,4.2,278
2012,11,21,10,30,18.1,71.26,12.8,5,385
2012,11,21,11,30,19.6,66.73,13.200000000000001,5.300000000000001,598
2012,11,21,12,30,21,59.85,12.9,5.300000000000001,635
2012,11,21,13,30,21.900000000000002,54.17,12.200000000000001,5,440
2012,11,21,14,30,22,51.730000000000004,11.600000000000001,4.5,81
2012,11,21,15,30,21.400000000000002,52.660000000000004,11.3,3.9000000000000004,166
2012,11,21,16,30,20,57.19,11.3,3.1,131
2012,11,21,17,30,18.3,63.03,11.100000000000001,2.8000000000000003,16
2012,11,21,18,30,17.400000000000002,65.46000000000001,10.9,3.1,0
2012,11,21,19,30,17,66.33,10.700000000000001,3.5,0
2012,11,21,20,30,16.400000000000002,67.76,10.4,3.7,0
2012,11,21,21,30,15.9,68.45,10.100000000000001,3.9000000000000004,0
2012,11,21,22,30,15.3,69.33,9.700000000000001,4.1000000000000005,0
2012,11,21,23,30,14.700000000000001,70.02,9.3,4,0
2012,11,22,0,30,13.9,71.84,8.9,3.7,0
2012,11,22,1,30,13.100000000000001,74.43,8.700000000000001,3.5,0
2012,11,22,2,30,12.600000000000001,76.42,8.6,3.6,0
2012,11,22,3,30,12.100000000000001,79.37,8.6,3.6,0
2012,11,22,4,30,11.8,82.01,8.8,3.5,0
2012,11,22,5,30,11.5,85.04,9.1,3.2,0
2012,11,22,6,30,11.100000000000001,88.71000000000001,9.3,2.8000000000000003,0
2012,11,22,7,30,11.600000000000001,86.98,9.5,3.1,0
2012,11,22,8,30,13.4,78.41,9.700000000000001,3.6,123
2012,11,22,9,30,16.1,66.64,9.9,3.7,338
2012,11,22,10,30,19.5,54.97,10.200000000000001,3.7,492
2012,11,22,11,30,22.5,45.62,10.200000000000001,3.6,595
2012,11,22,12,30,24.5,38.800000000000004,9.600000000000001,3.5,641
2012,11,22,13,30,25.6,34.46,8.8,3.4000000000000004,615
2012,11,22,14,30,26,31.66,7.9,3.3000000000000003,526
2012,11,22,15,30,25.5,30.93,7.1000000000000005,2.8000000000000003,382
2012,11,22,16,30,22.900000000000002,37.43,7.6000000000000005,1.7000000000000002,200
2012,11,22,17,30,19.6,50.54,9.1,1.2000000000000002,26
2012,11,22,18,30,18,48.31,6.9,1.3,0
2012,11,22,19,30,17.2,47.71,6,1.2000000000000002,0
2012,11,22,20,30,16.2,47.08,4.9,1.2000000000000002,0
2012,11,22,21,30,14.9,46.97,3.7,1.3,0
2012,11,22,22,30,13.200000000000001,47.660000000000004,2.3000000000000003,2,0
2012,11,22,23,30,12,46.62,0.9,3.1,0
2012,11,23,0,30,10.9,45.93,-0.30000000000000004,4.1000000000000005,0
2012,11,23,1,30,9.8,49.85,-0.2,4.5,0
2012,11,23,2,30,8.9,55.2,0.4,4.6000000000000005,0
2012,11,23,3,30,8.3,58.33,0.6000000000000001,4.800000000000001,0
2012,11,23,4,30,7.7,59.27,0.30000000000000004,4.9,0
2012,11,23,5,30,7.1000000000000005,58.52,-0.5,4.9,0
2012,11,23,6,30,6.5,57.35,-1.3,4.9,0
2012,11,23,7,30,6.6000000000000005,53.97,-2.1,5.1000000000000005,0
2012,11,23,8,30,8.1,46.95,-2.6,6.2,174
2012,11,23,9,30,10.3,36.43,-4,7.4,364
2012,11,23,10,30,12.200000000000001,27.79,-5.9,7.300000000000001,519
2012,11,23,11,30,13.700000000000001,23.75,-6.7,6.800000000000001,622
2012,11,23,12,30,14.8,22.29,-6.6000000000000005,6.2,660
2012,11,23,13,30,15.5,22.03,-6.1000000000000005,5.6000000000000005,632
2012,11,23,14,30,15.600000000000001,22.72,-5.6000000000000005,5.2,539
2012,11,23,15,30,15,24.150000000000002,-5.300000000000001,4.7,391
2012,11,23,16,30,13.200000000000001,27.060000000000002,-5.4,3.5,206
2012,11,23,17,30,10.3,35.57,-4.3,2.3000000000000003,27
2012,11,23,18,30,8.3,42.160000000000004,-3.8000000000000003,2,0
2012,11,23,19,30,7.5,42.410000000000004,-4.5,2.1,0
2012,11,23,20,30,6.5,43.96,-4.9,2.1,0
2012,11,23,21,30,5.6000000000000005,46.04,-5.1000000000000005,1.9000000000000001,0
2012,11,23,22,30,4.800000000000001,48.51,-5.2,1.6,0
2012,11,23,23,30,4.1000000000000005,50.93,-5.2,1.4000000000000001,0
2012,11,24,0,30,3.5,52.870000000000005,-5.2,1.2000000000000002,0
2012,11,24,1,30,3.2,53.28,-5.4,1.1,0
2012,11,24,2,30,3,52.97,-5.7,1,0
2012,11,24,3,30,2.8000000000000003,52.550000000000004,-6,1,0
2012,11,24,4,30,2.4000000000000004,53.120000000000005,-6.2,1,0
2012,11,24,5,30,1.9000000000000001,54.63,-6.300000000000001,1.1,0
2012,11,24,6,30,1.5,55.870000000000005,-6.4,1.2000000000000002,0
2012,11,24,7,30,2.8000000000000003,50.54,-6.5,1.8,0
2012,11,24,8,30,5.7,41.95,-6.2,2.7,175
2012,11,24,9,30,9.200000000000001,32.57,-6.4,3.5,368
2012,11,24,10,30,12.4,24.96,-7.1000000000000005,4.1000000000000005,525
2012,11,24,11,30,14.5,23.59,-6.1000000000000005,4.1000000000000005,629
2012,11,24,12,30,16.1,23.650000000000002,-4.7,4.1000000000000005,669
2012,11,24,13,30,17.2,24,-3.6,4.1000000000000005,641
2012,11,24,14,30,17.8,24.59,-2.7,4.2,547
2012,11,24,15,30,17.7,26.02,-2.1,4,397
2012,11,24,16,30,15.5,31.82,-1.2000000000000002,2.8000000000000003,208
2012,11,24,17,30,12.100000000000001,46.28,0.9,1.8,27
2012,11,24,18,30,10.5,50.1,0.5,1.9000000000000001,0
2012,11,24,19,30,10.200000000000001,51.25,0.6000000000000001,2.4000000000000004,0
2012,11,24,20,30,10.100000000000001,52.14,0.7000000000000001,3.3000000000000003,0
2012,11,24,21,30,9.8,54.71,1.1,3.9000000000000004,0
2012,11,24,22,30,9.200000000000001,59.59,1.7000000000000002,4.1000000000000005,0
2012,11,24,23,30,8.6,64.65,2.3000000000000003,4,0
2012,11,25,0,30,8,69.5,2.8000000000000003,3.9000000000000004,0
2012,11,25,1,30,7.300000000000001,74.06,3,3.6,0
2012,11,25,2,30,6.7,77.49,3,3.4000000000000004,0
2012,11,25,3,30,6.1000000000000005,80.47,3,3.1,0
2012,11,25,4,30,5.7,81.89,2.8000000000000003,2.9000000000000004,0
2012,11,25,5,30,5.4,82,2.6,2.7,0
2012,11,25,6,30,5.2,81.33,2.3000000000000003,2.7,0
2012,11,25,7,30,6.300000000000001,73.87,2,3.3000000000000003,0
2012,11,25,8,30,9,60.83,1.8,4,171
2012,11,25,9,30,12.700000000000001,48.1,2,4.3,362
2012,11,25,10,30,16.7,38.800000000000004,2.6,4.800000000000001,522
2012,11,25,11,30,20.1,32.1,2.9000000000000004,5.1000000000000005,627
2012,11,25,12,30,22.6,25.900000000000002,2.1,5.2,666
2012,11,25,13,30,23.900000000000002,21.93,0.8,4.9,639
2012,11,25,14,30,24.3,20.080000000000002,0,4.6000000000000005,545
2012,11,25,15,30,23.5,20.2,-0.6000000000000001,3.5,396
2012,11,25,16,30,20.1,29.21,1.6,2,208
2012,11,25,17,30,16.3,41.550000000000004,3.2,1.6,27
2012,11,25,18,30,14.5,40.980000000000004,1.4000000000000001,1.7000000000000002,0
2012,11,25,19,30,13.600000000000001,41.9,0.9,1.8,0
2012,11,25,20,30,12.8,42.7,0.4,2,0
2012,11,25,21,30,12.200000000000001,42.980000000000004,0,2.4000000000000004,0
2012,11,25,22,30,11.600000000000001,43.24,-0.5,2.8000000000000003,0
2012,11,25,23,30,10.9,43.74,-1,2.9000000000000004,0
2012,11,26,0,30,10.3,44.25,-1.4000000000000001,2.8000000000000003,0
2012,11,26,1,30,9.700000000000001,45.660000000000004,-1.5,2.6,0
2012,11,26,2,30,9.3,47.84,-1.2000000000000002,2.5,0
2012,11,26,3,30,8.9,51.29,-0.6000000000000001,2.4000000000000004,0
2012,11,26,4,30,8.6,54.42,-0.1,2.5,0
2012,11,26,5,30,8.200000000000001,56.72,0.1,2.6,0
2012,11,26,6,30,7.800000000000001,57.800000000000004,0,2.6,0
2012,11,26,7,30,8.8,52.43,-0.4,3.2,0
2012,11,26,8,30,11.200000000000001,42.71,-1,3.7,163
2012,11,26,9,30,14.3,33.21,-1.7000000000000002,3.6,351
2012,11,26,10,30,17.5,26.67,-1.9000000000000001,4.1000000000000005,507
2012,11,26,11,30,19.6,20.93,-3.4000000000000004,5.1000000000000005,540
2012,11,26,12,30,20.400000000000002,18.68,-4.2,5.300000000000001,649
2012,11,26,13,30,20.5,18.39,-4.4,5.300000000000001,581
2012,11,26,14,30,19.900000000000002,19.51,-4.1000000000000005,5.2,458
2012,11,26,15,30,18.7,22.32,-3.3000000000000003,5,272
2012,11,26,16,30,16.5,27.92,-2.1,4.6000000000000005,187
2012,11,26,17,30,13.700000000000001,37.14,-0.7000000000000001,4.3,24
2012,11,26,18,30,11.5,45.53,0.1,4.6000000000000005,0
2012,11,26,19,30,10,51.21,0.4,5,0
2012,11,26,20,30,8.5,55.160000000000004,0,5.300000000000001,0
2012,11,26,21,30,7.1000000000000005,55.92,-1.1,5.5,0
2012,11,26,22,30,5.9,55.71,-2.3000000000000003,5.300000000000001,0
2012,11,26,23,30,4.800000000000001,56.71,-3.1,4.7,0
2012,11,27,0,30,3.7,58.620000000000005,-3.7,4.1000000000000005,0
2012,11,27,1,30,2.9000000000000004,59.65,-4.2,3.5,0
2012,11,27,2,30,2.1,61.36,-4.6000000000000005,3.1,0
2012,11,27,3,30,1.5,62.49,-4.9,2.9000000000000004,0
2012,11,27,4,30,1,63.57,-5.1000000000000005,2.7,0
2012,11,27,5,30,0.5,64.71000000000001,-5.4,2.4000000000000004,0
2012,11,27,6,30,0,66.14,-5.6000000000000005,1.9000000000000001,0
2012,11,27,7,30,0.4,63.33,-5.800000000000001,2.1,0
2012,11,27,8,30,2.2,54.1,-6.1000000000000005,2.3000000000000003,163
2012,11,27,9,30,4.6000000000000005,43.39,-6.800000000000001,1.9000000000000001,353
2012,11,27,10,30,6.9,37.93,-6.5,1.5,510
2012,11,27,11,30,9.200000000000001,34.43,-5.7,1.2000000000000002,615
2012,11,27,12,30,11.100000000000001,32.67,-4.7,1,655
2012,11,27,13,30,12.5,31.59,-3.9000000000000004,1,631
2012,11,27,14,30,13.4,31.04,-3.4000000000000004,1.4000000000000001,539
2012,11,27,15,30,13.700000000000001,31.21,-3.1,1.7000000000000002,391
2012,11,27,16,30,12.100000000000001,35.45,-2.7,1.5,204
2012,11,27,17,30,9.4,49.620000000000005,-0.6000000000000001,1.1,26
2012,11,27,18,30,7.6000000000000005,52.24,-1.6,1.3,0
2012,11,27,19,30,6.7,54.49,-1.8,1.4000000000000001,0
2012,11,27,20,30,6,56.24,-2.1,1.5,0
2012,11,27,21,30,5.5,57.7,-2.2,1.7000000000000002,0
2012,11,27,22,30,5,59.660000000000004,-2.2,1.8,0
2012,11,27,23,30,4.6000000000000005,61.59,-2.1,1.8,0
2012,11,28,0,30,4.1000000000000005,64.33,-2,1.8,0
2012,11,28,1,30,3.7,66.83,-1.9000000000000001,1.8,0
2012,11,28,2,30,3.2,69.84,-1.8,1.7000000000000002,0
2012,11,28,3,30,2.8000000000000003,72.61,-1.6,1.6,0
2012,11,28,4,30,2.6,74.58,-1.5,1.4000000000000001,0
2012,11,28,5,30,2.4000000000000004,76.77,-1.3,1.3,0
2012,11,28,6,30,2.3000000000000003,78.49,-1.1,1.2000000000000002,0
2012,11,28,7,30,3.5,73.18,-0.9,1.3,0
2012,11,28,8,30,6.2,61.870000000000005,-0.6000000000000001,1.7000000000000002,162
2012,11,28,9,30,9.700000000000001,49.67,-0.30000000000000004,2.1,353
2012,11,28,10,30,13.700000000000001,40.59,0.5,2.7,508
2012,11,28,11,30,17.2,35.53,1.8,3.3000000000000003,612
2012,11,28,12,30,19.8,31.88,2.6,3.6,652
2012,11,28,13,30,21.6,28.85,2.7,3.8000000000000003,625
2012,11,28,14,30,22.1,27.11,2.3000000000000003,3.7,534
2012,11,28,15,30,21.200000000000003,28.09,2,3.1,387
2012,11,28,16,30,18,37.2,3.2,2.1,200
2012,11,28,17,30,14.3,51.28,4.4,1.8,25
2012,11,28,18,30,12.8,52.870000000000005,3.4000000000000004,2.7,0
2012,11,28,19,30,12.4,54.120000000000005,3.4000000000000004,3.8000000000000003,0
2012,11,28,20,30,11.600000000000001,56.78,3.3000000000000003,4.4,0
2012,11,28,21,30,10.700000000000001,59.52,3.1,4.3,0
2012,11,28,22,30,9.9,61.83,2.9000000000000004,4.2,0
2012,11,28,23,30,9.4,63.43,2.8000000000000003,4.1000000000000005,0
2012,11,29,0,30,8.8,65.96000000000001,2.8000000000000003,3.8000000000000003,0
2012,11,29,1,30,8.4,68,2.8000000000000003,3.7,0
2012,11,29,2,30,7.7,71.71000000000001,2.9000000000000004,3.3000000000000003,0
2012,11,29,3,30,6.800000000000001,76.69,3,2.7,0
2012,11,29,4,30,6.2,80.84,3.2,2.4000000000000004,0
2012,11,29,5,30,5.7,84.72,3.3000000000000003,2.3000000000000003,0
2012,11,29,6,30,5.300000000000001,88.16,3.5,2.2,0
2012,11,29,7,30,6,84.87,3.6,2.7,0
2012,11,29,8,30,8.200000000000001,73.67,3.8000000000000003,3.3000000000000003,151
2012,11,29,9,30,11.5,59.84,4,3.4000000000000004,336
2012,11,29,10,30,15.200000000000001,48.57,4.4,3.7,492
2012,11,29,11,30,18.5,40.07,4.7,3.8000000000000003,595
2012,11,29,12,30,21.200000000000003,33.46,4.5,3.8000000000000003,635
2012,11,29,13,30,22.8,29.36,4,3.8000000000000003,609
2012,11,29,14,30,23.400000000000002,27.78,3.7,3.6,521
2012,11,29,15,30,22.8,28.45,3.6,3,377
2012,11,29,16,30,19.8,37.47,4.9,1.9000000000000001,196
2012,11,29,17,30,16.2,49.5,5.6000000000000005,1.6,24
2012,11,29,18,30,14.5,49.88,4.2,1.7000000000000002,0
2012,11,29,19,30,13.700000000000001,51.52,3.9000000000000004,1.9000000000000001,0
2012,11,29,20,30,13,54.17,3.9000000000000004,2.4000000000000004,0
2012,11,29,21,30,12.200000000000001,59.61,4.6000000000000005,2.9000000000000004,0
2012,11,29,22,30,11.100000000000001,69.34,5.7,3.4000000000000004,0
2012,11,29,23,30,10.100000000000001,80.56,6.9,3.5,0
2012,11,30,0,30,9.4,89.87,7.800000000000001,3.7,0
2012,11,30,1,30,9,94.64,8.200000000000001,3.8000000000000003,0
2012,11,30,2,30,8.6,95.93,8,3.6,0
2012,11,30,3,30,8,96.61,7.5,3,0
2012,11,30,4,30,7.2,97.32000000000001,6.800000000000001,2.3000000000000003,0
2012,11,30,5,30,6.5,94.4,5.7,1.9000000000000001,0
2012,11,30,6,30,6,87.12,4,1.7000000000000002,0
2012,11,30,7,30,7.2,69.9,2.1,1.8,0
2012,11,30,8,30,10.200000000000001,51.63,0.7000000000000001,2.4000000000000004,118
2012,11,30,9,30,13.600000000000001,37.93,-0.5,2.6,240
2012,11,30,10,30,17.3,30.37,-0.30000000000000004,2.8000000000000003,500
2012,11,30,11,30,21,24.01,-0.30000000000000004,3.4000000000000004,607
2012,11,30,12,30,23.400000000000002,19.81,-1,4,648
2012,11,30,13,30,24.400000000000002,17.830000000000002,-1.6,4.4,623
2012,11,30,14,30,24.400000000000002,17.56,-1.8,4.6000000000000005,535
2012,11,30,15,30,23.400000000000002,18.6,-1.8,3.6,388
2012,11,30,16,30,20.1,27.63,0.8,2.1,202
2012,11,30,17,30,16.2,40.01,2.6,1.6,25
2012,11,30,18,30,14.4,40.13,1,1.7000000000000002,0
2012,11,30,19,30,13.5,41.31,0.6000000000000001,1.9000000000000001,0
2012,11,30,20,30,12.8,42.02,0.2,2.2,0
2012,11,30,21,30,12.3,42.38,-0.1,2.6,0
2012,11,30,22,30,11.600000000000001,43.82,-0.30000000000000004,2.9000000000000004,0
2012,11,30,23,30,10.600000000000001,46.87,-0.30000000000000004,2.8000000000000003,0
2012,12,1,0,30,9.700000000000001,49.71,-0.30000000000000004,2.7,0
2012,12,1,1,30,8.9,51.370000000000005,-0.6000000000000001,2.5,0
2012,12,1,2,30,8.1,52.51,-1,2.3000000000000003,0
2012,12,1,3,30,7.5,53.300000000000004,-1.4000000000000001,2.1,0
2012,12,1,4,30,6.9,54.4,-1.7000000000000002,2,0
2012,12,1,5,30,6.5,54.86,-1.9000000000000001,2,0
2012,12,1,6,30,6.1000000000000005,55.660000000000004,-2.1,2,0
2012,12,1,7,30,7.2,51.17,-2.2,2.4000000000000004,0
2012,12,1,8,30,10.200000000000001,43.050000000000004,-1.8,3.3000000000000003,158
2012,12,1,9,30,13.700000000000001,34.35,-1.8,3.7,350
2012,12,1,10,30,17.400000000000002,28.560000000000002,-1,3.7,510
2012,12,1,11,30,21,22.82,-1,4,616
2012,12,1,12,30,23.700000000000003,18.88,-1.4000000000000001,4.3,653
2012,12,1,13,30,25.3,16.14,-2.2,4.4,627
2012,12,1,14,30,25.700000000000003,15.01,-2.9000000000000004,4.3,536
2012,12,1,15,30,24.5,16.19,-2.8000000000000003,3.2,389
2012,12,1,16,30,20.8,28.13,1.7000000000000002,1.9000000000000001,201
2012,12,1,17,30,17.1,37.19,2.4000000000000004,1.7000000000000002,24
2012,12,1,18,30,15.4,37.71,1,1.7000000000000002,0
2012,12,1,19,30,14.4,39.99,1,1.8,0
2012,12,1,20,30,13.5,42.9,1.1,2.1,0
2012,12,1,21,30,12.700000000000001,46.74,1.6,2.4000000000000004,0
2012,12,1,22,30,11.9,51.67,2.3000000000000003,2.7,0
2012,12,1,23,30,11.100000000000001,56.88,2.9000000000000004,2.7,0
2012,12,2,0,30,10.5,60.870000000000005,3.3000000000000003,2.7,0
2012,12,2,1,30,9.9,63.31,3.3000000000000003,2.7,0
2012,12,2,2,30,9.3,63.83,2.8000000000000003,2.5,0
2012,12,2,3,30,8.6,63.28,2,2.1,0
2012,12,2,4,30,8,61.26,1,1.8,0
2012,12,2,5,30,7.5,58.78,-0.1,1.5,0
2012,12,2,6,30,7.1000000000000005,56.96,-0.9,1.3,0
2012,12,2,7,30,7.800000000000001,52.31,-1.4000000000000001,1.2000000000000002,0
2012,12,2,8,30,10.4,47.19,-0.4,1.7000000000000002,153
2012,12,2,9,30,13.600000000000001,36.08,-1.2000000000000002,2.1,344
2012,12,2,10,30,17.1,30.080000000000002,-0.6000000000000001,2.5,503
2012,12,2,11,30,20.5,23.71,-0.9,3.3000000000000003,605
2012,12,2,12,30,23,19.48,-1.5,3.8000000000000003,648
2012,12,2,13,30,24.400000000000002,16.34,-2.8000000000000003,4.2,619
2012,12,2,14,30,24.6,15.65,-3.2,4.2,527
2012,12,2,15,30,23.5,16.91,-3,3.3000000000000003,381
2012,12,2,16,30,20.1,26.84,0.4,2,197
2012,12,2,17,30,16.3,39.36,2.4000000000000004,1.6,24
2012,12,2,18,30,14.8,40.08,1.3,1.9000000000000001,0
2012,12,2,19,30,14.5,42.13,1.8,2.6,0
2012,12,2,20,30,14.600000000000001,47.79,3.6,3.7,0
2012,12,2,21,30,14.200000000000001,60.89,6.800000000000001,4.3,0
2012,12,2,22,30,13.4,76.53,9.4,4.3,0
2012,12,2,23,30,12.5,88.59,10.700000000000001,4.1000000000000005,0
2012,12,3,0,30,11.8,95.12,11,3.9000000000000004,0
2012,12,3,1,30,11.200000000000001,97.41,10.8,3.8000000000000003,0
2012,12,3,2,30,10.700000000000001,95.47,10,3.6,0
2012,12,3,3,30,10,93.98,9.1,3.2,0
2012,12,3,4,30,9.3,93.79,8.4,2.9000000000000004,0
2012,12,3,5,30,8.700000000000001,93.48,7.7,2.6,0
2012,12,3,6,30,8.200000000000001,92.34,7,2.4000000000000004,0
2012,12,3,7,30,9,82.5,6.2,2.8000000000000003,0
2012,12,3,8,30,11.5,65.24,5.2,3.4000000000000004,146
2012,12,3,9,30,14.700000000000001,48.33,3.9000000000000004,3.5,334
2012,12,3,10,30,18.400000000000002,34.29,2.4000000000000004,3.6,494
2012,12,3,11,30,22,22.5,-0.4,4.2,599
2012,12,3,12,30,24.3,16.26,-2.9000000000000004,4.5,642
2012,12,3,13,30,24.900000000000002,15.16,-3.4000000000000004,4.2,617
2012,12,3,14,30,24.900000000000002,15.22,-3.3000000000000003,3.8000000000000003,526
2012,12,3,15,30,23.8,16.43,-3.2,2.9000000000000004,381
2012,12,3,16,30,20.400000000000002,27.29,0.9,1.8,198
2012,12,3,17,30,16.7,38.39,2.4000000000000004,1.6,24
2012,12,3,18,30,15.200000000000001,37.53,0.8,1.6,0
2012,12,3,19,30,14.4,38.7,0.5,1.6,0
2012,12,3,20,30,13.700000000000001,40.5,0.5,1.5,0
2012,12,3,21,30,13,42.7,0.6000000000000001,1.5,0
2012,12,3,22,30,12.200000000000001,45.35,0.7000000000000001,1.7000000000000002,0
2012,12,3,23,30,11,50.09,1,2.2,0
2012,12,4,0,30,10,55.61,1.5,2.8000000000000003,0
2012,12,4,1,30,9.4,61.36,2.3000000000000003,3.2,0
2012,12,4,2,30,8.700000000000001,68.29,3.2,3.3000000000000003,0
2012,12,4,3,30,8.1,73.21000000000001,3.6,3.2,0
2012,12,4,4,30,7.7,73.97,3.4000000000000004,3.4000000000000004,0
2012,12,4,5,30,7.4,71.51,2.6,3.7,0
2012,12,4,6,30,7,67.7,1.4000000000000001,3.8000000000000003,0
2012,12,4,7,30,7.300000000000001,61.38,0.4,4.1000000000000005,0
2012,12,4,8,30,9.200000000000001,52.14,-0.1,4.800000000000001,142
2012,12,4,9,30,12,42.18,-0.5,5.300000000000001,329
2012,12,4,10,30,14.5,34.84,-0.9,5.2,487
2012,12,4,11,30,16.3,30.78,-1,4.6000000000000005,593
2012,12,4,12,30,17.8,27.62,-1.2000000000000002,4,636
2012,12,4,13,30,18.6,26.09,-1.2000000000000002,3.5,612
2012,12,4,14,30,18.900000000000002,25.57,-1.3,3.3000000000000003,524
2012,12,4,15,30,18.400000000000002,26.400000000000002,-1.3,3,381
2012,12,4,16,30,15.9,31.45,-1,2.1,200
2012,12,4,17,30,12.9,45.53,1.4000000000000001,1.4000000000000001,25
2012,12,4,18,30,11.4,47.53,0.6000000000000001,1.6,0
2012,12,4,19,30,10.4,48.42,0,1.7000000000000002,0
2012,12,4,20,30,9.200000000000001,49.61,-0.8,1.7000000000000002,0
2012,12,4,21,30,8.1,50.82,-1.5,1.6,0
2012,12,4,22,30,7.1000000000000005,51.56,-2.2,1.5,0
2012,12,4,23,30,6.300000000000001,51.86,-2.9000000000000004,1.3,0
2012,12,5,0,30,5.7,51.67,-3.5,1.2000000000000002,0
2012,12,5,1,30,5.4,50.34,-4.1000000000000005,1.2000000000000002,0
2012,12,5,2,30,5.1000000000000005,49.13,-4.7,1.2000000000000002,0
2012,12,5,3,30,4.9,48.120000000000005,-5.2,1.2000000000000002,0
2012,12,5,4,30,4.800000000000001,47.300000000000004,-5.5,1.1,0
2012,12,5,5,30,4.9,46.09,-5.7,1,0
2012,12,5,6,30,5.1000000000000005,44.78,-5.9,0.8,0
2012,12,5,7,30,5.6000000000000005,42.84,-6.1000000000000005,0.7000000000000001,0
2012,12,5,8,30,7.300000000000001,42.43,-4.6000000000000005,1,142
2012,12,5,9,30,10,32.96,-5.6000000000000005,1.6,261
2012,12,5,10,30,13.4,26.89,-5.300000000000001,2.6,401
2012,12,5,11,30,16.2,20.11,-6.7,3.4000000000000004,591
2012,12,5,12,30,17.7,19.26,-6.1000000000000005,3.6,631
2012,12,5,13,30,18.900000000000002,19.42,-5,3.9000000000000004,608
2012,12,5,14,30,19.5,20.53,-3.7,3.9000000000000004,519
2012,12,5,15,30,19.200000000000003,22.84,-2.5,3.3000000000000003,321
2012,12,5,16,30,16.6,31.54,-0.4,2,196
2012,12,5,17,30,13.5,45.26,1.9000000000000001,1.4000000000000001,24
2012,12,5,18,30,12,45.44,0.6000000000000001,1.5,0
2012,12,5,19,30,11,48,0.4,1.6,0
2012,12,5,20,30,10.4,49.31,0.2,2,0
2012,12,5,21,30,10.200000000000001,49.34,0,2.6,0
2012,12,5,22,30,10.100000000000001,49.39,0,3.4000000000000004,0
2012,12,5,23,30,9.600000000000001,51.28,0,3.9000000000000004,0
2012,12,6,0,30,9,53.45,0,4.1000000000000005,0
2012,12,6,1,30,8.3,55.77,0,4,0
2012,12,6,2,30,7.6000000000000005,58.08,-0.1,3.5,0
2012,12,6,3,30,7,60.160000000000004,-0.2,2.8000000000000003,0
2012,12,6,4,30,6.5,61.96,-0.30000000000000004,2.4000000000000004,0
2012,12,6,5,30,6.2,62.620000000000005,-0.4,2.2,0
2012,12,6,6,30,6,62.49,-0.6000000000000001,2.1,0
2012,12,6,7,30,7,57,-0.9,2.5,0
2012,12,6,8,30,9.8,46.93,-1,3.3000000000000003,98
2012,12,6,9,30,13.200000000000001,36.54,-1.4000000000000001,3.7,323
2012,12,6,10,30,17,28.84,-1.3,3.7,416
2012,12,6,11,30,20.700000000000003,22.42,-1.5,3.7,588
2012,12,6,12,30,23.400000000000002,18.240000000000002,-2.1,3.6,632
2012,12,6,13,30,25,15.83,-2.7,3.4000000000000004,609
2012,12,6,14,30,25.5,15.1,-3,3.1,522
2012,12,6,15,30,24.200000000000003,16.71,-2.6,2.1,379
2012,12,6,16,30,21.3,33.57,4.6000000000000005,1.2000000000000002,197
2012,12,6,17,30,19,32.980000000000004,2.3000000000000003,1.2000000000000002,24
2012,12,6,18,30,18,29.310000000000002,-0.2,1,0
2012,12,6,19,30,16.900000000000002,31.05,-0.30000000000000004,0.7000000000000001,0
2012,12,6,20,30,15.600000000000001,33.65,-0.4,0.5,0
2012,12,6,21,30,14.100000000000001,37.65,-0.1,0.7000000000000001,0
2012,12,6,22,30,12.200000000000001,43,0,1.1,0
2012,12,6,23,30,10.4,49.63,0.30000000000000004,1.3,0
2012,12,7,0,30,9,55.32,0.5,1.3,0
2012,12,7,1,30,8,59.58,0.6000000000000001,1.3,0
2012,12,7,2,30,7.2,63.77,0.8,1.3,0
2012,12,7,3,30,6.300000000000001,68.95,1,1.3,0
2012,12,7,4,30,5.5,73.11,1.1,1.4000000000000001,0
2012,12,7,5,30,4.7,76.26,0.9,1.4000000000000001,0
2012,12,7,6,30,4,77.41,0.4,1.4000000000000001,0
2012,12,7,7,30,4.5,71.95,-0.1,1.8,0
2012,12,7,8,30,6.4,61.660000000000004,-0.4,2.2,133
2012,12,7,9,30,9.200000000000001,51.800000000000004,-0.2,1.8,319
2012,12,7,10,30,12.3,46.78,1.2000000000000002,1,477
2012,12,7,11,30,15.100000000000001,42.92,2.6,0.6000000000000001,583
2012,12,7,12,30,17.3,37.6,2.7,1,616
2012,12,7,13,30,18.900000000000002,33.09,2.3000000000000003,1.6,604
2012,12,7,14,30,19.8,30.060000000000002,1.7000000000000002,2,517
2012,12,7,15,30,19.8,28.47,1,1.6,377
2012,12,7,16,30,18.3,36.52,3.2,0.7000000000000001,196
2012,12,7,17,30,15.700000000000001,38.88,1.7000000000000002,0.8,24
2012,12,7,18,30,12.9,44.75,1.2000000000000002,1.3,0
2012,12,7,19,30,11,51.19,1.3,1.4000000000000001,0
2012,12,7,20,30,9.8,55.870000000000005,1.4000000000000001,1.5,0
2012,12,7,21,30,8.9,60.51,1.7000000000000002,1.5,0
2012,12,7,22,30,8.200000000000001,65.59,2.1,1.5,0
2012,12,7,23,30,7.6000000000000005,70.17,2.5,1.5,0
2012,12,8,0,30,7.2,73.35000000000001,2.8000000000000003,1.5,0
2012,12,8,1,30,6.7,75.89,2.7,1.4000000000000001,0
2012,12,8,2,30,6.5,75.01,2.4000000000000004,1.3,0
2012,12,8,3,30,6.5,70.98,1.6,1.2000000000000002,0
2012,12,8,4,30,6.6000000000000005,65.58,0.6000000000000001,1.1,0
2012,12,8,5,30,6.4,63.11,-0.1,0.8,0
2012,12,8,6,30,5.9,64.7,-0.2,0.6000000000000001,0
2012,12,8,7,30,6.300000000000001,63.86,0,0.4,0
2012,12,8,8,30,8.3,58.870000000000005,0.7000000000000001,0.30000000000000004,134
2012,12,8,9,30,11.200000000000001,49.4,1,0.5,321
2012,12,8,10,30,14.8,39.49,1.1,1.4000000000000001,480
2012,12,8,11,30,18.7,30.14,0.8,3.4000000000000004,587
2012,12,8,12,30,21.5,23.400000000000002,-0.30000000000000004,5.2,632
2012,12,8,13,30,22.5,20.78,-1.1,5.9,610
2012,12,8,14,30,22.6,20.18,-1.4000000000000001,5.7,523
2012,12,8,15,30,21.700000000000003,20.86,-1.7000000000000002,4.6000000000000005,382
2012,12,8,16,30,18.400000000000002,27.23,-0.8,2.8000000000000003,200
2012,12,8,17,30,14.600000000000001,39.11,0.8,2,25
2012,12,8,18,30,13,40.02,-0.30000000000000004,2.1,0
2012,12,8,19,30,12.200000000000001,40.26,-0.9,2.2,0
2012,12,8,20,30,11.5,40.78,-1.4000000000000001,2.3000000000000003,0
2012,12,8,21,30,10.9,41.230000000000004,-1.8,2.6,0
2012,12,8,22,30,10.5,41.42,-2.1,2.9000000000000004,0
2012,12,8,23,30,9.9,42.77,-2.2,3,0
2012,12,9,0,30,9.4,44.26,-2.2,3.2,0
2012,12,9,1,30,8.9,45.79,-2.2,3.5,0
2012,12,9,2,30,8.200000000000001,47.92,-2.2,3.6,0
2012,12,9,3,30,7.5,50.33,-2.2,3.5,0
2012,12,9,4,30,7,51.95,-2.2,3.3000000000000003,0
2012,12,9,5,30,6.4,53.26,-2.4000000000000004,3.2,0
2012,12,9,6,30,5.800000000000001,53.78,-2.9000000000000004,2.9000000000000004,0
2012,12,9,7,30,6,50.99,-3.4000000000000004,3,0
2012,12,9,8,30,7.4,44.93,-3.8000000000000003,3.4000000000000004,133
2012,12,9,9,30,9.1,40.11,-3.8000000000000003,4,321
2012,12,9,10,30,10.5,37.96,-3.2,4.4,477
2012,12,9,11,30,11.600000000000001,37.09,-2.6,4.1000000000000005,585
2012,12,9,12,30,12.5,36.1,-2.1,3.6,626
2012,12,9,13,30,13.100000000000001,35.28,-1.9000000000000001,3.2,605
2012,12,9,14,30,13.200000000000001,35.15,-1.9000000000000001,3.1,517
2012,12,9,15,30,12.700000000000001,36.35,-1.9000000000000001,3.2,375
2012,12,9,16,30,10.9,41.11,-1.8,3,194
2012,12,9,17,30,8.700000000000001,48.160000000000004,-1.7000000000000002,3.2,24
2012,12,9,18,30,7.1000000000000005,50.28,-2.6,4.1000000000000005,0
2012,12,9,19,30,5.800000000000001,49.32,-4,4.6000000000000005,0
2012,12,9,20,30,4.4,47.730000000000004,-5.7,4.6000000000000005,0
2012,12,9,21,30,3,46.28,-7.4,5.1000000000000005,0
2012,12,9,22,30,1.7000000000000002,44.4,-9.200000000000001,6.5,0
2012,12,9,23,30,0.4,39.96,-11.700000000000001,7.5,0
2012,12,10,0,30,-0.8,40.230000000000004,-12.700000000000001,6.9,0
2012,12,10,1,30,-1.6,47.300000000000004,-11.4,5.5,0
2012,12,10,2,30,-2.1,56.22,-9.700000000000001,4.1000000000000005,0
2012,12,10,3,30,-2.5,63.14,-8.6,3.2,0
2012,12,10,4,30,-2.9000000000000004,67.61,-8.1,2.7,0
2012,12,10,5,30,-3.4000000000000004,70.61,-8,2.4000000000000004,0
2012,12,10,6,30,-4,72.83,-8.200000000000001,2.1,0
2012,12,10,7,30,-3.8000000000000003,69.75,-8.5,2.7,0
2012,12,10,8,30,-2.4000000000000004,58.69,-9.4,3.5,136
2012,12,10,9,30,-0.4,39.97,-12.4,3.7,330
2012,12,10,10,30,1.5,30.96,-13.8,3.7,494
2012,12,10,11,30,3.3000000000000003,26.04,-14.4,3.8000000000000003,604
2012,12,10,12,30,4.7,23.080000000000002,-14.700000000000001,3.7,651
2012,12,10,13,30,5.6000000000000005,21.47,-14.8,3.4000000000000004,630
2012,12,10,14,30,6.1000000000000005,20.56,-14.9,3.1,537
2012,12,10,15,30,6.1000000000000005,20.38,-15,2.7,392
2012,12,10,16,30,4.7,22.62,-14.9,1.7000000000000002,208
2012,12,10,17,30,2.7,35.69,-11,1,28
2012,12,10,18,30,1.5,34.24,-12.600000000000001,1.1,0
2012,12,10,19,30,0.6000000000000001,36.81,-12.5,1.2000000000000002,0
2012,12,10,20,30,-0.30000000000000004,39.480000000000004,-12.4,1.3,0
2012,12,10,21,30,-1.1,41.34,-12.600000000000001,1.4000000000000001,0
2012,12,10,22,30,-1.8,43.28,-12.700000000000001,1.6,0
2012,12,10,23,30,-2.2,43.87,-12.9,1.7000000000000002,0
2012,12,11,0,30,-2.6,44.980000000000004,-12.9,1.9000000000000001,0
2012,12,11,1,30,-3.1,46.69,-12.9,2,0
2012,12,11,2,30,-3.5,48.08,-12.9,2.1,0
2012,12,11,3,30,-3.8000000000000003,49.36,-12.9,2.1,0
2012,12,11,4,30,-4,50.18,-12.9,1.9000000000000001,0
2012,12,11,5,30,-4.1000000000000005,50.36,-12.9,1.8,0
2012,12,11,6,30,-4,49.910000000000004,-12.9,1.6,0
2012,12,11,7,30,-2.7,45.27,-12.9,1.7000000000000002,0
2012,12,11,8,30,0.30000000000000004,38.42,-12.200000000000001,2.3000000000000003,97
2012,12,11,9,30,3.8000000000000003,29.12,-12.600000000000001,2.7,320
2012,12,11,10,30,7.2,25.98,-11.100000000000001,2.7,481
2012,12,11,11,30,9.8,24.28,-9.700000000000001,2.9000000000000004,589
2012,12,11,12,30,11.3,22.080000000000002,-9.600000000000001,3.2,636
2012,12,11,13,30,12.100000000000001,20.17,-10.100000000000001,3.5,620
2012,12,11,14,30,12.3,18.94,-10.700000000000001,3.7,533
2012,12,11,15,30,11.700000000000001,18.97,-11.200000000000001,3.4000000000000004,391
2012,12,11,16,30,8.8,24.150000000000002,-10.600000000000001,2.1,207
2012,12,11,17,30,5.2,40.74,-7.1000000000000005,1.4000000000000001,27
2012,12,11,18,30,3.5,41.92,-8.200000000000001,1.4000000000000001,0
2012,12,11,19,30,2.5,43.99,-8.5,1.4000000000000001,0
2012,12,11,20,30,1.5,46.660000000000004,-8.700000000000001,1.4000000000000001,0
2012,12,11,21,30,0.6000000000000001,49.38,-8.8,1.4000000000000001,0
2012,12,11,22,30,-0.2,51.95,-8.9,1.3,0
2012,12,11,23,30,-0.7000000000000001,53.09,-9.1,1.3,0
2012,12,12,0,30,-1,53.5,-9.3,1.2000000000000002,0
2012,12,12,1,30,-1.4000000000000001,54.76,-9.3,1.2000000000000002,0
2012,12,12,2,30,-1.9000000000000001,56.54,-9.4,1.3,0
2012,12,12,3,30,-2.5,58.79,-9.5,1.4000000000000001,0
2012,12,12,4,30,-2.9000000000000004,60.03,-9.600000000000001,1.5,0
2012,12,12,5,30,-2.9000000000000004,58.94,-9.8,1.7000000000000002,0
2012,12,12,6,30,-2.9000000000000004,57.230000000000004,-10.200000000000001,1.7000000000000002,0
2012,12,12,7,30,-1.5,49.9,-10.600000000000001,1.8,0
2012,12,12,8,30,1.8,41.26,-10,2.6,130
2012,12,12,9,30,5.5,30.3,-10.600000000000001,3.3000000000000003,322
2012,12,12,10,30,9.3,24.400000000000002,-10.100000000000001,4.1000000000000005,484
2012,12,12,11,30,12.600000000000001,17.71,-11.3,5.1000000000000005,595
2012,12,12,12,30,14.3,15.35,-11.700000000000001,5,642
2012,12,12,13,30,15.3,14.34,-11.8,4.800000000000001,622
2012,12,12,14,30,15.700000000000001,14.09,-11.700000000000001,4.5,536
2012,12,12,15,30,15,15.09,-11.4,3.4000000000000004,393
2012,12,12,16,30,11.700000000000001,25.8,-7.300000000000001,1.9000000000000001,209
2012,12,12,17,30,7.9,37.980000000000004,-5.6000000000000005,1.6,29
2012,12,12,18,30,6.2,38.02,-7.1000000000000005,1.9000000000000001,0
2012,12,12,19,30,5.300000000000001,39.160000000000004,-7.5,2.5,0
2012,12,12,20,30,4.7,39.96,-7.800000000000001,3.2,0
2012,12,12,21,30,4.2,41.64,-7.7,3.7,0
2012,12,12,22,30,3.6,45,-7.2,3.9000000000000004,0
2012,12,12,23,30,3.1,49.22,-6.5,3.7,0
2012,12,13,0,30,2.5,53.54,-6,3.5,0
2012,12,13,1,30,1.9000000000000001,57.25,-5.7,3.2,0
2012,12,13,2,30,1.2000000000000002,60.97,-5.5,2.9000000000000004,0
2012,12,13,3,30,0.7000000000000001,63.870000000000005,-5.4,2.7,0
2012,12,13,4,30,0.4,66.13,-5.2,2.6,0
2012,12,13,5,30,0.2,68.19,-5,2.7,0
2012,12,13,6,30,0,70.69,-4.7,2.8000000000000003,0
2012,12,13,7,30,0.9,67.86,-4.4,3.2,0
2012,12,13,8,30,3.3000000000000003,58.99,-4,3.8000000000000003,124
2012,12,13,9,30,6.800000000000001,48.4,-3.3000000000000003,4.2,311
2012,12,13,10,30,10.700000000000001,40.050000000000004,-2.3000000000000003,4.800000000000001,473
2012,12,13,11,30,13.9,34.25,-1.6,5.2,583
2012,12,13,12,30,16.2,30.240000000000002,-1.3,5.1000000000000005,631
2012,12,13,13,30,17.5,27.98,-1.2000000000000002,5,607
2012,12,13,14,30,18,27.34,-1.1,4.9,523
2012,12,13,15,30,17.2,29.59,-0.7000000000000001,4.3,378
2012,12,13,16,30,14.100000000000001,39.410000000000004,0.5,3,198
2012,12,13,17,30,11,54.44,2.2,2.5,16
2012,12,13,18,30,10.100000000000001,63.79,3.5,3.3000000000000003,0
2012,12,13,19,30,9.600000000000001,75.15,5.4,4.1000000000000005,0
2012,12,13,20,30,8.9,87.15,6.9,4.4,0
2012,12,13,21,30,8.8,93.87,7.9,4.800000000000001,0
2012,12,13,22,30,9.3,95.13,8.6,5.5,0
2012,12,13,23,30,9.700000000000001,95.79,9.1,5.7,0
2012,12,14,0,30,10.100000000000001,95.75,9.5,5.5,0
2012,12,14,1,30,10.3,96.73,9.8,5.1000000000000005,0
2012,12,14,2,30,10.4,97.97,10.100000000000001,4.9,0
2012,12,14,3,30,10.5,98.43,10.3,5,0
2012,12,14,4,30,10.600000000000001,98.25,10.3,5.4,0
2012,12,14,5,30,10.700000000000001,97.82000000000001,10.4,6.300000000000001,0
2012,12,14,6,30,10.9,97.24000000000001,10.5,6.6000000000000005,0
2012,12,14,7,30,10.9,97.87,10.600000000000001,5.9,0
2012,12,14,8,30,11.200000000000001,96,10.600000000000001,5.5,10
2012,12,14,9,30,12.100000000000001,90.72,10.600000000000001,6.4,174
2012,12,14,10,30,13.3,84.64,10.8,7.7,334
2012,12,14,11,30,14.700000000000001,78.3,11,8.6,441
2012,12,14,12,30,16.400000000000002,70.92,11.100000000000001,9.3,352
2012,12,14,13,30,18.3,62.61,11,9.700000000000001,390
2012,12,14,14,30,19.8,54.95,10.5,9.8,504
2012,12,14,15,30,20.400000000000002,47.82,9,8.8,355
2012,12,14,16,30,18.8,44.910000000000004,6.6000000000000005,7.9,24
2012,12,14,17,30,15.700000000000001,41.94,2.8000000000000003,7.2,10
2012,12,14,18,30,13,36.52,-1.5,5.800000000000001,0
2012,12,14,19,30,11,38.37,-2.7,4.800000000000001,0
2012,12,14,20,30,9.3,42.57,-2.8000000000000003,4.2,0
2012,12,14,21,30,7.9,46.480000000000004,-2.9000000000000004,3.7,0
2012,12,14,22,30,7,49.26,-2.9000000000000004,3.6,0
2012,12,14,23,30,6.300000000000001,51.550000000000004,-3,3.8000000000000003,0
2012,12,15,0,30,5.7,53.97,-2.9000000000000004,4,0
2012,12,15,1,30,5.2,56.31,-2.8000000000000003,4.1000000000000005,0
2012,12,15,2,30,4.7,58.75,-2.7,4.1000000000000005,0
2012,12,15,3,30,4.2,61.050000000000004,-2.6,4.1000000000000005,0
2012,12,15,4,30,3.8000000000000003,63.07,-2.6,3.9000000000000004,0
2012,12,15,5,30,3.5,64.82000000000001,-2.5,3.7,0
2012,12,15,6,30,3.4000000000000004,66.08,-2.3000000000000003,3.7,0
2012,12,15,7,30,4.2,63.68,-2.1,4,0
2012,12,15,8,30,6.2,57.11,-1.7000000000000002,4.4,64
2012,12,15,9,30,9.200000000000001,48.38,-1.1,4.7,145
2012,12,15,10,30,12.600000000000001,39.85,-0.7000000000000001,5.6000000000000005,278
2012,12,15,11,30,14.700000000000001,33.38,-1.3,6.300000000000001,285
2012,12,15,12,30,15.3,31.27,-1.6,6.300000000000001,393
2012,12,15,13,30,15.3,31.09,-1.7000000000000002,6.1000000000000005,318
2012,12,15,14,30,14.9,32.13,-1.6,5.6000000000000005,423
2012,12,15,15,30,13.9,35.1,-1.3,4.2,258
2012,12,15,16,30,12.100000000000001,42.59,-0.2,2.3000000000000003,136
2012,12,15,17,30,10.4,50.980000000000004,0.7000000000000001,1.5,13
2012,12,15,18,30,9.700000000000001,52.35,0.4,1.5,0
2012,12,15,19,30,9.4,52.660000000000004,0.2,1.6,0
2012,12,15,20,30,9.1,52.77,0,1.8,0
2012,12,15,21,30,8.6,53.54,-0.30000000000000004,1.9000000000000001,0
2012,12,15,22,30,7.9,54.910000000000004,-0.6000000000000001,2,0
2012,12,15,23,30,7,57.19,-0.9,2.2,0
2012,12,16,0,30,6.5,58.07,-1.2000000000000002,2.4000000000000004,0
2012,12,16,1,30,6.6000000000000005,58.13,-1.1,2.7,0
2012,12,16,2,30,6.9,57.96,-0.8,3.1,0
2012,12,16,3,30,7,58.47,-0.6000000000000001,3.3000000000000003,0
2012,12,16,4,30,6.800000000000001,59.68,-0.5,3.3000000000000003,0
2012,12,16,5,30,6.2,62.31,-0.5,3.4000000000000004,0
2012,12,16,6,30,5.2,66.84,-0.5,3.2,0
2012,12,16,7,30,5.300000000000001,66.79,-0.4,3.7,0
2012,12,16,8,30,7.1000000000000005,59.97,-0.2,4.4,116
2012,12,16,9,30,10.3,50.35,0.4,5.1000000000000005,302
2012,12,16,10,30,13.700000000000001,43.89,1.6,5.9,462
2012,12,16,11,30,16.1,37.44,1.6,6.2,573
2012,12,16,12,30,17.3,32.76,0.8,6.300000000000001,619
2012,12,16,13,30,17.900000000000002,29.52,-0.2,6.5,599
2012,12,16,14,30,18,27.64,-1,6.7,515
2012,12,16,15,30,17.3,28.14,-1.3,6.800000000000001,376
2012,12,16,16,30,15.700000000000001,31.89,-1,6.2,143
2012,12,16,17,30,13.700000000000001,38.28,-0.30000000000000004,5.6000000000000005,16
2012,12,16,18,30,12.100000000000001,44.06,0.2,5.2,0
2012,12,16,19,30,10.9,48.84,0.6000000000000001,4.6000000000000005,0
2012,12,16,20,30,10.100000000000001,52.160000000000004,0.7000000000000001,4.800000000000001,0
2012,12,16,21,30,9.4,54.230000000000004,0.6000000000000001,5.300000000000001,0
2012,12,16,22,30,8.3,55.300000000000004,-0.1,5,0
2012,12,16,23,30,6.9,56.910000000000004,-1.1,4.4,0
2012,12,17,0,30,5.7,57.46,-2.1,4.3,0
2012,12,17,1,30,4.7,56.2,-3.3000000000000003,4.1000000000000005,0
2012,12,17,2,30,3.9000000000000004,54.06,-4.6000000000000005,4.2,0
2012,12,17,3,30,3.2,53.57,-5.300000000000001,4.3,0
2012,12,17,4,30,2.7,54.81,-5.5,4.4,0
2012,12,17,5,30,2.1,58.29,-5.2,4.3,0
2012,12,17,6,30,1.7000000000000002,62.08,-4.800000000000001,4.1000000000000005,0
2012,12,17,7,30,1.9000000000000001,63.32,-4.3,4.3,0
2012,12,17,8,30,3.8000000000000003,57.24,-3.9000000000000004,4.6000000000000005,115
2012,12,17,9,30,7.2,46.28,-3.6,5,303
2012,12,17,10,30,11.100000000000001,33.61,-4.3,5.7,464
2012,12,17,11,30,14,24.650000000000002,-5.9,6.1000000000000005,579
2012,12,17,12,30,15.9,20.56,-6.7,6.300000000000001,629
2012,12,17,13,30,17.1,18.39,-7.2,6.300000000000001,612
2012,12,17,14,30,17.7,17.400000000000002,-7.4,6.1000000000000005,533
2012,12,17,15,30,17.3,17.93,-7.300000000000001,5,393
2012,12,17,16,30,14.200000000000001,23.82,-6.2,3,212
2012,12,17,17,30,10.4,37.71,-3.4000000000000004,1.9000000000000001,32
2012,12,17,18,30,8.8,40.550000000000004,-3.9000000000000004,1.9000000000000001,0
2012,12,17,19,30,8.200000000000001,41.53,-4.1000000000000005,2.1,0
2012,12,17,20,30,7.7,42.26,-4.3,2.4000000000000004,0
2012,12,17,21,30,7.300000000000001,42.63,-4.6000000000000005,2.8000000000000003,0
2012,12,17,22,30,6.800000000000001,43.35,-4.800000000000001,3.3000000000000003,0
2012,12,17,23,30,6.2,44.69,-5,3.6,0
2012,12,18,0,30,5.6000000000000005,46.34,-5,3.7,0
2012,12,18,1,30,5,48.33,-5,3.6,0
2012,12,18,2,30,4.5,50.2,-5,3.5,0
2012,12,18,3,30,4.1000000000000005,51.800000000000004,-4.9,3.2,0
2012,12,18,4,30,3.8000000000000003,53.160000000000004,-4.9,3,0
2012,12,18,5,30,3.5,54.61,-4.800000000000001,2.8000000000000003,0
2012,12,18,6,30,3.2,56.2,-4.7,2.7,0
2012,12,18,7,30,4.1000000000000005,53.14,-4.6000000000000005,3.1,0
2012,12,18,8,30,6.7,45.56,-4.2,3.7,116
2012,12,18,9,30,10.3,36.69,-3.9000000000000004,3.5,306
2012,12,18,10,30,14.200000000000001,30.29,-3,3.1,465
2012,12,18,11,30,17.900000000000002,25.55,-2.1,3.2,577
2012,12,18,12,30,20.8,21.68,-1.9000000000000001,3.6,628
2012,12,18,13,30,22.5,18.64,-2.5,4,612
2012,12,18,14,30,23.1,17.240000000000002,-3.1,3.9000000000000004,527
2012,12,18,15,30,21.900000000000002,18.400000000000002,-3.2,2.6,389
2012,12,18,16,30,19.1,32.53,2.2,1.4000000000000001,193
2012,12,18,17,30,16.8,31.79,-0.1,1.2000000000000002,17
2012,12,18,18,30,14.8,31.14,-2.1,1.4000000000000001,0
2012,12,18,19,30,12.700000000000001,35.18,-2.3000000000000003,1.8,0
2012,12,18,20,30,11.200000000000001,35.92,-3.4000000000000004,2.3000000000000003,0
2012,12,18,21,30,10.200000000000001,34.77,-4.7,2.6,0
2012,12,18,22,30,9.200000000000001,35.550000000000004,-5.300000000000001,2.7,0
2012,12,18,23,30,8.200000000000001,38.31,-5.2,2.5,0
2012,12,19,0,30,7.1000000000000005,41.33,-5.2,2.3000000000000003,0
2012,12,19,1,30,6.4,43.06,-5.300000000000001,2.1,0
2012,12,19,2,30,5.7,44.77,-5.4,2,0
2012,12,19,3,30,5.300000000000001,44.910000000000004,-5.7,2.1,0
2012,12,19,4,30,5.2,44.28,-6,2.3000000000000003,0
2012,12,19,5,30,5.6000000000000005,41.99,-6.300000000000001,2.5,0
2012,12,19,6,30,6.5,38.39,-6.7,3,0
2012,12,19,7,30,7.7,33.78,-7.300000000000001,3.9000000000000004,0
2012,12,19,8,30,9.9,28.14,-7.7,4.800000000000001,53
2012,12,19,9,30,13.3,22.78,-7.5,5,19
2012,12,19,10,30,17.2,19.94,-6,6.1000000000000005,83
2012,12,19,11,30,19.8,22.87,-2,8.1,356
2012,12,19,12,30,20.700000000000003,24.12,-0.5,9.5,481
2012,12,19,13,30,21,26.400000000000002,1,10.200000000000001,396
2012,12,19,14,30,20.200000000000003,30.34,2.2,10.8,399
2012,12,19,15,30,18.1,31.580000000000002,1,10.8,258
2012,12,19,16,30,15.700000000000001,24.64,-4.5,9.700000000000001,137
2012,12,19,17,30,13.8,18.55,-9.8,8.3,20
2012,12,19,18,30,12.3,18.47,-11.100000000000001,7.800000000000001,0
2012,12,19,19,30,10.700000000000001,19.96,-11.4,8,0
2012,12,19,20,30,8.8,22.490000000000002,-11.5,8.3,0
2012,12,19,21,30,6.9,24.68,-12,8.200000000000001,0
2012,12,19,22,30,5,28.46,-11.8,7.800000000000001,0
2012,12,19,23,30,3.2,35.69,-10.600000000000001,7.1000000000000005,0
2012,12,20,0,30,1.5,42.32,-9.9,6.2,0
2012,12,20,1,30,0.30000000000000004,45.26,-10.200000000000001,5.2,0
2012,12,20,2,30,-0.6000000000000001,46.18,-10.8,4.4,0
2012,12,20,3,30,-1.5,47.38,-11.3,3.6,0
2012,12,20,4,30,-2.3000000000000003,49.22,-11.5,3.1,0
2012,12,20,5,30,-2.9000000000000004,50.57,-11.700000000000001,2.9000000000000004,0
2012,12,20,6,30,-3.4000000000000004,51.6,-12,2.8000000000000003,0
2012,12,20,7,30,-3,49.51,-12.100000000000001,3.1,0
2012,12,20,8,30,-0.9,42.12,-12.200000000000001,3.8000000000000003,119
2012,12,20,9,30,2.5,31.580000000000002,-12.700000000000001,4.4,315
2012,12,20,10,30,5.5,24.61,-13.200000000000001,4.5,483
2012,12,20,11,30,7.5,22.2,-12.8,4.2,600
2012,12,20,12,30,9,19.44,-13.200000000000001,3.8000000000000003,653
2012,12,20,13,30,10.100000000000001,17.16,-13.8,3.3000000000000003,637
2012,12,20,14,30,10.5,15.83,-14.4,2.8000000000000003,554
2012,12,20,15,30,10.200000000000001,15.42,-15,2,412
2012,12,20,16,30,8.5,19.77,-13.4,1.1,226
2012,12,20,17,30,6.4,29.51,-10.200000000000001,0.9,38
2012,12,20,18,30,4.7,26.51,-13,1.2000000000000002,0
2012,12,20,19,30,2.9000000000000004,30.810000000000002,-12.700000000000001,1.4000000000000001,0
2012,12,20,20,30,1.4000000000000001,35.89,-12.100000000000001,1.5,0
2012,12,20,21,30,0.30000000000000004,38.29,-12.3,1.6,0
2012,12,20,22,30,-0.4,39.1,-12.700000000000001,1.6,0
2012,12,20,23,30,-0.9,39.37,-13,1.6,0
2012,12,21,0,30,-1.4000000000000001,39.78,-13.3,1.6,0
2012,12,21,1,30,-1.6,39.65,-13.600000000000001,1.6,0
2012,12,21,2,30,-1.6,40.04,-13.4,1.6,0
2012,12,21,3,30,-1.6,40.72,-13.200000000000001,1.6,0
2012,12,21,4,30,-1.8,41.67,-13.100000000000001,1.5,0
2012,12,21,5,30,-2.5,42.4,-13.600000000000001,1.5,0
2012,12,21,6,30,-2.9000000000000004,41.63,-14.100000000000001,1.5,0
2012,12,21,7,30,-2.1,38.29,-14.4,1.4000000000000001,0
2012,12,21,8,30,1,34.99,-12.8,2,69
2012,12,21,9,30,4.6000000000000005,24.29,-14.100000000000001,2.8000000000000003,276
2012,12,21,10,30,8,19.54,-13.9,3.7,475
2012,12,21,11,30,10.9,14.51,-15.200000000000001,4.800000000000001,410
2012,12,21,12,30,12.4,12.72,-15.600000000000001,5,489
2012,12,21,13,30,13.3,11.82,-15.700000000000001,5,565
2012,12,21,14,30,13.600000000000001,11.66,-15.700000000000001,4.7,423
2012,12,21,15,30,12.9,12.64,-15.3,3.9000000000000004,381
2012,12,21,16,30,10.200000000000001,17.8,-13.3,2.6,210
2012,12,21,17,30,7.300000000000001,30.16,-9.1,2,33
2012,12,21,18,30,6,31.26,-9.8,2.3000000000000003,0
2012,12,21,19,30,5.2,30.240000000000002,-10.9,2.7,0
2012,12,21,20,30,4.5,29.650000000000002,-11.8,3,0
2012,12,21,21,30,3.8000000000000003,28.900000000000002,-12.700000000000001,3.4000000000000004,0
2012,12,21,22,30,3.3000000000000003,28.11,-13.5,3.6,0
2012,12,21,23,30,3,27.57,-14,3.8000000000000003,0
2012,12,22,0,30,2.4000000000000004,28.11,-14.200000000000001,3.5,0
2012,12,22,1,30,2,29.900000000000002,-13.8,3.3000000000000003,0
2012,12,22,2,30,1.7000000000000002,29.86,-14.100000000000001,3.2,0
2012,12,22,3,30,0.9,32.85,-13.600000000000001,2.8000000000000003,0
2012,12,22,4,30,0.4,34.53,-13.5,2.8000000000000003,0
2012,12,22,5,30,-0.1,35.53,-13.600000000000001,2.8000000000000003,0
2012,12,22,6,30,-0.6000000000000001,37.02,-13.5,2.9000000000000004,0
2012,12,22,7,30,-0.30000000000000004,36.410000000000004,-13.4,3.4000000000000004,0
2012,12,22,8,30,1.5,31.51,-13.600000000000001,4,70
2012,12,22,9,30,4.6000000000000005,26.05,-13.3,4.1000000000000005,292
2012,12,22,10,30,8.3,21.42,-12.5,4.5,383
2012,12,22,11,30,11.5,17.98,-12.100000000000001,5,475
2012,12,22,12,30,13.8,16.07,-11.600000000000001,5.2,446
2012,12,22,13,30,14.8,15.36,-11.3,5.2,457
2012,12,22,14,30,14.9,15.700000000000001,-11,4.7,217
2012,12,22,15,30,14.3,17.25,-10.3,3.5,155
2012,12,22,16,30,12.4,25.150000000000002,-7,2.3000000000000003,145
2012,12,22,17,30,10.8,32.660000000000004,-5,2.2,22
2012,12,22,18,30,10.5,32.4,-5.4,2.5,0
2012,12,22,19,30,10.4,32.71,-5.300000000000001,2.9000000000000004,0
2012,12,22,20,30,9.8,33.92,-5.4,3.2,0
2012,12,22,21,30,9.200000000000001,36.58,-4.9,3.5,0
2012,12,22,22,30,8.700000000000001,40.74,-3.9000000000000004,3.8000000000000003,0
2012,12,22,23,30,8.1,46.64,-2.6,3.9000000000000004,0
2012,12,23,0,30,7.300000000000001,54.67,-1.2000000000000002,3.7,0
2012,12,23,1,30,6.4,62.86,-0.2,3.4000000000000004,0
2012,12,23,2,30,5.6000000000000005,69.25,0.4,3.3000000000000003,0
2012,12,23,3,30,4.9,71.56,0.2,3.3000000000000003,0
2012,12,23,4,30,4.4,69.25,-0.7000000000000001,3.2,0
2012,12,23,5,30,4.1000000000000005,63.75,-2.2,3.2,0
2012,12,23,6,30,3.8000000000000003,58.35,-3.6,3.1,0
2012,12,23,7,30,4.2,52.86,-4.6000000000000005,3.5,0
2012,12,23,8,30,6.1000000000000005,45.12,-4.9,4.1000000000000005,65
2012,12,23,9,30,8.8,38.24,-4.7,4.1000000000000005,182
2012,12,23,10,30,12.3,32.36,-3.8000000000000003,4.1000000000000005,302
2012,12,23,11,30,15.8,27.46,-3,4.6000000000000005,402
2012,12,23,12,30,18.2,24.21,-2.6,5.1000000000000005,417
2012,12,23,13,30,19.5,22.47,-2.5,5.6000000000000005,480
2012,12,23,14,30,20,21.740000000000002,-2.5,5.7,264
2012,12,23,15,30,19,23.080000000000002,-2.6,4.5,257
2012,12,23,16,30,15.8,30.61,-1.5,2.7,198
2012,12,23,17,30,12.200000000000001,40.230000000000004,-0.9,2,21
2012,12,23,18,30,10.4,41.38,-2.2,1.9000000000000001,0
2012,12,23,19,30,9.200000000000001,41.87,-3.1,1.9000000000000001,0
2012,12,23,20,30,8.1,41.83,-4.1000000000000005,2,0
2012,12,23,21,30,7.1000000000000005,41.58,-5.1000000000000005,2.1,0
2012,12,23,22,30,6.2,40.85,-6.1000000000000005,2.1,0
2012,12,23,23,30,5.2,40.58,-7.1000000000000005,2,0
2012,12,24,0,30,4.3,40.49,-8,2,0
2012,12,24,1,30,3.4000000000000004,40.6,-8.700000000000001,2,0
2012,12,24,2,30,2.4000000000000004,42.04,-9.200000000000001,2,0
2012,12,24,3,30,1.4000000000000001,44.57,-9.4,1.9000000000000001,0
2012,12,24,4,30,0.5,47.45,-9.4,1.8,0
2012,12,24,5,30,-0.30000000000000004,51.15,-9.200000000000001,1.5,0
2012,12,24,6,30,-1,54.870000000000005,-8.9,1.3,0
2012,12,24,7,30,-0.2,52.93,-8.700000000000001,1.2000000000000002,0
2012,12,24,8,30,2,50.050000000000004,-7.300000000000001,1.5,77
2012,12,24,9,30,4.4,42.79,-7.2,1.6,193
2012,12,24,10,30,6.6000000000000005,39.29,-6.300000000000001,2,354
2012,12,24,11,30,8.8,35.39,-5.7,2.4000000000000004,413
2012,12,24,12,30,10.5,32.43,-5.300000000000001,2.4000000000000004,528
2012,12,24,13,30,11.600000000000001,29.5,-5.6000000000000005,2.4000000000000004,527
2012,12,24,14,30,12.3,28.16,-5.6000000000000005,1.9000000000000001,412
2012,12,24,15,30,12.3,31.35,-4.2,1,291
2012,12,24,16,30,11.3,43.24,-0.8,0.8,96
2012,12,24,17,30,9.9,40.7,-2.8000000000000003,1.2000000000000002,20
2012,12,24,18,30,9.200000000000001,41.36,-3.3000000000000003,1.3,0
2012,12,24,19,30,9.5,40.89,-3.1,1.1,0
2012,12,24,20,30,9.5,39.550000000000004,-3.6,1,0
2012,12,24,21,30,7.800000000000001,43.78,-3.8000000000000003,1.2000000000000002,0
2012,12,24,22,30,6.1000000000000005,46.94,-4.4,1.6,0
2012,12,24,23,30,5.2,47.88,-5,1.9000000000000001,0
2012,12,25,0,30,4.6000000000000005,48.660000000000004,-5.300000000000001,2.2,0
2012,12,25,1,30,4.3,49.06,-5.5,3,0
2012,12,25,2,30,4.5,48.51,-5.4,4.2,0
2012,12,25,3,30,4.6000000000000005,51.08,-4.7,5.2,0
2012,12,25,4,30,4.3,57.300000000000004,-3.4000000000000004,5.300000000000001,0
2012,12,25,5,30,4,64.78,-2,5.2,0
2012,12,25,6,30,4,71.15,-0.8,5.300000000000001,0
2012,12,25,7,30,4,72.74,-0.5,5.7,0
2012,12,25,8,30,4.1000000000000005,67.83,-1.3,6.800000000000001,99
2012,12,25,9,30,3.4000000000000004,62.870000000000005,-3,8.200000000000001,75
2012,12,25,10,30,2.3000000000000003,58.71,-5,8.700000000000001,161
2012,12,25,11,30,2,49.33,-7.5,8.700000000000001,552
2012,12,25,12,30,2.6,38.71,-10.100000000000001,8.700000000000001,615
2012,12,25,13,30,3.1,34.230000000000004,-11.200000000000001,8.700000000000001,604
2012,12,25,14,30,3,33.99,-11.4,8.5,526
2012,12,25,15,30,2.3000000000000003,35.480000000000004,-11.4,8.1,388
2012,12,25,16,30,1,38.61,-11.600000000000001,7.1000000000000005,211
2012,12,25,17,30,-0.6000000000000001,43.07,-11.600000000000001,6,37
2012,12,25,18,30,-2,47.45,-11.700000000000001,5.4,0
2012,12,25,19,30,-3.2,51.22,-11.9,5.2,0
2012,12,25,20,30,-4.3,54.71,-12.100000000000001,4.9,0
2012,12,25,21,30,-5,56.9,-12.200000000000001,4.7,0
2012,12,25,22,30,-5.4,58,-12.4,4.4,0
2012,12,25,23,30,-5.7,58.84,-12.5,4.1000000000000005,0
2012,12,26,0,30,-5.800000000000001,59.13,-12.5,3.8000000000000003,0
2012,12,26,1,30,-5.9,59.58,-12.5,3.5,0
2012,12,26,2,30,-5.9,59.63,-12.5,3.3000000000000003,0
2012,12,26,3,30,-5.800000000000001,59.42,-12.4,3.2,0
2012,12,26,4,30,-5.7,59.33,-12.4,3.1,0
2012,12,26,5,30,-5.5,58.86,-12.3,2.8000000000000003,0
2012,12,26,6,30,-5.300000000000001,58.480000000000004,-12.200000000000001,2.4000000000000004,0
2012,12,26,7,30,-4.9,57.24,-12.100000000000001,1.9000000000000001,0
2012,12,26,8,30,-4.2,54.980000000000004,-11.9,1.3,29
2012,12,26,9,30,-3.1,51.65,-11.700000000000001,0.7000000000000001,222
2012,12,26,10,30,-1.6,47.46,-11.3,0.30000000000000004,331
2012,12,26,11,30,0.30000000000000004,42.95,-10.8,0.4,426
2012,12,26,12,30,2.1,39.65,-10.200000000000001,0.7000000000000001,484
2012,12,26,13,30,3.6,38.2,-9.4,1.1,509
2012,12,26,14,30,4.5,37.97,-8.6,1.5,446
2012,12,26,15,30,4.800000000000001,38.63,-8.1,2,271
2012,12,26,16,30,3.4000000000000004,43.62,-7.800000000000001,1.7000000000000002,157
2012,12,26,17,30,1.1,55.76,-6.800000000000001,1.3,25
2012,12,26,18,30,-0.1,57.6,-7.5,1.6,0
2012,12,26,19,30,-0.4,57.370000000000005,-7.800000000000001,2.2,0
2012,12,26,20,30,-0.6000000000000001,56.52,-8.200000000000001,2.9000000000000004,0
2012,12,26,21,30,-0.9,56.08,-8.6,3.3000000000000003,0
2012,12,26,22,30,-1.4000000000000001,57.22,-8.8,3.4000000000000004,0
2012,12,26,23,30,-1.6,57.81,-8.8,3.4000000000000004,0
2012,12,27,0,30,-1.5,57.82,-8.700000000000001,3.3000000000000003,0
2012,12,27,1,30,-1.6,59.18,-8.5,3,0
2012,12,27,2,30,-1.8,61.07,-8.3,2.7,0
2012,12,27,3,30,-2.1,63.54,-8.1,2.5,0
2012,12,27,4,30,-2.2,65.04,-7.9,2.5,0
2012,12,27,5,30,-1.9000000000000001,64.36,-7.7,2.6,0
2012,12,27,6,30,-1.8,64.31,-7.7,2.8000000000000003,0
2012,12,27,7,30,-1.2000000000000002,61.85,-7.6000000000000005,3.1,0
2012,12,27,8,30,0.2,56.42,-7.5,3.3000000000000003,61
2012,12,27,9,30,2.3000000000000003,49.2,-7.300000000000001,2.9000000000000004,215
2012,12,27,10,30,4.9,41.93,-7,2.3000000000000003,208
2012,12,27,11,30,7.6000000000000005,35.4,-6.800000000000001,2,411
2012,12,27,12,30,9.8,31.27,-6.4,1.9000000000000001,529
2012,12,27,13,30,11.3,28.740000000000002,-6.2,1.8,529
2012,12,27,14,30,12.100000000000001,27.3,-6.2,1.6,535
2012,12,27,15,30,12,27.37,-6.300000000000001,0.8,398
2012,12,27,16,30,9.8,38.6,-3.7,0.6000000000000001,77
2012,12,27,17,30,6.2,46.93,-4.3,1.3,33
2012,12,27,18,30,4,50.58,-5.300000000000001,1.7000000000000002,0
2012,12,27,19,30,3.2,53.21,-5.4,2,0
2012,12,27,20,30,2.7,55.04,-5.4,1.9000000000000001,0
2012,12,27,21,30,2.4000000000000004,56.95,-5.300000000000001,1.6,0
2012,12,27,22,30,2.1,58.71,-5.2,1.5,0
2012,12,27,23,30,1.7000000000000002,60.17,-5.2,1.5,0
2012,12,28,0,30,1.2000000000000002,61.47,-5.4,1.7000000000000002,0
2012,12,28,1,30,1,61.43,-5.6000000000000005,2,0
2012,12,28,2,30,1.1,61,-5.6000000000000005,2.6,0
2012,12,28,3,30,0.8,63.06,-5.4,3.1,0
2012,12,28,4,30,-0.2,68.1,-5.4,3,0
2012,12,28,5,30,-1.4000000000000001,73.74,-5.5,2.6,0
2012,12,28,6,30,-2.4000000000000004,78.34,-5.7,2.5,0
2012,12,28,7,30,-2.6,78.43,-5.800000000000001,3,0
2012,12,28,8,30,-1.6,71.88,-6,3.8000000000000003,98
2012,12,28,9,30,-0.2,63.61,-6.300000000000001,4,288
2012,12,28,10,30,1.4000000000000001,56.370000000000005,-6.300000000000001,3.8000000000000003,457
2012,12,28,11,30,3.2,49.800000000000004,-6.300000000000001,4,575
2012,12,28,12,30,4.800000000000001,44.300000000000004,-6.300000000000001,4.5,631
2012,12,28,13,30,6,40.04,-6.6000000000000005,4.9,620
2012,12,28,14,30,6.6000000000000005,36.980000000000004,-7.1000000000000005,5,543
2012,12,28,15,30,6.5,35.17,-7.800000000000001,4.6000000000000005,409
2012,12,28,16,30,4.6000000000000005,38.28,-8.4,2.9000000000000004,230
2012,12,28,17,30,1.6,50.730000000000004,-7.5,1.5,47
2012,12,28,18,30,-0.1,54.660000000000004,-8.1,1.3,0
2012,12,28,19,30,-1,56.89,-8.5,1.3,0
2012,12,28,20,30,-1.9000000000000001,59.96,-8.6,1.3,0
2012,12,28,21,30,-2.5,62.67,-8.700000000000001,1.3,0
2012,12,28,22,30,-3,65.24,-8.6,1.2000000000000002,0
2012,12,28,23,30,-3.3000000000000003,66.76,-8.6,1.2000000000000002,0
2012,12,29,0,30,-3.5,67.72,-8.6,1.1,0
2012,12,29,1,30,-3.5,67.47,-8.700000000000001,1,0
2012,12,29,2,30,-3.3000000000000003,66.14,-8.700000000000001,0.9,0
2012,12,29,3,30,-2.9000000000000004,63.82,-8.8,0.6000000000000001,0
2012,12,29,4,30,-2.8000000000000003,62.910000000000004,-8.9,0.5,0
2012,12,29,5,30,-2.8000000000000003,62.64,-8.9,0.4,0
2012,12,29,6,30,-2.7,62.050000000000004,-9,0.4,0
2012,12,29,7,30,-2.2,59.74,-9,0.4,0
2012,12,29,8,30,-0.7000000000000001,55.46,-8.5,0.5,53
2012,12,29,9,30,2.4000000000000004,44.34,-8.5,0.7000000000000001,174
2012,12,29,10,30,6,33.87,-8.700000000000001,1,371
2012,12,29,11,30,8,28.55,-9.200000000000001,1.4000000000000001,535
2012,12,29,12,30,9,26.55,-9.200000000000001,1.6,641
2012,12,29,13,30,9.600000000000001,25.25,-9.4,1.8,631
2012,12,29,14,30,9.700000000000001,24.85,-9.5,2,554
2012,12,29,15,30,9.200000000000001,25.51,-9.600000000000001,2,417
2012,12,29,16,30,6.5,32.24,-8.9,1.5,237
2012,12,29,17,30,3,48.78,-6.7,1.4000000000000001,49
2012,12,29,18,30,1.4000000000000001,48.46,-8.3,1.6,0
2012,12,29,19,30,0.8,49.02,-8.700000000000001,1.8,0
2012,12,29,20,30,0.4,49.53,-8.9,2,0
2012,12,29,21,30,0.2,49.980000000000004,-9,2.2,0
2012,12,29,22,30,0,50.75,-9,2.4000000000000004,0
2012,12,29,23,30,-0.1,51.11,-9,2.5,0
2012,12,30,0,30,-0.2,51.95,-8.9,2.5,0
2012,12,30,1,30,-0.4,53.44,-8.700000000000001,2.4000000000000004,0
2012,12,30,2,30,-0.7000000000000001,55.26,-8.6,2.3000000000000003,0
2012,12,30,3,30,-0.8,55.800000000000004,-8.5,2.5,0
2012,12,30,4,30,-0.9,55.82,-8.6,2.7,0
2012,12,30,5,30,-1.2000000000000002,56.4,-8.8,2.9000000000000004,0
2012,12,30,6,30,-1.4000000000000001,56.03,-9,3.1,0
2012,12,30,7,30,-0.8,52.53,-9.3,3.7,0
2012,12,30,8,30,0.8,46.13,-9.5,4.4,27
2012,12,30,9,30,2.7,39.94,-9.600000000000001,5.800000000000001,36
2012,12,30,10,30,4.3,34.01,-10.200000000000001,6.9,141
2012,12,30,11,30,5.2,31.1,-10.5,7,183
2012,12,30,12,30,5.9,30.060000000000002,-10.4,6.7,198
2012,12,30,13,30,6.7,30.6,-9.4,6.2,275
2012,12,30,14,30,7.1000000000000005,32.53,-8.3,5.800000000000001,301
2012,12,30,15,30,7.1000000000000005,35.19,-7.300000000000001,5.4,217
2012,12,30,16,30,6.300000000000001,40.08,-6.300000000000001,4.7,160
2012,12,30,17,30,4.9,47.95,-5.2,4.4,22
2012,12,30,18,30,3.7,56.25,-4.2,4.3,0
2012,12,30,19,30,3,64.56,-3,3.8000000000000003,0
2012,12,30,20,30,2.7,71.4,-2,3.5,0
2012,12,30,21,30,2.5,76.95,-1.1,3.7,0
2012,12,30,22,30,2.5,80.65,-0.5,4.2,0
2012,12,30,23,30,2.9000000000000004,83.22,0.30000000000000004,5,0
2012,12,31,0,30,3.5,86.73,1.5,5.7,0
2012,12,31,1,30,3.9000000000000004,89.77,2.4000000000000004,5.9,0
2012,12,31,2,30,4,92.61,2.9000000000000004,5.9,0
2012,12,31,3,30,3.9000000000000004,94.77,3.1,5.800000000000001,0
2012,12,31,4,30,3.8000000000000003,95.88,3.2,5.4,0
2012,12,31,5,30,3.7,96.86,3.2,5.2,0
2012,12,31,6,30,3.8000000000000003,96.60000000000001,3.3000000000000003,5.2,0
2012,12,31,7,30,3.8000000000000003,96.62,3.3000000000000003,5.1000000000000005,0
2012,12,31,8,30,5.1000000000000005,88.39,3.3000000000000003,5.1000000000000005,54
2012,12,31,9,30,8.200000000000001,73.75,3.8000000000000003,5.5,225
2012,12,31,10,30,11.4,57.24,3.2,6.4,369
2012,12,31,11,30,13.4,41.96,0.7000000000000001,7.2,544
2012,12,31,12,30,14.200000000000001,33.87,-1.5,7.300000000000001,631
2012,12,31,13,30,14.600000000000001,30.05,-2.8000000000000003,7.2,621
2012,12,31,14,30,14.600000000000001,28.6,-3.4000000000000004,6.9,546
2012,12,31,15,30,14,28.75,-3.9000000000000004,6.2,350
2012,12,31,16,30,11.600000000000001,32.94,-4.2,4.3,174
2012,12,31,17,30,8.3,43.18,-3.5,2.7,28
2012,12,31,18,30,13,42.65,0.6000000000000001,1.9000000000000001,0
2012,12,31,19,30,12.4,41.95,-0.2,2.5,0
2012,12,31,20,30,12,39.42,-1.4000000000000001,4,0
2012,12,31,21,30,10.8,38.11,-2.9000000000000004,5.7,0
2012,12,31,22,30,8.8,37.97,-4.800000000000001,6.6000000000000005,0
2012,12,31,23,30,6.5,36.5,-7.300000000000001,6.300000000000001,0
