Source,Location ID,City,State,Country,Latitude,Longitude,Time Zone,Elevation,Local Time Zone,Clearsky DHI Units,Clearsky DNI Units,Clearsky GHI Units,Dew Point Units,DHI Units,DNI Units,GHI Units,Solar Zenith Angle Units,Temperature Units,Pressure Units,Relative Humidity Units,Precipitable Water Units,Wind Direction Units,Wind Speed Units,Cloud Type -15,Cloud Type 0,Cloud Type 1,Cloud Type 2,Cloud Type 3,Cloud Type 4,Cloud Type 5,Cloud Type 6,Cloud Type 7,Cloud Type 8,Cloud Type 9,Cloud Type 10,Cloud Type 11,Cloud Type 12,Fill Flag 0,Fill Flag 1,Fill Flag 2,Fill Flag 3,Fill Flag 4,Fill Flag 5,Surface Albedo Units,Version
NSRDB,694093,-,-,-,31.53,-97.14,-6,143,-6,w/m2,w/m2,w/m2,c,w/m2,w/m2,w/m2,Degree,c,mbar,%,cm,Degrees,m/s,N/A,Clear,Probably Clear,Fog,Water,Super-Cooled Water,Mixed,Opaque Ice,Cirrus,Overlapping,Overshooting,Unknown,Dust,Smoke,N/A,Missing Image,Low Irradiance,Exceeds Clearsky,Missing CLoud Properties,Rayleigh Violation,N/A,4.0.1
Year,Month,Day,Hour,Minute,Temperature,GHI,Relative Humidity,Wind Speed,Dew Point
2013,1,1,0,30,8.200000000000001,0,96.99000000000001,3.5,7.800000000000001
2013,1,1,1,30,7.800000000000001,0,96.27,3.7,7.2
2013,1,1,2,30,7.5,0,95.61,3.5,6.800000000000001
2013,1,1,3,30,7.2,0,95.64,3.3000000000000003,6.6000000000000005
2013,1,1,4,30,7,0,95.05,3.3000000000000003,6.300000000000001
2013,1,1,5,30,6.7,0,94.38,3.3000000000000003,5.9
2013,1,1,6,30,6.300000000000001,0,94.33,3.2,5.5
2013,1,1,7,30,6,0,93.21000000000001,3.4000000000000004,5
2013,1,1,8,30,5.800000000000001,25,89.17,3.9000000000000004,4.2
2013,1,1,9,30,5.9,103,82.36,4.3,3.1
2013,1,1,10,30,6.5,115,75.74,4.4,2.5
2013,1,1,11,30,7.300000000000001,201,68.9,4.4,2
2013,1,1,12,30,8.1,312,62.39,4.4,1.3
2013,1,1,13,30,8.9,289,57.1,4.3,0.9
2013,1,1,14,30,9.1,288,54.81,4.2,0.5
2013,1,1,15,30,8.700000000000001,164,54.74,3.8000000000000003,0.1
2013,1,1,16,30,6.9,98,60.57,2.8000000000000003,-0.2
2013,1,1,17,30,5,0,71.5,2.1,0.30000000000000004
2013,1,1,18,30,4.3,0,72.94,2.6,-0.1
2013,1,1,19,30,3.7,0,73.19,2.8000000000000003,-0.7000000000000001
2013,1,1,20,30,2.9000000000000004,0,75.9,2.9000000000000004,-0.9
2013,1,1,21,30,2.3000000000000003,0,77.36,3,-1.3
2013,1,1,22,30,1.9000000000000001,0,77.44,3,-1.6
2013,1,1,23,30,1.4000000000000001,0,78.39,2.7,-1.9000000000000001
2013,1,2,0,30,1,0,79.37,2.4000000000000004,-2.2
2013,1,2,1,30,0.7000000000000001,0,80.18,2.2,-2.3000000000000003
2013,1,2,2,30,0.5,0,80.25,2.2,-2.5
2013,1,2,3,30,0.30000000000000004,0,80.27,2.1,-2.7
2013,1,2,4,30,0.1,0,80.74,2.1,-2.8000000000000003
2013,1,2,5,30,0,0,80.67,2.2,-2.9000000000000004
2013,1,2,6,30,-0.1,0,80.48,2.2,-3.1
2013,1,2,7,30,0.1,0,78.8,2.4000000000000004,-3.1
2013,1,2,8,30,1,56,73.19,2.8000000000000003,-3.3000000000000003
2013,1,2,9,30,2,189,66.2,3,-3.6
2013,1,2,10,30,2.8000000000000003,271,61.11,3.1,-4
2013,1,2,11,30,3.4000000000000004,369,58.02,3,-4.1000000000000005
2013,1,2,12,30,3.9000000000000004,406,55.71,3,-4.2
2013,1,2,13,30,4.3,268,53.84,3,-4.2
2013,1,2,14,30,4.5,272,52.800000000000004,2.8000000000000003,-4.3
2013,1,2,15,30,4.4,193,53.2,2.3000000000000003,-4.3
2013,1,2,16,30,3.3000000000000003,102,60.94,1.4000000000000001,-3.5
2013,1,2,17,30,2.1,0,76.11,0.9,-1.7000000000000002
2013,1,2,18,30,1.8,0,75.49,0.9,-2.1
2013,1,2,19,30,1.7000000000000002,0,74.10000000000001,0.9,-2.4000000000000004
2013,1,2,20,30,1.4000000000000001,0,73.79,0.9,-2.8000000000000003
2013,1,2,21,30,1,0,73.54,0.9,-3.2
2013,1,2,22,30,0.30000000000000004,0,75.55,1,-3.5
2013,1,2,23,30,-0.5,0,78.28,1.1,-3.8000000000000003
2013,1,3,0,30,-1.3,0,80.88,1.2000000000000002,-4.2
2013,1,3,1,30,-2,0,82.75,1.2000000000000002,-4.5
2013,1,3,2,30,-2.5,0,84.37,1.2000000000000002,-4.800000000000001
2013,1,3,3,30,-2.7,0,84.84,1.3,-4.9
2013,1,3,4,30,-2.7,0,84.53,1.5,-4.9
2013,1,3,5,30,-2.6,0,84.09,1.8,-4.9
2013,1,3,6,30,-2.5,0,84,2.1,-4.800000000000001
2013,1,3,7,30,-1.3,0,78.36,2.8000000000000003,-4.6000000000000005
2013,1,3,8,30,1.2000000000000002,158,69.41,3.3000000000000003,-3.8000000000000003
2013,1,3,9,30,4.6000000000000005,243,59.28,3.6,-2.7
2013,1,3,10,30,7.6000000000000005,493,48.88,4.2,-2.5
2013,1,3,11,30,9.1,590,42.89,4.1000000000000005,-2.9000000000000004
2013,1,3,12,30,10,443,39.18,3.9000000000000004,-3.3000000000000003
2013,1,3,13,30,10.4,243,37.18,3.7,-3.6
2013,1,3,14,30,10.100000000000001,81,37.4,3.6,-3.8000000000000003
2013,1,3,15,30,9.3,95,39.39,3.2,-3.8000000000000003
2013,1,3,16,30,7.2,42,47.94,2.2,-3.1
2013,1,3,17,30,5.1000000000000005,3,65.03,1.5,-0.9
2013,1,3,18,30,4.3,0,69.87,1.4000000000000001,-0.7000000000000001
2013,1,3,19,30,3.8000000000000003,0,72.25,1.4000000000000001,-0.7000000000000001
2013,1,3,20,30,3.1,0,74.81,1.4000000000000001,-0.9
2013,1,3,21,30,2.6,0,76.25,1.3,-1.2000000000000002
2013,1,3,22,30,2.3000000000000003,0,77.76,1.2000000000000002,-1.2000000000000002
2013,1,3,23,30,1.9000000000000001,0,79.27,1.3,-1.3
2013,1,4,0,30,1.6,0,79.78,1.3,-1.5
2013,1,4,1,30,1.5,0,80.2,1.3,-1.5
2013,1,4,2,30,1.4000000000000001,0,81.52,1.3,-1.4000000000000001
2013,1,4,3,30,1.1,0,82.73,1.4000000000000001,-1.5
2013,1,4,4,30,0.9,0,83.36,1.3,-1.6
2013,1,4,5,30,1.1,0,82.93,1.1,-1.5
2013,1,4,6,30,1.5,0,84.87,0.9,-0.8
2013,1,4,7,30,2.5,0,81.03,1.1,-0.4
2013,1,4,8,30,4.3,31,75.67,1.7000000000000002,0.4
2013,1,4,9,30,6.1000000000000005,54,68,2.3000000000000003,0.6000000000000001
2013,1,4,10,30,7.7,282,58.17,2.5,0
2013,1,4,11,30,9,388,49.35,2.2,-1.1
2013,1,4,12,30,9.9,622,45.25,1.7000000000000002,-1.4000000000000001
2013,1,4,13,30,10.4,382,44.25,1.2000000000000002,-1.3
2013,1,4,14,30,10.4,230,44.97,1,-1
2013,1,4,15,30,9.8,151,47.42,1,-0.9
2013,1,4,16,30,8.3,92,55.28,0.9,-0.1
2013,1,4,17,30,6.800000000000001,5,72.33,0.8,2.2
2013,1,4,18,30,6.4,0,73.87,0.8,2.1
2013,1,4,19,30,6.300000000000001,0,76.71000000000001,0.7000000000000001,2.5
2013,1,4,20,30,6.2,0,77.52,0.6000000000000001,2.6
2013,1,4,21,30,6.1000000000000005,0,76.79,0.5,2.3000000000000003
2013,1,4,22,30,5.800000000000001,0,77.48,0.5,2.2
2013,1,4,23,30,5.300000000000001,0,81.74,0.6000000000000001,2.4000000000000004
2013,1,5,0,30,4.9,0,86.14,0.6000000000000001,2.8000000000000003
2013,1,5,1,30,4.7,0,88.78,0.6000000000000001,3
2013,1,5,2,30,4.5,0,89.2,0.5,2.9000000000000004
2013,1,5,3,30,4.3,0,89.63,0.5,2.7
2013,1,5,4,30,4.1000000000000005,0,89.59,0.4,2.5
2013,1,5,5,30,3.7,0,90.25,0.4,2.3000000000000003
2013,1,5,6,30,3.3000000000000003,0,91.88,0.4,2.1
2013,1,5,7,30,3.9000000000000004,0,87.62,0.6000000000000001,2
2013,1,5,8,30,5.7,148,82,1.1,2.9000000000000004
2013,1,5,9,30,7.6000000000000005,333,73.74,1.6,3.2
2013,1,5,10,30,9.200000000000001,488,65.62,1.8,3.1
2013,1,5,11,30,10.700000000000001,595,57.68,1.8,2.7
2013,1,5,12,30,12,638,51.9,1.9000000000000001,2.4000000000000004
2013,1,5,13,30,12.8,613,48.71,1.8,2.3000000000000003
2013,1,5,14,30,13.100000000000001,520,47.18,1.6,2.1
2013,1,5,15,30,12.600000000000001,374,48.32,1.2000000000000002,2
2013,1,5,16,30,10.8,189,61.120000000000005,0.7000000000000001,3.6
2013,1,5,17,30,8.8,18,66.69,0.8,2.9000000000000004
2013,1,5,18,30,7.300000000000001,0,70.26,1,2.2
2013,1,5,19,30,5.800000000000001,0,77.86,1.1,2.2
2013,1,5,20,30,4.5,0,85.42,1.2000000000000002,2.3000000000000003
2013,1,5,21,30,3.6,0,92.01,1.2000000000000002,2.4000000000000004
2013,1,5,22,30,3,0,96.9,1.2000000000000002,2.6
2013,1,5,23,30,2.4000000000000004,0,100,1.2000000000000002,2.4000000000000004
2013,1,6,0,30,1.8,0,100,1.2000000000000002,1.8
2013,1,6,1,30,1.4000000000000001,0,100,1.3,1.4000000000000001
2013,1,6,2,30,1.1,0,100,1.5,1.1
2013,1,6,3,30,0.9,0,96.65,1.8,0.4
2013,1,6,4,30,0.7000000000000001,0,91.5,2.1,-0.5
2013,1,6,5,30,0.2,0,88.27,2.5,-1.5
2013,1,6,6,30,-0.4,0,87.03,2.9000000000000004,-2.3000000000000003
2013,1,6,7,30,0.1,0,80.89,3.5,-2.8000000000000003
2013,1,6,8,30,2.2,165,69.88,3.6,-2.7
2013,1,6,9,30,5.7,356,57.79,3.4000000000000004,-2
2013,1,6,10,30,9.600000000000001,513,46.72,3.9000000000000004,-1.3
2013,1,6,11,30,12.4,616,37.22,4.1000000000000005,-1.8
2013,1,6,12,30,13.8,651,32.55,4,-2.4000000000000004
2013,1,6,13,30,14.5,627,30.26,4,-2.8000000000000003
2013,1,6,14,30,14.5,533,29.53,3.9000000000000004,-3.1
2013,1,6,15,30,13.4,383,30.89,3.1,-3.4000000000000004
2013,1,6,16,30,9.9,196,44.39,1.9000000000000001,-1.7000000000000002
2013,1,6,17,30,6.5,20,62.7,1.5,-0.1
2013,1,6,18,30,5.2,0,64.28,1.5,-1
2013,1,6,19,30,4.4,0,65.73,1.5,-1.5
2013,1,6,20,30,3.6,0,67.67,1.4000000000000001,-1.8
2013,1,6,21,30,2.9000000000000004,0,69.42,1.4000000000000001,-2.1
2013,1,6,22,30,2.3000000000000003,0,70.82000000000001,1.4000000000000001,-2.5
2013,1,6,23,30,1.8,0,71.83,1.3,-2.7
2013,1,7,0,30,1.3,0,72.91,1.3,-3
2013,1,7,1,30,0.9,0,73.65,1.2000000000000002,-3.3000000000000003
2013,1,7,2,30,0.2,0,76.49,1.2000000000000002,-3.4000000000000004
2013,1,7,3,30,-0.6000000000000001,0,80.87,1.3,-3.5
2013,1,7,4,30,-0.9,0,83.14,1.3,-3.4000000000000004
2013,1,7,5,30,-0.9,0,84.78,1.2000000000000002,-3.1
2013,1,7,6,30,-0.9,0,86.41,1.1,-2.9000000000000004
2013,1,7,7,30,0.7000000000000001,0,78.53,1.4000000000000001,-2.6
2013,1,7,8,30,3.6,91,69.3,1.8,-1.5
2013,1,7,9,30,6.4,283,58.63,1.8,-1.1
2013,1,7,10,30,9.3,463,52.1,2.3000000000000003,0
2013,1,7,11,30,11.100000000000001,467,46.78,2.7,0.1
2013,1,7,12,30,11.8,510,43.84,2.5,-0.1
2013,1,7,13,30,12,489,42.56,2.3000000000000003,-0.30000000000000004
2013,1,7,14,30,11.700000000000001,430,42.83,2.2,-0.5
2013,1,7,15,30,10.5,300,47.980000000000004,1.5,-0.1
2013,1,7,16,30,8.4,96,69.10000000000001,1.1,3.1
2013,1,7,17,30,7,9,73.17,1.2000000000000002,2.5
2013,1,7,18,30,6.5,0,74.21000000000001,1.2000000000000002,2.2
2013,1,7,19,30,6.300000000000001,0,75.01,1.3,2.2
2013,1,7,20,30,6.1000000000000005,0,76.4,1.4000000000000001,2.3000000000000003
2013,1,7,21,30,6.1000000000000005,0,77.13,1.5,2.4000000000000004
2013,1,7,22,30,6.1000000000000005,0,78.32000000000001,1.5,2.6
2013,1,7,23,30,6,0,80.51,1.4000000000000001,2.9000000000000004
2013,1,8,0,30,6,0,82.24,1.2000000000000002,3.2
2013,1,8,1,30,6.1000000000000005,0,84.01,1.1,3.6
2013,1,8,2,30,6.1000000000000005,0,86.21000000000001,0.9,4
2013,1,8,3,30,6,0,88.99,0.9,4.3
2013,1,8,4,30,5.9,0,91.27,0.9,4.6000000000000005
2013,1,8,5,30,5.9,0,92.53,1.1,4.800000000000001
2013,1,8,6,30,6.2,0,92.71000000000001,1.5,5.1000000000000005
2013,1,8,7,30,6.9,0,91.35000000000001,2.2,5.6000000000000005
2013,1,8,8,30,7.800000000000001,24,89.94,2.6,6.300000000000001
2013,1,8,9,30,8.9,43,88.68,2.5,7.1000000000000005
2013,1,8,10,30,10,63,88.08,2.2,8.1
2013,1,8,11,30,10.8,72,87.23,2.1,8.8
2013,1,8,12,30,11.700000000000001,66,84.43,2.7,9.200000000000001
2013,1,8,13,30,12.200000000000001,25,84.17,3.2,9.600000000000001
2013,1,8,14,30,11.9,120,87.04,3.3000000000000003,9.8
2013,1,8,15,30,11,26,93,2.9000000000000004,9.9
2013,1,8,16,30,10.100000000000001,4,98.61,2.3000000000000003,9.9
2013,1,8,17,30,9.600000000000001,2,98.88,2.2,9.4
2013,1,8,18,30,9.5,0,97.96000000000001,2.8000000000000003,9.200000000000001
2013,1,8,19,30,9.5,0,97.06,3.5,9.1
2013,1,8,20,30,9.3,0,97.75,3.9000000000000004,9
2013,1,8,21,30,9.1,0,98.05,3.9000000000000004,8.8
2013,1,8,22,30,9,0,97.42,3.7,8.6
2013,1,8,23,30,8.8,0,97.8,3.2,8.5
2013,1,9,0,30,8.700000000000001,0,97.17,3.4000000000000004,8.3
2013,1,9,1,30,8.8,0,97.15,4.3,8.4
2013,1,9,2,30,8.9,0,96.65,4.2,8.4
2013,1,9,3,30,8.9,0,96.51,3.5,8.4
2013,1,9,4,30,9,0,96.09,3.5,8.4
2013,1,9,5,30,9.3,0,95.22,4,8.6
2013,1,9,6,30,9.5,0,95.39,4.1000000000000005,8.8
2013,1,9,7,30,9.9,0,94.51,4.2,9.1
2013,1,9,8,30,10.700000000000001,14,93.28,4.1000000000000005,9.700000000000001
2013,1,9,9,30,11.8,15,92.49,4.1000000000000005,10.600000000000001
2013,1,9,10,30,13.100000000000001,88,91.05,4,11.700000000000001
2013,1,9,11,30,14.4,95,90.58,3.7,12.9
2013,1,9,12,30,15.4,122,91.13,3.8000000000000003,14
2013,1,9,13,30,16,62,91.35000000000001,3.9000000000000004,14.600000000000001
2013,1,9,14,30,16.3,59,93.65,2.9000000000000004,15.3
2013,1,9,15,30,15.700000000000001,48,99.65,1.7000000000000002,15.600000000000001
2013,1,9,16,30,14.600000000000001,56,100,1.4000000000000001,14.600000000000001
2013,1,9,17,30,13.600000000000001,4,100,1.3,13.600000000000001
2013,1,9,18,30,12.9,0,100,1.3,12.9
2013,1,9,19,30,12.600000000000001,0,100,1,12.600000000000001
2013,1,9,20,30,12.4,0,100,0.9,12.4
2013,1,9,21,30,11.700000000000001,0,100,1.6,11.700000000000001
2013,1,9,22,30,11,0,100,2.6,11
2013,1,9,23,30,10.3,0,100,2.9000000000000004,10.3
2013,1,10,0,30,9.5,0,100,2.4000000000000004,9.5
2013,1,10,1,30,9.200000000000001,0,100,1.8,9.200000000000001
2013,1,10,2,30,9.4,0,100,1.8,9.4
2013,1,10,3,30,9.8,0,100,2.3000000000000003,9.8
2013,1,10,4,30,9.9,0,100,2.7,9.9
2013,1,10,5,30,9.600000000000001,0,100,2.6,9.600000000000001
2013,1,10,6,30,9,0,100,2.3000000000000003,9
2013,1,10,7,30,9,0,97.62,2.8000000000000003,8.6
2013,1,10,8,30,10.100000000000001,151,90.61,3.7,8.6
2013,1,10,9,30,11.600000000000001,336,81.21000000000001,4.3,8.5
2013,1,10,10,30,13.200000000000001,351,67.65,4.9,7.300000000000001
2013,1,10,11,30,14.4,373,57.78,5.2,6.2
2013,1,10,12,30,15.3,176,53.38,5.1000000000000005,5.9
2013,1,10,13,30,16,238,51.93,4.6000000000000005,6.1000000000000005
2013,1,10,14,30,16.3,145,52.27,3.9000000000000004,6.5
2013,1,10,15,30,15.700000000000001,319,55.550000000000004,2.7,6.800000000000001
2013,1,10,16,30,13.200000000000001,99,73.66,1.6,8.6
2013,1,10,17,30,10.700000000000001,24,84.35000000000001,1.4000000000000001,8.200000000000001
2013,1,10,18,30,9.8,0,83.83,1.6,7.2
2013,1,10,19,30,9.5,0,83.65,1.9000000000000001,6.9
2013,1,10,20,30,9.3,0,83.58,2.1,6.7
2013,1,10,21,30,9,0,84.7,2.4000000000000004,6.6000000000000005
2013,1,10,22,30,8.5,0,87.35000000000001,2.5,6.5
2013,1,10,23,30,7.9,0,90.79,2.5,6.5
2013,1,11,0,30,7.2,0,94.65,2.5,6.4
2013,1,11,1,30,6.7,0,97.4,2.6,6.300000000000001
2013,1,11,2,30,6.300000000000001,0,99.28,2.7,6.2
2013,1,11,3,30,6,0,99.96000000000001,2.6,6
2013,1,11,4,30,6.2,0,97.60000000000001,2.7,5.800000000000001
2013,1,11,5,30,6.300000000000001,0,96.87,2.7,5.800000000000001
2013,1,11,6,30,6.1000000000000005,0,98.38,2.5,5.9
2013,1,11,7,30,7.2,0,91.97,3,6
2013,1,11,8,30,9.5,93,82.19,3.5,6.6000000000000005
2013,1,11,9,30,11.9,255,74.48,3.5,7.5
2013,1,11,10,30,15.100000000000001,401,65.85,4.2,8.8
2013,1,11,11,30,18,559,58.4,5.2,9.700000000000001
2013,1,11,12,30,19.700000000000003,540,53.03,5.800000000000001,9.9
2013,1,11,13,30,20.6,601,50.85,6,10.100000000000001
2013,1,11,14,30,20.700000000000003,465,53.6,5.6000000000000005,10.9
2013,1,11,15,30,20,338,61.410000000000004,4.6000000000000005,12.4
2013,1,11,16,30,18,181,76.03,3.4000000000000004,13.700000000000001
2013,1,11,17,30,16.2,15,88.19,2.9000000000000004,14.200000000000001
2013,1,11,18,30,15.5,0,95.22,2.8000000000000003,14.700000000000001
2013,1,11,19,30,15.100000000000001,0,100,2.6,15.100000000000001
2013,1,11,20,30,14.9,0,100,2.4000000000000004,14.9
2013,1,11,21,30,15,0,100,2.6,15
2013,1,11,22,30,15,0,100,2.7,15
2013,1,11,23,30,15,0,100,2.8000000000000003,15
2013,1,12,0,30,15,0,100,2.7,15
2013,1,12,1,30,14.9,0,100,2.4000000000000004,14.9
2013,1,12,2,30,14.9,0,100,2.2,14.9
2013,1,12,3,30,15,0,100,2.1,15
2013,1,12,4,30,15.100000000000001,0,100,2.1,15.100000000000001
2013,1,12,5,30,15,0,100,1.8,15
2013,1,12,6,30,15.100000000000001,0,100,1.8,15.100000000000001
2013,1,12,7,30,16.2,0,95.54,2.3000000000000003,15.5
2013,1,12,8,30,17.900000000000002,76,91.2,3.2,16.400000000000002
2013,1,12,9,30,19.3,141,89.46000000000001,3.8000000000000003,17.5
2013,1,12,10,30,20.5,166,89.32000000000001,4.1000000000000005,18.7
2013,1,12,11,30,21.5,179,88.16,4.6000000000000005,19.5
2013,1,12,12,30,22.3,211,86.81,5.1000000000000005,20
2013,1,12,13,30,22.6,183,86.63,5.1000000000000005,20.3
2013,1,12,14,30,22.1,215,87.95,4.5,20
2013,1,12,15,30,20.5,244,91.58,3.6,19.1
2013,1,12,16,30,17.8,103,95.33,3.5,17
2013,1,12,17,30,14.600000000000001,10,92.5,4.4,13.4
2013,1,12,18,30,11.5,0,84.46000000000001,5.6000000000000005,9
2013,1,12,19,30,8.700000000000001,0,74.92,6.300000000000001,4.5
2013,1,12,20,30,6.2,0,69.42,6.6000000000000005,1
2013,1,12,21,30,4.2,0,66.95,6.4,-1.4000000000000001
2013,1,12,22,30,3,0,65.28,6.1000000000000005,-2.9000000000000004
2013,1,12,23,30,2.3000000000000003,0,66.47,5.800000000000001,-3.3000000000000003
2013,1,13,0,30,1.7000000000000002,0,68.57000000000001,5.6000000000000005,-3.5
2013,1,13,1,30,1.3,0,69.89,5.4,-3.6
2013,1,13,2,30,0.8,0,71.74,5.300000000000001,-3.7
2013,1,13,3,30,0.5,0,73.16,5.1000000000000005,-3.8000000000000003
2013,1,13,4,30,0.1,0,75.42,5,-3.7
2013,1,13,5,30,-0.2,0,76.24,5,-3.9000000000000004
2013,1,13,6,30,-0.5,0,76.24,5,-4.2
2013,1,13,7,30,0,0,71.41,5.6000000000000005,-4.6000000000000005
2013,1,13,8,30,1.3,63,62.03,6.2,-5.2
2013,1,13,9,30,3,354,51.230000000000004,6.4,-6.1000000000000005
2013,1,13,10,30,4.7,517,44.96,6.300000000000001,-6.2
2013,1,13,11,30,6.2,624,41.64,6.1000000000000005,-5.9
2013,1,13,12,30,7.4,670,39.68,5.9,-5.4
2013,1,13,13,30,8.1,645,39.54,5.6000000000000005,-4.9
2013,1,13,14,30,8.4,558,40.29,5.4,-4.3
2013,1,13,15,30,7.800000000000001,408,42.65,5,-4.1000000000000005
2013,1,13,16,30,5.9,219,48.620000000000005,3.8000000000000003,-4.1000000000000005
2013,1,13,17,30,3.4000000000000004,33,61.86,2.6,-3.2
2013,1,13,18,30,2,0,69.26,2.5,-3
2013,1,13,19,30,1.2000000000000002,0,70.84,2.7,-3.5
2013,1,13,20,30,0.6000000000000001,0,70.86,3.1,-4.1000000000000005
2013,1,13,21,30,0,0,71.43,3.5,-4.6000000000000005
2013,1,13,22,30,-0.8,0,74.09,3.7,-4.800000000000001
2013,1,13,23,30,-1.5,0,76.62,3.8000000000000003,-5.1000000000000005
2013,1,14,0,30,-2.1,0,78.86,3.8000000000000003,-5.300000000000001
2013,1,14,1,30,-2.6,0,80.52,3.7,-5.5
2013,1,14,2,30,-2.9000000000000004,0,80.89,3.7,-5.7
2013,1,14,3,30,-2.9000000000000004,0,79.22,3.8000000000000003,-6
2013,1,14,4,30,-2.7,0,76.98,3.9000000000000004,-6.2
2013,1,14,5,30,-2.4000000000000004,0,75.57000000000001,4,-6.1000000000000005
2013,1,14,6,30,-2.1,0,74.75,4,-6
2013,1,14,7,30,-1.4000000000000001,0,71.46000000000001,4.2,-5.9
2013,1,14,8,30,0,79,64.87,4.7,-5.800000000000001
2013,1,14,9,30,1.9000000000000001,127,58.06,5,-5.5
2013,1,14,10,30,3.8000000000000003,408,53.51,5,-4.800000000000001
2013,1,14,11,30,5.6000000000000005,462,50.57,4.9,-3.9000000000000004
2013,1,14,12,30,6.9,639,49.64,4.800000000000001,-2.9000000000000004
2013,1,14,13,30,7.6000000000000005,550,50.1,4.7,-2.1
2013,1,14,14,30,7.7,482,51.49,4.6000000000000005,-1.7000000000000002
2013,1,14,15,30,7.300000000000001,266,53.89,4.5,-1.4000000000000001
2013,1,14,16,30,5.6000000000000005,168,61.82,3.7,-1.2000000000000002
2013,1,14,17,30,3.6,21,74.51,2.7,-0.5
2013,1,14,18,30,2.3000000000000003,0,82.43,2.5,-0.4
2013,1,14,19,30,1.5,0,86.43,2.4000000000000004,-0.5
2013,1,14,20,30,1,0,88.19,2.5,-0.7000000000000001
2013,1,14,21,30,0.8,0,87.9,2.9000000000000004,-1
2013,1,14,22,30,0.6000000000000001,0,87.89,3.2,-1.2000000000000002
2013,1,14,23,30,0.5,0,87.52,3.5,-1.3
2013,1,15,0,30,0.7000000000000001,0,85.43,3.8000000000000003,-1.5
2013,1,15,1,30,1,0,82.37,4,-1.7000000000000002
2013,1,15,2,30,1.1,0,80.75,4.1000000000000005,-1.8
2013,1,15,3,30,0.9,0,81.17,4,-2
2013,1,15,4,30,0.6000000000000001,0,81.86,4.1000000000000005,-2.1
2013,1,15,5,30,0.30000000000000004,0,81.11,4.2,-2.6
2013,1,15,6,30,-0.1,0,81.25,4.3,-2.9000000000000004
2013,1,15,7,30,-0.2,0,79.78,4.5,-3.3000000000000003
2013,1,15,8,30,0.1,37,76.46000000000001,4.6000000000000005,-3.5
2013,1,15,9,30,0.7000000000000001,108,72.83,4.5,-3.6
2013,1,15,10,30,1.5,54,69.96000000000001,4.5,-3.4000000000000004
2013,1,15,11,30,2.4000000000000004,146,67.68,4.5,-3
2013,1,15,12,30,3.4000000000000004,107,65.14,4.7,-2.5
2013,1,15,13,30,4.1000000000000005,215,63.83,4.9,-2.1
2013,1,15,14,30,4.3,74,63.93,5,-1.9000000000000001
2013,1,15,15,30,4.1000000000000005,50,65.23,4.9,-1.8
2013,1,15,16,30,3.3000000000000003,45,69.17,4.2,-1.8
2013,1,15,17,30,2.4000000000000004,20,74.09,3.6,-1.7000000000000002
2013,1,15,18,30,1.7000000000000002,0,76.74,3.4000000000000004,-1.9000000000000001
2013,1,15,19,30,0.6000000000000001,0,80.9,2.9000000000000004,-2.3000000000000003
2013,1,15,20,30,-0.5,0,84.11,2.4000000000000004,-2.9000000000000004
2013,1,15,21,30,-1.3,0,85.01,2.3000000000000003,-3.5
2013,1,15,22,30,-1.8,0,83.93,2.6,-4.2
2013,1,15,23,30,-2.3000000000000003,0,82.9,2.8000000000000003,-4.800000000000001
2013,1,16,0,30,-2.9000000000000004,0,82.7,2.7,-5.4
2013,1,16,1,30,-3.5,0,82.85000000000001,2.5,-6
2013,1,16,2,30,-3.9000000000000004,0,82.34,2.4000000000000004,-6.5
2013,1,16,3,30,-4.2,0,82,2.4000000000000004,-6.800000000000001
2013,1,16,4,30,-4.4,0,81.86,2.3000000000000003,-7
2013,1,16,5,30,-4.5,0,81.59,2.3000000000000003,-7.2
2013,1,16,6,30,-4.3,0,79.97,2.4000000000000004,-7.2
2013,1,16,7,30,-2.8000000000000003,0,71.98,2.9000000000000004,-7.1000000000000005
2013,1,16,8,30,0.2,167,61.120000000000005,3,-6.4
2013,1,16,9,30,3.5,362,49.4,3,-6.1000000000000005
2013,1,16,10,30,5.9,523,39.11,2.9000000000000004,-7
2013,1,16,11,30,7.4,632,36.38,2.7,-6.6000000000000005
2013,1,16,12,30,8.5,676,35.34,2.8000000000000003,-6
2013,1,16,13,30,9.1,652,35.04,3,-5.6000000000000005
2013,1,16,14,30,9.3,565,34.9,3.2,-5.4
2013,1,16,15,30,8.700000000000001,416,36.300000000000004,2.6,-5.5
2013,1,16,16,30,6.300000000000001,226,50.53,1.6,-3.2
2013,1,16,17,30,4.1000000000000005,39,62.65,1.3,-2.4000000000000004
2013,1,16,18,30,3.8000000000000003,0,54.9,1.2000000000000002,-4.4
2013,1,16,19,30,3.7,0,51.97,1.2000000000000002,-5.300000000000001
2013,1,16,20,30,3.2,0,51.86,1.2000000000000002,-5.800000000000001
2013,1,16,21,30,2.3000000000000003,0,54.25,1.3,-6
2013,1,16,22,30,1.1,0,59.34,1.4000000000000001,-6
2013,1,16,23,30,0.1,0,64.98,1.5,-5.7
2013,1,17,0,30,-0.4,0,68.36,1.6,-5.5
2013,1,17,1,30,-0.5,0,69.43,1.8,-5.4
2013,1,17,2,30,-0.5,0,70.81,2.2,-5.1000000000000005
2013,1,17,3,30,-0.4,0,73.43,2.4000000000000004,-4.6000000000000005
2013,1,17,4,30,-0.5,0,78.67,2.5,-3.8000000000000003
2013,1,17,5,30,-0.6000000000000001,0,84.54,2.5,-2.9000000000000004
2013,1,17,6,30,-0.6000000000000001,0,89.4,2.6,-2.1
2013,1,17,7,30,0.8,0,85.19,3.1,-1.4000000000000001
2013,1,17,8,30,3.6,166,75.41,3.3000000000000003,-0.30000000000000004
2013,1,17,9,30,7.1000000000000005,357,65.03,3,1
2013,1,17,10,30,10.9,517,55.79,3.2,2.4000000000000004
2013,1,17,11,30,13.700000000000001,625,47.21,3.4000000000000004,2.6
2013,1,17,12,30,15.200000000000001,669,42.03,3.6,2.4000000000000004
2013,1,17,13,30,15.700000000000001,645,40.77,3.7,2.4000000000000004
2013,1,17,14,30,15.700000000000001,556,40.83,3.8000000000000003,2.4000000000000004
2013,1,17,15,30,14.600000000000001,410,43.660000000000004,3,2.4000000000000004
2013,1,17,16,30,11.4,226,61.300000000000004,1.9000000000000001,4.2
2013,1,17,17,30,8.1,40,75.22,1.7000000000000002,4
2013,1,17,18,30,6.7,0,76.96000000000001,1.8,2.9000000000000004
2013,1,17,19,30,5.9,0,78.49,1.7000000000000002,2.4000000000000004
2013,1,17,20,30,5.2,0,79.45,1.7000000000000002,1.9000000000000001
2013,1,17,21,30,4.4,0,80.89,1.6,1.4000000000000001
2013,1,17,22,30,3.7,0,81.88,1.5,0.9
2013,1,17,23,30,3.1,0,82.57000000000001,1.5,0.4
2013,1,18,0,30,2.5,0,83.59,1.4000000000000001,0
2013,1,18,1,30,1.8,0,85.67,1.4000000000000001,-0.30000000000000004
2013,1,18,2,30,1.2000000000000002,0,87.72,1.4000000000000001,-0.6000000000000001
2013,1,18,3,30,0.7000000000000001,0,90.23,1.4000000000000001,-0.7000000000000001
2013,1,18,4,30,0.2,0,93.69,1.3,-0.7000000000000001
2013,1,18,5,30,-0.2,0,97.08,1.3,-0.6000000000000001
2013,1,18,6,30,-0.30000000000000004,0,99.11,1.2000000000000002,-0.4
2013,1,18,7,30,1.6,0,88.55,1.6,-0.1
2013,1,18,8,30,4.800000000000001,168,76.59,2,1
2013,1,18,9,30,8.200000000000001,362,65.87,2,2.2
2013,1,18,10,30,12.100000000000001,521,56.94,3,3.8000000000000003
2013,1,18,11,30,14.600000000000001,629,46.300000000000004,3.6,3.2
2013,1,18,12,30,15.600000000000001,674,42.53,3.3000000000000003,2.9000000000000004
2013,1,18,13,30,16.1,650,41.03,3,2.8000000000000003
2013,1,18,14,30,16.2,561,40.62,2.7,2.8000000000000003
2013,1,18,15,30,15.200000000000001,414,43.230000000000004,2,2.8000000000000003
2013,1,18,16,30,12.100000000000001,228,65.15,1.4000000000000001,5.7
2013,1,18,17,30,8.9,42,76.21000000000001,1.4000000000000001,4.9
2013,1,18,18,30,7.7,0,76.41,1.7000000000000002,3.8000000000000003
2013,1,18,19,30,7.2,0,77.78,1.9000000000000001,3.6
2013,1,18,20,30,6.800000000000001,0,79.09,2.1,3.4000000000000004
2013,1,18,21,30,6.300000000000001,0,81.38,2.3000000000000003,3.3000000000000003
2013,1,18,22,30,5.800000000000001,0,83.85000000000001,2.5,3.3000000000000003
2013,1,18,23,30,5.300000000000001,0,86.57000000000001,2.6,3.2
2013,1,19,0,30,4.800000000000001,0,89.68,2.6,3.2
2013,1,19,1,30,4.1000000000000005,0,94.29,2.4000000000000004,3.3000000000000003
2013,1,19,2,30,3.5,0,98.60000000000001,2.2,3.3000000000000003
2013,1,19,3,30,3.2,0,100,2.2,3.2
2013,1,19,4,30,3.3000000000000003,0,99.81,2.4000000000000004,3.3000000000000003
2013,1,19,5,30,3.3000000000000003,0,99.61,2.4000000000000004,3.2
2013,1,19,6,30,3.4000000000000004,0,99.28,2.4000000000000004,3.3000000000000003
2013,1,19,7,30,4,0,94.81,2.4000000000000004,3.2
2013,1,19,8,30,5.2,117,88.32000000000001,2.6,3.4000000000000004
2013,1,19,9,30,7.4,305,80.55,3,4.3
2013,1,19,10,30,10.3,421,72.42,3.6,5.6000000000000005
2013,1,19,11,30,13.3,477,62.190000000000005,4.1000000000000005,6.2
2013,1,19,12,30,15.8,535,52.7,4.3,6.2
2013,1,19,13,30,17.2,423,46.910000000000004,4.1000000000000005,5.800000000000001
2013,1,19,14,30,17.6,419,46,3.6,5.800000000000001
2013,1,19,15,30,16.7,331,49.870000000000005,2.5,6.2
2013,1,19,16,30,13.700000000000001,197,71.69,1.6,8.700000000000001
2013,1,19,17,30,10.8,43,80.75,1.6,7.6000000000000005
2013,1,19,18,30,9.700000000000001,0,81.92,1.7000000000000002,6.800000000000001
2013,1,19,19,30,9.1,0,84.39,1.8,6.6000000000000005
2013,1,19,20,30,8.5,0,87.12,1.7000000000000002,6.5
2013,1,19,21,30,7.800000000000001,0,90.36,1.7000000000000002,6.300000000000001
2013,1,19,22,30,7.1000000000000005,0,94.33,1.6,6.2
2013,1,19,23,30,6.5,0,98.34,1.6,6.300000000000001
2013,1,20,0,30,5.9,0,100,1.6,5.9
2013,1,20,1,30,5.300000000000001,0,100,1.6,5.300000000000001
2013,1,20,2,30,4.7,0,100,1.4000000000000001,4.7
2013,1,20,3,30,4.3,0,100,1.3,4.3
2013,1,20,4,30,4,0,100,1.3,4
2013,1,20,5,30,3.9000000000000004,0,100,1.2000000000000002,3.9000000000000004
2013,1,20,6,30,4,0,100,1.1,4
2013,1,20,7,30,5.6000000000000005,0,87.54,1.2000000000000002,3.7
2013,1,20,8,30,8.3,169,74.62,1.2000000000000002,4.1000000000000005
2013,1,20,9,30,11.4,363,63.11,1.2000000000000002,4.6000000000000005
2013,1,20,10,30,14.8,523,53.36,1.8,5.4
2013,1,20,11,30,17.7,632,45.86,2.6,5.9
2013,1,20,12,30,19.700000000000003,676,40.49,3.2,5.9
2013,1,20,13,30,20.6,653,38.82,3.4000000000000004,6.1000000000000005
2013,1,20,14,30,20.700000000000003,565,39.18,3.2,6.300000000000001
2013,1,20,15,30,19.6,418,43.15,2.2,6.7
2013,1,20,16,30,16.400000000000002,232,69.49,1.4000000000000001,10.8
2013,1,20,17,30,13.5,45,74.22,1.4000000000000001,9
2013,1,20,18,30,12.200000000000001,0,74.76,1.5,7.9
2013,1,20,19,30,11.4,0,78.60000000000001,1.6,7.800000000000001
2013,1,20,20,30,10.5,0,83.43,1.6,7.800000000000001
2013,1,20,21,30,9.700000000000001,0,88.48,1.7000000000000002,7.9
2013,1,20,22,30,9,0,93.31,1.7000000000000002,8
2013,1,20,23,30,8.4,0,97.26,1.7000000000000002,8
2013,1,21,0,30,7.9,0,100,1.7000000000000002,7.9
2013,1,21,1,30,7.300000000000001,0,100,1.6,7.300000000000001
2013,1,21,2,30,6.800000000000001,0,100,1.5,6.800000000000001
2013,1,21,3,30,6.4,0,100,1.4000000000000001,6.4
2013,1,21,4,30,6,0,100,1.4000000000000001,6
2013,1,21,5,30,5.6000000000000005,0,97.19,1.7000000000000002,5.2
2013,1,21,6,30,5.300000000000001,0,95.88,2.2,4.7
2013,1,21,7,30,6.2,0,89.57000000000001,3.1,4.6000000000000005
2013,1,21,8,30,8.1,168,79.79,3.9000000000000004,4.800000000000001
2013,1,21,9,30,10.4,362,70.52,4,5.300000000000001
2013,1,21,10,30,12.5,524,63.51,4.2,5.800000000000001
2013,1,21,11,30,14.100000000000001,634,59.02,4.1000000000000005,6.2
2013,1,21,12,30,15.3,682,56.08,3.8000000000000003,6.6000000000000005
2013,1,21,13,30,15.9,656,54.68,3.4000000000000004,6.800000000000001
2013,1,21,14,30,16,568,54.5,3,6.800000000000001
2013,1,21,15,30,15.4,422,56.53,2.4000000000000004,6.800000000000001
2013,1,21,16,30,12.9,236,68.75,1.5,7.300000000000001
2013,1,21,17,30,10,48,86.02,1.2000000000000002,7.800000000000001
2013,1,21,18,30,8.6,0,85.88,1.3,6.4
2013,1,21,19,30,7.800000000000001,0,86.89,1.3,5.800000000000001
2013,1,21,20,30,7.1000000000000005,0,87.60000000000001,1.5,5.2
2013,1,21,21,30,6.6000000000000005,0,87.67,1.8,4.7
2013,1,21,22,30,6.2,0,87.63,2.2,4.3
2013,1,21,23,30,5.7,0,89.42,2.3000000000000003,4.1000000000000005
2013,1,22,0,30,5.1000000000000005,0,93.59,2.1,4.2
2013,1,22,1,30,4.6000000000000005,0,98.85000000000001,1.7000000000000002,4.4
2013,1,22,2,30,4.6000000000000005,0,100,1.6,4.6000000000000005
2013,1,22,3,30,4.800000000000001,0,99.41,1.8,4.7
2013,1,22,4,30,4.800000000000001,0,98.54,1.7000000000000002,4.6000000000000005
2013,1,22,5,30,4.7,0,98.89,1.7000000000000002,4.5
2013,1,22,6,30,4.800000000000001,0,96.38,1.6,4.3
2013,1,22,7,30,5.5,0,91.47,1.5,4.2
2013,1,22,8,30,7.1000000000000005,96,84,1.1,4.6000000000000005
2013,1,22,9,30,9.8,240,74.57000000000001,0.6000000000000001,5.5
2013,1,22,10,30,13.4,354,66.43,0.8,7.300000000000001
2013,1,22,11,30,16.5,437,59.22,1.7000000000000002,8.5
2013,1,22,12,30,18.6,663,54.49,2.3000000000000003,9.200000000000001
2013,1,22,13,30,19.700000000000003,641,52.67,2.5,9.8
2013,1,22,14,30,20.200000000000003,552,52.410000000000004,2.5,10.100000000000001
2013,1,22,15,30,19.6,408,55.45,2,10.4
2013,1,22,16,30,17.2,178,73.81,1.3,12.5
2013,1,22,17,30,14.5,46,83.68,1.3,11.8
2013,1,22,18,30,13.3,0,84.37,1.6,10.700000000000001
2013,1,22,19,30,12.8,0,85.76,1.9000000000000001,10.5
2013,1,22,20,30,12.5,0,86.75,2.3000000000000003,10.4
2013,1,22,21,30,12.200000000000001,0,88.22,3,10.3
2013,1,22,22,30,11.8,0,90.58,3.6,10.3
2013,1,22,23,30,11.200000000000001,0,93.95,3.9000000000000004,10.3
2013,1,23,0,30,10.5,0,97.81,3.8000000000000003,10.200000000000001
2013,1,23,1,30,9.8,0,100,3.4000000000000004,9.8
2013,1,23,2,30,9.1,0,100,2.8000000000000003,9.1
2013,1,23,3,30,8.5,0,100,2.3000000000000003,8.5
2013,1,23,4,30,8.1,0,100,2.1,8.1
2013,1,23,5,30,7.800000000000001,0,100,2,7.800000000000001
2013,1,23,6,30,7.9,0,100,2.2,7.9
2013,1,23,7,30,9.200000000000001,0,94.27,3,8.3
2013,1,23,8,30,12,163,81.45,3.6,8.9
2013,1,23,9,30,15.100000000000001,199,72.87,3.9000000000000004,10.3
2013,1,23,10,30,18,353,64.12,4.3,11.100000000000001
2013,1,23,11,30,20.1,626,57.7,4.5,11.5
2013,1,23,12,30,21.5,673,54.910000000000004,4.5,12.100000000000001
2013,1,23,13,30,22.200000000000003,649,54.410000000000004,4.3,12.600000000000001
2013,1,23,14,30,22.400000000000002,562,54.85,4.2,12.9
2013,1,23,15,30,21.700000000000003,418,58.07,3.6,13.100000000000001
2013,1,23,16,30,19.200000000000003,235,71.12,2.5,13.8
2013,1,23,17,30,16.6,50,84.24,2.1,13.9
2013,1,23,18,30,15.8,0,85.68,2.6,13.4
2013,1,23,19,30,15.700000000000001,0,85.97,3.2,13.4
2013,1,23,20,30,15.4,0,87.57000000000001,3.6,13.3
2013,1,23,21,30,14.9,0,90.38,3.8000000000000003,13.3
2013,1,23,22,30,14.200000000000001,0,94.47,3.7,13.3
2013,1,23,23,30,13.5,0,98.93,3.6,13.3
2013,1,24,0,30,13,0,100,3.5,13
2013,1,24,1,30,12.600000000000001,0,100,3.3000000000000003,12.600000000000001
2013,1,24,2,30,12.100000000000001,0,100,3.1,12.100000000000001
2013,1,24,3,30,11.600000000000001,0,100,2.8000000000000003,11.600000000000001
2013,1,24,4,30,11.200000000000001,0,100,2.6,11.200000000000001
2013,1,24,5,30,10.8,0,100,2.4000000000000004,10.8
2013,1,24,6,30,10.9,0,100,2.5,10.9
2013,1,24,7,30,12.5,0,96.97,3.1,12
2013,1,24,8,30,15.3,78,82.94,3.5,12.4
2013,1,24,9,30,18.5,190,72.03,3.6,13.4
2013,1,24,10,30,21.6,404,63.77,4,14.4
2013,1,24,11,30,23.8,529,57.79,4.2,15
2013,1,24,12,30,25.200000000000003,563,53.13,4.3,15
2013,1,24,13,30,25.900000000000002,654,50.46,4.2,14.8
2013,1,24,14,30,26.1,567,49.410000000000004,4,14.700000000000001
2013,1,24,15,30,25.1,423,52.85,3.2,14.8
2013,1,24,16,30,22.400000000000002,239,69.92,2.5,16.6
2013,1,24,17,30,20,53,78.04,2.9000000000000004,16.1
2013,1,24,18,30,19.400000000000002,0,77.99,3.9000000000000004,15.5
2013,1,24,19,30,19,0,79.66,4.4,15.4
2013,1,24,20,30,18.400000000000002,0,82.54,4.7,15.4
2013,1,24,21,30,17.8,0,85.41,4.9,15.3
2013,1,24,22,30,16.8,0,90.11,4.7,15.200000000000001
2013,1,24,23,30,15.8,0,94.5,4.3,14.9
2013,1,25,0,30,15,0,97.08,3.9000000000000004,14.5
2013,1,25,1,30,14.4,0,98.13,3.6,14.100000000000001
2013,1,25,2,30,13.700000000000001,0,100,3.1,13.700000000000001
2013,1,25,3,30,13.100000000000001,0,100,2.6,13.100000000000001
2013,1,25,4,30,12.8,0,100,2.4000000000000004,12.8
2013,1,25,5,30,12.200000000000001,0,100,2,12.200000000000001
2013,1,25,6,30,11.8,0,100,1.8,11.8
2013,1,25,7,30,13.200000000000001,0,98.10000000000001,2.3000000000000003,12.9
2013,1,25,8,30,15.8,112,84.18,2.9000000000000004,13.100000000000001
2013,1,25,9,30,18,202,76.2,3.1,13.700000000000001
2013,1,25,10,30,19.700000000000003,74,70.62,3.2,14.200000000000001
2013,1,25,11,30,20.900000000000002,359,66.24,3.1,14.4
2013,1,25,12,30,21.700000000000003,459,63.32,2.8000000000000003,14.4
2013,1,25,13,30,22.1,633,61.67,2.4000000000000004,14.4
2013,1,25,14,30,21.900000000000002,358,62.050000000000004,1.9000000000000001,14.3
2013,1,25,15,30,21.200000000000003,192,64.55,1.2000000000000002,14.3
2013,1,25,16,30,19.400000000000002,226,75.38,1.1,14.9
2013,1,25,17,30,16.900000000000002,18,84.91,1.9000000000000001,14.3
2013,1,25,18,30,14.9,0,88.2,2.5,13
2013,1,25,19,30,13.5,0,87.99,3,11.5
2013,1,25,20,30,12.4,0,86.35000000000001,3.1,10.200000000000001
2013,1,25,21,30,11.4,0,86.14,2.8000000000000003,9.200000000000001
2013,1,25,22,30,10.700000000000001,0,86.12,2.4000000000000004,8.5
2013,1,25,23,30,10.200000000000001,0,86.60000000000001,2.1,8.1
2013,1,26,0,30,9.8,0,87.09,2,7.800000000000001
2013,1,26,1,30,9.600000000000001,0,86.76,2.1,7.5
2013,1,26,2,30,9.3,0,86.98,2.2,7.2
2013,1,26,3,30,9,0,87.29,2.3000000000000003,7
2013,1,26,4,30,8.700000000000001,0,87.88,2.3000000000000003,6.800000000000001
2013,1,26,5,30,8.4,0,88.93,2.2,6.7
2013,1,26,6,30,8.200000000000001,0,89.68,2,6.6000000000000005
2013,1,26,7,30,8.700000000000001,0,86.54,1.8,6.6000000000000005
2013,1,26,8,30,10,3,81.10000000000001,1.5,6.9
2013,1,26,9,30,11.5,166,76.92,1.1,7.6000000000000005
2013,1,26,10,30,13.3,177,72.66,0.5,8.5
2013,1,26,11,30,14.9,137,70.68,0.5,9.600000000000001
2013,1,26,12,30,16.400000000000002,159,69.44,1.2000000000000002,10.8
2013,1,26,13,30,17.6,244,69.05,1.7000000000000002,11.9
2013,1,26,14,30,18.3,216,69.88,1.7000000000000002,12.700000000000001
2013,1,26,15,30,18.3,142,72.08,1.3,13.200000000000001
2013,1,26,16,30,17.2,72,80.37,0.8,13.8
2013,1,26,17,30,15.5,50,93.17,0.8,14.4
2013,1,26,18,30,14.5,0,95.94,1.2000000000000002,13.9
2013,1,26,19,30,14.100000000000001,0,98.64,1.5,13.9
2013,1,26,20,30,13.8,0,100,1.8,13.8
2013,1,26,21,30,13.8,0,100,2.3000000000000003,13.8
2013,1,26,22,30,13.8,0,100,2.7,13.8
2013,1,26,23,30,13.9,0,100,3.1,13.9
2013,1,27,0,30,14,0,100,3.2,14
2013,1,27,1,30,13.8,0,100,3.1,13.8
2013,1,27,2,30,13.200000000000001,0,100,2.6,13.200000000000001
2013,1,27,3,30,12.4,0,100,2.3000000000000003,12.4
2013,1,27,4,30,12,0,100,2.3000000000000003,12
2013,1,27,5,30,11.9,0,100,2.3000000000000003,11.9
2013,1,27,6,30,12.4,0,100,2.6,12.4
2013,1,27,7,30,13.700000000000001,0,95.72,3.3000000000000003,13
2013,1,27,8,30,15.3,56,89.68,3.7,13.600000000000001
2013,1,27,9,30,17.2,6,84.21000000000001,4.2,14.5
2013,1,27,10,30,19.400000000000002,133,78.84,4.9,15.600000000000001
2013,1,27,11,30,21,250,74.61,5.4,16.3
2013,1,27,12,30,22.1,468,70.15,5.6000000000000005,16.400000000000002
2013,1,27,13,30,23,447,66.34,5.7,16.400000000000002
2013,1,27,14,30,23.5,557,64.52,5.300000000000001,16.400000000000002
2013,1,27,15,30,23.3,220,66.53,4.6000000000000005,16.7
2013,1,27,16,30,22.1,237,74.44,3.9000000000000004,17.3
2013,1,27,17,30,20.700000000000003,55,83.83,4,17.900000000000002
2013,1,27,18,30,20.200000000000003,0,88.43,4.7,18.2
2013,1,27,19,30,19.8,0,92.43,5.1000000000000005,18.5
2013,1,27,20,30,19.5,0,94.69,5.2,18.6
2013,1,27,21,30,19.1,0,96.73,5.2,18.6
2013,1,27,22,30,18.8,0,97.64,5,18.400000000000002
2013,1,27,23,30,18.7,0,97.39,4.9,18.3
2013,1,28,0,30,18.5,0,98.11,4.9,18.2
2013,1,28,1,30,18.400000000000002,0,98.26,4.800000000000001,18.1
2013,1,28,2,30,18.2,0,99.03,4.6000000000000005,18
2013,1,28,3,30,18,0,99.74000000000001,4.1000000000000005,18
2013,1,28,4,30,17.6,0,100,3.7,17.6
2013,1,28,5,30,17.400000000000002,0,100,3.6,17.400000000000002
2013,1,28,6,30,17.5,0,100,3.9000000000000004,17.5
2013,1,28,7,30,18.6,0,93.7,4.6000000000000005,17.6
2013,1,28,8,30,20.400000000000002,164,85.96000000000001,5.4,18
2013,1,28,9,30,22.200000000000003,115,79.24,6.300000000000001,18.400000000000002
2013,1,28,10,30,23.700000000000003,195,73.69,6.9,18.7
2013,1,28,11,30,24.900000000000002,264,68.7,7.300000000000001,18.8
2013,1,28,12,30,25.700000000000003,145,65.11,7.4,18.7
2013,1,28,13,30,26.1,281,63.410000000000004,7.300000000000001,18.6
2013,1,28,14,30,26,431,63.46,7,18.5
2013,1,28,15,30,25.3,203,66.05,6.4,18.5
2013,1,28,16,30,23.900000000000002,52,72.07000000000001,5.5,18.6
2013,1,28,17,30,22.5,53,78.15,5,18.5
2013,1,28,18,30,21.6,0,81.46000000000001,5.2,18.3
2013,1,28,19,30,20.8,0,84.08,5.5,18
2013,1,28,20,30,20.1,0,86.61,5.5,17.8
2013,1,28,21,30,19.5,0,89.93,5.4,17.8
2013,1,28,22,30,19.200000000000003,0,92.95,5.2,18
2013,1,28,23,30,19.200000000000003,0,94.49,5.1000000000000005,18.3
2013,1,29,0,30,19.3,0,95.02,5.4,18.5
2013,1,29,1,30,19.400000000000002,0,95.63,5.7,18.7
2013,1,29,2,30,19.6,0,95.62,5.7,18.900000000000002
2013,1,29,3,30,19.6,0,96.61,5.6000000000000005,19
2013,1,29,4,30,19.6,0,96.78,5.5,19.1
2013,1,29,5,30,19.700000000000003,0,96.42,5.5,19.1
2013,1,29,6,30,19.900000000000002,0,95.64,5.800000000000001,19.200000000000003
2013,1,29,7,30,20.3,0,93.82000000000001,6.2,19.3
2013,1,29,8,30,21.1,17,90.57000000000001,6.9,19.5
2013,1,29,9,30,22,96,86.99,7.800000000000001,19.700000000000003
2013,1,29,10,30,23.1,21,82.21000000000001,8.5,19.900000000000002
2013,1,29,11,30,24.3,117,75.58,8.700000000000001,19.700000000000003
2013,1,29,12,30,25.200000000000003,378,68.74,8.4,19
2013,1,29,13,30,25.6,466,63.81,7.7,18.2
2013,1,29,14,30,25.1,436,61.26,6.5,17.1
2013,1,29,15,30,23.6,390,60.410000000000004,5.1000000000000005,15.5
2013,1,29,16,30,21.1,182,61.230000000000004,4.4,13.3
2013,1,29,17,30,18.5,29,57.75,4.5,10
2013,1,29,18,30,16.400000000000002,0,52.870000000000005,4.7,6.800000000000001
2013,1,29,19,30,14.5,0,52.06,4.7,4.800000000000001
2013,1,29,20,30,12.9,0,52.480000000000004,4.5,3.4000000000000004
2013,1,29,21,30,11.600000000000001,0,51.31,4,1.9000000000000001
2013,1,29,22,30,10.5,0,48.44,3.5,0.1
2013,1,29,23,30,9.600000000000001,0,46.77,3.2,-1.2000000000000002
2013,1,30,0,30,8.9,0,46.51,3.2,-2
2013,1,30,1,30,8.200000000000001,0,47.04,3.2,-2.4000000000000004
2013,1,30,2,30,7.6000000000000005,0,48.17,3.4000000000000004,-2.7
2013,1,30,3,30,7.1000000000000005,0,47.53,3.8000000000000003,-3.3000000000000003
2013,1,30,4,30,6.6000000000000005,0,47.65,4.6000000000000005,-3.7
2013,1,30,5,30,6.1000000000000005,0,52.49,5.2,-2.9000000000000004
2013,1,30,6,30,5.6000000000000005,0,61.51,5.300000000000001,-1.2000000000000002
2013,1,30,7,30,6.300000000000001,3,61.45,6,-0.6000000000000001
2013,1,30,8,30,7.800000000000001,132,53.11,7.300000000000001,-1.2000000000000002
2013,1,30,9,30,9,374,45.82,8,-2.1
2013,1,30,10,30,10.100000000000001,564,40.46,7.800000000000001,-2.7
2013,1,30,11,30,11.100000000000001,679,36.89,7.4,-3.1
2013,1,30,12,30,12,732,34.28,6.9,-3.3000000000000003
2013,1,30,13,30,12.600000000000001,710,31.560000000000002,6.5,-3.9000000000000004
2013,1,30,14,30,12.8,625,29.04,6.2,-4.800000000000001
2013,1,30,15,30,12.4,475,27.47,5.7,-5.9
2013,1,30,16,30,10.600000000000001,282,28.82,4.4,-6.800000000000001
2013,1,30,17,30,7.7,79,38.22,2.7,-5.7
2013,1,30,18,30,5.6000000000000005,0,52.39,1.9000000000000001,-3.4000000000000004
2013,1,30,19,30,4.9,0,58.33,1.4000000000000001,-2.6
2013,1,30,20,30,5,0,58.86,1.2000000000000002,-2.4000000000000004
2013,1,30,21,30,5.300000000000001,0,53.69,1.1,-3.3000000000000003
2013,1,30,22,30,5.2,0,50.24,1,-4.3
2013,1,30,23,30,4.7,0,50.870000000000005,1,-4.6000000000000005
2013,1,31,0,30,3.3000000000000003,0,55.65,1.2000000000000002,-4.7
2013,1,31,1,30,2.1,0,64.16,1.7000000000000002,-4
2013,1,31,2,30,1.7000000000000002,0,64.94,1.9000000000000001,-4.2
2013,1,31,3,30,1.3,0,67.15,1.9000000000000001,-4.1000000000000005
2013,1,31,4,30,0.7000000000000001,0,71.22,1.7000000000000002,-3.9000000000000004
2013,1,31,5,30,0.5,0,72.36,1.8,-3.9000000000000004
2013,1,31,6,30,0.8,0,70.29,2,-4
2013,1,31,7,30,2.9000000000000004,17,61.26,2.7,-3.8000000000000003
2013,1,31,8,30,6.4,201,46.9,3.2,-4.1000000000000005
2013,1,31,9,30,10.600000000000001,406,38.800000000000004,3.7,-2.9000000000000004
2013,1,31,10,30,14.8,577,28.53,4.800000000000001,-3.3000000000000003
2013,1,31,11,30,17.6,692,20.8,5.1000000000000005,-5.1000000000000005
2013,1,31,12,30,18.900000000000002,738,18.93,5,-5.300000000000001
2013,1,31,13,30,19.6,717,18.650000000000002,5,-4.9
2013,1,31,14,30,19.700000000000003,628,19.29,4.7,-4.4
2013,1,31,15,30,18.7,478,21.95,3.6,-3.5
2013,1,31,16,30,15.4,284,37.57,2.2,1
2013,1,31,17,30,11.9,78,54.06,1.9000000000000001,2.9000000000000004
2013,1,31,18,30,10.600000000000001,0,55.300000000000004,1.9000000000000001,2
2013,1,31,19,30,9.9,0,58.39,1.8,2.1
2013,1,31,20,30,9.200000000000001,0,60.81,1.7000000000000002,2
2013,1,31,21,30,8.5,0,63.04,1.5,1.9000000000000001
2013,1,31,22,30,7.5,0,67.52,1.2000000000000002,1.9000000000000001
2013,1,31,23,30,6.6000000000000005,0,71.62,1.4000000000000001,1.8
2013,2,1,0,30,5.5,0,74.91,1.9000000000000001,1.4000000000000001
2013,2,1,1,30,4.1000000000000005,0,81.65,2.2,1.2000000000000002
2013,2,1,2,30,3.2,0,82.88,2.5,0.6000000000000001
2013,2,1,3,30,2.6,0,82.73,2.6,0
2013,2,1,4,30,2.2,0,80.83,3,-0.8
2013,2,1,5,30,1.8,0,79.5,3.2,-1.4000000000000001
2013,2,1,6,30,1.6,0,78.08,3,-1.8
2013,2,1,7,30,2.3000000000000003,17,72.79,2.8000000000000003,-2.1
2013,2,1,8,30,3.9000000000000004,142,65.14,2.4000000000000004,-2.1
2013,2,1,9,30,6.2,280,58.53,2.1,-1.3
2013,2,1,10,30,9,471,53.410000000000004,1.4000000000000001,0
2013,2,1,11,30,11.9,685,49.89,0.9,1.8
2013,2,1,12,30,14.200000000000001,731,45.99,1.4000000000000001,2.7
2013,2,1,13,30,16,711,41.22,2.2,2.8000000000000003
2013,2,1,14,30,17,622,37.51,2.5,2.4000000000000004
2013,2,1,15,30,16.900000000000002,472,37.12,2.3000000000000003,2.2
2013,2,1,16,30,14.5,281,49.38,1.7000000000000002,4
2013,2,1,17,30,11.5,78,68.37,1.7000000000000002,5.9
2013,2,1,18,30,10.700000000000001,0,65.8,2.2,4.6000000000000005
2013,2,1,19,30,10.9,0,65.01,2.9000000000000004,4.6000000000000005
2013,2,1,20,30,10.9,0,66.92,3.8000000000000003,5
2013,2,1,21,30,10.4,0,71.93,4.4,5.6000000000000005
2013,2,1,22,30,9.700000000000001,0,77.60000000000001,4.4,6
2013,2,1,23,30,9,0,83.18,4,6.300000000000001
2013,2,2,0,30,8.4,0,88.67,3.8000000000000003,6.6000000000000005
2013,2,2,1,30,8,0,93.34,3.7,7
2013,2,2,2,30,7.6000000000000005,0,98.07000000000001,3.5,7.300000000000001
2013,2,2,3,30,7.4,0,100,3.4000000000000004,7.4
2013,2,2,4,30,7.4,0,100,3.3000000000000003,7.4
2013,2,2,5,30,7.5,0,99.33,3.5,7.4
2013,2,2,6,30,7.6000000000000005,0,97.64,3.5,7.2
2013,2,2,7,30,8.9,16,89.67,3.6,7.300000000000001
2013,2,2,8,30,11.600000000000001,133,79.57000000000001,3.6,8.200000000000001
2013,2,2,9,30,15,386,67.94,3.7,9.1
2013,2,2,10,30,17.900000000000002,451,59.370000000000005,3.7,9.9
2013,2,2,11,30,19.700000000000003,538,54.39,3.4000000000000004,10.200000000000001
2013,2,2,12,30,20.8,594,50.71,2.9000000000000004,10.200000000000001
2013,2,2,13,30,21.200000000000003,694,48.36,2.5,9.9
2013,2,2,14,30,21.200000000000003,608,46.82,2.3000000000000003,9.4
2013,2,2,15,30,20.3,464,47.59,2.1,8.8
2013,2,2,16,30,17.8,275,57.07,1.8,9.200000000000001
2013,2,2,17,30,14.600000000000001,78,73.48,2,9.9
2013,2,2,18,30,12.9,0,72.21000000000001,2.4000000000000004,8
2013,2,2,19,30,11.8,0,71.71000000000001,2.5,6.9
2013,2,2,20,30,10.700000000000001,0,72.84,2.2,6
2013,2,2,21,30,9.700000000000001,0,74.34,2,5.4
2013,2,2,22,30,8.8,0,76.63,1.9000000000000001,4.9
2013,2,2,23,30,8,0,78.97,1.7000000000000002,4.6000000000000005
2013,2,3,0,30,7.2,0,81.2,1.6,4.2
2013,2,3,1,30,6.6000000000000005,0,82.26,1.5,3.8000000000000003
2013,2,3,2,30,6,0,83.17,1.3,3.4000000000000004
2013,2,3,3,30,5.5,0,83.27,1.3,2.9000000000000004
2013,2,3,4,30,5.1000000000000005,0,82.85000000000001,1.2000000000000002,2.4000000000000004
2013,2,3,5,30,4.9,0,82.16,1.2000000000000002,2.1
2013,2,3,6,30,5.2,0,79.38,1,1.9000000000000001
2013,2,3,7,30,7.1000000000000005,12,71.56,0.9,2.3000000000000003
2013,2,3,8,30,9.9,206,62.47,0.8,3.1
2013,2,3,9,30,13.600000000000001,411,51.26,1.2000000000000002,3.7
2013,2,3,10,30,17.3,578,35.83,2.1,2
2013,2,3,11,30,19.200000000000003,693,27.62,2.5,0.1
2013,2,3,12,30,19.900000000000002,740,26.62,2.7,0.1
2013,2,3,13,30,20.1,720,26.51,3,0.30000000000000004
2013,2,3,14,30,19.8,628,26.96,3.1,0.2
2013,2,3,15,30,18.6,480,29.14,2.6,0.30000000000000004
2013,2,3,16,30,16.1,288,43.13,1.8,3.6
2013,2,3,17,30,13.8,55,59.14,1.6,6
2013,2,3,18,30,12.9,0,58.94,1.8,5.1000000000000005
2013,2,3,19,30,12.4,0,58.43,2.1,4.5
2013,2,3,20,30,11.9,0,58.64,2.3000000000000003,4.1000000000000005
2013,2,3,21,30,11.600000000000001,0,58.1,2.7,3.6
2013,2,3,22,30,11.3,0,58.59,3,3.5
2013,2,3,23,30,11,0,61.52,3.2,3.9000000000000004
2013,2,4,0,30,10.9,0,67.04,3.4000000000000004,5
2013,2,4,1,30,11,0,76.10000000000001,3.4000000000000004,7
2013,2,4,2,30,11.100000000000001,0,86.8,3.1,9
2013,2,4,3,30,11.200000000000001,0,93.38,2.9000000000000004,10.200000000000001
2013,2,4,4,30,11.3,0,96.29,2.7,10.700000000000001
2013,2,4,5,30,11.5,0,96.62,2.7,11
2013,2,4,6,30,11.700000000000001,0,96.52,2.9000000000000004,11.200000000000001
2013,2,4,7,30,12.5,5,92.49,3.4000000000000004,11.3
2013,2,4,8,30,14.200000000000001,41,86.07000000000001,3.9000000000000004,11.9
2013,2,4,9,30,16.3,71,80.41,4.5,12.9
2013,2,4,10,30,18.3,228,73.74,5,13.5
2013,2,4,11,30,19.900000000000002,409,66.83,5,13.600000000000001
2013,2,4,12,30,21.1,204,62.190000000000005,4.7,13.600000000000001
2013,2,4,13,30,21.900000000000002,261,59.050000000000004,4.1000000000000005,13.5
2013,2,4,14,30,22.400000000000002,399,56.77,3.5,13.4
2013,2,4,15,30,22.1,452,57,2.4000000000000004,13.200000000000001
2013,2,4,16,30,20.3,270,70.02,1.4000000000000001,14.700000000000001
2013,2,4,17,30,17.7,75,83.37,1.3,14.8
2013,2,4,18,30,16.2,0,84.4,1.7000000000000002,13.600000000000001
2013,2,4,19,30,15.600000000000001,0,89.11,1.9000000000000001,13.8
2013,2,4,20,30,15,0,93.46000000000001,2,14
2013,2,4,21,30,14.3,0,98.23,1.9000000000000001,14
2013,2,4,22,30,13.5,0,100,1.8,13.5
2013,2,4,23,30,12.8,0,100,1.6,12.8
2013,2,5,0,30,12.200000000000001,0,100,1.5,12.200000000000001
2013,2,5,1,30,11.700000000000001,0,100,1.3,11.700000000000001
2013,2,5,2,30,11.200000000000001,0,100,1.2000000000000002,11.200000000000001
2013,2,5,3,30,10.600000000000001,0,100,1.1,10.600000000000001
2013,2,5,4,30,10.200000000000001,0,100,1.1,10.200000000000001
2013,2,5,5,30,10.100000000000001,0,100,1,10.100000000000001
2013,2,5,6,30,10.4,0,100,0.9,10.4
2013,2,5,7,30,11.9,20,94.17,1,11
2013,2,5,8,30,14.5,67,83.06,1,11.700000000000001
2013,2,5,9,30,17.400000000000002,145,72.57000000000001,0.9,12.4
2013,2,5,10,30,20.1,293,60.89,0.8,12.3
2013,2,5,11,30,21.8,453,50.82,0.7000000000000001,11.200000000000001
2013,2,5,12,30,22.6,730,47.050000000000004,0.6000000000000001,10.700000000000001
2013,2,5,13,30,22.8,708,46.13,0.8,10.600000000000001
2013,2,5,14,30,22.6,620,46.49,0.8,10.600000000000001
2013,2,5,15,30,21.700000000000003,475,48.910000000000004,0.8,10.5
2013,2,5,16,30,19.8,286,61.230000000000004,0.8,12.100000000000001
2013,2,5,17,30,17.5,86,77.36,1,13.5
2013,2,5,18,30,15.8,0,76.97,1.1,11.8
2013,2,5,19,30,14.700000000000001,0,81.81,1.2000000000000002,11.600000000000001
2013,2,5,20,30,13.9,0,86.18,1.2000000000000002,11.600000000000001
2013,2,5,21,30,13.200000000000001,0,91.35000000000001,1.2000000000000002,11.8
2013,2,5,22,30,12.700000000000001,0,97.28,1.3,12.3
2013,2,5,23,30,12.4,0,100,1.4000000000000001,12.4
2013,2,6,0,30,12.100000000000001,0,100,1.4000000000000001,12.100000000000001
2013,2,6,1,30,11.8,0,100,1.5,11.8
2013,2,6,2,30,11.700000000000001,0,100,1.5,11.700000000000001
2013,2,6,3,30,11.9,0,100,1.7000000000000002,11.9
2013,2,6,4,30,12.600000000000001,0,100,2,12.600000000000001
2013,2,6,5,30,13.200000000000001,0,100,2.2,13.200000000000001
2013,2,6,6,30,13.9,0,100,2.4000000000000004,13.9
2013,2,6,7,30,15.4,4,93.79,2.9000000000000004,14.4
2013,2,6,8,30,17.7,7,86.15,3.5,15.4
2013,2,6,9,30,19.900000000000002,204,78.24,3.8000000000000003,16
2013,2,6,10,30,21.6,155,66.74,3.9000000000000004,15.200000000000001
2013,2,6,11,30,22.700000000000003,151,58.97,3.8000000000000003,14.3
2013,2,6,12,30,23.3,95,56.14,3.6,14.100000000000001
2013,2,6,13,30,23.5,376,55.95,3.2,14.200000000000001
2013,2,6,14,30,23.200000000000003,408,57.26,2.9000000000000004,14.3
2013,2,6,15,30,22.400000000000002,461,60.36,2.5,14.3
2013,2,6,16,30,20.700000000000003,274,70.23,2.2,15.100000000000001
2013,2,6,17,30,18.900000000000002,63,83.14,2.6,16
2013,2,6,18,30,18,0,87.12,3.1,15.8
2013,2,6,19,30,17.3,0,91.82000000000001,3.1,16
2013,2,6,20,30,16.7,0,95.04,3,15.9
2013,2,6,21,30,16.2,0,96.98,2.8000000000000003,15.700000000000001
2013,2,6,22,30,15.700000000000001,0,98.39,2.6,15.4
2013,2,6,23,30,15.200000000000001,0,99.60000000000001,2.4000000000000004,15.100000000000001
2013,2,7,0,30,14.8,0,100,2.1,14.8
2013,2,7,1,30,14.3,0,100,1.8,14.3
2013,2,7,2,30,13.700000000000001,0,100,1.6,13.700000000000001
2013,2,7,3,30,13.200000000000001,0,100,1.5,13.200000000000001
2013,2,7,4,30,12.8,0,100,1.4000000000000001,12.8
2013,2,7,5,30,12.4,0,100,1.5,12.4
2013,2,7,6,30,12.700000000000001,0,100,1.9000000000000001,12.700000000000001
2013,2,7,7,30,14.3,4,92.81,2.9000000000000004,13.200000000000001
2013,2,7,8,30,16.6,40,84.69,4,14
2013,2,7,9,30,19.1,157,75.4,4.5,14.600000000000001
2013,2,7,10,30,21.400000000000002,561,65.7,4.7,14.700000000000001
2013,2,7,11,30,23.3,677,57.870000000000005,4.7,14.5
2013,2,7,12,30,24.8,729,51.17,4.4,14
2013,2,7,13,30,25.8,710,45.62,4.2,13.200000000000001
2013,2,7,14,30,26.1,625,41.37,4,12
2013,2,7,15,30,25.3,424,39.24,3.2,10.4
2013,2,7,16,30,22.3,295,49.59,2.3000000000000003,11.3
2013,2,7,17,30,18.8,92,59.99,2.4000000000000004,10.9
2013,2,7,18,30,17,0,57.31,3.5,8.5
2013,2,7,19,30,16,0,59.63,4.4,8.1
2013,2,7,20,30,14.8,0,69.67,5,9.3
2013,2,7,21,30,13.8,0,79.39,5.4,10.3
2013,2,7,22,30,12.9,0,83.84,5.300000000000001,10.200000000000001
2013,2,7,23,30,12.200000000000001,0,82.57000000000001,5,9.3
2013,2,8,0,30,11.5,0,80.19,4.7,8.200000000000001
2013,2,8,1,30,10.700000000000001,0,79.47,4.4,7.300000000000001
2013,2,8,2,30,9.9,0,80.98,3.9000000000000004,6.800000000000001
2013,2,8,3,30,9.1,0,83.73,3.8000000000000003,6.5
2013,2,8,4,30,8.5,0,85.33,3.7,6.2
2013,2,8,5,30,7.800000000000001,0,86.8,3.6,5.7
2013,2,8,6,30,7.300000000000001,0,86.43,3.6,5.2
2013,2,8,7,30,8.200000000000001,27,78.53,4,4.7
2013,2,8,8,30,10.4,222,63.15,4.5,3.7
2013,2,8,9,30,12.8,435,48.43,4.4,2.2
2013,2,8,10,30,15.200000000000001,610,38.59,4.1000000000000005,1.2000000000000002
2013,2,8,11,30,17,728,31.67,3.7,0
2013,2,8,12,30,18.1,779,28.54,3.3000000000000003,-0.4
2013,2,8,13,30,18.5,759,27.2,3,-0.8
2013,2,8,14,30,18.5,664,26.810000000000002,2.8000000000000003,-1
2013,2,8,15,30,17.8,513,28.04,2.7,-0.9
2013,2,8,16,30,15.3,316,34.71,2,-0.2
2013,2,8,17,30,12,102,61.11,1.4000000000000001,4.7
2013,2,8,18,30,10.200000000000001,0,66.23,1.5,4.2
2013,2,8,19,30,9.600000000000001,0,68.24,1.6,4
2013,2,8,20,30,9.200000000000001,0,71.08,1.6,4.2
2013,2,8,21,30,8.8,0,75.38,1.6,4.7
2013,2,8,22,30,8.200000000000001,0,79.94,1.6,4.9
2013,2,8,23,30,7.800000000000001,0,84.07000000000001,1.7000000000000002,5.300000000000001
2013,2,9,0,30,7.6000000000000005,0,87.95,1.8,5.7
2013,2,9,1,30,7.5,0,92.07000000000001,2.1,6.300000000000001
2013,2,9,2,30,7.800000000000001,0,94.64,2.6,7
2013,2,9,3,30,8,0,97.62,2.8000000000000003,7.6000000000000005
2013,2,9,4,30,8,0,99.46000000000001,2.7,7.9
2013,2,9,5,30,8,0,99.38,2.8000000000000003,7.9
2013,2,9,6,30,8.200000000000001,0,96.81,3,7.7
2013,2,9,7,30,9,8,90.81,3.5,7.6000000000000005
2013,2,9,8,30,10.200000000000001,39,83.71000000000001,4,7.6000000000000005
2013,2,9,9,30,11.600000000000001,65,77.3,4.2,7.800000000000001
2013,2,9,10,30,13.200000000000001,251,72.92,4.6000000000000005,8.4
2013,2,9,11,30,14.5,335,72.06,4.9,9.5
2013,2,9,12,30,15.3,121,72.85000000000001,5.1000000000000005,10.5
2013,2,9,13,30,15.9,67,73.45,5.300000000000001,11.200000000000001
2013,2,9,14,30,16.400000000000002,89,74.41,5.300000000000001,11.8
2013,2,9,15,30,16.6,71,77.2,5,12.600000000000001
2013,2,9,16,30,16.2,23,83.59,4.7,13.4
2013,2,9,17,30,15.700000000000001,86,89.93,5,14.100000000000001
2013,2,9,18,30,15.600000000000001,0,93.85000000000001,5.5,14.600000000000001
2013,2,9,19,30,15.700000000000001,0,96.34,5.6000000000000005,15.100000000000001
2013,2,9,20,30,15.9,0,96.73,5.7,15.4
2013,2,9,21,30,16.1,0,96.49000000000001,5.9,15.5
2013,2,9,22,30,16.400000000000002,0,96.17,6.2,15.8
2013,2,9,23,30,17,0,95.49,6.4,16.3
2013,2,10,0,30,17.7,0,95.05,6.4,16.900000000000002
2013,2,10,1,30,18.2,0,95.89,6.1000000000000005,17.5
2013,2,10,2,30,18.3,0,97.42,5.5,17.900000000000002
2013,2,10,3,30,18.2,0,98.60000000000001,4.800000000000001,18
2013,2,10,4,30,17.6,0,99.94,4,17.6
2013,2,10,5,30,16.3,0,98.73,3.6,16.1
2013,2,10,6,30,14.5,0,92.29,3.3000000000000003,13.3
2013,2,10,7,30,13.4,9,79.65,3.5,10
2013,2,10,8,30,13.700000000000001,90,64.8,3.8000000000000003,7.2
2013,2,10,9,30,15.200000000000001,123,50.88,4.2,5.1000000000000005
2013,2,10,10,30,17,207,33.76,4.3,0.9
2013,2,10,11,30,18.400000000000002,506,26.240000000000002,4.1000000000000005,-1.3
2013,2,10,12,30,19.5,575,24.490000000000002,3.8000000000000003,-1.3
2013,2,10,13,30,19.900000000000002,610,24.400000000000002,3.6,-1.1
2013,2,10,14,30,19.5,348,25.25,3,-0.9
2013,2,10,15,30,18.400000000000002,273,30.580000000000002,1.8,0.8
2013,2,10,16,30,16.7,190,53.29,1,7.2
2013,2,10,17,30,15.5,54,58.4,0.9,7.4
2013,2,10,18,30,15,0,53.94,0.9,5.7
2013,2,10,19,30,14.8,0,52.06,0.8,5.1000000000000005
2013,2,10,20,30,14.700000000000001,0,49.09,0.7000000000000001,4.1000000000000005
2013,2,10,21,30,14.700000000000001,0,46.45,0.6000000000000001,3.3000000000000003
2013,2,10,22,30,14.700000000000001,0,44.42,0.5,2.7
2013,2,10,23,30,14.100000000000001,0,43.1,0.5,1.7000000000000002
2013,2,11,0,30,13,0,50.56,0.7000000000000001,3
2013,2,11,1,30,11.8,0,59.21,0.8,4.1000000000000005
2013,2,11,2,30,10.8,0,67.06,0.9,4.9
2013,2,11,3,30,9.9,0,75.05,0.9,5.7
2013,2,11,4,30,9.4,0,81.59,0.9,6.4
2013,2,11,5,30,9.3,0,83.94,1,6.7
2013,2,11,6,30,9.5,0,84.47,1.4000000000000001,7
2013,2,11,7,30,10.5,28,80.65,2.3000000000000003,7.300000000000001
2013,2,11,8,30,11.700000000000001,208,74.86,3.2,7.4
2013,2,11,9,30,12.9,152,66.5,3.9000000000000004,6.800000000000001
2013,2,11,10,30,14.200000000000001,14,56.86,4.3,5.800000000000001
2013,2,11,11,30,15.4,16,52.52,4.2,5.7
2013,2,11,12,30,16.2,305,51.99,4.1000000000000005,6.300000000000001
2013,2,11,13,30,16.400000000000002,245,53.74,4.2,7
2013,2,11,14,30,16.1,153,57.300000000000004,4.3,7.7
2013,2,11,15,30,15.3,143,62.940000000000005,4.3,8.3
2013,2,11,16,30,13.9,28,71.51,3.9000000000000004,8.8
2013,2,11,17,30,12.600000000000001,4,81.13,3.3000000000000003,9.4
2013,2,11,18,30,11.8,0,87.87,3.1,9.9
2013,2,11,19,30,11.4,0,90.75,2.9000000000000004,9.9
2013,2,11,20,30,11,0,92.85000000000001,2.6,9.9
2013,2,11,21,30,10.8,0,93.71000000000001,2.6,9.8
2013,2,11,22,30,10.5,0,94.60000000000001,2.7,9.700000000000001
2013,2,11,23,30,10.3,0,94.97,2.9000000000000004,9.5
2013,2,12,0,30,10,0,95.99000000000001,2.9000000000000004,9.4
2013,2,12,1,30,9.8,0,96.25,2.6,9.200000000000001
2013,2,12,2,30,9.700000000000001,0,96.13,2.3000000000000003,9.1
2013,2,12,3,30,9.600000000000001,0,96.12,2.3000000000000003,9
2013,2,12,4,30,9.4,0,96.13,2.3000000000000003,8.8
2013,2,12,5,30,9.3,0,95.69,2.1,8.6
2013,2,12,6,30,9.3,0,95.35000000000001,1.6,8.6
2013,2,12,7,30,9.8,10,92.29,1.2000000000000002,8.6
2013,2,12,8,30,10.8,8,87.41,1,8.8
2013,2,12,9,30,11.700000000000001,154,84.79,1.7000000000000002,9.200000000000001
2013,2,12,10,30,12.600000000000001,144,81.7,2.9000000000000004,9.600000000000001
2013,2,12,11,30,14,313,76.14,3.6,9.9
2013,2,12,12,30,15.8,256,68.56,4.2,10
2013,2,12,13,30,17.5,156,60.7,4.6000000000000005,9.8
2013,2,12,14,30,18.5,653,53.96,4.9,9
2013,2,12,15,30,18.400000000000002,385,49.07,4.7,7.5
2013,2,12,16,30,16.400000000000002,226,52.58,4.3,6.7
2013,2,12,17,30,13.3,105,65.58,4.800000000000001,7
2013,2,12,18,30,10.700000000000001,0,77.01,5.4,6.800000000000001
2013,2,12,19,30,8.8,0,83.88,5.1000000000000005,6.2
2013,2,12,20,30,7.6000000000000005,0,83.14,4.7,4.9
2013,2,12,21,30,6.7,0,81.32000000000001,4.7,3.7
2013,2,12,22,30,6,0,81.31,5,3
2013,2,12,23,30,5.1000000000000005,0,84.27,5,2.7
2013,2,13,0,30,4.2,0,87.56,4.6000000000000005,2.3000000000000003
2013,2,13,1,30,3.5,0,88.97,4.1000000000000005,1.9000000000000001
2013,2,13,2,30,3,0,89.33,3.5,1.4000000000000001
2013,2,13,3,30,2.5,0,90.52,3,1.1
2013,2,13,4,30,2,0,92.3,2.6,0.9
2013,2,13,5,30,1.5,0,94.55,2.3000000000000003,0.7000000000000001
2013,2,13,6,30,1.6,0,92.92,2.4000000000000004,0.6000000000000001
2013,2,13,7,30,3.4000000000000004,37,82.05,3,0.6000000000000001
2013,2,13,8,30,6,237,68.45,3.4000000000000004,0.6000000000000001
2013,2,13,9,30,8.4,447,58.72,3.1,0.8
2013,2,13,10,30,10.4,621,52.92,2.7,1.2000000000000002
2013,2,13,11,30,12.3,740,47.870000000000005,2.4000000000000004,1.6
2013,2,13,12,30,13.8,792,42.77,2.4000000000000004,1.4000000000000001
2013,2,13,13,30,14.700000000000001,776,38.730000000000004,2.3000000000000003,0.8
2013,2,13,14,30,15,686,36.27,2.1,0.1
2013,2,13,15,30,14.700000000000001,533,35.19,1.7000000000000002,-0.5
2013,2,13,16,30,13.200000000000001,335,37.86,1.1,-0.9
2013,2,13,17,30,10.700000000000001,118,59.4,0.9,3.1
2013,2,13,18,30,8.5,0,60.2,1.1,1.2000000000000002
2013,2,13,19,30,6.9,0,68.51,1.2000000000000002,1.5
2013,2,13,20,30,5.800000000000001,0,73.71000000000001,1.3,1.5
2013,2,13,21,30,5.1000000000000005,0,77.12,1.4000000000000001,1.4000000000000001
2013,2,13,22,30,4.5,0,80.59,1.4000000000000001,1.5
2013,2,13,23,30,4,0,83.72,1.5,1.5
2013,2,14,0,30,3.5,0,86.81,1.5,1.5
2013,2,14,1,30,3,0,89.88,1.5,1.5
2013,2,14,2,30,2.6,0,92.79,1.5,1.5
2013,2,14,3,30,2.3000000000000003,0,95.83,1.6,1.7000000000000002
2013,2,14,4,30,2,0,99.24000000000001,1.7000000000000002,1.9000000000000001
2013,2,14,5,30,1.7000000000000002,0,100,1.7000000000000002,1.7000000000000002
2013,2,14,6,30,2.3000000000000003,0,98.34,2,2.1
2013,2,14,7,30,4.7,39,83.66,2.6,2.2
2013,2,14,8,30,8.4,242,66.95,2.9000000000000004,2.6
2013,2,14,9,30,12.8,453,52.79,3.2,3.4000000000000004
2013,2,14,10,30,16.400000000000002,624,38.54,3.3000000000000003,2.2
2013,2,14,11,30,18.5,742,31.71,2.7,1.4000000000000001
2013,2,14,12,30,19.6,793,28.990000000000002,2.2,1.1
2013,2,14,13,30,20.1,772,27.86,2.1,0.9
2013,2,14,14,30,20.1,682,27.76,2.1,0.9
2013,2,14,15,30,19.400000000000002,527,28.98,1.9000000000000001,0.9
2013,2,14,16,30,16.6,330,42.2,1.5,3.7
2013,2,14,17,30,12.9,116,68.53,1.5,7.2
2013,2,14,18,30,10.9,0,64.63,2,4.5
2013,2,14,19,30,10.200000000000001,0,64.67,2.2,3.8000000000000003
2013,2,14,20,30,9.4,0,67.05,2.3000000000000003,3.6
2013,2,14,21,30,8.6,0,70.23,2.3000000000000003,3.5
2013,2,14,22,30,7.9,0,73.38,2.3000000000000003,3.4000000000000004
2013,2,14,23,30,7.1000000000000005,0,77.61,2.2,3.5
2013,2,15,0,30,6.2,0,83.09,2,3.5
2013,2,15,1,30,5.4,0,88.61,1.5,3.7
2013,2,15,2,30,4.7,0,93.79,1,3.8000000000000003
2013,2,15,3,30,4.2,0,99.15,1.2000000000000002,4.1000000000000005
2013,2,15,4,30,4.2,0,99.85000000000001,2,4.2
2013,2,15,5,30,4.4,0,97.43,2.7,4
2013,2,15,6,30,4.9,0,92.06,3.3000000000000003,3.7
2013,2,15,7,30,6.7,20,79.63,4.3,3.4000000000000004
2013,2,15,8,30,9.200000000000001,230,64.57000000000001,5.4,2.9000000000000004
2013,2,15,9,30,11.200000000000001,433,52.300000000000004,5.6000000000000005,1.8
2013,2,15,10,30,12.600000000000001,604,47.870000000000005,5.300000000000001,1.8
2013,2,15,11,30,13.5,488,45.77,5,2
2013,2,15,12,30,13.8,578,44.67,4.800000000000001,2
2013,2,15,13,30,13.5,492,44.46,4.800000000000001,1.6
2013,2,15,14,30,12.600000000000001,335,44.93,4.800000000000001,1
2013,2,15,15,30,11.5,315,44.92,4.9,-0.1
2013,2,15,16,30,10.200000000000001,59,44.52,4.7,-1.4000000000000001
2013,2,15,17,30,8.8,50,45.12,4.2,-2.5
2013,2,15,18,30,7.800000000000001,0,46.5,3.8000000000000003,-3
2013,2,15,19,30,7.1000000000000005,0,48.53,3.3000000000000003,-3
2013,2,15,20,30,6.2,0,53.7,2.5,-2.5
2013,2,15,21,30,5.2,0,62.06,1.9000000000000001,-1.5
2013,2,15,22,30,3.9000000000000004,0,70.9,1.7000000000000002,-0.9
2013,2,15,23,30,2.6,0,75.95,1.7000000000000002,-1.2000000000000002
2013,2,16,0,30,1.7000000000000002,0,78.32000000000001,1.5,-1.7000000000000002
2013,2,16,1,30,1,0,79.24,1.4000000000000001,-2.2
2013,2,16,2,30,0.5,0,78.86,1.3,-2.7
2013,2,16,3,30,0,0,78.97,1.4000000000000001,-3.2
2013,2,16,4,30,-0.30000000000000004,0,78.43,1.5,-3.6
2013,2,16,5,30,-0.7000000000000001,0,78.93,1.5,-3.9000000000000004
2013,2,16,6,30,-0.2,0,74.84,1.7000000000000002,-4.1000000000000005
2013,2,16,7,30,2.1,46,64.61,2.2,-3.9000000000000004
2013,2,16,8,30,6,253,48.6,2.3000000000000003,-4
2013,2,16,9,30,9.600000000000001,464,34.2,2.4000000000000004,-5.4
2013,2,16,10,30,11.8,635,31.740000000000002,2.6,-4.5
2013,2,16,11,30,13.4,753,31.44,2.8000000000000003,-3.2
2013,2,16,12,30,14.700000000000001,803,31.1,2.8000000000000003,-2.2
2013,2,16,13,30,15.5,782,30.93,2.7,-1.6
2013,2,16,14,30,15.9,689,30.85,2.4000000000000004,-1.3
2013,2,16,15,30,15.8,537,31.46,1.8,-1.1
2013,2,16,16,30,14.8,340,35.1,0.9,-0.5
2013,2,16,17,30,12.9,125,48.02,0.6000000000000001,2.2
2013,2,16,18,30,10.600000000000001,0,48.88,1.1,0.30000000000000004
2013,2,16,19,30,8.4,0,59.92,1.3,1.1
2013,2,16,20,30,7,0,66.7,1.5,1.2000000000000002
2013,2,16,21,30,6.300000000000001,0,68.35000000000001,1.8,0.9
2013,2,16,22,30,5.9,0,68.55,2.2,0.6000000000000001
2013,2,16,23,30,5.5,0,70.19,2.6,0.5
2013,2,17,0,30,5,0,74.28,3,0.8
2013,2,17,1,30,4.6000000000000005,0,78.10000000000001,3.3000000000000003,1.1
2013,2,17,2,30,4.4,0,78.95,3.6,1.1
2013,2,17,3,30,4.3,0,76.77,3.5,0.6000000000000001
2013,2,17,4,30,4,0,75.2,3.2,0
2013,2,17,5,30,3.6,0,75.64,3,-0.30000000000000004
2013,2,17,6,30,3.9000000000000004,0,73.8,3.2,-0.4
2013,2,17,7,30,5.800000000000001,48,65.98,3.7,-0.1
2013,2,17,8,30,9.3,257,54.26,4,0.5
2013,2,17,9,30,13.4,471,44.04,5,1.4000000000000001
2013,2,17,10,30,16.8,647,33.55,6,0.7000000000000001
2013,2,17,11,30,18.8,761,28.45,6.4,0.1
2013,2,17,12,30,19.900000000000002,813,26.650000000000002,6.5,0.2
2013,2,17,13,30,20.400000000000002,792,26.26,6.5,0.4
2013,2,17,14,30,20.3,701,26.94,6.4,0.7000000000000001
2013,2,17,15,30,19.6,549,28.88,6,1
2013,2,17,16,30,17.7,347,34.43,4.9,1.8
2013,2,17,17,30,15.200000000000001,59,45.09,4.1000000000000005,3.4000000000000004
2013,2,17,18,30,13.9,0,52.89,4.6000000000000005,4.4
2013,2,17,19,30,13.5,0,58.84,5.4,5.6000000000000005
2013,2,17,20,30,13.100000000000001,0,66.37,5.800000000000001,7
2013,2,17,21,30,12.700000000000001,0,73.69,5.800000000000001,8.1
2013,2,17,22,30,12.4,0,79.31,5.800000000000001,8.9
2013,2,17,23,30,12.3,0,82.95,5.9,9.5
2013,2,18,0,30,12.600000000000001,0,84.78,6.300000000000001,10.100000000000001
2013,2,18,1,30,13,0,86.85000000000001,6.6000000000000005,10.9
2013,2,18,2,30,13.4,0,88.76,6.7,11.600000000000001
2013,2,18,3,30,13.700000000000001,0,90.42,6.5,12.200000000000001
2013,2,18,4,30,13.9,0,91.8,6.300000000000001,12.600000000000001
2013,2,18,5,30,14.100000000000001,0,92.57000000000001,6.2,12.9
2013,2,18,6,30,14.5,0,91.83,6.1000000000000005,13.200000000000001
2013,2,18,7,30,15.600000000000001,14,87.48,6.300000000000001,13.5
2013,2,18,8,30,17.3,38,81.33,6.6000000000000005,14.100000000000001
2013,2,18,9,30,19.1,297,74.87,7.2,14.5
2013,2,18,10,30,20.900000000000002,594,67.57000000000001,7.7,14.700000000000001
2013,2,18,11,30,22.8,717,59.1,7.7,14.4
2013,2,18,12,30,24.200000000000003,777,50.480000000000004,7.1000000000000005,13.3
2013,2,18,13,30,25,765,42.02,6.2,11.200000000000001
2013,2,18,14,30,24.6,594,35.08,5.7,8.200000000000001
2013,2,18,15,30,22.8,538,31.580000000000002,5.6000000000000005,5.1000000000000005
2013,2,18,16,30,19.700000000000003,347,33.81,5.6000000000000005,3.3000000000000003
2013,2,18,17,30,16.3,131,39.08,5,2.3000000000000003
2013,2,18,18,30,14.3,0,44.730000000000004,4.4,2.4000000000000004
2013,2,18,19,30,13.200000000000001,0,48.77,4.2,2.6
2013,2,18,20,30,11.8,0,54.74,3.9000000000000004,3
2013,2,18,21,30,10.4,0,60.36,3.6,3.1
2013,2,18,22,30,9.3,0,64.27,3.5,2.9000000000000004
2013,2,18,23,30,8.700000000000001,0,65.87,3.4000000000000004,2.7
2013,2,19,0,30,7.800000000000001,0,68.78,3,2.4000000000000004
2013,2,19,1,30,6.6000000000000005,0,74.05,2.5,2.3000000000000003
2013,2,19,2,30,5.5,0,78.54,2.2,2.1
2013,2,19,3,30,5.1000000000000005,0,80.06,2.2,1.9000000000000001
2013,2,19,4,30,4.5,0,83.17,2.1,1.9000000000000001
2013,2,19,5,30,3.5,0,88.10000000000001,1.9000000000000001,1.7000000000000002
2013,2,19,6,30,3.8000000000000003,0,84.44,1.9000000000000001,1.4000000000000001
2013,2,19,7,30,6.1000000000000005,55,73.04,2.6,1.6
2013,2,19,8,30,9.4,268,54.93,3.6,0.8
2013,2,19,9,30,12,480,38.01,4.2,-1.9000000000000001
2013,2,19,10,30,13.9,655,31.6,4.1000000000000005,-2.7
2013,2,19,11,30,15.5,770,27.98,4,-3
2013,2,19,12,30,16.6,820,26,4,-3
2013,2,19,13,30,17,795,25.04,3.9000000000000004,-3.2
2013,2,19,14,30,16.6,700,25.64,3.8000000000000003,-3.2
2013,2,19,15,30,15.8,544,27.23,3.5,-3.1
2013,2,19,16,30,14.100000000000001,330,34.480000000000004,2.6,-1.4000000000000001
2013,2,19,17,30,11.700000000000001,103,51.79,2,2.1
2013,2,19,18,30,10.4,0,59.58,2.1,2.9000000000000004
2013,2,19,19,30,10.100000000000001,0,61.07,2.3000000000000003,2.9000000000000004
2013,2,19,20,30,9.8,0,64.72,2.3000000000000003,3.5
2013,2,19,21,30,9.5,0,69.46000000000001,2.1,4.2
2013,2,19,22,30,9.4,0,73.86,2,5
2013,2,19,23,30,9.4,0,74.93,2.4000000000000004,5.2
2013,2,20,0,30,9.3,0,74.48,2.7,5
2013,2,20,1,30,9.1,0,76.38,2.7,5.2
2013,2,20,2,30,8.9,0,79.17,2.7,5.5
2013,2,20,3,30,8.700000000000001,0,81,2.8000000000000003,5.6000000000000005
2013,2,20,4,30,8.5,0,82.63,3.1,5.7
2013,2,20,5,30,8.3,0,84.06,3.3000000000000003,5.800000000000001
2013,2,20,6,30,8.200000000000001,0,84.22,3.4000000000000004,5.7
2013,2,20,7,30,8.700000000000001,11,80.82000000000001,3.7,5.6000000000000005
2013,2,20,8,30,9.700000000000001,101,72.9,4.3,5.1000000000000005
2013,2,20,9,30,10.4,63,62.22,4.7,3.5
2013,2,20,10,30,10.8,91,58.44,4.5,3
2013,2,20,11,30,11.3,60,59.050000000000004,4.4,3.6
2013,2,20,12,30,11.9,161,61.45,4.3,4.7
2013,2,20,13,30,12.4,78,64.95,4.4,6
2013,2,20,14,30,12.700000000000001,171,69.25,4.7,7.2
2013,2,20,15,30,12.5,152,74.78,5.1000000000000005,8.1
2013,2,20,16,30,11.8,70,81.38,5.2,8.700000000000001
2013,2,20,17,30,10.9,8,87.5,5.2,8.9
2013,2,20,18,30,10.3,0,91.33,5.2,8.9
2013,2,20,19,30,10.200000000000001,0,93.15,5.2,9.1
2013,2,20,20,30,10.200000000000001,0,94.47,5.1000000000000005,9.4
2013,2,20,21,30,10.3,0,95.18,5.2,9.600000000000001
2013,2,20,22,30,10.700000000000001,0,94.8,5.5,9.9
2013,2,20,23,30,11.3,0,94.65,5.7,10.5
2013,2,21,0,30,12.3,0,94.15,5.7,11.4
2013,2,21,1,30,13.600000000000001,0,93.8,5.6000000000000005,12.600000000000001
2013,2,21,2,30,14.700000000000001,0,95.11,5.800000000000001,13.9
2013,2,21,3,30,15.8,0,95.64,6.2,15.100000000000001
2013,2,21,4,30,16.8,0,95.7,6.300000000000001,16.1
2013,2,21,5,30,17.400000000000002,0,97.01,6.1000000000000005,16.900000000000002
2013,2,21,6,30,17.900000000000002,0,97.15,5.5,17.400000000000002
2013,2,21,7,30,18.3,21,96.82000000000001,5.1000000000000005,17.8
2013,2,21,8,30,18.3,118,93.74,5.800000000000001,17.3
2013,2,21,9,30,18.2,477,66.45,6.6000000000000005,11.8
2013,2,21,10,30,18.900000000000002,665,36.050000000000004,6.6000000000000005,3.5
2013,2,21,11,30,19.8,794,25.46,6.5,-0.6000000000000001
2013,2,21,12,30,20.400000000000002,844,21.95,6.6000000000000005,-2.1
2013,2,21,13,30,20.6,829,20.42,6.6000000000000005,-2.9000000000000004
2013,2,21,14,30,20.400000000000002,729,20.26,6.2,-3.2
2013,2,21,15,30,19.900000000000002,572,21.46,5.300000000000001,-2.8000000000000003
2013,2,21,16,30,17.8,367,27.48,3.7,-1.2000000000000002
2013,2,21,17,30,14.200000000000001,140,44.31,2.3000000000000003,2.2
2013,2,21,18,30,11.9,0,53.79,1.9000000000000001,2.8000000000000003
2013,2,21,19,30,11.100000000000001,0,57.68,1.8,3.1
2013,2,21,20,30,10.5,0,60.14,1.9000000000000001,3.1
2013,2,21,21,30,10,0,61.54,2.4000000000000004,2.9000000000000004
2013,2,21,22,30,9.4,0,63.1,3.6,2.7
2013,2,21,23,30,8,0,68.3,4.4,2.5
2013,2,22,0,30,6.4,0,75.73,4.1000000000000005,2.4000000000000004
2013,2,22,1,30,5.1000000000000005,0,81.37,3.6,2.2
2013,2,22,2,30,4.2,0,83.86,3.3000000000000003,1.7000000000000002
2013,2,22,3,30,3.5,0,84.47,3.4000000000000004,1.1
2013,2,22,4,30,3.1,0,82.4,3.7,0.4
2013,2,22,5,30,2.7,0,78.41,4,-0.7000000000000001
2013,2,22,6,30,2.3000000000000003,0,73.76,4.3,-1.9000000000000001
2013,2,22,7,30,2.6,23,64.86,4.7,-3.4000000000000004
2013,2,22,8,30,3.4000000000000004,95,53.77,4.9,-5.1000000000000005
2013,2,22,9,30,4.6000000000000005,331,47.1,4.800000000000001,-5.7
2013,2,22,10,30,6.300000000000001,436,42.1,4.5,-5.7
2013,2,22,11,30,8.700000000000001,553,37.47,4,-5
2013,2,22,12,30,10.700000000000001,652,35.97,3.5,-3.8000000000000003
2013,2,22,13,30,12,780,36.36,3,-2.5
2013,2,22,14,30,12.600000000000001,634,37.57,2.8000000000000003,-1.5
2013,2,22,15,30,12.3,557,39.92,2.6,-1
2013,2,22,16,30,11,201,44.7,2,-0.6000000000000001
2013,2,22,17,30,8.700000000000001,84,61.79,1.6,1.8
2013,2,22,18,30,7.2,0,69.4,2.1,2
2013,2,22,19,30,6.9,0,64.91,2.8000000000000003,0.8
2013,2,22,20,30,6.4,0,64.17,3.1,0.1
2013,2,22,21,30,5.7,0,66.88,2.7,0
2013,2,22,22,30,4.800000000000001,0,72.2,2.3000000000000003,0.2
2013,2,22,23,30,4,0,77.23,2,0.4
2013,2,23,0,30,3.1,0,81.81,1.9000000000000001,0.30000000000000004
2013,2,23,1,30,2.3000000000000003,0,84.79,1.9000000000000001,0
2013,2,23,2,30,1.8,0,85.47,2,-0.4
2013,2,23,3,30,1.2000000000000002,0,87.02,2.1,-0.7000000000000001
2013,2,23,4,30,0.5,0,89.4,2,-1
2013,2,23,5,30,-0.1,0,91.12,1.8,-1.4000000000000001
2013,2,23,6,30,0.1,0,87.65,2.1,-1.7000000000000002
2013,2,23,7,30,1.8,63,76.57000000000001,2.3000000000000003,-1.9000000000000001
2013,2,23,8,30,4.9,275,62.54,1.9000000000000001,-1.7000000000000002
2013,2,23,9,30,8.4,489,49.15,1.6,-1.7000000000000002
2013,2,23,10,30,11.100000000000001,664,44.15,2,-0.7000000000000001
2013,2,23,11,30,13.100000000000001,786,40.99,2.9000000000000004,0.1
2013,2,23,12,30,14.5,837,38.67,3.3000000000000003,0.6000000000000001
2013,2,23,13,30,15.5,820,37.050000000000004,3.3000000000000003,0.9
2013,2,23,14,30,16,733,36,3.1,0.9
2013,2,23,15,30,15.9,576,35.47,2.6,0.6000000000000001
2013,2,23,16,30,14.100000000000001,373,39.08,1.6,0.4
2013,2,23,17,30,10.600000000000001,149,68.4,1.2000000000000002,5
2013,2,23,18,30,7.9,0,70.26,1.5,2.8000000000000003
2013,2,23,19,30,6.9,0,71.25,1.7000000000000002,2.1
2013,2,23,20,30,6.2,0,71.86,1.9000000000000001,1.5
2013,2,23,21,30,5.5,0,73.59,2,1.2000000000000002
2013,2,23,22,30,4.9,0,76.03,2,1
2013,2,23,23,30,4.2,0,79.4,1.9000000000000001,1
2013,2,24,0,30,3.6,0,82.7,1.9000000000000001,0.9
2013,2,24,1,30,2.9000000000000004,0,86.98,1.7000000000000002,0.9
2013,2,24,2,30,2.2,0,91.42,1.5,0.9
2013,2,24,3,30,1.7000000000000002,0,95.41,1.4000000000000001,1
2013,2,24,4,30,1.3,0,100,1.3,1.3
2013,2,24,5,30,1,0,100,1.2000000000000002,1
2013,2,24,6,30,2.1,0,98.9,1.6,1.9000000000000001
2013,2,24,7,30,5,68,84.14,2.3000000000000003,2.5
2013,2,24,8,30,8.700000000000001,283,69.97,2.8000000000000003,3.5
2013,2,24,9,30,13,495,58.36,3.3000000000000003,5
2013,2,24,10,30,16.6,667,46.57,3.9000000000000004,5.1000000000000005
2013,2,24,11,30,18.8,781,37.74,4.1000000000000005,4.1000000000000005
2013,2,24,12,30,20.1,825,35.68,4.2,4.4
2013,2,24,13,30,20.8,796,36.22,4.3,5.300000000000001
2013,2,24,14,30,21.1,699,37.72,4.2,6.1000000000000005
2013,2,24,15,30,20.700000000000003,544,40.7,3.9000000000000004,6.9
2013,2,24,16,30,18.900000000000002,347,48.71,2.9000000000000004,7.9
2013,2,24,17,30,16.1,133,66.41,2.4000000000000004,9.8
2013,2,24,18,30,14.700000000000001,0,70.64,3.2,9.4
2013,2,24,19,30,14.3,0,72.07000000000001,4,9.3
2013,2,24,20,30,13.4,0,76.97,3.9000000000000004,9.4
2013,2,24,21,30,12.3,0,83.62,3.4000000000000004,9.600000000000001
2013,2,24,22,30,11.5,0,88.98,3.3000000000000003,9.700000000000001
2013,2,24,23,30,10.9,0,93.41,3.3000000000000003,9.9
2013,2,25,0,30,10.200000000000001,0,99.39,2.8000000000000003,10.100000000000001
2013,2,25,1,30,9.9,0,100,1.9000000000000001,9.9
2013,2,25,2,30,10.600000000000001,0,99.56,1.8,10.5
2013,2,25,3,30,11.5,0,95.97,2.6,10.9
2013,2,25,4,30,12.200000000000001,0,94.9,3.1,11.4
2013,2,25,5,30,12.100000000000001,0,97.94,3,11.8
2013,2,25,6,30,11.8,0,96.04,3.3000000000000003,11.200000000000001
2013,2,25,7,30,12.4,23,80.88,4.2,9.200000000000001
2013,2,25,8,30,14,94,58.63,5.7,6
2013,2,25,9,30,15.8,331,34.38,7.1000000000000005,0.1
2013,2,25,10,30,16.900000000000002,691,24.18,7.6000000000000005,-3.7
2013,2,25,11,30,17.3,810,23.43,7.9,-3.8000000000000003
2013,2,25,12,30,17.1,847,26.05,8.3,-2.5
2013,2,25,13,30,16.2,518,30.1,8.6,-1.4000000000000001
2013,2,25,14,30,14.9,723,32.660000000000004,8.700000000000001,-1.4000000000000001
2013,2,25,15,30,13.100000000000001,115,35.15,8.700000000000001,-2
2013,2,25,16,30,10.9,142,40.480000000000004,8.5,-2
2013,2,25,17,30,8.700000000000001,96,49.01,8.3,-1.4000000000000001
2013,2,25,18,30,7.1000000000000005,0,58.64,8.5,-0.5
2013,2,25,19,30,6.1000000000000005,0,65.36,8.700000000000001,0.1
2013,2,25,20,30,5.4,0,66.94,8.8,-0.30000000000000004
2013,2,25,21,30,5.1000000000000005,0,67.04,8.6,-0.5
2013,2,25,22,30,5,0,68.27,8.1,-0.4
2013,2,25,23,30,4.800000000000001,0,69.95,7.5,-0.2
2013,2,26,0,30,4.5,0,71.31,6.9,-0.2
2013,2,26,1,30,4.1000000000000005,0,72.48,6.5,-0.4
2013,2,26,2,30,3.7,0,73.47,6.1000000000000005,-0.6000000000000001
2013,2,26,3,30,3.4000000000000004,0,74.14,5.7,-0.8
2013,2,26,4,30,3.1,0,75.17,5.4,-0.9
2013,2,26,5,30,2.7,0,76.57000000000001,4.800000000000001,-1
2013,2,26,6,30,2.7,0,75.68,4.3,-1.2000000000000002
2013,2,26,7,30,4.4,76,67.02,4.800000000000001,-1.2000000000000002
2013,2,26,8,30,7,297,54.980000000000004,5.6000000000000005,-1.4000000000000001
2013,2,26,9,30,9.4,515,46.15,5.7,-1.6
2013,2,26,10,30,11.5,692,40.71,5.4,-1.4000000000000001
2013,2,26,11,30,13.3,807,37.01,5.1000000000000005,-1.1
2013,2,26,12,30,14.700000000000001,858,34.27,4.800000000000001,-0.9
2013,2,26,13,30,15.600000000000001,836,32.47,4.4,-0.9
2013,2,26,14,30,16,743,31.52,3.9000000000000004,-0.9
2013,2,26,15,30,15.9,587,31.54,3.3000000000000003,-1
2013,2,26,16,30,14.3,383,34.62,2.1,-1.1
2013,2,26,17,30,12.100000000000001,158,56.85,1.1,3.8000000000000003
2013,2,26,18,30,11.600000000000001,0,49.11,0.7000000000000001,1.3
2013,2,26,19,30,11.700000000000001,0,42.03,0.5,-0.8
2013,2,26,20,30,10.4,0,44.230000000000004,0.7000000000000001,-1.3
2013,2,26,21,30,8.5,0,53.75,1.1,-0.30000000000000004
2013,2,26,22,30,6.800000000000001,0,64.68,1.3,0.6000000000000001
2013,2,26,23,30,5.6000000000000005,0,71.86,1.4000000000000001,0.9
2013,2,27,0,30,4.7,0,75.91,1.6,0.8
2013,2,27,1,30,4.1000000000000005,0,79.95,1.7000000000000002,1
2013,2,27,2,30,3.4000000000000004,0,85.37,1.5,1.2000000000000002
2013,2,27,3,30,2.9000000000000004,0,89.27,1.3,1.3
2013,2,27,4,30,2.6,0,92.95,1.1,1.6
2013,2,27,5,30,2,0,97.45,1,1.6
2013,2,27,6,30,2.4000000000000004,0,94.46000000000001,2,1.6
2013,2,27,7,30,4.4,57,82.73,4.1000000000000005,1.7000000000000002
2013,2,27,8,30,7.300000000000001,297,66.8,5.6000000000000005,1.5
2013,2,27,9,30,10.3,515,52.910000000000004,6.2,1.1
2013,2,27,10,30,12.700000000000001,693,43.2,6.1000000000000005,0.5
2013,2,27,11,30,14.3,813,36.95,5.9,-0.2
2013,2,27,12,30,15.3,862,32.68,5.7,-1
2013,2,27,13,30,15.700000000000001,845,29.830000000000002,5.7,-1.9000000000000001
2013,2,27,14,30,15.600000000000001,751,28.72,5.800000000000001,-2.5
2013,2,27,15,30,15,593,28.97,5.7,-2.9000000000000004
2013,2,27,16,30,13.5,388,31.080000000000002,4.800000000000001,-3.3000000000000003
2013,2,27,17,30,10.4,146,39.34,3.3000000000000003,-2.9000000000000004
2013,2,27,18,30,7.800000000000001,0,52.49,2.6,-1.3
2013,2,27,19,30,6.9,0,55.09,3,-1.5
2013,2,27,20,30,6.300000000000001,0,55.24,3.5,-2
2013,2,27,21,30,5.2,0,57.19,3.5,-2.6
2013,2,27,22,30,4.1000000000000005,0,61,3.2,-2.8000000000000003
2013,2,27,23,30,3.3000000000000003,0,63.93,2.9000000000000004,-2.9000000000000004
2013,2,28,0,30,2.7,0,67.79,2.9000000000000004,-2.7
2013,2,28,1,30,2.4000000000000004,0,71.5,3,-2.2
2013,2,28,2,30,1.9000000000000001,0,76.73,3,-1.8
2013,2,28,3,30,1.3,0,82.46000000000001,2.8000000000000003,-1.4000000000000001
2013,2,28,4,30,0.7000000000000001,0,87.13,2.8000000000000003,-1.2000000000000002
2013,2,28,5,30,0.2,0,90.2,2.6,-1.2000000000000002
2013,2,28,6,30,0.6000000000000001,0,86.82000000000001,2.9000000000000004,-1.3
2013,2,28,7,30,2.9000000000000004,54,74.36,3.4000000000000004,-1.2000000000000002
2013,2,28,8,30,6,230,58.83,3.9000000000000004,-1.5
2013,2,28,9,30,8.700000000000001,432,44.77,4.4,-2.7
2013,2,28,10,30,10.9,704,39.050000000000004,4.5,-2.5
2013,2,28,11,30,12.8,823,34.980000000000004,4.5,-2.3000000000000003
2013,2,28,12,30,14.200000000000001,867,31.93,4.6000000000000005,-2.3000000000000003
2013,2,28,13,30,15.100000000000001,713,29.37,4.800000000000001,-2.6
2013,2,28,14,30,15.5,751,27.42,5,-3.2
2013,2,28,15,30,15.200000000000001,593,26.8,4.9,-3.8000000000000003
2013,2,28,16,30,13.700000000000001,389,28.740000000000002,3.8000000000000003,-4.2
2013,2,28,17,30,10.3,162,41.19,2.4000000000000004,-2.3000000000000003
2013,2,28,18,30,7.800000000000001,0,54.31,2.1,-0.9
2013,2,28,19,30,6.9,0,56.47,2.2,-1.2000000000000002
2013,2,28,20,30,6.1000000000000005,0,59.02,2.2,-1.3
2013,2,28,21,30,5.1000000000000005,0,63.410000000000004,2.1,-1.3
2013,2,28,22,30,4.1000000000000005,0,68.29,1.9000000000000001,-1.2000000000000002
2013,2,28,23,30,3.3000000000000003,0,72.12,1.7000000000000002,-1.2000000000000002
2013,3,1,0,30,2.6,0,75.3,1.6,-1.3
2013,3,1,1,30,1.9000000000000001,0,78.51,1.5,-1.4000000000000001
2013,3,1,2,30,1.2000000000000002,0,81.74,1.4000000000000001,-1.6
2013,3,1,3,30,0.6000000000000001,0,84.12,1.3,-1.8
2013,3,1,4,30,0.1,0,85.88,1.2000000000000002,-2
2013,3,1,5,30,-0.2,0,86.77,1.2000000000000002,-2.1
2013,3,1,6,30,1,0,80.41,1.6,-2
2013,3,1,7,30,3.4000000000000004,84,71.8,2.2,-1.2000000000000002
2013,3,1,8,30,5.9,226,61.11,2.3000000000000003,-1
2013,3,1,9,30,8.5,389,50.64,2.2,-1.2000000000000002
2013,3,1,10,30,10.3,515,42.7,2.2,-1.8
2013,3,1,11,30,11.5,611,38.22,2.1,-2.3000000000000003
2013,3,1,12,30,12.8,858,34.33,2.2,-2.6
2013,3,1,13,30,14.3,836,31.310000000000002,2.8000000000000003,-2.5
2013,3,1,14,30,15.200000000000001,742,29.79,3.2,-2.4000000000000004
2013,3,1,15,30,15,167,30.07,3.5,-2.4000000000000004
2013,3,1,16,30,13.600000000000001,90,32.92,3.1,-2.4000000000000004
2013,3,1,17,30,10.8,157,46.51,2.8000000000000003,-0.2
2013,3,1,18,30,8.6,0,54.61,3.2,0
2013,3,1,19,30,7.4,0,59.21,3.5,0
2013,3,1,20,30,6.2,0,66.21000000000001,3,0.4
2013,3,1,21,30,5.1000000000000005,0,73.78,2.4000000000000004,0.8
2013,3,1,22,30,4.3,0,78.49,2.4000000000000004,0.9
2013,3,1,23,30,3.6,0,81.89,2.5,0.8
2013,3,2,0,30,2.9000000000000004,0,85.35000000000001,2.6,0.7000000000000001
2013,3,2,1,30,2.3000000000000003,0,87.79,2.7,0.5
2013,3,2,2,30,1.5,0,90.73,2.7,0.1
2013,3,2,3,30,0.7000000000000001,0,93.07000000000001,2.5,-0.30000000000000004
2013,3,2,4,30,0.1,0,93.7,2.5,-0.8
2013,3,2,5,30,-0.6000000000000001,0,95.18,2.5,-1.3
2013,3,2,6,30,-0.4,0,90.49,3,-1.8
2013,3,2,7,30,1.5,90,77,4.1000000000000005,-2.1
2013,3,2,8,30,3.8000000000000003,316,54.95,5.1000000000000005,-4.4
2013,3,2,9,30,6.1000000000000005,536,43.21,5.300000000000001,-5.5
2013,3,2,10,30,8.3,715,36.12,5.2,-5.9
2013,3,2,11,30,10.4,835,31.14,5.1000000000000005,-6
2013,3,2,12,30,12.100000000000001,879,27.87,5.2,-5.9
2013,3,2,13,30,13.3,851,25.990000000000002,5.300000000000001,-5.800000000000001
2013,3,2,14,30,14,757,25.46,5.1000000000000005,-5.5
2013,3,2,15,30,14,595,26.61,4.7,-4.9
2013,3,2,16,30,12.700000000000001,388,30.66,3.2,-4.2
2013,3,2,17,30,9.3,164,49.78,1.7000000000000002,-0.7000000000000001
2013,3,2,18,30,6.7,0,64.38,1.3,0.4
2013,3,2,19,30,5.800000000000001,0,65.99,1.3,-0.1
2013,3,2,20,30,5.1000000000000005,0,67.03,1.2000000000000002,-0.5
2013,3,2,21,30,4.3,0,68.51,1.2000000000000002,-1
2013,3,2,22,30,3.6,0,69.62,1.2000000000000002,-1.4000000000000001
2013,3,2,23,30,3,0,70.89,1.2000000000000002,-1.8
2013,3,3,0,30,2.5,0,72.43,1.2000000000000002,-2
2013,3,3,1,30,2,0,74.47,1.2000000000000002,-2.1
2013,3,3,2,30,1.6,0,76.34,1.3,-2.1
2013,3,3,3,30,1.3,0,78.2,1.3,-2.1
2013,3,3,4,30,1,0,80.46000000000001,1.4000000000000001,-2
2013,3,3,5,30,1,0,81.17,1.7000000000000002,-1.9000000000000001
2013,3,3,6,30,2.1,0,76.38,2.6,-1.6
2013,3,3,7,30,4.800000000000001,93,66.14,3.5,-1
2013,3,3,8,30,8.5,312,53.77,4.2,-0.30000000000000004
2013,3,3,9,30,12.600000000000001,527,41.800000000000004,5.1000000000000005,0
2013,3,3,10,30,16.1,702,34.85,5.5,0.6000000000000001
2013,3,3,11,30,18.900000000000002,819,30.39,5.7,1.1
2013,3,3,12,30,20.900000000000002,868,27.580000000000002,5.9,1.5
2013,3,3,13,30,22,845,26.12,6.1000000000000005,1.7000000000000002
2013,3,3,14,30,22.400000000000002,751,25.62,6.2,1.7000000000000002
2013,3,3,15,30,22.1,553,26.34,5.9,1.9000000000000001
2013,3,3,16,30,20.5,269,30.32,5,2.5
2013,3,3,17,30,17.7,157,38.660000000000004,4.5,3.4000000000000004
2013,3,3,18,30,15.8,0,43.44,4.800000000000001,3.4000000000000004
2013,3,3,19,30,14.8,0,46.11,5.4,3.3000000000000003
2013,3,3,20,30,13.600000000000001,0,50.7,5.5,3.6
2013,3,3,21,30,12.3,0,57.910000000000004,5.300000000000001,4.2
2013,3,3,22,30,11.3,0,66.99,5.5,5.4
2013,3,3,23,30,10.700000000000001,0,76.06,5.6000000000000005,6.7
2013,3,4,0,30,10.4,0,83.56,5.4,7.7
2013,3,4,1,30,10.200000000000001,0,88.93,5.300000000000001,8.5
2013,3,4,2,30,10,0,92.89,5.300000000000001,8.9
2013,3,4,3,30,9.8,0,95.54,5.1000000000000005,9.1
2013,3,4,4,30,9.5,0,97.71000000000001,4.800000000000001,9.200000000000001
2013,3,4,5,30,9.3,0,98.68,4.6000000000000005,9.1
2013,3,4,6,30,9.8,0,95.02,5,9
2013,3,4,7,30,11.700000000000001,72,84.41,6,9.200000000000001
2013,3,4,8,30,14.600000000000001,243,72.2,7,9.600000000000001
2013,3,4,9,30,18.3,523,56.44,7.300000000000001,9.5
2013,3,4,10,30,22.3,694,41.87,6.9,8.700000000000001
2013,3,4,11,30,25.5,807,32.28,6.4,7.7
2013,3,4,12,30,27.8,428,26.48,5.9,6.800000000000001
2013,3,4,13,30,28.700000000000003,573,23.900000000000002,5.300000000000001,6.1000000000000005
2013,3,4,14,30,28.1,383,24.05,4.3,5.7
2013,3,4,15,30,26.200000000000003,427,31.75,3.1,8.1
2013,3,4,16,30,23.6,230,43.78,2.7,10.600000000000001
2013,3,4,17,30,21.200000000000003,162,48.51,3,9.9
2013,3,4,18,30,20,0,47.64,3.5,8.5
2013,3,4,19,30,19.400000000000002,0,47.35,4.2,7.9
2013,3,4,20,30,18.400000000000002,0,49.01,4.7,7.5
2013,3,4,21,30,17.1,0,52.800000000000004,4.7,7.4
2013,3,4,22,30,15.600000000000001,0,59.25,4.5,7.7
2013,3,4,23,30,14.100000000000001,0,68.02,3.8000000000000003,8.3
2013,3,5,0,30,13,0,75.16,3.3000000000000003,8.700000000000001
2013,3,5,1,30,12.4,0,73.60000000000001,4.9,7.800000000000001
2013,3,5,2,30,11,0,70.60000000000001,7.4,5.9
2013,3,5,3,30,9.3,0,70.10000000000001,8.3,4.1000000000000005
2013,3,5,4,30,8.200000000000001,0,67.39,7.6000000000000005,2.5
2013,3,5,5,30,7.4,0,65.79,6.9,1.4000000000000001
2013,3,5,6,30,7.300000000000001,0,63.6,6.7,0.8
2013,3,5,7,30,8.3,101,57.1,7,0.30000000000000004
2013,3,5,8,30,10.100000000000001,332,44.71,7.4,-1.4000000000000001
2013,3,5,9,30,11.9,555,32.53,7.5,-4.1000000000000005
2013,3,5,10,30,13.600000000000001,740,25.75,7.5,-5.7
2013,3,5,11,30,14.8,868,22.02,7.4,-6.7
2013,3,5,12,30,15.600000000000001,917,19.54,7.300000000000001,-7.6000000000000005
2013,3,5,13,30,15.9,893,18.53,6.9,-8
2013,3,5,14,30,15.700000000000001,795,18.79,6.300000000000001,-8
2013,3,5,15,30,15.200000000000001,634,19.54,5.7,-7.9
2013,3,5,16,30,13.9,423,21.330000000000002,4.5,-7.9
2013,3,5,17,30,10.5,188,29.53,2.8000000000000003,-6.6000000000000005
2013,3,5,18,30,7.5,0,47.14,2,-3.1
2013,3,5,19,30,6.300000000000001,0,51.46,2,-3
2013,3,5,20,30,5.4,0,54.410000000000004,2,-3.1
2013,3,5,21,30,4.5,0,57.32,2,-3.2
2013,3,5,22,30,3.6,0,60.64,2,-3.3000000000000003
2013,3,5,23,30,2.8000000000000003,0,64.2,1.9000000000000001,-3.3000000000000003
2013,3,6,0,30,2,0,68.06,1.9000000000000001,-3.3000000000000003
2013,3,6,1,30,1.3,0,71.37,1.8,-3.3000000000000003
2013,3,6,2,30,0.7000000000000001,0,73.88,1.8,-3.4000000000000004
2013,3,6,3,30,0.1,0,76.15,1.8,-3.6
2013,3,6,4,30,-0.4,0,78.34,1.8,-3.7
2013,3,6,5,30,-0.8,0,79.73,1.9000000000000001,-3.9000000000000004
2013,3,6,6,30,0.2,0,72.86,2.6,-4.1000000000000005
2013,3,6,7,30,3,116,59.95,3,-4
2013,3,6,8,30,6.7,351,46.71,3.2,-3.9000000000000004
2013,3,6,9,30,10.100000000000001,486,30.68,3.2,-6.4
2013,3,6,10,30,12.3,754,26.900000000000002,2.5,-6.2
2013,3,6,11,30,13.600000000000001,865,25.580000000000002,2,-5.800000000000001
2013,3,6,12,30,14,908,25.11,1.5,-5.7
2013,3,6,13,30,14.100000000000001,877,24.61,1,-5.9
2013,3,6,14,30,14.5,739,24.19,0.9,-5.7
2013,3,6,15,30,14.600000000000001,459,24.78,1,-5.300000000000001
2013,3,6,16,30,13.600000000000001,296,27.71,0.9,-4.7
2013,3,6,17,30,11.5,152,55.26,0.9,2.8000000000000003
2013,3,6,18,30,9.600000000000001,0,56.47,1.1,1.4000000000000001
2013,3,6,19,30,8.3,0,58.68,1.2000000000000002,0.7000000000000001
2013,3,6,20,30,7.300000000000001,0,60.33,1.3,0.1
2013,3,6,21,30,6.4,0,63.370000000000005,1.4000000000000001,-0.1
2013,3,6,22,30,5.7,0,64.67,1.5,-0.4
2013,3,6,23,30,5.1000000000000005,0,67.2,1.5,-0.5
2013,3,7,0,30,4.6000000000000005,0,70.05,1.5,-0.4
2013,3,7,1,30,4.1000000000000005,0,73.10000000000001,1.6,-0.30000000000000004
2013,3,7,2,30,3.7,0,76.28,1.5,-0.1
2013,3,7,3,30,3.8000000000000003,0,77.77,1.5,0.30000000000000004
2013,3,7,4,30,3.9000000000000004,0,80.77,1.4000000000000001,0.9
2013,3,7,5,30,3.6,0,85.42,1.4000000000000001,1.4000000000000001
2013,3,7,6,30,4.5,0,81.97,1.7000000000000002,1.7000000000000002
2013,3,7,7,30,7.1000000000000005,70,72.88,2.2,2.6
2013,3,7,8,30,10.4,217,61.2,2.6,3.2
2013,3,7,9,30,14.100000000000001,415,49.620000000000005,3.4000000000000004,3.7
2013,3,7,10,30,16.6,552,38.06,4.2,2.2
2013,3,7,11,30,18,624,33.54,4.4,1.7000000000000002
2013,3,7,12,30,19.200000000000003,763,31.32,4.5,1.8
2013,3,7,13,30,20.1,844,30.52,4.6000000000000005,2.2
2013,3,7,14,30,20.400000000000002,617,31.29,4.6000000000000005,2.8000000000000003
2013,3,7,15,30,20,591,33.3,4.4,3.4000000000000004
2013,3,7,16,30,18.400000000000002,366,38.42,3.5,4
2013,3,7,17,30,15.200000000000001,129,54.18,2.3000000000000003,6
2013,3,7,18,30,12.8,0,66.32000000000001,2.1,6.7
2013,3,7,19,30,12.3,0,68.64,2.3000000000000003,6.7
2013,3,7,20,30,11.8,0,71.07000000000001,2.7,6.7
2013,3,7,21,30,11.5,0,73.18,3.2,6.9
2013,3,7,22,30,11.200000000000001,0,76.57000000000001,3.5,7.2
2013,3,7,23,30,10.8,0,81.51,3.4000000000000004,7.800000000000001
2013,3,8,0,30,10.5,0,86.11,3.1,8.3
2013,3,8,1,30,10.200000000000001,0,90.06,2.9000000000000004,8.6
2013,3,8,2,30,10,0,92.58,2.7,8.9
2013,3,8,3,30,9.9,0,94.03,2.5,9
2013,3,8,4,30,9.9,0,94.49,2.3000000000000003,9.1
2013,3,8,5,30,10.100000000000001,0,94.04,2.5,9.200000000000001
2013,3,8,6,30,10.8,0,91.5,3.2,9.5
2013,3,8,7,30,12.200000000000001,21,86.48,3.9000000000000004,10
2013,3,8,8,30,13.700000000000001,26,83.4,3.8000000000000003,10.9
2013,3,8,9,30,14.600000000000001,95,84.18,3.5,12
2013,3,8,10,30,15.100000000000001,182,84.48,3.6,12.5
2013,3,8,11,30,15.9,215,83.15,4,13
2013,3,8,12,30,16.6,234,82.67,4.3,13.600000000000001
2013,3,8,13,30,17.2,261,82.95,4.4,14.3
2013,3,8,14,30,17.6,273,84.48,4.2,15
2013,3,8,15,30,17.8,32,86.82000000000001,3.8000000000000003,15.600000000000001
2013,3,8,16,30,17.5,98,91.04,3.4000000000000004,16
2013,3,8,17,30,16.8,42,95.33,3.1,16
2013,3,8,18,30,16,0,98.4,3,15.700000000000001
2013,3,8,19,30,15.5,0,99.14,3.2,15.4
2013,3,8,20,30,15,0,99.46000000000001,3.6,14.9
2013,3,8,21,30,14.4,0,100,3.8000000000000003,14.4
2013,3,8,22,30,13.9,0,100,3.8000000000000003,13.9
2013,3,8,23,30,13.4,0,100,3.7,13.4
2013,3,9,0,30,13.100000000000001,0,99.72,3.8000000000000003,13.100000000000001
2013,3,9,1,30,12.8,0,99.34,3.9000000000000004,12.700000000000001
2013,3,9,2,30,12.600000000000001,0,99.02,3.7,12.4
2013,3,9,3,30,12.600000000000001,0,98.26,3.6,12.3
2013,3,9,4,30,12.8,0,97.13,3.7,12.4
2013,3,9,5,30,13.100000000000001,0,96.86,3.7,12.600000000000001
2013,3,9,6,30,13.9,0,94.17,4,13
2013,3,9,7,30,15.600000000000001,103,89.10000000000001,4.9,13.8
2013,3,9,8,30,17.900000000000002,63,84.47,5.9,15.200000000000001
2013,3,9,9,30,20.200000000000003,127,79.07000000000001,6.800000000000001,16.5
2013,3,9,10,30,22,241,73.37,7.300000000000001,17
2013,3,9,11,30,23.3,146,69.34,7.300000000000001,17.400000000000002
2013,3,9,12,30,24.3,132,66.25,7.300000000000001,17.6
2013,3,9,13,30,24.8,85,65.02,7.2,17.8
2013,3,9,14,30,24.8,109,65.56,7,17.900000000000002
2013,3,9,15,30,24.3,303,68.3,6.5,18.1
2013,3,9,16,30,23,141,75.21000000000001,5.7,18.400000000000002
2013,3,9,17,30,21.400000000000002,58,84.32000000000001,5.2,18.6
2013,3,9,18,30,20.1,0,90.61,5.2,18.5
2013,3,9,19,30,19.200000000000003,0,94.09,5.4,18.2
2013,3,9,20,30,18.5,0,95.87,5.6000000000000005,17.8
2013,3,9,21,30,17.900000000000002,0,96.79,5.5,17.400000000000002
2013,3,9,22,30,17.400000000000002,0,97.76,5.2,17
2013,3,9,23,30,16.900000000000002,0,98.83,4.800000000000001,16.7
2013,3,10,0,30,15.600000000000001,0,100,4.4,15.600000000000001
2013,3,10,1,30,13.5,0,100,4.7,13.5
2013,3,10,2,30,11.5,0,96.4,5.1000000000000005,10.9
2013,3,10,3,30,10.8,0,90.8,4.800000000000001,9.4
2013,3,10,4,30,10.8,0,90.18,4,9.3
2013,3,10,5,30,11,0,90.28,2.9000000000000004,9.5
2013,3,10,6,30,11.3,0,89.43,2.2,9.600000000000001
2013,3,10,7,30,12,4,86.04,2.9000000000000004,9.700000000000001
2013,3,10,8,30,12.700000000000001,179,75.97,4.800000000000001,8.6
2013,3,10,9,30,13.3,318,56.26,6.2,4.800000000000001
2013,3,10,10,30,14.100000000000001,739,43.980000000000004,6.5,2
2013,3,10,11,30,14.8,860,38.95,6.6000000000000005,1
2013,3,10,12,30,15.3,905,37.4,6.800000000000001,0.8
2013,3,10,13,30,15.4,879,37.44,6.9,0.9
2013,3,10,14,30,15.100000000000001,783,37.95,6.7,0.9
2013,3,10,15,30,14.5,624,38.49,6.300000000000001,0.5
2013,3,10,16,30,13.4,418,39.69,5.5,0
2013,3,10,17,30,11.200000000000001,190,44.68,3.8000000000000003,-0.4
2013,3,10,18,30,8.8,0,56.99,2.5,0.7000000000000001
2013,3,10,19,30,7.4,0,65.1,2.1,1.3
2013,3,10,20,30,6.4,0,69.7,2,1.3
2013,3,10,21,30,5.5,0,73.25,1.9000000000000001,1.1
2013,3,10,22,30,4.7,0,76.07000000000001,1.8,0.8
2013,3,10,23,30,3.9000000000000004,0,79.19,1.6,0.6000000000000001
2013,3,11,0,30,3,0,83.33,1.4000000000000001,0.4
2013,3,11,1,30,2.3000000000000003,0,86.19,1.3,0.2
2013,3,11,2,30,1.8,0,87.57000000000001,1.4000000000000001,0
2013,3,11,3,30,1.4000000000000001,0,88.38,1.6,-0.30000000000000004
2013,3,11,4,30,1,0,89.4,1.9000000000000001,-0.5
2013,3,11,5,30,0.6000000000000001,0,90.49,2,-0.8
2013,3,11,6,30,1.3,0,84.74,2.7,-1
2013,3,11,7,30,4,132,70.14,3.6,-1
2013,3,11,8,30,7.2,367,50.99,4.3,-2.3000000000000003
2013,3,11,9,30,9.600000000000001,595,35.47,4.7,-5
2013,3,11,10,30,11.4,774,28.71,4.7,-6.2
2013,3,11,11,30,13.100000000000001,894,25.32,4.6000000000000005,-6.300000000000001
2013,3,11,12,30,14.5,934,23.400000000000002,4.6000000000000005,-6.2
2013,3,11,13,30,15.5,908,22.17,4.6000000000000005,-6
2013,3,11,14,30,16.1,803,21.72,4.5,-5.800000000000001
2013,3,11,15,30,16.2,642,22.41,4,-5.300000000000001
2013,3,11,16,30,14.9,429,25.46,2.6,-4.7
2013,3,11,17,30,12.100000000000001,194,50.870000000000005,1.4000000000000001,2.2
2013,3,11,18,30,10.3,0,53.4,1.2000000000000002,1.2000000000000002
2013,3,11,19,30,9.5,0,50.76,1.3,-0.2
2013,3,11,20,30,8.3,0,54.5,1.3,-0.30000000000000004
2013,3,11,21,30,7,0,59.49,1.4000000000000001,-0.4
2013,3,11,22,30,6,0,62.940000000000005,1.4000000000000001,-0.5
2013,3,11,23,30,5.2,0,65.35,1.4000000000000001,-0.8
2013,3,12,0,30,4.6000000000000005,0,67.21000000000001,1.5,-1
2013,3,12,1,30,4,0,69.65,1.5,-1
2013,3,12,2,30,3.5,0,72.12,1.4000000000000001,-1.1
2013,3,12,3,30,3,0,75.13,1.4000000000000001,-1
2013,3,12,4,30,2.6,0,77.73,1.3,-0.9
2013,3,12,5,30,2.3000000000000003,0,79.65,1.3,-0.9
2013,3,12,6,30,3.9000000000000004,0,71.48,1.6,-0.8
2013,3,12,7,30,7.2,131,61.27,2,0.2
2013,3,12,8,30,11,360,47.59,2.5,0.30000000000000004
2013,3,12,9,30,15,574,36.27,3.2,0.1
2013,3,12,10,30,17.900000000000002,748,29.32,3.4000000000000004,-0.2
2013,3,12,11,30,19.700000000000003,859,28.34,3,0.8
2013,3,12,12,30,21,908,28.11,2.7,1.8
2013,3,12,13,30,21.8,878,28.26,2.3000000000000003,2.6
2013,3,12,14,30,22.200000000000003,780,28.64,1.9000000000000001,3.1
2013,3,12,15,30,22,617,29.650000000000002,1.9000000000000001,3.5
2013,3,12,16,30,19.900000000000002,410,36.300000000000004,2,4.5
2013,3,12,17,30,16.2,183,58.31,2.1,8
2013,3,12,18,30,13.5,0,61.4,2.4000000000000004,6.2
2013,3,12,19,30,12.200000000000001,0,63.35,2.5,5.4
2013,3,12,20,30,11.200000000000001,0,65.68,2.5,5
2013,3,12,21,30,10.200000000000001,0,68.13,2.4000000000000004,4.6000000000000005
2013,3,12,22,30,9.1,0,71.67,2.2,4.3
2013,3,12,23,30,8,0,76.13,2,4.1000000000000005
2013,3,13,0,30,7.1000000000000005,0,80.19,1.7000000000000002,3.9000000000000004
2013,3,13,1,30,6.4,0,83.24,1.6,3.8000000000000003
2013,3,13,2,30,5.800000000000001,0,85.61,1.5,3.6
2013,3,13,3,30,5.2,0,88.21000000000001,1.4000000000000001,3.4000000000000004
2013,3,13,4,30,4.800000000000001,0,89.92,1.4000000000000001,3.3000000000000003
2013,3,13,5,30,4.5,0,91.16,1.4000000000000001,3.2
2013,3,13,6,30,6,0,82.60000000000001,1.9000000000000001,3.3000000000000003
2013,3,13,7,30,9.1,131,70.85000000000001,2.3000000000000003,4.1000000000000005
2013,3,13,8,30,13.100000000000001,358,57.19,2.6,4.800000000000001
2013,3,13,9,30,16.7,574,42.56,3.1,3.9000000000000004
2013,3,13,10,30,18.7,747,36.33,2.9000000000000004,3.4000000000000004
2013,3,13,11,30,20,858,34.67,2.5,3.9000000000000004
2013,3,13,12,30,20.8,902,34.29,2.2,4.5
2013,3,13,13,30,21.3,875,34.33,1.9000000000000001,4.9
2013,3,13,14,30,21.400000000000002,774,34.75,1.7000000000000002,5.2
2013,3,13,15,30,21.1,611,35.79,1.7000000000000002,5.4
2013,3,13,16,30,19.6,407,39.87,1.5,5.6000000000000005
2013,3,13,17,30,16.3,183,64.77,1.2000000000000002,9.700000000000001
2013,3,13,18,30,13.5,0,71.14,1.5,8.4
2013,3,13,19,30,12.600000000000001,0,70.10000000000001,1.7000000000000002,7.300000000000001
2013,3,13,20,30,11.9,0,70.86,1.9000000000000001,6.800000000000001
2013,3,13,21,30,11.3,0,71.9,2,6.4
2013,3,13,22,30,10.600000000000001,0,73.81,2,6.1000000000000005
2013,3,13,23,30,9.8,0,76.75,2.1,5.9
2013,3,14,0,30,9,0,80.92,2.1,5.9
2013,3,14,1,30,8.200000000000001,0,86.68,1.9000000000000001,6.1000000000000005
2013,3,14,2,30,7.5,0,92.57000000000001,1.7000000000000002,6.4
2013,3,14,3,30,7,0,97.68,1.5,6.7
2013,3,14,4,30,6.6000000000000005,0,100,1.4000000000000001,6.6000000000000005
2013,3,14,5,30,6.4,0,100,1.3,6.4
2013,3,14,6,30,8,0,94.44,1.8,7.2
2013,3,14,7,30,11.200000000000001,129,78.13,2.2,7.5
2013,3,14,8,30,15,351,63.86,3.2,8.200000000000001
2013,3,14,9,30,18.5,563,47.09,4.5,7
2013,3,14,10,30,20.6,734,39.550000000000004,4.7,6.4
2013,3,14,11,30,22.1,844,37.28,4.7,6.800000000000001
2013,3,14,12,30,23.200000000000003,898,36.15,4.6000000000000005,7.4
2013,3,14,13,30,23.900000000000002,872,35.43,4.4,7.7
2013,3,14,14,30,24.200000000000003,776,34.910000000000004,4.2,7.7
2013,3,14,15,30,23.8,619,35.51,3.8000000000000003,7.6000000000000005
2013,3,14,16,30,22.1,418,40.17,2.7,7.9
2013,3,14,17,30,18.5,192,62.63,1.7000000000000002,11.200000000000001
2013,3,14,18,30,15.8,0,69.26,1.8,10.200000000000001
2013,3,14,19,30,14.9,0,69.33,2,9.3
2013,3,14,20,30,14.4,0,69.35000000000001,2.5,8.9
2013,3,14,21,30,14,0,69.53,3.1,8.5
2013,3,14,22,30,13.4,0,71.96000000000001,3.5,8.4
2013,3,14,23,30,12.5,0,78.19,3.7,8.8
2013,3,15,0,30,11.700000000000001,0,85.65,3.6,9.4
2013,3,15,1,30,11,0,93.2,3.4000000000000004,9.9
2013,3,15,2,30,10.5,0,99.06,3,10.4
2013,3,15,3,30,10,0,100,2.6,10
2013,3,15,4,30,9.700000000000001,0,100,2.3000000000000003,9.700000000000001
2013,3,15,5,30,9.5,0,100,2.3000000000000003,9.5
2013,3,15,6,30,10.8,0,99.05,3.1,10.700000000000001
2013,3,15,7,30,13.700000000000001,138,83.49,4.2,11
2013,3,15,8,30,17.1,364,71.53,5,11.9
2013,3,15,9,30,20.200000000000003,579,59.88,5.4,12.200000000000001
2013,3,15,10,30,22.8,751,49.5,5.5,11.700000000000001
2013,3,15,11,30,24.6,864,42.78,5.6000000000000005,11.100000000000001
2013,3,15,12,30,25.700000000000003,907,38.93,5.7,10.700000000000001
2013,3,15,13,30,26.200000000000003,880,36.7,5.800000000000001,10.200000000000001
2013,3,15,14,30,26.200000000000003,783,35.34,5.800000000000001,9.700000000000001
2013,3,15,15,30,25.700000000000003,626,34.71,5.4,9
2013,3,15,16,30,24.1,421,37.32,4.2,8.6
2013,3,15,17,30,20.900000000000002,195,47.7,3.1,9.4
2013,3,15,18,30,18.400000000000002,12,53.370000000000005,3.1,8.8
2013,3,15,19,30,17.8,0,51.300000000000004,3.8000000000000003,7.6000000000000005
2013,3,15,20,30,17.2,0,51.18,4.800000000000001,7
2013,3,15,21,30,16.2,0,56.19,5.300000000000001,7.5
2013,3,15,22,30,15,0,66.78,5,8.9
2013,3,15,23,30,13.9,0,79.96000000000001,4.800000000000001,10.5
2013,3,16,0,30,13.3,0,90.46000000000001,4.7,11.8
2013,3,16,1,30,12.9,0,97.19,4.6000000000000005,12.5
2013,3,16,2,30,12.700000000000001,0,100,4.3,12.700000000000001
2013,3,16,3,30,12.5,0,100,3.9000000000000004,12.5
2013,3,16,4,30,12.3,0,100,3.5,12.3
2013,3,16,5,30,12.100000000000001,0,100,3.4000000000000004,12.100000000000001
2013,3,16,6,30,13,0,97.19,3.8000000000000003,12.600000000000001
2013,3,16,7,30,15.3,138,84.52,5,12.700000000000001
2013,3,16,8,30,18.2,363,72.81,6.1000000000000005,13.200000000000001
2013,3,16,9,30,21.200000000000003,579,60.410000000000004,6.5,13.200000000000001
2013,3,16,10,30,23.700000000000003,749,50.77,6.6000000000000005,12.9
2013,3,16,11,30,25.6,862,44.54,6.6000000000000005,12.600000000000001
2013,3,16,12,30,26.900000000000002,906,40.76,6.5,12.5
2013,3,16,13,30,27.6,879,38.78,6.4,12.3
2013,3,16,14,30,27.8,781,38.21,6.1000000000000005,12.3
2013,3,16,15,30,27.400000000000002,622,39.07,5.7,12.3
2013,3,16,16,30,26,418,43.22,4.800000000000001,12.5
2013,3,16,17,30,23.3,193,53.78,4,13.4
2013,3,16,18,30,21.1,13,63.190000000000005,4.2,13.8
2013,3,16,19,30,20,0,69.19,4.9,14.200000000000001
2013,3,16,20,30,19,0,77.11,5.6000000000000005,14.9
2013,3,16,21,30,18.1,0,85.36,6.1000000000000005,15.600000000000001
2013,3,16,22,30,17.400000000000002,0,91.76,6.1000000000000005,16
2013,3,16,23,30,17.1,0,94.48,5.9,16.2
2013,3,17,0,30,17.1,0,94.72,5.800000000000001,16.2
2013,3,17,1,30,17.1,0,94.79,5.4,16.3
2013,3,17,2,30,17,0,95.53,4.800000000000001,16.3
2013,3,17,3,30,16.900000000000002,0,96.09,4.2,16.3
2013,3,17,4,30,16.7,0,97.18,3.6,16.2
2013,3,17,5,30,16.3,0,99.5,2.8000000000000003,16.2
2013,3,17,6,30,16.8,0,96.05,2.6,16.2
2013,3,17,7,30,18.5,44,87.19,3.5,16.3
2013,3,17,8,30,20.400000000000002,162,78.24,4.4,16.5
2013,3,17,9,30,22.3,182,68.8,5,16.3
2013,3,17,10,30,23.900000000000002,410,61.79,5.1000000000000005,16.1
2013,3,17,11,30,25.3,470,56.22,5,16
2013,3,17,12,30,26.400000000000002,352,51.86,4.7,15.700000000000001
2013,3,17,13,30,27.200000000000003,654,48.46,4.4,15.4
2013,3,17,14,30,27.6,757,46.08,4,15
2013,3,17,15,30,27.5,601,44.7,3.4000000000000004,14.4
2013,3,17,16,30,26.200000000000003,404,47.160000000000004,2.2,14.100000000000001
2013,3,17,17,30,23.1,187,68.89,1.2000000000000002,17.1
2013,3,17,18,30,20.400000000000002,12,74.07000000000001,1.1,15.600000000000001
2013,3,17,19,30,19,0,72.7,1.2000000000000002,14
2013,3,17,20,30,17.8,0,72.01,1,12.700000000000001
2013,3,17,21,30,16.7,0,73.61,0.7000000000000001,12
2013,3,17,22,30,15.700000000000001,0,77.31,0.9,11.700000000000001
2013,3,17,23,30,14.8,0,83.01,1.5,11.9
2013,3,18,0,30,14.700000000000001,0,89.02,2.5,12.9
2013,3,18,1,30,15.200000000000001,0,94.10000000000001,3.4000000000000004,14.3
2013,3,18,2,30,15.5,0,98.96000000000001,3.7,15.3
2013,3,18,3,30,15.600000000000001,0,100,3.7,15.600000000000001
2013,3,18,4,30,15.4,0,100,3.6,15.4
2013,3,18,5,30,15.100000000000001,0,100,3.3000000000000003,15.100000000000001
2013,3,18,6,30,15.700000000000001,0,100,3.3000000000000003,15.700000000000001
2013,3,18,7,30,17.8,145,85.51,3.8000000000000003,15.3
2013,3,18,8,30,20.3,377,65.33,3.7,13.600000000000001
2013,3,18,9,30,22.5,596,48.61,3.6,11.100000000000001
2013,3,18,10,30,24,773,39.64,4.1000000000000005,9.4
2013,3,18,11,30,24.8,886,35.64,4.800000000000001,8.6
2013,3,18,12,30,25,925,34.79,5.1000000000000005,8.4
2013,3,18,13,30,24.900000000000002,895,35.47,5.1000000000000005,8.6
2013,3,18,14,30,24.5,637,36.550000000000004,4.9,8.700000000000001
2013,3,18,15,30,23.700000000000003,631,38.050000000000004,4.6000000000000005,8.6
2013,3,18,16,30,22.200000000000003,421,41.17,3.9000000000000004,8.4
2013,3,18,17,30,19.700000000000003,127,49.88,3,8.9
2013,3,18,18,30,17.8,9,58.67,2.8000000000000003,9.600000000000001
2013,3,18,19,30,16.8,0,60.44,3.1,9.1
2013,3,18,20,30,15.8,0,62.85,3.3000000000000003,8.700000000000001
2013,3,18,21,30,14.5,0,66.96000000000001,3.4000000000000004,8.4
2013,3,18,22,30,13.3,0,70.84,3.5,8.1
2013,3,18,23,30,12.3,0,73.49,3.5,7.7
2013,3,19,0,30,11.4,0,75.74,3.4000000000000004,7.300000000000001
2013,3,19,1,30,10.700000000000001,0,77.66,3.2,7
2013,3,19,2,30,10,0,80.95,2.8000000000000003,6.9
2013,3,19,3,30,9.4,0,85.17,2.3000000000000003,7
2013,3,19,4,30,9.1,0,87.84,2.1,7.2
2013,3,19,5,30,9.1,0,88.98,2.2,7.4
2013,3,19,6,30,10.3,0,83.86,2.8000000000000003,7.7
2013,3,19,7,30,13.100000000000001,97,72.89,3.4000000000000004,8.3
2013,3,19,8,30,15.9,354,62.370000000000005,3.3000000000000003,8.700000000000001
2013,3,19,9,30,18.3,496,53.980000000000004,2.9000000000000004,8.8
2013,3,19,10,30,20.3,434,49.95,2.4000000000000004,9.5
2013,3,19,11,30,21.8,862,48.84,1.8,10.600000000000001
2013,3,19,12,30,22.8,895,48.93,1.2000000000000002,11.5
2013,3,19,13,30,23.8,641,48.480000000000004,0.9,12.3
2013,3,19,14,30,24,551,49.38,1.5,12.700000000000001
2013,3,19,15,30,23,470,52.25,2.9000000000000004,12.700000000000001
2013,3,19,16,30,21,174,57.6,3.9000000000000004,12.3
2013,3,19,17,30,18.8,102,62.85,4.3,11.600000000000001
2013,3,19,18,30,17.3,6,63.730000000000004,4.3,10.4
2013,3,19,19,30,16.1,0,64.04,4.1000000000000005,9.3
2013,3,19,20,30,15,0,66.87,4.1000000000000005,8.9
2013,3,19,21,30,14,0,71.49,4,8.9
2013,3,19,22,30,13.200000000000001,0,76.06,3.7,9.1
2013,3,19,23,30,12.600000000000001,0,81.25,3,9.5
2013,3,20,0,30,12.100000000000001,0,85.71000000000001,2.4000000000000004,9.8
2013,3,20,1,30,11.5,0,89.8,1.9000000000000001,9.9
2013,3,20,2,30,10.8,0,93.52,2,9.8
2013,3,20,3,30,10.100000000000001,0,94.89,2.3000000000000003,9.3
2013,3,20,4,30,9.3,0,96.45,2.3000000000000003,8.8
2013,3,20,5,30,8.6,0,96.93,2.3000000000000003,8.1
2013,3,20,6,30,9.1,0,90.37,2.7,7.6000000000000005
2013,3,20,7,30,11.200000000000001,158,79.67,3.2,7.800000000000001
2013,3,20,8,30,14.3,387,63.980000000000004,3.6,7.6000000000000005
2013,3,20,9,30,17.2,604,46.43,4.4,5.6000000000000005
2013,3,20,10,30,19.200000000000003,779,34.86,4.9,3.3000000000000003
2013,3,20,11,30,20.400000000000002,897,29.12,4.800000000000001,1.8
2013,3,20,12,30,21.1,942,26.240000000000002,4.4,1
2013,3,20,13,30,21.400000000000002,914,25.27,3.8000000000000003,0.7000000000000001
2013,3,20,14,30,21.400000000000002,815,25.2,3.3000000000000003,0.7000000000000001
2013,3,20,15,30,20.900000000000002,652,25.810000000000002,2.8000000000000003,0.6000000000000001
2013,3,20,16,30,19.6,443,27.87,2,0.5
2013,3,20,17,30,16.5,212,46.34,1.3,4.9
2013,3,20,18,30,13.600000000000001,11,64.13,1.2000000000000002,6.9
2013,3,20,19,30,12.600000000000001,0,63.59,1.2000000000000002,5.9
2013,3,20,20,30,11.9,0,66.51,1.3,5.9
2013,3,20,21,30,11.200000000000001,0,67.97,1.3,5.5
2013,3,20,22,30,10.8,0,68.47,1.4000000000000001,5.2
2013,3,20,23,30,10.8,0,67.37,1.6,5
2013,3,21,0,30,10.9,0,65.89,1.9000000000000001,4.800000000000001
2013,3,21,1,30,10.700000000000001,0,66.45,2.2,4.7
2013,3,21,2,30,10.100000000000001,0,70.34,2.3000000000000003,4.9
2013,3,21,3,30,9.600000000000001,0,74.92,2.5,5.4
2013,3,21,4,30,9.5,0,78.10000000000001,3.1,5.9
2013,3,21,5,30,9.600000000000001,0,81.48,3.6,6.6000000000000005
2013,3,21,6,30,10.4,0,83.06,4,7.6000000000000005
2013,3,21,7,30,12.700000000000001,39,78.66,4.7,9.1
2013,3,21,8,30,15.9,305,71.12,5.7,10.700000000000001
2013,3,21,9,30,18.6,490,57.980000000000004,6.6000000000000005,10.200000000000001
2013,3,21,10,30,20.6,498,46.95,7.1000000000000005,8.9
2013,3,21,11,30,21.900000000000002,393,44.9,7,9.4
2013,3,21,12,30,22.1,502,49.25,6.7,11
2013,3,21,13,30,21.900000000000002,236,54.51,6.2,12.3
2013,3,21,14,30,22,122,57.86,5.800000000000001,13.3
2013,3,21,15,30,22.200000000000003,482,59.870000000000005,5.4,14
2013,3,21,16,30,22.1,277,62.1,4.800000000000001,14.5
2013,3,21,17,30,21.1,76,67.66,4.5,14.9
2013,3,21,18,30,19.900000000000002,10,73.19,4.9,15
2013,3,21,19,30,19,0,77.26,5.300000000000001,14.9
2013,3,21,20,30,18.1,0,81.83,5.5,14.9
2013,3,21,21,30,17.2,0,86.96000000000001,5.5,15
2013,3,21,22,30,16.5,0,91.54,5.6000000000000005,15.100000000000001
2013,3,21,23,30,16.1,0,94.92,5.800000000000001,15.3
2013,3,22,0,30,16.2,0,95.34,5.9,15.5
2013,3,22,1,30,16.400000000000002,0,95.4,5.9,15.700000000000001
2013,3,22,2,30,16.5,0,96.3,5.6000000000000005,15.9
2013,3,22,3,30,16.2,0,99.21000000000001,4.9,16.1
2013,3,22,4,30,15.8,0,100,3.8000000000000003,15.8
2013,3,22,5,30,15.5,0,100,2.9000000000000004,15.5
2013,3,22,6,30,16.3,0,97.53,2.9000000000000004,15.9
2013,3,22,7,30,18.1,67,87.62,3.3000000000000003,16
2013,3,22,8,30,20,138,78.2,3.2,16.1
2013,3,22,9,30,21.6,220,68.94,3,15.700000000000001
2013,3,22,10,30,23,606,61.15,2.8000000000000003,15.100000000000001
2013,3,22,11,30,24.200000000000003,648,55,2.8000000000000003,14.600000000000001
2013,3,22,12,30,24.900000000000002,658,50.82,3,14
2013,3,22,13,30,25,534,48.35,3.3000000000000003,13.3
2013,3,22,14,30,24.5,763,47.72,3.6,12.700000000000001
2013,3,22,15,30,23.400000000000002,626,49.17,3.7,12.100000000000001
2013,3,22,16,30,21.5,350,53.77,3.8000000000000003,11.700000000000001
2013,3,22,17,30,18.5,198,63.93,3.9000000000000004,11.5
2013,3,22,18,30,15.4,17,75.05,4.2,11
2013,3,22,19,30,13.100000000000001,0,81.51,4.3,10
2013,3,22,20,30,11.3,0,85.53,4.2,9
2013,3,22,21,30,10,0,86.98,3.8000000000000003,7.9
2013,3,22,22,30,9.1,0,87.55,3.3000000000000003,7.1000000000000005
2013,3,22,23,30,8.5,0,89.01,2.6,6.800000000000001
2013,3,23,0,30,8.1,0,91.11,2.1,6.7
2013,3,23,1,30,8,0,92.05,2,6.800000000000001
2013,3,23,2,30,8.1,0,91.76,2.5,6.800000000000001
2013,3,23,3,30,8.200000000000001,0,91.15,2.9000000000000004,6.800000000000001
2013,3,23,4,30,8.3,0,90.89,2.9000000000000004,6.9
2013,3,23,5,30,8.3,0,91.53,2.8000000000000003,7
2013,3,23,6,30,8.8,0,89.45,2.7,7.2
2013,3,23,7,30,10.100000000000001,6,84.05,2.5,7.5
2013,3,23,8,30,12,46,77.37,2.3000000000000003,8.200000000000001
2013,3,23,9,30,13.8,151,72.33,2,8.9
2013,3,23,10,30,15.100000000000001,426,70.37,1.6,9.700000000000001
2013,3,23,11,30,16.2,369,69.60000000000001,1,10.600000000000001
2013,3,23,12,30,17,428,70.03,1.1,11.5
2013,3,23,13,30,17.5,201,70.8,1.9000000000000001,12.100000000000001
2013,3,23,14,30,18.1,260,69.36,2.4000000000000004,12.4
2013,3,23,15,30,18.6,223,67.59,2.2,12.5
2013,3,23,16,30,18.5,146,67.9,1.8,12.5
2013,3,23,17,30,16.3,133,77.91,1.3,12.4
2013,3,23,18,30,13.600000000000001,18,93.37,1.2000000000000002,12.5
2013,3,23,19,30,12.200000000000001,0,97.01,1.7000000000000002,11.700000000000001
2013,3,23,20,30,11.3,0,100,1.7000000000000002,11.3
2013,3,23,21,30,10.700000000000001,0,100,1.4000000000000001,10.700000000000001
2013,3,23,22,30,10.600000000000001,0,100,1.3,10.600000000000001
2013,3,23,23,30,10.9,0,99.18,2.5,10.8
2013,3,24,0,30,11.100000000000001,0,95.8,4.800000000000001,10.5
2013,3,24,1,30,10.4,0,94.85000000000001,6.9,9.600000000000001
2013,3,24,2,30,8.5,0,88.41,7.7,6.7
2013,3,24,3,30,6.4,0,77.56,7.300000000000001,2.8000000000000003
2013,3,24,4,30,4.7,0,74.34,6.7,0.5
2013,3,24,5,30,3.8000000000000003,0,71.75,6.300000000000001,-0.8
2013,3,24,6,30,4,0,65.14,6.4,-2
2013,3,24,7,30,5.300000000000001,186,55.42,7.1000000000000005,-2.9000000000000004
2013,3,24,8,30,7,423,45.58,7.5,-4
2013,3,24,9,30,8.700000000000001,642,38.25,7.5,-4.800000000000001
2013,3,24,10,30,10.200000000000001,816,33.67,7.4,-5.1000000000000005
2013,3,24,11,30,11.600000000000001,930,30.48,7.300000000000001,-5.2
2013,3,24,12,30,12.600000000000001,969,28.39,7.1000000000000005,-5.300000000000001
2013,3,24,13,30,13.3,939,26.990000000000002,6.9,-5.300000000000001
2013,3,24,14,30,13.600000000000001,838,26.16,6.7,-5.5
2013,3,24,15,30,13.4,676,25.900000000000002,6.300000000000001,-5.800000000000001
2013,3,24,16,30,12.600000000000001,464,26.7,5.6000000000000005,-6.1000000000000005
2013,3,24,17,30,10.5,228,30.43,4.1000000000000005,-6.2
2013,3,24,18,30,7.9,24,41.050000000000004,2.7,-4.5
2013,3,24,19,30,6.300000000000001,0,50.52,2.4000000000000004,-3.2
2013,3,24,20,30,5.5,0,53.370000000000005,2.4000000000000004,-3.2
2013,3,24,21,30,4.5,0,57.19,2.4000000000000004,-3.2
2013,3,24,22,30,3.6,0,61.160000000000004,2.3000000000000003,-3.2
2013,3,24,23,30,2.7,0,64.59,2.2,-3.3000000000000003
2013,3,25,0,30,1.8,0,68.29,2.2,-3.4000000000000004
2013,3,25,1,30,1.1,0,71.31,2.1,-3.5
2013,3,25,2,30,0.4,0,74.06,2.1,-3.7
2013,3,25,3,30,-0.30000000000000004,0,76.05,2,-4
2013,3,25,4,30,-0.8,0,76.41,1.9000000000000001,-4.4
2013,3,25,5,30,-1.1,0,75.49,2,-4.9
2013,3,25,6,30,0.2,0,66.58,2.7,-5.300000000000001
2013,3,25,7,30,3.5,196,50.49,3.6,-5.800000000000001
2013,3,25,8,30,6.9,434,35.47,4.3,-7.4
2013,3,25,9,30,9.5,648,27.990000000000002,4.6000000000000005,-8.1
2013,3,25,10,30,11.4,820,25.37,4.4,-7.800000000000001
2013,3,25,11,30,13,932,23.97,4.3,-7.1000000000000005
2013,3,25,12,30,14.100000000000001,974,23.22,4.2,-6.6000000000000005
2013,3,25,13,30,14.600000000000001,942,22.94,4.2,-6.4
2013,3,25,14,30,14.700000000000001,840,22.79,4.3,-6.4
2013,3,25,15,30,14.200000000000001,669,23.22,4.3,-6.5
2013,3,25,16,30,13.200000000000001,459,24.28,4,-6.800000000000001
2013,3,25,17,30,10.5,225,28.92,2.8000000000000003,-6.800000000000001
2013,3,25,18,30,7.5,24,45.2,2,-3.6
2013,3,25,19,30,6,0,50.29,2.1,-3.6
2013,3,25,20,30,5,0,51.870000000000005,2.1,-4.1000000000000005
2013,3,25,21,30,4,0,55.13,2,-4.2
2013,3,25,22,30,3,0,59.92,1.8,-4
2013,3,25,23,30,2.1,0,65.19,1.6,-3.8000000000000003
2013,3,26,0,30,1.3,0,69.94,1.4000000000000001,-3.6
2013,3,26,1,30,0.5,0,74.38,1.3,-3.5
2013,3,26,2,30,-0.2,0,78.07000000000001,1.2000000000000002,-3.6
2013,3,26,3,30,-0.8,0,80.75,1.1,-3.7
2013,3,26,4,30,-1.2000000000000002,0,81.79,1.1,-3.9000000000000004
2013,3,26,5,30,-1.4000000000000001,0,81.43,1,-4.2
2013,3,26,6,30,0.2,0,73.56,1.2000000000000002,-4
2013,3,26,7,30,3.6,202,59.11,1.5,-3.6
2013,3,26,8,30,7.4,441,40.35,1.5,-5.2
2013,3,26,9,30,10.5,660,26.64,1.6,-7.9
2013,3,26,10,30,12.700000000000001,833,24.19,1.8,-7.300000000000001
2013,3,26,11,30,14.4,941,22.93,2,-6.5
2013,3,26,12,30,15.5,981,22.150000000000002,2,-6.1000000000000005
2013,3,26,13,30,16.3,948,21.41,1.8,-5.800000000000001
2013,3,26,14,30,16.6,840,21.14,1.5,-5.800000000000001
2013,3,26,15,30,16.400000000000002,674,21.35,1.4000000000000001,-5.800000000000001
2013,3,26,16,30,15.4,462,22.79,1.3,-5.800000000000001
2013,3,26,17,30,12.3,226,35.19,1.2000000000000002,-2.7
2013,3,26,18,30,9,25,58.64,1.4000000000000001,1.3
2013,3,26,19,30,7.7,0,55.410000000000004,1.7000000000000002,-0.7000000000000001
2013,3,26,20,30,7.1000000000000005,0,54.53,1.9000000000000001,-1.5
2013,3,26,21,30,6.4,0,56.11,2,-1.7000000000000002
2013,3,26,22,30,5.7,0,58.53,2,-1.8
2013,3,26,23,30,5,0,61.300000000000004,2.1,-1.8
2013,3,27,0,30,4.3,0,64.39,2.1,-1.8
2013,3,27,1,30,3.7,0,67.43,2.1,-1.8
2013,3,27,2,30,3.2,0,70.33,2.1,-1.7000000000000002
2013,3,27,3,30,2.6,0,74.2,1.9000000000000001,-1.5
2013,3,27,4,30,2.1,0,77.7,1.8,-1.4000000000000001
2013,3,27,5,30,2,0,78.68,1.8,-1.3
2013,3,27,6,30,3.6,12,71,2.5,-1.2000000000000002
2013,3,27,7,30,7,196,56.550000000000004,3.1,-1.1
2013,3,27,8,30,11.4,429,44.39,4,-0.30000000000000004
2013,3,27,9,30,15.3,640,32.12,5.2,-1.3
2013,3,27,10,30,17.7,806,27.330000000000002,5.300000000000001,-1.4000000000000001
2013,3,27,11,30,19.400000000000002,916,26.560000000000002,5.300000000000001,-0.30000000000000004
2013,3,27,12,30,20.700000000000003,957,27.59,5.300000000000001,1.3
2013,3,27,13,30,21.700000000000003,923,28.77,5.2,2.8000000000000003
2013,3,27,14,30,22.1,820,30.48,5.1000000000000005,3.9000000000000004
2013,3,27,15,30,21.900000000000002,655,32.84,4.9,4.800000000000001
2013,3,27,16,30,20.8,446,36.89,4.3,5.5
2013,3,27,17,30,18,217,47.08,3.2,6.5
2013,3,27,18,30,15.3,24,60.11,2.8000000000000003,7.6000000000000005
2013,3,27,19,30,14.4,0,63.72,3.4000000000000004,7.6000000000000005
2013,3,27,20,30,13.700000000000001,0,67.3,3.8000000000000003,7.7
2013,3,27,21,30,13,0,72.2,3.9000000000000004,8.1
2013,3,27,22,30,12.3,0,77.29,3.7,8.4
2013,3,27,23,30,11.5,0,82.79,3.3000000000000003,8.700000000000001
2013,3,28,0,30,10.8,0,87.58,2.9000000000000004,8.8
2013,3,28,1,30,10.3,0,91.03,2.7,8.9
2013,3,28,2,30,10,0,93.37,2.6,9
2013,3,28,3,30,9.700000000000001,0,95.79,2.4000000000000004,9.1
2013,3,28,4,30,9.200000000000001,0,99.47,2.1,9.1
2013,3,28,5,30,9.1,0,99.93,2.3000000000000003,9.1
2013,3,28,6,30,10.200000000000001,3,92.08,3,9
2013,3,28,7,30,13,27,79.13,3.8000000000000003,9.5
2013,3,28,8,30,16.400000000000002,157,69.62,4.4,10.8
2013,3,28,9,30,19.1,242,64,4.800000000000001,12.100000000000001
2013,3,28,10,30,20.8,448,59.9,4.800000000000001,12.700000000000001
2013,3,28,11,30,22,191,56.83,4.7,13
2013,3,28,12,30,22.8,124,54.85,4.7,13.200000000000001
2013,3,28,13,30,23.400000000000002,548,53.33,4.6000000000000005,13.4
2013,3,28,14,30,23.6,199,53.02,4.6000000000000005,13.5
2013,3,28,15,30,23.5,215,53.4,4.4,13.5
2013,3,28,16,30,22.8,277,56.120000000000005,4,13.600000000000001
2013,3,28,17,30,21.200000000000003,149,63.52,3.5,14
2013,3,28,18,30,19.6,23,71.59,3.7,14.3
2013,3,28,19,30,18.6,0,76.25,4.1000000000000005,14.3
2013,3,28,20,30,17.6,0,81.44,3.9000000000000004,14.4
2013,3,28,21,30,16.5,0,87.12,3.5,14.4
2013,3,28,22,30,15.600000000000001,0,91.76,3.2,14.3
2013,3,28,23,30,14.9,0,94.84,3.1,14.100000000000001
2013,3,29,0,30,14.3,0,97.24000000000001,3.2,13.9
2013,3,29,1,30,13.700000000000001,0,99.75,3,13.700000000000001
2013,3,29,2,30,13.200000000000001,0,100,2.7,13.200000000000001
2013,3,29,3,30,12.700000000000001,0,100,2.4000000000000004,12.700000000000001
2013,3,29,4,30,12.200000000000001,0,100,2.1,12.200000000000001
2013,3,29,5,30,12.100000000000001,0,100,2.2,12.100000000000001
2013,3,29,6,30,13.200000000000001,13,95.5,2.8000000000000003,12.5
2013,3,29,7,30,15.700000000000001,84,82.96000000000001,3.6,12.8
2013,3,29,8,30,18.5,114,75.08,4.1000000000000005,14
2013,3,29,9,30,21,212,65.08,4.4,14.200000000000001
2013,3,29,10,30,23,398,56.82,4.4,14
2013,3,29,11,30,24.400000000000002,502,52.120000000000005,4.5,13.9
2013,3,29,12,30,25,452,50.53,4.5,14
2013,3,29,13,30,24.8,497,51.050000000000004,4.2,14
2013,3,29,14,30,23.900000000000002,393,54.56,3.3000000000000003,14.200000000000001
2013,3,29,15,30,22.6,229,62.21,2,15
2013,3,29,16,30,21.3,215,75.37,1.3,16.8
2013,3,29,17,30,20,62,82.81,1.4000000000000001,17
2013,3,29,18,30,19.3,14,82.43,1.8,16.2
2013,3,29,19,30,19,0,82.38,2.4000000000000004,15.9
2013,3,29,20,30,18.6,0,83.59,3.2,15.8
2013,3,29,21,30,17.900000000000002,0,86.4,3.6,15.600000000000001
2013,3,29,22,30,17.1,0,89.63,3,15.4
2013,3,29,23,30,16.2,0,93.84,2.3000000000000003,15.200000000000001
2013,3,30,0,30,15.8,0,95.03,2.2,15
2013,3,30,1,30,15.5,0,96.91,2.4000000000000004,15
2013,3,30,2,30,15.100000000000001,0,100,2.3000000000000003,15.100000000000001
2013,3,30,3,30,14.600000000000001,0,100,2,14.600000000000001
2013,3,30,4,30,14.200000000000001,0,100,1.8,14.200000000000001
2013,3,30,5,30,14.4,0,100,1.9000000000000001,14.4
2013,3,30,6,30,15.8,15,94.83,2.8000000000000003,15
2013,3,30,7,30,18.2,192,85.24,4.2,15.700000000000001
2013,3,30,8,30,20.8,414,74.69,5.2,16.1
2013,3,30,9,30,23.1,618,64.28,5.5,16
2013,3,30,10,30,24.700000000000003,354,58.36,5.300000000000001,16
2013,3,30,11,30,25.900000000000002,322,54.57,4.9,16
2013,3,30,12,30,26.700000000000003,232,52.050000000000004,4.5,16
2013,3,30,13,30,27.200000000000003,313,50.1,4.1000000000000005,15.9
2013,3,30,14,30,27.400000000000002,304,48.75,3.8000000000000003,15.700000000000001
2013,3,30,15,30,27.200000000000003,201,48.31,3.6,15.3
2013,3,30,16,30,26.400000000000002,373,49.800000000000004,3.1,15.100000000000001
2013,3,30,17,30,23.900000000000002,118,60.49,2.2,15.8
2013,3,30,18,30,21.200000000000003,18,74.03,1.9000000000000001,16.400000000000002
2013,3,30,19,30,20.200000000000003,0,74.95,2.3000000000000003,15.600000000000001
2013,3,30,20,30,19.8,0,75.17,2.8000000000000003,15.3
2013,3,30,21,30,19.3,0,76.73,3.3000000000000003,15.100000000000001
2013,3,30,22,30,18.8,0,79.2,3.7,15.100000000000001
2013,3,30,23,30,18.400000000000002,0,82.65,3.7,15.4
2013,3,31,0,30,17.900000000000002,0,87.99,3.5,15.9
2013,3,31,1,30,17.6,0,92.66,3.3000000000000003,16.400000000000002
2013,3,31,2,30,17.5,0,95.24,3.2,16.7
2013,3,31,3,30,17.400000000000002,0,96.98,3.1,16.900000000000002
2013,3,31,4,30,17.400000000000002,0,97.56,3,17
2013,3,31,5,30,17.5,0,97.3,3.1,17.1
2013,3,31,6,30,17.900000000000002,5,95.33,3.3000000000000003,17.1
2013,3,31,7,30,18.8,132,91.4,3.4000000000000004,17.400000000000002
2013,3,31,8,30,20.1,226,86.23,3.5,17.7
2013,3,31,9,30,21.900000000000002,15,78.43,3.6,18
2013,3,31,10,30,23.6,594,70.56,3.6,17.900000000000002
2013,3,31,11,30,24.8,865,65.07000000000001,3.3000000000000003,17.8
2013,3,31,12,30,25.700000000000003,902,61.42,2.8000000000000003,17.7
2013,3,31,13,30,26.3,763,59.300000000000004,2.1,17.7
2013,3,31,14,30,26.3,621,58.61,1.7000000000000002,17.5
2013,3,31,15,30,25.6,615,59.61,1.8,17.2
2013,3,31,16,30,24.5,418,62.96,2.1,17
2013,3,31,17,30,22.6,205,71.97,2.4000000000000004,17.3
2013,3,31,18,30,20.5,24,80.01,2.5,16.900000000000002
2013,3,31,19,30,18.900000000000002,0,84.95,2.6,16.3
2013,3,31,20,30,17.7,0,88.85000000000001,2.3000000000000003,15.8
2013,3,31,21,30,16.8,0,91.34,1.8,15.4
2013,3,31,22,30,16,0,93.77,1.5,15
2013,3,31,23,30,15.4,0,95.71000000000001,1.2000000000000002,14.700000000000001
2013,4,1,0,30,14.8,0,98.42,1.1,14.600000000000001
2013,4,1,1,30,14.3,0,100,1,14.3
2013,4,1,2,30,13.8,0,100,0.9,13.8
2013,4,1,3,30,13.4,0,100,0.9,13.4
2013,4,1,4,30,12.8,0,100,1,12.8
2013,4,1,5,30,12.700000000000001,0,100,1.1,12.700000000000001
2013,4,1,6,30,14.4,21,96.7,1.8,13.9
2013,4,1,7,30,17.8,208,79.51,2.4000000000000004,14.200000000000001
2013,4,1,8,30,21.200000000000003,434,66.26,2.3000000000000003,14.700000000000001
2013,4,1,9,30,23.6,641,54.89,2.3000000000000003,14
2013,4,1,10,30,25.3,805,48.77,2.2,13.700000000000001
2013,4,1,11,30,26.6,912,44.83,2.1,13.600000000000001
2013,4,1,12,30,27.5,949,42.12,2,13.5
2013,4,1,13,30,28.1,917,39.87,1.9000000000000001,13.200000000000001
2013,4,1,14,30,28.200000000000003,817,38.72,2,12.8
2013,4,1,15,30,27.8,656,38.730000000000004,2.3000000000000003,12.5
2013,4,1,16,30,26.6,452,40.85,2.3000000000000003,12.200000000000001
2013,4,1,17,30,23.8,226,51.67,1.8,13.3
2013,4,1,18,30,20.8,22,69,1.7000000000000002,14.9
2013,4,1,19,30,19.5,0,70.98,2,14.100000000000001
2013,4,1,20,30,18.7,0,73.12,2.1,13.8
2013,4,1,21,30,18,0,75.93,2.1,13.700000000000001
2013,4,1,22,30,17.3,0,79.60000000000001,2,13.700000000000001
2013,4,1,23,30,16.7,0,83.9,1.9000000000000001,14
2013,4,2,0,30,16.2,0,88.84,1.8,14.4
2013,4,2,1,30,15.8,0,94.47,1.6,14.9
2013,4,2,2,30,15.3,0,100,1.3,15.3
2013,4,2,3,30,15.100000000000001,0,100,1.1,15.100000000000001
2013,4,2,4,30,14.9,0,100,1,14.9
2013,4,2,5,30,15.100000000000001,0,100,1,15.100000000000001
2013,4,2,6,30,16.8,11,95.42,2,16.1
2013,4,2,7,30,19.3,116,85.12,3.5,16.7
2013,4,2,8,30,21.700000000000003,174,74.89,4.5,17.1
2013,4,2,9,30,23.700000000000003,469,65.46000000000001,4.7,16.8
2013,4,2,10,30,25.200000000000003,469,59.38,4.3,16.7
2013,4,2,11,30,26,329,56.99,3.9000000000000004,16.8
2013,4,2,12,30,25.900000000000002,192,57.910000000000004,3.7,17
2013,4,2,13,30,25.200000000000003,194,60.94,3.5,17.1
2013,4,2,14,30,24.3,146,65.31,3.1,17.400000000000002
2013,4,2,15,30,23.400000000000002,281,70.73,2.4000000000000004,17.8
2013,4,2,16,30,22.1,124,79.17,1.6,18.3
2013,4,2,17,30,20.700000000000003,32,89.87,1.5,19
2013,4,2,18,30,19.5,8,94.10000000000001,1.8,18.5
2013,4,2,19,30,18.7,0,96.35000000000001,1.9000000000000001,18.1
2013,4,2,20,30,18.1,0,98.13,1.8,17.8
2013,4,2,21,30,17.6,0,99.12,1.6,17.5
2013,4,2,22,30,17.2,0,99.52,1.5,17.1
2013,4,2,23,30,16.900000000000002,0,99.55,1.5,16.8
2013,4,3,0,30,16.6,0,99.60000000000001,1.6,16.5
2013,4,3,1,30,16.2,0,100,2,16.2
2013,4,3,2,30,15.8,0,99.88,2.3000000000000003,15.8
2013,4,3,3,30,15.4,0,99.71000000000001,2.5,15.4
2013,4,3,4,30,14.700000000000001,0,100,2.7,14.700000000000001
2013,4,3,5,30,13.8,0,100,3,13.8
2013,4,3,6,30,13,9,98.95,3.5,12.8
2013,4,3,7,30,12.5,18,95.64,4.1000000000000005,11.8
2013,4,3,8,30,12.200000000000001,41,90.93,4.5,10.8
2013,4,3,9,30,11.9,85,86.28,4.5,9.700000000000001
2013,4,3,10,30,11.9,166,81.7,4.3,8.9
2013,4,3,11,30,12.200000000000001,138,77.81,4.1000000000000005,8.4
2013,4,3,12,30,12.700000000000001,294,74.77,4.1000000000000005,8.3
2013,4,3,13,30,13.100000000000001,181,73.08,4.7,8.4
2013,4,3,14,30,13.200000000000001,90,72.64,5.1000000000000005,8.4
2013,4,3,15,30,12.600000000000001,164,75.07000000000001,4.4,8.3
2013,4,3,16,30,11.8,19,78.27,3.6,8.1
2013,4,3,17,30,11.100000000000001,26,81.14,3.1,8
2013,4,3,18,30,10.600000000000001,7,83.61,3,7.9
2013,4,3,19,30,10.100000000000001,0,86.60000000000001,3.3000000000000003,8
2013,4,3,20,30,9.8,0,88.15,3.4000000000000004,7.9
2013,4,3,21,30,9.4,0,89.9,3.2,7.800000000000001
2013,4,3,22,30,9.1,0,90.58,2.9000000000000004,7.6000000000000005
2013,4,3,23,30,8.700000000000001,0,91.04,2.7,7.300000000000001
2013,4,4,0,30,8.4,0,90.74,2.7,7
2013,4,4,1,30,8,0,91.17,2.8000000000000003,6.6000000000000005
2013,4,4,2,30,7.7,0,90.96000000000001,3,6.300000000000001
2013,4,4,3,30,7.5,0,90.35000000000001,3.1,6
2013,4,4,4,30,7.4,0,89.15,3.2,5.7
2013,4,4,5,30,7.4,0,87.60000000000001,3.2,5.5
2013,4,4,6,30,7.5,5,86.12,3.5,5.300000000000001
2013,4,4,7,30,8,15,81.62,3.9000000000000004,5
2013,4,4,8,30,8.700000000000001,23,75.61,4.3,4.6000000000000005
2013,4,4,9,30,9.5,90,69.45,4.5,4.2
2013,4,4,10,30,10.4,121,63.71,4.7,3.8000000000000003
2013,4,4,11,30,11.4,275,58.88,4.800000000000001,3.6
2013,4,4,12,30,12.5,141,54.94,4.800000000000001,3.7
2013,4,4,13,30,13.4,134,52.6,4.800000000000001,3.9000000000000004
2013,4,4,14,30,14,315,51.7,4.7,4.2
2013,4,4,15,30,13.9,223,52.99,4.5,4.5
2013,4,4,16,30,13.4,118,55.39,4.1000000000000005,4.6000000000000005
2013,4,4,17,30,12,55,61.2,3,4.800000000000001
2013,4,4,18,30,9.700000000000001,10,74.84,1.7000000000000002,5.5
2013,4,4,19,30,8.1,0,85.62,1.3,5.800000000000001
2013,4,4,20,30,7.300000000000001,0,88.78,1.2000000000000002,5.6000000000000005
2013,4,4,21,30,6.7,0,90.60000000000001,1.1,5.300000000000001
2013,4,4,22,30,6.2,0,91.84,1,5
2013,4,4,23,30,6,0,90.92,0.9,4.6000000000000005
2013,4,5,0,30,5.9,0,90.33,0.9,4.4
2013,4,5,1,30,5.6000000000000005,0,91.72,0.9,4.4
2013,4,5,2,30,5,0,95.21000000000001,0.9,4.3
2013,4,5,3,30,4.5,0,98.44,1,4.3
2013,4,5,4,30,4.1000000000000005,0,100,1,4.1000000000000005
2013,4,5,5,30,4.1000000000000005,0,100,1.1,4.1000000000000005
2013,4,5,6,30,5.9,32,90.36,1.6,4.4
2013,4,5,7,30,9.600000000000001,232,72.49,1.6,4.9
2013,4,5,8,30,13.100000000000001,463,57.75,1,5
2013,4,5,9,30,15.600000000000001,674,50.76,0.9,5.4
2013,4,5,10,30,17.400000000000002,835,48.42,0.7000000000000001,6.4
2013,4,5,11,30,19,939,47.15,0.9,7.5
2013,4,5,12,30,20.3,879,46.27,1.3,8.4
2013,4,5,13,30,21.1,939,45.85,1.6,9
2013,4,5,14,30,21.3,650,45.81,1.8,9.200000000000001
2013,4,5,15,30,21,587,46.22,2,9
2013,4,5,16,30,20.1,379,48.52,1.9000000000000001,8.9
2013,4,5,17,30,17.8,214,59.870000000000005,1.5,9.9
2013,4,5,18,30,15.200000000000001,37,77.26,1.3,11.200000000000001
2013,4,5,19,30,14.200000000000001,0,76.68,1.6,10.200000000000001
2013,4,5,20,30,13.8,0,76.74,1.9000000000000001,9.8
2013,4,5,21,30,13.600000000000001,0,76.5,2.3000000000000003,9.5
2013,4,5,22,30,13.4,0,76.98,2.6,9.4
2013,4,5,23,30,13.100000000000001,0,78.77,2.9000000000000004,9.5
2013,4,6,0,30,12.700000000000001,0,81.38,3.1,9.600000000000001
2013,4,6,1,30,12.3,0,84.18,3.3000000000000003,9.700000000000001
2013,4,6,2,30,11.9,0,86.9,3.3000000000000003,9.8
2013,4,6,3,30,11.5,0,89.83,3.2,9.9
2013,4,6,4,30,11.100000000000001,0,92.89,3.1,10
2013,4,6,5,30,11.100000000000001,0,93.79,3.2,10.100000000000001
2013,4,6,6,30,11.8,13,90.65,3.7,10.3
2013,4,6,7,30,13.8,218,82.22,4.800000000000001,10.8
2013,4,6,8,30,16.6,136,72.56,5.9,11.600000000000001
2013,4,6,9,30,19.200000000000003,341,62.63,6.300000000000001,11.9
2013,4,6,10,30,21.5,595,53.64,6.4,11.700000000000001
2013,4,6,11,30,23.3,916,48.660000000000004,6.4,11.9
2013,4,6,12,30,24.700000000000003,958,46.4,6.4,12.4
2013,4,6,13,30,25.6,924,45.910000000000004,6.2,13.100000000000001
2013,4,6,14,30,26.1,820,46.21,6,13.700000000000001
2013,4,6,15,30,26,657,47.63,5.6000000000000005,14
2013,4,6,16,30,25.200000000000003,454,50.910000000000004,4.7,14.3
2013,4,6,17,30,23,230,60.17,3.5,14.9
2013,4,6,18,30,20.8,30,70.52,3.3000000000000003,15.200000000000001
2013,4,6,19,30,19.700000000000003,0,73.7,4,14.9
2013,4,6,20,30,18.6,0,78.08,4.3,14.700000000000001
2013,4,6,21,30,17.2,0,84.22,4.3,14.5
2013,4,6,22,30,16.1,0,88.49,4.2,14.200000000000001
2013,4,6,23,30,15.3,0,92.01,3.8000000000000003,14
2013,4,7,0,30,14.8,0,95.27,3.3000000000000003,14.100000000000001
2013,4,7,1,30,14.5,0,97.43,2.9000000000000004,14.100000000000001
2013,4,7,2,30,14.5,0,97.46000000000001,2.9000000000000004,14.100000000000001
2013,4,7,3,30,14.600000000000001,0,97.13,3.1,14.100000000000001
2013,4,7,4,30,14.8,0,97.08,3.1,14.3
2013,4,7,5,30,15,0,97,3.1,14.5
2013,4,7,6,30,16.2,31,91.2,3.6,14.8
2013,4,7,7,30,18.2,42,82.98,4.5,15.3
2013,4,7,8,30,20.3,51,74.51,5.1000000000000005,15.600000000000001
2013,4,7,9,30,22.1,131,67.74,5.300000000000001,15.9
2013,4,7,10,30,23.900000000000002,208,61.88,5.5,16.1
2013,4,7,11,30,25.400000000000002,249,57.63,5.7,16.400000000000002
2013,4,7,12,30,26.3,285,55.46,5.800000000000001,16.7
2013,4,7,13,30,26.700000000000003,334,54.64,5.800000000000001,16.8
2013,4,7,14,30,26.700000000000003,347,54.9,5.6000000000000005,16.900000000000002
2013,4,7,15,30,26.6,537,55.44,5.300000000000001,16.900000000000002
2013,4,7,16,30,26,335,57.54,4.800000000000001,17
2013,4,7,17,30,24.5,163,63.050000000000004,4.2,17
2013,4,7,18,30,22.6,35,69.32000000000001,4.2,16.7
2013,4,7,19,30,21,0,73.87,4.3,16.2
2013,4,7,20,30,19.6,0,79.36,4.5,15.9
2013,4,7,21,30,18.5,0,84.05,4.6000000000000005,15.8
2013,4,7,22,30,17.6,0,88.65,4.7,15.700000000000001
2013,4,7,23,30,16.900000000000002,0,93.43,4.6000000000000005,15.8
2013,4,8,0,30,16.7,0,95.76,4.7,16
2013,4,8,1,30,16.900000000000002,0,95.29,4.9,16.1
2013,4,8,2,30,17,0,95.31,4.7,16.2
2013,4,8,3,30,17.1,0,95.49,4.3,16.400000000000002
2013,4,8,4,30,17,0,96.64,3.8000000000000003,16.5
2013,4,8,5,30,17.1,0,96.33,3.6,16.5
2013,4,8,6,30,18,16,91.53,4.1000000000000005,16.6
2013,4,8,7,30,20,64,82.82000000000001,5,17
2013,4,8,8,30,22.3,69,74.14,6,17.5
2013,4,8,9,30,24.200000000000003,214,66.94,6.4,17.7
2013,4,8,10,30,25.700000000000003,149,62.33,6.4,18
2013,4,8,11,30,26.900000000000002,197,58.93,6.300000000000001,18.2
2013,4,8,12,30,27.700000000000003,182,56.74,6.300000000000001,18.3
2013,4,8,13,30,28.1,260,55.44,6.4,18.3
2013,4,8,14,30,28,138,55.53,6.4,18.3
2013,4,8,15,30,27.5,122,57.01,6.300000000000001,18.2
2013,4,8,16,30,26.6,93,59.83,6.1000000000000005,18.2
2013,4,8,17,30,25.200000000000003,62,64.13,5.7,17.900000000000002
2013,4,8,18,30,23.3,35,70.29,5.300000000000001,17.6
2013,4,8,19,30,21.700000000000003,0,75.62,4.9,17.2
2013,4,8,20,30,20.5,0,80.48,4.6000000000000005,17
2013,4,8,21,30,19.700000000000003,0,84.14,4.5,16.900000000000002
2013,4,8,22,30,19.200000000000003,0,87.87,4.5,17.1
2013,4,8,23,30,19,0,91.27,4.6000000000000005,17.5
2013,4,9,0,30,19,0,93.9,5,18
2013,4,9,1,30,19.3,0,94.37,5.4,18.400000000000002
2013,4,9,2,30,19.5,0,95.01,5.800000000000001,18.7
2013,4,9,3,30,19.6,0,95.24,5.6000000000000005,18.8
2013,4,9,4,30,19.5,0,95.99000000000001,5,18.8
2013,4,9,5,30,19.400000000000002,0,96.21000000000001,4.6000000000000005,18.8
2013,4,9,6,30,19.900000000000002,32,92.84,4.9,18.7
2013,4,9,7,30,21.3,86,85.86,5.9,18.8
2013,4,9,8,30,23.200000000000003,200,76.88,6.800000000000001,18.900000000000002
2013,4,9,9,30,25,308,68.88,7.300000000000001,18.900000000000002
2013,4,9,10,30,26.6,606,62.730000000000004,7.4,18.900000000000002
2013,4,9,11,30,27.8,478,58.49,7.2,18.900000000000002
2013,4,9,12,30,28.700000000000003,322,55.52,6.9,18.900000000000002
2013,4,9,13,30,29.400000000000002,265,53.15,6.5,18.900000000000002
2013,4,9,14,30,29.6,480,52.29,5.9,18.8
2013,4,9,15,30,29.3,330,52.74,5.2,18.7
2013,4,9,16,30,28.400000000000002,423,55.88,4.5,18.7
2013,4,9,17,30,26.700000000000003,213,63.27,4.1000000000000005,19.1
2013,4,9,18,30,24.8,31,71.66,4.2,19.3
2013,4,9,19,30,23.400000000000002,0,78.36,4.4,19.400000000000002
2013,4,9,20,30,22.5,0,85.01,4.2,19.900000000000002
2013,4,9,21,30,22,0,90.33,4.2,20.3
2013,4,9,22,30,21.8,0,93.3,4.800000000000001,20.700000000000003
2013,4,9,23,30,21.700000000000003,0,94.48,5.2,20.8
2013,4,10,0,30,21.5,0,95.33,5.1000000000000005,20.700000000000003
2013,4,10,1,30,21.200000000000003,0,96.5,4.5,20.6
2013,4,10,2,30,20.900000000000002,0,97.84,3.2,20.5
2013,4,10,3,30,20.3,0,100,1.8,20.3
2013,4,10,4,30,19.700000000000003,0,100,0.9,19.700000000000003
2013,4,10,5,30,19,0,100,0.7000000000000001,19
2013,4,10,6,30,17.8,21,100,1.3,17.8
2013,4,10,7,30,15.600000000000001,19,100,3.1,15.600000000000001
2013,4,10,8,30,12.700000000000001,43,100,5.300000000000001,12.700000000000001
2013,4,10,9,30,10.700000000000001,63,89.74,6.800000000000001,9.1
2013,4,10,10,30,10.200000000000001,52,72.53,7.4,5.5
2013,4,10,11,30,10.600000000000001,132,65.27,7.4,4.4
2013,4,10,12,30,10.9,129,63.26,7.300000000000001,4.2
2013,4,10,13,30,11.100000000000001,312,63.660000000000004,7,4.5
2013,4,10,14,30,11.5,277,62.25,6.6000000000000005,4.5
2013,4,10,15,30,11.9,193,60.78,6.1000000000000005,4.6000000000000005
2013,4,10,16,30,11.9,133,60.61,5.6000000000000005,4.5
2013,4,10,17,30,11.3,142,62.5,4.9,4.4
2013,4,10,18,30,9.9,30,68.78,3.8000000000000003,4.4
2013,4,10,19,30,8.6,0,76.89,3.1,4.800000000000001
2013,4,10,20,30,7.7,0,81.4,3,4.7
2013,4,10,21,30,7,0,84.31,2.9000000000000004,4.5
2013,4,10,22,30,6.4,0,86.51,2.8000000000000003,4.3
2013,4,10,23,30,5.9,0,87.79,2.9000000000000004,4
2013,4,11,0,30,5.4,0,88.94,2.9000000000000004,3.7
2013,4,11,1,30,5.1000000000000005,0,88.8,3,3.4000000000000004
2013,4,11,2,30,5.1000000000000005,0,87.49,3,3.2
2013,4,11,3,30,5.2,0,86.06,2.9000000000000004,3.1
2013,4,11,4,30,5.1000000000000005,0,84.02,2.5,2.6
2013,4,11,5,30,5,0,82.91,2.1,2.3000000000000003
2013,4,11,6,30,5.4,32,80.52,2.4000000000000004,2.3000000000000003
2013,4,11,7,30,6.6000000000000005,256,67.85,3.1,1.1
2013,4,11,8,30,8.8,492,51.06,3.3000000000000003,-0.8
2013,4,11,9,30,11.3,705,38.85,3.1,-2.2
2013,4,11,10,30,13.5,870,34.12,2.9000000000000004,-2
2013,4,11,11,30,15.3,972,32.31,2.4000000000000004,-1.2000000000000002
2013,4,11,12,30,16.8,1007,31.7,2,-0.1
2013,4,11,13,30,17.900000000000002,971,31.720000000000002,1.8,0.8
2013,4,11,14,30,18.6,862,31.8,2,1.5
2013,4,11,15,30,18.7,697,32.230000000000004,2.3000000000000003,1.8
2013,4,11,16,30,18.2,487,33.65,2,1.9000000000000001
2013,4,11,17,30,16.5,256,39.6,1.2000000000000002,2.7
2013,4,11,18,30,14,48,61.980000000000004,0.9,6.800000000000001
2013,4,11,19,30,12.3,0,61.54,1.1,5.1000000000000005
2013,4,11,20,30,11.200000000000001,0,65.53,1.2000000000000002,5
2013,4,11,21,30,10.4,0,68.09,1.2000000000000002,4.800000000000001
2013,4,11,22,30,9.600000000000001,0,70.52,1.2000000000000002,4.5
2013,4,11,23,30,8.9,0,72.63,1.3,4.2
2013,4,12,0,30,8.4,0,74.01,1.3,4
2013,4,12,1,30,7.9,0,75.78,1.3,3.9000000000000004
2013,4,12,2,30,7.4,0,78.09,1.3,3.8000000000000003
2013,4,12,3,30,7.1000000000000005,0,79.28,1.2000000000000002,3.8000000000000003
2013,4,12,4,30,6.800000000000001,0,80.3,1.2000000000000002,3.6
2013,4,12,5,30,7.1000000000000005,0,77.99,1.1,3.5
2013,4,12,6,30,9.3,55,71.60000000000001,1.5,4.4
2013,4,12,7,30,12.8,269,57.93,1.8,4.7
2013,4,12,8,30,16.6,499,48.34,1.8,5.6000000000000005
2013,4,12,9,30,20.3,707,36.86,1.9000000000000001,5.1000000000000005
2013,4,12,10,30,22.700000000000003,867,33.09,1.8,5.6000000000000005
2013,4,12,11,30,24.3,969,30.64,1.8,5.9
2013,4,12,12,30,25.200000000000003,1005,29.59,2,6.2
2013,4,12,13,30,25.700000000000003,965,29.11,2.2,6.4
2013,4,12,14,30,25.8,861,29.13,2.3000000000000003,6.5
2013,4,12,15,30,25.400000000000002,697,29.810000000000002,2.3000000000000003,6.5
2013,4,12,16,30,24.400000000000002,489,31.35,2,6.300000000000001
2013,4,12,17,30,21.5,259,42.61,1.4000000000000001,8.3
2013,4,12,18,30,18,50,65.32000000000001,1.3,11.4
2013,4,12,19,30,16.2,0,63.03,1.5,9.200000000000001
2013,4,12,20,30,15.3,0,63.620000000000005,1.7000000000000002,8.4
2013,4,12,21,30,14.600000000000001,0,64.63,1.8,8
2013,4,12,22,30,13.8,0,67.24,1.9000000000000001,7.800000000000001
2013,4,12,23,30,13.100000000000001,0,70.96000000000001,2,8
2013,4,13,0,30,12.3,0,77.29,2.1,8.4
2013,4,13,1,30,11.600000000000001,0,85.21000000000001,1.9000000000000001,9.200000000000001
2013,4,13,2,30,10.8,0,94.53,1.6,10
2013,4,13,3,30,10.3,0,100,1.4000000000000001,10.3
2013,4,13,4,30,10,0,100,1.2000000000000002,10
2013,4,13,5,30,10.3,0,100,1,10.3
2013,4,13,6,30,12.3,52,94.68,1.1,11.5
2013,4,13,7,30,15.4,173,80.82000000000001,1.6,12.100000000000001
2013,4,13,8,30,19,404,63.14,2.8000000000000003,11.8
2013,4,13,9,30,21.8,630,44.32,3.8000000000000003,9.1
2013,4,13,10,30,23.5,844,38.01,4,8.4
2013,4,13,11,30,24.8,850,34.77,4.1000000000000005,8.200000000000001
2013,4,13,12,30,25.700000000000003,822,33.18,4.1000000000000005,8.3
2013,4,13,13,30,26.1,668,32.63,4,8.4
2013,4,13,14,30,26,834,33,3.8000000000000003,8.5
2013,4,13,15,30,25.400000000000002,612,34.44,3.5,8.6
2013,4,13,16,30,24.3,135,37.51,2.9000000000000004,8.9
2013,4,13,17,30,22,60,48.9,2,10.8
2013,4,13,18,30,19.3,24,66.18,1.8,12.8
2013,4,13,19,30,17.900000000000002,0,68.3,2.3000000000000003,12
2013,4,13,20,30,17.1,0,69.83,2.9000000000000004,11.5
2013,4,13,21,30,16.2,0,73.06,3.1,11.4
2013,4,13,22,30,15.100000000000001,0,78.22,2.9000000000000004,11.3
2013,4,13,23,30,14.200000000000001,0,83.63,2.7,11.5
2013,4,14,0,30,13.5,0,89.22,2.5,11.8
2013,4,14,1,30,13,0,94.55,2.4000000000000004,12.100000000000001
2013,4,14,2,30,12.5,0,100,2.1,12.5
2013,4,14,3,30,12.100000000000001,0,100,1.7000000000000002,12.100000000000001
2013,4,14,4,30,11.8,0,100,1.6,11.8
2013,4,14,5,30,12.3,0,100,1.8,12.3
2013,4,14,6,30,14.200000000000001,52,91.91,2.6,12.9
2013,4,14,7,30,17.3,250,79.64,3.7,13.700000000000001
2013,4,14,8,30,20.400000000000002,468,69.17,4.4,14.600000000000001
2013,4,14,9,30,23,666,60.64,4.800000000000001,15
2013,4,14,10,30,25.3,825,56.26,5,16
2013,4,14,11,30,27.3,739,51.92,5.1000000000000005,16.6
2013,4,14,12,30,29.200000000000003,970,46.56,5,16.6
2013,4,14,13,30,30.700000000000003,937,41.410000000000004,4.800000000000001,16.1
2013,4,14,14,30,31.5,834,37.13,4.6000000000000005,15.100000000000001
2013,4,14,15,30,31.5,676,34.35,4.3,13.9
2013,4,14,16,30,30.200000000000003,474,36.39,3.6,13.600000000000001
2013,4,14,17,30,27.1,250,50.49,3,15.9
2013,4,14,18,30,24.200000000000003,49,61.02,3.4000000000000004,16.2
2013,4,14,19,30,22.8,0,64.59,4,15.8
2013,4,14,20,30,22,0,69.46000000000001,4.2,16.2
2013,4,14,21,30,21,0,75.09,4.1000000000000005,16.400000000000002
2013,4,14,22,30,20,0,81.01,4.1000000000000005,16.6
2013,4,14,23,30,19.1,0,88.04,4,17.1
2013,4,15,0,30,18.400000000000002,0,94.86,3.8000000000000003,17.6
2013,4,15,1,30,18.1,0,98.64,3.7,17.900000000000002
2013,4,15,2,30,17.900000000000002,0,100,3.5,17.900000000000002
2013,4,15,3,30,17.8,0,100,3.2,17.8
2013,4,15,4,30,17.900000000000002,0,100,3.2,17.900000000000002
2013,4,15,5,30,18.400000000000002,0,98.60000000000001,3.5,18.2
2013,4,15,6,30,19.8,54,91.45,4.3,18.400000000000002
2013,4,15,7,30,22.1,134,81.95,5.1000000000000005,18.900000000000002
2013,4,15,8,30,24.6,232,72,5.6000000000000005,19.200000000000003
2013,4,15,9,30,26.900000000000002,487,62.4,5.6000000000000005,19.1
2013,4,15,10,30,28.900000000000002,684,54.03,5.6000000000000005,18.7
2013,4,15,11,30,30.6,825,47.49,5.5,18.2
2013,4,15,12,30,31.900000000000002,966,42.96,5.4,17.8
2013,4,15,13,30,32.7,725,40.08,5.300000000000001,17.400000000000002
2013,4,15,14,30,32.9,746,38.6,5.1000000000000005,17
2013,4,15,15,30,32.4,370,38.85,4.9,16.6
2013,4,15,16,30,30.8,395,42.35,4.1000000000000005,16.5
2013,4,15,17,30,28.1,224,52.14,3,17.400000000000002
2013,4,15,18,30,25.8,36,63.04,2.8000000000000003,18.2
2013,4,15,19,30,24.5,0,67.29,3.4000000000000004,18
2013,4,15,20,30,23.5,0,72.29,3.9000000000000004,18.2
2013,4,15,21,30,22.400000000000002,0,79.15,4.1000000000000005,18.6
2013,4,15,22,30,21.3,0,86.42,4.1000000000000005,18.900000000000002
2013,4,15,23,30,20.5,0,92.48,4.2,19.200000000000003
2013,4,16,0,30,20.1,0,96.12,4.2,19.5
2013,4,16,1,30,20.1,0,96.31,4.3,19.5
2013,4,16,2,30,20.200000000000003,0,95.49,4.4,19.5
2013,4,16,3,30,20.1,0,96.09,4.1000000000000005,19.5
2013,4,16,4,30,20,0,96.95,3.8000000000000003,19.5
2013,4,16,5,30,20.1,0,96.61,3.6,19.5
2013,4,16,6,30,21.1,34,91.36,3.8000000000000003,19.6
2013,4,16,7,30,23,109,81.78,4.4,19.700000000000003
2013,4,16,8,30,25.1,461,69.91,4.5,19.200000000000003
2013,4,16,9,30,27.1,564,60.25,4.3,18.7
2013,4,16,10,30,28.8,693,53.050000000000004,4.3,18.3
2013,4,16,11,30,30,768,48.65,4.3,18
2013,4,16,12,30,30.6,950,46.36,4.4,17.8
2013,4,16,13,30,30.6,914,45.54,4.4,17.5
2013,4,16,14,30,30.6,814,44.67,4.5,17.2
2013,4,16,15,30,30.5,604,44.21,4.7,16.900000000000002
2013,4,16,16,30,29.700000000000003,411,45.800000000000004,4.6000000000000005,16.8
2013,4,16,17,30,27.6,216,52.64,3.8000000000000003,17.1
2013,4,16,18,30,25.3,26,63.08,3.4000000000000004,17.8
2013,4,16,19,30,23.900000000000002,0,70.27,3.6,18.2
2013,4,16,20,30,22.8,0,77.66,3.6,18.7
2013,4,16,21,30,22,0,85,3.4000000000000004,19.400000000000002
2013,4,16,22,30,21.6,0,90.04,3.3000000000000003,19.900000000000002
2013,4,16,23,30,21.5,0,92.88,3.5,20.3
2013,4,17,0,30,21.6,0,94.37,3.9000000000000004,20.700000000000003
2013,4,17,1,30,21.8,0,94.88,4.6000000000000005,20.900000000000002
2013,4,17,2,30,21.900000000000002,0,95.48,4.9,21.1
2013,4,17,3,30,21.8,0,96.23,4.800000000000001,21.200000000000003
2013,4,17,4,30,21.700000000000003,0,96.10000000000001,4.7,21.1
2013,4,17,5,30,21.700000000000003,0,95.16,4.800000000000001,20.900000000000002
2013,4,17,6,30,22.200000000000003,24,91.81,5.1000000000000005,20.8
2013,4,17,7,30,23.400000000000002,107,85.95,5.7,20.900000000000002
2013,4,17,8,30,25,221,75.58,6.1000000000000005,20.400000000000002
2013,4,17,9,30,26.8,307,63.21,6.4,19.200000000000003
2013,4,17,10,30,28.3,534,56.11,6.6000000000000005,18.7
2013,4,17,11,30,29.400000000000002,869,52.2,6.6000000000000005,18.6
2013,4,17,12,30,30,874,50.43,6.6000000000000005,18.6
2013,4,17,13,30,30.200000000000003,723,50.09,6.6000000000000005,18.7
2013,4,17,14,30,30.200000000000003,393,50.49,6.6000000000000005,18.8
2013,4,17,15,30,29.8,598,52.5,6.4,19
2013,4,17,16,30,28.8,145,57.04,6,19.400000000000002
2013,4,17,17,30,27.400000000000002,61,63.980000000000004,5.5,20
2013,4,17,18,30,25.900000000000002,11,72.71000000000001,5.300000000000001,20.6
2013,4,17,19,30,24.8,0,80.35000000000001,5.4,21.200000000000003
2013,4,17,20,30,24,0,87.34,5.6000000000000005,21.8
2013,4,17,21,30,23.400000000000002,0,93.03,5.800000000000001,22.200000000000003
2013,4,17,22,30,23.1,0,95.74000000000001,6.2,22.400000000000002
2013,4,17,23,30,22.900000000000002,0,96.53,6.4,22.3
2013,4,18,0,30,22.700000000000003,0,96.41,6.5,22.1
2013,4,18,1,30,22.400000000000002,0,96.55,6.2,21.8
2013,4,18,2,30,22.1,0,96.91,5.4,21.6
2013,4,18,3,30,21.8,0,97.65,4.1000000000000005,21.400000000000002
2013,4,18,4,30,21.6,0,98.06,3,21.3
2013,4,18,5,30,20.700000000000003,0,100,2.5,20.700000000000003
2013,4,18,6,30,17.8,16,100,4.1000000000000005,17.8
2013,4,18,7,30,13,60,100,7.1000000000000005,13
2013,4,18,8,30,9.8,21,85.77,8.1,7.5
2013,4,18,9,30,9.200000000000001,26,71.33,7.2,4.3
2013,4,18,10,30,9.8,47,63.89,6.5,3.3000000000000003
2013,4,18,11,30,11.200000000000001,218,54.36,6.4,2.3000000000000003
2013,4,18,12,30,13.3,415,45.2,6.300000000000001,1.7000000000000002
2013,4,18,13,30,15.3,548,39.59,6.300000000000001,1.6
2013,4,18,14,30,16.2,649,36.57,6.4,1.3
2013,4,18,15,30,16.400000000000002,714,34.83,6.5,0.8
2013,4,18,16,30,16,408,34.300000000000004,6.5,0.30000000000000004
2013,4,18,17,30,14.600000000000001,151,35.96,5.800000000000001,-0.30000000000000004
2013,4,18,18,30,12.5,51,40.74,4.6000000000000005,-0.5
2013,4,18,19,30,10.8,0,47.06,4,-0.1
2013,4,18,20,30,9.600000000000001,0,51.81,3.6,0.2
2013,4,18,21,30,8.5,0,57.11,3.3000000000000003,0.5
2013,4,18,22,30,7.6000000000000005,0,61.4,3.1,0.6000000000000001
2013,4,18,23,30,6.800000000000001,0,65.25,2.9000000000000004,0.7000000000000001
2013,4,19,0,30,6,0,68.99,2.7,0.7000000000000001
2013,4,19,1,30,5.2,0,72.77,2.4000000000000004,0.7000000000000001
2013,4,19,2,30,4.4,0,76.86,2,0.7000000000000001
2013,4,19,3,30,3.7,0,80.65,1.7000000000000002,0.7000000000000001
2013,4,19,4,30,3.2,0,82.68,1.6,0.5
2013,4,19,5,30,3.5,0,78.81,2.1,0.2
2013,4,19,6,30,5.5,79,65.56,2.9000000000000004,-0.4
2013,4,19,7,30,8.700000000000001,304,48.56,4.3,-1.6
2013,4,19,8,30,11.3,546,31.330000000000002,5.7,-5.1000000000000005
2013,4,19,9,30,13.3,757,26.62,6.1000000000000005,-5.5
2013,4,19,10,30,15,919,24.23,6.1000000000000005,-5.300000000000001
2013,4,19,11,30,16.5,1018,22.6,6,-5
2013,4,19,12,30,17.6,1043,21.7,5.7,-4.6000000000000005
2013,4,19,13,30,18.3,1004,21.59,5.2,-4.1000000000000005
2013,4,19,14,30,18.6,897,22.12,4.6000000000000005,-3.5
2013,4,19,15,30,18.5,730,23.09,4,-3
2013,4,19,16,30,17.8,514,24.5,3.3000000000000003,-2.8000000000000003
2013,4,19,17,30,15.700000000000001,282,29.36,1.9000000000000001,-2.1
2013,4,19,18,30,13.3,64,54.99,1,4.4
2013,4,19,19,30,11.8,0,51.03,1.1,2
2013,4,19,20,30,10.4,0,55.35,1.2000000000000002,1.8
2013,4,19,21,30,8.9,0,61.230000000000004,1.2000000000000002,1.8
2013,4,19,22,30,7.9,0,63.7,1.4000000000000001,1.4000000000000001
2013,4,19,23,30,7.300000000000001,0,63.38,1.6,0.8
2013,4,20,0,30,6.800000000000001,0,62.9,1.7000000000000002,0.2
2013,4,20,1,30,6.2,0,63.76,1.8,-0.2
2013,4,20,2,30,5.6000000000000005,0,65.57000000000001,1.7000000000000002,-0.30000000000000004
2013,4,20,3,30,5,0,68.48,1.6,-0.30000000000000004
2013,4,20,4,30,4.4,0,71.59,1.6,-0.30000000000000004
2013,4,20,5,30,4.800000000000001,0,69.64,1.8,-0.30000000000000004
2013,4,20,6,30,7.1000000000000005,82,60.25,2.5,-0.1
2013,4,20,7,30,10.700000000000001,305,46.63,3,-0.30000000000000004
2013,4,20,8,30,14.700000000000001,539,36.89,3.7,0.1
2013,4,20,9,30,17.7,748,26.91,4.3,-1.6
2013,4,20,10,30,19.6,910,23.91,4.3,-1.6
2013,4,20,11,30,20.900000000000002,1007,22.47,4.2,-1.3
2013,4,20,12,30,21.900000000000002,1040,21.67,4.1000000000000005,-1
2013,4,20,13,30,22.400000000000002,1001,21.46,4.1000000000000005,-0.7000000000000001
2013,4,20,14,30,22.5,889,21.57,4.1000000000000005,-0.6000000000000001
2013,4,20,15,30,22.1,722,21.93,4,-0.7000000000000001
2013,4,20,16,30,21.1,512,23.18,3.7,-0.7000000000000001
2013,4,20,17,30,18.400000000000002,279,29.490000000000002,2.6,0.30000000000000004
2013,4,20,18,30,14.8,64,48.69,1.8,4.1000000000000005
2013,4,20,19,30,12.9,0,53.370000000000005,2,3.6
2013,4,20,20,30,12.5,0,53.160000000000004,2.8000000000000003,3.2
2013,4,20,21,30,12.200000000000001,0,54.67,3.7,3.3000000000000003
2013,4,20,22,30,11.4,0,63.49,3.9000000000000004,4.7
2013,4,20,23,30,10.5,0,74.85000000000001,3.5,6.2
2013,4,21,0,30,10.100000000000001,0,81.47,3.1,7.1000000000000005
2013,4,21,1,30,9.700000000000001,0,85.92,3,7.5
2013,4,21,2,30,9.1,0,90.58,2.6,7.6000000000000005
2013,4,21,3,30,8.1,0,97.53,2,7.7
2013,4,21,4,30,7.4,0,100,1.6,7.4
2013,4,21,5,30,7.800000000000001,0,99.86,2,7.800000000000001
2013,4,21,6,30,9.700000000000001,77,87.62,2.6,7.7
2013,4,21,7,30,13,287,72.37,3,8.1
2013,4,21,8,30,16.8,328,59.89,3.6,9
2013,4,21,9,30,19.400000000000002,527,52.58,3.6,9.5
2013,4,21,10,30,21.200000000000003,711,46.72,3.1,9.4
2013,4,21,11,30,22.6,752,43.47,2.7,9.5
2013,4,21,12,30,23.6,992,41.83,2.3000000000000003,9.9
2013,4,21,13,30,24.3,954,40.88,2.1,10.200000000000001
2013,4,21,14,30,24.5,629,40.81,1.9000000000000001,10.3
2013,4,21,15,30,24.200000000000003,510,41.56,1.9000000000000001,10.3
2013,4,21,16,30,23.400000000000002,334,43.38,1.8,10.200000000000001
2013,4,21,17,30,21.3,133,49.64,1.4000000000000001,10.3
2013,4,21,18,30,18.2,40,73.33,1.1,13.3
2013,4,21,19,30,16.3,0,74.84,1.3,11.8
2013,4,21,20,30,15.5,0,74.61,1.4000000000000001,11
2013,4,21,21,30,14.8,0,75.18,1.5,10.4
2013,4,21,22,30,14.200000000000001,0,75.98,1.6,10
2013,4,21,23,30,13.600000000000001,0,77.77,1.6,9.8
2013,4,22,0,30,13,0,81.38,1.7000000000000002,9.9
2013,4,22,1,30,12.5,0,87.26,1.8,10.4
2013,4,22,2,30,12.100000000000001,0,94.65,1.8,11.3
2013,4,22,3,30,11.700000000000001,0,100,1.7000000000000002,11.700000000000001
2013,4,22,4,30,11.4,0,100,1.6,11.4
2013,4,22,5,30,12,0,100,1.7000000000000002,12
2013,4,22,6,30,14.200000000000001,78,91.55,2.6,12.8
2013,4,22,7,30,17.5,287,74.75,3.7,13
2013,4,22,8,30,20.5,509,60.21,4.3,12.5
2013,4,22,9,30,22.700000000000003,709,52.480000000000004,4.4,12.5
2013,4,22,10,30,24.5,865,48.02,4.4,12.8
2013,4,22,11,30,26.1,962,44.54,4.5,13.100000000000001
2013,4,22,12,30,27.400000000000002,995,41.85,4.6000000000000005,13.3
2013,4,22,13,30,28.3,958,40.01,4.6000000000000005,13.4
2013,4,22,14,30,28.8,854,39.17,4.6000000000000005,13.5
2013,4,22,15,30,28.8,692,39.24,4.5,13.600000000000001
2013,4,22,16,30,28,491,41.12,4.2,13.600000000000001
2013,4,22,17,30,25.900000000000002,268,47.58,3.3000000000000003,13.9
2013,4,22,18,30,23,63,59.72,2.7,14.700000000000001
2013,4,22,19,30,21.400000000000002,0,64.12,3.1,14.3
2013,4,22,20,30,20.700000000000003,0,65.41,3.8000000000000003,14
2013,4,22,21,30,19.8,0,68.84,4.4,13.9
2013,4,22,22,30,18.7,0,74.35000000000001,4.4,14
2013,4,22,23,30,17.5,0,82.51,4.4,14.5
2013,4,23,0,30,16.6,0,90.64,4.2,15.100000000000001
2013,4,23,1,30,16,0,96.58,3.9000000000000004,15.5
2013,4,23,2,30,16,0,96.79,3.8000000000000003,15.5
2013,4,23,3,30,16,0,96.91,3.6,15.5
2013,4,23,4,30,16,0,97.22,3.4000000000000004,15.600000000000001
2013,4,23,5,30,16.3,0,95.67,2.9000000000000004,15.600000000000001
2013,4,23,6,30,17.400000000000002,48,90.11,2.5,15.8
2013,4,23,7,30,19.400000000000002,27,83.05,2.5,16.400000000000002
2013,4,23,8,30,21.3,55,78.21000000000001,2.9000000000000004,17.400000000000002
2013,4,23,9,30,22.900000000000002,180,72.04,3.1,17.6
2013,4,23,10,30,24.1,427,65.69,3.1,17.3
2013,4,23,11,30,24.1,135,62.95,3.1,16.6
2013,4,23,12,30,23.200000000000003,180,62.58,3.5,15.700000000000001
2013,4,23,13,30,21.900000000000002,211,62.79,4.3,14.5
2013,4,23,14,30,20.3,155,62.29,5.1000000000000005,12.9
2013,4,23,15,30,18.6,156,61.39,5.2,11
2013,4,23,16,30,17.2,92,59.910000000000004,4.800000000000001,9.3
2013,4,23,17,30,15.600000000000001,54,62.14,4.4,8.4
2013,4,23,18,30,13.9,18,66.75,4.2,7.800000000000001
2013,4,23,19,30,12.4,0,71.61,4.3,7.4
2013,4,23,20,30,11.100000000000001,0,74.65,4.5,6.800000000000001
2013,4,23,21,30,10.100000000000001,0,75.36,4.6000000000000005,5.9
2013,4,23,22,30,9.3,0,75.92,4.9,5.300000000000001
2013,4,23,23,30,8.3,0,78.21000000000001,5.5,4.7
2013,4,24,0,30,7.2,0,80.58,5.9,4.1000000000000005
2013,4,24,1,30,6.1000000000000005,0,81.14,6,3.1
2013,4,24,2,30,5.300000000000001,0,78.57000000000001,5.7,1.9000000000000001
2013,4,24,3,30,4.800000000000001,0,75.51,5.300000000000001,0.8
2013,4,24,4,30,4.4,0,74.45,5,0.30000000000000004
2013,4,24,5,30,4.2,0,74,5,0
2013,4,24,6,30,5,88,68.84,5.4,-0.2
2013,4,24,7,30,6.800000000000001,304,58.15,5.800000000000001,-0.9
2013,4,24,8,30,9.200000000000001,533,47.61,5.800000000000001,-1.4000000000000001
2013,4,24,9,30,11.5,734,41,5.5,-1.3
2013,4,24,10,30,13.8,889,36.730000000000004,5.300000000000001,-0.8
2013,4,24,11,30,15.8,988,34.14,5,0
2013,4,24,12,30,17.5,1017,32.13,4.800000000000001,0.7000000000000001
2013,4,24,13,30,18.6,978,30.810000000000002,4.5,1
2013,4,24,14,30,19.200000000000003,871,29.87,4.3,1.1
2013,4,24,15,30,19.1,705,29.830000000000002,4.2,1
2013,4,24,16,30,18.400000000000002,338,30.75,4.1000000000000005,0.8
2013,4,24,17,30,16.6,236,33.81,3.2,0.6000000000000001
2013,4,24,18,30,13.700000000000001,68,45.79,1.8,2.2
2013,4,24,19,30,11.700000000000001,0,61.940000000000005,1.3,4.6000000000000005
2013,4,24,20,30,11.100000000000001,0,64.56,1.4000000000000001,4.7
2013,4,24,21,30,10.700000000000001,0,65.19,1.5,4.4
2013,4,24,22,30,10.200000000000001,0,65.66,1.8,4.1000000000000005
2013,4,24,23,30,10,0,65.44,2,3.8000000000000003
2013,4,25,0,30,9.9,0,65.64,2.1,3.8000000000000003
2013,4,25,1,30,9.9,0,66.66,2.1,4
2013,4,25,2,30,9.9,0,68.95,1.9000000000000001,4.5
2013,4,25,3,30,10,0,71.31,1.8,5
2013,4,25,4,30,10,0,73.62,1.8,5.5
2013,4,25,5,30,10.100000000000001,0,75.09,2,5.9
2013,4,25,6,30,11.100000000000001,86,71.24,2.3000000000000003,6.1000000000000005
2013,4,25,7,30,13.200000000000001,89,63.32,2.9000000000000004,6.4
2013,4,25,8,30,15.9,342,49.88,3.3000000000000003,5.5
2013,4,25,9,30,17.8,421,42.42,3.2,4.9
2013,4,25,10,30,19.3,527,38.11,3.1,4.7
2013,4,25,11,30,20.6,962,34.54,3.2,4.4
2013,4,25,12,30,21.700000000000003,983,31.560000000000002,3.3000000000000003,4.1000000000000005
2013,4,25,13,30,22.6,945,29.28,3.3000000000000003,3.8000000000000003
2013,4,25,14,30,23.1,842,27.79,3.1,3.5
2013,4,25,15,30,23.200000000000003,647,27.34,3,3.3000000000000003
2013,4,25,16,30,22.700000000000003,350,27.95,2.8000000000000003,3.2
2013,4,25,17,30,20.6,139,32.910000000000004,1.9000000000000001,3.7
2013,4,25,18,30,17.6,13,54.81,1.2000000000000002,8.4
2013,4,25,19,30,15.600000000000001,0,61.480000000000004,1.2000000000000002,8.200000000000001
2013,4,25,20,30,14.8,0,63.74,1.4000000000000001,8
2013,4,25,21,30,14.4,0,64.08,1.7000000000000002,7.7
2013,4,25,22,30,14.5,0,63.45,2.4000000000000004,7.6000000000000005
2013,4,25,23,30,14.700000000000001,0,66,2.9000000000000004,8.4
2013,4,26,0,30,14.5,0,73.9,2.6,9.9
2013,4,26,1,30,14.4,0,80.84,2.3000000000000003,11.200000000000001
2013,4,26,2,30,14.600000000000001,0,84.32000000000001,2.4000000000000004,12
2013,4,26,3,30,14.600000000000001,0,87.62,2.2,12.600000000000001
2013,4,26,4,30,14.4,0,91.47,1.9000000000000001,13
2013,4,26,5,30,14.8,0,91.34,2.2,13.4
2013,4,26,6,30,16.1,84,86.11,2.9000000000000004,13.8
2013,4,26,7,30,18.400000000000002,64,78.03,3.6,14.5
2013,4,26,8,30,20.900000000000002,80,72.17,4.3,15.700000000000001
2013,4,26,9,30,23.400000000000002,171,66.64,5,16.8
2013,4,26,10,30,25.900000000000002,144,58.86,5.7,17.2
2013,4,26,11,30,28,417,51.06,5.9,16.900000000000002
2013,4,26,12,30,29.3,158,46.26,6,16.6
2013,4,26,13,30,30,355,43.72,5.9,16.3
2013,4,26,14,30,30,208,43.58,5.7,16.3
2013,4,26,15,30,29.700000000000003,267,44.83,5.4,16.400000000000002
2013,4,26,16,30,28.900000000000002,199,47.910000000000004,4.800000000000001,16.8
2013,4,26,17,30,27.200000000000003,47,54.49,4,17.2
2013,4,26,18,30,25.200000000000003,35,63.800000000000004,3.6,17.900000000000002
2013,4,26,19,30,23.900000000000002,0,69.68,3.8000000000000003,18
2013,4,26,20,30,23.200000000000003,0,73.05,4.3,18.1
2013,4,26,21,30,22.5,0,76.49,4.7,18.2
2013,4,26,22,30,21.6,0,81.42,4.800000000000001,18.3
2013,4,26,23,30,20.8,0,86.87,4.6000000000000005,18.5
2013,4,27,0,30,20.200000000000003,0,91.9,4,18.8
2013,4,27,1,30,19.8,0,95.52,3.4000000000000004,19.1
2013,4,27,2,30,19.6,0,97.12,2.9000000000000004,19.1
2013,4,27,3,30,19.5,0,97.9,2.8000000000000003,19.200000000000003
2013,4,27,4,30,19.400000000000002,0,98.71000000000001,2.7,19.200000000000003
2013,4,27,5,30,19.6,0,97.34,2.9000000000000004,19.200000000000003
2013,4,27,6,30,20.6,91,91.53,3.1,19.200000000000003
2013,4,27,7,30,22.200000000000003,298,82.99,3.4000000000000004,19.200000000000003
2013,4,27,8,30,24,267,71.71000000000001,3.5,18.6
2013,4,27,9,30,25.700000000000003,181,60.480000000000004,3.5,17.5
2013,4,27,10,30,27.1,266,51.77,3.3000000000000003,16.3
2013,4,27,11,30,28.200000000000003,962,45.77,3,15.4
2013,4,27,12,30,28.900000000000002,989,41.89,2.7,14.700000000000001
2013,4,27,13,30,29.3,778,39.36,2.4000000000000004,14.100000000000001
2013,4,27,14,30,29.200000000000003,788,38.33,2.3000000000000003,13.600000000000001
2013,4,27,15,30,28.6,497,38.56,2.2,13.100000000000001
2013,4,27,16,30,27.5,153,40.01,2.1,12.700000000000001
2013,4,27,17,30,25.400000000000002,169,45.95,1.7000000000000002,12.9
2013,4,27,18,30,22.3,45,64.27,1.3,15.200000000000001
2013,4,27,19,30,20.1,0,73.89,1.2000000000000002,15.3
2013,4,27,20,30,18.900000000000002,0,78.91,1.1,15.200000000000001
2013,4,27,21,30,18.1,0,82.94,1,15.200000000000001
2013,4,27,22,30,17.5,0,86.09,0.9,15.100000000000001
2013,4,27,23,30,17,0,88.46000000000001,0.8,15.100000000000001
2013,4,28,0,30,16.400000000000002,0,91.11,0.8,14.9
2013,4,28,1,30,15.8,0,93.57000000000001,0.8,14.8
2013,4,28,2,30,15.4,0,95.36,0.8,14.700000000000001
2013,4,28,3,30,15.3,0,97.89,0.7000000000000001,15
2013,4,28,4,30,15.4,0,100,0.5,15.4
2013,4,28,5,30,15.9,0,99.33,0.4,15.8
2013,4,28,6,30,16.900000000000002,91,95.02,0.7000000000000001,16.1
2013,4,28,7,30,18.3,298,88.46000000000001,1,16.400000000000002
2013,4,28,8,30,20.3,316,79.41,0.9,16.6
2013,4,28,9,30,22.400000000000002,437,72.26,0.6000000000000001,17.2
2013,4,28,10,30,23.900000000000002,859,68.09,0.5,17.7
2013,4,28,11,30,24.8,703,64.69,0.5,17.7
2013,4,28,12,30,25.5,994,61.22,0.5,17.5
2013,4,28,13,30,26.1,960,58.02,0.7000000000000001,17.2
2013,4,28,14,30,26.5,860,55.36,1,16.8
2013,4,28,15,30,26.6,700,53.35,1.5,16.3
2013,4,28,16,30,26.200000000000003,500,53.39,1.8,16
2013,4,28,17,30,24.5,279,59.800000000000004,1.5,16.2
2013,4,28,18,30,21.900000000000002,74,77.25,1.2000000000000002,17.7
2013,4,28,19,30,20.200000000000003,0,81.95,1.5,17
2013,4,28,20,30,19.6,0,83.68,1.6,16.8
2013,4,28,21,30,19.1,0,85.66,1.8,16.6
2013,4,28,22,30,18.7,0,87.62,2,16.6
2013,4,28,23,30,18.400000000000002,0,89.51,2.3000000000000003,16.6
2013,4,29,0,30,18.1,0,91.76,2.7,16.7
2013,4,29,1,30,17.8,0,94.04,3,16.8
2013,4,29,2,30,17.400000000000002,0,96.72,3.1,16.900000000000002
2013,4,29,3,30,16.8,0,100,2.7,16.8
2013,4,29,4,30,16.1,0,100,2.2,16.1
2013,4,29,5,30,16.400000000000002,0,100,2.1,16.400000000000002
2013,4,29,6,30,18.400000000000002,98,89.96000000000001,2.3000000000000003,16.7
2013,4,29,7,30,21.900000000000002,242,74.25,2.5,17.1
2013,4,29,8,30,25.400000000000002,231,59.84,2.7,17
2013,4,29,9,30,27.6,724,50.09,2.7,16.3
2013,4,29,10,30,29,872,44.81,2.8000000000000003,15.8
2013,4,29,11,30,29.900000000000002,964,41.46,3.2,15.4
2013,4,29,12,30,30.200000000000003,992,40,3.6,15.100000000000001
2013,4,29,13,30,29.900000000000002,949,40.26,3.9000000000000004,14.9
2013,4,29,14,30,29,842,42.300000000000004,4,14.9
2013,4,29,15,30,27.900000000000002,684,45.56,3.9000000000000004,15.100000000000001
2013,4,29,16,30,26.5,399,50.59,3.4000000000000004,15.4
2013,4,29,17,30,24.8,243,58.76,2.4000000000000004,16.2
2013,4,29,18,30,22.700000000000003,68,72.52,1.6,17.5
2013,4,29,19,30,21.3,0,81.4,1.6,18
2013,4,29,20,30,20.700000000000003,0,84.68,1.8,18
2013,4,29,21,30,20.200000000000003,0,87.34,2.2,18
2013,4,29,22,30,19.6,0,90.72,2.3000000000000003,18
2013,4,29,23,30,19,0,94.65,2.1,18.1
2013,4,30,0,30,18.3,0,99.3,1.8,18.2
2013,4,30,1,30,17.7,0,100,1.6,17.7
2013,4,30,2,30,17.2,0,100,1.5,17.2
2013,4,30,3,30,16.7,0,100,1.3,16.7
2013,4,30,4,30,16.3,0,100,1.2000000000000002,16.3
2013,4,30,5,30,16.900000000000002,0,100,1.5,16.900000000000002
2013,4,30,6,30,18.900000000000002,101,90.79,2.2,17.400000000000002
2013,4,30,7,30,21.3,121,79.36,2.6,17.6
2013,4,30,8,30,23.6,130,66.75,2.5,17.1
2013,4,30,9,30,25.700000000000003,186,56.93,2.5,16.5
2013,4,30,10,30,27.400000000000002,579,50.97,2.5,16.400000000000002
2013,4,30,11,30,28.8,634,46.2,2.6,16.1
2013,4,30,12,30,29.8,688,42.76,2.7,15.8
2013,4,30,13,30,30.3,963,40.83,2.8000000000000003,15.5
2013,4,30,14,30,30.3,860,40.11,2.9000000000000004,15.200000000000001
2013,4,30,15,30,30,698,40.51,2.9000000000000004,15.100000000000001
2013,4,30,16,30,29.1,499,42.54,3,15.100000000000001
2013,4,30,17,30,27.200000000000003,279,47.81,2.7,15.200000000000001
2013,4,30,18,30,24.5,76,60.34,2.2,16.3
2013,4,30,19,30,22.6,0,70.47,2.4000000000000004,17
2013,4,30,20,30,21.700000000000003,0,74.42,2.6,17
2013,4,30,21,30,20.700000000000003,0,79.85000000000001,2.4000000000000004,17.1
2013,4,30,22,30,19.700000000000003,0,85.2,2.2,17.1
2013,4,30,23,30,18.8,0,90.32000000000001,1.9000000000000001,17.2
2013,5,1,0,30,17.900000000000002,0,96.21000000000001,1.7000000000000002,17.3
2013,5,1,1,30,17.2,0,100,1.4000000000000001,17.2
2013,5,1,2,30,16.6,0,100,1.1,16.6
2013,5,1,3,30,16.400000000000002,0,100,0.9,16.400000000000002
2013,5,1,4,30,16.400000000000002,0,100,0.8,16.400000000000002
2013,5,1,5,30,17.3,0,100,0.9,17.3
2013,5,1,6,30,19.6,100,89.52,1.2000000000000002,17.8
2013,5,1,7,30,22.6,183,76.83,1.5,18.3
2013,5,1,8,30,25.200000000000003,99,64.22,1.8,18
2013,5,1,9,30,27.3,434,54.02,1.9000000000000001,17.2
2013,5,1,10,30,28.8,598,48.800000000000004,1.6,17
2013,5,1,11,30,30,295,45.17,1.2000000000000002,16.8
2013,5,1,12,30,30.8,454,42.83,0.8,16.7
2013,5,1,13,30,31.200000000000003,887,41.45,0.7000000000000001,16.6
2013,5,1,14,30,31.3,837,40.88,1,16.400000000000002
2013,5,1,15,30,31,681,40.97,1.5,16.2
2013,5,1,16,30,30.200000000000003,486,42.21,2,16
2013,5,1,17,30,28.3,272,47.08,2,15.9
2013,5,1,18,30,25.700000000000003,74,61.29,2,17.7
2013,5,1,19,30,24,0,67.51,2.6,17.6
2013,5,1,20,30,23,0,70.42,2.8000000000000003,17.3
2013,5,1,21,30,21.900000000000002,0,75.9,2.4000000000000004,17.5
2013,5,1,22,30,21,0,80.49,2,17.5
2013,5,1,23,30,20.200000000000003,0,84.32000000000001,2,17.5
2013,5,2,0,30,19.5,0,87.2,2.1,17.3
2013,5,2,1,30,18.8,0,90.06,2.3000000000000003,17.1
2013,5,2,2,30,18.2,0,92.91,2.6,17
2013,5,2,3,30,17.6,0,96.08,3,17
2013,5,2,4,30,17.1,0,98,3.8000000000000003,16.8
2013,5,2,5,30,16.2,0,97.8,5.4,15.9
2013,5,2,6,30,14.600000000000001,26,90.04,7.1000000000000005,13
2013,5,2,7,30,13.8,79,69.66,7.7,8.4
2013,5,2,8,30,14.700000000000001,214,55.63,7.4,5.9
2013,5,2,9,30,16.3,334,49.980000000000004,7.1000000000000005,5.800000000000001
2013,5,2,10,30,17.7,363,47.04,7,6.300000000000001
2013,5,2,11,30,18.5,480,45.27,7,6.4
2013,5,2,12,30,18.5,237,45.36,7.1000000000000005,6.5
2013,5,2,13,30,17.3,178,47.93,7.4,6.2
2013,5,2,14,30,15.5,295,50.82,7.7,5.4
2013,5,2,15,30,13.700000000000001,205,53.21,7.800000000000001,4.3
2013,5,2,16,30,12.200000000000001,86,55.79,7.7,3.6
2013,5,2,17,30,11,19,58.94,7.4,3.3000000000000003
2013,5,2,18,30,9.8,75,63.08,7.1000000000000005,3.1
2013,5,2,19,30,9,0,66.39,6.9,3.1
2013,5,2,20,30,8.6,0,68.08,6.7,3
2013,5,2,21,30,8.4,0,68.31,6.6000000000000005,2.9000000000000004
2013,5,2,22,30,8.200000000000001,0,67.53,6.5,2.5
2013,5,2,23,30,7.800000000000001,0,67.19,6.300000000000001,2.1
2013,5,3,0,30,7.4,0,67.01,6.1000000000000005,1.7000000000000002
2013,5,3,1,30,6.9,0,66.82000000000001,5.9,1.2000000000000002
2013,5,3,2,30,6.5,0,65.91,5.7,0.6000000000000001
2013,5,3,3,30,6,0,65.46000000000001,5.5,0
2013,5,3,4,30,5.5,0,65.47,5.1000000000000005,-0.5
2013,5,3,5,30,5.5,0,63.63,4.9,-0.9
2013,5,3,6,30,6.9,118,56.75,5.2,-1.1
2013,5,3,7,30,9.600000000000001,343,44.59,5.9,-1.9000000000000001
2013,5,3,8,30,12.5,575,33.62,6.5,-3.1
2013,5,3,9,30,15,780,26.28,6.7,-4.2
2013,5,3,10,30,17,938,21.22,6.6000000000000005,-5.4
2013,5,3,11,30,18.7,1029,17.93,6.4,-6.2
2013,5,3,12,30,19.900000000000002,1060,16.080000000000002,6.1000000000000005,-6.6000000000000005
2013,5,3,13,30,20.6,1020,15.22,5.800000000000001,-6.800000000000001
2013,5,3,14,30,20.8,914,15.02,5.4,-6.800000000000001
2013,5,3,15,30,20.700000000000003,745,15.33,4.9,-6.6000000000000005
2013,5,3,16,30,20,539,16.37,4.3,-6.300000000000001
2013,5,3,17,30,18,308,19.16,2.8000000000000003,-5.9
2013,5,3,18,30,14.700000000000001,88,36.18,1.5,-0.2
2013,5,3,19,30,13.100000000000001,0,47.82,1.1,2.3000000000000003
2013,5,3,20,30,13.700000000000001,0,41.89,0.8,1
2013,5,3,21,30,13.200000000000001,0,38.53,0.7000000000000001,-0.6000000000000001
2013,5,3,22,30,11.3,0,45.79,1,0
2013,5,3,23,30,9.4,0,54.410000000000004,1.3,0.7000000000000001
2013,5,4,0,30,8.4,0,57.51,1.4000000000000001,0.5
2013,5,4,1,30,7.9,0,57.120000000000005,1.7000000000000002,-0.1
2013,5,4,2,30,7.5,0,56.38,2,-0.6000000000000001
2013,5,4,3,30,7.1000000000000005,0,56.93,2.2,-0.9
2013,5,4,4,30,6.5,0,59.980000000000004,2.3000000000000003,-0.7000000000000001
2013,5,4,5,30,6.9,0,59.410000000000004,2.8000000000000003,-0.5
2013,5,4,6,30,9.200000000000001,122,50.95,3.3000000000000003,-0.4
2013,5,4,7,30,13,344,40.42,3.8000000000000003,-0.2
2013,5,4,8,30,17.7,571,28.330000000000002,4.800000000000001,-0.9
2013,5,4,9,30,21.700000000000003,774,18.990000000000002,5.300000000000001,-3
2013,5,4,10,30,24.400000000000002,929,14.6,5.1000000000000005,-4.3
2013,5,4,11,30,26.1,1022,13.280000000000001,4.9,-4.2
2013,5,4,12,30,27.1,1052,12.98,4.800000000000001,-3.7
2013,5,4,13,30,27.700000000000003,1012,12.96,4.800000000000001,-3.3000000000000003
2013,5,4,14,30,27.8,907,13.17,4.800000000000001,-3
2013,5,4,15,30,27.3,737,13.76,4.800000000000001,-2.8000000000000003
2013,5,4,16,30,26.200000000000003,435,14.86,4.5,-2.6
2013,5,4,17,30,23.6,306,18.05,3.3000000000000003,-2.1
2013,5,4,18,30,19.400000000000002,91,30.38,2.3000000000000003,1.5
2013,5,4,19,30,16.3,0,40.1,2.1,2.7
2013,5,4,20,30,14.9,0,42.03,2.2,2.1
2013,5,4,21,30,13.600000000000001,0,45.410000000000004,2.2,2
2013,5,4,22,30,12.4,0,50.4,2.5,2.4000000000000004
2013,5,4,23,30,11.200000000000001,0,57.06,2.9000000000000004,3
2013,5,5,0,30,10,0,65.41,3,3.8000000000000003
2013,5,5,1,30,8.8,0,75.18,2.6,4.6000000000000005
2013,5,5,2,30,7.9,0,82.35000000000001,2,5.1000000000000005
2013,5,5,3,30,7.300000000000001,0,86.62,1.6,5.2
2013,5,5,4,30,7,0,88.44,1.6,5.2
2013,5,5,5,30,7.6000000000000005,0,84.53,2.3000000000000003,5.2
2013,5,5,6,30,9.8,118,72.58,3.5,5.1000000000000005
2013,5,5,7,30,12.3,333,58.09,4.2,4.3
2013,5,5,8,30,14.600000000000001,555,48.4,4.4,3.8000000000000003
2013,5,5,9,30,16.7,753,42.15,4.4,3.8000000000000003
2013,5,5,10,30,18.7,906,37.11,4.3,3.8000000000000003
2013,5,5,11,30,20.6,1002,32.93,4.2,3.7
2013,5,5,12,30,22.1,1031,30.13,4.1000000000000005,3.8000000000000003
2013,5,5,13,30,23.200000000000003,993,28.47,4,3.9000000000000004
2013,5,5,14,30,23.700000000000003,890,28.150000000000002,3.9000000000000004,4.2
2013,5,5,15,30,23.6,731,29,3.6,4.5
2013,5,5,16,30,23,528,30.830000000000002,3.3000000000000003,4.9
2013,5,5,17,30,21.200000000000003,304,35.230000000000004,2.3000000000000003,5.2
2013,5,5,18,30,17.900000000000002,92,53.480000000000004,1.3,8.3
2013,5,5,19,30,15.4,0,67.67,1.1,9.5
2013,5,5,20,30,14.4,0,70.59,1.1,9.1
2013,5,5,21,30,13.700000000000001,0,72.91,1.1,8.9
2013,5,5,22,30,13.100000000000001,0,75.21000000000001,1,8.8
2013,5,5,23,30,12.600000000000001,0,76.67,1,8.6
2013,5,6,0,30,12.200000000000001,0,77.36,0.9,8.4
2013,5,6,1,30,11.9,0,77.43,0.8,8.1
2013,5,6,2,30,11.600000000000001,0,77.85000000000001,0.7000000000000001,7.9
2013,5,6,3,30,11.200000000000001,0,79.25,0.7000000000000001,7.7
2013,5,6,4,30,11,0,79.60000000000001,0.7000000000000001,7.6000000000000005
2013,5,6,5,30,11.4,0,77.07000000000001,0.5,7.5
2013,5,6,6,30,13.100000000000001,118,72.36,0.4,8.200000000000001
2013,5,6,7,30,16.400000000000002,331,57.26,0.6000000000000001,7.9
2013,5,6,8,30,19.6,466,45.34,0.9,7.5
2013,5,6,9,30,21.900000000000002,635,39.800000000000004,1.2000000000000002,7.6000000000000005
2013,5,6,10,30,23.6,791,36.45,1.3,7.800000000000001
2013,5,6,11,30,24.400000000000002,756,34.87,1.3,7.9
2013,5,6,12,30,24.6,736,34.22,1.3,7.800000000000001
2013,5,6,13,30,24.700000000000003,744,34.07,1.5,7.800000000000001
2013,5,6,14,30,24.700000000000003,593,34.14,1.9000000000000001,7.800000000000001
2013,5,6,15,30,24.200000000000003,608,35.19,2.1,7.9
2013,5,6,16,30,23.400000000000002,168,38.67,1.8,8.5
2013,5,6,17,30,21.8,177,48.97,1.1,10.600000000000001
2013,5,6,18,30,19.900000000000002,35,67.15,0.7000000000000001,13.600000000000001
2013,5,6,19,30,18.6,0,65.92,0.9,12.100000000000001
2013,5,6,20,30,18,0,65.45,0.9,11.4
2013,5,6,21,30,17.5,0,65.63,0.9,11
2013,5,6,22,30,17.3,0,65.23,0.9,10.700000000000001
2013,5,6,23,30,17.2,0,63.81,0.7000000000000001,10.3
2013,5,7,0,30,17.2,0,61.34,0.6000000000000001,9.700000000000001
2013,5,7,1,30,17,0,59.78,0.5,9.1
2013,5,7,2,30,16.5,0,60.45,0.6000000000000001,8.8
2013,5,7,3,30,15.8,0,63.01,0.6000000000000001,8.8
2013,5,7,4,30,14.9,0,66.88,0.7000000000000001,8.8
2013,5,7,5,30,14.8,0,67.98,0.7000000000000001,8.9
2013,5,7,6,30,16.400000000000002,118,69.51,0.8,10.8
2013,5,7,7,30,19.8,329,53.89,1.1,10.200000000000001
2013,5,7,8,30,23.400000000000002,547,40.4,1.5,9.200000000000001
2013,5,7,9,30,25.900000000000002,740,33.55,1.8,8.6
2013,5,7,10,30,27.700000000000003,890,29.72,1.8,8.4
2013,5,7,11,30,29.400000000000002,982,26.240000000000002,1.7000000000000002,8
2013,5,7,12,30,30.6,1017,23.89,1.6,7.7
2013,5,7,13,30,31.400000000000002,978,22.39,1.6,7.4
2013,5,7,14,30,31.6,873,21.86,1.7000000000000002,7.2
2013,5,7,15,30,31.200000000000003,716,22.29,1.9000000000000001,7.2
2013,5,7,16,30,30.1,517,23.79,2,7.2
2013,5,7,17,30,27.700000000000003,297,29.01,1.6,8.1
2013,5,7,18,30,24.200000000000003,91,48.76,1.3,12.700000000000001
2013,5,7,19,30,21.900000000000002,0,54.96,1.4000000000000001,12.4
2013,5,7,20,30,20.900000000000002,0,56.14,1.5,11.8
2013,5,7,21,30,20,0,58.33,1.6,11.600000000000001
2013,5,7,22,30,19.3,0,60.58,1.7000000000000002,11.5
2013,5,7,23,30,18.5,0,63.7,1.8,11.5
2013,5,8,0,30,17.7,0,67.47,2,11.600000000000001
2013,5,8,1,30,17,0,71.84,2.2,11.9
2013,5,8,2,30,16.7,0,75.75,2.3000000000000003,12.4
2013,5,8,3,30,16.8,0,79.11,2.3000000000000003,13.200000000000001
2013,5,8,4,30,16.7,0,84.18,2,14
2013,5,8,5,30,16.900000000000002,0,87.10000000000001,2.2,14.700000000000001
2013,5,8,6,30,18.5,83,81.45,3.1,15.3
2013,5,8,7,30,21.3,323,71.86,4.1000000000000005,16
2013,5,8,8,30,24.1,535,61,4.7,16.1
2013,5,8,9,30,26.200000000000003,725,52.02,4.9,15.600000000000001
2013,5,8,10,30,27.8,870,46.97,5,15.4
2013,5,8,11,30,28.700000000000003,956,44.87,5.1000000000000005,15.600000000000001
2013,5,8,12,30,28.8,989,44.99,5,15.700000000000001
2013,5,8,13,30,28.6,948,46.04,4.800000000000001,15.9
2013,5,8,14,30,28.900000000000002,846,46.03,4.7,16.1
2013,5,8,15,30,29.3,691,45.300000000000004,4.6000000000000005,16.2
2013,5,8,16,30,29.1,497,45.47,4.3,16.1
2013,5,8,17,30,28,221,48.08,3.6,16
2013,5,8,18,30,25.900000000000002,86,54.82,3.1,16.1
2013,5,8,19,30,24.200000000000003,0,59.56,3.2,15.8
2013,5,8,20,30,23.200000000000003,0,60.63,3.6,15.200000000000001
2013,5,8,21,30,22,0,63.870000000000005,3.7,14.8
2013,5,8,22,30,20.8,0,68.24,3.8000000000000003,14.700000000000001
2013,5,8,23,30,20,0,72.36,3.7,14.9
2013,5,9,0,30,19.400000000000002,0,77.71000000000001,3.5,15.4
2013,5,9,1,30,19,0,83.35000000000001,3.2,16.1
2013,5,9,2,30,18.7,0,88.39,2.9000000000000004,16.7
2013,5,9,3,30,18.6,0,91.60000000000001,2.6,17.2
2013,5,9,4,30,18.6,0,93.54,2.5,17.5
2013,5,9,5,30,19,0,92.8,2.8000000000000003,17.8
2013,5,9,6,30,19.900000000000002,43,88.86,3.1,18
2013,5,9,7,30,21.5,73,83.32000000000001,3.7,18.6
2013,5,9,8,30,23.3,143,78.98,4.4,19.400000000000002
2013,5,9,9,30,24.3,64,76.18,4.5,19.8
2013,5,9,10,30,24.6,284,76.01,4.1000000000000005,20.1
2013,5,9,11,30,24.6,136,77.79,3.5,20.5
2013,5,9,12,30,24.6,95,79.43,3.1,20.8
2013,5,9,13,30,24.5,89,81.26,3.2,21.1
2013,5,9,14,30,24.200000000000003,117,84.10000000000001,3.3000000000000003,21.3
2013,5,9,15,30,23.6,139,88.96000000000001,3.2,21.700000000000003
2013,5,9,16,30,23,365,93.61,2.9000000000000004,21.900000000000002
2013,5,9,17,30,22.5,84,97.34,2.3000000000000003,22.1
2013,5,9,18,30,21.8,70,100,1.6,21.8
2013,5,9,19,30,21.3,0,100,1.2000000000000002,21.3
2013,5,9,20,30,21,0,100,1.2000000000000002,21
2013,5,9,21,30,20.8,0,100,1.5,20.8
2013,5,9,22,30,20.5,0,100,1.5,20.5
2013,5,9,23,30,20.1,0,100,1.4000000000000001,20.1
2013,5,10,0,30,19.8,0,100,1.2000000000000002,19.8
2013,5,10,1,30,19.400000000000002,0,100,1.1,19.400000000000002
2013,5,10,2,30,19,0,100,0.9,19
2013,5,10,3,30,18.7,0,100,0.9,18.7
2013,5,10,4,30,18.8,0,100,1.1,18.8
2013,5,10,5,30,19.200000000000003,0,98.04,1.6,18.900000000000002
2013,5,10,6,30,19.6,19,98.04,2.1,19.3
2013,5,10,7,30,19.900000000000002,26,97.02,2.2,19.400000000000002
2013,5,10,8,30,20.400000000000002,126,94.81,2.3000000000000003,19.5
2013,5,10,9,30,21.200000000000003,696,89.4,2.4000000000000004,19.400000000000002
2013,5,10,10,30,22.6,865,80.07000000000001,2.5,19
2013,5,10,11,30,24.3,961,69.28,2.3000000000000003,18.3
2013,5,10,12,30,25.5,836,62.6,2,17.8
2013,5,10,13,30,25.8,798,60.57,2,17.6
2013,5,10,14,30,25.8,565,59.96,2,17.400000000000002
2013,5,10,15,30,25.6,681,61.06,1.9000000000000001,17.5
2013,5,10,16,30,25.200000000000003,382,63.79,1.7000000000000002,17.900000000000002
2013,5,10,17,30,24.200000000000003,155,71.98,1.3,18.8
2013,5,10,18,30,22.1,37,85.81,1.2000000000000002,19.6
2013,5,10,19,30,20.700000000000003,0,86,1.2000000000000002,18.3
2013,5,10,20,30,20.400000000000002,0,87.32000000000001,1.1,18.2
2013,5,10,21,30,19.900000000000002,0,88.58,1.2000000000000002,18
2013,5,10,22,30,19.1,0,90.43,1.4000000000000001,17.5
2013,5,10,23,30,18.2,0,90.7,1.7000000000000002,16.7
2013,5,11,0,30,17.400000000000002,0,91.39,2,16
2013,5,11,1,30,16.900000000000002,0,91.24,2.4000000000000004,15.5
2013,5,11,2,30,16.6,0,90.46000000000001,2.7,15
2013,5,11,3,30,16.400000000000002,0,89.8,2.9000000000000004,14.700000000000001
2013,5,11,4,30,16.2,0,89.78,3.1,14.5
2013,5,11,5,30,16.1,0,89.55,3.1,14.4
2013,5,11,6,30,17,73,84.94,3.2,14.4
2013,5,11,7,30,19.3,303,74.14,3.9000000000000004,14.600000000000001
2013,5,11,8,30,21.900000000000002,550,61.18,4.3,14.100000000000001
2013,5,11,9,30,23.900000000000002,743,51.480000000000004,4.2,13.3
2013,5,11,10,30,25.200000000000003,890,46.01,4.1000000000000005,12.8
2013,5,11,11,30,26.200000000000003,984,42.12,4.1000000000000005,12.3
2013,5,11,12,30,26.900000000000002,1013,39.050000000000004,4.3,11.8
2013,5,11,13,30,27.200000000000003,977,36.730000000000004,4.3,11.100000000000001
2013,5,11,14,30,27.3,878,35.17,4.2,10.600000000000001
2013,5,11,15,30,27.1,722,34.24,4.1000000000000005,10
2013,5,11,16,30,26.3,526,34.4,3.5,9.4
2013,5,11,17,30,24.3,307,39.54,2.2,9.700000000000001
2013,5,11,18,30,21.3,98,61.160000000000004,1.3,13.5
2013,5,11,19,30,19.400000000000002,0,64.76,1.4000000000000001,12.600000000000001
2013,5,11,20,30,18.6,0,64.67,1.6,11.8
2013,5,11,21,30,17.6,0,65.18,1.8,11
2013,5,11,22,30,16.7,0,66.6,1.8,10.5
2013,5,11,23,30,16,0,68.5,1.9000000000000001,10.200000000000001
2013,5,12,0,30,15.4,0,70.66,2,10.100000000000001
2013,5,12,1,30,15,0,73.02,2.1,10.200000000000001
2013,5,12,2,30,14.5,0,77.39,2.1,10.600000000000001
2013,5,12,3,30,13.9,0,82.91,2,11
2013,5,12,4,30,13.3,0,87.62,2,11.3
2013,5,12,5,30,13.9,0,83.77,2.6,11.200000000000001
2013,5,12,6,30,15.8,130,72.83,3.4000000000000004,10.9
2013,5,12,7,30,18.5,343,56.99,3.8000000000000003,9.8
2013,5,12,8,30,21.1,437,44.46,3.6,8.5
2013,5,12,9,30,23.3,603,39.51,3.1,8.8
2013,5,12,10,30,24.900000000000002,718,37.550000000000004,2.8000000000000003,9.4
2013,5,12,11,30,26,821,35.61,2.9000000000000004,9.600000000000001
2013,5,12,12,30,26.8,840,32.63,3.2,9
2013,5,12,13,30,27.200000000000003,899,29.64,3.4000000000000004,7.9
2013,5,12,14,30,27.3,887,27.07,3.4000000000000004,6.7
2013,5,12,15,30,27,733,25.1,3.2,5.4
2013,5,12,16,30,26.1,537,24.240000000000002,2.8000000000000003,4.1000000000000005
2013,5,12,17,30,23.8,255,28.75,1.8,4.6000000000000005
2013,5,12,18,30,20.5,60,54.99,1.1,11.100000000000001
2013,5,12,19,30,18.2,0,56.81,1.2000000000000002,9.5
2013,5,12,20,30,17.3,0,55.89,1.2000000000000002,8.4
2013,5,12,21,30,16.5,0,56.06,1.2000000000000002,7.7
2013,5,12,22,30,15.600000000000001,0,56.97,1.2000000000000002,7.1000000000000005
2013,5,12,23,30,14.700000000000001,0,58.28,1.2000000000000002,6.6000000000000005
2013,5,13,0,30,13.8,0,60.26,1.2000000000000002,6.2
2013,5,13,1,30,13,0,62.25,1.2000000000000002,5.9
2013,5,13,2,30,12.4,0,64.25,1.1,5.800000000000001
2013,5,13,3,30,12,0,65.99,1.1,5.800000000000001
2013,5,13,4,30,11.700000000000001,0,67.77,1.1,5.9
2013,5,13,5,30,12.5,0,65.01,1.1,6.1000000000000005
2013,5,13,6,30,14.9,137,62.01,1.5,7.7
2013,5,13,7,30,18.3,355,45.46,2.1,6.300000000000001
2013,5,13,8,30,22.200000000000003,573,38.5,2.5,7.4
2013,5,13,9,30,25.200000000000003,767,29.41,2.4000000000000004,6.1000000000000005
2013,5,13,10,30,27.1,917,25.95,2.2,5.9
2013,5,13,11,30,28.5,1010,24.78,2.3000000000000003,6.4
2013,5,13,12,30,29.6,1035,23.8,2.7,6.800000000000001
2013,5,13,13,30,30.1,996,23.23,3,6.800000000000001
2013,5,13,14,30,30.3,893,23.05,3,6.9
2013,5,13,15,30,30,735,23.69,2.9000000000000004,7
2013,5,13,16,30,29,536,25.76,2.6,7.4
2013,5,13,17,30,26.6,316,32.97,1.9000000000000001,9
2013,5,13,18,30,22.900000000000002,105,56.25,1.4000000000000001,13.700000000000001
2013,5,13,19,30,20.5,0,60.43,1.7000000000000002,12.600000000000001
2013,5,13,20,30,19.8,0,60.79,2.2,12
2013,5,13,21,30,19.3,0,62.15,2.6,11.9
2013,5,13,22,30,18.6,0,65.06,2.9000000000000004,11.9
2013,5,13,23,30,17.6,0,70.54,2.9000000000000004,12.200000000000001
2013,5,14,0,30,16.8,0,75.55,3,12.5
2013,5,14,1,30,16.1,0,80.55,3,12.8
2013,5,14,2,30,15.5,0,85.53,2.9000000000000004,13.100000000000001
2013,5,14,3,30,14.9,0,91.36,2.7,13.5
2013,5,14,4,30,14.4,0,97.28,2.4000000000000004,14
2013,5,14,5,30,15.100000000000001,0,95.5,2.7,14.4
2013,5,14,6,30,17.400000000000002,135,84.67,3.1,14.8
2013,5,14,7,30,20.6,345,71.57000000000001,3.4000000000000004,15.3
2013,5,14,8,30,23.900000000000002,556,57.53,3.7,15
2013,5,14,9,30,26.3,742,46.61,3.7,14
2013,5,14,10,30,28,886,40.01,3.8000000000000003,13.100000000000001
2013,5,14,11,30,29.3,978,36.08,4.1000000000000005,12.700000000000001
2013,5,14,12,30,30.200000000000003,1007,33.160000000000004,4.5,12.200000000000001
2013,5,14,13,30,30.700000000000003,965,31.080000000000002,4.7,11.700000000000001
2013,5,14,14,30,30.8,862,30.240000000000002,4.800000000000001,11.3
2013,5,14,15,30,30.400000000000002,707,31.07,4.7,11.4
2013,5,14,16,30,29.6,512,33.79,4.5,12
2013,5,14,17,30,27.900000000000002,298,40.5,3.6,13.200000000000001
2013,5,14,18,30,25.400000000000002,97,53.85,2.6,15.4
2013,5,14,19,30,23.6,0,67.02,2.6,17.1
2013,5,14,20,30,23,0,73.47,3.3000000000000003,18
2013,5,14,21,30,22.200000000000003,0,80.9,3.8000000000000003,18.8
2013,5,14,22,30,21.400000000000002,0,87.69,3.9000000000000004,19.3
2013,5,14,23,30,20.700000000000003,0,92.78,3.8000000000000003,19.5
2013,5,15,0,30,20.200000000000003,0,95.8,3.6,19.5
2013,5,15,1,30,19.900000000000002,0,97.03,3.5,19.400000000000002
2013,5,15,2,30,19.700000000000003,0,97.3,3.5,19.3
2013,5,15,3,30,19.6,0,96.98,3.4000000000000004,19.1
2013,5,15,4,30,19.400000000000002,0,97.34,3.5,19
2013,5,15,5,30,19.400000000000002,0,96.5,3.6,18.8
2013,5,15,6,30,19.700000000000003,7,95.02,3.8000000000000003,18.900000000000002
2013,5,15,7,30,20.700000000000003,172,91.66,4.3,19.3
2013,5,15,8,30,22,203,88.04,5,19.900000000000002
2013,5,15,9,30,23.200000000000003,109,83.37,5.4,20.200000000000003
2013,5,15,10,30,24.3,191,77.5,5.6000000000000005,20.1
2013,5,15,11,30,25.1,196,73.62,5.6000000000000005,20.1
2013,5,15,12,30,25.700000000000003,442,72.11,5.4,20.3
2013,5,15,13,30,26,216,72.56,5.300000000000001,20.700000000000003
2013,5,15,14,30,26.1,574,73.99,5.2,21.1
2013,5,15,15,30,26.1,294,75.62,5.1000000000000005,21.5
2013,5,15,16,30,25.8,364,78.57000000000001,5,21.8
2013,5,15,17,30,25,284,82.97,5,21.900000000000002
2013,5,15,18,30,23.900000000000002,90,86.89,5.300000000000001,21.6
2013,5,15,19,30,22.900000000000002,0,89.09,5.6000000000000005,21
2013,5,15,20,30,22.1,0,90.84,5.7,20.5
2013,5,15,21,30,21.400000000000002,0,92.41,5.4,20.1
2013,5,15,22,30,20.700000000000003,0,94.88,4.9,19.8
2013,5,15,23,30,20.200000000000003,0,97.07000000000001,4.5,19.700000000000003
2013,5,16,0,30,20,0,97.85000000000001,4.2,19.6
2013,5,16,1,30,20,0,97.84,4,19.6
2013,5,16,2,30,20.1,0,97.74000000000001,3.8000000000000003,19.700000000000003
2013,5,16,3,30,20.200000000000003,0,97.73,4.1000000000000005,19.8
2013,5,16,4,30,20.3,0,97.92,4.4,20
2013,5,16,5,30,20.5,0,97.17,4.6000000000000005,20
2013,5,16,6,30,21.200000000000003,126,94.91,4.9,20.400000000000002
2013,5,16,7,30,22.5,162,91.36,5.5,21
2013,5,16,8,30,24.3,172,82.91,6,21.200000000000003
2013,5,16,9,30,25.900000000000002,141,74.73,6.1000000000000005,21.1
2013,5,16,10,30,27.3,180,69.41,5.800000000000001,21.200000000000003
2013,5,16,11,30,28.6,236,65.15,5.4,21.400000000000002
2013,5,16,12,30,29.5,362,62.550000000000004,4.9,21.6
2013,5,16,13,30,30.200000000000003,332,60.45,4.4,21.700000000000003
2013,5,16,14,30,30.700000000000003,612,59.050000000000004,3.8000000000000003,21.8
2013,5,16,15,30,30.8,682,58.89,3.2,21.8
2013,5,16,16,30,30.5,496,60.17,2.6,21.900000000000002
2013,5,16,17,30,29.200000000000003,291,66.8,1.9000000000000001,22.400000000000002
2013,5,16,18,30,26.8,96,83.85000000000001,1.5,23.8
2013,5,16,19,30,25,0,88.55,2.1,23
2013,5,16,20,30,24.200000000000003,0,90.37,3,22.5
2013,5,16,21,30,23.5,0,93.05,3.4000000000000004,22.3
2013,5,16,22,30,22.700000000000003,0,96.46000000000001,3.3000000000000003,22.1
2013,5,16,23,30,22.200000000000003,0,98.22,3.2,21.900000000000002
2013,5,17,0,30,21.900000000000002,0,98.94,3,21.700000000000003
2013,5,17,1,30,21.8,0,98.77,3,21.6
2013,5,17,2,30,21.8,0,98.35000000000001,3.2,21.5
2013,5,17,3,30,21.8,0,98.26,3.2,21.5
2013,5,17,4,30,21.700000000000003,0,98.87,3,21.5
2013,5,17,5,30,22.1,0,96.45,3.1,21.5
2013,5,17,6,30,23.3,123,90.76,3.7,21.700000000000003
2013,5,17,7,30,25.1,223,82.52,4.4,21.900000000000002
2013,5,17,8,30,27,411,73.3,4.7,21.8
2013,5,17,9,30,28.6,567,66.9,4.800000000000001,21.8
2013,5,17,10,30,30,864,62.11,4.800000000000001,22
2013,5,17,11,30,31.3,951,57.79,4.800000000000001,22
2013,5,17,12,30,32.4,989,54.53,4.6000000000000005,22.1
2013,5,17,13,30,33.2,949,52.45,4.4,22.200000000000003
2013,5,17,14,30,33.6,849,51.5,4.1000000000000005,22.200000000000003
2013,5,17,15,30,33.5,696,51.47,3.7,22.1
2013,5,17,16,30,32.5,495,54.07,3,22
2013,5,17,17,30,30.6,238,63.31,2.3000000000000003,22.8
2013,5,17,18,30,28.400000000000002,60,74.28,2.1,23.400000000000002
2013,5,17,19,30,27.1,0,74.97,2.8000000000000003,22.3
2013,5,17,20,30,26.3,0,75.19,3.4000000000000004,21.6
2013,5,17,21,30,25.200000000000003,0,79.23,3.7,21.3
2013,5,17,22,30,24.1,0,83.76,3.9000000000000004,21.200000000000003
2013,5,17,23,30,23.200000000000003,0,87.49,3.8000000000000003,21
2013,5,18,0,30,22.5,0,91.10000000000001,3.6,21
2013,5,18,1,30,22,0,94.48,3.3000000000000003,21.1
2013,5,18,2,30,21.6,0,97.88,3.1,21.200000000000003
2013,5,18,3,30,21.5,0,99.11,2.9000000000000004,21.400000000000002
2013,5,18,4,30,21.5,0,99.52,2.8000000000000003,21.400000000000002
2013,5,18,5,30,22,0,96.98,3,21.5
2013,5,18,6,30,23.200000000000003,64,91.42,3.6,21.700000000000003
2013,5,18,7,30,25,225,84.17,4.5,22.1
2013,5,18,8,30,26.8,465,76.55,5,22.3
2013,5,18,9,30,28.400000000000002,718,69.23,5.2,22.200000000000003
2013,5,18,10,30,30.200000000000003,864,61.25,5.4,21.900000000000002
2013,5,18,11,30,31.6,952,54.980000000000004,5.5,21.5
2013,5,18,12,30,32.2,973,51.26,5.4,20.900000000000002
2013,5,18,13,30,32.5,831,49.2,5.1000000000000005,20.5
2013,5,18,14,30,32.5,668,48.15,4.800000000000001,20.1
2013,5,18,15,30,32.1,665,48.300000000000004,4.4,19.8
2013,5,18,16,30,31,454,51.120000000000005,3.9000000000000004,19.700000000000003
2013,5,18,17,30,29.400000000000002,148,55.550000000000004,3.8000000000000003,19.6
2013,5,18,18,30,27.8,86,59.34,3.9000000000000004,19.1
2013,5,18,19,30,26.400000000000002,0,63.120000000000005,3.9000000000000004,18.8
2013,5,18,20,30,25.5,0,66.27,4.2,18.7
2013,5,18,21,30,24.8,0,69.19,4.9,18.8
2013,5,18,22,30,24,0,73.01,5.2,18.900000000000002
2013,5,18,23,30,23,0,78.16,4.9,19
2013,5,19,0,30,22,0,83.91,4.5,19.200000000000003
2013,5,19,1,30,21.3,0,89.35000000000001,4.2,19.5
2013,5,19,2,30,20.900000000000002,0,94.33,3.9000000000000004,20
2013,5,19,3,30,20.900000000000002,0,97,3.6,20.400000000000002
2013,5,19,4,30,21.1,0,97.77,3.5,20.700000000000003
2013,5,19,5,30,21.8,0,95.15,4.1000000000000005,21
2013,5,19,6,30,23.400000000000002,124,88.19,5.1000000000000005,21.3
2013,5,19,7,30,25.3,130,77.95,5.7,21.200000000000003
2013,5,19,8,30,27.200000000000003,284,67.16,6.1000000000000005,20.6
2013,5,19,9,30,29.200000000000003,621,59.2,6.4,20.400000000000002
2013,5,19,10,30,31,810,53.52,6.5,20.5
2013,5,19,11,30,32.4,951,49.18,6.6000000000000005,20.400000000000002
2013,5,19,12,30,33.4,969,46.050000000000004,6.5,20.200000000000003
2013,5,19,13,30,33.9,793,44.37,6.300000000000001,20.1
2013,5,19,14,30,34.1,830,43.480000000000004,6.2,19.900000000000002
2013,5,19,15,30,33.800000000000004,681,43.4,6.1000000000000005,19.6
2013,5,19,16,30,33,348,44.29,5.9,19.200000000000003
2013,5,19,17,30,31.400000000000002,146,47.76,5.5,19
2013,5,19,18,30,29.3,95,53.230000000000004,5.1000000000000005,18.8
2013,5,19,19,30,27.400000000000002,0,58.22,5.1000000000000005,18.5
2013,5,19,20,30,25.900000000000002,0,62.86,5,18.3
2013,5,19,21,30,24.8,0,67.25,5,18.3
2013,5,19,22,30,24,0,71.58,5,18.5
2013,5,19,23,30,23.200000000000003,0,78.02,4.7,19.200000000000003
2013,5,20,0,30,22.6,0,84.77,4.5,19.900000000000002
2013,5,20,1,30,22.400000000000002,0,89.84,4.5,20.6
2013,5,20,2,30,22.5,0,92.8,4.6000000000000005,21.3
2013,5,20,3,30,22.5,0,95.26,4.3,21.700000000000003
2013,5,20,4,30,22.6,0,96.2,4.3,22
2013,5,20,5,30,23,0,94.41,4.5,22.1
2013,5,20,6,30,24.3,124,87.65,5.1000000000000005,22.1
2013,5,20,7,30,26.1,153,76.97,5.800000000000001,21.700000000000003
2013,5,20,8,30,28,273,66.44,6.1000000000000005,21.200000000000003
2013,5,20,9,30,29.8,629,58.410000000000004,6.300000000000001,20.8
2013,5,20,10,30,31.400000000000002,832,52.28,6.300000000000001,20.5
2013,5,20,11,30,32.6,877,48.1,6.300000000000001,20.200000000000003
2013,5,20,12,30,33.6,974,45.17,6.2,20.1
2013,5,20,13,30,34.2,935,43.53,6.1000000000000005,20
2013,5,20,14,30,34.4,838,43,6,20
2013,5,20,15,30,34.2,677,42.97,5.9,19.8
2013,5,20,16,30,33.5,412,44.01,5.7,19.6
2013,5,20,17,30,32,86,47.71,5.300000000000001,19.5
2013,5,20,18,30,29.900000000000002,20,54.43,4.9,19.700000000000003
2013,5,20,19,30,27.900000000000002,0,61.2,4.7,19.700000000000003
2013,5,20,20,30,26.400000000000002,0,67.58,4.5,19.900000000000002
2013,5,20,21,30,25.3,0,73.33,4.4,20.200000000000003
2013,5,20,22,30,24.400000000000002,0,78.65,4.3,20.400000000000002
2013,5,20,23,30,23.5,0,84.47,4.2,20.700000000000003
2013,5,21,0,30,22.900000000000002,0,89.28,4.1000000000000005,21
2013,5,21,1,30,22.400000000000002,0,93.88,3.8000000000000003,21.400000000000002
2013,5,21,2,30,22.200000000000003,0,96.45,3.5,21.6
2013,5,21,3,30,22.3,0,96.95,3.4000000000000004,21.8
2013,5,21,4,30,22.400000000000002,0,97.43,3.5,22
2013,5,21,5,30,23.1,0,94.49,4,22.200000000000003
2013,5,21,6,30,24.3,66,89.27,4.7,22.400000000000002
2013,5,21,7,30,25.8,301,82.25,5.5,22.5
2013,5,21,8,30,27.3,371,72.10000000000001,6,21.8
2013,5,21,9,30,28.700000000000003,449,64.79,6,21.400000000000002
2013,5,21,10,30,29.900000000000002,516,59.76,5.9,21.200000000000003
2013,5,21,11,30,30.6,650,56.78,5.6000000000000005,21.1
2013,5,21,12,30,30.900000000000002,411,55.34,5.300000000000001,20.900000000000002
2013,5,21,13,30,31,419,55.24,5,21
2013,5,21,14,30,30.6,240,57.39,4.6000000000000005,21.200000000000003
2013,5,21,15,30,29.400000000000002,89,63.24,3.9000000000000004,21.700000000000003
2013,5,21,16,30,27.400000000000002,37,74.32000000000001,2.9000000000000004,22.400000000000002
2013,5,21,17,30,25.1,89,85,2.9000000000000004,22.400000000000002
2013,5,21,18,30,22.5,4,88.28,3.6,20.5
2013,5,21,19,30,20.1,0,86.15,3.7,17.7
2013,5,21,20,30,18.5,0,82.64,3.1,15.5
2013,5,21,21,30,17.5,0,83.94,2.4000000000000004,14.8
2013,5,21,22,30,16.8,0,87.18,1.8,14.700000000000001
2013,5,21,23,30,16,0,91.13,1.3,14.600000000000001
2013,5,22,0,30,15.200000000000001,0,95.12,0.9,14.4
2013,5,22,1,30,14.600000000000001,0,96.58,0.7000000000000001,14.100000000000001
2013,5,22,2,30,14.200000000000001,0,96.96000000000001,0.7000000000000001,13.700000000000001
2013,5,22,3,30,14,0,97.24000000000001,0.6000000000000001,13.600000000000001
2013,5,22,4,30,13.9,0,97.47,0.6000000000000001,13.5
2013,5,22,5,30,14.5,0,93.71000000000001,0.6000000000000001,13.5
2013,5,22,6,30,16.2,155,88.31,0.6000000000000001,14.3
2013,5,22,7,30,18.900000000000002,372,78.98,0.9,15.200000000000001
2013,5,22,8,30,22,588,66.79,1.3,15.5
2013,5,22,9,30,25,778,54.07,1.4000000000000001,15.100000000000001
2013,5,22,10,30,27.5,923,43.050000000000004,1.4000000000000001,13.8
2013,5,22,11,30,29.3,1011,36.9,1.3,13.100000000000001
2013,5,22,12,30,30.400000000000002,1039,34.09,1.5,12.8
2013,5,22,13,30,31.200000000000003,998,31.66,1.6,12.4
2013,5,22,14,30,31.400000000000002,898,30.5,1.7000000000000002,12
2013,5,22,15,30,31.200000000000003,741,30.44,1.9000000000000001,11.8
2013,5,22,16,30,30.400000000000002,547,31.52,1.9000000000000001,11.600000000000001
2013,5,22,17,30,28.400000000000002,331,37.09,1.6,12.3
2013,5,22,18,30,25,120,56.86,1.3,15.9
2013,5,22,19,30,22.3,0,66.51,1.3,15.8
2013,5,22,20,30,21.3,0,67.16,1.4000000000000001,15
2013,5,22,21,30,20.700000000000003,0,68.59,1.5,14.700000000000001
2013,5,22,22,30,20.400000000000002,0,70.10000000000001,1.5,14.8
2013,5,22,23,30,20.200000000000003,0,72.26,1.5,15
2013,5,23,0,30,20.1,0,74.94,1.6,15.5
2013,5,23,1,30,20.200000000000003,0,78.69,1.9000000000000001,16.400000000000002
2013,5,23,2,30,20.400000000000002,0,85.09,2.1,17.8
2013,5,23,3,30,20.400000000000002,0,94.73,2.2,19.5
2013,5,23,4,30,20.400000000000002,0,100,2,20.400000000000002
2013,5,23,5,30,21.400000000000002,0,99.76,2.3000000000000003,21.400000000000002
2013,5,23,6,30,23.3,126,90.68,2.9000000000000004,21.700000000000003
2013,5,23,7,30,25.1,39,81.87,3.3000000000000003,21.8
2013,5,23,8,30,26.6,403,75.21000000000001,3.4000000000000004,21.900000000000002
2013,5,23,9,30,27.700000000000003,453,70.85000000000001,3.3000000000000003,21.900000000000002
2013,5,23,10,30,28.5,518,67.98,3.1,22
2013,5,23,11,30,29,372,66.29,2.8000000000000003,22.1
2013,5,23,12,30,29.200000000000003,477,65.61,2.7,22.1
2013,5,23,13,30,29.3,394,65.16,2.7,22.1
2013,5,23,14,30,29.3,314,64.97,2.7,22
2013,5,23,15,30,29.200000000000003,375,64.94,2.7,21.900000000000002
2013,5,23,16,30,28.6,352,66.76,2.3000000000000003,21.8
2013,5,23,17,30,27.400000000000002,293,72.57000000000001,1.6,22
2013,5,23,18,30,25.700000000000003,81,84.26,1.3,22.8
2013,5,23,19,30,24.6,0,86.84,1.7000000000000002,22.3
2013,5,23,20,30,23.900000000000002,0,87.98,1.7000000000000002,21.8
2013,5,23,21,30,23.200000000000003,0,90.7,1.4000000000000001,21.6
2013,5,23,22,30,22.900000000000002,0,91.11,1.4000000000000001,21.400000000000002
2013,5,23,23,30,22.700000000000003,0,91.43,1.6,21.200000000000003
2013,5,24,0,30,22.5,0,92.19,1.9000000000000001,21.200000000000003
2013,5,24,1,30,22.3,0,93.54,2.1,21.200000000000003
2013,5,24,2,30,22.1,0,94.95,2.1,21.3
2013,5,24,3,30,21.6,0,97.94,1.6,21.3
2013,5,24,4,30,21.1,0,100,1.1,21.1
2013,5,24,5,30,21.6,0,97.66,1,21.200000000000003
2013,5,24,6,30,23.5,57,88.49,1.5,21.5
2013,5,24,7,30,25.5,162,77.13,1.9000000000000001,21.200000000000003
2013,5,24,8,30,26.900000000000002,281,70.76,2.4000000000000004,21.1
2013,5,24,9,30,27.8,577,67.76,2.8000000000000003,21.3
2013,5,24,10,30,28.5,640,66.11,3,21.6
2013,5,24,11,30,28.6,555,67.05,3.1,21.900000000000002
2013,5,24,12,30,28.400000000000002,638,69.06,3,22.200000000000003
2013,5,24,13,30,27.900000000000002,642,72.52,2.7,22.5
2013,5,24,14,30,27.200000000000003,408,77.99,2.3000000000000003,23
2013,5,24,15,30,26.5,201,83.24,2.1,23.400000000000002
2013,5,24,16,30,25.700000000000003,86,87.47,1.8,23.5
2013,5,24,17,30,24.900000000000002,85,91.91,1.4000000000000001,23.5
2013,5,24,18,30,24,35,97.28,1,23.5
2013,5,24,19,30,23.400000000000002,0,96.69,0.8,22.8
2013,5,24,20,30,22.900000000000002,0,97.13,0.8,22.400000000000002
2013,5,24,21,30,22.5,0,97.71000000000001,0.8,22.1
2013,5,24,22,30,22.1,0,98.51,0.9,21.900000000000002
2013,5,24,23,30,21.8,0,98.84,1,21.6
2013,5,25,0,30,21.400000000000002,0,99.77,1.1,21.400000000000002
2013,5,25,1,30,21.1,0,100,1.2000000000000002,21.1
2013,5,25,2,30,20.700000000000003,0,100,1.1,20.700000000000003
2013,5,25,3,30,20.3,0,100,1,20.3
2013,5,25,4,30,20,0,100,0.9,20
2013,5,25,5,30,20.6,0,96.32000000000001,1.2000000000000002,20
2013,5,25,6,30,21.700000000000003,42,95.52,1.9000000000000001,21
2013,5,25,7,30,22.900000000000002,110,92.29,2.6,21.6
2013,5,25,8,30,24.3,275,86.39,3.1,21.900000000000002
2013,5,25,9,30,25.5,293,77.85000000000001,3.7,21.3
2013,5,25,10,30,26.3,263,71.75,4,20.8
2013,5,25,11,30,26.8,488,69.68,4.1000000000000005,20.8
2013,5,25,12,30,27.1,467,68.98,4.1000000000000005,20.900000000000002
2013,5,25,13,30,27.200000000000003,584,68.78,3.9000000000000004,21
2013,5,25,14,30,27,369,69.60000000000001,3.6,21
2013,5,25,15,30,26.5,457,71.7,3.2,21
2013,5,25,16,30,25.700000000000003,506,76.29,2.5,21.200000000000003
2013,5,25,17,30,24.700000000000003,303,84.11,1.8,21.8
2013,5,25,18,30,23.400000000000002,110,92.84,1.6,22.200000000000003
2013,5,25,19,30,22.6,0,94.73,1.8,21.700000000000003
2013,5,25,20,30,22.200000000000003,0,95.41,2.1,21.400000000000002
2013,5,25,21,30,21.900000000000002,0,95.97,2.4000000000000004,21.200000000000003
2013,5,25,22,30,21.700000000000003,0,96.23,2.5,21.1
2013,5,25,23,30,21.400000000000002,0,97.2,2.6,20.900000000000002
2013,5,26,0,30,21.200000000000003,0,97.78,2.7,20.8
2013,5,26,1,30,21,0,98.71000000000001,2.6,20.8
2013,5,26,2,30,21,0,98.65,2.4000000000000004,20.8
2013,5,26,3,30,20.900000000000002,0,99.61,2.2,20.8
2013,5,26,4,30,21,0,99.38,2.2,20.900000000000002
2013,5,26,5,30,21.5,0,96.92,2.7,21
2013,5,26,6,30,22.8,137,92.10000000000001,3.5,21.400000000000002
2013,5,26,7,30,24.5,107,86.86,4.3,22.200000000000003
2013,5,26,8,30,26.3,400,78.54,4.9,22.3
2013,5,26,9,30,27.700000000000003,538,70.75,4.800000000000001,21.900000000000002
2013,5,26,10,30,28.700000000000003,664,65.64,4.7,21.6
2013,5,26,11,30,29.400000000000002,956,62.45,4.6000000000000005,21.5
2013,5,26,12,30,29.900000000000002,736,60.19,4.5,21.3
2013,5,26,13,30,30.1,530,58.96,4.5,21.200000000000003
2013,5,26,14,30,30,602,58.83,4.4,21.1
2013,5,26,15,30,29.700000000000003,488,59.21,4.3,20.900000000000002
2013,5,26,16,30,29.1,371,60.85,3.8000000000000003,20.8
2013,5,26,17,30,28,284,65.67,3,21
2013,5,26,18,30,26.200000000000003,116,75.7,2.2,21.6
2013,5,26,19,30,24.700000000000003,0,81.11,2,21.200000000000003
2013,5,26,20,30,23.900000000000002,0,83.09,2.3000000000000003,20.900000000000002
2013,5,26,21,30,23.3,0,84.57000000000001,2.6,20.6
2013,5,26,22,30,22.5,0,87.2,2.8000000000000003,20.3
2013,5,26,23,30,21.8,0,89.23,3,19.900000000000002
2013,5,27,0,30,21.1,0,91.17,3.1,19.6
2013,5,27,1,30,20.5,0,93.34,3,19.400000000000002
2013,5,27,2,30,20.1,0,95.78,2.9000000000000004,19.400000000000002
2013,5,27,3,30,20,0,97.35000000000001,3,19.6
2013,5,27,4,30,20.3,0,97.22,3.3000000000000003,19.8
2013,5,27,5,30,21.200000000000003,0,93.83,3.7,20.200000000000003
2013,5,27,6,30,22.8,143,87.67,4.4,20.6
2013,5,27,7,30,24.8,171,79.3,5.1000000000000005,21
2013,5,27,8,30,26.6,302,70.42,5.4,20.8
2013,5,27,9,30,28.1,445,64.69,5.300000000000001,20.8
2013,5,27,10,30,29.400000000000002,643,60.49,5.4,21
2013,5,27,11,30,30.700000000000003,623,56.52,5.5,21.1
2013,5,27,12,30,31.5,783,53.89,5.5,21
2013,5,27,13,30,31.900000000000002,345,52.18,5.4,20.900000000000002
2013,5,27,14,30,31.900000000000002,329,51.550000000000004,5.2,20.700000000000003
2013,5,27,15,30,31.6,696,51.78,5.1000000000000005,20.5
2013,5,27,16,30,31,510,53.2,4.800000000000001,20.400000000000002
2013,5,27,17,30,29.8,306,57.09,4.1000000000000005,20.400000000000002
2013,5,27,18,30,28.1,110,63.97,3.5,20.6
2013,5,27,19,30,26.5,0,69.57000000000001,3.4000000000000004,20.5
2013,5,27,20,30,25.5,0,73.06,3.6,20.3
2013,5,27,21,30,24.700000000000003,0,75.72,3.9000000000000004,20.1
2013,5,27,22,30,23.900000000000002,0,77.63,4.2,19.8
2013,5,27,23,30,23,0,81.03,4.4,19.6
2013,5,28,0,30,22.3,0,86.32000000000001,4.5,19.900000000000002
2013,5,28,1,30,22.1,0,90.95,4.9,20.6
2013,5,28,2,30,22.1,0,93.43,5.300000000000001,21
2013,5,28,3,30,22.3,0,93.15,5.2,21.1
2013,5,28,4,30,22.3,0,93.14,4.800000000000001,21.1
2013,5,28,5,30,22.5,0,91.69,4.5,21.1
2013,5,28,6,30,23.6,128,86.2,4.800000000000001,21.200000000000003
2013,5,28,7,30,25.3,329,77.19,5.5,21
2013,5,28,8,30,27.200000000000003,366,66.62,6,20.400000000000002
2013,5,28,9,30,28.900000000000002,676,58.77,6.1000000000000005,20
2013,5,28,10,30,30,772,54.160000000000004,5.9,19.700000000000003
2013,5,28,11,30,30.6,718,51.9,5.7,19.6
2013,5,28,12,30,30.900000000000002,762,50.49,5.5,19.400000000000002
2013,5,28,13,30,31,814,50,5.4,19.400000000000002
2013,5,28,14,30,30.900000000000002,654,50.08,5.300000000000001,19.3
2013,5,28,15,30,30.400000000000002,622,51.050000000000004,5.2,19.1
2013,5,28,16,30,29.8,375,52.78,4.800000000000001,19.1
2013,5,28,17,30,28.900000000000002,296,56.29,4.2,19.3
2013,5,28,18,30,27.6,108,62.050000000000004,3.9000000000000004,19.700000000000003
2013,5,28,19,30,26.6,0,65.62,4.3,19.6
2013,5,28,20,30,25.700000000000003,0,69.07000000000001,4.7,19.6
2013,5,28,21,30,24.700000000000003,0,74.09,4.800000000000001,19.8
2013,5,28,22,30,24,0,78.23,5.2,20
2013,5,28,23,30,23.400000000000002,0,83.08,5.7,20.400000000000002
2013,5,29,0,30,23.200000000000003,0,87.77,6,21.1
2013,5,29,1,30,23.1,0,91.07000000000001,6,21.6
2013,5,29,2,30,23.1,0,91.83,5.800000000000001,21.700000000000003
2013,5,29,3,30,23,0,91.94,5.6000000000000005,21.6
2013,5,29,4,30,22.900000000000002,0,91.86,5.300000000000001,21.5
2013,5,29,5,30,23,0,91,5.2,21.5
2013,5,29,6,30,23.6,18,88.27,5.2,21.5
2013,5,29,7,30,24.5,185,85.10000000000001,5.5,21.8
2013,5,29,8,30,25.6,290,80.47,5.800000000000001,22
2013,5,29,9,30,26.400000000000002,393,76.24,5.7,21.900000000000002
2013,5,29,10,30,27.1,369,72.36,5.800000000000001,21.700000000000003
2013,5,29,11,30,27.700000000000003,414,69.07000000000001,5.9,21.5
2013,5,29,12,30,28,384,67.24,5.800000000000001,21.400000000000002
2013,5,29,13,30,28,364,67.63,5.6000000000000005,21.5
2013,5,29,14,30,27.8,401,69.27,5.4,21.700000000000003
2013,5,29,15,30,27.5,263,71.39,5.1000000000000005,21.900000000000002
2013,5,29,16,30,27.1,319,73.84,5,22
2013,5,29,17,30,26.6,263,75.69,5,22
2013,5,29,18,30,25.700000000000003,115,77.97,5,21.6
2013,5,29,19,30,24.8,0,80.35000000000001,4.800000000000001,21.200000000000003
2013,5,29,20,30,24,0,84.11,4.5,21.1
2013,5,29,21,30,23.6,0,86.9,4.800000000000001,21.3
2013,5,29,22,30,23.200000000000003,0,89.87,5.1000000000000005,21.400000000000002
2013,5,29,23,30,22.900000000000002,0,92.37,5.1000000000000005,21.6
2013,5,30,0,30,22.700000000000003,0,94.4,5,21.8
2013,5,30,1,30,22.6,0,95.91,5,21.900000000000002
2013,5,30,2,30,22.6,0,96.58,4.9,22
2013,5,30,3,30,22.700000000000003,0,96.55,4.800000000000001,22.1
2013,5,30,4,30,22.700000000000003,0,97.04,4.6000000000000005,22.200000000000003
2013,5,30,5,30,23.1,0,95.01,4.6000000000000005,22.3
2013,5,30,6,30,24.1,114,90.94,5.1000000000000005,22.5
2013,5,30,7,30,26,221,82.29,5.800000000000001,22.700000000000003
2013,5,30,8,30,27.900000000000002,174,71.89,6.5,22.400000000000002
2013,5,30,9,30,29.3,512,64.63,6.6000000000000005,21.900000000000002
2013,5,30,10,30,30.6,497,59.660000000000004,6.5,21.900000000000002
2013,5,30,11,30,31.700000000000003,563,56.160000000000004,6.300000000000001,21.900000000000002
2013,5,30,12,30,32.5,571,53.910000000000004,6.1000000000000005,22
2013,5,30,13,30,33,507,52.58,5.9,22
2013,5,30,14,30,33.1,295,52.620000000000005,5.7,22.1
2013,5,30,15,30,32.800000000000004,362,53.72,5.4,22.200000000000003
2013,5,30,16,30,32.300000000000004,518,55.54,5.1000000000000005,22.3
2013,5,30,17,30,31.200000000000003,312,59.6,4.6000000000000005,22.400000000000002
2013,5,30,18,30,29.700000000000003,116,66.02,4.2,22.700000000000003
2013,5,30,19,30,28.400000000000002,0,71.08,4.5,22.700000000000003
2013,5,30,20,30,27.5,0,74.16,4.9,22.5
2013,5,30,21,30,26.700000000000003,0,76.76,5,22.3
2013,5,30,22,30,25.900000000000002,0,79.5,4.800000000000001,22.1
2013,5,30,23,30,25.1,0,82.92,4.6000000000000005,22
2013,5,31,0,30,24.400000000000002,0,87.26,4.3,22.1
2013,5,31,1,30,23.900000000000002,0,91.46000000000001,4,22.400000000000002
2013,5,31,2,30,23.700000000000003,0,94.07000000000001,3.8000000000000003,22.700000000000003
2013,5,31,3,30,23.6,0,96.02,3.5,22.900000000000002
2013,5,31,4,30,23.6,0,96.66,3.4000000000000004,23
2013,5,31,5,30,24.1,0,93.95,3.7,23.1
2013,5,31,6,30,25.400000000000002,143,87.05,4.5,23.1
2013,5,31,7,30,27.200000000000003,83,75.42,5.1000000000000005,22.5
2013,5,31,8,30,29,241,65.9,5.4,22
2013,5,31,9,30,30.700000000000003,320,59.72,5.5,22
2013,5,31,10,30,32.2,565,55.51,5.4,22.200000000000003
2013,5,31,11,30,33.6,590,51.79,5.300000000000001,22.3
2013,5,31,12,30,34.6,634,49.03,5.2,22.3
2013,5,31,13,30,35.2,562,47.2,5.1000000000000005,22.3
2013,5,31,14,30,35.4,833,46.480000000000004,5.1000000000000005,22.200000000000003
2013,5,31,15,30,35.1,678,47.11,5,22.1
2013,5,31,16,30,34.300000000000004,509,49.32,4.9,22.200000000000003
2013,5,31,17,30,33,327,53.64,4.5,22.3
2013,5,31,18,30,31.1,125,61.09,3.9000000000000004,22.700000000000003
2013,5,31,19,30,29.5,0,67.87,4,22.900000000000002
2013,5,31,20,30,28.400000000000002,0,72.44,4.5,23
2013,5,31,21,30,27.400000000000002,0,75.84,5.1000000000000005,22.8
2013,5,31,22,30,26.400000000000002,0,77.65,5.300000000000001,22.200000000000003
2013,5,31,23,30,25.400000000000002,0,80.58,5.1000000000000005,21.8
2013,6,1,0,30,24.6,0,85.21000000000001,5.1000000000000005,21.900000000000002
2013,6,1,1,30,24.1,0,90.3,5,22.400000000000002
2013,6,1,2,30,23.900000000000002,0,93.72,4.800000000000001,22.8
2013,6,1,3,30,23.900000000000002,0,95.33,4.4,23.1
2013,6,1,4,30,24,0,95.68,4,23.3
2013,6,1,5,30,24.5,0,93.26,4.1000000000000005,23.3
2013,6,1,6,30,25.900000000000002,142,85.79,4.7,23.3
2013,6,1,7,30,27.700000000000003,131,74.85000000000001,5.1000000000000005,22.8
2013,6,1,8,30,29.5,339,65.54,5.2,22.400000000000002
2013,6,1,9,30,31.200000000000003,255,58.42,5.1000000000000005,22.1
2013,6,1,10,30,32.6,273,53.4,4.800000000000001,21.900000000000002
2013,6,1,11,30,33.7,610,50.050000000000004,4.5,21.900000000000002
2013,6,1,12,30,34.4,837,48.13,4.1000000000000005,21.900000000000002
2013,6,1,13,30,34.6,473,47.58,3.7,21.8
2013,6,1,14,30,34.6,845,47.43,3.3000000000000003,21.8
2013,6,1,15,30,34.2,695,48.32,2.9000000000000004,21.700000000000003
2013,6,1,16,30,33.6,513,50.13,2.4000000000000004,21.8
2013,6,1,17,30,32.2,310,56.43,1.5,22.400000000000002
2013,6,1,18,30,30.200000000000003,116,71.22,0.9,24.400000000000002
2013,6,1,19,30,28.5,0,80.03,0.7000000000000001,24.700000000000003
2013,6,1,20,30,27.3,0,83.98,1,24.400000000000002
2013,6,1,21,30,26.1,0,87.5,1.7000000000000002,23.900000000000002
2013,6,1,22,30,24.8,0,90.02,2.3000000000000003,23.1
2013,6,1,23,30,23.5,0,91.78,2.8000000000000003,22.1
2013,6,2,0,30,22.400000000000002,0,89.86,3.1,20.700000000000003
2013,6,2,1,30,21.400000000000002,0,88.95,3.2,19.5
2013,6,2,2,30,20.6,0,87.62,3.1,18.5
2013,6,2,3,30,19.8,0,88.48,2.6,17.8
2013,6,2,4,30,19.200000000000003,0,89.96000000000001,2.2,17.5
2013,6,2,5,30,19.200000000000003,0,88.21000000000001,2.4000000000000004,17.2
2013,6,2,6,30,20.6,108,80.19,2.9000000000000004,17.1
2013,6,2,7,30,23,285,67.28,3.2,16.6
2013,6,2,8,30,25.700000000000003,536,54.36,3.2,15.8
2013,6,2,9,30,28,589,45.36,3.1,15.100000000000001
2013,6,2,10,30,29.6,717,40.27,3,14.700000000000001
2013,6,2,11,30,30.8,818,37.38,3.2,14.600000000000001
2013,6,2,12,30,31.6,906,35.47,3.3000000000000003,14.5
2013,6,2,13,30,32.1,988,34.03,3.5,14.3
2013,6,2,14,30,32.300000000000004,892,33.22,3.5,14.100000000000001
2013,6,2,15,30,32,743,32.79,3.3000000000000003,13.600000000000001
2013,6,2,16,30,31.200000000000003,555,32.74,3.1,12.9
2013,6,2,17,30,29.5,345,34.97,2.3000000000000003,12.4
2013,6,2,18,30,26.200000000000003,138,50,1.5,15
2013,6,2,19,30,23.3,0,63.45,1.4000000000000001,16
2013,6,2,20,30,22,0,62.800000000000004,1.7000000000000002,14.600000000000001
2013,6,2,21,30,21,0,62.4,2,13.5
2013,6,2,22,30,20,0,63.940000000000005,2.1,13
2013,6,2,23,30,19,0,67.77,2,12.9
2013,6,3,0,30,18,0,73.24,1.7000000000000002,13.100000000000001
2013,6,3,1,30,17.2,0,79.46000000000001,1.4000000000000001,13.600000000000001
2013,6,3,2,30,16.5,0,84.7,1.2000000000000002,13.9
2013,6,3,3,30,16,0,88.09,1.1,14
2013,6,3,4,30,15.8,0,89.75,1,14.100000000000001
2013,6,3,5,30,16.900000000000002,0,84.77,1.3,14.3
2013,6,3,6,30,19.3,157,76.02,1.5,15
2013,6,3,7,30,22.6,305,64.89,1.2000000000000002,15.700000000000001
2013,6,3,8,30,26.1,574,47.28,0.8,14
2013,6,3,9,30,28.400000000000002,757,38.32,0.7000000000000001,12.8
2013,6,3,10,30,30.3,900,34.660000000000004,0.8,13
2013,6,3,11,30,32,988,31.57,0.8,13
2013,6,3,12,30,33.5,1016,28.740000000000002,0.9,12.9
2013,6,3,13,30,34.5,981,26.72,1.1,12.600000000000001
2013,6,3,14,30,34.9,883,26.16,1.4000000000000001,12.700000000000001
2013,6,3,15,30,34.6,729,26.64,1.6,12.700000000000001
2013,6,3,16,30,33.6,541,27.740000000000002,1.6,12.4
2013,6,3,17,30,31.6,332,32.13,1.4000000000000001,13
2013,6,3,18,30,28.5,131,48.45,1.2000000000000002,16.6
2013,6,3,19,30,25.900000000000002,0,59.75,1.3,17.5
2013,6,3,20,30,24.700000000000003,0,59.08,1.6,16.2
2013,6,3,21,30,23.700000000000003,0,59.96,1.8,15.5
2013,6,3,22,30,22.700000000000003,0,62.660000000000004,1.8,15.200000000000001
2013,6,3,23,30,21.8,0,66.42,1.7000000000000002,15.3
2013,6,4,0,30,20.900000000000002,0,70.89,1.7000000000000002,15.4
2013,6,4,1,30,20.200000000000003,0,74.93,1.6,15.600000000000001
2013,6,4,2,30,19.5,0,79.33,1.5,15.8
2013,6,4,3,30,19,0,83.67,1.4000000000000001,16.2
2013,6,4,4,30,18.7,0,87.46000000000001,1.3,16.6
2013,6,4,5,30,19.700000000000003,0,84.49,1.7000000000000002,17
2013,6,4,6,30,22.3,153,74.76,2.4000000000000004,17.6
2013,6,4,7,30,25.700000000000003,357,65.29,3,18.7
2013,6,4,8,30,28.8,563,54.56,3.7,18.7
2013,6,4,9,30,30.900000000000002,747,45.4,3.7,17.7
2013,6,4,10,30,32.6,892,40.02,3.7,17.3
2013,6,4,11,30,33.9,982,37.01,3.7,17.2
2013,6,4,12,30,34.9,1014,35.160000000000004,3.8000000000000003,17.2
2013,6,4,13,30,35.6,979,33.77,3.9000000000000004,17.2
2013,6,4,14,30,35.800000000000004,884,33.04,3.9000000000000004,17
2013,6,4,15,30,35.6,735,32.87,3.9000000000000004,16.8
2013,6,4,16,30,34.800000000000004,546,33.96,3.7,16.6
2013,6,4,17,30,33.1,338,37.38,3.1,16.6
2013,6,4,18,30,30,134,48.42,2.1,17.900000000000002
2013,6,4,19,30,27.400000000000002,0,61.04,1.9000000000000001,19.200000000000003
2013,6,4,20,30,26.3,0,64.67,2.1,19.1
2013,6,4,21,30,25.5,0,67.81,2.3000000000000003,19.1
2013,6,4,22,30,24.700000000000003,0,71.14,2.7,19.1
2013,6,4,23,30,23.900000000000002,0,74.36,3.1,19.1
2013,6,5,0,30,23,0,78.34,3.2,19
2013,6,5,1,30,22.1,0,83.56,3,19.200000000000003
2013,6,5,2,30,21.200000000000003,0,90.19,2.3000000000000003,19.5
2013,6,5,3,30,20.6,0,95.86,1.6,19.900000000000002
2013,6,5,4,30,20.200000000000003,0,100,1.1,20.200000000000003
2013,6,5,5,30,21.200000000000003,0,95.25,1.4000000000000001,20.400000000000002
2013,6,5,6,30,23.1,147,86.15,2.1,20.700000000000003
2013,6,5,7,30,25.1,349,76.49,2.6,20.700000000000003
2013,6,5,8,30,27.1,555,65.62,2.8000000000000003,20.1
2013,6,5,9,30,29.1,737,56.88,2.9000000000000004,19.700000000000003
2013,6,5,10,30,31,879,49.89,3.2,19.3
2013,6,5,11,30,32.9,906,43.75,3.3000000000000003,18.900000000000002
2013,6,5,12,30,34.300000000000004,873,39.29,3.3000000000000003,18.5
2013,6,5,13,30,35.2,965,36.21,3.1,18
2013,6,5,14,30,35.7,868,34.27,3,17.5
2013,6,5,15,30,35.6,412,33.29,3,17
2013,6,5,16,30,34.800000000000004,538,33.52,3,16.400000000000002
2013,6,5,17,30,33,332,36.78,2.3000000000000003,16.3
2013,6,5,18,30,29.8,132,51.93,1.4000000000000001,18.900000000000002
2013,6,5,19,30,27.1,0,65.98,1.2000000000000002,20.200000000000003
2013,6,5,20,30,26,0,69.04,1.2000000000000002,19.900000000000002
2013,6,5,21,30,25.200000000000003,0,72.01,1.2000000000000002,19.8
2013,6,5,22,30,24.400000000000002,0,75.54,1.1,19.8
2013,6,5,23,30,23.700000000000003,0,78.73,1.2000000000000002,19.8
2013,6,6,0,30,23.1,0,81.48,1.2000000000000002,19.8
2013,6,6,1,30,22.6,0,84.18,1.2000000000000002,19.8
2013,6,6,2,30,22.200000000000003,0,86.91,1.1,19.900000000000002
2013,6,6,3,30,21.8,0,90.35000000000001,1,20.1
2013,6,6,4,30,21.5,0,92.71000000000001,0.9,20.3
2013,6,6,5,30,22.1,0,89.87,1.3,20.400000000000002
2013,6,6,6,30,23.8,85,83.36,1.8,20.8
2013,6,6,7,30,26.6,81,70.84,1.8,20.900000000000002
2013,6,6,8,30,29.200000000000003,429,56.870000000000005,1.3,19.8
2013,6,6,9,30,30.8,147,50.75,0.7000000000000001,19.400000000000002
2013,6,6,10,30,31.900000000000002,786,47.61,0.9,19.400000000000002
2013,6,6,11,30,32.5,529,45.83,1.5,19.3
2013,6,6,12,30,32.7,584,44.97,2.1,19.200000000000003
2013,6,6,13,30,32.300000000000004,937,45.88,3,19.200000000000003
2013,6,6,14,30,31.5,838,48.47,3.7,19.3
2013,6,6,15,30,30.400000000000002,704,52.160000000000004,4.3,19.5
2013,6,6,16,30,29.200000000000003,521,56.06,4.5,19.5
2013,6,6,17,30,27.700000000000003,320,61.050000000000004,4.3,19.5
2013,6,6,18,30,25.900000000000002,125,67.87,3.7,19.5
2013,6,6,19,30,24.3,0,75.72,3.1,19.700000000000003
2013,6,6,20,30,23.200000000000003,0,81.81,2.8000000000000003,19.900000000000002
2013,6,6,21,30,22.3,0,86.14,2.5,19.900000000000002
2013,6,6,22,30,21.400000000000002,0,89.55,2.1,19.6
2013,6,6,23,30,20.6,0,92.42,1.6,19.3
2013,6,7,0,30,19.900000000000002,0,94.81,1.1,19
2013,6,7,1,30,19.3,0,96.4,0.9,18.7
2013,6,7,2,30,18.7,0,97.57000000000001,0.9,18.3
2013,6,7,3,30,18.3,0,97.48,1.1,17.900000000000002
2013,6,7,4,30,17.900000000000002,0,97.75,1.3,17.5
2013,6,7,5,30,18.8,0,90.61,2,17.2
2013,6,7,6,30,21.3,127,77.10000000000001,2.7,17.1
2013,6,7,7,30,24.1,373,56.67,3,15
2013,6,7,8,30,26.400000000000002,584,41.230000000000004,3.2,12.200000000000001
2013,6,7,9,30,28,768,35.27,3.2,11.200000000000001
2013,6,7,10,30,29.400000000000002,909,32.07,3.2,11
2013,6,7,11,30,30.6,948,29.82,3.2,11
2013,6,7,12,30,31.5,887,28.66,3.2,11.100000000000001
2013,6,7,13,30,32,831,28.52,3.2,11.5
2013,6,7,14,30,32.1,712,29.080000000000002,3.2,11.9
2013,6,7,15,30,31.6,589,30.13,3.1,12
2013,6,7,16,30,30.5,431,31.59,2.9000000000000004,11.700000000000001
2013,6,7,17,30,28.6,241,35.02,2.2,11.700000000000001
2013,6,7,18,30,25.900000000000002,79,48.050000000000004,1.3,14.100000000000001
2013,6,7,19,30,23.6,0,62.800000000000004,1.1,16.1
2013,6,7,20,30,22.5,0,64.74,1.2000000000000002,15.5
2013,6,7,21,30,21.6,0,65.89,1.3,15
2013,6,7,22,30,20.8,0,67.18,1.3,14.5
2013,6,7,23,30,20,0,69.89,1.2000000000000002,14.3
2013,6,8,0,30,19.200000000000003,0,73.83,1.1,14.4
2013,6,8,1,30,18.6,0,77.19,1,14.5
2013,6,8,2,30,18.2,0,79.45,0.9,14.600000000000001
2013,6,8,3,30,17.900000000000002,0,80.31,0.9,14.5
2013,6,8,4,30,17.7,0,80.59,0.9,14.3
2013,6,8,5,30,18.6,0,76.5,1.1,14.4
2013,6,8,6,30,21,160,67.12,1.6,14.700000000000001
2013,6,8,7,30,24.3,369,54.02,2.2,14.4
2013,6,8,8,30,27.6,578,39.31,2.7,12.5
2013,6,8,9,30,29.6,761,33.33,2.6,11.8
2013,6,8,10,30,31.3,900,30.37,2.5,11.8
2013,6,8,11,30,32.7,934,28.66,2.5,12.200000000000001
2013,6,8,12,30,33.800000000000004,955,27.46,2.6,12.5
2013,6,8,13,30,34.4,974,26.900000000000002,2.8000000000000003,12.700000000000001
2013,6,8,14,30,34.5,878,27.07,3,12.8
2013,6,8,15,30,34.1,617,28.240000000000002,3.2,13.100000000000001
2013,6,8,16,30,33.1,537,30.69,3.3000000000000003,13.600000000000001
2013,6,8,17,30,31.3,323,36,2.8000000000000003,14.5
2013,6,8,18,30,29,109,47.88,2.2,16.8
2013,6,8,19,30,27.3,0,59.07,2.2,18.6
2013,6,8,20,30,26.6,0,65.83,2.5,19.700000000000003
2013,6,8,21,30,26,0,72.39,2.8000000000000003,20.6
2013,6,8,22,30,25.5,0,77.7,3.1,21.3
2013,6,8,23,30,24.900000000000002,0,83.23,3.2,21.900000000000002
2013,6,9,0,30,24.200000000000003,0,88.04,3.1,22.1
2013,6,9,1,30,23.5,0,91.69,2.8000000000000003,22.1
2013,6,9,2,30,22.900000000000002,0,94.4,2.4000000000000004,22
2013,6,9,3,30,22.3,0,97.19,1.9000000000000001,21.8
2013,6,9,4,30,21.900000000000002,0,98.83,1.5,21.700000000000003
2013,6,9,5,30,22.200000000000003,0,96.43,1.4000000000000001,21.6
2013,6,9,6,30,23.400000000000002,6,90.45,1.3,21.700000000000003
2013,6,9,7,30,25.3,156,81.9,1.4000000000000001,22
2013,6,9,8,30,27.200000000000003,346,70.59,1.7000000000000002,21.400000000000002
2013,6,9,9,30,28.6,464,62.17,1.7000000000000002,20.700000000000003
2013,6,9,10,30,29.700000000000003,863,57.19,1.5,20.3
2013,6,9,11,30,30.8,954,52.83,1.2000000000000002,20.1
2013,6,9,12,30,32,990,48.53,1,19.8
2013,6,9,13,30,32.9,960,45.13,0.8,19.400000000000002
2013,6,9,14,30,33.5,871,42.71,0.6000000000000001,19.1
2013,6,9,15,30,33.7,706,41.04,0.6000000000000001,18.6
2013,6,9,16,30,33.300000000000004,549,40.910000000000004,0.8,18.2
2013,6,9,17,30,32.2,345,42.730000000000004,0.8,17.900000000000002
2013,6,9,18,30,29.6,143,54.160000000000004,0.7000000000000001,19.400000000000002
2013,6,9,19,30,27,0,74.87,0.7000000000000001,22.200000000000003
2013,6,9,20,30,25.6,0,76.12,0.8,21.1
2013,6,9,21,30,24.700000000000003,0,78.26,0.9,20.700000000000003
2013,6,9,22,30,23.900000000000002,0,81.13,1.1,20.5
2013,6,9,23,30,23.200000000000003,0,84.03,1.3,20.400000000000002
2013,6,10,0,30,22.5,0,87.5,1.4000000000000001,20.3
2013,6,10,1,30,22,0,90.58,1.5,20.400000000000002
2013,6,10,2,30,21.6,0,93.66,1.5,20.5
2013,6,10,3,30,21.200000000000003,0,97.22,1.5,20.700000000000003
2013,6,10,4,30,21,0,99.93,1.4000000000000001,21
2013,6,10,5,30,21.900000000000002,0,95.79,1.9000000000000001,21.200000000000003
2013,6,10,6,30,24.400000000000002,155,84.03,2.5,21.5
2013,6,10,7,30,27.5,362,70.67,2.7,21.700000000000003
2013,6,10,8,30,30.3,571,57.32,2.8000000000000003,20.900000000000002
2013,6,10,9,30,32.4,756,48.69,2.7,20.200000000000003
2013,6,10,10,30,34.2,900,42.52,2.7,19.700000000000003
2013,6,10,11,30,35.7,990,37.58,2.8000000000000003,19
2013,6,10,12,30,36.7,1020,33.910000000000004,2.9000000000000004,18.2
2013,6,10,13,30,37.300000000000004,987,31.23,3,17.5
2013,6,10,14,30,37.4,893,29.8,3.1,16.8
2013,6,10,15,30,37,744,29.35,3.2,16.2
2013,6,10,16,30,36,560,30.03,3.2,15.700000000000001
2013,6,10,17,30,34.1,352,33.15,2.6,15.600000000000001
2013,6,10,18,30,30.700000000000003,146,46.14,1.7000000000000002,17.8
2013,6,10,19,30,27.8,0,59.35,1.5,19.200000000000003
2013,6,10,20,30,26.6,0,61.14,1.8,18.5
2013,6,10,21,30,25.900000000000002,0,62.53,2.2,18.2
2013,6,10,22,30,25.3,0,66.61,2.7,18.6
2013,6,10,23,30,24.700000000000003,0,73.56,2.9000000000000004,19.700000000000003
2013,6,11,0,30,24.200000000000003,0,80.72,2.7,20.700000000000003
2013,6,11,1,30,23.700000000000003,0,86.97,2.4000000000000004,21.400000000000002
2013,6,11,2,30,23.3,0,91.54,2,21.8
2013,6,11,3,30,22.900000000000002,0,95.29,1.7000000000000002,22.1
2013,6,11,4,30,22.700000000000003,0,97.56,1.5,22.3
2013,6,11,5,30,23.5,0,93.85000000000001,1.9000000000000001,22.5
2013,6,11,6,30,25.6,146,84.02,2.7,22.700000000000003
2013,6,11,7,30,28.1,349,70.97,2.9000000000000004,22.3
2013,6,11,8,30,30.3,555,59.410000000000004,3.1,21.5
2013,6,11,9,30,32.2,736,51.15,3.4000000000000004,20.8
2013,6,11,10,30,33.800000000000004,878,45.58,3.7,20.400000000000002
2013,6,11,11,30,35,966,42.11,4,20.200000000000003
2013,6,11,12,30,35.9,999,40.09,4.4,20.200000000000003
2013,6,11,13,30,36.2,963,39.76,4.7,20.400000000000002
2013,6,11,14,30,36,867,40.78,5,20.6
2013,6,11,15,30,35.300000000000004,715,42.68,5.300000000000001,20.700000000000003
2013,6,11,16,30,34.2,530,45.29,5.4,20.700000000000003
2013,6,11,17,30,32.7,326,49.160000000000004,5.1000000000000005,20.6
2013,6,11,18,30,30.8,104,54.800000000000004,4.1000000000000005,20.700000000000003
2013,6,11,19,30,28.900000000000002,0,62.730000000000004,3.1,21.1
2013,6,11,20,30,27.6,0,69.4,2.7,21.5
2013,6,11,21,30,26.6,0,75.14,2.4000000000000004,21.8
2013,6,11,22,30,25.8,0,79.91,2.3000000000000003,22.1
2013,6,11,23,30,25.200000000000003,0,83.44,2.4000000000000004,22.200000000000003
2013,6,12,0,30,24.700000000000003,0,86.25,2.6,22.200000000000003
2013,6,12,1,30,24.200000000000003,0,88.86,2.7,22.200000000000003
2013,6,12,2,30,23.8,0,90.76,2.7,22.200000000000003
2013,6,12,3,30,23.3,0,93.31,2.5,22.200000000000003
2013,6,12,4,30,22.900000000000002,0,95.82000000000001,2.2,22.200000000000003
2013,6,12,5,30,23.5,0,92.86,2.4000000000000004,22.3
2013,6,12,6,30,25.6,146,83.02,3.2,22.5
2013,6,12,7,30,28.1,350,68.92,3.7,21.900000000000002
2013,6,12,8,30,30.400000000000002,556,56.61,3.8000000000000003,20.8
2013,6,12,9,30,32.4,737,48.42,3.7,20.1
2013,6,12,10,30,33.9,879,43.21,3.6,19.6
2013,6,12,11,30,35.1,967,39.31,3.5,19.200000000000003
2013,6,12,12,30,35.800000000000004,993,36.93,3.6,18.8
2013,6,12,13,30,36.2,958,35.5,3.7,18.5
2013,6,12,14,30,36.1,865,35.27,3.8000000000000003,18.400000000000002
2013,6,12,15,30,35.5,714,36.49,3.8000000000000003,18.400000000000002
2013,6,12,16,30,34.6,532,38.81,3.7,18.6
2013,6,12,17,30,33.300000000000004,329,42.88,3.2,19
2013,6,12,18,30,31,133,51.910000000000004,2.3000000000000003,20
2013,6,12,19,30,28.900000000000002,0,64.85,1.8,21.6
2013,6,12,20,30,28,0,69.75,2,22
2013,6,12,21,30,27.3,0,73.14,2.1,22.1
2013,6,12,22,30,26.6,0,76.55,2.2,22.1
2013,6,12,23,30,26,0,79.61,2.2,22.200000000000003
2013,6,13,0,30,25.400000000000002,0,82.89,2.1,22.3
2013,6,13,1,30,24.900000000000002,0,86.18,2,22.400000000000002
2013,6,13,2,30,24.400000000000002,0,89.9,1.8,22.6
2013,6,13,3,30,24,0,93.31,1.5,22.900000000000002
2013,6,13,4,30,23.6,0,96.78,1.4000000000000001,23.1
2013,6,13,5,30,24.200000000000003,0,94.06,1.8,23.200000000000003
2013,6,13,6,30,25.8,143,86.01,2.7,23.3
2013,6,13,7,30,28,345,71.05,3.1,22.3
2013,6,13,8,30,30.3,552,55.88,3,20.5
2013,6,13,9,30,32.4,734,45.71,2.6,19.200000000000003
2013,6,13,10,30,34.2,876,39.36,2.3000000000000003,18.400000000000002
2013,6,13,11,30,35.6,966,35.62,2.1,18.1
2013,6,13,12,30,36.6,1005,33.3,2.1,17.900000000000002
2013,6,13,13,30,37.2,973,32.01,2.2,17.8
2013,6,13,14,30,37.300000000000004,881,31.650000000000002,2.4000000000000004,17.7
2013,6,13,15,30,37.1,736,31.970000000000002,2.6,17.7
2013,6,13,16,30,36.300000000000004,553,33.160000000000004,2.6,17.5
2013,6,13,17,30,34.800000000000004,346,36.09,2.2,17.6
2013,6,13,18,30,31.900000000000002,144,47.730000000000004,1.5,19.400000000000002
2013,6,13,19,30,29.5,0,62.46,1.4000000000000001,21.6
2013,6,13,20,30,28.400000000000002,0,65.86,1.7000000000000002,21.400000000000002
2013,6,13,21,30,27.6,0,70.13,1.8,21.700000000000003
2013,6,13,22,30,26.8,0,75.84,1.7000000000000002,22.200000000000003
2013,6,13,23,30,26,0,82.14,1.5,22.700000000000003
2013,6,14,0,30,25.400000000000002,0,87.17,1.2000000000000002,23.1
2013,6,14,1,30,25,0,90.31,1.1,23.3
2013,6,14,2,30,24.6,0,92.99,1,23.400000000000002
2013,6,14,3,30,24.3,0,95.05,0.9,23.5
2013,6,14,4,30,24.1,0,96.68,0.9,23.5
2013,6,14,5,30,24.6,0,94.25,1.2000000000000002,23.6
2013,6,14,6,30,25.900000000000002,111,87.66,1.8,23.700000000000003
2013,6,14,7,30,27.700000000000003,167,76.03,1.9000000000000001,23.1
2013,6,14,8,30,29.8,529,61.4,1.7000000000000002,21.6
2013,6,14,9,30,31.8,733,50.050000000000004,1.4000000000000001,20.1
2013,6,14,10,30,33.6,739,43.69,1.2000000000000002,19.6
2013,6,14,11,30,34.9,850,40.050000000000004,1.2000000000000002,19.3
2013,6,14,12,30,35.800000000000004,785,37.31,1.3,19
2013,6,14,13,30,36.4,661,35.26,1.4000000000000001,18.6
2013,6,14,14,30,36.7,567,33.95,1.6,18.3
2013,6,14,15,30,36.5,481,33.81,1.8,18
2013,6,14,16,30,35.800000000000004,525,35,1.9000000000000001,18
2013,6,14,17,30,34.5,283,38.06,1.7000000000000002,18.2
2013,6,14,18,30,32.2,114,50.39,1.2000000000000002,20.6
2013,6,14,19,30,30.200000000000003,0,65.83,1,23.1
2013,6,14,20,30,29.3,0,67.98,1.1,22.8
2013,6,14,21,30,28.5,0,69.65,1.2000000000000002,22.400000000000002
2013,6,14,22,30,27.700000000000003,0,71.09,1.3,22
2013,6,14,23,30,27.1,0,72.59,1.2000000000000002,21.8
2013,6,15,0,30,26.400000000000002,0,75.12,1.1,21.6
2013,6,15,1,30,25.900000000000002,0,77.33,1,21.6
2013,6,15,2,30,25.400000000000002,0,79.99,1,21.700000000000003
2013,6,15,3,30,25,0,82.60000000000001,0.9,21.8
2013,6,15,4,30,24.6,0,85.39,0.9,22
2013,6,15,5,30,25,0,84.33,1.2000000000000002,22.200000000000003
2013,6,15,6,30,26.400000000000002,66,75.88,1.7000000000000002,21.8
2013,6,15,7,30,28.200000000000003,120,67.6,1.9000000000000001,21.6
2013,6,15,8,30,30,226,58.22,2.1,20.900000000000002
2013,6,15,9,30,31.6,241,50.08,2.2,19.900000000000002
2013,6,15,10,30,33.2,309,43.45,2.2,19.1
2013,6,15,11,30,34.7,450,39.02,2.4000000000000004,18.7
2013,6,15,12,30,35.800000000000004,274,36.47,2.6,18.6
2013,6,15,13,30,36.4,609,34.980000000000004,2.7,18.5
2013,6,15,14,30,36.6,372,34,2.8000000000000003,18.2
2013,6,15,15,30,36.300000000000004,482,33.92,2.9000000000000004,17.900000000000002
2013,6,15,16,30,35.5,375,35.03,2.9000000000000004,17.7
2013,6,15,17,30,34.1,167,37.67,2.5,17.6
2013,6,15,18,30,31.5,90,45.95,1.7000000000000002,18.5
2013,6,15,19,30,29.1,0,61.45,1.2000000000000002,20.900000000000002
2013,6,15,20,30,27.900000000000002,0,66.04,1.2000000000000002,21
2013,6,15,21,30,27.1,0,68.38,1.3,20.8
2013,6,15,22,30,26.400000000000002,0,70.19,1.5,20.5
2013,6,15,23,30,25.8,0,71.75,1.7000000000000002,20.3
2013,6,16,0,30,25.3,0,73.04,1.9000000000000001,20.1
2013,6,16,1,30,24.700000000000003,0,75.35000000000001,2.2,20
2013,6,16,2,30,24.200000000000003,0,78.33,2.4000000000000004,20.200000000000003
2013,6,16,3,30,23.8,0,82.68,2.2,20.700000000000003
2013,6,16,4,30,23.6,0,86.96000000000001,1.9000000000000001,21.3
2013,6,16,5,30,24.200000000000003,0,86.83,2.1,21.900000000000002
2013,6,16,6,30,26,142,80.41,2.8000000000000003,22.400000000000002
2013,6,16,7,30,28.3,341,71.04,3,22.5
2013,6,16,8,30,30.900000000000002,545,57.92,2.9000000000000004,21.700000000000003
2013,6,16,9,30,33.2,728,47.06,2.9000000000000004,20.400000000000002
2013,6,16,10,30,35,871,39.45,2.9000000000000004,19.200000000000003
2013,6,16,11,30,36.4,962,34.49,3,18.3
2013,6,16,12,30,37.300000000000004,994,31.35,3,17.5
2013,6,16,13,30,37.9,963,29.23,3,16.900000000000002
2013,6,16,14,30,38,871,28.32,3,16.5
2013,6,16,15,30,37.800000000000004,730,28.22,3,16.3
2013,6,16,16,30,37.1,548,29.54,2.9000000000000004,16.400000000000002
2013,6,16,17,30,35.7,344,32.61,2.5,16.8
2013,6,16,18,30,33.2,144,41.28,1.7000000000000002,18.3
2013,6,16,19,30,30.900000000000002,0,53.910000000000004,1.4000000000000001,20.5
2013,6,16,20,30,29.900000000000002,0,56.07,1.7000000000000002,20.200000000000003
2013,6,16,21,30,29.200000000000003,0,57.75,2.1,20
2013,6,16,22,30,28.5,0,60.13,2.4000000000000004,20
2013,6,16,23,30,27.8,0,63.160000000000004,2.8000000000000003,20.200000000000003
2013,6,17,0,30,27.1,0,66.5,3.3000000000000003,20.3
2013,6,17,1,30,26.400000000000002,0,71.3,3.5,20.8
2013,6,17,2,30,25.6,0,78.25,3.4000000000000004,21.5
2013,6,17,3,30,24.900000000000002,0,85.75,3,22.3
2013,6,17,4,30,24.5,0,91.10000000000001,2.8000000000000003,23
2013,6,17,5,30,24.900000000000002,0,90.63,3.2,23.3
2013,6,17,6,30,26.6,136,81.79,4,23.200000000000003
2013,6,17,7,30,29,288,69.17,4.3,22.8
2013,6,17,8,30,31.5,446,57.28,4.2,22
2013,6,17,9,30,33.7,303,48.22,4,21.200000000000003
2013,6,17,10,30,35.300000000000004,619,42.29,3.8000000000000003,20.6
2013,6,17,11,30,36.6,956,38.17,3.6,20.1
2013,6,17,12,30,37.4,985,35.72,3.5,19.700000000000003
2013,6,17,13,30,37.7,955,34.57,3.4000000000000004,19.400000000000002
2013,6,17,14,30,37.7,864,34.19,3.2,19.3
2013,6,17,15,30,37.1,719,35.050000000000004,2.9000000000000004,19.1
2013,6,17,16,30,35.9,537,37.54,2.4000000000000004,19.200000000000003
2013,6,17,17,30,34.300000000000004,334,42.71,1.7000000000000002,19.8
2013,6,17,18,30,32,137,57.01,1.1,22.400000000000002
2013,6,17,19,30,30,0,73.54,1,24.8
2013,6,17,20,30,28.900000000000002,0,75.22,1.2000000000000002,24.1
2013,6,17,21,30,28.1,0,74.84,1.3,23.200000000000003
2013,6,17,22,30,27.400000000000002,0,75.51,1.5,22.700000000000003
2013,6,17,23,30,26.8,0,76.39,1.9000000000000001,22.3
2013,6,18,0,30,26.1,0,77.9,2.6,21.900000000000002
2013,6,18,1,30,25.400000000000002,0,80.97,3.1,21.900000000000002
2013,6,18,2,30,24.8,0,85.36,3.2,22.200000000000003
2013,6,18,3,30,24.3,0,89.65,3,22.5
2013,6,18,4,30,24,0,92.71000000000001,2.8000000000000003,22.700000000000003
2013,6,18,5,30,24.400000000000002,0,90.92,3.1,22.8
2013,6,18,6,30,26,25,82.77,3.7,22.8
2013,6,18,7,30,28.3,137,69.96000000000001,3.9000000000000004,22.3
2013,6,18,8,30,30.400000000000002,108,58.93,3.7,21.5
2013,6,18,9,30,31.900000000000002,350,53.39,3.4000000000000004,21.3
2013,6,18,10,30,32.800000000000004,357,50.35,3.2,21.1
2013,6,18,11,30,33.2,884,48.550000000000004,3,20.900000000000002
2013,6,18,12,30,33,482,48.63,2.7,20.700000000000003
2013,6,18,13,30,32.7,939,49.39,2.3000000000000003,20.700000000000003
2013,6,18,14,30,32.4,850,50.45,1.8,20.8
2013,6,18,15,30,32.300000000000004,709,50.45,1.3,20.700000000000003
2013,6,18,16,30,32.1,533,50.17,1,20.400000000000002
2013,6,18,17,30,31.5,335,51.29,0.9,20.200000000000003
2013,6,18,18,30,29.8,141,58.94,0.7000000000000001,20.900000000000002
2013,6,18,19,30,27.900000000000002,0,76.95,0.7000000000000001,23.5
2013,6,18,20,30,26.8,0,80.32000000000001,0.9,23.1
2013,6,18,21,30,26.200000000000003,0,80.94,1.3,22.700000000000003
2013,6,18,22,30,25.700000000000003,0,82.04,1.7000000000000002,22.400000000000002
2013,6,18,23,30,25.1,0,85.36,1.8,22.5
2013,6,19,0,30,24.6,0,88.91,1.6,22.6
2013,6,19,1,30,24.1,0,91.64,1.5,22.700000000000003
2013,6,19,2,30,23.700000000000003,0,93.03,1.6,22.5
2013,6,19,3,30,23.5,0,93.23,1.6,22.3
2013,6,19,4,30,23.400000000000002,0,93.43,1.7000000000000002,22.3
2013,6,19,5,30,24.1,0,90.23,2.2,22.400000000000002
2013,6,19,6,30,26,140,81.96000000000001,2.8000000000000003,22.700000000000003
2013,6,19,7,30,28.3,216,72.03,3,22.8
2013,6,19,8,30,30.6,543,61.03,2.8000000000000003,22.200000000000003
2013,6,19,9,30,32.6,726,51.92,2.4000000000000004,21.400000000000002
2013,6,19,10,30,34.1,867,45.92,2,20.8
2013,6,19,11,30,35,956,42.78,2,20.5
2013,6,19,12,30,35.5,979,41.160000000000004,2,20.3
2013,6,19,13,30,35.6,946,40.62,2.1,20.200000000000003
2013,6,19,14,30,35.4,855,40.730000000000004,2.1,20
2013,6,19,15,30,35,640,41.1,2.3000000000000003,19.8
2013,6,19,16,30,34.300000000000004,511,42.2,2.5,19.6
2013,6,19,17,30,33,208,45.15,2.5,19.5
2013,6,19,18,30,30.8,100,54.370000000000005,2.2,20.5
2013,6,19,19,30,28.900000000000002,0,64.57000000000001,2.4000000000000004,21.6
2013,6,19,20,30,28,0,65.7,3,21
2013,6,19,21,30,27.3,0,67.16,3.1,20.700000000000003
2013,6,19,22,30,26.5,0,69.96000000000001,3.1,20.6
2013,6,19,23,30,25.900000000000002,0,72.4,3.1,20.6
2013,6,20,0,30,25.3,0,75.31,3.2,20.6
2013,6,20,1,30,24.700000000000003,0,78.91,3.1,20.8
2013,6,20,2,30,24.200000000000003,0,83.51,2.8000000000000003,21.200000000000003
2013,6,20,3,30,23.8,0,88.66,2.5,21.8
2013,6,20,4,30,23.700000000000003,0,92.16,2.4000000000000004,22.400000000000002
2013,6,20,5,30,24.200000000000003,0,91.34,2.8000000000000003,22.700000000000003
2013,6,20,6,30,25.900000000000002,134,83.33,3.7,22.900000000000002
2013,6,20,7,30,28.1,333,70.2,4.2,22.200000000000003
2013,6,20,8,30,30.5,538,55.74,4.4,20.700000000000003
2013,6,20,9,30,32.7,721,45.37,4.5,19.400000000000002
2013,6,20,10,30,34.5,865,39.03,4.6000000000000005,18.6
2013,6,20,11,30,36,957,34.81,4.6000000000000005,18.1
2013,6,20,12,30,37,995,32.12,4.6000000000000005,17.6
2013,6,20,13,30,37.6,963,30.28,4.6000000000000005,17.2
2013,6,20,14,30,37.800000000000004,871,29.29,4.5,16.900000000000002
2013,6,20,15,30,37.5,725,29.32,4.3,16.6
2013,6,20,16,30,36.7,543,30.53,4,16.6
2013,6,20,17,30,35,338,33.75,3.1,16.7
2013,6,20,18,30,32.4,139,42.9,2.1,18.2
2013,6,20,19,30,30.3,0,54.26,2.2,20
2013,6,20,20,30,29.5,0,55.11,3,19.5
2013,6,20,21,30,28.6,0,57.29,3.4000000000000004,19.3
2013,6,20,22,30,27.700000000000003,0,60.34,3.5,19.3
2013,6,20,23,30,26.700000000000003,0,63.57,3.4000000000000004,19.200000000000003
2013,6,21,0,30,25.8,0,66.85,3.1,19.200000000000003
2013,6,21,1,30,25,0,70.64,2.9000000000000004,19.3
2013,6,21,2,30,24.200000000000003,0,76.14,2.5,19.700000000000003
2013,6,21,3,30,23.6,0,82.52,2.2,20.400000000000002
2013,6,21,4,30,23.200000000000003,0,88.42,2,21.200000000000003
2013,6,21,5,30,23.8,0,88.34,2.5,21.8
2013,6,21,6,30,25.700000000000003,111,81.77,3.4000000000000004,22.3
2013,6,21,7,30,28,265,71.02,3.9000000000000004,22.3
2013,6,21,8,30,30.5,292,57.410000000000004,4.1000000000000005,21.1
2013,6,21,9,30,32.7,705,46.75,4.1000000000000005,19.8
2013,6,21,10,30,34.5,848,39.33,4.1000000000000005,18.7
2013,6,21,11,30,36.1,939,34.12,4.1000000000000005,17.8
2013,6,21,12,30,37.2,996,30.8,4.2,17.2
2013,6,21,13,30,37.9,964,28.63,4.2,16.6
2013,6,21,14,30,38.1,870,27.59,4.2,16.2
2013,6,21,15,30,37.800000000000004,723,27.5,4.1000000000000005,15.9
2013,6,21,16,30,37,538,28.38,4,15.700000000000001
2013,6,21,17,30,35.4,334,31.060000000000002,3.3000000000000003,15.700000000000001
2013,6,21,18,30,32.6,136,39.18,2.4000000000000004,16.900000000000002
2013,6,21,19,30,30.6,0,49.56,2.3000000000000003,18.900000000000002
2013,6,21,20,30,29.8,0,51.57,2.8000000000000003,18.8
2013,6,21,21,30,29,0,54.160000000000004,3.1,18.8
2013,6,21,22,30,28.1,0,57.28,3.3000000000000003,18.900000000000002
2013,6,21,23,30,27.200000000000003,0,60.480000000000004,3.2,18.900000000000002
2013,6,22,0,30,26.200000000000003,0,64.18,3,18.900000000000002
2013,6,22,1,30,25.3,0,68.49,2.7,19.1
2013,6,22,2,30,24.400000000000002,0,74.46000000000001,2.4000000000000004,19.6
2013,6,22,3,30,23.700000000000003,0,80.97,2.1,20.200000000000003
2013,6,22,4,30,23.200000000000003,0,87.02,2.1,20.900000000000002
2013,6,22,5,30,23.700000000000003,0,87.39,2.7,21.5
2013,6,22,6,30,25.700000000000003,138,80.84,3.7,22.200000000000003
2013,6,22,7,30,28.200000000000003,242,69.64,4.2,22.1
2013,6,22,8,30,30.8,546,55.61,4.4,20.900000000000002
2013,6,22,9,30,33.1,721,45.2,4.4,19.700000000000003
2013,6,22,10,30,34.9,874,39.14,4.4,19
2013,6,22,11,30,36.4,966,34.54,4.5,18.3
2013,6,22,12,30,37.4,996,31.44,4.6000000000000005,17.7
2013,6,22,13,30,38.1,964,29.38,4.6000000000000005,17.2
2013,6,22,14,30,38.300000000000004,874,28.46,4.5,16.8
2013,6,22,15,30,38.1,730,28.38,4.4,16.6
2013,6,22,16,30,37.300000000000004,548,29.23,4.2,16.400000000000002
2013,6,22,17,30,36,342,31.26,3.8000000000000003,16.400000000000002
2013,6,22,18,30,33.4,142,37.160000000000004,2.9000000000000004,16.8
2013,6,22,19,30,31.200000000000003,0,46.32,2.7,18.3
2013,6,22,20,30,30.3,0,48.93,3.5,18.400000000000002
2013,6,22,21,30,29.5,0,51.6,3.8000000000000003,18.5
2013,6,22,22,30,28.5,0,55.89,3.8000000000000003,18.8
2013,6,22,23,30,27.5,0,60.07,3.8000000000000003,19.1
2013,6,23,0,30,26.6,0,63.92,3.6,19.200000000000003
2013,6,23,1,30,25.8,0,68.18,3.3000000000000003,19.5
2013,6,23,2,30,25,0,73.73,3,20
2013,6,23,3,30,24.3,0,80.16,2.6,20.700000000000003
2013,6,23,4,30,23.8,0,85.98,2.5,21.3
2013,6,23,5,30,24.3,0,86.23,3,21.900000000000002
2013,6,23,6,30,26.1,141,80,3.9000000000000004,22.400000000000002
2013,6,23,7,30,28.5,255,67.76,4.4,22
2013,6,23,8,30,30.900000000000002,531,55.42,4.5,20.900000000000002
2013,6,23,9,30,33,729,46.550000000000004,4.6000000000000005,20
2013,6,23,10,30,34.800000000000004,874,39.82,4.6000000000000005,19.1
2013,6,23,11,30,36.1,964,35.050000000000004,4.6000000000000005,18.2
2013,6,23,12,30,37,993,31.71,4.6000000000000005,17.400000000000002
2013,6,23,13,30,37.4,963,29.76,4.5,16.8
2013,6,23,14,30,37.5,874,28.54,4.4,16.2
2013,6,23,15,30,37.1,622,28.48,4.3,15.8
2013,6,23,16,30,36.2,494,29.740000000000002,4.1000000000000005,15.700000000000001
2013,6,23,17,30,34.7,247,32.63,3.4000000000000004,15.9
2013,6,23,18,30,32.5,67,38.980000000000004,2.5,16.8
2013,6,23,19,30,30.700000000000003,0,47.36,2.5,18.2
2013,6,23,20,30,30,0,49.910000000000004,3,18.400000000000002
2013,6,23,21,30,29.200000000000003,0,53.19,3.4000000000000004,18.7
2013,6,23,22,30,28.400000000000002,0,56.45,3.6,18.900000000000002
2013,6,23,23,30,27.6,0,59.660000000000004,3.5,19
2013,6,24,0,30,26.700000000000003,0,63.47,3.3000000000000003,19.200000000000003
2013,6,24,1,30,25.8,0,67.99,3,19.400000000000002
2013,6,24,2,30,25,0,73.24,2.8000000000000003,19.900000000000002
2013,6,24,3,30,24.3,0,79.23,2.7,20.5
2013,6,24,4,30,24.1,0,83.99,2.8000000000000003,21.200000000000003
2013,6,24,5,30,24.700000000000003,0,84.24,3.3000000000000003,21.900000000000002
2013,6,24,6,30,26.400000000000002,135,78.22,4.3,22.3
2013,6,24,7,30,28.6,334,67.35,4.9,22
2013,6,24,8,30,30.900000000000002,308,55.800000000000004,5,21
2013,6,24,9,30,33.1,730,46.07,4.9,20
2013,6,24,10,30,35,824,39,4.800000000000001,19
2013,6,24,11,30,36.5,965,34.49,4.800000000000001,18.3
2013,6,24,12,30,37.6,995,31.64,4.800000000000001,17.900000000000002
2013,6,24,13,30,38.1,963,30.310000000000002,4.800000000000001,17.7
2013,6,24,14,30,38.300000000000004,871,29.64,4.800000000000001,17.5
2013,6,24,15,30,38,725,29.47,4.7,17.1
2013,6,24,16,30,37.300000000000004,543,29.72,4.6000000000000005,16.7
2013,6,24,17,30,36,280,31.46,4.4,16.5
2013,6,24,18,30,34.2,39,34.910000000000004,4,16.5
2013,6,24,19,30,32.4,0,39.75,3.6,17
2013,6,24,20,30,31.1,0,43.93,3.7,17.400000000000002
2013,6,24,21,30,30.1,0,47.32,4,17.7
2013,6,24,22,30,29.200000000000003,0,50.47,4.3,17.900000000000002
2013,6,24,23,30,28.200000000000003,0,54.88,4.3,18.3
2013,6,25,0,30,27.1,0,61.22,4.2,19
2013,6,25,1,30,26.200000000000003,0,68.52,3.9000000000000004,20
2013,6,25,2,30,25.5,0,75.93,3.8000000000000003,20.900000000000002
2013,6,25,3,30,25.200000000000003,0,81.97,3.7,21.900000000000002
2013,6,25,4,30,25.1,0,85.87,3.6,22.6
2013,6,25,5,30,25.700000000000003,0,84.53,4.1000000000000005,22.900000000000002
2013,6,25,6,30,27.3,134,76.91,5.1000000000000005,22.900000000000002
2013,6,25,7,30,29.3,228,66.18,5.800000000000001,22.3
2013,6,25,8,30,31.6,478,55.14,6,21.5
2013,6,25,9,30,33.7,662,45.97,6,20.5
2013,6,25,10,30,35.7,870,38.77,5.9,19.5
2013,6,25,11,30,37.2,960,33.910000000000004,5.800000000000001,18.7
2013,6,25,12,30,38.400000000000006,998,30.44,5.6000000000000005,18
2013,6,25,13,30,39.2,965,28.23,5.5,17.5
2013,6,25,14,30,39.6,873,26.990000000000002,5.5,17.1
2013,6,25,15,30,39.400000000000006,730,26.69,5.4,16.8
2013,6,25,16,30,38.7,549,27.09,5.300000000000001,16.400000000000002
2013,6,25,17,30,37.300000000000004,345,28.98,5,16.3
2013,6,25,18,30,35.300000000000004,145,32.65,4.4,16.400000000000002
2013,6,25,19,30,33.2,0,37.93,4,16.900000000000002
2013,6,25,20,30,31.700000000000003,0,42.53,4.2,17.400000000000002
2013,6,25,21,30,30.400000000000002,0,46.4,4.5,17.6
2013,6,25,22,30,29.3,0,49.300000000000004,4.7,17.6
2013,6,25,23,30,28.200000000000003,0,52.81,4.7,17.7
2013,6,26,0,30,27.1,0,58.72,4.4,18.3
2013,6,26,1,30,26.200000000000003,0,66.69,4.2,19.5
2013,6,26,2,30,25.5,0,75.09,4.3,20.8
2013,6,26,3,30,25.1,0,82.07000000000001,4.3,21.8
2013,6,26,4,30,25,0,85.87,4.4,22.5
2013,6,26,5,30,25.5,0,83.89,4.800000000000001,22.6
2013,6,26,6,30,26.900000000000002,133,75.77,5.300000000000001,22.3
2013,6,26,7,30,29.1,333,63.72,5.4,21.5
2013,6,26,8,30,31.400000000000002,540,52.980000000000004,5.4,20.700000000000003
2013,6,26,9,30,33.7,725,44.81,5.2,20.1
2013,6,26,10,30,35.7,870,39.37,4.800000000000001,19.8
2013,6,26,11,30,37.4,961,35.51,4.5,19.6
2013,6,26,12,30,38.6,992,32.86,4.3,19.400000000000002
2013,6,26,13,30,39.400000000000006,963,30.990000000000002,4.2,19.1
2013,6,26,14,30,39.7,873,29.79,4.1000000000000005,18.8
2013,6,26,15,30,39.6,721,29.44,4,18.5
2013,6,26,16,30,39,532,29.71,3.9000000000000004,18.1
2013,6,26,17,30,37.800000000000004,341,31.17,3.5,17.900000000000002
2013,6,26,18,30,35.300000000000004,143,36.03,2.4000000000000004,18
2013,6,26,19,30,32.9,0,44.230000000000004,1.8,19.1
2013,6,26,20,30,31.900000000000002,0,46.89,2.2,19.200000000000003
2013,6,26,21,30,31.3,0,47.77,2.9000000000000004,18.900000000000002
2013,6,26,22,30,30.6,0,48.76,3.5,18.6
2013,6,26,23,30,29.6,0,51.57,3.7,18.6
2013,6,27,0,30,28.400000000000002,0,56.550000000000004,3.6,18.900000000000002
2013,6,27,1,30,27.400000000000002,0,62.39,3.4000000000000004,19.6
2013,6,27,2,30,26.5,0,69.11,3.1,20.400000000000002
2013,6,27,3,30,25.700000000000003,0,76.25,2.9000000000000004,21.200000000000003
2013,6,27,4,30,25.1,0,82.52,2.8000000000000003,21.900000000000002
2013,6,27,5,30,25.400000000000002,0,83.55,3.2,22.400000000000002
2013,6,27,6,30,26.8,130,77.56,3.7,22.5
2013,6,27,7,30,29,328,65.67,3.6,21.900000000000002
2013,6,27,8,30,31.6,533,53.21,3.4000000000000004,20.900000000000002
2013,6,27,9,30,34.2,718,42.31,3,19.6
2013,6,27,10,30,36.5,863,33.94,2.4000000000000004,18.1
2013,6,27,11,30,38.400000000000006,957,28.53,1.9000000000000001,17
2013,6,27,12,30,39.7,997,25.09,1.7000000000000002,16.1
2013,6,27,13,30,40.6,970,22.73,1.7000000000000002,15.3
2013,6,27,14,30,40.900000000000006,881,21.44,1.8,14.600000000000001
2013,6,27,15,30,40.7,739,20.88,2,14
2013,6,27,16,30,40,557,21.05,2.1,13.600000000000001
2013,6,27,17,30,38.5,352,22.39,2,13.3
2013,6,27,18,30,35.4,151,27.94,1.5,14.100000000000001
2013,6,27,19,30,32.4,0,38.07,1.3,16.3
2013,6,27,20,30,31.1,0,39.410000000000004,1.5,15.700000000000001
2013,6,27,21,30,30.200000000000003,0,40.410000000000004,1.6,15.3
2013,6,27,22,30,29.400000000000002,0,41.410000000000004,1.9000000000000001,14.9
2013,6,27,23,30,28.8,0,42.11,2.4000000000000004,14.700000000000001
2013,6,28,0,30,28.1,0,43.28,3,14.5
2013,6,28,1,30,27.3,0,45.94,3.3000000000000003,14.600000000000001
2013,6,28,2,30,26.400000000000002,0,50.61,3.4000000000000004,15.3
2013,6,28,3,30,25.5,0,57.9,3.4000000000000004,16.6
2013,6,28,4,30,24.8,0,66.14,3.4000000000000004,18.1
2013,6,28,5,30,25,0,70.44,3.6,19.200000000000003
2013,6,28,6,30,27,122,66.11,3.9000000000000004,20.1
2013,6,28,7,30,30.200000000000003,264,55.46,4,20.3
2013,6,28,8,30,33.9,493,42.050000000000004,3.9000000000000004,19.200000000000003
2013,6,28,9,30,37.4,663,29.32,3.6,16.6
2013,6,28,10,30,40,765,21.75,3.2,14.100000000000001
2013,6,28,11,30,41.800000000000004,696,18.75,2.7,13.3
2013,6,28,12,30,43,770,17.76,2.3000000000000003,13.4
2013,6,28,13,30,43.7,777,17.240000000000002,2,13.5
2013,6,28,14,30,43.800000000000004,647,17.26,1.9000000000000001,13.600000000000001
2013,6,28,15,30,43.400000000000006,636,17.69,1.8,13.700000000000001
2013,6,28,16,30,42.5,499,18.51,2,13.600000000000001
2013,6,28,17,30,40.900000000000006,319,20.11,2,13.600000000000001
2013,6,28,18,30,37.9,144,26.740000000000002,1.7000000000000002,15.5
2013,6,28,19,30,35,0,33.88,1.8,16.7
2013,6,28,20,30,33.300000000000004,0,36.51,2.1,16.400000000000002
2013,6,28,21,30,31.900000000000002,0,40.11,2.1,16.7
2013,6,28,22,30,30.6,0,43.980000000000004,1.9000000000000001,17
2013,6,28,23,30,29.5,0,47.36,1.6,17.1
2013,6,29,0,30,28.400000000000002,0,50.980000000000004,1.4000000000000001,17.3
2013,6,29,1,30,27.5,0,54.09,1.2000000000000002,17.400000000000002
2013,6,29,2,30,26.8,0,56.52,1.1,17.400000000000002
2013,6,29,3,30,26.1,0,59.44,1,17.6
2013,6,29,4,30,25.5,0,62.56,1,17.8
2013,6,29,5,30,26.400000000000002,0,60.29,1.6,18.1
2013,6,29,6,30,28.900000000000002,89,53.4,2.3000000000000003,18.5
2013,6,29,7,30,32.7,276,42.12,2.8000000000000003,18.2
2013,6,29,8,30,36.2,543,29.59,3.3000000000000003,15.700000000000001
2013,6,29,9,30,38.400000000000006,726,23.11,3.6,13.700000000000001
2013,6,29,10,30,39.900000000000006,869,20.36,3.6,13
2013,6,29,11,30,41,959,18.93,3.7,12.8
2013,6,29,12,30,41.5,912,18.22,3.8000000000000003,12.600000000000001
2013,6,29,13,30,41.400000000000006,896,18.36,4,12.600000000000001
2013,6,29,14,30,41.1,567,18.94,4.1000000000000005,12.9
2013,6,29,15,30,40.6,712,19.79,4.1000000000000005,13.100000000000001
2013,6,29,16,30,39.7,537,20.95,4,13.3
2013,6,29,17,30,38.400000000000006,340,22.47,3.6,13.3
2013,6,29,18,30,36,147,25.580000000000002,2.8000000000000003,13.200000000000001
2013,6,29,19,30,33.6,0,30.37,2.5,13.8
2013,6,29,20,30,32.1,0,32.04,3.1,13.4
2013,6,29,21,30,30.700000000000003,0,34.05,3.1,13.100000000000001
2013,6,29,22,30,29.3,0,37.7,2.4000000000000004,13.4
2013,6,29,23,30,28.1,0,41.96,1.7000000000000002,14
2013,6,30,0,30,27.200000000000003,0,45.93,1.2000000000000002,14.600000000000001
2013,6,30,1,30,26.6,0,49.09,0.9,15
2013,6,30,2,30,26.200000000000003,0,52.15,0.8,15.600000000000001
2013,6,30,3,30,26.1,0,53.22,0.5,15.8
2013,6,30,4,30,25.8,0,54.78,0.4,16
2013,6,30,5,30,25.900000000000002,0,56.19,1,16.5
2013,6,30,6,30,27.5,122,52.94,2.1,17.1
2013,6,30,7,30,29.5,16,44.31,2.6,16.1
2013,6,30,8,30,31,117,39.09,2.9000000000000004,15.5
2013,6,30,9,30,32.1,461,35.69,2.9000000000000004,15
2013,6,30,10,30,33.4,676,32.21,2.9000000000000004,14.600000000000001
2013,6,30,11,30,34.9,960,29.17,3,14.3
2013,6,30,12,30,36.4,982,26.69,3.3000000000000003,14.200000000000001
2013,6,30,13,30,37.2,959,25.29,3.7,14.100000000000001
2013,6,30,14,30,37.5,620,24.36,3.9000000000000004,13.8
2013,6,30,15,30,37.300000000000004,676,23.87,4.1000000000000005,13.3
2013,6,30,16,30,36.5,556,23.84,4.2,12.600000000000001
2013,6,30,17,30,35.2,271,24.43,4,11.9
2013,6,30,18,30,32.7,155,27.21,3.3000000000000003,11.4
2013,6,30,19,30,30.3,0,31.87,3.1,11.700000000000001
2013,6,30,20,30,28.700000000000003,0,34.95,3.3000000000000003,11.700000000000001
2013,6,30,21,30,27.400000000000002,0,38.26,3.2,11.9
2013,6,30,22,30,26.3,0,41.61,2.8000000000000003,12.200000000000001
2013,6,30,23,30,25.200000000000003,0,44.83,2.5,12.4
2013,7,1,0,30,24.200000000000003,0,47.26,2.2,12.3
2013,7,1,1,30,23.3,0,49.04,1.9000000000000001,12
2013,7,1,2,30,22.3,0,51.31,1.5,11.8
2013,7,1,3,30,21.5,0,54.2,1.3,11.9
2013,7,1,4,30,21,0,57.44,1.2000000000000002,12.3
2013,7,1,5,30,21.700000000000003,0,56.42,1.9000000000000001,12.700000000000001
2013,7,1,6,30,24.1,139,50.1,2.7,13.100000000000001
2013,7,1,7,30,26.6,305,43.25,3,13.100000000000001
2013,7,1,8,30,28,466,38.57,3.3000000000000003,12.600000000000001
2013,7,1,9,30,29.3,517,34.62,3.6,12.100000000000001
2013,7,1,10,30,31,659,30.3,3.7,11.600000000000001
2013,7,1,11,30,32.6,840,26.73,3.7,11
2013,7,1,12,30,33.800000000000004,809,24.03,3.7,10.4
2013,7,1,13,30,34.4,690,22.36,3.7,9.9
2013,7,1,14,30,34.5,687,21.73,3.9000000000000004,9.5
2013,7,1,15,30,34.1,215,22.03,4,9.4
2013,7,1,16,30,33.2,417,23.17,4,9.4
2013,7,1,17,30,31.8,246,25.37,3.7,9.600000000000001
2013,7,1,18,30,29.5,147,29.55,2.7,9.9
2013,7,1,19,30,27.1,0,36.44,1.7000000000000002,10.9
2013,7,1,20,30,25.8,0,40.980000000000004,1.6,11.5
2013,7,1,21,30,25,0,43.59,1.7000000000000002,11.8
2013,7,1,22,30,24.3,0,45.76,1.7000000000000002,11.9
2013,7,1,23,30,23.5,0,48.300000000000004,1.8,12
2013,7,2,0,30,22.900000000000002,0,50.32,1.8,12
2013,7,2,1,30,22.200000000000003,0,52.74,1.8,12.100000000000001
2013,7,2,2,30,21.5,0,55.34,1.8,12.200000000000001
2013,7,2,3,30,20.8,0,58.6,1.6,12.4
2013,7,2,4,30,20.3,0,61.85,1.5,12.700000000000001
2013,7,2,5,30,21,0,60.59,2,13.100000000000001
2013,7,2,6,30,23.6,137,52.79,2.3000000000000003,13.4
2013,7,2,7,30,27.1,339,40.1,2.1,12.4
2013,7,2,8,30,29.8,548,31.1,2.2,10.9
2013,7,2,9,30,31.400000000000002,735,27.45,2.5,10.4
2013,7,2,10,30,32.800000000000004,882,24.62,2.7,10
2013,7,2,11,30,33.9,981,22.41,2.9000000000000004,9.5
2013,7,2,12,30,34.7,1013,20.72,3,9
2013,7,2,13,30,35.1,988,19.5,3.1,8.4
2013,7,2,14,30,35.2,899,18.76,3.1,7.9
2013,7,2,15,30,34.800000000000004,758,18.72,3.1,7.6000000000000005
2013,7,2,16,30,33.9,571,19.42,3,7.4
2013,7,2,17,30,32.5,362,21.06,2.7,7.4
2013,7,2,18,30,29.8,155,25.12,1.8,7.7
2013,7,2,19,30,27.1,0,34.01,1.3,9.9
2013,7,2,20,30,25.900000000000002,0,36.85,1.5,10
2013,7,2,21,30,25.200000000000003,0,38.65,1.7000000000000002,10.100000000000001
2013,7,2,22,30,24.5,0,40.75,1.8,10.3
2013,7,2,23,30,24,0,42.550000000000004,1.8,10.5
2013,7,3,0,30,23.5,0,44.29,1.8,10.600000000000001
2013,7,3,1,30,22.900000000000002,0,46.480000000000004,1.6,10.8
2013,7,3,2,30,22.3,0,49.120000000000005,1.4000000000000001,11.100000000000001
2013,7,3,3,30,21.700000000000003,0,52.15,1.2000000000000002,11.5
2013,7,3,4,30,21.200000000000003,0,55.050000000000004,1.1,11.8
2013,7,3,5,30,22.200000000000003,0,52.96,1.5,12.200000000000001
2013,7,3,6,30,25.1,137,45.93,2.1,12.600000000000001
2013,7,3,7,30,28.3,341,37.47,2.1,12.4
2013,7,3,8,30,30.700000000000003,551,29.53,2,10.9
2013,7,3,9,30,32.300000000000004,740,25.25,2.1,9.9
2013,7,3,10,30,33.5,885,22.71,2.2,9.3
2013,7,3,11,30,34.5,980,20.94,2.2,9
2013,7,3,12,30,35.300000000000004,1012,19.64,2.2,8.700000000000001
2013,7,3,13,30,35.6,983,19.23,2.1,8.6
2013,7,3,14,30,35.6,891,19.39,2,8.700000000000001
2013,7,3,15,30,35.2,745,20.07,1.9000000000000001,8.9
2013,7,3,16,30,34.4,559,21.38,1.9000000000000001,9.200000000000001
2013,7,3,17,30,33.2,351,23.48,1.8,9.600000000000001
2013,7,3,18,30,31,143,27.79,1.4000000000000001,10.3
2013,7,3,19,30,29,0,37.96,1.2000000000000002,13.200000000000001
2013,7,3,20,30,28.200000000000003,0,39.81,1.7000000000000002,13.3
2013,7,3,21,30,27.6,0,41.76,2.2,13.5
2013,7,3,22,30,27.200000000000003,0,43.910000000000004,2.6,13.9
2013,7,3,23,30,26.8,0,46.4,2.8000000000000003,14.3
2013,7,4,0,30,26.3,0,48.93,2.8000000000000003,14.700000000000001
2013,7,4,1,30,25.700000000000003,0,51.46,2.7,14.9
2013,7,4,2,30,25,0,54.32,2.4000000000000004,15.100000000000001
2013,7,4,3,30,24.1,0,58.54,1.9000000000000001,15.5
2013,7,4,4,30,23.200000000000003,0,63.480000000000004,1.6,15.9
2013,7,4,5,30,23.700000000000003,0,63.18,2,16.3
2013,7,4,6,30,25.6,127,58.370000000000005,2.7,16.8
2013,7,4,7,30,28.1,324,50.300000000000004,3.1,16.8
2013,7,4,8,30,30.8,528,38.730000000000004,3.1,15.100000000000001
2013,7,4,9,30,33.1,714,31.07,2.7,13.700000000000001
2013,7,4,10,30,34.800000000000004,859,27.080000000000002,2.3000000000000003,13.100000000000001
2013,7,4,11,30,36.1,955,24.6,2.1,12.700000000000001
2013,7,4,12,30,36.9,991,23.06,2.1,12.4
2013,7,4,13,30,37.4,959,21.96,2.1,12.100000000000001
2013,7,4,14,30,37.300000000000004,867,21.62,2.2,11.8
2013,7,4,15,30,36.6,539,21.97,2.4000000000000004,11.4
2013,7,4,16,30,35.5,542,23.14,2.9000000000000004,11.3
2013,7,4,17,30,34,339,25.54,3.4000000000000004,11.5
2013,7,4,18,30,32.1,120,29.650000000000002,3.4000000000000004,12.200000000000001
2013,7,4,19,30,30,0,35.88,3.2,13.3
2013,7,4,20,30,28.6,0,41.29,3.1,14.200000000000001
2013,7,4,21,30,27.5,0,45.95,2.9000000000000004,14.8
2013,7,4,22,30,26.700000000000003,0,49.33,2.6,15.200000000000001
2013,7,4,23,30,26,0,51.910000000000004,2.3000000000000003,15.4
2013,7,5,0,30,25.3,0,54.27,2,15.4
2013,7,5,1,30,24.8,0,55.9,1.8,15.4
2013,7,5,2,30,24.200000000000003,0,58.04,1.6,15.4
2013,7,5,3,30,23.5,0,61.46,1.3,15.700000000000001
2013,7,5,4,30,23.1,0,64.7,1.1,16.1
2013,7,5,5,30,23.8,0,63.84,1.5,16.5
2013,7,5,6,30,25.900000000000002,124,58.89,2.1,17.2
2013,7,5,7,30,28.900000000000002,321,50.9,2.3000000000000003,17.7
2013,7,5,8,30,31.900000000000002,526,40.85,2.1,17
2013,7,5,9,30,34.2,711,33.88,1.8,16
2013,7,5,10,30,36,860,28.990000000000002,1.9000000000000001,15.200000000000001
2013,7,5,11,30,37.2,956,25.72,2.4000000000000004,14.3
2013,7,5,12,30,38.1,980,23.45,2.9000000000000004,13.700000000000001
2013,7,5,13,30,38.5,955,22.25,3.1,13.200000000000001
2013,7,5,14,30,38.6,868,21.47,3.3000000000000003,12.700000000000001
2013,7,5,15,30,38.1,721,21.490000000000002,3.3000000000000003,12.3
2013,7,5,16,30,37.2,539,22.02,3.3000000000000003,12
2013,7,5,17,30,35.9,335,23.25,3.1,11.700000000000001
2013,7,5,18,30,33.6,137,26.5,2.4000000000000004,11.700000000000001
2013,7,5,19,30,31.5,0,32.05,2,12.8
2013,7,5,20,30,30.6,0,34.34,2.6,13.100000000000001
2013,7,5,21,30,30,0,36,3.2,13.3
2013,7,5,22,30,29.3,0,38.17,3.4000000000000004,13.600000000000001
2013,7,5,23,30,28.400000000000002,0,41.4,3.1,14
2013,7,6,0,30,27.3,0,45.67,2.4000000000000004,14.600000000000001
2013,7,6,1,30,26.3,0,49.88,2,15
2013,7,6,2,30,25.5,0,53.34,1.8,15.3
2013,7,6,3,30,24.6,0,57.63,1.5,15.700000000000001
2013,7,6,4,30,23.8,0,62.190000000000005,1.3,16.1
2013,7,6,5,30,24.400000000000002,0,61.44,1.7000000000000002,16.5
2013,7,6,6,30,26.5,127,56.160000000000004,2.5,17.1
2013,7,6,7,30,29,326,47.730000000000004,2.9000000000000004,16.8
2013,7,6,8,30,31.400000000000002,532,40.15,3,16.2
2013,7,6,9,30,33.7,718,34.51,3,15.9
2013,7,6,10,30,35.5,864,30.38,3.1,15.5
2013,7,6,11,30,37,960,27.23,3.3000000000000003,15.100000000000001
2013,7,6,12,30,38,999,24.93,3.4000000000000004,14.5
2013,7,6,13,30,38.6,930,23.39,3.6,14
2013,7,6,14,30,38.7,885,22.45,3.7,13.5
2013,7,6,15,30,38.400000000000006,743,22.150000000000002,3.9000000000000004,13
2013,7,6,16,30,37.6,561,22.59,3.9000000000000004,12.700000000000001
2013,7,6,17,30,36.300000000000004,357,23.88,3.7,12.4
2013,7,6,18,30,33.800000000000004,152,27.51,2.7,12.5
2013,7,6,19,30,31.400000000000002,0,33.45,1.9000000000000001,13.4
2013,7,6,20,30,30.5,0,36.5,2.3000000000000003,14
2013,7,6,21,30,30.1,0,38.79,3,14.5
2013,7,6,22,30,29.6,0,42.480000000000004,3.4000000000000004,15.5
2013,7,6,23,30,28.900000000000002,0,47.980000000000004,3.3000000000000003,16.8
2013,7,7,0,30,28.1,0,53.93,3.1,17.900000000000002
2013,7,7,1,30,27.400000000000002,0,59.120000000000005,2.8000000000000003,18.7
2013,7,7,2,30,26.700000000000003,0,63.95,2.5,19.3
2013,7,7,3,30,25.8,0,69.75,1.9000000000000001,19.900000000000002
2013,7,7,4,30,25.1,0,74.92,1.5,20.3
2013,7,7,5,30,25.3,0,75.8,1.8,20.700000000000003
2013,7,7,6,30,26.900000000000002,130,70.86,2.3000000000000003,21.200000000000003
2013,7,7,7,30,29.200000000000003,333,60.56,2.4000000000000004,20.8
2013,7,7,8,30,31.700000000000003,539,50.24,2.4000000000000004,20.1
2013,7,7,9,30,34.1,688,42.12,2.6,19.400000000000002
2013,7,7,10,30,36,872,36.54,2.7,18.8
2013,7,7,11,30,37.5,966,32.53,2.7,18.3
2013,7,7,12,30,38.6,1000,29.63,2.7,17.7
2013,7,7,13,30,39.300000000000004,971,27.75,2.8000000000000003,17.3
2013,7,7,14,30,39.5,612,26.85,3.1,17
2013,7,7,15,30,39.1,728,27.080000000000002,3.4000000000000004,16.7
2013,7,7,16,30,38,545,28.490000000000002,3.8000000000000003,16.6
2013,7,7,17,30,36.4,339,31.6,4.4,16.900000000000002
2013,7,7,18,30,34.300000000000004,141,37.68,4.800000000000001,17.8
2013,7,7,19,30,32.2,0,45.980000000000004,4.800000000000001,19.1
2013,7,7,20,30,30.8,0,52.730000000000004,4.7,20
2013,7,7,21,30,29.8,0,57.08,4.4,20.400000000000002
2013,7,7,22,30,29.1,0,59.69,4.1000000000000005,20.5
2013,7,7,23,30,28.5,0,61.93,3.8000000000000003,20.5
2013,7,8,0,30,27.8,0,64.89,3.5,20.6
2013,7,8,1,30,27.200000000000003,0,67.98,3.2,20.8
2013,7,8,2,30,26.6,0,71.57000000000001,2.9000000000000004,21
2013,7,8,3,30,26.1,0,74.92,2.7,21.3
2013,7,8,4,30,25.700000000000003,0,77.88,2.4000000000000004,21.5
2013,7,8,5,30,26,0,77.38,2.6,21.700000000000003
2013,7,8,6,30,27.200000000000003,110,72.69,3,21.900000000000002
2013,7,8,7,30,29,263,64.74,3.1,21.700000000000003
2013,7,8,8,30,31,395,56.4,3.2,21.3
2013,7,8,9,30,32.9,497,49.230000000000004,3.4000000000000004,20.900000000000002
2013,7,8,10,30,34.5,749,43.77,3.7,20.400000000000002
2013,7,8,11,30,35.6,939,40.27,4.1000000000000005,20
2013,7,8,12,30,36.2,431,38.34,4.5,19.8
2013,7,8,13,30,36.2,847,38.02,4.800000000000001,19.6
2013,7,8,14,30,35.800000000000004,714,38.82,4.9,19.6
2013,7,8,15,30,35.300000000000004,607,39.31,4.7,19.400000000000002
2013,7,8,16,30,34.800000000000004,547,39.15,4.4,18.900000000000002
2013,7,8,17,30,34.1,348,38.85,4,18.1
2013,7,8,18,30,32.7,149,40.02,3.3000000000000003,17.3
2013,7,8,19,30,31.1,0,42.5,2.8000000000000003,16.900000000000002
2013,7,8,20,30,30.1,0,44.2,3,16.6
2013,7,8,21,30,29.1,0,46.77,3.1,16.6
2013,7,8,22,30,28.3,0,50.230000000000004,3,17
2013,7,8,23,30,27.5,0,55.410000000000004,2.9000000000000004,17.8
2013,7,9,0,30,26.8,0,61.84,2.7,18.900000000000002
2013,7,9,1,30,26.200000000000003,0,68.43,2.5,19.900000000000002
2013,7,9,2,30,25.6,0,74.69,2.3000000000000003,20.8
2013,7,9,3,30,25,0,80.51,2.1,21.400000000000002
2013,7,9,4,30,24.5,0,85.43,2.1,21.900000000000002
2013,7,9,5,30,24.900000000000002,0,85.36,2.6,22.3
2013,7,9,6,30,26.6,125,79.09,3.3000000000000003,22.700000000000003
2013,7,9,7,30,29.1,328,66.36,3.6,22.200000000000003
2013,7,9,8,30,31.8,538,51.620000000000005,3.7,20.6
2013,7,9,9,30,34.2,726,39.69,3.6,18.6
2013,7,9,10,30,36.2,874,32.09,3.4000000000000004,16.900000000000002
2013,7,9,11,30,37.7,970,27.61,3.3000000000000003,15.9
2013,7,9,12,30,38.900000000000006,1000,24.91,3.2,15.3
2013,7,9,13,30,39.5,973,23.67,3.2,15
2013,7,9,14,30,39.800000000000004,884,23.12,3.2,14.9
2013,7,9,15,30,39.6,744,23.330000000000002,3.2,14.8
2013,7,9,16,30,38.900000000000006,562,24.45,3.2,15
2013,7,9,17,30,37.7,356,26.47,3.1,15.200000000000001
2013,7,9,18,30,35.300000000000004,152,30.740000000000002,2.3000000000000003,15.5
2013,7,9,19,30,33.1,0,37.19,1.9000000000000001,16.5
2013,7,9,20,30,32.2,0,39.57,2.6,16.7
2013,7,9,21,30,31.5,0,41.57,3.4000000000000004,16.900000000000002
2013,7,9,22,30,30.5,0,45.86,3.8000000000000003,17.5
2013,7,9,23,30,29.5,0,52.26,3.9000000000000004,18.7
2013,7,10,0,30,28.5,0,59.34,3.7,19.8
2013,7,10,1,30,27.700000000000003,0,65.46000000000001,3.4000000000000004,20.6
2013,7,10,2,30,27,0,70.5,3.2,21.200000000000003
2013,7,10,3,30,26.400000000000002,0,75.13,2.8000000000000003,21.6
2013,7,10,4,30,25.8,0,79.98,2.5,22.1
2013,7,10,5,30,26,0,80.84,2.8000000000000003,22.5
2013,7,10,6,30,27.700000000000003,124,74.32000000000001,3.3000000000000003,22.700000000000003
2013,7,10,7,30,30.3,324,61.29,3.3000000000000003,22
2013,7,10,8,30,33.2,531,47.61,2.9000000000000004,20.6
2013,7,10,9,30,35.7,717,37.39,2.5,18.900000000000002
2013,7,10,10,30,37.7,863,30.75,2.2,17.6
2013,7,10,11,30,39.1,912,27.11,2.2,16.8
2013,7,10,12,30,40.1,992,24.94,2.4000000000000004,16.3
2013,7,10,13,30,40.6,966,23.75,2.6,15.9
2013,7,10,14,30,40.7,879,23.150000000000002,2.7,15.600000000000001
2013,7,10,15,30,40.300000000000004,737,23.14,2.7,15.3
2013,7,10,16,30,39.5,466,23.580000000000002,2.6,14.9
2013,7,10,17,30,38.300000000000004,352,24.7,2.4000000000000004,14.600000000000001
2013,7,10,18,30,35.800000000000004,149,28.2,1.7000000000000002,14.600000000000001
2013,7,10,19,30,33.4,0,35.54,1.3,16.1
2013,7,10,20,30,32.5,0,37.45,1.8,16.1
2013,7,10,21,30,32,0,39.1,2.6,16.400000000000002
2013,7,10,22,30,31.3,0,42.26,3.4000000000000004,17
2013,7,10,23,30,30.400000000000002,0,46.82,3.6,17.8
2013,7,11,0,30,29.400000000000002,0,51.69,3.6,18.400000000000002
2013,7,11,1,30,28.6,0,55.67,3.4000000000000004,18.900000000000002
2013,7,11,2,30,27.900000000000002,0,59.120000000000005,3.1,19.200000000000003
2013,7,11,3,30,27.200000000000003,0,63.26,2.8000000000000003,19.6
2013,7,11,4,30,26.700000000000003,0,67.44,2.6,20.200000000000003
2013,7,11,5,30,26.900000000000002,0,68.85000000000001,2.9000000000000004,20.700000000000003
2013,7,11,6,30,28.6,121,64.38,3.6,21.200000000000003
2013,7,11,7,30,31.200000000000003,318,55.33,3.5,21.200000000000003
2013,7,11,8,30,33.9,523,44.93,2.8000000000000003,20.3
2013,7,11,9,30,36.2,691,36.87,2.1,19.1
2013,7,11,10,30,37.9,769,31.96,1.5,18.3
2013,7,11,11,30,39.2,844,28.95,1.4000000000000001,17.900000000000002
2013,7,11,12,30,39.900000000000006,823,27.5,1.7000000000000002,17.7
2013,7,11,13,30,40,896,27.18,2.1,17.6
2013,7,11,14,30,39.300000000000004,766,28.16,2.5,17.5
2013,7,11,15,30,38.300000000000004,704,29.87,2.8000000000000003,17.6
2013,7,11,16,30,37.4,437,31.73,3.1,17.8
2013,7,11,17,30,36.300000000000004,125,34.09,3.2,18
2013,7,11,18,30,34.6,68,37.86,2.5,18.2
2013,7,11,19,30,33,0,42.71,1.9000000000000001,18.7
2013,7,11,20,30,31.8,0,46.72,1.8,19
2013,7,11,21,30,31,0,49.49,1.8,19.200000000000003
2013,7,11,22,30,30.200000000000003,0,52.35,1.8,19.400000000000002
2013,7,11,23,30,29.5,0,54.94,1.7000000000000002,19.5
2013,7,12,0,30,28.8,0,57.370000000000005,1.6,19.5
2013,7,12,1,30,28.200000000000003,0,59.46,1.7000000000000002,19.6
2013,7,12,2,30,27.6,0,61.980000000000004,1.8,19.700000000000003
2013,7,12,3,30,27,0,65.7,1.9000000000000001,20
2013,7,12,4,30,26.400000000000002,0,70.12,1.8,20.5
2013,7,12,5,30,26.6,0,71.3,2.1,21
2013,7,12,6,30,28.1,83,67.2,2.4000000000000004,21.400000000000002
2013,7,12,7,30,30.5,298,58.550000000000004,1.8,21.5
2013,7,12,8,30,33.5,429,47.58,1,20.8
2013,7,12,9,30,36.2,704,36.92,1.3,19.200000000000003
2013,7,12,10,30,38,828,31.91,2.1,18.400000000000002
2013,7,12,11,30,39.1,948,29.87,2.4000000000000004,18.3
2013,7,12,12,30,40,982,28.43,2.7,18.3
2013,7,12,13,30,40.400000000000006,957,27.64,2.9000000000000004,18.2
2013,7,12,14,30,40.6,842,26.97,3,18
2013,7,12,15,30,40.400000000000006,575,26.51,3.1,17.5
2013,7,12,16,30,39.7,553,26.62,3.1,17
2013,7,12,17,30,38.5,351,27.62,2.9000000000000004,16.5
2013,7,12,18,30,36.1,127,30.93,2,16.3
2013,7,12,19,30,33.7,0,37.26,1.3,17.1
2013,7,12,20,30,32.5,0,40.410000000000004,1.4000000000000001,17.3
2013,7,12,21,30,31.6,0,42.9,1.5,17.5
2013,7,12,22,30,30.700000000000003,0,45.63,1.6,17.6
2013,7,12,23,30,29.8,0,48.620000000000005,1.6,17.8
2013,7,13,0,30,29,0,51.46,1.5,18
2013,7,13,1,30,28.3,0,54.06,1.3,18.1
2013,7,13,2,30,27.700000000000003,0,56.15,1.1,18.2
2013,7,13,3,30,27,0,58.86,0.9,18.3
2013,7,13,4,30,26.5,0,61.2,0.5,18.400000000000002
2013,7,13,5,30,27.200000000000003,0,59.24,0.5,18.6
2013,7,13,6,30,29.5,93,52.34,0.7000000000000001,18.7
2013,7,13,7,30,32.5,320,44.35,0.7000000000000001,18.8
2013,7,13,8,30,35.300000000000004,526,36.65,0.8,18.3
2013,7,13,9,30,37.4,711,31.44,1,17.7
2013,7,13,10,30,39,858,28.19,1.5,17.3
2013,7,13,11,30,40.2,954,25.93,1.9000000000000001,17
2013,7,13,12,30,41,987,24.48,2.4000000000000004,16.8
2013,7,13,13,30,41.400000000000006,960,23.64,2.8000000000000003,16.5
2013,7,13,14,30,41.300000000000004,273,23.38,3.2,16.3
2013,7,13,15,30,40.800000000000004,302,23.53,3.5,16
2013,7,13,16,30,39.7,496,24.23,3.8000000000000003,15.5
2013,7,13,17,30,38.300000000000004,275,25.46,3.9000000000000004,15.100000000000001
2013,7,13,18,30,36.300000000000004,53,27.98,3.7,14.9
2013,7,13,19,30,34.2,0,31.35,3.5,14.8
2013,7,13,20,30,32.7,0,33.660000000000004,3.6,14.600000000000001
2013,7,13,21,30,31.5,0,34.89,3.4000000000000004,14.100000000000001
2013,7,13,22,30,30.3,0,35.25,2.9000000000000004,13.200000000000001
2013,7,13,23,30,28.900000000000002,0,36.19,2.2,12.4
2013,7,14,0,30,27.5,0,38.14,1.7000000000000002,12
2013,7,14,1,30,26.400000000000002,0,40.14,1.5,11.8
2013,7,14,2,30,25.8,0,41.22,1.4000000000000001,11.600000000000001
2013,7,14,3,30,25.3,0,43.33,1.3,11.9
2013,7,14,4,30,24.900000000000002,0,46.75,1.1,12.700000000000001
2013,7,14,5,30,25.3,0,48.04,1.4000000000000001,13.5
2013,7,14,6,30,26.8,56,46.35,1.5,14.3
2013,7,14,7,30,29.200000000000003,106,45.28,1.2000000000000002,16.1
2013,7,14,8,30,31.5,59,42.02,1.2000000000000002,17
2013,7,14,9,30,32.800000000000004,104,38.71,1.9000000000000001,16.900000000000002
2013,7,14,10,30,33.1,141,37.980000000000004,3.2,16.900000000000002
2013,7,14,11,30,32,224,41.33,4.6000000000000005,17.2
2013,7,14,12,30,30,224,47.99,5.300000000000001,17.8
2013,7,14,13,30,27.900000000000002,173,56.76,5.300000000000001,18.5
2013,7,14,14,30,26.3,191,64.85,4.9,19.200000000000003
2013,7,14,15,30,25,116,71.55,4.2,19.5
2013,7,14,16,30,24,104,77.08,3.7,19.700000000000003
2013,7,14,17,30,23.200000000000003,103,82.04,3.5,20
2013,7,14,18,30,22.6,21,85.89,3.3000000000000003,20.1
2013,7,14,19,30,22.200000000000003,0,88.71000000000001,3.2,20.200000000000003
2013,7,14,20,30,22,0,90.96000000000001,3.1,20.5
2013,7,14,21,30,22,0,92.3,3.2,20.700000000000003
2013,7,14,22,30,21.900000000000002,0,93.96000000000001,3.5,20.900000000000002
2013,7,14,23,30,21.8,0,96.14,3.7,21.200000000000003
2013,7,15,0,30,21.700000000000003,0,97.38,3.8000000000000003,21.3
2013,7,15,1,30,21.5,0,97.47,3.8000000000000003,21.1
2013,7,15,2,30,21.5,0,96.2,3.8000000000000003,20.900000000000002
2013,7,15,3,30,21.700000000000003,0,96.33,3.6,21.1
2013,7,15,4,30,21.900000000000002,0,97.08,3.4000000000000004,21.400000000000002
2013,7,15,5,30,21.8,0,97.61,3.3000000000000003,21.400000000000002
2013,7,15,6,30,21.900000000000002,16,96.26,3.5,21.3
2013,7,15,7,30,22.400000000000002,7,92.95,3.6,21.200000000000003
2013,7,15,8,30,23.200000000000003,184,86.51,3.8000000000000003,20.8
2013,7,15,9,30,24,190,81.83,3.9000000000000004,20.700000000000003
2013,7,15,10,30,24.400000000000002,110,80.36,4.2,20.8
2013,7,15,11,30,24.400000000000002,173,81.42,4.5,21
2013,7,15,12,30,24.400000000000002,302,82.9,4.6000000000000005,21.3
2013,7,15,13,30,24.700000000000003,326,83.49,4.5,21.700000000000003
2013,7,15,14,30,25.1,319,83.62,4.2,22.1
2013,7,15,15,30,25.200000000000003,271,84.41,3.7,22.400000000000002
2013,7,15,16,30,25,225,86.35000000000001,3.1,22.6
2013,7,15,17,30,24.6,177,90.28,2.4000000000000004,22.900000000000002
2013,7,15,18,30,24,84,94.66,1.9000000000000001,23.1
2013,7,15,19,30,23.5,0,97.15,1.9000000000000001,23
2013,7,15,20,30,23.3,0,97.32000000000001,2.2,22.900000000000002
2013,7,15,21,30,23.200000000000003,0,97.17,2.4000000000000004,22.700000000000003
2013,7,15,22,30,23,0,98.25,2.3000000000000003,22.700000000000003
2013,7,15,23,30,22.900000000000002,0,98.51,2.2,22.700000000000003
2013,7,16,0,30,22.8,0,98.58,2.1,22.6
2013,7,16,1,30,22.700000000000003,0,98.68,2.1,22.5
2013,7,16,2,30,22.700000000000003,0,98.42,2.1,22.400000000000002
2013,7,16,3,30,22.6,0,98.9,2.2,22.400000000000002
2013,7,16,4,30,22.6,0,99,2.2,22.400000000000002
2013,7,16,5,30,22.700000000000003,0,98.22,2.3000000000000003,22.400000000000002
2013,7,16,6,30,23.1,39,96.68,2.6,22.5
2013,7,16,7,30,23.700000000000003,106,95.02,2.7,22.900000000000002
2013,7,16,8,30,24.5,327,92.65,2.8000000000000003,23.200000000000003
2013,7,16,9,30,25.400000000000002,459,89.3,2.9000000000000004,23.5
2013,7,16,10,30,26.3,416,85.25,2.8000000000000003,23.6
2013,7,16,11,30,26.900000000000002,421,82.49,2.8000000000000003,23.700000000000003
2013,7,16,12,30,27.3,583,80.29,2.7,23.6
2013,7,16,13,30,27.5,450,78.48,2.6,23.400000000000002
2013,7,16,14,30,27.6,696,77.41,2.5,23.3
2013,7,16,15,30,27.5,595,77.89,2.4000000000000004,23.3
2013,7,16,16,30,27.1,531,80.79,2.1,23.5
2013,7,16,17,30,26.5,280,86.39,1.6,24
2013,7,16,18,30,25.6,112,93.72,1.3,24.5
2013,7,16,19,30,24.900000000000002,0,95.74000000000001,1.4000000000000001,24.200000000000003
2013,7,16,20,30,24.6,0,95.86,1.5,23.900000000000002
2013,7,16,21,30,24.3,0,96.53,1.5,23.700000000000003
2013,7,16,22,30,24,0,97.08,1.4000000000000001,23.5
2013,7,16,23,30,23.6,0,98.37,1.3,23.3
2013,7,17,0,30,23.3,0,99.10000000000001,1.3,23.200000000000003
2013,7,17,1,30,23.1,0,99.32000000000001,1.5,23
2013,7,17,2,30,23,0,98.92,1.8,22.8
2013,7,17,3,30,22.900000000000002,0,98.82000000000001,2.1,22.700000000000003
2013,7,17,4,30,22.900000000000002,0,98.42,2.3000000000000003,22.6
2013,7,17,5,30,23.1,0,97.02,2.6,22.6
2013,7,17,6,30,23.8,27,94.56,3,22.900000000000002
2013,7,17,7,30,24.900000000000002,57,91.14,3.3000000000000003,23.400000000000002
2013,7,17,8,30,26.1,152,85.05,3.5,23.400000000000002
2013,7,17,9,30,27.200000000000003,351,77.10000000000001,3.6,22.8
2013,7,17,10,30,28.1,448,70.55,3.6,22.200000000000003
2013,7,17,11,30,28.8,407,66.47,3.6,21.900000000000002
2013,7,17,12,30,29.200000000000003,799,64.75,3.6,21.900000000000002
2013,7,17,13,30,29.400000000000002,721,64.49,3.5,22
2013,7,17,14,30,29.3,243,65.53,3.4000000000000004,22.200000000000003
2013,7,17,15,30,28.900000000000002,354,67.83,3.1,22.400000000000002
2013,7,17,16,30,28.400000000000002,435,70.63,2.7,22.5
2013,7,17,17,30,27.5,205,76.51,1.9000000000000001,23
2013,7,17,18,30,26.200000000000003,93,86.39,1,23.700000000000003
2013,7,17,19,30,25.1,0,94.7,0.6000000000000001,24.200000000000003
2013,7,17,20,30,24.700000000000003,0,94.86,0.6000000000000001,23.8
2013,7,17,21,30,24.400000000000002,0,94.36,0.5,23.400000000000002
2013,7,17,22,30,24.1,0,94.5,0.5,23.200000000000003
2013,7,17,23,30,23.8,0,95.03,0.6000000000000001,23
2013,7,18,0,30,23.3,0,96.44,0.6000000000000001,22.700000000000003
2013,7,18,1,30,22.900000000000002,0,97.39,0.6000000000000001,22.5
2013,7,18,2,30,22.400000000000002,0,99.35000000000001,0.7000000000000001,22.3
2013,7,18,3,30,22,0,100,0.8,22
2013,7,18,4,30,21.700000000000003,0,100,0.9,21.700000000000003
2013,7,18,5,30,22.5,0,97.35000000000001,1.6,22.1
2013,7,18,6,30,24.400000000000002,115,90.5,2.2,22.700000000000003
2013,7,18,7,30,26.6,315,81.23,2.1,23.1
2013,7,18,8,30,28.6,522,69.98,2,22.6
2013,7,18,9,30,30,709,62.550000000000004,2.1,22.1
2013,7,18,10,30,30.900000000000002,855,58.79,2.2,21.900000000000002
2013,7,18,11,30,31.5,824,56.72,2.1,21.900000000000002
2013,7,18,12,30,31.700000000000003,807,55.9,2,21.8
2013,7,18,13,30,31.8,799,55.07,1.9000000000000001,21.700000000000003
2013,7,18,14,30,31.8,513,54.730000000000004,1.8,21.6
2013,7,18,15,30,31.5,722,55.550000000000004,1.7000000000000002,21.5
2013,7,18,16,30,31,508,57.08,1.6,21.5
2013,7,18,17,30,30.200000000000003,222,61.34,1.3,21.900000000000002
2013,7,18,18,30,28.700000000000003,139,70.62,0.9,22.8
2013,7,18,19,30,27.400000000000002,0,82.13,0.7000000000000001,24.1
2013,7,18,20,30,26.700000000000003,0,81.76,0.7000000000000001,23.3
2013,7,18,21,30,26,0,84.09,0.8,23.1
2013,7,18,22,30,25.3,0,86.35000000000001,0.8,22.900000000000002
2013,7,18,23,30,24.5,0,88.72,0.9,22.5
2013,7,19,0,30,23.900000000000002,0,89.75,1,22.1
2013,7,19,1,30,23.200000000000003,0,91.17,1.1,21.700000000000003
2013,7,19,2,30,22.700000000000003,0,91.96000000000001,1.1,21.3
2013,7,19,3,30,22.200000000000003,0,93.59,1.1,21.1
2013,7,19,4,30,21.900000000000002,0,94.89,1,21
2013,7,19,5,30,22.6,0,91.25,1.4000000000000001,21.1
2013,7,19,6,30,24.5,80,83.33,1.9000000000000001,21.5
2013,7,19,7,30,27,308,73.64,2.2,21.900000000000002
2013,7,19,8,30,29.400000000000002,513,62.7,2.3000000000000003,21.5
2013,7,19,9,30,31,653,55.46,2,21
2013,7,19,10,30,32,843,51.43,1.8,20.700000000000003
2013,7,19,11,30,32.7,937,49.730000000000004,1.7000000000000002,20.8
2013,7,19,12,30,33.1,973,48.92,1.6,20.900000000000002
2013,7,19,13,30,33.2,945,48.54,1.5,20.900000000000002
2013,7,19,14,30,33,652,48.68,1.6,20.8
2013,7,19,15,30,32.5,672,49.84,1.9000000000000001,20.700000000000003
2013,7,19,16,30,31.6,449,52.18,2.2,20.6
2013,7,19,17,30,30.1,320,57.53,2.1,20.8
2013,7,19,18,30,27.900000000000002,138,70.76,1.8,22.1
2013,7,19,19,30,26.1,0,81.26,1.8,22.6
2013,7,19,20,30,25.1,0,84.85000000000001,2.1,22.400000000000002
2013,7,19,21,30,24.400000000000002,0,88.26,2.2,22.3
2013,7,19,22,30,23.8,0,90.99,2.2,22.200000000000003
2013,7,19,23,30,23.5,0,92.47,2.2,22.200000000000003
2013,7,20,0,30,23.3,0,93.69,2.1,22.200000000000003
2013,7,20,1,30,23,0,95.62,1.9000000000000001,22.3
2013,7,20,2,30,22.700000000000003,0,97.39,1.6,22.3
2013,7,20,3,30,22.400000000000002,0,99.02,1.5,22.200000000000003
2013,7,20,4,30,22.3,0,99.11,1.6,22.200000000000003
2013,7,20,5,30,22.900000000000002,0,95.14,2.1,22.1
2013,7,20,6,30,24.5,46,87.51,2.7,22.3
2013,7,20,7,30,26.700000000000003,164,78.94,2.7,22.700000000000003
2013,7,20,8,30,28.8,504,69.96000000000001,2.4000000000000004,22.8
2013,7,20,9,30,30.200000000000003,691,63.5,1.9000000000000001,22.5
2013,7,20,10,30,31.1,837,59.54,1.7000000000000002,22.3
2013,7,20,11,30,31.700000000000003,931,56.94,1.7000000000000002,22.1
2013,7,20,12,30,31.900000000000002,975,55.56,1.8,21.900000000000002
2013,7,20,13,30,31.900000000000002,846,54.84,1.9000000000000001,21.700000000000003
2013,7,20,14,30,31.700000000000003,862,54.81,2,21.5
2013,7,20,15,30,31.3,722,55.67,2.1,21.400000000000002
2013,7,20,16,30,30.700000000000003,542,57.71,2.1,21.400000000000002
2013,7,20,17,30,29.6,236,62.81,1.8,21.8
2013,7,20,18,30,27.8,43,74.66,1.3,22.900000000000002
2013,7,20,19,30,26.200000000000003,0,85.56,1.2000000000000002,23.6
2013,7,20,20,30,25.5,0,86.74,1.4000000000000001,23.1
2013,7,20,21,30,25.1,0,87.18,1.7000000000000002,22.8
2013,7,20,22,30,24.700000000000003,0,87.98,2,22.6
2013,7,20,23,30,24.3,0,89.60000000000001,2.2,22.5
2013,7,21,0,30,23.900000000000002,0,91.61,2.3000000000000003,22.400000000000002
2013,7,21,1,30,23.6,0,93.46000000000001,2.4000000000000004,22.5
2013,7,21,2,30,23.3,0,95.61,2.1,22.6
2013,7,21,3,30,23,0,97.99000000000001,1.7000000000000002,22.700000000000003
2013,7,21,4,30,22.900000000000002,0,99,1.5,22.700000000000003
2013,7,21,5,30,23.400000000000002,0,96.17,1.9000000000000001,22.8
2013,7,21,6,30,25,107,89.51,2.7,23.200000000000003
2013,7,21,7,30,27.3,305,79.75,3.3000000000000003,23.5
2013,7,21,8,30,29.700000000000003,511,67.82000000000001,3.3000000000000003,23.1
2013,7,21,9,30,31.5,698,59.7,3,22.700000000000003
2013,7,21,10,30,32.7,845,54.59,2.9000000000000004,22.400000000000002
2013,7,21,11,30,33.300000000000004,941,51.89,2.9000000000000004,22.1
2013,7,21,12,30,33.6,976,50.38,3,21.900000000000002
2013,7,21,13,30,33.800000000000004,951,49.68,3,21.8
2013,7,21,14,30,33.7,864,49.93,3,21.8
2013,7,21,15,30,33.4,725,50.96,3,21.900000000000002
2013,7,21,16,30,32.7,543,53.46,3,22
2013,7,21,17,30,31.5,338,58.6,2.6,22.400000000000002
2013,7,21,18,30,29.5,137,71.2,2,23.700000000000003
2013,7,21,19,30,28.1,0,80.71000000000001,2.1,24.5
2013,7,21,20,30,27.5,0,83.19,2.8000000000000003,24.400000000000002
2013,7,21,21,30,26.900000000000002,0,86.96000000000001,3.2,24.5
2013,7,21,22,30,26.3,0,90.48,3.4000000000000004,24.6
2013,7,21,23,30,25.700000000000003,0,93.62,3.5,24.6
2013,7,22,0,30,25.3,0,95.51,3.5,24.5
2013,7,22,1,30,25,0,96.85000000000001,3.4000000000000004,24.5
2013,7,22,2,30,24.8,0,97.51,3.2,24.400000000000002
2013,7,22,3,30,24.700000000000003,0,97.69,2.8000000000000003,24.3
2013,7,22,4,30,24.5,0,98.68,2.5,24.3
2013,7,22,5,30,24.900000000000002,0,96.14,2.7,24.200000000000003
2013,7,22,6,30,26.1,93,90.23,3.5,24.400000000000002
2013,7,22,7,30,27.700000000000003,285,81.9,4.1000000000000005,24.3
2013,7,22,8,30,29.200000000000003,490,73.14,4.1000000000000005,23.900000000000002
2013,7,22,9,30,30.6,653,65.81,4,23.5
2013,7,22,10,30,31.8,638,60.35,4,23.200000000000003
2013,7,22,11,30,32.7,926,56.68,3.9000000000000004,23
2013,7,22,12,30,33.2,965,54.42,3.9000000000000004,22.8
2013,7,22,13,30,33.5,939,52.7,3.9000000000000004,22.5
2013,7,22,14,30,33.5,853,51.97,3.9000000000000004,22.3
2013,7,22,15,30,33.4,715,51.46,3.8000000000000003,22
2013,7,22,16,30,33.1,535,51.9,3.4000000000000004,21.900000000000002
2013,7,22,17,30,32,331,56.550000000000004,2.8000000000000003,22.3
2013,7,22,18,30,30.400000000000002,131,64.74,2.8000000000000003,23
2013,7,22,19,30,29.3,0,66.56,3.5,22.400000000000002
2013,7,22,20,30,28.6,0,66.65,4,21.8
2013,7,22,21,30,27.8,0,69.4,4,21.700000000000003
2013,7,22,22,30,26.900000000000002,0,74.79,3.8000000000000003,22
2013,7,22,23,30,26.200000000000003,0,80.72,3.7,22.6
2013,7,23,0,30,25.6,0,86.47,3.4000000000000004,23.200000000000003
2013,7,23,1,30,25.1,0,91.28,3.1,23.6
2013,7,23,2,30,24.8,0,94.36,2.9000000000000004,23.8
2013,7,23,3,30,24.6,0,96.66,2.8000000000000003,24
2013,7,23,4,30,24.6,0,97.28,2.8000000000000003,24.1
2013,7,23,5,30,25.1,0,94.67,3.2,24.200000000000003
2013,7,23,6,30,26.3,68,88.94,4.1000000000000005,24.3
2013,7,23,7,30,27.900000000000002,227,79.99,4.6000000000000005,24.1
2013,7,23,8,30,29.5,400,71.02,4.7,23.700000000000003
2013,7,23,9,30,30.900000000000002,554,63.96,4.5,23.3
2013,7,23,10,30,32.300000000000004,838,56.99,4.4,22.700000000000003
2013,7,23,11,30,33.5,939,51.02,4.3,22
2013,7,23,12,30,34.5,978,46.03,4.2,21.200000000000003
2013,7,23,13,30,35.1,953,42.550000000000004,4.1000000000000005,20.5
2013,7,23,14,30,35.4,866,40.15,4.1000000000000005,19.8
2013,7,23,15,30,35.300000000000004,720,38.9,4,19.200000000000003
2013,7,23,16,30,34.6,538,39.58,3.7,18.900000000000002
2013,7,23,17,30,32.9,333,44.79,2.7,19.3
2013,7,23,18,30,30.400000000000002,133,57.99,2,21.200000000000003
2013,7,23,19,30,28.6,0,63.76,2,21.1
2013,7,23,20,30,27.900000000000002,0,64.25,2.4000000000000004,20.5
2013,7,23,21,30,27.3,0,65.56,2.9000000000000004,20.3
2013,7,23,22,30,26.700000000000003,0,67.78,3.2,20.3
2013,7,23,23,30,25.900000000000002,0,72.12,3.3000000000000003,20.5
2013,7,24,0,30,25.3,0,76.45,3.4000000000000004,20.900000000000002
2013,7,24,1,30,24.8,0,81.56,3.3000000000000003,21.400000000000002
2013,7,24,2,30,24.400000000000002,0,86.83,3,22.1
2013,7,24,3,30,24.1,0,91.73,2.6,22.700000000000003
2013,7,24,4,30,24,0,94.93,2.2,23.1
2013,7,24,5,30,24.400000000000002,0,94.27,2.4000000000000004,23.400000000000002
2013,7,24,6,30,25.900000000000002,76,87.60000000000001,3.2,23.700000000000003
2013,7,24,7,30,27.700000000000003,249,79.24,3.6,23.8
2013,7,24,8,30,29.400000000000002,451,71.45,3.6,23.700000000000003
2013,7,24,9,30,30.900000000000002,649,65.29,3.5,23.6
2013,7,24,10,30,32.1,682,60.54,3.2,23.5
2013,7,24,11,30,33,748,57,2.9000000000000004,23.3
2013,7,24,12,30,33.4,823,55.09,2.5,23.200000000000003
2013,7,24,13,30,33.5,827,54.11,2.1,23
2013,7,24,14,30,33.4,739,54.02,1.7000000000000002,22.8
2013,7,24,15,30,33.300000000000004,583,53.95,1.2000000000000002,22.700000000000003
2013,7,24,16,30,33,425,54.730000000000004,0.8,22.700000000000003
2013,7,24,17,30,32.300000000000004,257,59.42,0.5,23.400000000000002
2013,7,24,18,30,30.900000000000002,114,69.12,0.5,24.6
2013,7,24,19,30,29.6,0,75.55,0.8,24.8
2013,7,24,20,30,28.5,0,78.52,1,24.400000000000002
2013,7,24,21,30,27.700000000000003,0,80.73,1.1,24.1
2013,7,24,22,30,26.900000000000002,0,83.39,1.3,23.8
2013,7,24,23,30,26.3,0,85.79,1.4000000000000001,23.700000000000003
2013,7,25,0,30,25.8,0,88.36,1.5,23.700000000000003
2013,7,25,1,30,25.400000000000002,0,90.49,1.5,23.700000000000003
2013,7,25,2,30,25.1,0,91.65,1.5,23.6
2013,7,25,3,30,24.700000000000003,0,93.12,1.4000000000000001,23.5
2013,7,25,4,30,24.400000000000002,0,93.94,1.2000000000000002,23.400000000000002
2013,7,25,5,30,24.700000000000003,0,91.59,1.5,23.200000000000003
2013,7,25,6,30,26,69,83.61,1.8,23
2013,7,25,7,30,27.900000000000002,190,73.98,1.6,22.8
2013,7,25,8,30,30.200000000000003,493,63.800000000000004,1.1,22.6
2013,7,25,9,30,32.1,682,56.08,0.5,22.200000000000003
2013,7,25,10,30,33.2,827,52.34,0.5,22.1
2013,7,25,11,30,33.6,888,51.01,0.9,22.1
2013,7,25,12,30,33.6,908,51.03,1.3,22.1
2013,7,25,13,30,33.5,804,51.35,1.6,22.1
2013,7,25,14,30,33.300000000000004,726,52.1,1.7000000000000002,22.1
2013,7,25,15,30,32.9,572,53.370000000000005,1.8,22.200000000000003
2013,7,25,16,30,32.2,388,56.01,1.6,22.3
2013,7,25,17,30,31,275,63.2,1.2000000000000002,23.200000000000003
2013,7,25,18,30,29.400000000000002,123,75.78,1.1,24.700000000000003
2013,7,25,19,30,28.400000000000002,0,77.46000000000001,1.1,24.1
2013,7,25,20,30,27.900000000000002,0,77.95,1.2000000000000002,23.700000000000003
2013,7,25,21,30,27.5,0,78.65,1.2000000000000002,23.5
2013,7,25,22,30,27.1,0,78.65,1.3,23.1
2013,7,25,23,30,26.8,0,77.77,1.7000000000000002,22.6
2013,7,26,0,30,26.5,0,76.3,2.3000000000000003,22
2013,7,26,1,30,26,0,76.43,2.7,21.5
2013,7,26,2,30,25.400000000000002,0,79.27,2.8000000000000003,21.5
2013,7,26,3,30,24.900000000000002,0,83.92,2.7,22
2013,7,26,4,30,24.6,0,88.45,2.6,22.6
2013,7,26,5,30,24.900000000000002,0,89.49,2.9000000000000004,23.1
2013,7,26,6,30,26.200000000000003,45,84.91,3.7,23.5
2013,7,26,7,30,28.1,142,76.18,4.4,23.5
2013,7,26,8,30,30.1,308,66.23,4.6000000000000005,23.1
2013,7,26,9,30,31.8,366,58.35,4.5,22.6
2013,7,26,10,30,33.300000000000004,641,52.38,4.2,22.200000000000003
2013,7,26,11,30,34.300000000000004,743,48.53,3.9000000000000004,21.900000000000002
2013,7,26,12,30,35,770,46.08,3.7,21.700000000000003
2013,7,26,13,30,35.2,790,45.25,3.5,21.6
2013,7,26,14,30,35.1,748,45.44,3.4000000000000004,21.5
2013,7,26,15,30,34.800000000000004,692,46.35,3.2,21.6
2013,7,26,16,30,34.2,510,48.68,2.7,21.900000000000002
2013,7,26,17,30,32.9,307,56.44,1.8,23.1
2013,7,26,18,30,31,113,71.92,1.2000000000000002,25.3
2013,7,26,19,30,29.700000000000003,0,78.89,1.1,25.6
2013,7,26,20,30,29,0,80.59,1.2000000000000002,25.3
2013,7,26,21,30,28.200000000000003,0,83.55,1.4000000000000001,25.1
2013,7,26,22,30,27.3,0,87.04,1.6,25
2013,7,26,23,30,26.400000000000002,0,90.75,1.8,24.8
2013,7,27,0,30,25.6,0,94.27,1.9000000000000001,24.6
2013,7,27,1,30,24.8,0,96.59,2.1,24.200000000000003
2013,7,27,2,30,24.1,0,97.07000000000001,2.4000000000000004,23.6
2013,7,27,3,30,23.400000000000002,0,96.65,2.8000000000000003,22.8
2013,7,27,4,30,22.700000000000003,0,96.4,2.9000000000000004,22.1
2013,7,27,5,30,22.6,0,93.42,3.2,21.5
2013,7,27,6,30,23.200000000000003,70,86.92,3.7,20.900000000000002
2013,7,27,7,30,24.700000000000003,92,76.41,3.9000000000000004,20.3
2013,7,27,8,30,26.400000000000002,236,68.65,3.9000000000000004,20.200000000000003
2013,7,27,9,30,28,221,62.39,3.8000000000000003,20.1
2013,7,27,10,30,29.5,254,56.75,3.8000000000000003,20
2013,7,27,11,30,31,610,51.57,3.9000000000000004,19.900000000000002
2013,7,27,12,30,32.2,800,47.24,4,19.5
2013,7,27,13,30,32.9,910,43.85,4,19
2013,7,27,14,30,33.1,711,41.54,4,18.3
2013,7,27,15,30,32.7,557,40.6,4,17.6
2013,7,27,16,30,31.900000000000002,515,40.93,3.8000000000000003,17
2013,7,27,17,30,30.3,222,44.1,3.1,16.7
2013,7,27,18,30,27.6,25,55.51,2,17.900000000000002
2013,7,27,19,30,25.6,0,67.5,1.6,19.1
2013,7,27,20,30,24.8,0,70.24,1.6,19
2013,7,27,21,30,24.1,0,72.93,1.6,18.900000000000002
2013,7,27,22,30,23.6,0,74.86,1.6,18.900000000000002
2013,7,27,23,30,23.200000000000003,0,76.06,1.6,18.7
2013,7,28,0,30,22.8,0,77.22,1.7000000000000002,18.6
2013,7,28,1,30,22.6,0,77.59,1.9000000000000001,18.5
2013,7,28,2,30,22.3,0,79.08,2,18.5
2013,7,28,3,30,22.1,0,81.14,2,18.7
2013,7,28,4,30,21.900000000000002,0,84.06,1.9000000000000001,19.1
2013,7,28,5,30,22,0,85.71000000000001,2.1,19.5
2013,7,28,6,30,23.200000000000003,95,81.22,2.4000000000000004,19.8
2013,7,28,7,30,25.1,290,73.98,2.6,20.1
2013,7,28,8,30,27,377,65.7,2.6,20
2013,7,28,9,30,28.6,682,60.14,2.6,20.1
2013,7,28,10,30,30,830,56.44,2.5,20.400000000000002
2013,7,28,11,30,31.200000000000003,927,53.9,2.5,20.8
2013,7,28,12,30,32.300000000000004,959,51.65,2.4000000000000004,21.1
2013,7,28,13,30,33.1,931,50.14,2.2,21.3
2013,7,28,14,30,33.7,843,48.85,2.1,21.5
2013,7,28,15,30,33.9,689,48.17,2.2,21.400000000000002
2013,7,28,16,30,33.6,508,48.51,2.4000000000000004,21.3
2013,7,28,17,30,32.4,306,51.69,2.1,21.200000000000003
2013,7,28,18,30,30.400000000000002,110,63.64,1.6,22.700000000000003
2013,7,28,19,30,28.900000000000002,0,71.3,1.8,23.200000000000003
2013,7,28,20,30,28.400000000000002,0,70.46000000000001,2.4000000000000004,22.5
2013,7,28,21,30,27.900000000000002,0,70.01,3,21.900000000000002
2013,7,28,22,30,27.200000000000003,0,70.33,3.4000000000000004,21.3
2013,7,28,23,30,26.3,0,72.44,3.3000000000000003,20.900000000000002
2013,7,29,0,30,25.400000000000002,0,75.84,3.1,20.8
2013,7,29,1,30,24.700000000000003,0,80.49,2.9000000000000004,21.1
2013,7,29,2,30,24.3,0,85.23,2.8000000000000003,21.700000000000003
2013,7,29,3,30,24,0,90.04,2.8000000000000003,22.3
2013,7,29,4,30,24,0,93.25,2.9000000000000004,22.8
2013,7,29,5,30,24.6,0,92.45,3.2,23.3
2013,7,29,6,30,26.1,74,86.7,4,23.700000000000003
2013,7,29,7,30,28.1,261,76.79,4.7,23.6
2013,7,29,8,30,30.1,452,66.01,4.9,23.1
2013,7,29,9,30,32,652,56.14,4.9,22.200000000000003
2013,7,29,10,30,33.800000000000004,813,47.19,4.9,21
2013,7,29,11,30,35.300000000000004,917,40.24,4.9,19.8
2013,7,29,12,30,36.5,966,35.34,4.9,18.7
2013,7,29,13,30,37,941,32.65,4.9,17.900000000000002
2013,7,29,14,30,37.1,853,31.150000000000002,4.7,17.2
2013,7,29,15,30,36.800000000000004,710,30.61,4.5,16.7
2013,7,29,16,30,35.9,501,31.54,3.9000000000000004,16.400000000000002
2013,7,29,17,30,33.9,297,36.76,2.8000000000000003,17.1
2013,7,29,18,30,31.3,61,49.160000000000004,2.3000000000000003,19.400000000000002
2013,7,29,19,30,29.8,0,53.39,3,19.3
2013,7,29,20,30,29.1,0,52.11,3.9000000000000004,18.3
2013,7,29,21,30,28.1,0,52.870000000000005,4.1000000000000005,17.6
2013,7,29,22,30,26.900000000000002,0,55.92,4.1000000000000005,17.400000000000002
2013,7,29,23,30,26,0,60.26,4,17.7
2013,7,30,0,30,25.1,0,68.22,4,18.8
2013,7,30,1,30,24.5,0,76.9,3.8000000000000003,20.200000000000003
2013,7,30,2,30,24,0,84.75,3.5,21.3
2013,7,30,3,30,23.900000000000002,0,89.65,3.2,22.1
2013,7,30,4,30,24,0,92.39,3.3000000000000003,22.700000000000003
2013,7,30,5,30,24.6,0,90.89,3.6,23
2013,7,30,6,30,25.900000000000002,68,85.21000000000001,4.4,23.200000000000003
2013,7,30,7,30,27.900000000000002,206,74.82000000000001,5,23
2013,7,30,8,30,30.1,412,64.02,5.2,22.5
2013,7,30,9,30,32.4,681,54.26,5.2,22
2013,7,30,10,30,34.4,812,46.29,5.1000000000000005,21.200000000000003
2013,7,30,11,30,36.1,888,40.02,4.800000000000001,20.400000000000002
2013,7,30,12,30,37.300000000000004,964,35.69,4.5,19.6
2013,7,30,13,30,37.9,896,32.99,4.1000000000000005,18.8
2013,7,30,14,30,37.9,849,31.62,3.8000000000000003,18.2
2013,7,30,15,30,37.7,699,30.89,3.4000000000000004,17.6
2013,7,30,16,30,36.9,516,31.73,2.8000000000000003,17.400000000000002
2013,7,30,17,30,34.9,311,36.910000000000004,1.9000000000000001,18
2013,7,30,18,30,32.2,114,54.57,1.4000000000000001,21.900000000000002
2013,7,30,19,30,30.400000000000002,0,58.06,2,21.200000000000003
2013,7,30,20,30,29.700000000000003,0,54.65,3,19.6
2013,7,30,21,30,29,0,52.43,3.9000000000000004,18.3
2013,7,30,22,30,27.900000000000002,0,54.22,4.1000000000000005,17.8
2013,7,30,23,30,26.900000000000002,0,59.480000000000004,4.1000000000000005,18.3
2013,7,31,0,30,26.1,0,66.65,3.9000000000000004,19.400000000000002
2013,7,31,1,30,25.6,0,73.23,3.7,20.5
2013,7,31,2,30,25.3,0,78.31,3.4000000000000004,21.3
2013,7,31,3,30,25,0,83.17,3,21.900000000000002
2013,7,31,4,30,24.8,0,87.19,2.6,22.5
2013,7,31,5,30,24.900000000000002,0,88.93,2.8000000000000003,22.900000000000002
2013,7,31,6,30,26,59,84.74,3.5,23.200000000000003
2013,7,31,7,30,28.1,214,74.79,4.1000000000000005,23.200000000000003
2013,7,31,8,30,30.8,384,61.85,4.1000000000000005,22.6
2013,7,31,9,30,33.4,545,49.43,3.6,21.400000000000002
2013,7,31,10,30,35.300000000000004,781,41.08,2.8000000000000003,20.1
2013,7,31,11,30,36.5,903,37.2,2.3000000000000003,19.6
2013,7,31,12,30,37.1,953,35.52,2.2,19.3
2013,7,31,13,30,37.2,810,35.24,2.4000000000000004,19.3
2013,7,31,14,30,36.800000000000004,833,36.03,2.5,19.3
2013,7,31,15,30,36.4,691,36.800000000000004,2.4000000000000004,19.3
2013,7,31,16,30,36,503,37.54,2.1,19.3
2013,7,31,17,30,34.7,308,40.59,1.5,19.400000000000002
2013,7,31,18,30,32.300000000000004,111,54.71,1,22
2013,7,31,19,30,30.400000000000002,0,66.48,0.9,23.5
2013,7,31,20,30,29.700000000000003,0,69.27,0.7000000000000001,23.5
2013,7,31,21,30,29.700000000000003,0,70.38,0.4,23.700000000000003
2013,7,31,22,30,29.5,0,67.56,0.4,22.900000000000002
2013,7,31,23,30,28.6,0,71.48,0.8,22.900000000000002
2013,8,1,0,30,27.6,0,75.5,1.2000000000000002,22.900000000000002
2013,8,1,1,30,26.900000000000002,0,75.72,1.5,22.3
2013,8,1,2,30,26.400000000000002,0,75.75,1.8,21.8
2013,8,1,3,30,26,0,76.08,2.2,21.5
2013,8,1,4,30,25.6,0,77.11,2.5,21.3
2013,8,1,5,30,25.900000000000002,0,76.03,2.9000000000000004,21.400000000000002
2013,8,1,6,30,27.3,82,70.31,3.3000000000000003,21.400000000000002
2013,8,1,7,30,29.8,271,61.17,3.6,21.5
2013,8,1,8,30,32.800000000000004,425,50.5,3.5,21.200000000000003
2013,8,1,9,30,35.4,642,41.52,3,20.400000000000002
2013,8,1,10,30,37.1,800,36.62,2.2,19.8
2013,8,1,11,30,38.1,876,34.93,1.4000000000000001,19.900000000000002
2013,8,1,12,30,38.400000000000006,910,34.81,0.8,20.200000000000003
2013,8,1,13,30,38.300000000000004,917,35.1,0.4,20.200000000000003
2013,8,1,14,30,37.800000000000004,830,36.09,0.4,20.200000000000003
2013,8,1,15,30,37.4,686,36.980000000000004,0.8,20.3
2013,8,1,16,30,36.9,506,38.18,1.1,20.3
2013,8,1,17,30,35.6,303,43.1,1.1,21.1
2013,8,1,18,30,33.300000000000004,109,58.58,1.2000000000000002,24.1
2013,8,1,19,30,31.5,0,66.39,1.6,24.5
2013,8,1,20,30,30.8,0,64.51,2.4000000000000004,23.3
2013,8,1,21,30,30.200000000000003,0,63.660000000000004,3.1,22.6
2013,8,1,22,30,29.5,0,65.07000000000001,3.4000000000000004,22.200000000000003
2013,8,1,23,30,28.900000000000002,0,67.46000000000001,3.3000000000000003,22.3
2013,8,2,0,30,28.400000000000002,0,69.2,3,22.200000000000003
2013,8,2,1,30,27.8,0,70.43,2.8000000000000003,21.900000000000002
2013,8,2,2,30,27.200000000000003,0,70.67,2.7,21.400000000000002
2013,8,2,3,30,26.5,0,72.07000000000001,2.5,21.1
2013,8,2,4,30,25.8,0,75.02,2.4000000000000004,21
2013,8,2,5,30,25.8,0,75.61,2.6,21.200000000000003
2013,8,2,6,30,27.200000000000003,60,70.12,3.2,21.3
2013,8,2,7,30,29.8,250,59.800000000000004,3.6,21.1
2013,8,2,8,30,32.9,463,46.96,3.5,20.1
2013,8,2,9,30,35.5,656,37.050000000000004,3.2,18.6
2013,8,2,10,30,37,796,33.86,3,18.5
2013,8,2,11,30,38,908,32.160000000000004,3.1,18.5
2013,8,2,12,30,38.7,951,30.96,3.3000000000000003,18.5
2013,8,2,13,30,39.1,925,30.1,3.5,18.400000000000002
2013,8,2,14,30,39.1,837,29.73,3.6,18.2
2013,8,2,15,30,38.7,701,29.98,3.6,18
2013,8,2,16,30,37.800000000000004,520,31.02,3.5,17.8
2013,8,2,17,30,36,315,33.88,2.9000000000000004,17.6
2013,8,2,18,30,33.2,115,42.63,2.1,18.8
2013,8,2,19,30,31,0,53.36,1.8,20.400000000000002
2013,8,2,20,30,30.1,0,56.15,2,20.400000000000002
2013,8,2,21,30,29.400000000000002,0,58.47,2.3000000000000003,20.400000000000002
2013,8,2,22,30,28.900000000000002,0,59.89,2.8000000000000003,20.3
2013,8,2,23,30,28.400000000000002,0,61.58,3.3000000000000003,20.3
2013,8,3,0,30,27.6,0,64.91,3.5,20.400000000000002
2013,8,3,1,30,26.8,0,68.88,3.3000000000000003,20.6
2013,8,3,2,30,26.1,0,72.95,3,20.900000000000002
2013,8,3,3,30,25.5,0,77.3,2.6,21.200000000000003
2013,8,3,4,30,24.900000000000002,0,82.10000000000001,2.3000000000000003,21.6
2013,8,3,5,30,25,0,83.23,2.6,22
2013,8,3,6,30,26.400000000000002,86,77.61,3.4000000000000004,22.200000000000003
2013,8,3,7,30,28.8,284,64.87,3.7,21.5
2013,8,3,8,30,31.5,497,50.56,3.5,20
2013,8,3,9,30,34,691,39.6,3.3000000000000003,18.3
2013,8,3,10,30,36,844,33.09,3.1,17.3
2013,8,3,11,30,37.5,946,29.5,3,16.7
2013,8,3,12,30,38.5,984,27.43,3,16.400000000000002
2013,8,3,13,30,39.1,957,26.23,3,16.2
2013,8,3,14,30,39.2,867,25.94,3.1,16.2
2013,8,3,15,30,38.900000000000006,704,26.32,3.1,16.1
2013,8,3,16,30,38,521,27.89,3.1,16.3
2013,8,3,17,30,36.2,324,31.36,2.5,16.6
2013,8,3,18,30,33.300000000000004,102,41.660000000000004,1.7000000000000002,18.5
2013,8,3,19,30,31,0,53.29,1.6,20.400000000000002
2013,8,3,20,30,30.3,0,54.800000000000004,2,20.200000000000003
2013,8,3,21,30,29.8,0,56.410000000000004,2.6,20.200000000000003
2013,8,3,22,30,29.400000000000002,0,58.33,3.2,20.400000000000002
2013,8,3,23,30,28.8,0,61.940000000000005,3.5,20.8
2013,8,4,0,30,28,0,66.8,3.3000000000000003,21.3
2013,8,4,1,30,27.3,0,71.26,2.9000000000000004,21.6
2013,8,4,2,30,26.700000000000003,0,75.45,2.5,22
2013,8,4,3,30,26,0,80.66,2,22.400000000000002
2013,8,4,4,30,25.400000000000002,0,85.99,1.5,22.900000000000002
2013,8,4,5,30,25.6,0,86.86,1.8,23.200000000000003
2013,8,4,6,30,27.1,58,80.98,2.7,23.6
2013,8,4,7,30,29.400000000000002,241,68.75,3.1,23.1
2013,8,4,8,30,31.900000000000002,494,54.6,3.2,21.6
2013,8,4,9,30,34.1,685,45.2,3.2,20.6
2013,8,4,10,30,35.9,822,39.44,3,20
2013,8,4,11,30,37.2,893,35.79,2.9000000000000004,19.5
2013,8,4,12,30,38,967,33.68,2.8000000000000003,19.3
2013,8,4,13,30,38.1,938,33.15,2.7,19.1
2013,8,4,14,30,37.7,846,33.81,2.6,19.1
2013,8,4,15,30,37.2,701,34.84,2.7,19.1
2013,8,4,16,30,36.6,516,36.12,2.8000000000000003,19.200000000000003
2013,8,4,17,30,35.5,309,38.72,2.6,19.3
2013,8,4,18,30,33.4,110,46.38,1.9000000000000001,20.3
2013,8,4,19,30,31.8,0,55.19,1.9000000000000001,21.700000000000003
2013,8,4,20,30,31.1,0,57.42,2.3000000000000003,21.700000000000003
2013,8,4,21,30,30.5,0,59.620000000000005,2.7,21.8
2013,8,4,22,30,29.900000000000002,0,61.82,3,21.8
2013,8,4,23,30,29.3,0,63.72,3.2,21.700000000000003
2013,8,5,0,30,28.6,0,65.72,3.3000000000000003,21.6
2013,8,5,1,30,27.8,0,68.25,3.1,21.400000000000002
2013,8,5,2,30,27.1,0,70.81,2.9000000000000004,21.3
2013,8,5,3,30,26.400000000000002,0,74.39,2.7,21.5
2013,8,5,4,30,25.700000000000003,0,78.94,2.6,21.8
2013,8,5,5,30,25.700000000000003,0,80.39,3,22.1
2013,8,5,6,30,27,83,75.28,3.8000000000000003,22.3
2013,8,5,7,30,29.400000000000002,282,62.59,4.1000000000000005,21.5
2013,8,5,8,30,32.1,496,49.01,4,20
2013,8,5,9,30,34.7,655,38.84,3.7,18.7
2013,8,5,10,30,36.800000000000004,843,32.52,3.4000000000000004,17.7
2013,8,5,11,30,38.300000000000004,942,28.87,3.3000000000000003,17.1
2013,8,5,12,30,39.400000000000006,980,26.6,3.4000000000000004,16.7
2013,8,5,13,30,40,953,25.37,3.5,16.5
2013,8,5,14,30,40.2,865,24.740000000000002,3.6,16.3
2013,8,5,15,30,39.900000000000006,721,24.75,3.6,16
2013,8,5,16,30,39,534,25.61,3.6,15.8
2013,8,5,17,30,37.300000000000004,323,27.93,2.9000000000000004,15.700000000000001
2013,8,5,18,30,34.300000000000004,116,35.96,1.9000000000000001,17.1
2013,8,5,19,30,32,0,44.92,1.7000000000000002,18.6
2013,8,5,20,30,31.200000000000003,0,46.53,2,18.400000000000002
2013,8,5,21,30,30.6,0,47.25,2.7,18.1
2013,8,5,22,30,29.8,0,49.160000000000004,3.5,18
2013,8,5,23,30,28.700000000000003,0,54.43,3.9000000000000004,18.6
2013,8,6,0,30,27.6,0,62.050000000000004,3.7,19.700000000000003
2013,8,6,1,30,26.8,0,69.07000000000001,3.3000000000000003,20.700000000000003
2013,8,6,2,30,26.200000000000003,0,74.51,3.2,21.3
2013,8,6,3,30,25.700000000000003,0,79.38,3,21.900000000000002
2013,8,6,4,30,25.3,0,83.75,2.9000000000000004,22.400000000000002
2013,8,6,5,30,25.5,0,84.71000000000001,3.2,22.700000000000003
2013,8,6,6,30,26.8,81,79.92,4.1000000000000005,23
2013,8,6,7,30,29.3,279,67.69,4.6000000000000005,22.700000000000003
2013,8,6,8,30,32.1,492,55.230000000000004,4.6000000000000005,22
2013,8,6,9,30,34.800000000000004,686,45.2,4.3,21.200000000000003
2013,8,6,10,30,37.1,840,37.61,4.1000000000000005,20.3
2013,8,6,11,30,38.7,942,32.35,4.1000000000000005,19.200000000000003
2013,8,6,12,30,39.800000000000004,977,28.39,4.2,18.1
2013,8,6,13,30,40.5,953,25.22,4.3,16.8
2013,8,6,14,30,40.6,864,23.22,4.4,15.600000000000001
2013,8,6,15,30,40.400000000000006,713,21.85,4.4,14.5
2013,8,6,16,30,39.6,526,21.650000000000002,4.1000000000000005,13.700000000000001
2013,8,6,17,30,37.7,312,23.86,3.2,13.600000000000001
2013,8,6,18,30,34.5,107,32.22,2.1,15.5
2013,8,6,19,30,32.4,0,40.230000000000004,2.2,17.2
2013,8,6,20,30,31.900000000000002,0,41.84,3.1,17.3
2013,8,6,21,30,31.3,0,44.38,4,17.7
2013,8,6,22,30,30.3,0,49.14,4.3,18.400000000000002
2013,8,6,23,30,29,0,56.02,4.2,19.3
2013,8,7,0,30,28,0,63.03,4,20.3
2013,8,7,1,30,27.3,0,69.41,3.8000000000000003,21.200000000000003
2013,8,7,2,30,26.8,0,75.16,3.6,22
2013,8,7,3,30,26.400000000000002,0,80.77,3.6,22.8
2013,8,7,4,30,26.1,0,85.36,3.7,23.5
2013,8,7,5,30,26.200000000000003,0,86.46000000000001,3.9000000000000004,23.8
2013,8,7,6,30,27.3,61,81.15,4.4,23.8
2013,8,7,7,30,29.3,246,70.65,4.6000000000000005,23.400000000000002
2013,8,7,8,30,31.8,452,59.050000000000004,4.6000000000000005,22.8
2013,8,7,9,30,34.300000000000004,645,48.38,4.3,21.8
2013,8,7,10,30,36.6,797,39.75,4,20.700000000000003
2013,8,7,11,30,38.7,896,33.230000000000004,3.6,19.700000000000003
2013,8,7,12,30,40.300000000000004,966,28.900000000000002,3.3000000000000003,18.8
2013,8,7,13,30,41.2,940,26.47,3.2,18.2
2013,8,7,14,30,41.5,851,25.37,3.2,17.7
2013,8,7,15,30,41.2,698,24.97,3.4000000000000004,17.2
2013,8,7,16,30,40.400000000000006,513,25.03,3.5,16.6
2013,8,7,17,30,38.400000000000006,304,26.900000000000002,2.8000000000000003,16
2013,8,7,18,30,35.300000000000004,102,34.07,1.9000000000000001,17.1
2013,8,7,19,30,32.800000000000004,0,40.69,1.8,17.7
2013,8,7,20,30,31.900000000000002,0,41.14,2.2,17.1
2013,8,7,21,30,31.200000000000003,0,41.09,3,16.400000000000002
2013,8,7,22,30,30.3,0,42.18,3.7,16
2013,8,7,23,30,29.1,0,47.01,4,16.6
2013,8,8,0,30,27.900000000000002,0,55.33,4,18.1
2013,8,8,1,30,26.900000000000002,0,64.62,3.5,19.700000000000003
2013,8,8,2,30,26.200000000000003,0,71.84,2.9000000000000004,20.700000000000003
2013,8,8,3,30,25.6,0,77.89,2.5,21.5
2013,8,8,4,30,25.200000000000003,0,82.64,2.3000000000000003,22
2013,8,8,5,30,25.3,0,84.39,2.8000000000000003,22.5
2013,8,8,6,30,26.700000000000003,70,79.67,3.7,22.900000000000002
2013,8,8,7,30,29.200000000000003,258,69.67,4,23.1
2013,8,8,8,30,32,467,58.6,4,22.900000000000002
2013,8,8,9,30,34.9,654,47.39,3.9000000000000004,22.1
2013,8,8,10,30,37.4,808,37.6,3.9000000000000004,20.5
2013,8,8,11,30,39.300000000000004,910,30.94,3.9000000000000004,19
2013,8,8,12,30,40.5,952,27.04,3.8000000000000003,17.900000000000002
2013,8,8,13,30,41.2,928,24.29,3.7,16.8
2013,8,8,14,30,41.400000000000006,840,22.28,3.6,15.600000000000001
2013,8,8,15,30,41.1,690,20.900000000000002,3.5,14.4
2013,8,8,16,30,40.2,505,20.25,3.3000000000000003,13.100000000000001
2013,8,8,17,30,38,296,21.52,2.5,12.3
2013,8,8,18,30,34.6,95,29.5,1.7000000000000002,14.200000000000001
2013,8,8,19,30,32.2,0,34.13,1.9000000000000001,14.4
2013,8,8,20,30,31.5,0,33.44,2.5,13.5
2013,8,8,21,30,30.8,0,34.56,3.3000000000000003,13.4
2013,8,8,22,30,29.900000000000002,0,38.39,3.7,14.200000000000001
2013,8,8,23,30,28.8,0,44.730000000000004,3.6,15.600000000000001
2013,8,9,0,30,27.8,0,52.08,3.3000000000000003,17.1
2013,8,9,1,30,26.900000000000002,0,59.660000000000004,3,18.400000000000002
2013,8,9,2,30,26.200000000000003,0,66.67,2.8000000000000003,19.5
2013,8,9,3,30,25.400000000000002,0,74.27,2.4000000000000004,20.5
2013,8,9,4,30,24.8,0,81.06,2.1,21.3
2013,8,9,5,30,24.700000000000003,0,84.97,2.4000000000000004,22
2013,8,9,6,30,26,68,81.25,3.1,22.5
2013,8,9,7,30,28.5,258,69.63,3.4000000000000004,22.400000000000002
2013,8,9,8,30,31.3,469,55.730000000000004,3.3000000000000003,21.400000000000002
2013,8,9,9,30,34.300000000000004,669,42.28,3.1,19.700000000000003
2013,8,9,10,30,36.9,823,30.96,2.8000000000000003,17
2013,8,9,11,30,38.800000000000004,924,24.47,2.5,14.9
2013,8,9,12,30,40,967,21.26,2.1,13.700000000000001
2013,8,9,13,30,40.7,939,19.26,1.8,12.8
2013,8,9,14,30,40.900000000000006,848,18.080000000000002,1.6,12
2013,8,9,15,30,40.7,697,17.54,1.5,11.4
2013,8,9,16,30,39.900000000000006,508,17.79,1.5,10.9
2013,8,9,17,30,37.9,296,19.63,1.2000000000000002,10.8
2013,8,9,18,30,34.800000000000004,96,32.89,0.9,16.1
2013,8,9,19,30,32.6,0,37.550000000000004,1.1,16.3
2013,8,9,20,30,31.5,0,39.22,1.1,16
2013,8,9,21,30,30.400000000000002,0,42.33,1.1,16.2
2013,8,9,22,30,29.5,0,45.63,1.2000000000000002,16.5
2013,8,9,23,30,28.700000000000003,0,48.76,1.4000000000000001,16.900000000000002
2013,8,10,0,30,27.900000000000002,0,52.18,1.8,17.2
2013,8,10,1,30,27.3,0,55.92,2.1,17.7
2013,8,10,2,30,26.6,0,61.31,2.1,18.5
2013,8,10,3,30,26,0,66.18,1.8,19.200000000000003
2013,8,10,4,30,25.400000000000002,0,70.06,1.3,19.5
2013,8,10,5,30,25.700000000000003,0,69.43,1.4000000000000001,19.700000000000003
2013,8,10,6,30,27.5,70,62.92,1.8,19.8
2013,8,10,7,30,30.400000000000002,261,54.29,1.6,20.1
2013,8,10,8,30,33.6,470,44.42,1.3,19.8
2013,8,10,9,30,36.2,654,36.01,0.8,18.8
2013,8,10,10,30,38.2,805,30.27,0.6000000000000001,17.7
2013,8,10,11,30,39.6,902,27.2,1,17.2
2013,8,10,12,30,40.400000000000006,937,25.88,1.5,17.1
2013,8,10,13,30,40.800000000000004,907,25.45,2.1,17.2
2013,8,10,14,30,40.6,814,26.01,2.5,17.400000000000002
2013,8,10,15,30,40,668,27.02,2.9000000000000004,17.5
2013,8,10,16,30,38.900000000000006,482,28.69,3.2,17.5
2013,8,10,17,30,37.2,277,31.87,3.3000000000000003,17.7
2013,8,10,18,30,35.1,85,37.660000000000004,3,18.5
2013,8,10,19,30,33.300000000000004,0,44.95,2.7,19.700000000000003
2013,8,10,20,30,32,0,49.56,2.5,20.1
2013,8,10,21,30,31,0,53.71,2.3000000000000003,20.5
2013,8,10,22,30,30.1,0,57.64,2.4000000000000004,20.8
2013,8,10,23,30,29.3,0,60.93,2.3000000000000003,21
2013,8,11,0,30,28.6,0,63.88,2.2,21.1
2013,8,11,1,30,28,0,66.48,2,21.200000000000003
2013,8,11,2,30,27.400000000000002,0,69.18,1.7000000000000002,21.3
2013,8,11,3,30,26.8,0,72.11,1.4000000000000001,21.400000000000002
2013,8,11,4,30,26.3,0,74.66,1.3,21.400000000000002
2013,8,11,5,30,26.200000000000003,0,75.49,1.6,21.5
2013,8,11,6,30,27.6,71,69.43,1.9000000000000001,21.5
2013,8,11,7,30,30.1,263,59.86,1.7000000000000002,21.400000000000002
2013,8,11,8,30,32.7,473,50.59,1.3,21.1
2013,8,11,9,30,35,663,43.47,1.1,20.700000000000003
2013,8,11,10,30,36.800000000000004,816,38.24,1.3,20.3
2013,8,11,11,30,38.1,915,34.24,1.6,19.6
2013,8,11,12,30,39,950,31.54,2.1,19.1
2013,8,11,13,30,39.400000000000006,920,30.01,2.5,18.6
2013,8,11,14,30,39.400000000000006,829,29.37,2.9000000000000004,18.3
2013,8,11,15,30,38.900000000000006,678,29.53,3.2,17.900000000000002
2013,8,11,16,30,37.9,492,30.69,3.5,17.7
2013,8,11,17,30,36.4,285,33.32,3.5,17.7
2013,8,11,18,30,34.4,90,38.19,3.4000000000000004,18.1
2013,8,11,19,30,32.6,0,45.050000000000004,3.5,19.1
2013,8,11,20,30,31.200000000000003,0,51.33,3.5,20
2013,8,11,21,30,30.1,0,57.54,3.2,20.8
2013,8,11,22,30,29.200000000000003,0,62.99,3,21.400000000000002
2013,8,11,23,30,28.5,0,67.32000000000001,2.8000000000000003,21.900000000000002
2013,8,12,0,30,27.900000000000002,0,70.98,2.6,22.200000000000003
2013,8,12,1,30,27.3,0,74.44,2.4000000000000004,22.400000000000002
2013,8,12,2,30,26.8,0,77.36,2.1,22.5
2013,8,12,3,30,26.3,0,80.09,1.8,22.6
2013,8,12,4,30,25.8,0,82.75,1.6,22.6
2013,8,12,5,30,25.900000000000002,0,82.54,1.9000000000000001,22.700000000000003
2013,8,12,6,30,27.200000000000003,74,76.09,2.6,22.6
2013,8,12,7,30,29.400000000000002,271,64.76,2.9000000000000004,22.1
2013,8,12,8,30,31.8,484,54.26,2.7,21.400000000000002
2013,8,12,9,30,34,677,45.730000000000004,2.4000000000000004,20.700000000000003
2013,8,12,10,30,35.800000000000004,828,39.79,2.3000000000000003,20
2013,8,12,11,30,37.1,926,36,2.4000000000000004,19.6
2013,8,12,12,30,38,960,33.49,2.5,19.200000000000003
2013,8,12,13,30,38.5,931,31.88,2.6,18.8
2013,8,12,14,30,38.6,841,31.11,2.6,18.5
2013,8,12,15,30,38.300000000000004,696,31.220000000000002,2.6,18.3
2013,8,12,16,30,37.6,509,32.19,2.6,18.2
2013,8,12,17,30,36.4,299,34.27,2.1,18.2
2013,8,12,18,30,34.5,95,39.410000000000004,1.4000000000000001,18.7
2013,8,12,19,30,32.9,0,48.27,1.1,20.5
2013,8,12,20,30,32.300000000000004,0,49.08,1.6,20.3
2013,8,12,21,30,31.8,0,48.980000000000004,2.5,19.8
2013,8,12,22,30,31.1,0,49.93,3.4000000000000004,19.400000000000002
2013,8,12,23,30,30.3,0,52.72,3.9000000000000004,19.6
2013,8,13,0,30,29.400000000000002,0,57.04,4.1000000000000005,20
2013,8,13,1,30,28.6,0,61.78,4,20.5
2013,8,13,2,30,28,0,65.99,3.8000000000000003,21.1
2013,8,13,3,30,27.400000000000002,0,70.8,3.6,21.6
2013,8,13,4,30,26.900000000000002,0,75.44,3.3000000000000003,22.200000000000003
2013,8,13,5,30,26.900000000000002,0,77.28,3.5,22.6
2013,8,13,6,30,28.1,74,73.04,4.2,22.8
2013,8,13,7,30,30.6,272,61.4,4.5,22.3
2013,8,13,8,30,33.300000000000004,484,49.660000000000004,4.2,21.400000000000002
2013,8,13,9,30,35.7,676,41.08,3.5,20.400000000000002
2013,8,13,10,30,37.4,828,36.15,2.8000000000000003,19.900000000000002
2013,8,13,11,30,38.5,926,33.25,2.2,19.5
2013,8,13,12,30,39.2,956,31.05,1.8,19
2013,8,13,13,30,39.5,927,29.69,1.6,18.5
2013,8,13,14,30,39.5,835,28.93,1.2000000000000002,18.1
2013,8,13,15,30,39,685,29.12,0.8,17.8
2013,8,13,16,30,38.1,456,30.080000000000002,0.4,17.6
2013,8,13,17,30,36.800000000000004,285,32.27,0.5,17.5
2013,8,13,18,30,34.800000000000004,74,39.78,0.7000000000000001,19.1
2013,8,13,19,30,33,0,51.21,1,21.6
2013,8,13,20,30,32,0,51.980000000000004,1.2000000000000002,20.900000000000002
2013,8,13,21,30,31.200000000000003,0,53.910000000000004,1.3,20.8
2013,8,13,22,30,30.400000000000002,0,56.79,1.1,20.900000000000002
2013,8,13,23,30,29.6,0,60.14,1,21.1
2013,8,14,0,30,28.8,0,63.660000000000004,0.7000000000000001,21.200000000000003
2013,8,14,1,30,28.1,0,66.92,0.5,21.400000000000002
2013,8,14,2,30,27.6,0,69.81,0.5,21.6
2013,8,14,3,30,27.1,0,72.85000000000001,0.5,21.8
2013,8,14,4,30,26.6,0,75.69,0.4,22
2013,8,14,5,30,26.700000000000003,0,75.8,0.4,22.1
2013,8,14,6,30,27.900000000000002,47,70.61,0.6000000000000001,22.1
2013,8,14,7,30,30.1,224,61.17,1.1,21.8
2013,8,14,8,30,32.4,336,51.84,1.4000000000000001,21.200000000000003
2013,8,14,9,30,34.5,613,43.92,1.5,20.5
2013,8,14,10,30,36.2,728,38.45,1.6,19.8
2013,8,14,11,30,37.1,699,35.9,2,19.5
2013,8,14,12,30,37.2,521,35.62,2.7,19.5
2013,8,14,13,30,36.4,884,37.62,3.4000000000000004,19.6
2013,8,14,14,30,35.1,694,41.46,4.1000000000000005,20.1
2013,8,14,15,30,33.4,532,47.85,4.3,20.8
2013,8,14,16,30,31.700000000000003,30,55.5,4.1000000000000005,21.700000000000003
2013,8,14,17,30,29.900000000000002,146,64.48,3.6,22.5
2013,8,14,18,30,28.1,13,75.22,3.2,23.3
2013,8,14,19,30,26.8,0,85.29,3.2,24.1
2013,8,14,20,30,26.1,0,91,3.2,24.5
2013,8,14,21,30,25.8,0,91.97,3,24.400000000000002
2013,8,14,22,30,25.5,0,92.33,2.8000000000000003,24.200000000000003
2013,8,14,23,30,25.1,0,93.41,2.5,24
2013,8,15,0,30,24.700000000000003,0,94.52,2.3000000000000003,23.8
2013,8,15,1,30,24.400000000000002,0,94.96000000000001,2.2,23.5
2013,8,15,2,30,24.1,0,95.55,2.3000000000000003,23.3
2013,8,15,3,30,23.900000000000002,0,95.72,2.4000000000000004,23.200000000000003
2013,8,15,4,30,23.6,0,96.26,2.6,23
2013,8,15,5,30,23.5,0,95.35000000000001,2.8000000000000003,22.700000000000003
2013,8,15,6,30,24.1,47,90.39,3.1,22.400000000000002
2013,8,15,7,30,25.6,142,80.78,3.2,22.1
2013,8,15,8,30,27.5,233,71.09,3,21.8
2013,8,15,9,30,29.3,378,63.7,2.7,21.700000000000003
2013,8,15,10,30,30.900000000000002,546,57.39,2.6,21.5
2013,8,15,11,30,32.1,480,52.15,2.7,21.1
2013,8,15,12,30,32.7,479,48.88,2.8000000000000003,20.6
2013,8,15,13,30,32.800000000000004,794,47.31,2.8000000000000003,20.1
2013,8,15,14,30,32.6,202,47.410000000000004,2.7,20
2013,8,15,15,30,32.300000000000004,631,47.67,2.5,19.8
2013,8,15,16,30,31.8,405,48.38,2.3000000000000003,19.6
2013,8,15,17,30,30.700000000000003,172,50.99,1.7000000000000002,19.400000000000002
2013,8,15,18,30,29,41,62.75,1,21.200000000000003
2013,8,15,19,30,27.700000000000003,0,73.65,0.9,22.6
2013,8,15,20,30,26.900000000000002,0,74.78,1,22
2013,8,15,21,30,26.200000000000003,0,75.39,1.1,21.5
2013,8,15,22,30,25.5,0,76.36,1.1,21
2013,8,15,23,30,24.8,0,77.78,1.1,20.700000000000003
2013,8,16,0,30,24.200000000000003,0,79.2,1.1,20.400000000000002
2013,8,16,1,30,23.6,0,80.96000000000001,1.1,20.1
2013,8,16,2,30,23,0,83.06,1,20
2013,8,16,3,30,22.5,0,85.01,0.9,19.900000000000002
2013,8,16,4,30,22,0,87.22,0.7000000000000001,19.8
2013,8,16,5,30,21.900000000000002,0,87.65,0.9,19.8
2013,8,16,6,30,23.3,58,76.63,1,19
2013,8,16,7,30,26.3,243,61.56,0.8,18.3
2013,8,16,8,30,29.3,143,50.15,1,17.900000000000002
2013,8,16,9,30,31.200000000000003,172,47.15,1.6,18.6
2013,8,16,10,30,32.7,467,44.28,2,19
2013,8,16,11,30,33.7,419,42,2.3000000000000003,19
2013,8,16,12,30,34.4,695,40.28,2.5,19
2013,8,16,13,30,34.6,686,39.62,2.9000000000000004,18.900000000000002
2013,8,16,14,30,34.5,741,39.47,3.2,18.7
2013,8,16,15,30,34.1,568,39.72,3.3000000000000003,18.5
2013,8,16,16,30,33.2,496,41.24,3.3000000000000003,18.3
2013,8,16,17,30,31.400000000000002,283,45.5,2.7,18.2
2013,8,16,18,30,28.8,83,58.47,2.2,19.8
2013,8,16,19,30,27.1,0,66.01,2.6,20.200000000000003
2013,8,16,20,30,26.1,0,66.59,3.1,19.400000000000002
2013,8,16,21,30,25,0,68.75,3.3000000000000003,18.900000000000002
2013,8,16,22,30,24,0,70.54,3.2,18.3
2013,8,16,23,30,23.1,0,72.14,2.9000000000000004,17.8
2013,8,17,0,30,22.3,0,74.13,2.5,17.5
2013,8,17,1,30,21.700000000000003,0,76.05,2.3000000000000003,17.3
2013,8,17,2,30,21.200000000000003,0,77.91,2.1,17.2
2013,8,17,3,30,20.6,0,80.56,2.1,17.1
2013,8,17,4,30,20.1,0,83.22,2.2,17.2
2013,8,17,5,30,20,0,83.79,2.4000000000000004,17.2
2013,8,17,6,30,21.200000000000003,66,77.99,2.9000000000000004,17.2
2013,8,17,7,30,23.700000000000003,263,65.35,3.2,16.8
2013,8,17,8,30,26.5,481,53.36,3.3000000000000003,16.3
2013,8,17,9,30,29.1,679,43.96,3.4000000000000004,15.600000000000001
2013,8,17,10,30,31.3,835,36.85,3.6,14.8
2013,8,17,11,30,32.9,937,32.39,3.7,14.200000000000001
2013,8,17,12,30,33.9,972,29.88,3.8000000000000003,13.8
2013,8,17,13,30,34.5,941,28.580000000000002,3.9000000000000004,13.700000000000001
2013,8,17,14,30,34.5,846,28.32,4,13.5
2013,8,17,15,30,34.1,690,28.560000000000002,4,13.3
2013,8,17,16,30,33,496,29.86,3.8000000000000003,13.100000000000001
2013,8,17,17,30,30.8,282,33.35,2.7,12.8
2013,8,17,18,30,27.700000000000003,80,47.01,1.7000000000000002,15.4
2013,8,17,19,30,25.5,0,57.480000000000004,1.5,16.5
2013,8,17,20,30,24.6,0,58.480000000000004,1.7000000000000002,15.9
2013,8,17,21,30,23.8,0,59.04,1.8,15.3
2013,8,17,22,30,22.900000000000002,0,60.76,1.8,14.9
2013,8,17,23,30,22,0,63.35,1.7000000000000002,14.700000000000001
2013,8,18,0,30,21.200000000000003,0,66.13,1.5,14.600000000000001
2013,8,18,1,30,20.5,0,68.77,1.5,14.600000000000001
2013,8,18,2,30,19.900000000000002,0,70.92,1.4000000000000001,14.5
2013,8,18,3,30,19.3,0,73.97,1.4000000000000001,14.5
2013,8,18,4,30,18.900000000000002,0,77.48,1.3,14.9
2013,8,18,5,30,19.200000000000003,0,77.98,1.7000000000000002,15.3
2013,8,18,6,30,21,66,70.88,2.2,15.5
2013,8,18,7,30,24.3,264,59.84,2.2,16
2013,8,18,8,30,28,479,48.57,2.2,16.2
2013,8,18,9,30,30.5,675,38.87,2.2,14.9
2013,8,18,10,30,32.1,826,34.49,2.4000000000000004,14.5
2013,8,18,11,30,33.5,924,31.8,2.6,14.5
2013,8,18,12,30,34.4,946,30.28,2.7,14.5
2013,8,18,13,30,34.800000000000004,909,29.62,2.8000000000000003,14.5
2013,8,18,14,30,34.9,810,29.53,2.8000000000000003,14.5
2013,8,18,15,30,34.5,663,30.26,2.7,14.5
2013,8,18,16,30,33.6,473,31.71,2.6,14.5
2013,8,18,17,30,31.5,262,35.76,1.8,14.5
2013,8,18,18,30,28.700000000000003,68,53.46,1.1,18.3
2013,8,18,19,30,26.900000000000002,0,62.35,1.1,19.1
2013,8,18,20,30,26,0,63.58,1.1,18.6
2013,8,18,21,30,25.3,0,64.84,1.1,18.2
2013,8,18,22,30,24.6,0,66.75,1.1,18
2013,8,18,23,30,23.900000000000002,0,68.54,1.1,17.8
2013,8,19,0,30,23.3,0,69.83,1.1,17.5
2013,8,19,1,30,22.700000000000003,0,71.27,1.1,17.2
2013,8,19,2,30,22.1,0,73.41,1.1,17.1
2013,8,19,3,30,21.6,0,76.3,1,17.2
2013,8,19,4,30,21.200000000000003,0,79.61,1,17.5
2013,8,19,5,30,21.6,0,78.98,1.1,17.8
2013,8,19,6,30,23.200000000000003,55,74.11,1.5,18.3
2013,8,19,7,30,26.5,246,60.21,2.1,18.2
2013,8,19,8,30,30.1,456,48.29,2.5,18
2013,8,19,9,30,32.5,645,39.22,2.5,16.900000000000002
2013,8,19,10,30,34,798,34.68,2.4000000000000004,16.2
2013,8,19,11,30,35.1,900,32.12,2.4000000000000004,16
2013,8,19,12,30,35.9,927,30.48,2.4000000000000004,15.9
2013,8,19,13,30,36.300000000000004,898,29.650000000000002,2.3000000000000003,15.8
2013,8,19,14,30,36.300000000000004,807,29.3,2.2,15.600000000000001
2013,8,19,15,30,36,664,29.18,2.2,15.3
2013,8,19,16,30,35.1,474,29.92,2.2,14.9
2013,8,19,17,30,33,264,33.17,1.7000000000000002,14.700000000000001
2013,8,19,18,30,30,69,49.79,1.2000000000000002,18.400000000000002
2013,8,19,19,30,28,0,56.18,1.3,18.5
2013,8,19,20,30,27.1,0,56.17,1.4000000000000001,17.6
2013,8,19,21,30,26.3,0,57.11,1.5,17.1
2013,8,19,22,30,25.5,0,58.92,1.6,16.900000000000002
2013,8,19,23,30,24.8,0,60.97,1.6,16.8
2013,8,20,0,30,24.200000000000003,0,62.99,1.7000000000000002,16.7
2013,8,20,1,30,23.6,0,65.32000000000001,1.8,16.7
2013,8,20,2,30,22.900000000000002,0,68.7,1.8,16.8
2013,8,20,3,30,22.200000000000003,0,73.37,1.7000000000000002,17.2
2013,8,20,4,30,21.6,0,78.38,1.4000000000000001,17.7
2013,8,20,5,30,21.700000000000003,0,79.88,1.6,18.1
2013,8,20,6,30,23.3,62,73.92,1.8,18.400000000000002
2013,8,20,7,30,26.8,261,61.34,1.4000000000000001,18.7
2013,8,20,8,30,30.8,479,43.63,1.4000000000000001,17
2013,8,20,9,30,33.1,679,33.33,2.1,14.8
2013,8,20,10,30,34.4,834,29.79,2.5,14.200000000000001
2013,8,20,11,30,35.300000000000004,934,27.990000000000002,2.8000000000000003,14
2013,8,20,12,30,35.800000000000004,897,27,3,13.9
2013,8,20,13,30,35.9,881,26.84,3.2,13.9
2013,8,20,14,30,35.800000000000004,828,27.240000000000002,3.3000000000000003,14
2013,8,20,15,30,35.300000000000004,654,28.34,3.3000000000000003,14.200000000000001
2013,8,20,16,30,34.4,478,30.13,3.3000000000000003,14.4
2013,8,20,17,30,32.7,216,33.980000000000004,2.6,14.8
2013,8,20,18,30,30.400000000000002,58,43.84,1.8,16.7
2013,8,20,19,30,29,0,50.980000000000004,1.7000000000000002,17.8
2013,8,20,20,30,28.400000000000002,0,53.620000000000005,1.8,18.1
2013,8,20,21,30,27.8,0,57.34,2,18.6
2013,8,20,22,30,27.200000000000003,0,61.940000000000005,2.2,19.3
2013,8,20,23,30,26.6,0,66.86,2.2,19.900000000000002
2013,8,21,0,30,26,0,71.51,2.1,20.5
2013,8,21,1,30,25.5,0,75.22,1.9000000000000001,20.8
2013,8,21,2,30,25,0,78.41,1.6,21
2013,8,21,3,30,24.6,0,81.17,1.3,21.200000000000003
2013,8,21,4,30,24.200000000000003,0,84.07000000000001,1,21.3
2013,8,21,5,30,24.200000000000003,0,84.99,1.1,21.5
2013,8,21,6,30,25.200000000000003,36,80.31,1.6,21.6
2013,8,21,7,30,27.3,217,69.77,2,21.3
2013,8,21,8,30,29.8,410,57.730000000000004,2.1,20.6
2013,8,21,9,30,32.2,587,47.79,2,19.700000000000003
2013,8,21,10,30,33.9,760,41.93,2.1,19.200000000000003
2013,8,21,11,30,35.1,676,38.44,2.3000000000000003,18.8
2013,8,21,12,30,35.6,892,36.9,2.6,18.6
2013,8,21,13,30,35.5,847,36.74,2.9000000000000004,18.5
2013,8,21,14,30,34.9,535,37.95,3,18.5
2013,8,21,15,30,34.300000000000004,493,39.39,3,18.5
2013,8,21,16,30,33.7,284,40.82,2.9000000000000004,18.6
2013,8,21,17,30,32.5,203,43.82,2.1,18.6
2013,8,21,18,30,30.700000000000003,46,52.54,1.2000000000000002,19.900000000000002
2013,8,21,19,30,29.400000000000002,0,59.61,1.1,20.700000000000003
2013,8,21,20,30,28.8,0,61.24,1.1,20.6
2013,8,21,21,30,28.200000000000003,0,62.59,1.2000000000000002,20.400000000000002
2013,8,21,22,30,27.6,0,63.74,1.4000000000000001,20.1
2013,8,21,23,30,27,0,65.39,1.7000000000000002,20
2013,8,22,0,30,26.400000000000002,0,67.82000000000001,1.9000000000000001,20
2013,8,22,1,30,25.8,0,71.26,1.8,20.200000000000003
2013,8,22,2,30,25.3,0,74.9,1.6,20.5
2013,8,22,3,30,24.8,0,78.87,1.3,20.900000000000002
2013,8,22,4,30,24.400000000000002,0,82.22,0.9,21.200000000000003
2013,8,22,5,30,24.5,0,82.88,1,21.400000000000002
2013,8,22,6,30,25.5,19,78.71000000000001,1.2000000000000002,21.5
2013,8,22,7,30,27.700000000000003,243,70.22,1.1,21.8
2013,8,22,8,30,30,302,60.26,0.9,21.5
2013,8,22,9,30,31.6,650,52.63,1,20.700000000000003
2013,8,22,10,30,32.800000000000004,802,47.980000000000004,1.5,20.3
2013,8,22,11,30,33.7,901,45.12,1.8,20.200000000000003
2013,8,22,12,30,34.300000000000004,928,43.12,2.1,20
2013,8,22,13,30,34.6,898,41.910000000000004,2.2,19.8
2013,8,22,14,30,34.7,805,41.12,2.3000000000000003,19.6
2013,8,22,15,30,34.7,651,40.32,2.3000000000000003,19.3
2013,8,22,16,30,34.4,462,40.17,2.3000000000000003,18.900000000000002
2013,8,22,17,30,33,252,43.01,1.6,18.8
2013,8,22,18,30,31,55,54.47,1.1,20.700000000000003
2013,8,22,19,30,29.900000000000002,0,58.47,1.1,20.900000000000002
2013,8,22,20,30,29.3,0,59.18,1.2000000000000002,20.5
2013,8,22,21,30,28.700000000000003,0,60.35,1.3,20.3
2013,8,22,22,30,28.1,0,62.06,1.5,20.200000000000003
2013,8,22,23,30,27.400000000000002,0,64.84,1.7000000000000002,20.200000000000003
2013,8,23,0,30,26.8,0,68.11,1.9000000000000001,20.400000000000002
2013,8,23,1,30,26.200000000000003,0,72.12,2,20.8
2013,8,23,2,30,25.700000000000003,0,76.01,1.8,21.200000000000003
2013,8,23,3,30,25.3,0,79.78,1.6,21.6
2013,8,23,4,30,25,0,83.11,1.2000000000000002,21.900000000000002
2013,8,23,5,30,25,0,84.54,1.2000000000000002,22.200000000000003
2013,8,23,6,30,26.200000000000003,33,79.65,1.4000000000000001,22.400000000000002
2013,8,23,7,30,28.6,175,69.71000000000001,1.1,22.5
2013,8,23,8,30,31,326,59.01,0.8,22.1
2013,8,23,9,30,32.7,648,51.58,0.9,21.400000000000002
2013,8,23,10,30,33.9,801,47.44,1.4000000000000001,21.200000000000003
2013,8,23,11,30,34.9,899,44.34,1.7000000000000002,21
2013,8,23,12,30,35.6,934,41.87,1.8,20.700000000000003
2013,8,23,13,30,35.9,902,40.28,1.7000000000000002,20.3
2013,8,23,14,30,35.9,807,39.36,1.7000000000000002,19.900000000000002
2013,8,23,15,30,35.7,656,38.910000000000004,1.6,19.6
2013,8,23,16,30,35.1,463,39.46,1.4000000000000001,19.3
2013,8,23,17,30,34,251,42.410000000000004,1,19.400000000000002
2013,8,23,18,30,32.6,59,52.980000000000004,0.5,21.8
2013,8,23,19,30,31.900000000000002,0,54.980000000000004,0.4,21.700000000000003
2013,8,23,20,30,31.5,0,55.9,0.30000000000000004,21.6
2013,8,23,21,30,31,0,57.6,0.30000000000000004,21.700000000000003
2013,8,23,22,30,30.400000000000002,0,60.25,0.30000000000000004,21.8
2013,8,23,23,30,29.700000000000003,0,63.15,0.5,21.900000000000002
2013,8,24,0,30,28.900000000000002,0,65.86,0.5,21.900000000000002
2013,8,24,1,30,28.200000000000003,0,69.49,0.6000000000000001,22.1
2013,8,24,2,30,27.6,0,71.65,0.6000000000000001,22
2013,8,24,3,30,27,0,74.64,0.5,22.1
2013,8,24,4,30,26.5,0,76.89,0.5,22.1
2013,8,24,5,30,26.5,0,76.55,0.6000000000000001,22
2013,8,24,6,30,28,38,69.60000000000001,0.8,21.900000000000002
2013,8,24,7,30,30.8,236,56.5,0.8,21.200000000000003
2013,8,24,8,30,33.5,384,46.49,1.2000000000000002,20.5
2013,8,24,9,30,35.300000000000004,642,41.01,2,20.1
2013,8,24,10,30,36.7,795,37.29,2.6,19.8
2013,8,24,11,30,37.6,893,34.44,3,19.3
2013,8,24,12,30,38.300000000000004,918,32.14,3.3000000000000003,18.8
2013,8,24,13,30,38.7,886,30.64,3.5,18.400000000000002
2013,8,24,14,30,38.6,550,30.26,3.6,18.1
2013,8,24,15,30,38,621,30.77,3.6,17.8
2013,8,24,16,30,37,218,32.17,3.5,17.7
2013,8,24,17,30,35.4,230,35.14,2.7,17.7
2013,8,24,18,30,33.2,35,42.6,1.8,18.8
2013,8,24,19,30,31.900000000000002,0,48.34,1.6,19.6
2013,8,24,20,30,31.3,0,49.550000000000004,2,19.5
2013,8,24,21,30,30.700000000000003,0,50.480000000000004,2.4000000000000004,19.200000000000003
2013,8,24,22,30,30.1,0,51.57,2.8000000000000003,19
2013,8,24,23,30,29.3,0,53.72,3,18.900000000000002
2013,8,25,0,30,28.3,0,57.53,2.7,19.1
2013,8,25,1,30,27.3,0,62.83,2,19.6
2013,8,25,2,30,26.400000000000002,0,68.36,1.3,20.1
2013,8,25,3,30,25.8,0,73.15,0.7000000000000001,20.6
2013,8,25,4,30,25.400000000000002,0,76.8,0.5,21
2013,8,25,5,30,25.6,0,76.7,0.7000000000000001,21.200000000000003
2013,8,25,6,30,27,56,71.24,1.6,21.3
2013,8,25,7,30,29.3,250,60.11,2.7,20.8
2013,8,25,8,30,31.5,463,51.18,3.6,20.200000000000003
2013,8,25,9,30,33.4,657,44.19,4.1000000000000005,19.6
2013,8,25,10,30,35.1,810,38.24,4.4,18.8
2013,8,25,11,30,36.5,908,34.21,4.6000000000000005,18.2
2013,8,25,12,30,37.5,943,31.66,4.7,17.8
2013,8,25,13,30,38,912,30.400000000000002,4.7,17.6
2013,8,25,14,30,38,816,30.19,4.7,17.5
2013,8,25,15,30,37.5,665,31.04,4.7,17.5
2013,8,25,16,30,36.5,471,32.84,4.5,17.6
2013,8,25,17,30,35,257,35.730000000000004,3.9000000000000004,17.6
2013,8,25,18,30,33,59,40.44,2.9000000000000004,17.8
2013,8,25,19,30,31.400000000000002,0,45.94,2.4000000000000004,18.400000000000002
2013,8,25,20,30,30.6,0,48.64,2.5,18.6
2013,8,25,21,30,29.8,0,51.660000000000004,2.7,18.8
2013,8,25,22,30,29,0,54.88,3,19
2013,8,25,23,30,28.1,0,59.26,3,19.400000000000002
2013,8,26,0,30,27.3,0,63.92,2.8000000000000003,19.900000000000002
2013,8,26,1,30,26.5,0,68.85000000000001,2.5,20.3
2013,8,26,2,30,25.8,0,73.3,2.2,20.700000000000003
2013,8,26,3,30,25.200000000000003,0,77.14,2.1,20.900000000000002
2013,8,26,4,30,24.700000000000003,0,80.37,2.1,21.1
2013,8,26,5,30,24.6,0,81.53,2.5,21.200000000000003
2013,8,26,6,30,25.5,56,77.67,3.4000000000000004,21.3
2013,8,26,7,30,27.5,252,67.99,4,21.1
2013,8,26,8,30,29.8,468,57.49,4.3,20.5
2013,8,26,9,30,32,662,49,4.5,20
2013,8,26,10,30,33.800000000000004,815,42.83,4.7,19.400000000000002
2013,8,26,11,30,35.300000000000004,761,38.47,4.9,19
2013,8,26,12,30,36.300000000000004,869,35.72,5,18.7
2013,8,26,13,30,36.9,427,34.08,5.1000000000000005,18.5
2013,8,26,14,30,36.9,779,33.76,5.2,18.3
2013,8,26,15,30,36.2,439,35.2,5.300000000000001,18.400000000000002
2013,8,26,16,30,34.7,462,39.02,5.5,18.7
2013,8,26,17,30,32.6,245,46.09,5.5,19.5
2013,8,26,18,30,30.3,51,56.32,5.2,20.6
2013,8,26,19,30,28.6,0,65.9,4.800000000000001,21.6
2013,8,26,20,30,27.400000000000002,0,72.67,4.2,22.1
2013,8,26,21,30,26.6,0,76.69,3.7,22.200000000000003
2013,8,26,22,30,25.900000000000002,0,80.11,3.3000000000000003,22.200000000000003
2013,8,26,23,30,25.5,0,82.18,3,22.200000000000003
2013,8,27,0,30,25.1,0,84.32000000000001,2.8000000000000003,22.3
2013,8,27,1,30,24.8,0,85.78,2.7,22.3
2013,8,27,2,30,24.700000000000003,0,85.97,2.7,22.200000000000003
2013,8,27,3,30,24.5,0,86.55,2.8000000000000003,22.1
2013,8,27,4,30,24.3,0,87.38,2.8000000000000003,22.1
2013,8,27,5,30,24.3,0,87.44,3,22.1
2013,8,27,6,30,24.700000000000003,27,85.27,3.2,22.1
2013,8,27,7,30,25.900000000000002,38,78.08,3.5,21.8
2013,8,27,8,30,27.3,150,68.77,3.5,21.1
2013,8,27,9,30,28.700000000000003,392,59.84,3.5,20.1
2013,8,27,10,30,30.1,640,53.58,3.5,19.6
2013,8,27,11,30,31.1,655,50.11,3.5,19.5
2013,8,27,12,30,31.5,721,48.96,3.5,19.5
2013,8,27,13,30,31.400000000000002,539,49.69,3.4000000000000004,19.6
2013,8,27,14,30,31.3,404,50.52,3.2,19.8
2013,8,27,15,30,31.200000000000003,439,51.08,2.9000000000000004,19.900000000000002
2013,8,27,16,30,30.900000000000002,277,52,2.4000000000000004,19.900000000000002
2013,8,27,17,30,30,160,54.75,1.7000000000000002,19.900000000000002
2013,8,27,18,30,28.400000000000002,36,64.53,0.9,21.1
2013,8,27,19,30,27.200000000000003,0,72.60000000000001,0.7000000000000001,21.8
2013,8,27,20,30,26.6,0,74.16,0.8,21.6
2013,8,27,21,30,26,0,75.68,0.9,21.400000000000002
2013,8,27,22,30,25.400000000000002,0,77.16,1,21.1
2013,8,27,23,30,24.900000000000002,0,78.93,1.1,21
2013,8,28,0,30,24.5,0,80.71000000000001,1.1,21
2013,8,28,1,30,24,0,83.45,1.1,21
2013,8,28,2,30,23.5,0,86.65,1,21.1
2013,8,28,3,30,23.1,0,89.88,1,21.3
2013,8,28,4,30,22.700000000000003,0,93.46000000000001,0.9,21.6
2013,8,28,5,30,22.8,0,94.45,1.1,21.900000000000002
2013,8,28,6,30,24.5,30,86.52,1.6,22.1
2013,8,28,7,30,27.6,242,73.05,1.8,22.3
2013,8,28,8,30,30.700000000000003,457,57.86,1.9000000000000001,21.5
2013,8,28,9,30,33,652,46.75,1.9000000000000001,20.1
2013,8,28,10,30,34.6,805,40.52,1.8,19.200000000000003
2013,8,28,11,30,35.9,902,36.59,1.7000000000000002,18.8
2013,8,28,12,30,36.7,932,34.33,1.6,18.400000000000002
2013,8,28,13,30,37.2,900,33,1.5,18.2
2013,8,28,14,30,37.300000000000004,803,32.62,1.4000000000000001,18.1
2013,8,28,15,30,37,651,32.89,1.3,18
2013,8,28,16,30,36.2,457,34.160000000000004,1.2000000000000002,17.900000000000002
2013,8,28,17,30,34.6,242,37.39,1,18
2013,8,28,18,30,32.4,49,49.33,0.8,20.400000000000002
2013,8,28,19,30,30.8,0,57.09,0.8,21.3
2013,8,28,20,30,30.1,0,58.2,0.8,21
2013,8,28,21,30,29.400000000000002,0,60.120000000000005,0.9,20.900000000000002
2013,8,28,22,30,28.700000000000003,0,62.17,0.9,20.700000000000003
2013,8,28,23,30,28.1,0,63.95,1.1,20.6
2013,8,29,0,30,27.6,0,65.21000000000001,1.2000000000000002,20.5
2013,8,29,1,30,27.1,0,66.8,1.5,20.400000000000002
2013,8,29,2,30,26.6,0,68.93,1.8,20.400000000000002
2013,8,29,3,30,26.200000000000003,0,71.39,2.1,20.6
2013,8,29,4,30,25.700000000000003,0,74.74,2.2,20.900000000000002
2013,8,29,5,30,25.6,0,76.14,2.5,21.1
2013,8,29,6,30,26.700000000000003,47,72.04,2.8000000000000003,21.200000000000003
2013,8,29,7,30,30,236,59.78,2.9000000000000004,21.3
2013,8,29,8,30,33.7,449,45.45,2.6,20.3
2013,8,29,9,30,35.9,643,37.92,1.8,19.3
2013,8,29,10,30,37.2,795,34.33,1.2000000000000002,18.900000000000002
2013,8,29,11,30,38.1,892,31.95,1,18.5
2013,8,29,12,30,38.800000000000004,917,30.34,0.9,18.3
2013,8,29,13,30,39.1,884,29.6,0.8,18.2
2013,8,29,14,30,39.2,787,29.18,0.9,18
2013,8,29,15,30,38.900000000000006,348,29.310000000000002,1,17.8
2013,8,29,16,30,38.2,444,29.96,1.1,17.6
2013,8,29,17,30,36.6,231,32.38,0.9,17.400000000000002
2013,8,29,18,30,34.9,43,42.11,0.6000000000000001,20.1
2013,8,29,19,30,33.800000000000004,0,47.61,0.6000000000000001,21.1
2013,8,29,20,30,33.2,0,48.4,0.6000000000000001,20.900000000000002
2013,8,29,21,30,32.6,0,48.99,0.6000000000000001,20.5
2013,8,29,22,30,31.700000000000003,0,50.77,0.7000000000000001,20.3
2013,8,29,23,30,30.700000000000003,0,52.61,0.8,19.900000000000002
2013,8,30,0,30,29.8,0,54.58,0.9,19.700000000000003
2013,8,30,1,30,28.8,0,57.15,1,19.5
2013,8,30,2,30,28,0,59.370000000000005,1,19.3
2013,8,30,3,30,27.200000000000003,0,62.5,1,19.400000000000002
2013,8,30,4,30,26.5,0,66.17,1,19.700000000000003
2013,8,30,5,30,26.400000000000002,0,67.68,1.1,19.900000000000002
2013,8,30,6,30,27.8,46,63.13,1.5,20.1
2013,8,30,7,30,30.900000000000002,237,51.93,1.4000000000000001,19.900000000000002
2013,8,30,8,30,34.6,451,39.32,0.8,18.8
2013,8,30,9,30,37.2,647,31.67,0.8,17.6
2013,8,30,10,30,38.7,803,28.23,1.3,17.1
2013,8,30,11,30,39.800000000000004,903,25.86,1.6,16.6
2013,8,30,12,30,40.6,933,24.16,1.8,16.2
2013,8,30,13,30,41,900,23.17,1.9000000000000001,15.9
2013,8,30,14,30,40.900000000000006,801,22.830000000000002,2,15.600000000000001
2013,8,30,15,30,40.5,651,22.87,2,15.3
2013,8,30,16,30,39.6,453,23.68,2,15.100000000000001
2013,8,30,17,30,37.4,236,26.490000000000002,1.5,15
2013,8,30,18,30,34.6,44,37.37,1,17.900000000000002
2013,8,30,19,30,32.7,0,42.57,1,18.3
2013,8,30,20,30,31.8,0,43.800000000000004,1.2000000000000002,18
2013,8,30,21,30,31,0,45.21,1.5,17.8
2013,8,30,22,30,30.3,0,46.82,2.1,17.7
2013,8,30,23,30,29.6,0,49.43,2.7,17.900000000000002
2013,8,31,0,30,28.900000000000002,0,53.230000000000004,3.2,18.400000000000002
2013,8,31,1,30,28.1,0,58.49,3.4000000000000004,19.200000000000003
2013,8,31,2,30,27.3,0,64.52,3.4000000000000004,20
2013,8,31,3,30,26.6,0,70.55,3.3000000000000003,20.8
2013,8,31,4,30,25.900000000000002,0,76.08,3,21.400000000000002
2013,8,31,5,30,25.6,0,78.82000000000001,2.8000000000000003,21.700000000000003
2013,8,31,6,30,26.5,43,75.38,2.9000000000000004,21.8
2013,8,31,7,30,28.900000000000002,231,64.73,3,21.6
2013,8,31,8,30,32.2,444,51.89,2.7,21.1
2013,8,31,9,30,35.9,635,38.910000000000004,1.9000000000000001,19.700000000000003
2013,8,31,10,30,38.5,788,30.35,1.3,18
2013,8,31,11,30,39.900000000000006,885,27.400000000000002,1.3,17.6
2013,8,31,12,30,40.800000000000004,914,25.94,1.6,17.5
2013,8,31,13,30,41.2,877,25.3,1.9000000000000001,17.400000000000002
2013,8,31,14,30,41.1,777,25.36,2,17.400000000000002
2013,8,31,15,30,40.6,613,25.75,2.1,17.2
2013,8,31,16,30,39.6,418,26.560000000000002,2.2,16.900000000000002
2013,8,31,17,30,37.7,209,29.080000000000002,2,16.7
2013,8,31,18,30,35.6,30,34.74,1.9000000000000001,17.7
2013,8,31,19,30,34.300000000000004,0,38.2,2.7,18
2013,8,31,20,30,33.300000000000004,0,40.97,3.3000000000000003,18.3
2013,8,31,21,30,32.300000000000004,0,44.65,3.6,18.7
2013,8,31,22,30,31.3,0,48.480000000000004,3.7,19.1
2013,8,31,23,30,30.400000000000002,0,52.2,3.7,19.5
2013,9,1,0,30,29.5,0,56.11,3.6,19.8
2013,9,1,1,30,28.8,0,59.75,3.5,20.200000000000003
2013,9,1,2,30,28.1,0,63.800000000000004,3.3000000000000003,20.6
2013,9,1,3,30,27.400000000000002,0,68.64,3.1,21.1
2013,9,1,4,30,26.900000000000002,0,72.85000000000001,2.9000000000000004,21.6
2013,9,1,5,30,26.700000000000003,0,75.32000000000001,3,22
2013,9,1,6,30,27.400000000000002,36,73.34,3.4000000000000004,22.200000000000003
2013,9,1,7,30,29.400000000000002,217,64.51,3.8000000000000003,22
2013,9,1,8,30,32,425,54.08,3.4000000000000004,21.6
2013,9,1,9,30,34.800000000000004,619,43.83,2.7,20.700000000000003
2013,9,1,10,30,37,772,36.660000000000004,2,19.8
2013,9,1,11,30,38.400000000000006,767,33.25,1.6,19.400000000000002
2013,9,1,12,30,39.300000000000004,872,31.34,1.5,19.200000000000003
2013,9,1,13,30,39.7,686,30.35,1.6,19.1
2013,9,1,14,30,39.7,772,29.900000000000002,1.8,18.8
2013,9,1,15,30,39.300000000000004,618,29.88,2,18.5
2013,9,1,16,30,38.5,425,30.48,2.2,18.1
2013,9,1,17,30,36.7,177,33.04,1.9000000000000001,17.8
2013,9,1,18,30,34.5,25,39.76,1.5,18.8
2013,9,1,19,30,33.1,0,43.62,1.9000000000000001,19.1
2013,9,1,20,30,32.5,0,44.19,2.6,18.7
2013,9,1,21,30,31.8,0,45.97,3.1,18.7
2013,9,1,22,30,31,0,48.660000000000004,3.5,18.900000000000002
2013,9,1,23,30,30.1,0,52.38,3.7,19.3
2013,9,2,0,30,29.200000000000003,0,56.83,3.6,19.8
2013,9,2,1,30,28.5,0,61.33,3.4000000000000004,20.3
2013,9,2,2,30,27.700000000000003,0,66.64,3.1,20.900000000000002
2013,9,2,3,30,26.900000000000002,0,72.29,2.7,21.5
2013,9,2,4,30,26.3,0,77.06,2.3000000000000003,22
2013,9,2,5,30,26,0,79.87,2.1,22.3
2013,9,2,6,30,26.700000000000003,42,77.4,2.4000000000000004,22.400000000000002
2013,9,2,7,30,28.700000000000003,181,68.39,2.7,22.3
2013,9,2,8,30,30.900000000000002,443,57.410000000000004,2.2,21.5
2013,9,2,9,30,32.5,636,50.34,1.6,20.900000000000002
2013,9,2,10,30,33.4,787,47.29,1.4000000000000001,20.700000000000003
2013,9,2,11,30,33.9,858,45.68,1.5,20.5
2013,9,2,12,30,34.1,875,45.14,1.8,20.5
2013,9,2,13,30,34.2,825,45,2.1,20.6
2013,9,2,14,30,34.2,769,45.14,2.2,20.6
2013,9,2,15,30,34.2,616,44.36,2.3000000000000003,20.3
2013,9,2,16,30,33.9,424,43.53,2.3000000000000003,19.8
2013,9,2,17,30,32.7,214,45.15,1.7000000000000002,19.3
2013,9,2,18,30,30.900000000000002,22,51.52,1.1,19.8
2013,9,2,19,30,29.700000000000003,0,56.17,1.1,20
2013,9,2,20,30,29.1,0,57.72,1.3,19.900000000000002
2013,9,2,21,30,28.700000000000003,0,59.5,1.2000000000000002,20
2013,9,2,22,30,28.200000000000003,0,62.160000000000004,1,20.3
2013,9,2,23,30,27.900000000000002,0,63.97,0.8,20.5
2013,9,3,0,30,27.6,0,65.72,0.7000000000000001,20.6
2013,9,3,1,30,27.3,0,66.92,0.5,20.6
2013,9,3,2,30,26.900000000000002,0,68.28,0.5,20.6
2013,9,3,3,30,26.200000000000003,0,70.85000000000001,0.5,20.5
2013,9,3,4,30,25.700000000000003,0,73.73,0.5,20.700000000000003
2013,9,3,5,30,25.5,0,75.25,0.7000000000000001,20.8
2013,9,3,6,30,27,40,69.39,1.2000000000000002,20.900000000000002
2013,9,3,7,30,29.900000000000002,226,57.31,1.6,20.5
2013,9,3,8,30,33.1,438,45.02,1.6,19.6
2013,9,3,9,30,35.6,629,37.410000000000004,1.3,18.900000000000002
2013,9,3,10,30,37.300000000000004,779,33.77,1,18.7
2013,9,3,11,30,38.400000000000006,874,31.69,0.8,18.6
2013,9,3,12,30,39.1,867,30.11,0.8,18.400000000000002
2013,9,3,13,30,39.300000000000004,874,29.32,0.8,18.2
2013,9,3,14,30,39.2,772,29.01,0.9,17.900000000000002
2013,9,3,15,30,38.900000000000006,618,28.75,1.1,17.5
2013,9,3,16,30,38.1,422,29.060000000000002,1.3,17
2013,9,3,17,30,36.4,210,31.29,1.1,16.7
2013,9,3,18,30,34.4,22,40.88,0.9,19.200000000000003
2013,9,3,19,30,33.1,0,46.29,1.1,20
2013,9,3,20,30,32.2,0,47.03,1.3,19.5
2013,9,3,21,30,31.400000000000002,0,48.620000000000005,1.5,19.3
2013,9,3,22,30,30.6,0,51.09,1.5,19.3
2013,9,3,23,30,29.8,0,53.93,1.4000000000000001,19.5
2013,9,4,0,30,29.1,0,56.550000000000004,1.2000000000000002,19.6
2013,9,4,1,30,28.400000000000002,0,59.07,1,19.6
2013,9,4,2,30,27.8,0,61.17,0.9,19.6
2013,9,4,3,30,27.200000000000003,0,64.2,0.7000000000000001,19.8
2013,9,4,4,30,26.6,0,68.23,0.6000000000000001,20.3
2013,9,4,5,30,26.400000000000002,0,70.65,0.6000000000000001,20.6
2013,9,4,6,30,27.5,41,67.95,0.8,21.1
2013,9,4,7,30,30.6,231,57.230000000000004,0.9,21.200000000000003
2013,9,4,8,30,34.300000000000004,445,43.160000000000004,1.3,20
2013,9,4,9,30,36.7,636,36.12,1.9000000000000001,19.3
2013,9,4,10,30,38.2,788,32.43,2.2,18.8
2013,9,4,11,30,39.2,882,29.97,2.3000000000000003,18.400000000000002
2013,9,4,12,30,39.800000000000004,905,28.150000000000002,2.3000000000000003,18
2013,9,4,13,30,40,846,27.060000000000002,2.4000000000000004,17.5
2013,9,4,14,30,39.900000000000006,753,26.54,2.5,17.1
2013,9,4,15,30,39.300000000000004,548,26.89,2.7,16.8
2013,9,4,16,30,38.1,407,28.52,2.8000000000000003,16.7
2013,9,4,17,30,36.2,196,31.91,2.4000000000000004,16.900000000000002
2013,9,4,18,30,34.300000000000004,19,38.31,1.9000000000000001,18.1
2013,9,4,19,30,33,0,43.06,1.9000000000000001,18.8
2013,9,4,20,30,32.2,0,45.63,1.9000000000000001,19
2013,9,4,21,30,31.400000000000002,0,48.71,1.8,19.3
2013,9,4,22,30,30.6,0,51.79,1.9000000000000001,19.6
2013,9,4,23,30,29.900000000000002,0,54.58,2.2,19.8
2013,9,5,0,30,29.1,0,58.02,2.4000000000000004,20
2013,9,5,1,30,28.400000000000002,0,61.63,2.2,20.3
2013,9,5,2,30,27.8,0,65.04,2,20.6
2013,9,5,3,30,27.200000000000003,0,68.94,1.6,21
2013,9,5,4,30,26.700000000000003,0,72.65,1.3,21.400000000000002
2013,9,5,5,30,26.5,0,74.86,1,21.700000000000003
2013,9,5,6,30,27.400000000000002,31,72.10000000000001,0.9,21.900000000000002
2013,9,5,7,30,29.700000000000003,210,61.800000000000004,0.8,21.6
2013,9,5,8,30,32.4,418,49.89,1.1,20.6
2013,9,5,9,30,34.5,607,43.26,1.6,20.200000000000003
2013,9,5,10,30,35.9,756,39.89,1.9000000000000001,20.1
2013,9,5,11,30,36.9,850,37.34,2.1,20
2013,9,5,12,30,37.7,837,35.19,2.1,19.700000000000003
2013,9,5,13,30,38,846,33.89,2.1,19.400000000000002
2013,9,5,14,30,38,745,33.18,2.1,19
2013,9,5,15,30,37.7,590,32.730000000000004,2.2,18.6
2013,9,5,16,30,36.9,398,33.08,2.3000000000000003,18
2013,9,5,17,30,35.4,191,35.050000000000004,1.7000000000000002,17.6
2013,9,5,18,30,33.4,18,42.13,1.1,18.8
2013,9,5,19,30,32.300000000000004,0,46.52,1.1,19.400000000000002
2013,9,5,20,30,31.700000000000003,0,47.32,1.5,19.1
2013,9,5,21,30,31,0,49.15,1.9000000000000001,19.1
2013,9,5,22,30,30.1,0,52.75,2.3000000000000003,19.400000000000002
2013,9,5,23,30,29.200000000000003,0,57.35,2.5,19.900000000000002
2013,9,6,0,30,28.400000000000002,0,62.07,2.5,20.400000000000002
2013,9,6,1,30,27.6,0,66.73,2.3000000000000003,20.900000000000002
2013,9,6,2,30,27,0,70.28,1.9000000000000001,21.1
2013,9,6,3,30,26.400000000000002,0,73.87,1.5,21.400000000000002
2013,9,6,4,30,26,0,76.61,1.2000000000000002,21.6
2013,9,6,5,30,25.8,0,78.12,1.3,21.700000000000003
2013,9,6,6,30,26.900000000000002,33,73.64,1.6,21.8
2013,9,6,7,30,29.700000000000003,215,61.77,1.4000000000000001,21.6
2013,9,6,8,30,32.800000000000004,425,48.92,0.8,20.700000000000003
2013,9,6,9,30,35.1,620,39.94,0.9,19.5
2013,9,6,10,30,36.6,772,33.99,1.5,18.2
2013,9,6,11,30,37.7,866,30.45,1.7000000000000002,17.400000000000002
2013,9,6,12,30,38.400000000000006,891,28.28,1.8,16.8
2013,9,6,13,30,38.7,851,26.93,1.8,16.3
2013,9,6,14,30,38.800000000000004,752,26,1.8,15.9
2013,9,6,15,30,38.400000000000006,599,25.85,2,15.4
2013,9,6,16,30,37.5,403,26.69,2.1,15.200000000000001
2013,9,6,17,30,35.6,191,29.330000000000002,1.6,15
2013,9,6,18,30,33.4,19,37.81,1.1,17.1
2013,9,6,19,30,32.1,0,41.71,1.3,17.5
2013,9,6,20,30,31.400000000000002,0,42.480000000000004,1.9000000000000001,17.1
2013,9,6,21,30,30.700000000000003,0,44.94,2.5,17.400000000000002
2013,9,6,22,30,29.900000000000002,0,49.68,2.8000000000000003,18.3
2013,9,6,23,30,29,0,56.11,2.8000000000000003,19.400000000000002
2013,9,7,0,30,28.200000000000003,0,62.84,2.5,20.400000000000002
2013,9,7,1,30,27.5,0,68.88,2.2,21.3
2013,9,7,2,30,26.900000000000002,0,73.81,1.9000000000000001,21.8
2013,9,7,3,30,26.400000000000002,0,77.89,1.7000000000000002,22.200000000000003
2013,9,7,4,30,25.900000000000002,0,81.65,1.4000000000000001,22.5
2013,9,7,5,30,25.6,0,84.01,1.3,22.700000000000003
2013,9,7,6,30,26.5,31,80.3,1.3,22.8
2013,9,7,7,30,29,211,68.02,1.5,22.5
2013,9,7,8,30,31.8,423,53.09,1.9000000000000001,21.1
2013,9,7,9,30,33.9,620,43.88,2.4000000000000004,19.900000000000002
2013,9,7,10,30,35.6,774,37.5,2.7,18.900000000000002
2013,9,7,11,30,36.9,871,33.09,2.9000000000000004,18
2013,9,7,12,30,37.9,891,29.89,3.2,17.3
2013,9,7,13,30,38.300000000000004,859,28.04,3.3000000000000003,16.6
2013,9,7,14,30,38.300000000000004,760,26.990000000000002,3.5,16
2013,9,7,15,30,37.800000000000004,607,27.1,3.6,15.700000000000001
2013,9,7,16,30,36.7,411,28.580000000000002,3.7,15.5
2013,9,7,17,30,34.9,199,32.07,3.3000000000000003,15.8
2013,9,7,18,30,32.7,22,38.57,2.9000000000000004,16.8
2013,9,7,19,30,31.1,0,45.89,3,18.1
2013,9,7,20,30,30,0,52.96,3.3000000000000003,19.400000000000002
2013,9,7,21,30,28.900000000000002,0,61.13,3.5,20.700000000000003
2013,9,7,22,30,28,0,68.42,3.4000000000000004,21.6
2013,9,7,23,30,27.200000000000003,0,74.36,3,22.200000000000003
2013,9,8,0,30,26.6,0,78.63,2.6,22.6
2013,9,8,1,30,26.1,0,82,2.1,22.8
2013,9,8,2,30,25.6,0,85.16,1.5,22.900000000000002
2013,9,8,3,30,25.1,0,88.05,0.6000000000000001,23
2013,9,8,4,30,24.6,0,90.77,0.2,23
2013,9,8,5,30,24.400000000000002,0,91.9,0.5,23
2013,9,8,6,30,25.400000000000002,34,86.31,1,22.900000000000002
2013,9,8,7,30,28.1,220,69.57000000000001,1.5,22
2013,9,8,8,30,31,435,50.96,2.3000000000000003,19.700000000000003
2013,9,8,9,30,33.2,632,41.79,3,18.5
2013,9,8,10,30,34.9,786,36.87,3.3000000000000003,18
2013,9,8,11,30,36.300000000000004,883,33.2,3.4000000000000004,17.6
2013,9,8,12,30,37.2,918,30.73,3.5,17.1
2013,9,8,13,30,37.7,879,29.23,3.6,16.8
2013,9,8,14,30,37.6,748,28.87,3.7,16.5
2013,9,8,15,30,37,612,29.54,4,16.3
2013,9,8,16,30,35.800000000000004,413,31.560000000000002,4.1000000000000005,16.3
2013,9,8,17,30,34.2,106,34.92,3.9000000000000004,16.5
2013,9,8,18,30,32.5,16,39.88,3.6,17.1
2013,9,8,19,30,31.1,0,46.09,3.5,18.2
2013,9,8,20,30,30,0,52.79,3.5,19.3
2013,9,8,21,30,28.900000000000002,0,60.370000000000005,3.4000000000000004,20.5
2013,9,8,22,30,28.1,0,67,3.1,21.400000000000002
2013,9,8,23,30,27.400000000000002,0,72.55,2.7,22
2013,9,9,0,30,26.8,0,77.15,2.4000000000000004,22.5
2013,9,9,1,30,26.3,0,80.65,2,22.700000000000003
2013,9,9,2,30,25.8,0,83.9,1.4000000000000001,22.900000000000002
2013,9,9,3,30,25.200000000000003,0,87.47,0.9,23
2013,9,9,4,30,24.8,0,89.86,0.5,23
2013,9,9,5,30,24.5,0,91.69,0.7000000000000001,23.1
2013,9,9,6,30,25.200000000000003,36,88.10000000000001,1.1,23.1
2013,9,9,7,30,27.200000000000003,229,75.60000000000001,1.6,22.5
2013,9,9,8,30,29.5,446,59.34,2.3000000000000003,20.700000000000003
2013,9,9,9,30,31.700000000000003,642,47.09,2.8000000000000003,19
2013,9,9,10,30,33.6,753,40.21,2.9000000000000004,18.2
2013,9,9,11,30,34.9,882,36.300000000000004,3.1,17.8
2013,9,9,12,30,35.5,724,34.480000000000004,3.5,17.5
2013,9,9,13,30,35,518,35.53,3.9000000000000004,17.5
2013,9,9,14,30,33.9,760,38.57,4,17.8
2013,9,9,15,30,32.7,584,42.410000000000004,4.1000000000000005,18.3
2013,9,9,16,30,31.6,390,46.28,4,18.7
2013,9,9,17,30,30.5,3,50.67,3.6,19.1
2013,9,9,18,30,29.400000000000002,7,56.07,2.9000000000000004,19.700000000000003
2013,9,9,19,30,28.5,0,61.9,2.6,20.5
2013,9,9,20,30,27.900000000000002,0,66.93,2.6,21.200000000000003
2013,9,9,21,30,27.3,0,71.66,2.6,21.700000000000003
2013,9,9,22,30,26.8,0,75.58,2.6,22.1
2013,9,9,23,30,26.200000000000003,0,79.82000000000001,2.4000000000000004,22.400000000000002
2013,9,10,0,30,25.700000000000003,0,83.18,2.2,22.6
2013,9,10,1,30,25.200000000000003,0,86.25,1.7000000000000002,22.700000000000003
2013,9,10,2,30,24.8,0,88.68,1.1,22.8
2013,9,10,3,30,24.400000000000002,0,90.98,1,22.8
2013,9,10,4,30,24.200000000000003,0,92,1.2000000000000002,22.8
2013,9,10,5,30,24.1,0,92.29,1.8,22.8
2013,9,10,6,30,24.8,20,88.15,2.4000000000000004,22.700000000000003
2013,9,10,7,30,26.400000000000002,174,79.04,2.9000000000000004,22.5
2013,9,10,8,30,28.400000000000002,420,67.27,3.3000000000000003,21.700000000000003
2013,9,10,9,30,30.1,612,57.730000000000004,3.4000000000000004,20.900000000000002
2013,9,10,10,30,31.6,763,50.01,3.5,19.900000000000002
2013,9,10,11,30,32.800000000000004,722,43.94,3.7,18.900000000000002
2013,9,10,12,30,33.7,495,39.37,3.9000000000000004,18
2013,9,10,13,30,34.300000000000004,811,36.230000000000004,4.1000000000000005,17.2
2013,9,10,14,30,34.6,360,34.02,4.3,16.5
2013,9,10,15,30,34.4,319,33.7,4.3,16.1
2013,9,10,16,30,33.6,325,35.38,4.2,16.2
2013,9,10,17,30,32.1,70,39.17,3.4000000000000004,16.5
2013,9,10,18,30,30.200000000000003,8,45.660000000000004,2.3000000000000003,17.2
2013,9,10,19,30,29.1,0,51.28,2.1,18
2013,9,10,20,30,28.400000000000002,0,55.230000000000004,2.3000000000000003,18.6
2013,9,10,21,30,27.8,0,58.68,2.4000000000000004,19
2013,9,10,22,30,27,0,62.730000000000004,2.3000000000000003,19.3
2013,9,10,23,30,26.200000000000003,0,67.23,1.8,19.6
2013,9,11,0,30,25.400000000000002,0,72.16,1.4000000000000001,20
2013,9,11,1,30,24.700000000000003,0,76.69,1,20.3
2013,9,11,2,30,24.1,0,80.71000000000001,0.7000000000000001,20.6
2013,9,11,3,30,23.700000000000003,0,83.86,0.6000000000000001,20.8
2013,9,11,4,30,23.400000000000002,0,86.56,0.5,21
2013,9,11,5,30,23.400000000000002,0,87.62,0.6000000000000001,21.200000000000003
2013,9,11,6,30,24.6,31,82.48,1.4000000000000001,21.400000000000002
2013,9,11,7,30,27.200000000000003,214,71.85000000000001,2.4000000000000004,21.700000000000003
2013,9,11,8,30,29.8,425,58.550000000000004,3.2,20.8
2013,9,11,9,30,32.1,618,47.64,3.7,19.6
2013,9,11,10,30,33.800000000000004,765,42.19,3.9000000000000004,19.200000000000003
2013,9,11,11,30,35,857,39.29,3.8000000000000003,19.1
2013,9,11,12,30,35.7,877,37.660000000000004,3.7,19
2013,9,11,13,30,35.9,835,36.99,3.6,18.900000000000002
2013,9,11,14,30,35.7,729,37.18,3.5,18.8
2013,9,11,15,30,35.2,576,37.980000000000004,3.4000000000000004,18.7
2013,9,11,16,30,34.4,382,39.480000000000004,3.3000000000000003,18.6
2013,9,11,17,30,32.800000000000004,174,43.13,2.5,18.6
2013,9,11,18,30,31,11,49.27,1.6,19.1
2013,9,11,19,30,29.900000000000002,0,53.97,1.4000000000000001,19.6
2013,9,11,20,30,29.200000000000003,0,56.46,1.4000000000000001,19.700000000000003
2013,9,11,21,30,28.5,0,59.34,1.4000000000000001,19.8
2013,9,11,22,30,27.8,0,62.64,1.5,20
2013,9,11,23,30,27.200000000000003,0,66.25,1.5,20.400000000000002
2013,9,12,0,30,26.6,0,70.4,1.5,20.8
2013,9,12,1,30,26.1,0,74.44,1.4000000000000001,21.200000000000003
2013,9,12,2,30,25.6,0,78.43,1.2000000000000002,21.6
2013,9,12,3,30,25,0,82.46000000000001,1,21.8
2013,9,12,4,30,24.6,0,84.95,0.7000000000000001,21.900000000000002
2013,9,12,5,30,24.3,0,86.63,0.8,21.900000000000002
2013,9,12,6,30,25.400000000000002,28,80.91,1.1,21.900000000000002
2013,9,12,7,30,28,205,67.31,1.1,21.400000000000002
2013,9,12,8,30,30.700000000000003,415,53.06,1.3,20
2013,9,12,9,30,32.7,604,44.67,1.8,19.1
2013,9,12,10,30,34.2,753,39.550000000000004,2,18.5
2013,9,12,11,30,35.5,848,35.660000000000004,2,18
2013,9,12,12,30,36.5,879,32.68,2,17.5
2013,9,12,13,30,37,841,30.82,2,17
2013,9,12,14,30,37.1,738,29.810000000000002,2,16.6
2013,9,12,15,30,36.800000000000004,582,29.45,2.2,16.1
2013,9,12,16,30,36,386,30.09,2.2,15.8
2013,9,12,17,30,34.1,174,32.88,1.6,15.5
2013,9,12,18,30,31.8,10,41.94,0.9,17.3
2013,9,12,19,30,30.700000000000003,0,45.76,0.9,17.7
2013,9,12,20,30,30,0,47.22,0.9,17.5
2013,9,12,21,30,29.400000000000002,0,48.53,0.8,17.400000000000002
2013,9,12,22,30,28.900000000000002,0,49.660000000000004,0.9,17.3
2013,9,12,23,30,28.3,0,51.31,1,17.3
2013,9,13,0,30,27.6,0,53.57,1.3,17.3
2013,9,13,1,30,26.900000000000002,0,56.17,1.5,17.400000000000002
2013,9,13,2,30,26.200000000000003,0,59.370000000000005,1.7000000000000002,17.7
2013,9,13,3,30,25.6,0,63,1.7000000000000002,18
2013,9,13,4,30,25.200000000000003,0,66.22,1.7000000000000002,18.400000000000002
2013,9,13,5,30,25.1,0,67.82000000000001,1.8,18.7
2013,9,13,6,30,25.900000000000002,27,65.4,2,18.900000000000002
2013,9,13,7,30,28.5,149,56.18,2,18.900000000000002
2013,9,13,8,30,31.900000000000002,417,44.160000000000004,1.3,18.2
2013,9,13,9,30,34.6,610,33.9,0.8,16.400000000000002
2013,9,13,10,30,36.4,761,29.51,1.1,15.8
2013,9,13,11,30,37.5,855,27.75,1.5,15.8
2013,9,13,12,30,38.2,866,26.67,1.8,15.700000000000001
2013,9,13,13,30,38.5,824,26.17,2.2,15.700000000000001
2013,9,13,14,30,38.400000000000006,719,26.25,2.4000000000000004,15.700000000000001
2013,9,13,15,30,37.800000000000004,564,27.04,2.6,15.600000000000001
2013,9,13,16,30,36.7,365,28.72,2.6,15.600000000000001
2013,9,13,17,30,35,158,31.76,2,15.700000000000001
2013,9,13,18,30,33.2,0,38,1.3,17
2013,9,13,19,30,32.300000000000004,0,41.21,1.3,17.5
2013,9,13,20,30,31.700000000000003,0,42.84,1.4000000000000001,17.5
2013,9,13,21,30,31,0,45.15,1.4000000000000001,17.7
2013,9,13,22,30,30.3,0,47.71,1.2000000000000002,18
2013,9,13,23,30,29.6,0,50.42,1.1,18.2
2013,9,14,0,30,28.900000000000002,0,53.120000000000005,1.1,18.400000000000002
2013,9,14,1,30,28.200000000000003,0,55.5,1.1,18.5
2013,9,14,2,30,27.6,0,57.36,1.1,18.400000000000002
2013,9,14,3,30,27.1,0,59.44,1.2000000000000002,18.5
2013,9,14,4,30,26.6,0,62.03,1.5,18.7
2013,9,14,5,30,26.200000000000003,0,64.06,1.9000000000000001,18.900000000000002
2013,9,14,6,30,26.6,17,63.57,2.6,19.1
2013,9,14,7,30,28.1,192,58.410000000000004,3,19.200000000000003
2013,9,14,8,30,30.200000000000003,398,51.76,2.9000000000000004,19.200000000000003
2013,9,14,9,30,32.4,587,45.45,2.7,19.1
2013,9,14,10,30,34.300000000000004,733,40.68,2.7,19
2013,9,14,11,30,35.6,823,38.15,2.9000000000000004,19.200000000000003
2013,9,14,12,30,36.300000000000004,848,36.910000000000004,3.3000000000000003,19.3
2013,9,14,13,30,36.5,807,36.11,3.6,19.1
2013,9,14,14,30,36.1,704,36.1,3.7,18.7
2013,9,14,15,30,35.5,530,36.58,3.8000000000000003,18.400000000000002
2013,9,14,16,30,34.6,347,38.08,3.8000000000000003,18.2
2013,9,14,17,30,33.2,149,41.03,3.5,18.2
2013,9,14,18,30,31.700000000000003,0,44.97,3,18.3
2013,9,14,19,30,30.6,0,48.69,2.7,18.6
2013,9,14,20,30,29.700000000000003,0,51.980000000000004,2.4000000000000004,18.8
2013,9,14,21,30,28.8,0,55.27,2,18.900000000000002
2013,9,14,22,30,28.1,0,57.730000000000004,1.8,19
2013,9,14,23,30,27.5,0,59.9,1.7000000000000002,19
2013,9,15,0,30,27,0,61.71,1.6,19
2013,9,15,1,30,26.400000000000002,0,63.99,1.5,19
2013,9,15,2,30,25.900000000000002,0,66.12,1.4000000000000001,19.1
2013,9,15,3,30,25.5,0,68.36,1.3,19.200000000000003
2013,9,15,4,30,25,0,71.51,1.2000000000000002,19.5
2013,9,15,5,30,24.8,0,73.55,1.2000000000000002,19.8
2013,9,15,6,30,25.5,19,71.64,1.5,20
2013,9,15,7,30,27.400000000000002,167,65.22,2,20.3
2013,9,15,8,30,29.700000000000003,387,56.64,2.4000000000000004,20.200000000000003
2013,9,15,9,30,31.700000000000003,450,49.38,2.6,19.8
2013,9,15,10,30,33.1,526,44.13,2.7,19.3
2013,9,15,11,30,34.2,623,40.33,2.9000000000000004,18.8
2013,9,15,12,30,34.9,810,37.86,3,18.400000000000002
2013,9,15,13,30,35.2,654,36.57,3.2,18.1
2013,9,15,14,30,35.2,645,36.01,3.2,17.900000000000002
2013,9,15,15,30,35,372,35.730000000000004,3.2,17.6
2013,9,15,16,30,34.6,260,35.68,3,17.2
2013,9,15,17,30,33.300000000000004,140,37.68,2.1,16.900000000000002
2013,9,15,18,30,31.700000000000003,0,42.14,1.4000000000000001,17.3
2013,9,15,19,30,30.8,0,44.300000000000004,1.4000000000000001,17.3
2013,9,15,20,30,30.1,0,45.74,1.7000000000000002,17.1
2013,9,15,21,30,29.5,0,47.62,2.1,17.2
2013,9,15,22,30,29,0,50.39,2.4000000000000004,17.7
2013,9,15,23,30,28.400000000000002,0,54.53,2.3000000000000003,18.400000000000002
2013,9,16,0,30,27.700000000000003,0,59.54,2.1,19.1
2013,9,16,1,30,27.1,0,64.44,1.7000000000000002,19.8
2013,9,16,2,30,26.6,0,68.94,1.3,20.400000000000002
2013,9,16,3,30,26.1,0,73.36,0.9,21
2013,9,16,4,30,25.6,0,77.53,0.6000000000000001,21.400000000000002
2013,9,16,5,30,25.400000000000002,0,79.86,0.7000000000000001,21.700000000000003
2013,9,16,6,30,25.8,15,79.01,1.2000000000000002,21.900000000000002
2013,9,16,7,30,27.1,128,73.91,1.8,22
2013,9,16,8,30,28.8,361,63.35,2.2,21.1
2013,9,16,9,30,30.6,581,51.410000000000004,2.6,19.400000000000002
2013,9,16,10,30,32.2,727,42.910000000000004,3,18
2013,9,16,11,30,33.300000000000004,657,38.08,3.2,17.1
2013,9,16,12,30,34,718,35.64,3.3000000000000003,16.7
2013,9,16,13,30,34.300000000000004,596,34.64,3.3000000000000003,16.5
2013,9,16,14,30,34.1,536,34.81,3.2,16.400000000000002
2013,9,16,15,30,33.6,358,35.87,3.1,16.400000000000002
2013,9,16,16,30,33,313,37.19,2.7,16.5
2013,9,16,17,30,31.6,151,40.76,1.6,16.7
2013,9,16,18,30,30.1,0,47.49,0.9,17.7
2013,9,16,19,30,29.400000000000002,0,50.53,0.8,18.1
2013,9,16,20,30,29,0,52.27,0.8,18.2
2013,9,16,21,30,28.5,0,54,0.8,18.3
2013,9,16,22,30,28,0,55.52,0.9,18.3
2013,9,16,23,30,27.400000000000002,0,57.95,1,18.400000000000002
2013,9,17,0,30,27,0,60.14,1,18.6
2013,9,17,1,30,26.6,0,62.93,0.9,19
2013,9,17,2,30,26.1,0,66.44,0.8,19.400000000000002
2013,9,17,3,30,25.700000000000003,0,69.63,0.7000000000000001,19.700000000000003
2013,9,17,4,30,25.400000000000002,0,72.13,0.6000000000000001,20
2013,9,17,5,30,25.3,0,73.28,0.6000000000000001,20.200000000000003
2013,9,17,6,30,26.1,11,70.07000000000001,0.8,20.200000000000003
2013,9,17,7,30,28,126,62.99,0.9,20.3
2013,9,17,8,30,29.8,313,54.94,1.5,19.8
2013,9,17,9,30,31.200000000000003,423,47.03,2.4000000000000004,18.6
2013,9,17,10,30,32.4,514,41.83,2.8000000000000003,17.8
2013,9,17,11,30,33.4,653,38.39,3,17.3
2013,9,17,12,30,34.2,697,35.96,3.1,17
2013,9,17,13,30,34.6,393,34.57,3,16.7
2013,9,17,14,30,34.6,374,34.08,2.8000000000000003,16.5
2013,9,17,15,30,34.4,415,34.06,2.6,16.3
2013,9,17,16,30,33.800000000000004,305,34.95,2.2,16.2
2013,9,17,17,30,32.2,100,38.71,1.4000000000000001,16.400000000000002
2013,9,17,18,30,30.5,0,46.01,1,17.6
2013,9,17,19,30,29.700000000000003,0,48.52,1.2000000000000002,17.7
2013,9,17,20,30,29.3,0,50.68,1.6,18
2013,9,17,21,30,28.900000000000002,0,53.68,2.2,18.6
2013,9,17,22,30,28.400000000000002,0,57.61,2.6,19.200000000000003
2013,9,17,23,30,27.8,0,62.22,2.6,19.900000000000002
2013,9,18,0,30,27.3,0,66.14,2.4000000000000004,20.400000000000002
2013,9,18,1,30,26.8,0,69.62,2.1,20.8
2013,9,18,2,30,26.5,0,72.02,2,21
2013,9,18,3,30,26.1,0,74.93,1.8,21.3
2013,9,18,4,30,25.700000000000003,0,77.93,1.4000000000000001,21.6
2013,9,18,5,30,25.3,0,80.8,1.2000000000000002,21.8
2013,9,18,6,30,25.900000000000002,16,78.77,1.4000000000000001,21.900000000000002
2013,9,18,7,30,28,159,68.16,2.2,21.6
2013,9,18,8,30,30.400000000000002,413,53.28,3,19.8
2013,9,18,9,30,32.4,577,44.09,3.4000000000000004,18.6
2013,9,18,10,30,33.800000000000004,616,39.72,3.5,18.2
2013,9,18,11,30,34.800000000000004,854,36.77,3.4000000000000004,17.900000000000002
2013,9,18,12,30,35.4,705,34.65,3.4000000000000004,17.5
2013,9,18,13,30,35.6,673,33.39,3.3000000000000003,17
2013,9,18,14,30,35.5,723,32.980000000000004,3.2,16.8
2013,9,18,15,30,35.2,534,32.96,3.1,16.5
2013,9,18,16,30,34.7,357,33.05,2.9000000000000004,16.1
2013,9,18,17,30,33.1,149,35.57,2.1,15.8
2013,9,18,18,30,31.400000000000002,0,40.42,1.9000000000000001,16.3
2013,9,18,19,30,30.700000000000003,0,42.050000000000004,2.6,16.3
2013,9,18,20,30,30.3,0,43.72,3.2,16.6
2013,9,18,21,30,29.700000000000003,0,47.47,3.6,17.3
2013,9,18,22,30,29,0,52.89,3.7,18.400000000000002
2013,9,18,23,30,28.200000000000003,0,58.77,3.4000000000000004,19.400000000000002
2013,9,19,0,30,27.6,0,63.61,3.1,20.1
2013,9,19,1,30,27,0,68.27,2.7,20.700000000000003
2013,9,19,2,30,26.400000000000002,0,72.89,2.1,21.1
2013,9,19,3,30,25.900000000000002,0,76.97,1.4000000000000001,21.6
2013,9,19,4,30,25.5,0,80.58,1,21.900000000000002
2013,9,19,5,30,25.3,0,82.75,1,22.200000000000003
2013,9,19,6,30,25.700000000000003,6,81.96000000000001,1.4000000000000001,22.400000000000002
2013,9,19,7,30,26.6,121,79.85000000000001,1.6,22.8
2013,9,19,8,30,27.700000000000003,177,74.13,1.5,22.700000000000003
2013,9,19,9,30,28.8,152,67.4,1.4000000000000001,22.200000000000003
2013,9,19,10,30,29.700000000000003,213,62.61,1.5,21.8
2013,9,19,11,30,30.200000000000003,341,60.59,1.6,21.700000000000003
2013,9,19,12,30,30.3,549,60.94,1.8,21.900000000000002
2013,9,19,13,30,30.3,690,61.6,1.8,22.1
2013,9,19,14,30,30.200000000000003,578,62.57,1.9000000000000001,22.3
2013,9,19,15,30,29.8,328,64.6,2,22.400000000000002
2013,9,19,16,30,28.900000000000002,35,69.78,2,22.8
2013,9,19,17,30,27.6,54,79.61,1.8,23.8
2013,9,19,18,30,26.5,0,86.93,2,24.1
2013,9,19,19,30,25.900000000000002,0,89.93,2.2,24.1
2013,9,19,20,30,25.5,0,92.85000000000001,2.3000000000000003,24.3
2013,9,19,21,30,25.200000000000003,0,95.63,2.5,24.5
2013,9,19,22,30,25,0,97.54,2.5,24.6
2013,9,19,23,30,24.900000000000002,0,98.22,2.5,24.6
2013,9,20,0,30,24.8,0,98.43,2.4000000000000004,24.5
2013,9,20,1,30,24.700000000000003,0,98.62,2.2,24.5
2013,9,20,2,30,24.5,0,99.4,2,24.400000000000002
2013,9,20,3,30,24.3,0,99.91,1.5,24.3
2013,9,20,4,30,24.200000000000003,0,100,0.9,24.200000000000003
2013,9,20,5,30,24.200000000000003,0,99.99000000000001,0.7000000000000001,24.200000000000003
2013,9,20,6,30,24.6,8,97.89,0.7000000000000001,24.200000000000003
2013,9,20,7,30,25.200000000000003,41,94.99,0.9,24.3
2013,9,20,8,30,25.700000000000003,8,92.58,1.1,24.400000000000002
2013,9,20,9,30,26.1,16,89.94,1.3,24.3
2013,9,20,10,30,26.400000000000002,257,88.02,1.6,24.3
2013,9,20,11,30,26.5,206,87.63,2.1,24.3
2013,9,20,12,30,26.6,205,86.96000000000001,2.6,24.200000000000003
2013,9,20,13,30,26.400000000000002,281,87.67,3.3000000000000003,24.200000000000003
2013,9,20,14,30,26.1,161,88.91,4,24.1
2013,9,20,15,30,25.6,163,90.87,4.7,24
2013,9,20,16,30,24.700000000000003,62,93.8,5.5,23.6
2013,9,20,17,30,23.6,54,95.36,6,22.8
2013,9,20,18,30,22.6,0,94.77,5.9,21.700000000000003
2013,9,20,19,30,22,0,95.14,5.4,21.200000000000003
2013,9,20,20,30,21.700000000000003,0,95.19,5,20.900000000000002
2013,9,20,21,30,21.400000000000002,0,95.26,4.7,20.6
2013,9,20,22,30,21.200000000000003,0,95.06,4.6000000000000005,20.400000000000002
2013,9,20,23,30,20.8,0,96.36,4.6000000000000005,20.200000000000003
2013,9,21,0,30,20.400000000000002,0,96.51,4.6000000000000005,19.8
2013,9,21,1,30,19.700000000000003,0,95.42,4.7,18.900000000000002
2013,9,21,2,30,18.8,0,91.89,4.6000000000000005,17.5
2013,9,21,3,30,18.1,0,86.79,4.3,15.9
2013,9,21,4,30,17.400000000000002,0,84.07000000000001,4,14.700000000000001
2013,9,21,5,30,16.8,0,83.74,3.6,14
2013,9,21,6,30,16.900000000000002,24,81.4,3.7,13.700000000000001
2013,9,21,7,30,18.5,218,73.46000000000001,4.3,13.700000000000001
2013,9,21,8,30,20.900000000000002,444,61.61,4.800000000000001,13.3
2013,9,21,9,30,23,647,52.61,4.7,12.8
2013,9,21,10,30,24.6,804,46.54,4.6000000000000005,12.4
2013,9,21,11,30,25.900000000000002,905,42.33,4.5,12.100000000000001
2013,9,21,12,30,26.8,934,39.6,4.5,11.9
2013,9,21,13,30,27.3,888,37.74,4.3,11.600000000000001
2013,9,21,14,30,27.3,778,36.75,4.1000000000000005,11.200000000000001
2013,9,21,15,30,26.700000000000003,606,37.25,3.7,10.9
2013,9,21,16,30,25.3,392,41.29,2.8000000000000003,11.200000000000001
2013,9,21,17,30,22.5,162,60.230000000000004,1.8,14.4
2013,9,21,18,30,20,0,73.04,1.5,15
2013,9,21,19,30,19,0,72.92,1.4000000000000001,14
2013,9,21,20,30,18.5,0,73.63,1.4000000000000001,13.700000000000001
2013,9,21,21,30,18.1,0,74.18,1.3,13.4
2013,9,21,22,30,17.7,0,74.72,1.3,13.200000000000001
2013,9,21,23,30,17.400000000000002,0,75.09,1.2000000000000002,12.9
2013,9,22,0,30,17,0,76.29,1.1,12.8
2013,9,22,1,30,16.5,0,78.10000000000001,1.1,12.700000000000001
2013,9,22,2,30,16,0,80.12,1.1,12.600000000000001
2013,9,22,3,30,15.4,0,82.93,1.1,12.5
2013,9,22,4,30,14.9,0,85.75,1.1,12.5
2013,9,22,5,30,14.5,0,88.14,1.1,12.600000000000001
2013,9,22,6,30,15.8,24,82.55,1.7000000000000002,12.8
2013,9,22,7,30,18.6,221,73.67,2.2,13.8
2013,9,22,8,30,21.6,448,63.02,2.6,14.3
2013,9,22,9,30,24,650,51.660000000000004,2.9000000000000004,13.4
2013,9,22,10,30,25.400000000000002,804,47.07,2.9000000000000004,13.3
2013,9,22,11,30,26.5,899,44.61,2.9000000000000004,13.5
2013,9,22,12,30,27.3,920,43.03,2.8000000000000003,13.600000000000001
2013,9,22,13,30,27.700000000000003,874,42.22,2.7,13.700000000000001
2013,9,22,14,30,27.700000000000003,761,42.15,2.6,13.700000000000001
2013,9,22,15,30,27.3,593,42.78,2.5,13.600000000000001
2013,9,22,16,30,26.1,382,45.35,2,13.4
2013,9,22,17,30,23.400000000000002,155,60.4,1.4000000000000001,15.3
2013,9,22,18,30,20.6,0,77.08,1.3,16.400000000000002
2013,9,22,19,30,19.400000000000002,0,76.36,1.5,15.100000000000001
2013,9,22,20,30,18.7,0,77.4,1.6,14.700000000000001
2013,9,22,21,30,18,0,79.62,1.7000000000000002,14.4
2013,9,22,22,30,17.3,0,82.43,1.6,14.3
2013,9,22,23,30,16.7,0,85.08,1.5,14.200000000000001
2013,9,23,0,30,16.1,0,88.08,1.4000000000000001,14.100000000000001
2013,9,23,1,30,15.600000000000001,0,90.55,1.3,14.100000000000001
2013,9,23,2,30,15.200000000000001,0,92.37,1.2000000000000002,14
2013,9,23,3,30,14.8,0,94.33,1.1,13.9
2013,9,23,4,30,14.5,0,96.08,1,13.9
2013,9,23,5,30,14.4,0,96.72,1,13.9
2013,9,23,6,30,15.700000000000001,22,89.72,1.4000000000000001,14
2013,9,23,7,30,18.2,211,78.79,1.8,14.5
2013,9,23,8,30,21.8,431,66.47,2.1,15.3
2013,9,23,9,30,25,627,51.01,2.3000000000000003,14.200000000000001
2013,9,23,10,30,26.700000000000003,782,45.93,1.8,14.100000000000001
2013,9,23,11,30,27.900000000000002,876,43,1.6,14.200000000000001
2013,9,23,12,30,28.700000000000003,901,40.7,1.5,14
2013,9,23,13,30,29.200000000000003,857,38.87,1.5,13.8
2013,9,23,14,30,29.400000000000002,747,37.67,1.5,13.5
2013,9,23,15,30,29.1,578,37.9,1.5,13.3
2013,9,23,16,30,28.1,368,40.43,1.2000000000000002,13.4
2013,9,23,17,30,26,145,54.67,1,16.2
2013,9,23,18,30,24,0,63.27,1,16.6
2013,9,23,19,30,22.900000000000002,0,61.68,1.1,15.200000000000001
2013,9,23,20,30,22,0,64.18,1.2000000000000002,14.9
2013,9,23,21,30,21.1,0,67.03,1.2000000000000002,14.700000000000001
2013,9,23,22,30,20.5,0,68.63,1.2000000000000002,14.5
2013,9,23,23,30,20,0,69.95,1.2000000000000002,14.4
2013,9,24,0,30,19.900000000000002,0,69.54,1.2000000000000002,14.200000000000001
2013,9,24,1,30,19.900000000000002,0,68.4,1.1,13.9
2013,9,24,2,30,20,0,66.09,1,13.5
2013,9,24,3,30,20.1,0,64.03,0.8,13.100000000000001
2013,9,24,4,30,19.8,0,63.88,0.7000000000000001,12.8
2013,9,24,5,30,19,0,67.63,0.8,12.9
2013,9,24,6,30,19.5,19,68.2,1.1,13.5
2013,9,24,7,30,21.6,204,66.3,1.7000000000000002,15
2013,9,24,8,30,24.700000000000003,423,53,1.9000000000000001,14.5
2013,9,24,9,30,28.200000000000003,620,45.230000000000004,1.7000000000000002,15.200000000000001
2013,9,24,10,30,30.700000000000003,772,37.910000000000004,1.9000000000000001,14.700000000000001
2013,9,24,11,30,32,861,35.1,2.2,14.700000000000001
2013,9,24,12,30,32.7,885,33.82,2.3000000000000003,14.700000000000001
2013,9,24,13,30,33,837,33.53,2.3000000000000003,14.8
2013,9,24,14,30,33,725,33.67,2.3000000000000003,14.9
2013,9,24,15,30,32.5,555,35.08,2.1,15.100000000000001
2013,9,24,16,30,31.3,349,40.15,1.5,16.2
2013,9,24,17,30,29.3,133,51.96,1,18.400000000000002
2013,9,24,18,30,27.700000000000003,0,58.96,0.9,19
2013,9,24,19,30,27.1,0,55.28,0.9,17.400000000000002
2013,9,24,20,30,26.5,0,55.11,0.8,16.8
2013,9,24,21,30,25.6,0,56.22,0.6000000000000001,16.2
2013,9,24,22,30,24.6,0,58.370000000000005,0.4,15.9
2013,9,24,23,30,23.700000000000003,0,59.93,0.30000000000000004,15.5
2013,9,25,0,30,22.700000000000003,0,61.92,0.4,15
2013,9,25,1,30,21.700000000000003,0,65.27,0.7000000000000001,14.9
2013,9,25,2,30,20.8,0,67.39,0.9,14.5
2013,9,25,3,30,19.900000000000002,0,70.23,1,14.3
2013,9,25,4,30,19.1,0,72.34,1,14
2013,9,25,5,30,18.5,0,73.17,1.1,13.600000000000001
2013,9,25,6,30,19.5,19,68.04,1.2000000000000002,13.4
2013,9,25,7,30,21.900000000000002,211,63.18,1.6,14.600000000000001
2013,9,25,8,30,24.8,435,47.480000000000004,1.7000000000000002,12.9
2013,9,25,9,30,28.6,634,41.050000000000004,1.4000000000000001,14.100000000000001
2013,9,25,10,30,31.700000000000003,785,29.830000000000002,1.5,11.9
2013,9,25,11,30,33,875,26.79,1.4000000000000001,11.4
2013,9,25,12,30,33.5,895,26.59,1.2000000000000002,11.700000000000001
2013,9,25,13,30,33.800000000000004,845,26.830000000000002,0.9,12.100000000000001
2013,9,25,14,30,33.6,729,27.77,0.7000000000000001,12.5
2013,9,25,15,30,33.1,553,29.25,0.9,12.8
2013,9,25,16,30,31.700000000000003,344,33.83,1,13.8
2013,9,25,17,30,28.5,127,48.95,1.1,16.7
2013,9,25,18,30,25.400000000000002,0,64.93,1.3,18.3
2013,9,25,19,30,24.1,0,60.64,1.5,16
2013,9,25,20,30,23.3,0,58.550000000000004,1.8,14.700000000000001
2013,9,25,21,30,22.6,0,57.800000000000004,1.9000000000000001,13.9
2013,9,25,22,30,22,0,57.9,2.2,13.3
2013,9,25,23,30,21.400000000000002,0,59.82,2.4000000000000004,13.3
2013,9,26,0,30,20.700000000000003,0,63.89,2.5,13.600000000000001
2013,9,26,1,30,20.1,0,69.44,2.4000000000000004,14.3
2013,9,26,2,30,19.400000000000002,0,75.76,2.1,15
2013,9,26,3,30,18.900000000000002,0,80.92,1.9000000000000001,15.600000000000001
2013,9,26,4,30,18.5,0,84.96000000000001,1.7000000000000002,15.9
2013,9,26,5,30,18.2,0,87.58,1.5,16.1
2013,9,26,6,30,19.400000000000002,16,82.02,2,16.3
2013,9,26,7,30,22,196,71.67,2.4000000000000004,16.6
2013,9,26,8,30,25.8,415,60.25,2.7,17.5
2013,9,26,9,30,29.6,616,43.71,3.4000000000000004,16
2013,9,26,10,30,31.6,771,34.24,3.7,13.9
2013,9,26,11,30,32.5,863,32.7,3.7,14
2013,9,26,12,30,33.1,889,31.45,3.7,13.9
2013,9,26,13,30,33.4,842,30.25,3.7,13.600000000000001
2013,9,26,14,30,33.300000000000004,728,29.79,3.6,13.3
2013,9,26,15,30,32.6,555,30.62,3.3000000000000003,13.100000000000001
2013,9,26,16,30,30.8,347,35.02,2.4000000000000004,13.600000000000001
2013,9,26,17,30,27.5,128,54.07,1.6,17.400000000000002
2013,9,26,18,30,24.8,0,64.26,1.5,17.6
2013,9,26,19,30,23.900000000000002,0,63.980000000000004,1.8,16.7
2013,9,26,20,30,23.3,0,64.33,2.2,16.2
2013,9,26,21,30,23,0,64.82000000000001,2.9000000000000004,16
2013,9,26,22,30,22.700000000000003,0,68.11,3.4000000000000004,16.5
2013,9,26,23,30,22.5,0,74.7,3.5,17.8
2013,9,27,0,30,22.3,0,83.48,3.1,19.400000000000002
2013,9,27,1,30,22.200000000000003,0,91.42,2.6,20.700000000000003
2013,9,27,2,30,22.1,0,97.4,2.1,21.700000000000003
2013,9,27,3,30,21.8,0,100,1.6,21.8
2013,9,27,4,30,21.700000000000003,0,100,1.5,21.700000000000003
2013,9,27,5,30,21.8,0,100,1.6,21.8
2013,9,27,6,30,22.8,14,96.67,2.3000000000000003,22.200000000000003
2013,9,27,7,30,24.8,185,86.27,3.3000000000000003,22.400000000000002
2013,9,27,8,30,27.1,258,77.11,3.8000000000000003,22.700000000000003
2013,9,27,9,30,29,394,67.8,4.1000000000000005,22.400000000000002
2013,9,27,10,30,30.5,391,60.85,4.1000000000000005,22.1
2013,9,27,11,30,31.8,582,56.28,4.1000000000000005,22
2013,9,27,12,30,32.7,616,53.68,4,22.1
2013,9,27,13,30,33.300000000000004,692,51.84,4,22.1
2013,9,27,14,30,33.300000000000004,479,51.79,3.9000000000000004,22
2013,9,27,15,30,32.6,358,53.97,3.9000000000000004,22.1
2013,9,27,16,30,31.400000000000002,318,58.34,3.6,22.200000000000003
2013,9,27,17,30,29.6,111,66.4,3.2,22.700000000000003
2013,9,27,18,30,28.1,0,74.51,3.5,23.1
2013,9,27,19,30,27.3,0,78.58,4.3,23.200000000000003
2013,9,27,20,30,26.6,0,83,4.5,23.5
2013,9,27,21,30,26,0,86.81,4.4,23.6
2013,9,27,22,30,25.400000000000002,0,89.65,4.3,23.6
2013,9,27,23,30,24.900000000000002,0,91.3,4.1000000000000005,23.400000000000002
2013,9,28,0,30,24.5,0,92.15,3.9000000000000004,23.1
2013,9,28,1,30,24.200000000000003,0,92.76,3.8000000000000003,23
2013,9,28,2,30,24.1,0,92.73,3.7,22.8
2013,9,28,3,30,24,0,93.39,3.6,22.900000000000002
2013,9,28,4,30,23.900000000000002,0,94.45,3.4000000000000004,23
2013,9,28,5,30,23.900000000000002,0,95.26,3.2,23.1
2013,9,28,6,30,24,11,94.94,3,23.1
2013,9,28,7,30,24.700000000000003,170,91.86,3.1,23.3
2013,9,28,8,30,25.8,373,88.37,3.3000000000000003,23.700000000000003
2013,9,28,9,30,26.900000000000002,259,85.65,3.6,24.3
2013,9,28,10,30,27.8,520,82.65,3.5,24.6
2013,9,28,11,30,28.5,791,79.57000000000001,3.3000000000000003,24.6
2013,9,28,12,30,28.8,207,78.08,3.1,24.6
2013,9,28,13,30,28.900000000000002,222,77.83,2.9000000000000004,24.6
2013,9,28,14,30,28.700000000000003,223,79.57000000000001,2.8000000000000003,24.8
2013,9,28,15,30,28.1,337,83.53,2.7,25
2013,9,28,16,30,27.1,255,90.02,2.2,25.3
2013,9,28,17,30,25.900000000000002,3,96.66,1.8,25.3
2013,9,28,18,30,24.8,0,99.7,1.6,24.700000000000003
2013,9,28,19,30,23.700000000000003,0,100,1.9000000000000001,23.700000000000003
2013,9,28,20,30,22.5,0,100,2.5,22.5
2013,9,28,21,30,21.5,0,96.69,3.1,21
2013,9,28,22,30,20.5,0,94.92,3.3000000000000003,19.700000000000003
2013,9,28,23,30,19.900000000000002,0,92.06,3.3000000000000003,18.6
2013,9,29,0,30,19.5,0,91.09,3.3000000000000003,18
2013,9,29,1,30,19.200000000000003,0,91.55,3.2,17.8
2013,9,29,2,30,18.900000000000002,0,91.72,3.2,17.5
2013,9,29,3,30,18.6,0,92.09,3.1,17.3
2013,9,29,4,30,18.400000000000002,0,91.55,2.9000000000000004,17
2013,9,29,5,30,18,0,91.01,2.7,16.5
2013,9,29,6,30,18.1,4,88.96000000000001,2.8000000000000003,16.3
2013,9,29,7,30,19,35,83.21000000000001,3,16.1
2013,9,29,8,30,20.5,181,73.72,2.9000000000000004,15.600000000000001
2013,9,29,9,30,21.700000000000003,133,65.52,2.6,15
2013,9,29,10,30,22.700000000000003,373,60.03,2.5,14.5
2013,9,29,11,30,23.700000000000003,367,56.13,2.4000000000000004,14.4
2013,9,29,12,30,24.700000000000003,408,52.7,2.5,14.4
2013,9,29,13,30,25.8,244,49.46,2.6,14.4
2013,9,29,14,30,26.3,266,48.01,2.4000000000000004,14.4
2013,9,29,15,30,26.3,394,47.75,2,14.3
2013,9,29,16,30,25.700000000000003,312,49.22,1.3,14.3
2013,9,29,17,30,24.200000000000003,107,56.93,0.8,15.100000000000001
2013,9,29,18,30,22.700000000000003,0,69.82000000000001,0.6000000000000001,16.900000000000002
2013,9,29,19,30,21.6,0,74.03,0.7000000000000001,16.8
2013,9,29,20,30,20.6,0,78.86,0.7000000000000001,16.8
2013,9,29,21,30,19.8,0,82.64,0.8,16.8
2013,9,29,22,30,19.1,0,85.3,0.8,16.6
2013,9,29,23,30,18.6,0,86.45,0.9,16.3
2013,9,30,0,30,18.2,0,86.75,0.9,16
2013,9,30,1,30,17.7,0,87.18,0.9,15.5
2013,9,30,2,30,17.3,0,86.53,0.9,15
2013,9,30,3,30,16.8,0,85.8,0.9,14.4
2013,9,30,4,30,16.400000000000002,0,84.22,0.9,13.700000000000001
2013,9,30,5,30,16.2,0,81.77,0.9,13.100000000000001
2013,9,30,6,30,17.2,14,74.52,1.1,12.600000000000001
2013,9,30,7,30,19.3,194,64.89,1.3,12.5
2013,9,30,8,30,22.400000000000002,415,51.63,0.8,12
2013,9,30,9,30,25.6,613,42.28,0.30000000000000004,11.8
2013,9,30,10,30,27.5,764,36.92,0.5,11.5
2013,9,30,11,30,28.6,854,34.9,0.7000000000000001,11.600000000000001
2013,9,30,12,30,29.400000000000002,874,33.76,0.8,11.8
2013,9,30,13,30,29.900000000000002,825,33,1,11.9
2013,9,30,14,30,29.900000000000002,710,33.12,1.2000000000000002,11.9
2013,9,30,15,30,29.400000000000002,539,34.38,1.4000000000000001,12.100000000000001
2013,9,30,16,30,27.900000000000002,331,38.72,1.3,12.600000000000001
2013,9,30,17,30,25,113,57.78,1.1,16.1
2013,9,30,18,30,22.5,0,68.21000000000001,1.1,16.3
2013,9,30,19,30,21.400000000000002,0,67.65,1.2000000000000002,15.200000000000001
2013,9,30,20,30,20.6,0,68.72,1.3,14.700000000000001
2013,9,30,21,30,19.900000000000002,0,69.9,1.3,14.200000000000001
2013,9,30,22,30,19.200000000000003,0,71.51,1.3,13.9
2013,9,30,23,30,18.5,0,73.57000000000001,1.3,13.700000000000001
2013,10,1,0,30,17.900000000000002,0,75.79,1.3,13.600000000000001
2013,10,1,1,30,17.400000000000002,0,78.28,1.3,13.600000000000001
2013,10,1,2,30,16.900000000000002,0,81.44,1.2000000000000002,13.700000000000001
2013,10,1,3,30,16.6,0,84.26,1.1,13.9
2013,10,1,4,30,16.3,0,87.15,1.1,14.200000000000001
2013,10,1,5,30,16.3,0,87.93,1,14.3
2013,10,1,6,30,17.6,13,81.99,1,14.5
2013,10,1,7,30,20.1,193,75.91,1.1,15.700000000000001
2013,10,1,8,30,23.400000000000002,288,65.74,1.5,16.6
2013,10,1,9,30,26.8,260,62.120000000000005,2.2,18.900000000000002
2013,10,1,10,30,29,379,53.93,2.5,18.7
2013,10,1,11,30,30.200000000000003,842,48.34,2.5,18.1
2013,10,1,12,30,30.900000000000002,859,46.85,2.5,18.2
2013,10,1,13,30,31.200000000000003,806,47.74,2.4000000000000004,18.8
2013,10,1,14,30,31.3,690,49.29,2.3000000000000003,19.400000000000002
2013,10,1,15,30,30.900000000000002,520,52.03,2.3000000000000003,19.900000000000002
2013,10,1,16,30,29.900000000000002,313,56.58,1.9000000000000001,20.3
2013,10,1,17,30,27.6,102,72.46000000000001,1.3,22.200000000000003
2013,10,1,18,30,25.5,0,85.73,1.2000000000000002,22.900000000000002
2013,10,1,19,30,24.8,0,88.39,1.4000000000000001,22.700000000000003
2013,10,1,20,30,24.400000000000002,0,91.76,1.6,23
2013,10,1,21,30,23.900000000000002,0,95.62,1.7000000000000002,23.200000000000003
2013,10,1,22,30,23.400000000000002,0,98.64,2,23.200000000000003
2013,10,1,23,30,23,0,100,2.4000000000000004,23
2013,10,2,0,30,22.8,0,100,2.7,22.8
2013,10,2,1,30,22.6,0,100,2.7,22.6
2013,10,2,2,30,22.6,0,100,2.6,22.6
2013,10,2,3,30,22.6,0,100,2.4000000000000004,22.6
2013,10,2,4,30,22.5,0,100,2.2,22.5
2013,10,2,5,30,22.5,0,100,2.1,22.5
2013,10,2,6,30,23.200000000000003,0,97.15,2.7,22.700000000000003
2013,10,2,7,30,24.700000000000003,177,89.97,3.4000000000000004,22.900000000000002
2013,10,2,8,30,26.5,389,81.5,3.7,23.1
2013,10,2,9,30,28.3,579,72.29,3.7,22.8
2013,10,2,10,30,29.700000000000003,723,65.82000000000001,3.5,22.6
2013,10,2,11,30,30.8,809,60.68,3.4000000000000004,22.3
2013,10,2,12,30,31.400000000000002,830,57.230000000000004,3.5,21.900000000000002
2013,10,2,13,30,31.6,394,55.15,3.6,21.5
2013,10,2,14,30,31.5,672,54.18,3.7,21.1
2013,10,2,15,30,30.900000000000002,498,55.1,3.6,20.8
2013,10,2,16,30,29.8,298,58.61,3,20.8
2013,10,2,17,30,27.700000000000003,94,69.71000000000001,2.2,21.700000000000003
2013,10,2,18,30,26,0,79.95,2.2,22.3
2013,10,2,19,30,25.3,0,82.84,2.8000000000000003,22.200000000000003
2013,10,2,20,30,24.700000000000003,0,86.49,3.2,22.3
2013,10,2,21,30,24.1,0,90.74,3.3000000000000003,22.5
2013,10,2,22,30,23.6,0,94.55,3.4000000000000004,22.700000000000003
2013,10,2,23,30,23.3,0,96.84,3.3000000000000003,22.8
2013,10,3,0,30,23.1,0,98.04,3.3000000000000003,22.8
2013,10,3,1,30,23,0,98.64,3,22.8
2013,10,3,2,30,22.900000000000002,0,99.19,2.6,22.8
2013,10,3,3,30,22.8,0,99.72,2.4000000000000004,22.8
2013,10,3,4,30,22.8,0,99.73,2.4000000000000004,22.8
2013,10,3,5,30,22.8,0,99.82000000000001,2.4000000000000004,22.8
2013,10,3,6,30,23.400000000000002,0,96.25,2.7,22.8
2013,10,3,7,30,25.1,180,88.4,3.3000000000000003,23
2013,10,3,8,30,27.200000000000003,277,78.15,3.6,23.1
2013,10,3,9,30,29.200000000000003,309,67.95,3.6,22.700000000000003
2013,10,3,10,30,30.8,469,59.660000000000004,3.6,22
2013,10,3,11,30,32,821,53.54,3.7,21.400000000000002
2013,10,3,12,30,32.800000000000004,840,49.52,3.8000000000000003,20.900000000000002
2013,10,3,13,30,33.1,791,47.38,3.9000000000000004,20.400000000000002
2013,10,3,14,30,32.9,677,47.1,4,20.1
2013,10,3,15,30,32.300000000000004,509,48.35,4,20
2013,10,3,16,30,31,304,52.17,3.5,20
2013,10,3,17,30,28.700000000000003,95,62.190000000000005,2.7,20.8
2013,10,3,18,30,26.900000000000002,0,71.54,2.7,21.3
2013,10,3,19,30,26.200000000000003,0,74.09,3.2,21.200000000000003
2013,10,3,20,30,25.6,0,76.72,3.7,21.200000000000003
2013,10,3,21,30,24.8,0,81.18,3.8000000000000003,21.400000000000002
2013,10,3,22,30,24.1,0,85.99,3.7,21.6
2013,10,3,23,30,23.5,0,90.48,3.6,21.900000000000002
2013,10,4,0,30,23.1,0,93.57000000000001,3.5,22
2013,10,4,1,30,22.700000000000003,0,96.46000000000001,3.2,22.1
2013,10,4,2,30,22.400000000000002,0,98.44,3,22.1
2013,10,4,3,30,22.3,0,98.74000000000001,2.9000000000000004,22.1
2013,10,4,4,30,22.3,0,98.53,2.9000000000000004,22.1
2013,10,4,5,30,22.3,0,98.31,2.6,22
2013,10,4,6,30,22.8,0,95.04,2.8000000000000003,22
2013,10,4,7,30,24.3,176,87.3,3.6,22.1
2013,10,4,8,30,26.3,263,76.44,4.2,21.8
2013,10,4,9,30,28.3,383,66.07000000000001,4.3,21.400000000000002
2013,10,4,10,30,30,620,58.54,4.3,21
2013,10,4,11,30,31.400000000000002,686,52.980000000000004,4.3,20.700000000000003
2013,10,4,12,30,32.4,829,49.370000000000005,4.4,20.400000000000002
2013,10,4,13,30,33,778,47.18,4.4,20.3
2013,10,4,14,30,33.1,664,46.300000000000004,4.4,20
2013,10,4,15,30,32.6,494,47.12,4.3,19.900000000000002
2013,10,4,16,30,31.3,291,50.99,3.5,20
2013,10,4,17,30,29.1,86,60.83,2.6,20.8
2013,10,4,18,30,27.3,0,70.11,2.5,21.400000000000002
2013,10,4,19,30,26.700000000000003,0,71.83,3.2,21.200000000000003
2013,10,4,20,30,26.1,0,74.05,3.8000000000000003,21.1
2013,10,4,21,30,25.400000000000002,0,77.17,4.1000000000000005,21.1
2013,10,4,22,30,24.6,0,80.99,3.8000000000000003,21.1
2013,10,4,23,30,23.8,0,85.87,3.3000000000000003,21.3
2013,10,5,0,30,23.3,0,89.24,3,21.400000000000002
2013,10,5,1,30,22.900000000000002,0,92.2,2.7,21.6
2013,10,5,2,30,22.5,0,95.32000000000001,2.5,21.700000000000003
2013,10,5,3,30,22.200000000000003,0,97.7,2.1,21.8
2013,10,5,4,30,21.900000000000002,0,99.62,1.6,21.8
2013,10,5,5,30,21.700000000000003,0,100,1.2000000000000002,21.700000000000003
2013,10,5,6,30,22.5,0,95.73,1.6,21.8
2013,10,5,7,30,24.3,6,87,2.4000000000000004,22
2013,10,5,8,30,26.1,363,78.83,2.8000000000000003,22.1
2013,10,5,9,30,27.1,548,72.15,3,21.700000000000003
2013,10,5,10,30,27.6,551,67.33,3.1,21
2013,10,5,11,30,27.6,374,64.42,3.5,20.3
2013,10,5,12,30,27.1,276,62.5,4.2,19.3
2013,10,5,13,30,26,559,61.34,5,18
2013,10,5,14,30,24.5,336,60.9,5.4,16.5
2013,10,5,15,30,23,304,60.43,5.6000000000000005,14.9
2013,10,5,16,30,21.200000000000003,282,61.120000000000005,5.6000000000000005,13.4
2013,10,5,17,30,19.1,81,64.4,5.4,12.200000000000001
2013,10,5,18,30,17.1,0,68.77,5.300000000000001,11.3
2013,10,5,19,30,15.5,0,72,5.2,10.5
2013,10,5,20,30,14.5,0,73.04,4.800000000000001,9.700000000000001
2013,10,5,21,30,14.100000000000001,0,73.3,4.3,9.4
2013,10,5,22,30,14,0,74.36,3.8000000000000003,9.5
2013,10,5,23,30,14,0,75.81,3.6,9.8
2013,10,6,0,30,14,0,76.87,3.4000000000000004,10
2013,10,6,1,30,13.8,0,78.94,3.2,10.200000000000001
2013,10,6,2,30,13.3,0,81.78,2.9000000000000004,10.3
2013,10,6,3,30,12.700000000000001,0,83.67,2.7,10
2013,10,6,4,30,12,0,84.99,2.6,9.600000000000001
2013,10,6,5,30,11.4,0,84.68,2.6,8.9
2013,10,6,6,30,11.600000000000001,0,79.05,3,8.1
2013,10,6,7,30,13.5,193,66.52,3.1,7.4
2013,10,6,8,30,17.3,421,51.49,3.4000000000000004,7.2
2013,10,6,9,30,21.200000000000003,622,32.76,4.3,4.2
2013,10,6,10,30,23.6,779,22.01,4.7,0.6000000000000001
2013,10,6,11,30,24.900000000000002,864,17.91,4.800000000000001,-1.1
2013,10,6,12,30,25.700000000000003,883,16.07,5.1000000000000005,-2
2013,10,6,13,30,26,830,15.57,5.300000000000001,-2.1
2013,10,6,14,30,26,710,15.700000000000001,5.4,-2
2013,10,6,15,30,25.400000000000002,534,16.57,5.1000000000000005,-1.8
2013,10,6,16,30,23.6,318,19.48,3.8000000000000003,-1
2013,10,6,17,30,20,94,32.17,2.3000000000000003,2.9000000000000004
2013,10,6,18,30,17.1,0,47.04,1.7000000000000002,5.7
2013,10,6,19,30,16.1,0,52.160000000000004,1.5,6.300000000000001
2013,10,6,20,30,15.5,0,56.22,1.4000000000000001,6.800000000000001
2013,10,6,21,30,14.8,0,59.88,1.3,7.1000000000000005
2013,10,6,22,30,14.200000000000001,0,62.24,1.3,7.1000000000000005
2013,10,6,23,30,13.600000000000001,0,63.92,1.3,6.9
2013,10,7,0,30,13.100000000000001,0,64.68,1.4000000000000001,6.6000000000000005
2013,10,7,1,30,12.600000000000001,0,65.16,1.5,6.2
2013,10,7,2,30,12.200000000000001,0,65.31,1.5,5.9
2013,10,7,3,30,11.8,0,66.01,1.5,5.7
2013,10,7,4,30,11.4,0,67.38,1.4000000000000001,5.6000000000000005
2013,10,7,5,30,11.100000000000001,0,68.35000000000001,1.4000000000000001,5.5
2013,10,7,6,30,12.4,0,62.68,1.6,5.5
2013,10,7,7,30,15.600000000000001,189,53.730000000000004,2.1,6.2
2013,10,7,8,30,19.5,411,39.04,1.8,5.2
2013,10,7,9,30,23.400000000000002,610,29.580000000000002,1.3,4.6000000000000005
2013,10,7,10,30,25.8,760,20.98,1.4000000000000001,1.8
2013,10,7,11,30,27,846,19.48,1.3,1.8
2013,10,7,12,30,27.8,865,19,1.2000000000000002,2.1
2013,10,7,13,30,28.3,813,18.59,1.3,2.2
2013,10,7,14,30,28.3,695,18.59,1.4000000000000001,2.2
2013,10,7,15,30,27.8,517,19.04,1.5,2.1
2013,10,7,16,30,25.900000000000002,304,22.29,1.2000000000000002,2.7
2013,10,7,17,30,22.400000000000002,87,45.26,1,10
2013,10,7,18,30,19.6,0,53.26,1.2000000000000002,9.8
2013,10,7,19,30,18.2,0,54.370000000000005,1.3,8.8
2013,10,7,20,30,17.2,0,56.03,1.3,8.4
2013,10,7,21,30,16.2,0,58.620000000000005,1.3,8.1
2013,10,7,22,30,15.4,0,61.08,1.2000000000000002,7.9
2013,10,7,23,30,14.700000000000001,0,63.57,1.2000000000000002,7.9
2013,10,8,0,30,14.100000000000001,0,65.81,1.2000000000000002,7.800000000000001
2013,10,8,1,30,13.700000000000001,0,67.03,1.1,7.7
2013,10,8,2,30,13.600000000000001,0,66.29,1,7.4
2013,10,8,3,30,13.8,0,63.690000000000005,0.8,7
2013,10,8,4,30,13.9,0,61.32,0.5,6.6000000000000005
2013,10,8,5,30,13.700000000000001,0,61.02,0.5,6.300000000000001
2013,10,8,6,30,14.200000000000001,0,58.7,0.6000000000000001,6.2
2013,10,8,7,30,16,181,58.42,0.8,7.800000000000001
2013,10,8,8,30,19.3,400,44.07,1.1,6.800000000000001
2013,10,8,9,30,23.200000000000003,597,32.93,1.5,6
2013,10,8,10,30,25.700000000000003,747,25.830000000000002,1.6,4.7
2013,10,8,11,30,27.1,834,24.18,1.4000000000000001,4.9
2013,10,8,12,30,28.200000000000003,854,23.19,1.3,5.2
2013,10,8,13,30,28.700000000000003,799,22.86,1.4000000000000001,5.4
2013,10,8,14,30,28.8,681,22.87,1.5,5.5
2013,10,8,15,30,28.200000000000003,507,23.72,1.7000000000000002,5.5
2013,10,8,16,30,26.1,296,27.51,1.5,5.9
2013,10,8,17,30,22.400000000000002,82,49.29,1.3,11.3
2013,10,8,18,30,19.6,0,57.03,1.5,10.9
2013,10,8,19,30,18.6,0,57.28,1.7000000000000002,10
2013,10,8,20,30,17.8,0,59.4,1.8,9.8
2013,10,8,21,30,17,0,62.71,1.8,9.8
2013,10,8,22,30,16.3,0,66.46000000000001,1.8,10
2013,10,8,23,30,15.600000000000001,0,70.61,1.7000000000000002,10.3
2013,10,9,0,30,14.8,0,75.26,1.7000000000000002,10.5
2013,10,9,1,30,14.100000000000001,0,79.79,1.5,10.700000000000001
2013,10,9,2,30,13.4,0,84.54,1.4000000000000001,10.8
2013,10,9,3,30,12.9,0,88.33,1.2000000000000002,11
2013,10,9,4,30,12.5,0,91.59,1.1,11.200000000000001
2013,10,9,5,30,12.100000000000001,0,94.81,1.1,11.3
2013,10,9,6,30,13.100000000000001,0,89.53,1.4000000000000001,11.4
2013,10,9,7,30,15.700000000000001,172,77.7,1.8,11.8
2013,10,9,8,30,19.5,389,63.06,2.4000000000000004,12.3
2013,10,9,9,30,23.400000000000002,586,48.64,3,12
2013,10,9,10,30,25.8,734,39.74,3,11.100000000000001
2013,10,9,11,30,27.400000000000002,821,35.59,2.9000000000000004,10.8
2013,10,9,12,30,28.400000000000002,839,33.42,2.9000000000000004,10.8
2013,10,9,13,30,29,787,32.11,3,10.700000000000001
2013,10,9,14,30,29,670,31.89,3.1,10.600000000000001
2013,10,9,15,30,28.400000000000002,496,32.57,3.1,10.4
2013,10,9,16,30,26.5,286,36.37,2.4000000000000004,10.4
2013,10,9,17,30,23.1,76,53.35,1.6,13.100000000000001
2013,10,9,18,30,20.6,0,63.480000000000004,1.6,13.4
2013,10,9,19,30,19.700000000000003,0,65.06,1.7000000000000002,13
2013,10,9,20,30,18.900000000000002,0,67.38,1.9000000000000001,12.700000000000001
2013,10,9,21,30,18.1,0,70.09,2,12.600000000000001
2013,10,9,22,30,17.400000000000002,0,72.85000000000001,2.1,12.5
2013,10,9,23,30,16.8,0,76.36,2.2,12.600000000000001
2013,10,10,0,30,16.3,0,80.81,2.2,13
2013,10,10,1,30,15.8,0,86.71000000000001,2.1,13.600000000000001
2013,10,10,2,30,15.200000000000001,0,94.07000000000001,1.8,14.3
2013,10,10,3,30,14.8,0,100,1.4000000000000001,14.8
2013,10,10,4,30,14.4,0,100,1.2000000000000002,14.4
2013,10,10,5,30,14.3,0,100,1.1,14.3
2013,10,10,6,30,15.5,0,100,1.5,15.5
2013,10,10,7,30,18.2,168,86.91,2,16
2013,10,10,8,30,21.8,381,71.23,2.5,16.400000000000002
2013,10,10,9,30,25.200000000000003,573,58.550000000000004,3,16.5
2013,10,10,10,30,27.200000000000003,717,51.78,3,16.400000000000002
2013,10,10,11,30,28.6,672,47.1,3.1,16.2
2013,10,10,12,30,29.6,819,43.51,3.2,15.9
2013,10,10,13,30,30.1,766,41.43,3.4000000000000004,15.600000000000001
2013,10,10,14,30,30.200000000000003,648,40.63,3.6,15.4
2013,10,10,15,30,29.700000000000003,478,41.300000000000004,3.7,15.200000000000001
2013,10,10,16,30,28.200000000000003,273,44.82,3.2,15.100000000000001
2013,10,10,17,30,25.400000000000002,70,55.85,2.5,15.9
2013,10,10,18,30,23.400000000000002,0,65.31,2.6,16.5
2013,10,10,19,30,22.8,0,66.89,3.3000000000000003,16.3
2013,10,10,20,30,22.200000000000003,0,69.71000000000001,3.9000000000000004,16.400000000000002
2013,10,10,21,30,21.5,0,74.35000000000001,4.3,16.7
2013,10,10,22,30,20.8,0,80.32000000000001,4.1000000000000005,17.3
2013,10,10,23,30,20.1,0,86.97,3.6,17.900000000000002
2013,10,11,0,30,19.6,0,92.17,3.3000000000000003,18.3
2013,10,11,1,30,19.1,0,96.81,3,18.6
2013,10,11,2,30,18.8,0,99.35000000000001,2.8000000000000003,18.7
2013,10,11,3,30,18.7,0,99.87,2.6,18.7
2013,10,11,4,30,18.7,0,99.60000000000001,2.5,18.6
2013,10,11,5,30,19,0,97.61,2.5,18.6
2013,10,11,6,30,19.8,0,93.81,2.8000000000000003,18.8
2013,10,11,7,30,21.6,152,85.56,3.2,19.1
2013,10,11,8,30,24.1,137,76,3.7,19.6
2013,10,11,9,30,26.400000000000002,234,69.10000000000001,4.2,20.3
2013,10,11,10,30,28.200000000000003,482,64.21000000000001,4.4,20.8
2013,10,11,11,30,29.8,594,59.18,4.5,21
2013,10,11,12,30,30.8,775,55.69,4.4,20.900000000000002
2013,10,11,13,30,31.1,723,54.39,4.3,20.8
2013,10,11,14,30,31,610,54.7,4.1000000000000005,20.8
2013,10,11,15,30,30.5,195,56.59,3.9000000000000004,20.900000000000002
2013,10,11,16,30,29.5,120,60.5,3.3000000000000003,21.1
2013,10,11,17,30,27.8,39,68.93,2.7,21.6
2013,10,11,18,30,26.6,0,75.17,3,21.8
2013,10,11,19,30,26.1,0,76.91,3.7,21.700000000000003
2013,10,11,20,30,25.5,0,80.29,4.1000000000000005,21.900000000000002
2013,10,11,21,30,25,0,83.61,4.2,22
2013,10,11,22,30,24.6,0,86.74,4,22.200000000000003
2013,10,11,23,30,24.1,0,90.66,3.6,22.5
2013,10,12,0,30,23.700000000000003,0,94.05,3.1,22.700000000000003
2013,10,12,1,30,23.400000000000002,0,96.65,2.8000000000000003,22.8
2013,10,12,2,30,23.3,0,97.81,2.8000000000000003,22.900000000000002
2013,10,12,3,30,23.3,0,98.35000000000001,2.7,23
2013,10,12,4,30,23.3,0,99.09,2.5,23.1
2013,10,12,5,30,23.3,0,99.55,2.2,23.200000000000003
2013,10,12,6,30,23.700000000000003,0,97.48,2.3000000000000003,23.3
2013,10,12,7,30,24.8,139,92.48,2.6,23.5
2013,10,12,8,30,26.400000000000002,236,86.12,2.7,23.900000000000002
2013,10,12,9,30,28.1,521,78.17,2.7,23.900000000000002
2013,10,12,10,30,29.400000000000002,528,71.38,2.4000000000000004,23.700000000000003
2013,10,12,11,30,30.200000000000003,516,66.74,2,23.3
2013,10,12,12,30,30.6,639,64.08,1.8,23
2013,10,12,13,30,30.700000000000003,288,62.800000000000004,1.8,22.8
2013,10,12,14,30,30.3,496,63.82,1.7000000000000002,22.700000000000003
2013,10,12,15,30,29.5,240,67.06,1.6,22.700000000000003
2013,10,12,16,30,28.200000000000003,243,74.55,1.3,23.200000000000003
2013,10,12,17,30,26.3,55,87.51,1.1,24.1
2013,10,12,18,30,24.900000000000002,0,94.89,1.2000000000000002,24
2013,10,12,19,30,24.3,0,96.37,1.5,23.700000000000003
2013,10,12,20,30,23.8,0,98.26,1.7000000000000002,23.5
2013,10,12,21,30,23.400000000000002,0,99.45,1.8,23.3
2013,10,12,22,30,23,0,100,1.6,23
2013,10,12,23,30,22.700000000000003,0,100,1.7000000000000002,22.700000000000003
2013,10,13,0,30,22.6,0,99.94,1.9000000000000001,22.6
2013,10,13,1,30,22.5,0,99.62,2.3000000000000003,22.400000000000002
2013,10,13,2,30,22.400000000000002,0,99.28,2.7,22.3
2013,10,13,3,30,22.3,0,99.25,3.3000000000000003,22.200000000000003
2013,10,13,4,30,22.1,0,99.4,3.5,22
2013,10,13,5,30,21.8,0,99.92,3.4000000000000004,21.8
2013,10,13,6,30,21.5,0,99.25,3.6,21.400000000000002
2013,10,13,7,30,21.3,69,97.94,3.9000000000000004,21
2013,10,13,8,30,21.3,163,95.69,4,20.6
2013,10,13,9,30,21.700000000000003,195,91.74,4.3,20.3
2013,10,13,10,30,22.6,417,86.17,4.6000000000000005,20.200000000000003
2013,10,13,11,30,23.900000000000002,395,79.88,4.7,20.200000000000003
2013,10,13,12,30,25.200000000000003,372,75.02,4.7,20.5
2013,10,13,13,30,25.700000000000003,547,74.18,4.4,20.8
2013,10,13,14,30,25.6,510,75.38,4,20.900000000000002
2013,10,13,15,30,24.900000000000002,284,79.16,3.6,21
2013,10,13,16,30,24,140,85.02,2.8000000000000003,21.3
2013,10,13,17,30,23.1,38,92.13,2.2,21.8
2013,10,13,18,30,22.5,0,95.67,2.2,21.8
2013,10,13,19,30,22.200000000000003,0,97.01,2.3000000000000003,21.700000000000003
2013,10,13,20,30,21.900000000000002,0,98.12,2.5,21.6
2013,10,13,21,30,21.8,0,98.02,2.6,21.5
2013,10,13,22,30,21.6,0,98.56,2.5,21.400000000000002
2013,10,13,23,30,21.5,0,98.48,2.5,21.200000000000003
2013,10,14,0,30,21.400000000000002,0,98.58,2.6,21.200000000000003
2013,10,14,1,30,21.400000000000002,0,98.23,2.6,21.1
2013,10,14,2,30,21.400000000000002,0,98.10000000000001,2.5,21.1
2013,10,14,3,30,21.400000000000002,0,98.19,2.6,21.1
2013,10,14,4,30,21.400000000000002,0,98.39,2.7,21.1
2013,10,14,5,30,21.400000000000002,0,98.46000000000001,2.8000000000000003,21.1
2013,10,14,6,30,21.5,0,97.8,2.9000000000000004,21.1
2013,10,14,7,30,21.900000000000002,48,96.22,3,21.3
2013,10,14,8,30,22.6,31,94.47,3.2,21.700000000000003
2013,10,14,9,30,23.5,179,91.63,3.6,22.1
2013,10,14,10,30,24.400000000000002,41,86.72,3.8000000000000003,22
2013,10,14,11,30,25,182,82.34,3.9000000000000004,21.8
2013,10,14,12,30,25.3,364,79.74,3.9000000000000004,21.5
2013,10,14,13,30,25.5,467,78.7,3.9000000000000004,21.5
2013,10,14,14,30,25.400000000000002,225,79.91,3.8000000000000003,21.700000000000003
2013,10,14,15,30,24.900000000000002,94,83.84,3.4000000000000004,22
2013,10,14,16,30,24.200000000000003,80,89.62,2.9000000000000004,22.400000000000002
2013,10,14,17,30,23.5,46,94.9,2.9000000000000004,22.6
2013,10,14,18,30,23.1,0,96.63,3.3000000000000003,22.5
2013,10,14,19,30,23,0,96.16,3.7,22.400000000000002
2013,10,14,20,30,22.8,0,95.89,3.8000000000000003,22.1
2013,10,14,21,30,22.5,0,96.2,3.7,21.900000000000002
2013,10,14,22,30,22.200000000000003,0,96.62,3.7,21.6
2013,10,14,23,30,22,0,96.69,3.7,21.400000000000002
2013,10,15,0,30,21.900000000000002,0,96.63,3.6,21.3
2013,10,15,1,30,21.8,0,97.05,3.4000000000000004,21.3
2013,10,15,2,30,21.700000000000003,0,97.66,3.1,21.3
2013,10,15,3,30,21.700000000000003,0,97.87,2.8000000000000003,21.3
2013,10,15,4,30,21.700000000000003,0,98.21000000000001,2.5,21.400000000000002
2013,10,15,5,30,21.8,0,97.88,2.5,21.400000000000002
2013,10,15,6,30,21.900000000000002,0,97.46000000000001,2.6,21.5
2013,10,15,7,30,22.400000000000002,21,95.60000000000001,3,21.700000000000003
2013,10,15,8,30,23.3,17,93.11,3.5,22.1
2013,10,15,9,30,24.3,53,90.32000000000001,4,22.6
2013,10,15,10,30,25.3,29,86.25,4.2,22.8
2013,10,15,11,30,25.8,272,83.39,4,22.8
2013,10,15,12,30,25.3,115,83.77,3.7,22.400000000000002
2013,10,15,13,30,23.900000000000002,160,86.31,3.8000000000000003,21.5
2013,10,15,14,30,22.1,39,87.57000000000001,4.3,19.900000000000002
2013,10,15,15,30,20.3,40,87.32000000000001,4.7,18.1
2013,10,15,16,30,18.6,43,87.44,4.6000000000000005,16.5
2013,10,15,17,30,17.3,24,88.28,4.2,15.3
2013,10,15,18,30,16.5,0,90.41,3.9000000000000004,14.9
2013,10,15,19,30,16,0,91.56,3.8000000000000003,14.600000000000001
2013,10,15,20,30,15.5,0,92.76,3.6,14.3
2013,10,15,21,30,15,0,93.34,3.5,13.9
2013,10,15,22,30,14.5,0,93.46000000000001,3.5,13.5
2013,10,15,23,30,13.9,0,94.2,3.7,13
2013,10,16,0,30,13.4,0,94.21000000000001,3.9000000000000004,12.5
2013,10,16,1,30,12.9,0,94.65,4,12.100000000000001
2013,10,16,2,30,12.700000000000001,0,93.78,4,11.700000000000001
2013,10,16,3,30,12.600000000000001,0,93.60000000000001,3.7,11.600000000000001
2013,10,16,4,30,12.600000000000001,0,93.5,3.4000000000000004,11.600000000000001
2013,10,16,5,30,12.600000000000001,0,93.72,3.1,11.600000000000001
2013,10,16,6,30,12.700000000000001,0,93.14,3.3000000000000003,11.600000000000001
2013,10,16,7,30,13,51,90.72,3.8000000000000003,11.5
2013,10,16,8,30,13.5,54,86.59,4.2,11.3
2013,10,16,9,30,14,122,82.75,4.2,11.100000000000001
2013,10,16,10,30,14.700000000000001,143,78.68,4,11
2013,10,16,11,30,15.600000000000001,156,74.76,3.8000000000000003,11.100000000000001
2013,10,16,12,30,16.400000000000002,371,72.25,3.7,11.4
2013,10,16,13,30,17,293,70.78,3.6,11.700000000000001
2013,10,16,14,30,17.400000000000002,220,69.77,3.6,11.8
2013,10,16,15,30,17.400000000000002,166,69.73,3.4000000000000004,11.8
2013,10,16,16,30,16.900000000000002,240,71.06,2.9000000000000004,11.600000000000001
2013,10,16,17,30,15.600000000000001,49,76.87,2.1,11.600000000000001
2013,10,16,18,30,14.5,0,84.04,1.8,11.8
2013,10,16,19,30,14,0,83.72,1.8,11.3
2013,10,16,20,30,13.600000000000001,0,83.53,1.7000000000000002,10.9
2013,10,16,21,30,13.100000000000001,0,84.21000000000001,1.5,10.5
2013,10,16,22,30,12.5,0,85.53,1.4000000000000001,10.100000000000001
2013,10,16,23,30,11.9,0,86.56,1.5,9.700000000000001
2013,10,17,0,30,11.3,0,87.68,1.6,9.3
2013,10,17,1,30,10.700000000000001,0,89.07000000000001,1.7000000000000002,9
2013,10,17,2,30,10,0,91.05,1.8,8.6
2013,10,17,3,30,9.200000000000001,0,93.73,1.8,8.200000000000001
2013,10,17,4,30,8.5,0,95.81,1.7000000000000002,7.9
2013,10,17,5,30,7.9,0,96.99000000000001,1.6,7.5
2013,10,17,6,30,8.3,0,91.85000000000001,2,7.1000000000000005
2013,10,17,7,30,10.3,160,80.21000000000001,2.3000000000000003,7
2013,10,17,8,30,13.3,377,67.27,2.3000000000000003,7.4
2013,10,17,9,30,16.3,572,53.980000000000004,2.3000000000000003,7
2013,10,17,10,30,18.3,716,49.14,2.2,7.4
2013,10,17,11,30,19.700000000000003,799,47.86,2,8.3
2013,10,17,12,30,20.6,815,47.99,1.8,9.200000000000001
2013,10,17,13,30,21.1,758,48.57,1.6,9.8
2013,10,17,14,30,21.3,638,49.54,1.5,10.3
2013,10,17,15,30,21,464,51.31,1.4000000000000001,10.600000000000001
2013,10,17,16,30,19.700000000000003,254,56.86,1.1,10.9
2013,10,17,17,30,17.6,50,76.94,0.9,13.5
2013,10,17,18,30,16.1,0,75.58,1,11.8
2013,10,17,19,30,15.5,0,77.43,1,11.600000000000001
2013,10,17,20,30,15.100000000000001,0,78.60000000000001,1,11.4
2013,10,17,21,30,14.700000000000001,0,79.78,1,11.200000000000001
2013,10,17,22,30,14.3,0,80.8,1,11
2013,10,17,23,30,13.700000000000001,0,83.10000000000001,1,10.9
2013,10,18,0,30,13.100000000000001,0,85.83,1,10.8
2013,10,18,1,30,13,0,87.06,1,10.9
2013,10,18,2,30,13.100000000000001,0,89.01,1.1,11.3
2013,10,18,3,30,13.100000000000001,0,89.94,1.2000000000000002,11.5
2013,10,18,4,30,12.9,0,91.17,1.4000000000000001,11.5
2013,10,18,5,30,12.700000000000001,0,92.05,1.6,11.4
2013,10,18,6,30,13.100000000000001,0,89.64,2.1,11.4
2013,10,18,7,30,14.200000000000001,63,84.82000000000001,2.5,11.700000000000001
2013,10,18,8,30,16,166,79.04,2.9000000000000004,12.4
2013,10,18,9,30,18.1,310,70.81,3.6,12.700000000000001
2013,10,18,10,30,19.700000000000003,269,62.47,4.2,12.3
2013,10,18,11,30,20.900000000000002,548,57.82,4.4,12.3
2013,10,18,12,30,21.900000000000002,541,53.08,4.6000000000000005,11.9
2013,10,18,13,30,22.6,284,49.46,4.4,11.5
2013,10,18,14,30,22.700000000000003,196,49.03,4,11.4
2013,10,18,15,30,22.200000000000003,108,51.410000000000004,3.3000000000000003,11.700000000000001
2013,10,18,16,30,20.700000000000003,48,58.77,2.1,12.3
2013,10,18,17,30,18.3,41,80.23,1.2000000000000002,14.8
2013,10,18,18,30,16.7,0,84.05,1.1,14
2013,10,18,19,30,16,0,84.72,1.1,13.4
2013,10,18,20,30,15.8,0,83.91,0.8,13.100000000000001
2013,10,18,21,30,15.5,0,83.79,1.2000000000000002,12.8
2013,10,18,22,30,14.5,0,89.55,3,12.8
2013,10,18,23,30,12.600000000000001,0,95.60000000000001,5.2,11.9
2013,10,19,0,30,10.5,0,96.81,6.4,10
2013,10,19,1,30,8.9,0,92.01,6.6000000000000005,7.7
2013,10,19,2,30,8,0,87.62,6.2,6.1000000000000005
2013,10,19,3,30,7.5,0,85.87,5.6000000000000005,5.300000000000001
2013,10,19,4,30,7,0,85.5,5.1000000000000005,4.7
2013,10,19,5,30,6.300000000000001,0,86.10000000000001,4.6000000000000005,4.1000000000000005
2013,10,19,6,30,5.9,0,85.49,4.2,3.7
2013,10,19,7,30,6.800000000000001,159,78.14,4.4,3.3000000000000003
2013,10,19,8,30,8.9,382,64.86,4.5,2.6
2013,10,19,9,30,11.4,581,53.620000000000005,4.4,2.3000000000000003
2013,10,19,10,30,13.700000000000001,731,45.88,4.2,2.2
2013,10,19,11,30,15.5,812,41.230000000000004,4,2.4000000000000004
2013,10,19,12,30,16.8,828,38.4,3.7,2.5
2013,10,19,13,30,17.6,768,37.27,3.3000000000000003,2.8000000000000003
2013,10,19,14,30,17.8,646,37.550000000000004,2.9000000000000004,3.1
2013,10,19,15,30,17.400000000000002,469,39.050000000000004,2.5,3.3000000000000003
2013,10,19,16,30,16,253,43.56,1.6,3.6
2013,10,19,17,30,13.9,47,65.34,0.9,7.5
2013,10,19,18,30,12.4,0,63.160000000000004,0.9,5.6000000000000005
2013,10,19,19,30,11.700000000000001,0,63.74,0.9,5.1000000000000005
2013,10,19,20,30,11.100000000000001,0,64.72,0.8,4.7
2013,10,19,21,30,10.600000000000001,0,65.6,0.8,4.4
2013,10,19,22,30,10.200000000000001,0,65.65,0.8,4.1000000000000005
2013,10,19,23,30,9.700000000000001,0,66.57000000000001,0.8,3.8000000000000003
2013,10,20,0,30,8.9,0,69.86,0.9,3.7
2013,10,20,1,30,8.200000000000001,0,73.10000000000001,1,3.7
2013,10,20,2,30,7.4,0,77.18,1,3.7
2013,10,20,3,30,6.800000000000001,0,80.3,1.1,3.6
2013,10,20,4,30,6.300000000000001,0,83.08,1.1,3.6
2013,10,20,5,30,5.9,0,85.37,1.1,3.6
2013,10,20,6,30,6.7,0,80.62,1.5,3.6
2013,10,20,7,30,9.200000000000001,149,71.74,2.3000000000000003,4.4
2013,10,20,8,30,12.600000000000001,362,58.09,2.9000000000000004,4.6000000000000005
2013,10,20,9,30,15.8,553,50.800000000000004,3.4000000000000004,5.6000000000000005
2013,10,20,10,30,18.2,697,43.89,3.6,5.7
2013,10,20,11,30,19.8,779,42.11,3.6,6.6000000000000005
2013,10,20,12,30,21.1,791,40.97,3.7,7.300000000000001
2013,10,20,13,30,22,734,40.910000000000004,3.8000000000000003,8.1
2013,10,20,14,30,22.3,615,42.550000000000004,3.9000000000000004,9
2013,10,20,15,30,22,443,45.09,3.7,9.600000000000001
2013,10,20,16,30,20.1,236,54.1,2.7,10.5
2013,10,20,17,30,17.2,40,72.91,2,12.3
2013,10,20,18,30,15.600000000000001,0,75.33,2.2,11.3
2013,10,20,19,30,15,0,76.03,2.5,10.8
2013,10,20,20,30,14.4,0,77.75,2.5,10.600000000000001
2013,10,20,21,30,13.8,0,79.87,2.5,10.4
2013,10,20,22,30,13.200000000000001,0,82.36,2.5,10.3
2013,10,20,23,30,12.700000000000001,0,84.60000000000001,2.5,10.200000000000001
2013,10,21,0,30,12.3,0,86.52,2.6,10.100000000000001
2013,10,21,1,30,11.8,0,89.59,2.5,10.100000000000001
2013,10,21,2,30,11.3,0,93.59,2.2,10.3
2013,10,21,3,30,10.9,0,97.98,1.7000000000000002,10.600000000000001
2013,10,21,4,30,10.700000000000001,0,100,1.2000000000000002,10.700000000000001
2013,10,21,5,30,10.9,0,100,0.9,10.9
2013,10,21,6,30,11.9,0,96.33,1,11.3
2013,10,21,7,30,13.9,49,87.16,1.3,11.8
2013,10,21,8,30,16.6,274,76.93,1.7000000000000002,12.5
2013,10,21,9,30,19.700000000000003,500,71.84,2.2,14.5
2013,10,21,10,30,22.6,370,67.66,2.7,16.3
2013,10,21,11,30,24.3,579,65.25,2.6,17.400000000000002
2013,10,21,12,30,25.200000000000003,242,63.620000000000005,2.3000000000000003,17.8
2013,10,21,13,30,25.6,487,62.86,2.1,18
2013,10,21,14,30,25.6,437,62.61,1.9000000000000001,17.900000000000002
2013,10,21,15,30,24.900000000000002,286,64.18,1.5,17.7
2013,10,21,16,30,23.200000000000003,65,72.02,1.2000000000000002,17.900000000000002
2013,10,21,17,30,21,16,85.22,1.6,18.400000000000002
2013,10,21,18,30,19.200000000000003,0,85.59,2.7,16.7
2013,10,21,19,30,17.5,0,87.94,4,15.5
2013,10,21,20,30,15.700000000000001,0,92.21000000000001,4.7,14.4
2013,10,21,21,30,14.3,0,93.98,4.6000000000000005,13.3
2013,10,21,22,30,13.200000000000001,0,93.27,4.4,12.100000000000001
2013,10,21,23,30,12.4,0,91.9,4,11.100000000000001
2013,10,22,0,30,11.700000000000001,0,91.55,3.7,10.4
2013,10,22,1,30,11.100000000000001,0,91.7,3.4000000000000004,9.8
2013,10,22,2,30,10.5,0,92.59,3.1,9.4
2013,10,22,3,30,10.100000000000001,0,92.31,3,8.9
2013,10,22,4,30,9.600000000000001,0,93.01,2.9000000000000004,8.5
2013,10,22,5,30,9,0,94.31,2.7,8.1
2013,10,22,6,30,9.1,0,90.9,3.1,7.7
2013,10,22,7,30,10.600000000000001,145,80.74,3.5,7.4
2013,10,22,8,30,13.600000000000001,361,66.92,3.5,7.6000000000000005
2013,10,22,9,30,16.900000000000002,555,52.85,3.4000000000000004,7.2
2013,10,22,10,30,19.400000000000002,696,40.09,3.3000000000000003,5.5
2013,10,22,11,30,21.1,777,34.38,3,4.800000000000001
2013,10,22,12,30,22.1,789,33.01,2.6,5.1000000000000005
2013,10,22,13,30,22.700000000000003,732,32.74,2.2,5.5
2013,10,22,14,30,22.900000000000002,612,33.26,2,5.9
2013,10,22,15,30,22.400000000000002,440,35,1.6,6.2
2013,10,22,16,30,21,233,42.85,1.1,7.9
2013,10,22,17,30,19.200000000000003,37,56.870000000000005,0.8,10.4
2013,10,22,18,30,17.400000000000002,0,52.33,1,7.5
2013,10,22,19,30,15.700000000000001,0,59.75,1.2000000000000002,7.9
2013,10,22,20,30,14.3,0,65.46000000000001,1.4000000000000001,7.9
2013,10,22,21,30,13.5,0,67.53,1.6,7.6000000000000005
2013,10,22,22,30,13,0,67.82000000000001,1.7000000000000002,7.2
2013,10,22,23,30,12.700000000000001,0,67.77,1.9000000000000001,6.9
2013,10,23,0,30,12.3,0,68.89,1.9000000000000001,6.800000000000001
2013,10,23,1,30,11.9,0,70.58,2,6.7
2013,10,23,2,30,11.5,0,72.59,2,6.7
2013,10,23,3,30,11.100000000000001,0,74.8,2.2,6.800000000000001
2013,10,23,4,30,10.700000000000001,0,77.44,2.3000000000000003,6.9
2013,10,23,5,30,10.200000000000001,0,80.82000000000001,2.3000000000000003,7.1000000000000005
2013,10,23,6,30,10.5,0,80.03,2.6,7.2
2013,10,23,7,30,12.4,140,71.89,3,7.5
2013,10,23,8,30,15.4,350,61.93,2.6,8.1
2013,10,23,9,30,18.900000000000002,539,54.85,2.1,9.600000000000001
2013,10,23,10,30,22.200000000000003,680,46.730000000000004,1.7000000000000002,10.3
2013,10,23,11,30,24.700000000000003,762,40.660000000000004,1.3,10.4
2013,10,23,12,30,26.3,776,35.67,1.4000000000000001,9.9
2013,10,23,13,30,26.900000000000002,719,34.67,1.6,10
2013,10,23,14,30,26.900000000000002,600,34.89,1.6,10.100000000000001
2013,10,23,15,30,26.400000000000002,428,36.26,1.4000000000000001,10.200000000000001
2013,10,23,16,30,24.200000000000003,224,44.37,1.2000000000000002,11.3
2013,10,23,17,30,20.6,32,68.09,1.2000000000000002,14.5
2013,10,23,18,30,18.3,0,67.3,1.4000000000000001,12.100000000000001
2013,10,23,19,30,17.2,0,69.07000000000001,1.6,11.5
2013,10,23,20,30,16.5,0,69.73,1.7000000000000002,11
2013,10,23,21,30,15.700000000000001,0,71.57000000000001,1.9000000000000001,10.600000000000001
2013,10,23,22,30,15.100000000000001,0,72.74,2,10.200000000000001
2013,10,23,23,30,14.5,0,73.96000000000001,2.2,9.9
2013,10,24,0,30,13.9,0,75.21000000000001,2.3000000000000003,9.600000000000001
2013,10,24,1,30,13.200000000000001,0,76.88,2.3000000000000003,9.200000000000001
2013,10,24,2,30,12.5,0,78.65,2.2,8.9
2013,10,24,3,30,11.9,0,80.17,2.1,8.6
2013,10,24,4,30,11.4,0,81.57000000000001,1.9000000000000001,8.4
2013,10,24,5,30,10.9,0,82.94,1.8,8.1
2013,10,24,6,30,11.4,0,79.12,1.9000000000000001,7.9
2013,10,24,7,30,13.600000000000001,138,69.75,2.5,8.200000000000001
2013,10,24,8,30,16.6,349,58.44,2.4000000000000004,8.4
2013,10,24,9,30,20.200000000000003,537,52.25,1.9000000000000001,10.100000000000001
2013,10,24,10,30,23.8,681,43.22,2.1,10.5
2013,10,24,11,30,26,761,34.45,2.1,9.1
2013,10,24,12,30,26.900000000000002,650,32.32,1.5,9
2013,10,24,13,30,27.200000000000003,699,32.17,1,9.200000000000001
2013,10,24,14,30,27,600,32.8,0.8,9.3
2013,10,24,15,30,26.400000000000002,426,34.34,0.8,9.4
2013,10,24,16,30,24.5,221,41.59,0.9,10.600000000000001
2013,10,24,17,30,21.200000000000003,31,60.26,1.1,13.200000000000001
2013,10,24,18,30,18.8,0,63.52,1.2000000000000002,11.700000000000001
2013,10,24,19,30,17.5,0,67.94,1.2000000000000002,11.5
2013,10,24,20,30,16.6,0,71.04,1.2000000000000002,11.3
2013,10,24,21,30,15.8,0,74.22,1.2000000000000002,11.200000000000001
2013,10,24,22,30,15,0,77.86,1.3,11.200000000000001
2013,10,24,23,30,14.200000000000001,0,82.5,1.3,11.3
2013,10,25,0,30,13.200000000000001,0,89.81,1.5,11.600000000000001
2013,10,25,1,30,12.4,0,96.12,1.9000000000000001,11.8
2013,10,25,2,30,11.9,0,100,2.4000000000000004,11.9
2013,10,25,3,30,11.600000000000001,0,100,2.6,11.600000000000001
2013,10,25,4,30,11.200000000000001,0,100,2.7,11.200000000000001
2013,10,25,5,30,10.8,0,98.19,2.9000000000000004,10.5
2013,10,25,6,30,10.8,0,91.77,3.1,9.5
2013,10,25,7,30,12.100000000000001,128,79.76,3.7,8.700000000000001
2013,10,25,8,30,14.5,334,65.33,4.1000000000000005,8.1
2013,10,25,9,30,16.8,523,55.94,3.8000000000000003,8
2013,10,25,10,30,18.900000000000002,663,51.13,3.4000000000000004,8.6
2013,10,25,11,30,20.6,745,49.480000000000004,3.2,9.700000000000001
2013,10,25,12,30,21.900000000000002,756,49.28,2.9000000000000004,10.8
2013,10,25,13,30,22.700000000000003,700,49.75,2.8000000000000003,11.700000000000001
2013,10,25,14,30,23,580,50.47,2.7,12.200000000000001
2013,10,25,15,30,22.6,410,52.730000000000004,2.5,12.5
2013,10,25,16,30,20.8,207,60.19,1.7000000000000002,12.8
2013,10,25,17,30,18.2,26,80.92,1.2000000000000002,14.9
2013,10,25,18,30,16.7,0,82.32000000000001,1.5,13.700000000000001
2013,10,25,19,30,16.3,0,81.99,1.8,13.200000000000001
2013,10,25,20,30,15.9,0,82.15,2.1,12.9
2013,10,25,21,30,15.5,0,82.69,2.3000000000000003,12.600000000000001
2013,10,25,22,30,15.200000000000001,0,83.5,2.7,12.4
2013,10,25,23,30,14.8,0,86.02,3,12.5
2013,10,26,0,30,14.4,0,89.34,3,12.700000000000001
2013,10,26,1,30,14,0,92.43,2.8000000000000003,12.8
2013,10,26,2,30,13.600000000000001,0,94.8,2.5,12.8
2013,10,26,3,30,13.200000000000001,0,96.51,2.2,12.700000000000001
2013,10,26,4,30,12.8,0,97.81,2.1,12.5
2013,10,26,5,30,12.600000000000001,0,97.67,2,12.200000000000001
2013,10,26,6,30,12.700000000000001,0,95.41,2.2,12
2013,10,26,7,30,13.9,22,87.78,2.7,11.9
2013,10,26,8,30,16.2,134,78.62,3,12.5
2013,10,26,9,30,19.3,208,70.79,3.6,13.9
2013,10,26,10,30,22.200000000000003,282,67.55,4.3,15.9
2013,10,26,11,30,24.1,209,64.87,4.5,17.1
2013,10,26,12,30,25,358,62.32,4.5,17.3
2013,10,26,13,30,25.1,664,61.940000000000005,4.2,17.3
2013,10,26,14,30,24.8,487,63.32,3.9000000000000004,17.400000000000002
2013,10,26,15,30,24.1,264,67.35,3.1,17.7
2013,10,26,16,30,22.6,188,78.86,2.2,18.7
2013,10,26,17,30,20.8,13,90.62,1.8,19.200000000000003
2013,10,26,18,30,19.900000000000002,0,91.93,1.9000000000000001,18.5
2013,10,26,19,30,19.700000000000003,0,92.4,2.2,18.400000000000002
2013,10,26,20,30,19.400000000000002,0,93.9,2.5,18.400000000000002
2013,10,26,21,30,18.900000000000002,0,96.76,2.4000000000000004,18.400000000000002
2013,10,26,22,30,18.2,0,100,1.7000000000000002,18.2
2013,10,26,23,30,17.7,0,100,1.3,17.7
2013,10,27,0,30,17.5,0,100,1.5,17.5
2013,10,27,1,30,17.3,0,100,1.6,17.3
2013,10,27,2,30,17.2,0,99.96000000000001,1.6,17.2
2013,10,27,3,30,17,0,100,1.6,17
2013,10,27,4,30,16.7,0,100,1.5,16.7
2013,10,27,5,30,16.1,0,100,1.3,16.1
2013,10,27,6,30,16,0,98.92,1.5,15.8
2013,10,27,7,30,16.8,108,94.45,2,15.9
2013,10,27,8,30,18.2,62,90.05,2.4000000000000004,16.5
2013,10,27,9,30,19.400000000000002,96,86.08,2.3000000000000003,17
2013,10,27,10,30,20.3,146,80.65,2.1,16.900000000000002
2013,10,27,11,30,20.900000000000002,212,76.79,2,16.7
2013,10,27,12,30,21.3,171,74.27,2,16.5
2013,10,27,13,30,21.5,220,72.71000000000001,1.9000000000000001,16.400000000000002
2013,10,27,14,30,21.5,233,71.99,1.7000000000000002,16.2
2013,10,27,15,30,21.1,199,72.77,1.5,16
2013,10,27,16,30,20.1,70,76.39,1.1,15.8
2013,10,27,17,30,18.6,20,87.58,0.7000000000000001,16.5
2013,10,27,18,30,17.1,0,90.58,0.7000000000000001,15.5
2013,10,27,19,30,16.1,0,93.56,0.7000000000000001,15.100000000000001
2013,10,27,20,30,15.3,0,97.26,0.7000000000000001,14.9
2013,10,27,21,30,14.600000000000001,0,100,0.8,14.600000000000001
2013,10,27,22,30,14.100000000000001,0,100,0.9,14.100000000000001
2013,10,27,23,30,13.700000000000001,0,100,0.9,13.700000000000001
2013,10,28,0,30,13.600000000000001,0,100,1,13.600000000000001
2013,10,28,1,30,13.600000000000001,0,100,1,13.600000000000001
2013,10,28,2,30,13.8,0,100,1.1,13.8
2013,10,28,3,30,14.3,0,100,1.2000000000000002,14.3
2013,10,28,4,30,14.8,0,100,1.2000000000000002,14.8
2013,10,28,5,30,15,0,100,1.2000000000000002,15
2013,10,28,6,30,15.600000000000001,0,98.38,1.5,15.3
2013,10,28,7,30,17,99,93.61,2.2,16
2013,10,28,8,30,19,102,87.94,2.8000000000000003,17
2013,10,28,9,30,21.400000000000002,189,82.77,3.1,18.3
2013,10,28,10,30,23.400000000000002,382,78.37,3.4000000000000004,19.400000000000002
2013,10,28,11,30,24.8,450,74.05,3.7,19.900000000000002
2013,10,28,12,30,25.6,449,71.41,3.9000000000000004,20
2013,10,28,13,30,25.700000000000003,356,70.94,4,20
2013,10,28,14,30,25.3,400,72.43,3.9000000000000004,20
2013,10,28,15,30,24.6,284,75.96000000000001,3.4000000000000004,20.1
2013,10,28,16,30,23.6,146,82.54,2.5,20.5
2013,10,28,17,30,22.400000000000002,9,89.85000000000001,2,20.700000000000003
2013,10,28,18,30,21.8,0,91.18,2.4000000000000004,20.3
2013,10,28,19,30,21.8,0,90.73,3.3000000000000003,20.200000000000003
2013,10,28,20,30,21.6,0,91.64,4,20.200000000000003
2013,10,28,21,30,21.1,0,94.04,4.1000000000000005,20.1
2013,10,28,22,30,20.400000000000002,0,97.60000000000001,3.7,20
2013,10,28,23,30,19.8,0,100,3.3000000000000003,19.8
2013,10,29,0,30,19.3,0,100,3,19.3
2013,10,29,1,30,19.1,0,100,2.9000000000000004,19.1
2013,10,29,2,30,19,0,100,2.8000000000000003,19
2013,10,29,3,30,18.900000000000002,0,100,2.9000000000000004,18.900000000000002
2013,10,29,4,30,18.8,0,100,2.9000000000000004,18.8
2013,10,29,5,30,18.7,0,100,2.8000000000000003,18.7
2013,10,29,6,30,18.900000000000002,0,98.81,3.1,18.7
2013,10,29,7,30,19.8,56,93.69,3.5,18.8
2013,10,29,8,30,21.200000000000003,48,88.89,3.9000000000000004,19.3
2013,10,29,9,30,22.900000000000002,49,84.11,4.4,20.1
2013,10,29,10,30,24.200000000000003,304,80.36,4.800000000000001,20.6
2013,10,29,11,30,25.200000000000003,376,77.33,4.800000000000001,20.900000000000002
2013,10,29,12,30,26,484,74.57000000000001,4.800000000000001,21.1
2013,10,29,13,30,26.400000000000002,407,72.7,4.6000000000000005,21.1
2013,10,29,14,30,26.3,350,72.85000000000001,4.3,21
2013,10,29,15,30,25.8,229,76.14,3.7,21.3
2013,10,29,16,30,24.6,97,83.97,3.1,21.700000000000003
2013,10,29,17,30,23.5,10,90.17,3.1,21.8
2013,10,29,18,30,22.900000000000002,0,92.62,3.4000000000000004,21.6
2013,10,29,19,30,22.3,0,95.75,3.5,21.6
2013,10,29,20,30,21.900000000000002,0,97.21000000000001,3.5,21.400000000000002
2013,10,29,21,30,21.6,0,97.60000000000001,3.7,21.200000000000003
2013,10,29,22,30,21.3,0,97.98,3.9000000000000004,21
2013,10,29,23,30,21.1,0,98.09,4.3,20.8
2013,10,30,0,30,21,0,97.73,4.7,20.6
2013,10,30,1,30,20.900000000000002,0,97.89,4.9,20.6
2013,10,30,2,30,20.8,0,98.06,4.7,20.5
2013,10,30,3,30,20.8,0,98.05,4.3,20.5
2013,10,30,4,30,20.900000000000002,0,97.71000000000001,4,20.5
2013,10,30,5,30,21,0,97.46000000000001,4.2,20.6
2013,10,30,6,30,21.200000000000003,0,97.12,4.6000000000000005,20.700000000000003
2013,10,30,7,30,21.700000000000003,23,95.99000000000001,5,21
2013,10,30,8,30,22.400000000000002,24,94.86,5.2,21.5
2013,10,30,9,30,23.5,36,92.75,5.4,22.3
2013,10,30,10,30,24.8,41,89.31,5.800000000000001,22.900000000000002
2013,10,30,11,30,26,165,84.72,6,23.200000000000003
2013,10,30,12,30,26.700000000000003,210,81.11,5.7,23.200000000000003
2013,10,30,13,30,26.6,302,81.96000000000001,5,23.3
2013,10,30,14,30,26.1,287,85.94,4.2,23.6
2013,10,30,15,30,25.400000000000002,232,91.9,3.7,24
2013,10,30,16,30,24.700000000000003,46,96.65,3.4000000000000004,24.1
2013,10,30,17,30,24.1,5,99.66,3,24
2013,10,30,18,30,23.8,0,100,2.5,23.8
2013,10,30,19,30,23.5,0,100,2,23.5
2013,10,30,20,30,23.3,0,100,1.8,23.3
2013,10,30,21,30,23,0,100,1.9000000000000001,23
2013,10,30,22,30,23,0,100,2.3000000000000003,23
2013,10,30,23,30,23,0,100,2.7,23
2013,10,31,0,30,23,0,99.81,2.9000000000000004,23
2013,10,31,1,30,22.8,0,100,3,22.8
2013,10,31,2,30,22.400000000000002,0,100,2.9000000000000004,22.400000000000002
2013,10,31,3,30,21.900000000000002,0,100,2.7,21.900000000000002
2013,10,31,4,30,21.3,0,99.21000000000001,2.5,21.200000000000003
2013,10,31,5,30,20.700000000000003,0,98.23,2.6,20.400000000000002
2013,10,31,6,30,20.3,0,96.8,3.1,19.8
2013,10,31,7,30,20.700000000000003,32,92.93,3.7,19.5
2013,10,31,8,30,21.8,244,88.32000000000001,4.4,19.8
2013,10,31,9,30,22.900000000000002,507,70.72,5,17.3
2013,10,31,10,30,23.5,658,49.45,5.300000000000001,12.3
2013,10,31,11,30,23.900000000000002,746,37.85,5.6000000000000005,8.700000000000001
2013,10,31,12,30,24.1,764,33.78,5.6000000000000005,7.2
2013,10,31,13,30,24.1,705,33.4,5.300000000000001,7
2013,10,31,14,30,23.700000000000003,582,35.160000000000004,4.7,7.4
2013,10,31,15,30,22.700000000000003,408,39.84,3.6,8.3
2013,10,31,16,30,20.3,203,54.26,2.2,10.8
2013,10,31,17,30,17.400000000000002,19,74.29,1.4000000000000001,12.8
2013,10,31,18,30,15.700000000000001,0,76.01,1.3,11.5
2013,10,31,19,30,15.200000000000001,0,76.21000000000001,1.2000000000000002,11
2013,10,31,20,30,14.9,0,74.68,1.1,10.4
2013,10,31,21,30,14.700000000000001,0,72.34,1.1,9.8
2013,10,31,22,30,14.4,0,71.12,1.1,9.200000000000001
2013,10,31,23,30,14.100000000000001,0,70.48,1,8.8
2013,11,1,0,30,13.600000000000001,0,71.2,1,8.5
2013,11,1,1,30,12.8,0,74.28,1.1,8.3
2013,11,1,2,30,11.700000000000001,0,79.81,1.1,8.3
2013,11,1,3,30,10.700000000000001,0,85.46000000000001,1.2000000000000002,8.4
2013,11,1,4,30,10.200000000000001,0,88.67,1.4000000000000001,8.4
2013,11,1,5,30,9.9,0,91.31,1.6,8.5
2013,11,1,6,30,10.200000000000001,0,90.4,2.2,8.700000000000001
2013,11,1,7,30,11.8,114,83.32000000000001,3,9.1
2013,11,1,8,30,14.600000000000001,318,72.21000000000001,3.4000000000000004,9.700000000000001
2013,11,1,9,30,17.900000000000002,505,61.33,3.8000000000000003,10.4
2013,11,1,10,30,20.900000000000002,647,50.15,4.5,10.100000000000001
2013,11,1,11,30,22.900000000000002,728,44.04,4.800000000000001,10
2013,11,1,12,30,24.200000000000003,740,40.53,4.800000000000001,9.9
2013,11,1,13,30,24.900000000000002,686,38.300000000000004,4.6000000000000005,9.700000000000001
2013,11,1,14,30,24.900000000000002,569,37.57,3.9000000000000004,9.4
2013,11,1,15,30,23.700000000000003,397,42.480000000000004,3,10.200000000000001
2013,11,1,16,30,20.900000000000002,195,56.95,2.5,12.100000000000001
2013,11,1,17,30,18.1,16,63.15,3,11
2013,11,1,18,30,16.900000000000002,0,59.06,4,8.9
2013,11,1,19,30,16.3,0,61.410000000000004,4.6000000000000005,8.9
2013,11,1,20,30,15.8,0,65.78,4.7,9.4
2013,11,1,21,30,15,0,69.92,4.6000000000000005,9.600000000000001
2013,11,1,22,30,14.100000000000001,0,72.36,4.3,9.200000000000001
2013,11,1,23,30,13.100000000000001,0,72.78,4,8.3
2013,11,2,0,30,12,0,73.11,3.6,7.300000000000001
2013,11,2,1,30,10.9,0,75.34,3.2,6.7
2013,11,2,2,30,10,0,77.98,2.8000000000000003,6.300000000000001
2013,11,2,3,30,9.3,0,80.49,2.4000000000000004,6.1000000000000005
2013,11,2,4,30,8.8,0,81.95,2.3000000000000003,5.9
2013,11,2,5,30,8.4,0,82.59,2.2,5.6000000000000005
2013,11,2,6,30,8.5,0,80.74,2.5,5.4
2013,11,2,7,30,10,116,72.71000000000001,3.1,5.300000000000001
2013,11,2,8,30,12.700000000000001,324,62.71,3.4000000000000004,5.800000000000001
2013,11,2,9,30,15.700000000000001,510,54.410000000000004,3.8000000000000003,6.5
2013,11,2,10,30,18,653,45.63,4.1000000000000005,6.1000000000000005
2013,11,2,11,30,19.200000000000003,735,41,4.3,5.6000000000000005
2013,11,2,12,30,19.8,749,37.81,4.4,5
2013,11,2,13,30,19.900000000000002,694,35.62,4.5,4.2
2013,11,2,14,30,19.700000000000003,574,34.6,4.3,3.6
2013,11,2,15,30,18.900000000000002,401,35.49,3.5,3.3000000000000003
2013,11,2,16,30,16.5,196,45.75,2.1,4.800000000000001
2013,11,2,17,30,13.4,16,69.87,1.3,8
2013,11,2,18,30,12,0,69.76,1.2000000000000002,6.6000000000000005
2013,11,2,19,30,11.5,0,68.8,1.2000000000000002,6
2013,11,2,20,30,10.8,0,68.82000000000001,1.2000000000000002,5.300000000000001
2013,11,2,21,30,9.8,0,72.24,1.2000000000000002,5
2013,11,2,22,30,8.9,0,75.84,1.3,4.9
2013,11,2,23,30,8.1,0,79.22,1.3,4.7
2013,11,3,0,30,7.5,0,81.97,1.4000000000000001,4.6000000000000005
2013,11,3,1,30,6.9,0,84.96000000000001,1.5,4.5
2013,11,3,2,30,6.4,0,87.59,1.5,4.5
2013,11,3,3,30,6,0,89.43,1.5,4.4
2013,11,3,4,30,5.7,0,90.49,1.5,4.3
2013,11,3,5,30,5.5,0,91.24,1.7000000000000002,4.2
2013,11,3,6,30,5.9,0,88.72,2,4.2
2013,11,3,7,30,7.7,114,80.86,2.1,4.6000000000000005
2013,11,3,8,30,10.700000000000001,321,69.54,2,5.4
2013,11,3,9,30,14,510,60.58,2.8000000000000003,6.5
2013,11,3,10,30,16.2,653,47.22,3.7,4.9
2013,11,3,11,30,17.2,735,43.87,3.5,4.800000000000001
2013,11,3,12,30,17.8,746,42.93,3.3000000000000003,5
2013,11,3,13,30,17.7,690,43.410000000000004,3.3000000000000003,5.1000000000000005
2013,11,3,14,30,17.3,540,45.04,3.5,5.300000000000001
2013,11,3,15,30,16.6,298,49.08,3.3000000000000003,5.9
2013,11,3,16,30,15.200000000000001,173,59.370000000000005,2.6,7.300000000000001
2013,11,3,17,30,13,5,75.78,1.9000000000000001,8.8
2013,11,3,18,30,11.600000000000001,0,83.02,1.7000000000000002,8.8
2013,11,3,19,30,11.8,0,81.88,2,8.8
2013,11,3,20,30,12.3,0,80.82000000000001,2.4000000000000004,9.1
2013,11,3,21,30,12.4,0,81.09,3.1,9.200000000000001
2013,11,3,22,30,12.100000000000001,0,83.67,3.6,9.4
2013,11,3,23,30,11.8,0,87.68,3.8000000000000003,9.8
2013,11,4,0,30,11.700000000000001,0,90.68,3.6,10.200000000000001
2013,11,4,1,30,11.600000000000001,0,92.8,3.3000000000000003,10.5
2013,11,4,2,30,11.600000000000001,0,93.38,3,10.600000000000001
2013,11,4,3,30,11.5,0,94.2,2.7,10.600000000000001
2013,11,4,4,30,11.5,0,94.46000000000001,2.5,10.600000000000001
2013,11,4,5,30,11.5,0,94.62,2.4000000000000004,10.700000000000001
2013,11,4,6,30,11.5,0,94.83,2.5,10.700000000000001
2013,11,4,7,30,11.9,8,92.86,2.7,10.8
2013,11,4,8,30,12.600000000000001,40,91.3,2.9000000000000004,11.200000000000001
2013,11,4,9,30,14.100000000000001,66,87.3,3.3000000000000003,12
2013,11,4,10,30,16.2,98,83.37,3.8000000000000003,13.4
2013,11,4,11,30,18.400000000000002,239,79.25,4,14.700000000000001
2013,11,4,12,30,19.900000000000002,187,75.82000000000001,4,15.5
2013,11,4,13,30,20.5,139,75.58,3.6,16
2013,11,4,14,30,20.400000000000002,72,78.29,2.8000000000000003,16.5
2013,11,4,15,30,19.700000000000003,76,85.03,1.8,17.1
2013,11,4,16,30,18.7,8,94.69,1.5,17.8
2013,11,4,17,30,18,0,98.24000000000001,2.1,17.7
2013,11,4,18,30,17.7,0,99.13,2.9000000000000004,17.6
2013,11,4,19,30,17.8,0,98.52,3.6,17.6
2013,11,4,20,30,17.8,0,98.39,4.3,17.5
2013,11,4,21,30,17.8,0,98.27,4.5,17.5
2013,11,4,22,30,17.7,0,98.18,4.4,17.400000000000002
2013,11,4,23,30,17.400000000000002,0,98.84,4.1000000000000005,17.2
2013,11,5,0,30,17.3,0,98.09,3.9000000000000004,17
2013,11,5,1,30,17.1,0,98.36,3.6,16.8
2013,11,5,2,30,17,0,98.19,3.5,16.7
2013,11,5,3,30,17,0,98.02,3.6,16.7
2013,11,5,4,30,17.1,0,97.58,3.6,16.7
2013,11,5,5,30,17,0,98.25,3.5,16.7
2013,11,5,6,30,17.1,0,97.82000000000001,3.4000000000000004,16.8
2013,11,5,7,30,17.7,86,95.02,3.4000000000000004,16.900000000000002
2013,11,5,8,30,19,69,91.79,3.6,17.6
2013,11,5,9,30,20.700000000000003,83,87.60000000000001,3.8000000000000003,18.6
2013,11,5,10,30,22.400000000000002,61,82.31,4.2,19.200000000000003
2013,11,5,11,30,23.700000000000003,163,77.46000000000001,4.4,19.5
2013,11,5,12,30,24.400000000000002,139,74.55,4.5,19.6
2013,11,5,13,30,24.6,151,73.75,4.4,19.6
2013,11,5,14,30,24.400000000000002,38,75.25,4.2,19.700000000000003
2013,11,5,15,30,23.900000000000002,346,79.3,3.7,20.1
2013,11,5,16,30,22.8,81,87.81,2.8000000000000003,20.700000000000003
2013,11,5,17,30,21.700000000000003,0,95.95,2.3000000000000003,21
2013,11,5,18,30,21.1,0,99.43,2.5,21
2013,11,5,19,30,20.900000000000002,0,100,2.6,20.900000000000002
2013,11,5,20,30,20.8,0,100,2.7,20.8
2013,11,5,21,30,20.8,0,99.52,2.9000000000000004,20.700000000000003
2013,11,5,22,30,20.8,0,98.92,3.2,20.6
2013,11,5,23,30,20.700000000000003,0,98.75,3.2,20.5
2013,11,6,0,30,20.5,0,98.95,2.9000000000000004,20.3
2013,11,6,1,30,20.3,0,98.91,2.8000000000000003,20.1
2013,11,6,2,30,20.200000000000003,0,98.78,2.8000000000000003,20
2013,11,6,3,30,20,0,99.32000000000001,2.6,19.900000000000002
2013,11,6,4,30,19.400000000000002,0,100,2.6,19.400000000000002
2013,11,6,5,30,17.7,0,100,3.7,17.7
2013,11,6,6,30,14.600000000000001,0,100,5.300000000000001,14.600000000000001
2013,11,6,7,30,12.3,9,93.41,6.1000000000000005,11.3
2013,11,6,8,30,12.200000000000001,24,76.64,6.2,8.200000000000001
2013,11,6,9,30,13.5,206,66.51,6.1000000000000005,7.4
2013,11,6,10,30,14.9,98,58.68,6.1000000000000005,6.9
2013,11,6,11,30,16.1,49,52.65,6,6.4
2013,11,6,12,30,17,171,48.56,5.800000000000001,6.1000000000000005
2013,11,6,13,30,17.400000000000002,292,46.300000000000004,5.7,5.800000000000001
2013,11,6,14,30,17.400000000000002,352,44.5,5.5,5.2
2013,11,6,15,30,16.7,366,44.53,5,4.6000000000000005
2013,11,6,16,30,15.200000000000001,172,47.61,3.8000000000000003,4.1000000000000005
2013,11,6,17,30,13.3,0,56.620000000000005,2.8000000000000003,4.9
2013,11,6,18,30,11.700000000000001,0,65.14,2.4000000000000004,5.4
2013,11,6,19,30,10.5,0,69.37,2.2,5.1000000000000005
2013,11,6,20,30,9.700000000000001,0,71.83,2.3000000000000003,4.9
2013,11,6,21,30,9,0,72.54,2.6,4.3
2013,11,6,22,30,8.4,0,72.87,2.9000000000000004,3.8000000000000003
2013,11,6,23,30,7.7,0,75.06,3,3.6
2013,11,7,0,30,7,0,77.96000000000001,3,3.4000000000000004
2013,11,7,1,30,6.5,0,80.26,3,3.3000000000000003
2013,11,7,2,30,6,0,82.71000000000001,2.9000000000000004,3.3000000000000003
2013,11,7,3,30,5.5,0,85.57000000000001,2.5,3.3000000000000003
2013,11,7,4,30,5.1000000000000005,0,87.83,2.2,3.2
2013,11,7,5,30,4.9,0,88.54,2.3000000000000003,3.2
2013,11,7,6,30,5,0,87.14,2.6,3
2013,11,7,7,30,5.9,65,81.4,3,3
2013,11,7,8,30,8.200000000000001,222,69.75,3.3000000000000003,3
2013,11,7,9,30,10.700000000000001,496,57.2,3.4000000000000004,2.6
2013,11,7,10,30,12.700000000000001,635,48.78,3.6,2.2
2013,11,7,11,30,14,717,44.85,3.6,2.2
2013,11,7,12,30,15,613,42.980000000000004,3.6,2.5
2013,11,7,13,30,15.4,673,43.050000000000004,3.4000000000000004,2.9000000000000004
2013,11,7,14,30,15.4,554,44.03,3.1,3.2
2013,11,7,15,30,14.700000000000001,382,47.62,2.4000000000000004,3.7
2013,11,7,16,30,13,160,64.6,1.4000000000000001,6.5
2013,11,7,17,30,11.4,0,77.62,1.1,7.6000000000000005
2013,11,7,18,30,10.8,0,77.38,1.1,7
2013,11,7,19,30,10.8,0,75.78,1,6.7
2013,11,7,20,30,10.8,0,73.17,1,6.2
2013,11,7,21,30,10.700000000000001,0,71.45,0.9,5.7
2013,11,7,22,30,10.600000000000001,0,70.28,0.9,5.4
2013,11,7,23,30,10.3,0,70.05,0.8,5.1000000000000005
2013,11,8,0,30,10,0,70.63,0.8,4.9
2013,11,8,1,30,9.600000000000001,0,72.43,0.8,4.9
2013,11,8,2,30,9.4,0,73.02,0.8,4.800000000000001
2013,11,8,3,30,9.4,0,72.01,0.8,4.6000000000000005
2013,11,8,4,30,9.4,0,70.76,0.8,4.4
2013,11,8,5,30,9.200000000000001,0,71.29,0.8,4.3
2013,11,8,6,30,9.1,0,71.57000000000001,0.8,4.2
2013,11,8,7,30,10,40,72.29,0.9,5.2
2013,11,8,8,30,11.5,73,69.55,1.2000000000000002,6.1000000000000005
2013,11,8,9,30,12.9,268,62.29,1.6,5.9
2013,11,8,10,30,14.4,459,56.92,2.2,6
2013,11,8,11,30,15.5,552,51.980000000000004,2.7,5.7
2013,11,8,12,30,16,455,49.69,2.8000000000000003,5.5
2013,11,8,13,30,16.1,288,48.910000000000004,2.6,5.4
2013,11,8,14,30,15.700000000000001,355,49.72,2.2,5.2
2013,11,8,15,30,14.9,158,55.71,1.4000000000000001,6.1000000000000005
2013,11,8,16,30,13.700000000000001,79,73.22,0.9,9
2013,11,8,17,30,12.600000000000001,0,78.32000000000001,0.9,8.9
2013,11,8,18,30,12,0,78.36,1,8.3
2013,11,8,19,30,11.8,0,78.52,1,8.200000000000001
2013,11,8,20,30,11.700000000000001,0,78.64,1.1,8.1
2013,11,8,21,30,11.600000000000001,0,78.39,1.3,8
2013,11,8,22,30,11.5,0,77.62,1.5,7.7
2013,11,8,23,30,11.5,0,76.69,1.8,7.5
2013,11,9,0,30,11.3,0,78.13,1.8,7.6000000000000005
2013,11,9,1,30,11,0,81.63,1.6,8
2013,11,9,2,30,10.9,0,83.27,1.4000000000000001,8.200000000000001
2013,11,9,3,30,10.8,0,85.09,1.2000000000000002,8.4
2013,11,9,4,30,10.8,0,86.15,1.2000000000000002,8.6
2013,11,9,5,30,10.600000000000001,0,87.27,1.2000000000000002,8.6
2013,11,9,6,30,10.700000000000001,0,86.13,1.4000000000000001,8.5
2013,11,9,7,30,11.5,26,81.39,2,8.4
2013,11,9,8,30,13.3,79,71.8,2.6,8.3
2013,11,9,9,30,15.600000000000001,338,62.190000000000005,3,8.4
2013,11,9,10,30,17.7,452,52.56,3.4000000000000004,7.9
2013,11,9,11,30,19.1,507,48.13,3.6,7.9
2013,11,9,12,30,19.900000000000002,410,47.39,3.7,8.4
2013,11,9,13,30,20.3,627,48.120000000000005,3.6,9
2013,11,9,14,30,20.3,514,50.120000000000005,3.4000000000000004,9.600000000000001
2013,11,9,15,30,19.700000000000003,350,54.02,2.9000000000000004,10.100000000000001
2013,11,9,16,30,17.6,63,65.29,2,11
2013,11,9,17,30,15.100000000000001,0,83.21000000000001,1.6,12.3
2013,11,9,18,30,13.9,0,86.05,1.8,11.600000000000001
2013,11,9,19,30,13.3,0,88.74,2,11.5
2013,11,9,20,30,12.5,0,92.46000000000001,2.1,11.3
2013,11,9,21,30,11.8,0,94.85000000000001,2.1,11
2013,11,9,22,30,11,0,97.15,1.9000000000000001,10.600000000000001
2013,11,9,23,30,10.3,0,98.60000000000001,1.7000000000000002,10.100000000000001
2013,11,10,0,30,9.600000000000001,0,99.99000000000001,1.5,9.600000000000001
2013,11,10,1,30,9.1,0,100,1.3,9.1
2013,11,10,2,30,8.700000000000001,0,100,1.1,8.700000000000001
2013,11,10,3,30,8.4,0,100,1,8.4
2013,11,10,4,30,8.1,0,100,1,8.1
2013,11,10,5,30,8,0,100,1,8
2013,11,10,6,30,8.200000000000001,0,100,1.2000000000000002,8.200000000000001
2013,11,10,7,30,10,24,88.88,1.9000000000000001,8.3
2013,11,10,8,30,12.700000000000001,91,75.8,2.2,8.5
2013,11,10,9,30,15.9,152,65.73,2.1,9.5
2013,11,10,10,30,18.5,185,57.49,2.3000000000000003,9.9
2013,11,10,11,30,19.8,348,56.94,2.3000000000000003,11
2013,11,10,12,30,20.5,371,56.51,2.3000000000000003,11.600000000000001
2013,11,10,13,30,20.8,589,56.300000000000004,2.1,11.8
2013,11,10,14,30,20.700000000000003,476,56.71,2,11.8
2013,11,10,15,30,20,346,58.86,1.8,11.700000000000001
2013,11,10,16,30,17.8,154,69.86,1.3,12.200000000000001
2013,11,10,17,30,15.100000000000001,0,87.36,1.1,13
2013,11,10,18,30,13.600000000000001,0,86.03,1.2000000000000002,11.3
2013,11,10,19,30,12.700000000000001,0,86.64,1.2000000000000002,10.5
2013,11,10,20,30,12,0,86.60000000000001,1.2000000000000002,9.8
2013,11,10,21,30,11.4,0,86.55,1.1,9.200000000000001
2013,11,10,22,30,10.9,0,86.54,1.1,8.700000000000001
2013,11,10,23,30,10.5,0,86.37,1.1,8.3
2013,11,11,0,30,10.200000000000001,0,85.97,1.1,8
2013,11,11,1,30,10,0,85.41,1,7.7
2013,11,11,2,30,9.700000000000001,0,86.2,1,7.5
2013,11,11,3,30,9.5,0,87.08,0.9,7.5
2013,11,11,4,30,9.4,0,87.82000000000001,0.8,7.5
2013,11,11,5,30,9.200000000000001,0,89.18,0.8,7.5
2013,11,11,6,30,9.3,0,88.75,0.7000000000000001,7.5
2013,11,11,7,30,10.600000000000001,81,82.29,0.9,7.7
2013,11,11,8,30,12.9,273,75.13,1,8.6
2013,11,11,9,30,16,452,65.27,0.7000000000000001,9.5
2013,11,11,10,30,19.1,590,56.050000000000004,0.6000000000000001,10.100000000000001
2013,11,11,11,30,20.6,669,52.120000000000005,0.7000000000000001,10.4
2013,11,11,12,30,21.400000000000002,684,51.38,0.7000000000000001,11
2013,11,11,13,30,21.8,578,51.6,0.7000000000000001,11.4
2013,11,11,14,30,21.8,438,52.300000000000004,0.7000000000000001,11.600000000000001
2013,11,11,15,30,21.3,352,54.620000000000005,0.7000000000000001,11.8
2013,11,11,16,30,19.700000000000003,108,64.58,0.8,12.8
2013,11,11,17,30,17.5,0,77.06,0.9,13.4
2013,11,11,18,30,16,0,77.55,1,12.100000000000001
2013,11,11,19,30,15.200000000000001,0,79.61,1.1,11.700000000000001
2013,11,11,20,30,14.5,0,80.5,1.1,11.200000000000001
2013,11,11,21,30,13.9,0,81.25,1.1,10.700000000000001
2013,11,11,22,30,13.5,0,80.65,1.1,10.200000000000001
2013,11,11,23,30,13.200000000000001,0,80.01,1.1,9.8
2013,11,12,0,30,13.100000000000001,0,78.84,1,9.5
2013,11,12,1,30,12.700000000000001,0,79.83,1,9.3
2013,11,12,2,30,12,0,83.66,1.1,9.3
2013,11,12,3,30,11.9,0,86.35000000000001,2,9.700000000000001
2013,11,12,4,30,12.3,0,85.31,3.9000000000000004,9.9
2013,11,12,5,30,11.8,0,86.05,5.7,9.5
2013,11,12,6,30,10.3,0,83.14,6.6000000000000005,7.6000000000000005
2013,11,12,7,30,9.5,70,69.59,7.1000000000000005,4.2
2013,11,12,8,30,9.9,54,58.45,7.6000000000000005,2.1
2013,11,12,9,30,10.5,107,55.02,7.7,1.8
2013,11,12,10,30,11.200000000000001,163,52.03,7.5,1.7000000000000002
2013,11,12,11,30,12.100000000000001,225,48.28,7.300000000000001,1.5
2013,11,12,12,30,13.100000000000001,680,45.13,7.1000000000000005,1.5
2013,11,12,13,30,13.600000000000001,634,43.78,7,1.5
2013,11,12,14,30,13.5,522,43.03,6.7,1.2000000000000002
2013,11,12,15,30,12.600000000000001,356,42.6,6.2,0.2
2013,11,12,16,30,11,163,42.72,5.2,-1.2000000000000002
2013,11,12,17,30,8.8,0,45.61,4.1000000000000005,-2.3000000000000003
2013,11,12,18,30,7,0,50.13,3.6,-2.7
2013,11,12,19,30,5.7,0,52.870000000000005,3.5,-3.2
2013,11,12,20,30,4.6000000000000005,0,54.620000000000005,3.5,-3.8000000000000003
2013,11,12,21,30,3.5,0,57.480000000000004,3.4000000000000004,-4.1000000000000005
2013,11,12,22,30,2.6,0,60.72,3.3000000000000003,-4.2
2013,11,12,23,30,1.7000000000000002,0,64.44,3.2,-4.3
2013,11,13,0,30,1,0,67.72,3.1,-4.3
2013,11,13,1,30,0.4,0,71.17,2.9000000000000004,-4.2
2013,11,13,2,30,-0.30000000000000004,0,75.73,2.6,-4.1000000000000005
2013,11,13,3,30,-0.9,0,79.88,2.4000000000000004,-3.9000000000000004
2013,11,13,4,30,-1.5,0,84.32000000000001,2.1,-3.8000000000000003
2013,11,13,5,30,-2.1,0,88.74,1.8,-3.7
2013,11,13,6,30,-2.2,0,89.57000000000001,1.7000000000000002,-3.7
2013,11,13,7,30,-0.7000000000000001,90,81.59,2,-3.5
2013,11,13,8,30,2.4000000000000004,295,67.04,2.4000000000000004,-3.1
2013,11,13,9,30,5.4,486,43.22,2.4000000000000004,-6.1000000000000005
2013,11,13,10,30,7.4,623,35.660000000000004,2.2,-6.800000000000001
2013,11,13,11,30,9,707,33.57,2.1,-6.2
2013,11,13,12,30,10.3,723,32.46,2.1,-5.5
2013,11,13,13,30,11,668,32.05,2.1,-5.1000000000000005
2013,11,13,14,30,11.200000000000001,549,32.6,2.1,-4.7
2013,11,13,15,30,10.8,373,33.730000000000004,2,-4.6000000000000005
2013,11,13,16,30,8.700000000000001,170,40.42,1.4000000000000001,-4
2013,11,13,17,30,5.9,0,68.52,1,0.5
2013,11,13,18,30,4.3,0,70.14,1.2000000000000002,-0.7000000000000001
2013,11,13,19,30,3.6,0,72.05,1.2000000000000002,-1
2013,11,13,20,30,2.9000000000000004,0,74.41,1.2000000000000002,-1.2000000000000002
2013,11,13,21,30,2.3000000000000003,0,76.7,1.2000000000000002,-1.4000000000000001
2013,11,13,22,30,1.7000000000000002,0,79.03,1.3,-1.5
2013,11,13,23,30,1.2000000000000002,0,80.93,1.3,-1.7000000000000002
2013,11,14,0,30,0.7000000000000001,0,82.89,1.3,-1.9000000000000001
2013,11,14,1,30,0.2,0,85.08,1.3,-2
2013,11,14,2,30,-0.30000000000000004,0,87.34,1.2000000000000002,-2.1
2013,11,14,3,30,-0.6000000000000001,0,88.55,1.2000000000000002,-2.3000000000000003
2013,11,14,4,30,-0.8,0,90.15,1.2000000000000002,-2.2
2013,11,14,5,30,-0.7000000000000001,0,90.94,1.2000000000000002,-2
2013,11,14,6,30,-0.30000000000000004,0,89.54,1.3,-1.8
2013,11,14,7,30,1.3,43,82.49,1.8,-1.4000000000000001
2013,11,14,8,30,4.1000000000000005,111,70.28,2.1,-0.8
2013,11,14,9,30,7.300000000000001,141,58.96,2.4000000000000004,-0.2
2013,11,14,10,30,10.200000000000001,422,44.81,3,-1.3
2013,11,14,11,30,12.100000000000001,509,40.52,3.4000000000000004,-0.9
2013,11,14,12,30,13.5,687,38.84,3.6,-0.30000000000000004
2013,11,14,13,30,14.4,627,37.96,3.8000000000000003,0.2
2013,11,14,14,30,14.600000000000001,506,39.14,3.6,0.8
2013,11,14,15,30,13.9,282,43.86,2.9000000000000004,1.8
2013,11,14,16,30,12.3,94,58,2.2,4.3
2013,11,14,17,30,11.3,0,65.16,2.4000000000000004,5
2013,11,14,18,30,11.100000000000001,0,67.57000000000001,2.8000000000000003,5.300000000000001
2013,11,14,19,30,10.9,0,71.21000000000001,3,5.9
2013,11,14,20,30,10.5,0,76.74,3,6.6000000000000005
2013,11,14,21,30,10,0,82.89,2.7,7.2
2013,11,14,22,30,9.700000000000001,0,87.22,2.7,7.7
2013,11,14,23,30,9.600000000000001,0,89.59,3,8
2013,11,15,0,30,9.5,0,91.51,3.2,8.200000000000001
2013,11,15,1,30,9.1,0,94.81,2.8000000000000003,8.3
2013,11,15,2,30,8.6,0,98.21000000000001,2.3000000000000003,8.3
2013,11,15,3,30,8,0,100,1.9000000000000001,8
2013,11,15,4,30,7.7,0,100,1.7000000000000002,7.7
2013,11,15,5,30,7.5,0,100,1.7000000000000002,7.5
2013,11,15,6,30,7.7,0,100,1.9000000000000001,7.7
2013,11,15,7,30,9.200000000000001,66,93.53,2.5,8.200000000000001
2013,11,15,8,30,12,60,80.23,2.9000000000000004,8.700000000000001
2013,11,15,9,30,15.200000000000001,149,70.81,3.4000000000000004,9.9
2013,11,15,10,30,18.2,575,65.09,4,11.5
2013,11,15,11,30,20.3,656,60.43,3.9000000000000004,12.4
2013,11,15,12,30,21.8,674,56.71,3.6,12.8
2013,11,15,13,30,22.6,622,55.6,3.2,13.3
2013,11,15,14,30,22.8,509,56.43,3.1,13.700000000000001
2013,11,15,15,30,22.1,345,60.78,2.7,14.200000000000001
2013,11,15,16,30,19.6,152,77.52,2.1,15.600000000000001
2013,11,15,17,30,17.400000000000002,0,87.95,2.2,15.4
2013,11,15,18,30,16.7,0,90.92,2.6,15.200000000000001
2013,11,15,19,30,16.1,0,95.41,2.7,15.4
2013,11,15,20,30,15.4,0,100,2.8000000000000003,15.4
2013,11,15,21,30,15,0,100,3,15
2013,11,15,22,30,14.600000000000001,0,100,3.1,14.600000000000001
2013,11,15,23,30,14.4,0,100,3.3000000000000003,14.4
2013,11,16,0,30,14.4,0,100,3.3000000000000003,14.4
2013,11,16,1,30,14.3,0,100,3.3000000000000003,14.3
2013,11,16,2,30,14.200000000000001,0,100,3.1,14.200000000000001
2013,11,16,3,30,14.100000000000001,0,100,3,14.100000000000001
2013,11,16,4,30,14,0,100,3,14
2013,11,16,5,30,14.200000000000001,0,100,3.1,14.200000000000001
2013,11,16,6,30,14.5,0,100,3.3000000000000003,14.5
2013,11,16,7,30,15.8,30,93.16,3.7,14.700000000000001
2013,11,16,8,30,18.1,144,84.9,4.5,15.5
2013,11,16,9,30,20.8,146,78.66,5.4,17
2013,11,16,10,30,23,262,72.69,6,17.8
2013,11,16,11,30,24.5,488,67.95,6.300000000000001,18.2
2013,11,16,12,30,25.200000000000003,428,66.61,6.300000000000001,18.5
2013,11,16,13,30,25.3,262,67.97,5.9,19
2013,11,16,14,30,24.8,168,72.31,5.1000000000000005,19.5
2013,11,16,15,30,24.200000000000003,130,77.55,4.3,20
2013,11,16,16,30,23.400000000000002,60,83.51,3.9000000000000004,20.400000000000002
2013,11,16,17,30,22.6,0,88.28,3.9000000000000004,20.6
2013,11,16,18,30,22.200000000000003,0,91.15,4.3,20.700000000000003
2013,11,16,19,30,21.900000000000002,0,93.71000000000001,4.7,20.8
2013,11,16,20,30,21.6,0,96.09,4.9,20.900000000000002
2013,11,16,21,30,21.3,0,98.25,4.9,21
2013,11,16,22,30,21,0,99.81,4.7,21
2013,11,16,23,30,20.8,0,100,4.6000000000000005,20.8
2013,11,17,0,30,20.700000000000003,0,100,4.2,20.700000000000003
2013,11,17,1,30,20.5,0,100,3.9000000000000004,20.5
2013,11,17,2,30,20.400000000000002,0,100,4,20.400000000000002
2013,11,17,3,30,20.6,0,99.74000000000001,4.4,20.6
2013,11,17,4,30,20.6,0,100,4.5,20.6
2013,11,17,5,30,20.3,0,100,4.2,20.3
2013,11,17,6,30,20.1,0,100,4,20.1
2013,11,17,7,30,20.6,60,95.64,4,19.900000000000002
2013,11,17,8,30,22.200000000000003,241,87.25,4.4,20
2013,11,17,9,30,24.200000000000003,421,77.25,4.5,20
2013,11,17,10,30,26.200000000000003,561,65.61,4.2,19.3
2013,11,17,11,30,27.5,642,54.34,3.7,17.5
2013,11,17,12,30,28.1,660,45.660000000000004,3.2,15.3
2013,11,17,13,30,28.3,612,41.68,2.7,14
2013,11,17,14,30,28.1,501,40.69,2,13.5
2013,11,17,15,30,27.400000000000002,341,44.050000000000004,1.3,14.100000000000001
2013,11,17,16,30,25.900000000000002,151,52.34,0.9,15.4
2013,11,17,17,30,24.6,0,51.18,0.7000000000000001,13.8
2013,11,17,18,30,23.8,0,45.76,0.7000000000000001,11.4
2013,11,17,19,30,22.6,0,48.94,0.8,11.3
2013,11,17,20,30,21.6,0,52.18,0.9,11.4
2013,11,17,21,30,20.400000000000002,0,55.22,0.8,11.100000000000001
2013,11,17,22,30,18.8,0,60.7,0.7000000000000001,11
2013,11,17,23,30,17,0,68.1,1,11.100000000000001
2013,11,18,0,30,15.4,0,75.26,1.8,11
2013,11,18,1,30,14.4,0,80.71000000000001,2.9000000000000004,11.100000000000001
2013,11,18,2,30,13.8,0,83.27,3.9000000000000004,11
2013,11,18,3,30,13.200000000000001,0,85.12,4.1000000000000005,10.8
2013,11,18,4,30,12.5,0,84.25,3.6,9.9
2013,11,18,5,30,11.700000000000001,0,80.65,3,8.5
2013,11,18,6,30,11.3,0,75.27,2.8000000000000003,7.1000000000000005
2013,11,18,7,30,12.4,25,67.25,3.3000000000000003,6.5
2013,11,18,8,30,14.700000000000001,190,58.300000000000004,3.9000000000000004,6.6000000000000005
2013,11,18,9,30,17.1,391,50.03,4.5,6.6000000000000005
2013,11,18,10,30,19.1,562,43.87,4.6000000000000005,6.5
2013,11,18,11,30,20.700000000000003,640,40.730000000000004,4.4,6.9
2013,11,18,12,30,21.700000000000003,652,40.06,4,7.5
2013,11,18,13,30,22.200000000000003,482,40.93,3.7,8.3
2013,11,18,14,30,22.1,467,42.96,3.5,8.9
2013,11,18,15,30,21.1,199,46.660000000000004,3.1,9.200000000000001
2013,11,18,16,30,18.8,139,58.33,2.4000000000000004,10.4
2013,11,18,17,30,16.7,0,69.21000000000001,2.4000000000000004,11
2013,11,18,18,30,15.700000000000001,0,69.41,2.9000000000000004,10.100000000000001
2013,11,18,19,30,15,0,70.60000000000001,3,9.700000000000001
2013,11,18,20,30,14.4,0,72.49,3,9.5
2013,11,18,21,30,14,0,74.04,3,9.4
2013,11,18,22,30,13.5,0,76.65,2.9000000000000004,9.5
2013,11,18,23,30,12.9,0,79.55,2.7,9.4
2013,11,19,0,30,12.3,0,82.18,2.5,9.3
2013,11,19,1,30,11.700000000000001,0,84.14,2.2,9.1
2013,11,19,2,30,11.200000000000001,0,85.49,2,8.9
2013,11,19,3,30,10.8,0,86.19,1.8,8.6
2013,11,19,4,30,10.200000000000001,0,87.46000000000001,1.7000000000000002,8.200000000000001
2013,11,19,5,30,9.700000000000001,0,86.94,1.6,7.6000000000000005
2013,11,19,6,30,9.600000000000001,0,83.14,1.8,6.9
2013,11,19,7,30,11,61,73.51,2.6,6.4
2013,11,19,8,30,13.5,246,61.31,3.6,6.2
2013,11,19,9,30,15.5,423,50.59,4.3,5.300000000000001
2013,11,19,10,30,17.2,560,44.59,4.3,5
2013,11,19,11,30,18.5,640,42.58,3.9000000000000004,5.5
2013,11,19,12,30,19.3,654,42.88,3.5,6.4
2013,11,19,13,30,19.8,602,44.1,3.3000000000000003,7.2
2013,11,19,14,30,19.8,490,46.21,3.2,7.9
2013,11,19,15,30,19.1,330,49.94,2.8000000000000003,8.4
2013,11,19,16,30,16.900000000000002,142,62.120000000000005,1.9000000000000001,9.600000000000001
2013,11,19,17,30,14.5,0,77.7,1.6,10.700000000000001
2013,11,19,18,30,13.5,0,78.7,1.9000000000000001,9.9
2013,11,19,19,30,13.100000000000001,0,78.54,2.2,9.5
2013,11,19,20,30,12.600000000000001,0,79.71000000000001,2.4000000000000004,9.200000000000001
2013,11,19,21,30,12,0,82.63,2.6,9.1
2013,11,19,22,30,11.3,0,87.60000000000001,2.6,9.3
2013,11,19,23,30,10.600000000000001,0,93.15,2.5,9.5
2013,11,20,0,30,10,0,97.78,2.4000000000000004,9.700000000000001
2013,11,20,1,30,9.5,0,100,2.2,9.5
2013,11,20,2,30,9.1,0,100,2.1,9.1
2013,11,20,3,30,8.8,0,100,2,8.8
2013,11,20,4,30,8.5,0,100,1.9000000000000001,8.5
2013,11,20,5,30,8.3,0,98.82000000000001,2,8.1
2013,11,20,6,30,8.5,0,94.63,2.3000000000000003,7.7
2013,11,20,7,30,9.5,54,85.46000000000001,2.8000000000000003,7.2
2013,11,20,8,30,11.8,61,71.76,3.2,6.9
2013,11,20,9,30,14.5,87,60.44,3.4000000000000004,6.9
2013,11,20,10,30,16.8,220,56.64,3.6,8.1
2013,11,20,11,30,18.7,256,58.88,3.9000000000000004,10.5
2013,11,20,12,30,20.200000000000003,307,61.82,4,12.600000000000001
2013,11,20,13,30,21,175,64.83,4.1000000000000005,14.100000000000001
2013,11,20,14,30,21.1,154,68.39,3.9000000000000004,15.100000000000001
2013,11,20,15,30,20.5,304,73.49,3.6,15.600000000000001
2013,11,20,16,30,19,75,82.33,2.8000000000000003,15.9
2013,11,20,17,30,17.400000000000002,0,90.98,2.4000000000000004,15.9
2013,11,20,18,30,16.6,0,94.11,2.6,15.600000000000001
2013,11,20,19,30,16.3,0,95.2,2.8000000000000003,15.5
2013,11,20,20,30,16.2,0,95.84,3.1,15.5
2013,11,20,21,30,16.2,0,96.79,3.4000000000000004,15.700000000000001
2013,11,20,22,30,16.3,0,97.43,3.6,15.9
2013,11,20,23,30,16.400000000000002,0,97.54,3.7,16
2013,11,21,0,30,16.400000000000002,0,97.74000000000001,3.6,16
2013,11,21,1,30,16.400000000000002,0,97.68,3.4000000000000004,16
2013,11,21,2,30,16.400000000000002,0,97.9,3.3000000000000003,16.1
2013,11,21,3,30,16.6,0,97.64,3.1,16.2
2013,11,21,4,30,16.7,0,98.64,2.8000000000000003,16.5
2013,11,21,5,30,16.900000000000002,0,99.68,2.4000000000000004,16.8
2013,11,21,6,30,17.3,0,99.43,2.4000000000000004,17.2
2013,11,21,7,30,18.6,13,94.72,2.9000000000000004,17.7
2013,11,21,8,30,20.400000000000002,55,91.63,3.3000000000000003,19
2013,11,21,9,30,22.400000000000002,28,88.09,3.6,20.3
2013,11,21,10,30,24,138,84.05,3.8000000000000003,21.1
2013,11,21,11,30,24.8,350,79.07000000000001,3.7,20.900000000000002
2013,11,21,12,30,25.1,208,76.69,3.3000000000000003,20.700000000000003
2013,11,21,13,30,25.200000000000003,243,76.14,2.8000000000000003,20.700000000000003
2013,11,21,14,30,25.3,320,76.47,2.5,20.900000000000002
2013,11,21,15,30,24.900000000000002,145,79.42,1.9000000000000001,21.1
2013,11,21,16,30,23.3,4,91.3,1.3,21.8
2013,11,21,17,30,21.700000000000003,0,97.16,1.2000000000000002,21.200000000000003
2013,11,21,18,30,21.200000000000003,0,97.27,1.5,20.700000000000003
2013,11,21,19,30,21.1,0,98.7,1.8,20.900000000000002
2013,11,21,20,30,20.900000000000002,0,100,2,20.900000000000002
2013,11,21,21,30,20.3,0,100,1.9000000000000001,20.3
2013,11,21,22,30,18.6,0,100,2,18.6
2013,11,21,23,30,15,0,100,3.9000000000000004,15
2013,11,22,0,30,10.5,0,100,6.4,10.5
2013,11,22,1,30,7.1000000000000005,0,98.87,7.1000000000000005,6.9
2013,11,22,2,30,5.5,0,88.5,6.800000000000001,3.8000000000000003
2013,11,22,3,30,4.800000000000001,0,85.61,6.5,2.6
2013,11,22,4,30,4.1000000000000005,0,84.03,6.5,1.6
2013,11,22,5,30,3.5,0,81.63,6.4,0.7000000000000001
2013,11,22,6,30,3,0,80.34,6.300000000000001,-0.1
2013,11,22,7,30,3,10,78.21000000000001,6.300000000000001,-0.4
2013,11,22,8,30,3.5,6,74.78,6.4,-0.6000000000000001
2013,11,22,9,30,4.3,8,70.81,6.5,-0.5
2013,11,22,10,30,5.1000000000000005,37,67.89,6.300000000000001,-0.30000000000000004
2013,11,22,11,30,6,27,65.36,6.1000000000000005,0
2013,11,22,12,30,6.7,136,64.49,5.9,0.5
2013,11,22,13,30,7,193,65.47,5.6000000000000005,1
2013,11,22,14,30,7,19,67.23,5.6000000000000005,1.3
2013,11,22,15,30,6.300000000000001,50,71.15,5.5,1.5
2013,11,22,16,30,5.2,6,75.95,5.300000000000001,1.3
2013,11,22,17,30,3.9000000000000004,0,81.72,5.2,1.1
2013,11,22,18,30,3,0,85.08,5.2,0.7000000000000001
2013,11,22,19,30,2.4000000000000004,0,87.19,5.2,0.5
2013,11,22,20,30,2.3000000000000003,0,87.10000000000001,5.1000000000000005,0.4
2013,11,22,21,30,2.4000000000000004,0,87.89,4.9,0.6000000000000001
2013,11,22,22,30,2.5,0,88.75,4.800000000000001,0.8
2013,11,22,23,30,2.4000000000000004,0,89.58,4.7,0.9
2013,11,23,0,30,2.3000000000000003,0,89.99,4.7,0.8
2013,11,23,1,30,2,0,91.42,4.9,0.7000000000000001
2013,11,23,2,30,1.9000000000000001,0,91.5,5.1000000000000005,0.7000000000000001
2013,11,23,3,30,1.8,0,91.73,5.2,0.6000000000000001
2013,11,23,4,30,1.8,0,91.36,5.2,0.5
2013,11,23,5,30,1.8,0,90.96000000000001,5.1000000000000005,0.5
2013,11,23,6,30,1.8,0,90.47,5.1000000000000005,0.4
2013,11,23,7,30,2.1,42,88.2,5.1000000000000005,0.4
2013,11,23,8,30,2.7,33,84.99,5.2,0.4
2013,11,23,9,30,3.7,18,80.92,5.4,0.7000000000000001
2013,11,23,10,30,4.800000000000001,40,77.48,5.4,1.2000000000000002
2013,11,23,11,30,5.7,231,75.28,5.300000000000001,1.7000000000000002
2013,11,23,12,30,6.5,89,73.5,5.4,2.1
2013,11,23,13,30,7.1000000000000005,159,72.44,5.4,2.5
2013,11,23,14,30,7.5,68,71.88,5.4,2.8000000000000003
2013,11,23,15,30,7.5,30,72.56,5.2,2.9000000000000004
2013,11,23,16,30,7,26,74.99,4.6000000000000005,2.9000000000000004
2013,11,23,17,30,6.4,0,77.67,4.2,2.8000000000000003
2013,11,23,18,30,6,0,77.89,4.3,2.4000000000000004
2013,11,23,19,30,5.6000000000000005,0,77.24,4.5,1.9000000000000001
2013,11,23,20,30,5.2,0,76.10000000000001,4.7,1.3
2013,11,23,21,30,4.7,0,75.81,4.800000000000001,0.8
2013,11,23,22,30,4.3,0,75.99,4.6000000000000005,0.4
2013,11,23,23,30,3.9000000000000004,0,76.54,4.5,0.2
2013,11,24,0,30,3.6,0,76.31,4.4,-0.2
2013,11,24,1,30,3.3000000000000003,0,76.14,4.4,-0.5
2013,11,24,2,30,3,0,75.54,4.3,-0.9
2013,11,24,3,30,2.8000000000000003,0,75.56,4,-1.1
2013,11,24,4,30,2.5,0,77.52,4,-1
2013,11,24,5,30,2.3000000000000003,0,78.03,4.2,-1.1
2013,11,24,6,30,2.1,0,78.2,4.3,-1.3
2013,11,24,7,30,2.1,11,77.3,4.5,-1.5
2013,11,24,8,30,2.2,17,74.58,4.7,-1.8
2013,11,24,9,30,2.5,69,69.9,4.7,-2.4000000000000004
2013,11,24,10,30,2.8000000000000003,168,65.36,4.5,-3.1
2013,11,24,11,30,3,171,62.47,4.3,-3.5
2013,11,24,12,30,2.9000000000000004,156,62.52,4.1000000000000005,-3.6
2013,11,24,13,30,2.6,153,64.87,4.1000000000000005,-3.3000000000000003
2013,11,24,14,30,2.2,202,68.62,4,-3
2013,11,24,15,30,1.8,181,72.3,3.9000000000000004,-2.7
2013,11,24,16,30,1.3,30,76.11,3.7,-2.4000000000000004
2013,11,24,17,30,1,0,79.12,3.3000000000000003,-2.2
2013,11,24,18,30,0.9,0,80.85000000000001,3,-2
2013,11,24,19,30,0.9,0,81.78,2.7,-1.9000000000000001
2013,11,24,20,30,0.9,0,82.53,2.4000000000000004,-1.7000000000000002
2013,11,24,21,30,0.9,0,83.17,2.1,-1.6
2013,11,24,22,30,0.9,0,83.79,1.8,-1.5
2013,11,24,23,30,0.9,0,84.61,1.6,-1.4000000000000001
2013,11,25,0,30,0.9,0,85.38,1.6,-1.3
2013,11,25,1,30,0.9,0,86.2,1.8,-1.1
2013,11,25,2,30,0.9,0,87.46000000000001,1.4000000000000001,-0.9
2013,11,25,3,30,0.9,0,88.67,1,-0.8
2013,11,25,4,30,0.8,0,90.53,1.2000000000000002,-0.6000000000000001
2013,11,25,5,30,0.5,0,92.68,1.4000000000000001,-0.5
2013,11,25,6,30,0.30000000000000004,0,93.06,1.5,-0.7000000000000001
2013,11,25,7,30,0.6000000000000001,2,91.13,1.4000000000000001,-0.7000000000000001
2013,11,25,8,30,1.1,7,91.12,1.2000000000000002,-0.2
2013,11,25,9,30,1.3,135,90.46000000000001,1.1,-0.1
2013,11,25,10,30,1.5,22,89.64,1.3,0
2013,11,25,11,30,1.8,112,88.4,1.5,0.1
2013,11,25,12,30,2.2,120,86.73,1.8,0.2
2013,11,25,13,30,2.6,128,85.25,2,0.4
2013,11,25,14,30,3,138,83.8,2.2,0.5
2013,11,25,15,30,3.2,82,83.43,2.3000000000000003,0.7000000000000001
2013,11,25,16,30,2.8000000000000003,38,86.17,2.1,0.7000000000000001
2013,11,25,17,30,2.1,0,91.45,1.8,0.9
2013,11,25,18,30,1.5,0,93.35000000000001,1.9000000000000001,0.5
2013,11,25,19,30,1.3,0,93.31,2.2,0.30000000000000004
2013,11,25,20,30,1.1,0,93.89,2.4000000000000004,0.2
2013,11,25,21,30,0.8,0,95.35000000000001,2.6,0.1
2013,11,25,22,30,0.6000000000000001,0,95.5,2.8000000000000003,0
2013,11,25,23,30,0.2,0,96.34,3,-0.30000000000000004
2013,11,26,0,30,0,0,95.5,3.3000000000000003,-0.6000000000000001
2013,11,26,1,30,-0.30000000000000004,0,96.5,2.8000000000000003,-0.8
2013,11,26,2,30,-0.30000000000000004,0,94.17,2.3000000000000003,-1.1
2013,11,26,3,30,0.2,0,91.75,2.6,-1
2013,11,26,4,30,0.8,0,91.09,3.2,-0.5
2013,11,26,5,30,0.9,0,91.34,3.4000000000000004,-0.4
2013,11,26,6,30,0.7000000000000001,0,90.60000000000001,3.5,-0.7000000000000001
2013,11,26,7,30,1.2000000000000002,17,86.23,4,-0.8
2013,11,26,8,30,2.4000000000000004,225,82.44,4.7,-0.30000000000000004
2013,11,26,9,30,3.6,86,76.03,5.2,-0.2
2013,11,26,10,30,4.9,263,69.64,5.4,-0.2
2013,11,26,11,30,6.4,275,63.65,5.5,0
2013,11,26,12,30,7.6000000000000005,250,60.050000000000004,5.6000000000000005,0.30000000000000004
2013,11,26,13,30,8.4,318,58.22,5.7,0.7000000000000001
2013,11,26,14,30,9,488,56.33,5.6000000000000005,0.8
2013,11,26,15,30,9,330,54.95,5.2,0.4
2013,11,26,16,30,7.6000000000000005,142,58.81,4.4,0
2013,11,26,17,30,5.9,0,65.66,4,0
2013,11,26,18,30,4.7,0,69.84,4,-0.30000000000000004
2013,11,26,19,30,3.7,0,74.02,3.7,-0.5
2013,11,26,20,30,2.8000000000000003,0,77.48,3.4000000000000004,-0.7000000000000001
2013,11,26,21,30,2.4000000000000004,0,78.25,3.7,-1
2013,11,26,22,30,2.1,0,79.10000000000001,3.7,-1.1
2013,11,26,23,30,1.4000000000000001,0,82.42,3.5,-1.3
2013,11,27,0,30,0.7000000000000001,0,84.83,3.3000000000000003,-1.6
2013,11,27,1,30,-0.1,0,86.46000000000001,3.3000000000000003,-2.1
2013,11,27,2,30,-1.1,0,88.14,3.1,-2.8000000000000003
2013,11,27,3,30,-2,0,88.8,2.8000000000000003,-3.6
2013,11,27,4,30,-2.9000000000000004,0,89.53,2.6,-4.4
2013,11,27,5,30,-3.5,0,88.96000000000001,2.5,-5.1000000000000005
2013,11,27,6,30,-3.7,0,86.73,2.6,-5.6000000000000005
2013,11,27,7,30,-2.5,52,77.45,3.2,-5.9
2013,11,27,8,30,0.2,245,66.73,3.8000000000000003,-5.300000000000001
2013,11,27,9,30,2.6,433,50.85,3.9000000000000004,-6.6000000000000005
2013,11,27,10,30,4.3,577,43.660000000000004,3.7,-7
2013,11,27,11,30,5.7,664,40.34,3.5,-6.800000000000001
2013,11,27,12,30,6.800000000000001,683,38.39,3.2,-6.4
2013,11,27,13,30,7.6000000000000005,633,37.49,2.9000000000000004,-6
2013,11,27,14,30,7.800000000000001,518,37.550000000000004,2.5,-5.800000000000001
2013,11,27,15,30,7.300000000000001,351,39.29,1.9000000000000001,-5.7
2013,11,27,16,30,5.4,152,54.910000000000004,1.2000000000000002,-2.9000000000000004
2013,11,27,17,30,3.7,0,61.33,1,-3.1
2013,11,27,18,30,3.3000000000000003,0,53.050000000000004,0.9,-5.4
2013,11,27,19,30,3.1,0,52.730000000000004,0.8,-5.6000000000000005
2013,11,27,20,30,2.5,0,56.32,0.9,-5.300000000000001
2013,11,27,21,30,1.5,0,62,1,-5
2013,11,27,22,30,0.5,0,67.21000000000001,1.1,-4.9
2013,11,27,23,30,0.1,0,75.17,1.1,-3.8000000000000003
2013,11,28,0,30,-0.1,0,77.84,1.1,-3.5
2013,11,28,1,30,-0.2,0,79.32000000000001,1,-3.3000000000000003
2013,11,28,2,30,-0.2,0,80.74,1,-3.1
2013,11,28,3,30,-0.2,0,82.13,1,-2.9000000000000004
2013,11,28,4,30,-0.30000000000000004,0,83.35000000000001,0.9,-2.8000000000000003
2013,11,28,5,30,-0.30000000000000004,0,84,0.9,-2.7
2013,11,28,6,30,-0.30000000000000004,0,84.38,0.8,-2.6
2013,11,28,7,30,0.7000000000000001,24,80.44,1.1,-2.3000000000000003
2013,11,28,8,30,2.3000000000000003,97,70.43,1.5,-2.5
2013,11,28,9,30,4.4,267,63.47,1.8,-1.9000000000000001
2013,11,28,10,30,6.800000000000001,432,53.15,2,-2.1
2013,11,28,11,30,8.6,640,47.76,1.8,-1.9000000000000001
2013,11,28,12,30,9.9,659,45.14,1.6,-1.4000000000000001
2013,11,28,13,30,10.700000000000001,610,43.64,1.4000000000000001,-1.2000000000000002
2013,11,28,14,30,10.9,499,43.37,1.3,-1.1
2013,11,28,15,30,10.3,336,45.08,1.2000000000000002,-1.1
2013,11,28,16,30,7.7,145,64.49,1.1,1.4000000000000001
2013,11,28,17,30,4.7,0,79.23,1.2000000000000002,1.4000000000000001
2013,11,28,18,30,3.4000000000000004,0,79.64,1.3,0.2
2013,11,28,19,30,2.7,0,82.55,1.4000000000000001,0
2013,11,28,20,30,2.1,0,85.21000000000001,1.4000000000000001,-0.1
2013,11,28,21,30,1.5,0,87.88,1.5,-0.30000000000000004
2013,11,28,22,30,0.9,0,90.47,1.5,-0.5
2013,11,28,23,30,0.30000000000000004,0,93.16,1.4000000000000001,-0.7000000000000001
2013,11,29,0,30,-0.30000000000000004,0,96.65,1.3,-0.8
2013,11,29,1,30,-0.9,0,100,1.2000000000000002,-0.9
2013,11,29,2,30,-1.3,0,100,1.2000000000000002,-1.3
2013,11,29,3,30,-1.4000000000000001,0,100,1.1,-1.4000000000000001
2013,11,29,4,30,-1.1,0,100,1,-1.1
2013,11,29,5,30,-0.5,0,98.69,0.8,-0.7000000000000001
2013,11,29,6,30,0,0,95.64,0.6000000000000001,-0.6000000000000001
2013,11,29,7,30,1.4000000000000001,42,86.82000000000001,0.5,-0.6000000000000001
2013,11,29,8,30,3.8000000000000003,225,78.17,0.4,0.30000000000000004
2013,11,29,9,30,7,407,66.65,0.8,1.2000000000000002
2013,11,29,10,30,10.5,549,57.24,1.3,2.4000000000000004
2013,11,29,11,30,12.700000000000001,633,49.660000000000004,1.4000000000000001,2.4000000000000004
2013,11,29,12,30,13.8,648,46.47,1.5,2.5
2013,11,29,13,30,14.200000000000001,600,45.99,1.6,2.7
2013,11,29,14,30,14.3,487,46.160000000000004,1.7000000000000002,2.9000000000000004
2013,11,29,15,30,13.4,325,49.85,1.5,3.1
2013,11,29,16,30,10.600000000000001,137,70.71000000000001,1.2000000000000002,5.5
2013,11,29,17,30,7.7,0,80.97,1.3,4.6000000000000005
2013,11,29,18,30,6.6000000000000005,0,81.10000000000001,1.4000000000000001,3.6
2013,11,29,19,30,6.1000000000000005,0,82.2,1.6,3.3000000000000003
2013,11,29,20,30,5.7,0,83.02,1.7000000000000002,3
2013,11,29,21,30,5.4,0,83.62,1.9000000000000001,2.8000000000000003
2013,11,29,22,30,5,0,85.31,2,2.7
2013,11,29,23,30,4.5,0,88.44,2,2.8000000000000003
2013,11,30,0,30,4.1000000000000005,0,91.84,2,2.9000000000000004
2013,11,30,1,30,3.6,0,96.9,1.9000000000000001,3.2
2013,11,30,2,30,3.5,0,100,1.8,3.5
2013,11,30,3,30,3.7,0,100,1.9000000000000001,3.7
2013,11,30,4,30,4.1000000000000005,0,100,1.9000000000000001,4.1000000000000005
2013,11,30,5,30,4.6000000000000005,0,99.60000000000001,1.9000000000000001,4.5
2013,11,30,6,30,5,0,98.49000000000001,2,4.800000000000001
2013,11,30,7,30,6.1000000000000005,35,93.08,2.5,5.1000000000000005
2013,11,30,8,30,8.1,140,85.94,2.8000000000000003,5.9
2013,11,30,9,30,10.700000000000001,227,78.24,2.8000000000000003,7.1000000000000005
2013,11,30,10,30,13.8,176,71.4,3.1,8.700000000000001
2013,11,30,11,30,16.400000000000002,331,67.19,3.6,10.3
2013,11,30,12,30,18,429,65.56,3.9000000000000004,11.5
2013,11,30,13,30,18.8,380,64.82000000000001,4,12
2013,11,30,14,30,19,174,65.56,3.9000000000000004,12.4
2013,11,30,15,30,18.2,99,70.25,3.4000000000000004,12.700000000000001
2013,11,30,16,30,16,69,83.49,2.7,13.200000000000001
2013,11,30,17,30,13.9,0,92.96000000000001,2.5,12.8
2013,11,30,18,30,12.9,0,97.78,2.6,12.600000000000001
2013,11,30,19,30,12.100000000000001,0,100,2.4000000000000004,12.100000000000001
2013,11,30,20,30,11.5,0,100,2.3000000000000003,11.5
2013,11,30,21,30,11.100000000000001,0,100,2.3000000000000003,11.100000000000001
2013,11,30,22,30,11,0,100,2.6,11
2013,11,30,23,30,11.3,0,100,3,11.3
2013,12,1,0,30,11.700000000000001,0,100,3.3000000000000003,11.700000000000001
2013,12,1,1,30,12,0,100,3.3000000000000003,12
2013,12,1,2,30,12.100000000000001,0,100,3.1,12.100000000000001
2013,12,1,3,30,12,0,100,2.8000000000000003,12
2013,12,1,4,30,11.9,0,100,2.7,11.9
2013,12,1,5,30,11.9,0,100,2.7,11.9
2013,12,1,6,30,12.100000000000001,0,100,3,12.100000000000001
2013,12,1,7,30,12.8,10,95.86,3.4000000000000004,12.200000000000001
2013,12,1,8,30,14.200000000000001,67,89.47,3.8000000000000003,12.5
2013,12,1,9,30,16.1,296,83.44,4,13.3
2013,12,1,10,30,18,242,78.73,4.2,14.200000000000001
2013,12,1,11,30,19.200000000000003,374,75.99,4.4,14.9
2013,12,1,12,30,19.6,415,75.51,4.2,15.200000000000001
2013,12,1,13,30,19.900000000000002,296,74.9,3.9000000000000004,15.3
2013,12,1,14,30,19.900000000000002,214,75.48,3.6,15.4
2013,12,1,15,30,19.3,203,79.09,3.1,15.600000000000001
2013,12,1,16,30,18.1,69,85.76,2.8000000000000003,15.700000000000001
2013,12,1,17,30,17,0,90.14,2.7,15.4
2013,12,1,18,30,16.3,0,92.75,2.7,15.100000000000001
2013,12,1,19,30,15.700000000000001,0,95.33,2.5,15
2013,12,1,20,30,15,0,98.7,2.4000000000000004,14.8
2013,12,1,21,30,14.100000000000001,0,100,2.2,14.100000000000001
2013,12,1,22,30,13.100000000000001,0,100,2,13.100000000000001
2013,12,1,23,30,12.3,0,100,2,12.3
2013,12,2,0,30,11.5,0,100,2,11.5
2013,12,2,1,30,10.700000000000001,0,100,1.9000000000000001,10.700000000000001
2013,12,2,2,30,9.9,0,100,1.9000000000000001,9.9
2013,12,2,3,30,9.1,0,100,1.9000000000000001,9.1
2013,12,2,4,30,8.3,0,100,1.9000000000000001,8.3
2013,12,2,5,30,7.6000000000000005,0,100,2,7.6000000000000005
2013,12,2,6,30,7,0,100,2,7
2013,12,2,7,30,8,21,90.58,2.5,6.6000000000000005
2013,12,2,8,30,10.5,169,76.47,2.5,6.5
2013,12,2,9,30,13.600000000000001,399,65.6,1.7000000000000002,7.300000000000001
2013,12,2,10,30,16.8,420,58.95,1.2000000000000002,8.700000000000001
2013,12,2,11,30,19.1,623,54.89,1.2000000000000002,9.8
2013,12,2,12,30,20.700000000000003,643,51.31,1.7000000000000002,10.3
2013,12,2,13,30,21.6,594,48.69,2.2,10.3
2013,12,2,14,30,21.8,485,47.51,2.2,10.200000000000001
2013,12,2,15,30,20.900000000000002,324,53.18,1.4000000000000001,11
2013,12,2,16,30,18.8,136,75.31,1,14.3
2013,12,2,17,30,16.900000000000002,0,64.04,1.2000000000000002,10.100000000000001
2013,12,2,18,30,15.700000000000001,0,64.09,1.2000000000000002,8.9
2013,12,2,19,30,14.600000000000001,0,67.94,1.2000000000000002,8.700000000000001
2013,12,2,20,30,13.600000000000001,0,71.42,1.2000000000000002,8.5
2013,12,2,21,30,12.700000000000001,0,74.34,1.1,8.3
2013,12,2,22,30,12,0,75.43,1.2000000000000002,7.800000000000001
2013,12,2,23,30,11.100000000000001,0,77.19,1.3,7.300000000000001
2013,12,3,0,30,10,0,80.47,1.4000000000000001,6.800000000000001
2013,12,3,1,30,9.200000000000001,0,81.98,1.5,6.300000000000001
2013,12,3,2,30,8.6,0,82.28,1.6,5.7
2013,12,3,3,30,8,0,83.39,1.8,5.4
2013,12,3,4,30,7.5,0,84.19,1.9000000000000001,5
2013,12,3,5,30,7.2,0,83.76,2,4.6000000000000005
2013,12,3,6,30,7.4,0,81.45,2.2,4.4
2013,12,3,7,30,8.5,34,76.53,2.7,4.6000000000000005
2013,12,3,8,30,10.5,212,67.84,3,4.800000000000001
2013,12,3,9,30,13.200000000000001,393,59.52,2.6,5.5
2013,12,3,10,30,16.7,535,53.29,2.4000000000000004,7.2
2013,12,3,11,30,20.400000000000002,491,48.63,2.6,9.200000000000001
2013,12,3,12,30,23.1,641,40.97,2.9000000000000004,9.1
2013,12,3,13,30,24.3,595,37.39,2.8000000000000003,8.8
2013,12,3,14,30,24.3,487,41.1,2.5,10.200000000000001
2013,12,3,15,30,22.400000000000002,327,55.13,1.9000000000000001,13
2013,12,3,16,30,18.8,139,77.21000000000001,1.7000000000000002,14.700000000000001
2013,12,3,17,30,16.1,0,74.03,2,11.5
2013,12,3,18,30,15.200000000000001,0,73.85000000000001,2.2,10.600000000000001
2013,12,3,19,30,14.600000000000001,0,74.71000000000001,2.4000000000000004,10.200000000000001
2013,12,3,20,30,14.200000000000001,0,74.45,2.6,9.700000000000001
2013,12,3,21,30,13.700000000000001,0,75.28,2.9000000000000004,9.4
2013,12,3,22,30,13.200000000000001,0,76.19,3,9.1
2013,12,3,23,30,12.8,0,76.27,2.8000000000000003,8.700000000000001
2013,12,4,0,30,12.100000000000001,0,78.99,2.6,8.6
2013,12,4,1,30,11.3,0,81.85000000000001,2.4000000000000004,8.3
2013,12,4,2,30,10.9,0,83.11,2.4000000000000004,8.1
2013,12,4,3,30,10.9,0,82.96000000000001,2.3000000000000003,8.1
2013,12,4,4,30,10.700000000000001,0,84.52,2.3000000000000003,8.200000000000001
2013,12,4,5,30,10.4,0,86.39,2.2,8.200000000000001
2013,12,4,6,30,10.200000000000001,0,87.2,2.3000000000000003,8.200000000000001
2013,12,4,7,30,11.200000000000001,18,81.28,2.9000000000000004,8.1
2013,12,4,8,30,13.4,97,71.08,3.3000000000000003,8.3
2013,12,4,9,30,16.400000000000002,186,63.690000000000005,3.3000000000000003,9.5
2013,12,4,10,30,19.8,208,62,3.8000000000000003,12.3
2013,12,4,11,30,22.6,325,63.01,4.3,15.200000000000001
2013,12,4,12,30,24.3,475,62.15,4.3,16.6
2013,12,4,13,30,24.900000000000002,461,62.050000000000004,3.9000000000000004,17.1
2013,12,4,14,30,24.6,345,64.06,3.1,17.400000000000002
2013,12,4,15,30,23.3,208,72.5,2.3000000000000003,18.1
2013,12,4,16,30,21.1,121,87.11,2.1,18.900000000000002
2013,12,4,17,30,19.3,0,92.78,2.2,18.1
2013,12,4,18,30,18.3,0,97.5,2.2,17.900000000000002
2013,12,4,19,30,17.5,0,100,2,17.5
2013,12,4,20,30,16.7,0,100,1.7000000000000002,16.7
2013,12,4,21,30,16,0,100,1.3,16
2013,12,4,22,30,15.100000000000001,0,100,1.1,15.100000000000001
2013,12,4,23,30,14,0,100,1.7000000000000002,14
2013,12,5,0,30,12.5,0,100,3.2,12.5
2013,12,5,1,30,10.4,0,94.3,4.6000000000000005,9.5
2013,12,5,2,30,8.200000000000001,0,79.59,5.4,4.9
2013,12,5,3,30,6.4,0,64.76,5.9,0.2
2013,12,5,4,30,5.300000000000001,0,60.06,6.2,-1.8
2013,12,5,5,30,4.4,0,59.4,6.5,-2.8000000000000003
2013,12,5,6,30,3.3000000000000003,0,60.09,6.7,-3.7
2013,12,5,7,30,2.6,7,59.39,6.7,-4.5
2013,12,5,8,30,2.6,11,55.78,6.5,-5.4
2013,12,5,9,30,3.2,94,52.49,6.2,-5.6000000000000005
2013,12,5,10,30,4,78,49.9,5.800000000000001,-5.5
2013,12,5,11,30,5,25,47.300000000000004,5.5,-5.300000000000001
2013,12,5,12,30,6,197,45.13,5.300000000000001,-5
2013,12,5,13,30,6.6000000000000005,148,44.64,5.1000000000000005,-4.6000000000000005
2013,12,5,14,30,6.5,115,46.46,5,-4.2
2013,12,5,15,30,5.7,49,50.38,4.800000000000001,-3.8000000000000003
2013,12,5,16,30,4.3,121,56.85,4.5,-3.5
2013,12,5,17,30,3,0,63.730000000000004,4.5,-3.2
2013,12,5,18,30,1.9000000000000001,0,69.76,4.6000000000000005,-3
2013,12,5,19,30,1,0,74.34,4.7,-3.1
2013,12,5,20,30,0.30000000000000004,0,78.06,4.7,-3.1
2013,12,5,21,30,0,0,79.63,4.7,-3.1
2013,12,5,22,30,-0.1,0,80.01,4.5,-3.1
2013,12,5,23,30,-0.1,0,79.76,4.3,-3.2
2013,12,6,0,30,-0.30000000000000004,0,80.77,4.4,-3.2
2013,12,6,1,30,-0.4,0,81.2,4.7,-3.2
2013,12,6,2,30,-0.6000000000000001,0,81.54,5.1000000000000005,-3.4000000000000004
2013,12,6,3,30,-0.8,0,81.86,5.4,-3.5
2013,12,6,4,30,-1.1,0,83.01,5.5,-3.6
2013,12,6,5,30,-1.4000000000000001,0,83.59,5.7,-3.8000000000000003
2013,12,6,6,30,-1.7000000000000002,0,83.33,6,-4.2
2013,12,6,7,30,-1.9000000000000001,8,81.51,6.300000000000001,-4.6000000000000005
2013,12,6,8,30,-1.9000000000000001,17,78.94,6.4,-5.1000000000000005
2013,12,6,9,30,-1.5,10,75.12,6.2,-5.300000000000001
2013,12,6,10,30,-0.8,189,71.38,6.1000000000000005,-5.300000000000001
2013,12,6,11,30,-0.2,159,70.43,6.1000000000000005,-4.9
2013,12,6,12,30,-0.1,151,72.14,6.2,-4.5
2013,12,6,13,30,-0.30000000000000004,164,73.63,6.2,-4.4
2013,12,6,14,30,-0.6000000000000001,134,74.37,6,-4.6000000000000005
2013,12,6,15,30,-0.8,109,74.51,5.7,-4.800000000000001
2013,12,6,16,30,-1.2000000000000002,46,75.97,5.2,-4.9
2013,12,6,17,30,-1.6,0,77.92,4.7,-4.9
2013,12,6,18,30,-2,0,79.68,4.5,-5
2013,12,6,19,30,-2.5,0,81.01,4.5,-5.300000000000001
2013,12,6,20,30,-2.9000000000000004,0,80.5,4.5,-5.800000000000001
2013,12,6,21,30,-3.3000000000000003,0,79.8,4.5,-6.300000000000001
2013,12,6,22,30,-3.7,0,79.52,4.5,-6.7
2013,12,6,23,30,-4.1000000000000005,0,79.42,4.5,-7.1000000000000005
2013,12,7,0,30,-4.7,0,79.92,4.3,-7.6000000000000005
2013,12,7,1,30,-5.300000000000001,0,79.52,4.2,-8.3
2013,12,7,2,30,-6,0,78.75,4.1000000000000005,-9.1
2013,12,7,3,30,-6.6000000000000005,0,77.55,4,-9.9
2013,12,7,4,30,-6.9,0,75.92,4,-10.4
2013,12,7,5,30,-7.1000000000000005,0,74.64,4,-10.8
2013,12,7,6,30,-7.2,0,73.49,4,-11.100000000000001
2013,12,7,7,30,-6.6000000000000005,25,69.47,4.2,-11.3
2013,12,7,8,30,-5.300000000000001,21,66.44,4.3,-10.600000000000001
2013,12,7,9,30,-4,70,66.29,4.2,-9.4
2013,12,7,10,30,-2.8000000000000003,94,67.11,4.1000000000000005,-8.1
2013,12,7,11,30,-1.9000000000000001,291,67.84,3.9000000000000004,-7.1000000000000005
2013,12,7,12,30,-1.2000000000000002,172,68.27,3.8000000000000003,-6.300000000000001
2013,12,7,13,30,-0.9,172,70.33,3.7,-5.6000000000000005
2013,12,7,14,30,-0.9,218,72.72,3.6,-5.2
2013,12,7,15,30,-1.3,124,75.81,3.4000000000000004,-5
2013,12,7,16,30,-2,64,79.52,3.2,-5.1000000000000005
2013,12,7,17,30,-2.6,0,81.67,3,-5.300000000000001
2013,12,7,18,30,-2.9000000000000004,0,82.14,2.9000000000000004,-5.5
2013,12,7,19,30,-3.1,0,82.91,2.6,-5.6000000000000005
2013,12,7,20,30,-3.2,0,83.24,2.4000000000000004,-5.6000000000000005
2013,12,7,21,30,-3.2,0,83.13,2.1,-5.7
2013,12,7,22,30,-3.2,0,83.15,1.8,-5.7
2013,12,7,23,30,-3.3000000000000003,0,83.4,1.5,-5.7
2013,12,8,0,30,-3.5,0,83.82000000000001,1,-5.800000000000001
2013,12,8,1,30,-3.9000000000000004,0,87.01,0.6000000000000001,-5.7
2013,12,8,2,30,-4.3,0,88.93,0.6000000000000001,-5.9
2013,12,8,3,30,-4.5,0,89.09,0.5,-6
2013,12,8,4,30,-4.7,0,89.79,0.6000000000000001,-6.1000000000000005
2013,12,8,5,30,-4.9,0,90.19,0.6000000000000001,-6.300000000000001
2013,12,8,6,30,-4.800000000000001,0,88.29,0.6000000000000001,-6.4
2013,12,8,7,30,-3.7,24,81.55,0.5,-6.4
2013,12,8,8,30,-1.7000000000000002,191,72.41,0.4,-6
2013,12,8,9,30,0,373,69.71000000000001,0.8,-4.9
2013,12,8,10,30,1.5,518,67.15,1.5,-3.9000000000000004
2013,12,8,11,30,2.9000000000000004,251,65.51,1.8,-2.9000000000000004
2013,12,8,12,30,4.2,278,63.45,2,-2.1
2013,12,8,13,30,5.4,592,61.480000000000004,2.2,-1.4000000000000001
2013,12,8,14,30,6.2,486,61.33,2.1,-0.7000000000000001
2013,12,8,15,30,6.300000000000001,328,63.33,1.6,-0.2
2013,12,8,16,30,5,140,76.39,0.9,1.2000000000000002
2013,12,8,17,30,3.3000000000000003,0,78.33,0.8,-0.1
2013,12,8,18,30,2.2,0,80.64,0.8,-0.8
2013,12,8,19,30,0.9,0,88.34,0.9,-0.8
2013,12,8,20,30,-0.5,0,96.67,1.1,-1
2013,12,8,21,30,-1.5,0,100,1.1,-1.5
2013,12,8,22,30,-2.1,0,100,1.2000000000000002,-2.1
2013,12,8,23,30,-2.3000000000000003,0,100,1.1,-2.3000000000000003
2013,12,9,0,30,-1.9000000000000001,0,100,1,-1.9000000000000001
2013,12,9,1,30,-1.3,0,100,1.3,-1.3
2013,12,9,2,30,-1.2000000000000002,0,98.32000000000001,2,-1.4000000000000001
2013,12,9,3,30,-1.6,0,97.13,2.4000000000000004,-2
2013,12,9,4,30,-1.8,0,95.28,2.6,-2.5
2013,12,9,5,30,-1.8,0,94.43,2.7,-2.6
2013,12,9,6,30,-1.7000000000000002,0,93.27,2.9000000000000004,-2.6
2013,12,9,7,30,-1.3,5,89.17,3.6,-2.9000000000000004
2013,12,9,8,30,0,182,82.38,4.3,-2.6
2013,12,9,9,30,1.5,38,76.21000000000001,4.5,-2.2
2013,12,9,10,30,2.8000000000000003,77,71.88,4.2,-1.8
2013,12,9,11,30,3.8000000000000003,120,69.19,3.7,-1.3
2013,12,9,12,30,4.2,109,68.77,3.3000000000000003,-1
2013,12,9,13,30,4.1000000000000005,94,69.97,3.3000000000000003,-0.9
2013,12,9,14,30,3.7,92,72.31,3.3000000000000003,-0.8
2013,12,9,15,30,3.3000000000000003,299,74.41,3.3000000000000003,-0.8
2013,12,9,16,30,2.6,124,78,3,-0.9
2013,12,9,17,30,1.8,0,82.55,2.9000000000000004,-0.9
2013,12,9,18,30,1.2000000000000002,0,84.69,3.3000000000000003,-1.1
2013,12,9,19,30,0.5,0,86.75,3.7,-1.5
2013,12,9,20,30,-0.5,0,89.16,3.6,-2.1
2013,12,9,21,30,-1.4000000000000001,0,89.92,3.3000000000000003,-2.8000000000000003
2013,12,9,22,30,-2.2,0,90.19,3,-3.6
2013,12,9,23,30,-2.8000000000000003,0,89.18,2.9000000000000004,-4.3
2013,12,10,0,30,-3.4000000000000004,0,88.3,2.9000000000000004,-5.1000000000000005
2013,12,10,1,30,-4.1000000000000005,0,87.71000000000001,3,-5.800000000000001
2013,12,10,2,30,-4.800000000000001,0,86.73,3.1,-6.7
2013,12,10,3,30,-5.5,0,85.97,3,-7.5
2013,12,10,4,30,-6,0,84.82000000000001,2.8000000000000003,-8.1
2013,12,10,5,30,-6.4,0,84.64,2.6,-8.6
2013,12,10,6,30,-6.6000000000000005,0,84.46000000000001,2.4000000000000004,-8.8
2013,12,10,7,30,-5.7,25,78.39,2.9000000000000004,-8.9
2013,12,10,8,30,-3.6,205,68.08,3.7,-8.6
2013,12,10,9,30,-1.5,388,59.25,3.8000000000000003,-8.4
2013,12,10,10,30,0.30000000000000004,534,54.17,3.3000000000000003,-7.9
2013,12,10,11,30,1.8,619,52.1,2.7,-7
2013,12,10,12,30,2.9000000000000004,638,51.56,2.2,-6.1000000000000005
2013,12,10,13,30,3.7,592,50.660000000000004,1.6,-5.6000000000000005
2013,12,10,14,30,4,484,49.83,1.2000000000000002,-5.5
2013,12,10,15,30,3.8000000000000003,326,50.61,0.8,-5.5
2013,12,10,16,30,2.6,139,60.07,0.6000000000000001,-4.4
2013,12,10,17,30,0.9,0,64.55,0.7000000000000001,-5
2013,12,10,18,30,-0.30000000000000004,0,68.45,0.9,-5.4
2013,12,10,19,30,-1.4000000000000001,0,75.33,1.1,-5.2
2013,12,10,20,30,-2.1,0,79.95,1.1,-5.1000000000000005
2013,12,10,21,30,-2.3000000000000003,0,81.77,1.2000000000000002,-5
2013,12,10,22,30,-2.2,0,83.57000000000001,1.2000000000000002,-4.6000000000000005
2013,12,10,23,30,-2.4000000000000004,0,87.79,1.2000000000000002,-4.1000000000000005
2013,12,11,0,30,-2.8000000000000003,0,89.41,1.2000000000000002,-4.3
2013,12,11,1,30,-2.9000000000000004,0,90.81,1.2000000000000002,-4.2
2013,12,11,2,30,-3,0,92.4,1.1,-4.1000000000000005
2013,12,11,3,30,-3,0,93.18,1.1,-3.9000000000000004
2013,12,11,4,30,-3,0,93.93,1,-3.8000000000000003
2013,12,11,5,30,-2.8000000000000003,0,93.25,0.9,-3.7
2013,12,11,6,30,-2.1,0,89.25,0.7000000000000001,-3.6
2013,12,11,7,30,-0.8,21,83.13,0.6000000000000001,-3.3000000000000003
2013,12,11,8,30,0.8,147,77.99,0.7000000000000001,-2.6
2013,12,11,9,30,2.6,271,71.91,0.8,-2
2013,12,11,10,30,4.800000000000001,399,64.68,1,-1.3
2013,12,11,11,30,6.6000000000000005,492,57.81,1.3,-1.1
2013,12,11,12,30,7.6000000000000005,502,54.75,1.6,-0.9
2013,12,11,13,30,8.1,456,53.99,1.9000000000000001,-0.7000000000000001
2013,12,11,14,30,8.3,377,54.61,2.2,-0.30000000000000004
2013,12,11,15,30,7.6000000000000005,246,59.410000000000004,1.9000000000000001,0.2
2013,12,11,16,30,5.5,77,77.36,1.5,1.9000000000000001
2013,12,11,17,30,3.6,0,84.46000000000001,1.6,1.2000000000000002
2013,12,11,18,30,3.3000000000000003,0,83.86,1.9000000000000001,0.8
2013,12,11,19,30,2.8000000000000003,0,87.22,2.2,0.9
2013,12,11,20,30,1.9000000000000001,0,90.3,2.3000000000000003,0.5
2013,12,11,21,30,1.3,0,92.46000000000001,2.4000000000000004,0.2
2013,12,11,22,30,0.6000000000000001,0,95.5,2.2,0
2013,12,11,23,30,-0.30000000000000004,0,98.15,1.9000000000000001,-0.6000000000000001
2013,12,12,0,30,-0.9,0,99.23,1.8,-1
2013,12,12,1,30,-1.4000000000000001,0,99.99000000000001,1.8,-1.4000000000000001
2013,12,12,2,30,-1.6,0,98.8,1.9000000000000001,-1.8
2013,12,12,3,30,-1.7000000000000002,0,97.94,1.9000000000000001,-2
2013,12,12,4,30,-1.8,0,97.63,1.7000000000000002,-2.1
2013,12,12,5,30,-2.4000000000000004,0,100,1.5,-2.4000000000000004
2013,12,12,6,30,-3.1,0,100,1.3,-3.1
2013,12,12,7,30,-1.9000000000000001,19,94.33,1.7000000000000002,-2.7
2013,12,12,8,30,0.6000000000000001,160,82.47,1.9000000000000001,-2
2013,12,12,9,30,3.2,362,73.28,1.6,-1.1
2013,12,12,10,30,5.9,462,63.6,1.4000000000000001,-0.5
2013,12,12,11,30,8,593,53.44,1.2000000000000002,-0.9
2013,12,12,12,30,9.3,613,49.730000000000004,1,-0.7000000000000001
2013,12,12,13,30,9.9,570,49.17,0.9,-0.30000000000000004
2013,12,12,14,30,10,466,49.74,1.3,0
2013,12,12,15,30,9.3,175,52.660000000000004,1.5,0.1
2013,12,12,16,30,7.1000000000000005,94,68.62,1.2000000000000002,1.7000000000000002
2013,12,12,17,30,5,0,80.98,1,2
2013,12,12,18,30,4.6000000000000005,0,80.19,1.1,1.5
2013,12,12,19,30,4.5,0,81.97,1,1.7000000000000002
2013,12,12,20,30,4.3,0,83.63,1,1.8
2013,12,12,21,30,4.1000000000000005,0,84.44,1.1,1.7000000000000002
2013,12,12,22,30,4,0,85.34,1.1,1.8
2013,12,12,23,30,3.8000000000000003,0,86.57000000000001,1.2000000000000002,1.8
2013,12,13,0,30,3.6,0,87.64,1.2000000000000002,1.7000000000000002
2013,12,13,1,30,3.4000000000000004,0,88.61,1.2000000000000002,1.7000000000000002
2013,12,13,2,30,3.2,0,89.53,1.1,1.6
2013,12,13,3,30,3.3000000000000003,0,89.62,1,1.8
2013,12,13,4,30,3.7,0,88.81,1.2000000000000002,2
2013,12,13,5,30,4.1000000000000005,0,88.64,1.4000000000000001,2.4000000000000004
2013,12,13,6,30,4.3,0,89.4,1.7000000000000002,2.7
2013,12,13,7,30,4.6000000000000005,3,89.41,2.1,3
2013,12,13,8,30,5.300000000000001,8,87.26,2.4000000000000004,3.4000000000000004
2013,12,13,9,30,6.300000000000001,66,85.03,2.6,4
2013,12,13,10,30,7.300000000000001,61,82.53,2.9000000000000004,4.5
2013,12,13,11,30,8.200000000000001,23,80.7,3.3000000000000003,5.1000000000000005
2013,12,13,12,30,9,84,78.97,3.5,5.5
2013,12,13,13,30,9.700000000000001,134,77.4,3.7,5.9
2013,12,13,14,30,10.100000000000001,28,77.46000000000001,3.8000000000000003,6.300000000000001
2013,12,13,15,30,10,108,80.4,3.3000000000000003,6.800000000000001
2013,12,13,16,30,9.200000000000001,4,87.86,2.6,7.300000000000001
2013,12,13,17,30,8.1,0,95.51,2.5,7.4
2013,12,13,18,30,7.300000000000001,0,99.8,2.8000000000000003,7.300000000000001
2013,12,13,19,30,6.9,0,100,3,6.9
2013,12,13,20,30,6.800000000000001,0,99,3.5,6.7
2013,12,13,21,30,6.800000000000001,0,98.3,3.8000000000000003,6.6000000000000005
2013,12,13,22,30,6.800000000000001,0,98.06,4,6.5
2013,12,13,23,30,6.800000000000001,0,97.67,4.1000000000000005,6.5
2013,12,14,0,30,6.800000000000001,0,97.65,3.9000000000000004,6.5
2013,12,14,1,30,6.7,0,96.9,3.6,6.2
2013,12,14,2,30,6.5,0,96,3.3000000000000003,5.9
2013,12,14,3,30,5.9,0,96.7,2.8000000000000003,5.4
2013,12,14,4,30,5.2,0,96.77,2.6,4.7
2013,12,14,5,30,4.800000000000001,0,95.71000000000001,3.1,4.2
2013,12,14,6,30,4.800000000000001,0,92.24,3.8000000000000003,3.6
2013,12,14,7,30,5.2,3,88.15,4.7,3.4000000000000004
2013,12,14,8,30,5.9,36,86.60000000000001,5.4,3.8000000000000003
2013,12,14,9,30,6.1000000000000005,52,87.34,5.7,4.2
2013,12,14,10,30,6.2,49,85.56,5.9,4
2013,12,14,11,30,6.800000000000001,97,78.95,6.1000000000000005,3.4000000000000004
2013,12,14,12,30,7.9,139,69.39,6.2,2.6
2013,12,14,13,30,8.9,155,60.15,6.300000000000001,1.6
2013,12,14,14,30,9.200000000000001,151,54.27,6.300000000000001,0.4
2013,12,14,15,30,8.5,102,52.9,5.800000000000001,-0.6000000000000001
2013,12,14,16,30,6.6000000000000005,136,57.96,4.5,-1.1
2013,12,14,17,30,4.4,0,68.34,3.1,-0.9
2013,12,14,18,30,2.9000000000000004,0,76.62,2.6,-0.8
2013,12,14,19,30,2,0,80.78,2.3000000000000003,-1
2013,12,14,20,30,1.2000000000000002,0,84.29,2.1,-1.2000000000000002
2013,12,14,21,30,0.6000000000000001,0,85.94,2.1,-1.5
2013,12,14,22,30,0.1,0,86.82000000000001,2,-1.8
2013,12,14,23,30,-0.4,0,87.62,1.9000000000000001,-2.2
2013,12,15,0,30,-0.9,0,88.42,1.7000000000000002,-2.6
2013,12,15,1,30,-1.3,0,88.55,1.6,-2.9000000000000004
2013,12,15,2,30,-1.7000000000000002,0,88.75,1.6,-3.3000000000000003
2013,12,15,3,30,-2,0,89.05,1.6,-3.6
2013,12,15,4,30,-2.1,0,88.44,1.5,-3.8000000000000003
2013,12,15,5,30,-2.3000000000000003,0,88.56,1.5,-3.9000000000000004
2013,12,15,6,30,-2.3000000000000003,0,87.65,1.4000000000000001,-4.1000000000000005
2013,12,15,7,30,-0.30000000000000004,17,75.82000000000001,1.7000000000000002,-4
2013,12,15,8,30,3.1,186,66.43,2,-2.6
2013,12,15,9,30,6.7,369,53.43,1.7000000000000002,-2.1
2013,12,15,10,30,10.4,515,43.37,1.5,-1.5
2013,12,15,11,30,12.600000000000001,602,38.89,1.6,-1
2013,12,15,12,30,13.700000000000001,629,37.96,1.6,-0.4
2013,12,15,13,30,14.4,589,37.36,1.6,0
2013,12,15,14,30,14.5,483,37.82,1.5,0.30000000000000004
2013,12,15,15,30,14,330,40.26,0.8,0.7000000000000001
2013,12,15,16,30,12.100000000000001,145,53.68,0.6000000000000001,3
2013,12,15,17,30,9.4,0,54.59,1.1,0.7000000000000001
2013,12,15,18,30,7.1000000000000005,0,64.1,1.3,0.8
2013,12,15,19,30,5.5,0,72.04,1.4000000000000001,0.9
2013,12,15,20,30,4.5,0,76.23,1.5,0.7000000000000001
2013,12,15,21,30,3.9000000000000004,0,78.24,1.7000000000000002,0.5
2013,12,15,22,30,3.4000000000000004,0,79.66,1.9000000000000001,0.2
2013,12,15,23,30,2.9000000000000004,0,81.36,2.1,0
2013,12,16,0,30,2.4000000000000004,0,83.22,2.2,-0.2
2013,12,16,1,30,1.9000000000000001,0,85.32000000000001,2.2,-0.30000000000000004
2013,12,16,2,30,1.3,0,87.93,2,-0.5
2013,12,16,3,30,0.8,0,89.58,1.9000000000000001,-0.7000000000000001
2013,12,16,4,30,0.5,0,90.04,1.9000000000000001,-0.9
2013,12,16,5,30,0.30000000000000004,0,89.77,1.9000000000000001,-1.2000000000000002
2013,12,16,6,30,0.30000000000000004,0,88.31,1.9000000000000001,-1.4000000000000001
2013,12,16,7,30,1.9000000000000001,17,78.19,2.5,-1.5
2013,12,16,8,30,4.800000000000001,184,67.03,2.8000000000000003,-0.8
2013,12,16,9,30,8,368,57.38,2.3000000000000003,0.1
2013,12,16,10,30,11.8,511,51.25,2.4000000000000004,2.1
2013,12,16,11,30,15.200000000000001,602,42.94,3,2.7
2013,12,16,12,30,17.1,629,37.71,3.2,2.6
2013,12,16,13,30,17.8,586,36.34,3.2,2.7
2013,12,16,14,30,17.7,485,37.64,2.9000000000000004,3.1
2013,12,16,15,30,16,331,46.44,2,4.5
2013,12,16,16,30,12.4,146,74.64,1.5,8
2013,12,16,17,30,9.5,0,76.14,1.7000000000000002,5.5
2013,12,16,18,30,8.5,0,77.02,2,4.7
2013,12,16,19,30,7.9,0,78.56,2.2,4.4
2013,12,16,20,30,7.2,0,80.99,2.3000000000000003,4.2
2013,12,16,21,30,6.5,0,83.65,2.3000000000000003,3.9000000000000004
2013,12,16,22,30,5.800000000000001,0,86.59,2.2,3.7
2013,12,16,23,30,5.2,0,88.98,2.2,3.5
2013,12,17,0,30,4.5,0,91.93,2.1,3.3000000000000003
2013,12,17,1,30,3.9000000000000004,0,94.41,2,3.1
2013,12,17,2,30,3.4000000000000004,0,96.34,1.8,2.9000000000000004
2013,12,17,3,30,3,0,96.99000000000001,1.7000000000000002,2.6
2013,12,17,4,30,2.6,0,97.16,1.7000000000000002,2.2
2013,12,17,5,30,2.3000000000000003,0,96.89,1.6,1.9000000000000001
2013,12,17,6,30,2.1,0,95.99000000000001,1.6,1.5
2013,12,17,7,30,3.6,15,84.61,2.1,1.2000000000000002
2013,12,17,8,30,6.6000000000000005,179,70.57000000000001,2.4000000000000004,1.6
2013,12,17,9,30,9.700000000000001,361,59.46,1.9000000000000001,2.2
2013,12,17,10,30,13.3,506,52.89,1.7000000000000002,3.9000000000000004
2013,12,17,11,30,16.6,597,44.730000000000004,1.7000000000000002,4.5
2013,12,17,12,30,18.7,625,40.33,1.4000000000000001,4.9
2013,12,17,13,30,19.900000000000002,583,37.550000000000004,1,5
2013,12,17,14,30,20.1,482,37.53,0.7000000000000001,5.2
2013,12,17,15,30,19.400000000000002,329,42.21,0.5,6.2
2013,12,17,16,30,17.3,146,53.56,0.6000000000000001,7.800000000000001
2013,12,17,17,30,15,0,50.660000000000004,1,4.800000000000001
2013,12,17,18,30,13.5,0,53.71,1.2000000000000002,4.3
2013,12,17,19,30,12.200000000000001,0,58.18,1.3,4.2
2013,12,17,20,30,10.9,0,62.870000000000005,1.4000000000000001,4.1000000000000005
2013,12,17,21,30,9.600000000000001,0,67.84,1.4000000000000001,3.9000000000000004
2013,12,17,22,30,8.200000000000001,0,73.65,1.4000000000000001,3.8000000000000003
2013,12,17,23,30,7.1000000000000005,0,78.33,1.4000000000000001,3.6
2013,12,18,0,30,6.2,0,82.12,1.5,3.4000000000000004
2013,12,18,1,30,5.5,0,84.96000000000001,1.5,3.2
2013,12,18,2,30,5,0,86.67,1.5,3
2013,12,18,3,30,4.6000000000000005,0,88.11,1.5,2.8000000000000003
2013,12,18,4,30,4.2,0,89.60000000000001,1.5,2.6
2013,12,18,5,30,3.8000000000000003,0,91.12,1.4000000000000001,2.5
2013,12,18,6,30,3.6,0,91.77,1.4000000000000001,2.4000000000000004
2013,12,18,7,30,5.300000000000001,0,81.3,1.5,2.4000000000000004
2013,12,18,8,30,8.5,177,72.04,1.8,3.7
2013,12,18,9,30,11.4,257,60.88,1.7000000000000002,4.1000000000000005
2013,12,18,10,30,14.8,505,55.730000000000004,2.2,6
2013,12,18,11,30,17.8,594,50.24,3.3000000000000003,7.300000000000001
2013,12,18,12,30,19.200000000000003,620,45.71,3.9000000000000004,7.2
2013,12,18,13,30,19.5,582,45.69,4.1000000000000005,7.5
2013,12,18,14,30,19.200000000000003,479,47.870000000000005,4.1000000000000005,7.9
2013,12,18,15,30,17.900000000000002,327,54.31,3.5,8.5
2013,12,18,16,30,15.100000000000001,144,69.7,2.9000000000000004,9.600000000000001
2013,12,18,17,30,13.100000000000001,0,77.55,3.1,9.3
2013,12,18,18,30,12.4,0,79.57000000000001,3.7,9
2013,12,18,19,30,11.9,0,81.66,4.1000000000000005,8.9
2013,12,18,20,30,11.5,0,84.01,4.3,8.9
2013,12,18,21,30,11.100000000000001,0,87.77,4.5,9.1
2013,12,18,22,30,10.600000000000001,0,93.78,4.4,9.600000000000001
2013,12,18,23,30,10.200000000000001,0,99,4,10
2013,12,19,0,30,10,0,100,3.8000000000000003,10
2013,12,19,1,30,10,0,100,3.6,10
2013,12,19,2,30,10.100000000000001,0,100,3.5,10.100000000000001
2013,12,19,3,30,10.200000000000001,0,99.7,3.4000000000000004,10.200000000000001
2013,12,19,4,30,10.4,0,98.37,3.6,10.200000000000001
2013,12,19,5,30,10.8,0,96.93,3.9000000000000004,10.3
2013,12,19,6,30,11.200000000000001,0,97.66,3.9000000000000004,10.8
2013,12,19,7,30,12.100000000000001,0,95,4.2,11.3
2013,12,19,8,30,14,55,88.58,5,12.100000000000001
2013,12,19,9,30,16.1,268,82.92,5.4,13.200000000000001
2013,12,19,10,30,18.2,252,77.58,5.800000000000001,14.200000000000001
2013,12,19,11,30,20,203,73.47,6.300000000000001,15.100000000000001
2013,12,19,12,30,21.200000000000003,275,70.97,6.6000000000000005,15.700000000000001
2013,12,19,13,30,22,376,68.93,6.300000000000001,16
2013,12,19,14,30,22.1,310,69.79,5.7,16.3
2013,12,19,15,30,21.5,184,73.62,4.9,16.6
2013,12,19,16,30,20.3,125,80.44,4.4,16.8
2013,12,19,17,30,19.3,0,85.73,4.4,16.8
2013,12,19,18,30,18.7,0,89.57000000000001,4.6000000000000005,16.900000000000002
2013,12,19,19,30,18.2,0,92.84,4.7,17
2013,12,19,20,30,17.5,0,97.28,4.6000000000000005,17.1
2013,12,19,21,30,17,0,100,4.2,17
2013,12,19,22,30,16.900000000000002,0,100,4.4,16.900000000000002
2013,12,19,23,30,17.1,0,100,4.9,17.1
2013,12,20,0,30,17.3,0,99.32000000000001,5.2,17.2
2013,12,20,1,30,17.5,0,98.84,5.300000000000001,17.3
2013,12,20,2,30,17.6,0,98.53,5.2,17.400000000000002
2013,12,20,3,30,17.6,0,98.33,4.9,17.3
2013,12,20,4,30,17.6,0,98.22,4.7,17.3
2013,12,20,5,30,17.6,0,98.12,4.3,17.3
2013,12,20,6,30,17.5,0,98.8,3.7,17.3
2013,12,20,7,30,17.6,0,97.97,3,17.3
2013,12,20,8,30,18.2,22,95.14,2.8000000000000003,17.400000000000002
2013,12,20,9,30,18.900000000000002,65,93.22,2.9000000000000004,17.8
2013,12,20,10,30,19.6,125,90.9,3.2,18.1
2013,12,20,11,30,20.200000000000003,213,88.71000000000001,3.4000000000000004,18.3
2013,12,20,12,30,20.6,261,87.07000000000001,3.3000000000000003,18.400000000000002
2013,12,20,13,30,20.700000000000003,215,87.41,2.9000000000000004,18.5
2013,12,20,14,30,20.400000000000002,208,91.06,1.7000000000000002,18.900000000000002
2013,12,20,15,30,19.400000000000002,122,98.4,0.8,19.1
2013,12,20,16,30,18,76,100,0.7000000000000001,18
2013,12,20,17,30,16.400000000000002,0,100,0.9,16.400000000000002
2013,12,20,18,30,15.3,0,100,1,15.3
2013,12,20,19,30,14.700000000000001,0,100,1.2000000000000002,14.700000000000001
2013,12,20,20,30,14.9,0,100,1.6,14.9
2013,12,20,21,30,15,0,100,1.8,15
2013,12,20,22,30,14.700000000000001,0,100,1.4000000000000001,14.700000000000001
2013,12,20,23,30,14.200000000000001,0,100,1.2000000000000002,14.200000000000001
2013,12,21,0,30,14.100000000000001,0,100,1.5,14.100000000000001
2013,12,21,1,30,14.700000000000001,0,100,2.3000000000000003,14.700000000000001
2013,12,21,2,30,15.100000000000001,0,100,2.2,15.100000000000001
2013,12,21,3,30,15.200000000000001,0,100,1.7000000000000002,15.200000000000001
2013,12,21,4,30,15.200000000000001,0,100,1.7000000000000002,15.200000000000001
2013,12,21,5,30,15.3,0,100,2.2,15.3
2013,12,21,6,30,15.5,0,100,3,15.5
2013,12,21,7,30,16.2,0,98.48,3.8000000000000003,16
2013,12,21,8,30,17.2,7,97.84,4.4,16.900000000000002
2013,12,21,9,30,17.5,11,100,4.6000000000000005,17.5
2013,12,21,10,30,16.400000000000002,25,100,4.3,16.400000000000002
2013,12,21,11,30,14.8,134,100,4.3,14.8
2013,12,21,12,30,14.4,105,87.94,4.4,12.4
2013,12,21,13,30,15.3,336,74.33,4.5,10.8
2013,12,21,14,30,16.2,339,65.68,4.4,9.8
2013,12,21,15,30,15.8,329,62.43,3.3000000000000003,8.6
2013,12,21,16,30,13.4,149,73.42,1.8,8.700000000000001
2013,12,21,17,30,10.9,0,82.46000000000001,1.2000000000000002,8
2013,12,21,18,30,9.9,0,80.92,1.2000000000000002,6.800000000000001
2013,12,21,19,30,9.3,0,80.65,1.2000000000000002,6.1000000000000005
2013,12,21,20,30,8.700000000000001,0,81.55,1.2000000000000002,5.7
2013,12,21,21,30,8.1,0,83.35000000000001,1.3,5.4
2013,12,21,22,30,7.7,0,84.39,1.5,5.2
2013,12,21,23,30,7.300000000000001,0,85.65,1.7000000000000002,5.1000000000000005
2013,12,22,0,30,6.9,0,86.79,1.8,4.9
2013,12,22,1,30,6.4,0,88.57000000000001,2,4.6000000000000005
2013,12,22,2,30,5.9,0,90.56,2.6,4.5
2013,12,22,3,30,5.2,0,93.42,3.5,4.2
2013,12,22,4,30,4.3,0,94.65,4.1000000000000005,3.5
2013,12,22,5,30,3.1,0,93.58,4.1000000000000005,2.2
2013,12,22,6,30,2.1,0,89.17,4,0.5
2013,12,22,7,30,1.9000000000000001,0,80.46000000000001,4.4,-1.1
2013,12,22,8,30,2.8000000000000003,39,67.34,5.1000000000000005,-2.7
2013,12,22,9,30,4.1000000000000005,280,57.06,5.4,-3.6
2013,12,22,10,30,5.4,348,52.67,5.4,-3.5
2013,12,22,11,30,6.6000000000000005,586,49.92,5.4,-3.1
2013,12,22,12,30,7.5,619,48.35,5.5,-2.7
2013,12,22,13,30,8,583,47.72,5.4,-2.4000000000000004
2013,12,22,14,30,8,487,48.07,5.300000000000001,-2.3000000000000003
2013,12,22,15,30,7.4,335,49.76,5,-2.4000000000000004
2013,12,22,16,30,5.800000000000001,153,55.160000000000004,3.8000000000000003,-2.5
2013,12,22,17,30,3.8000000000000003,0,66.29,2.7,-1.9000000000000001
2013,12,22,18,30,2.5,0,74.43,2.5,-1.6
2013,12,22,19,30,1.7000000000000002,0,78.10000000000001,2.4000000000000004,-1.7000000000000002
2013,12,22,20,30,1,0,81.4,2.3000000000000003,-1.8
2013,12,22,21,30,0.30000000000000004,0,84.59,2.2,-2
2013,12,22,22,30,-0.4,0,87.46000000000001,2,-2.2
2013,12,22,23,30,-1.1,0,90.14,1.9000000000000001,-2.5
2013,12,23,0,30,-1.8,0,92.53,1.8,-2.9000000000000004
2013,12,23,1,30,-2.4000000000000004,0,94.51,1.7000000000000002,-3.2
2013,12,23,2,30,-2.9000000000000004,0,96.19,1.6,-3.4000000000000004
2013,12,23,3,30,-3.5,0,99.19,1.5,-3.6
2013,12,23,4,30,-3.9000000000000004,0,100,1.4000000000000001,-3.9000000000000004
2013,12,23,5,30,-4.3,0,100,1.4000000000000001,-4.3
2013,12,23,6,30,-4.3,0,100,1.5,-4.3
2013,12,23,7,30,-3.2,0,92.22,2.1,-4.3
2013,12,23,8,30,-0.8,172,78.38,2.4000000000000004,-4.1000000000000005
2013,12,23,9,30,2,356,64.91,2.2,-3.9000000000000004
2013,12,23,10,30,4.4,506,55.7,2.1,-3.7
2013,12,23,11,30,6.4,601,50,1.8,-3.3000000000000003
2013,12,23,12,30,7.9,633,46.76,1.5,-2.8000000000000003
2013,12,23,13,30,8.9,597,44.68,1.2000000000000002,-2.5
2013,12,23,14,30,9.3,497,44.15,1,-2.3000000000000003
2013,12,23,15,30,9,347,44.47,0.8,-2.5
2013,12,23,16,30,7,160,59.56,0.9,-0.30000000000000004
2013,12,23,17,30,4.5,0,68.97,1.1,-0.7000000000000001
2013,12,23,18,30,2.9000000000000004,0,74.69,1.2000000000000002,-1.2000000000000002
2013,12,23,19,30,1.9000000000000001,0,79.44,1.3,-1.3
2013,12,23,20,30,1.2000000000000002,0,82.08,1.3,-1.5
2013,12,23,21,30,0.6000000000000001,0,84.09,1.3,-1.8
2013,12,23,22,30,0.1,0,85.74,1.4000000000000001,-2
2013,12,23,23,30,-0.4,0,87.5,1.3,-2.2
2013,12,24,0,30,-0.9,0,90.15,1.2000000000000002,-2.3000000000000003
2013,12,24,1,30,-1.1,0,92.29,1.1,-2.2
2013,12,24,2,30,-1.4000000000000001,0,94.99,1,-2.1
2013,12,24,3,30,-1.9000000000000001,0,98.92,1,-2
2013,12,24,4,30,-2.5,0,100,1,-2.5
2013,12,24,5,30,-3,0,100,1,-3
2013,12,24,6,30,-3.2,0,100,1,-3.2
2013,12,24,7,30,-1.9000000000000001,0,97.5,1.4000000000000001,-2.2
2013,12,24,8,30,0.6000000000000001,171,83.07000000000001,1.7000000000000002,-1.9000000000000001
2013,12,24,9,30,4,356,69.31,2,-1.1
2013,12,24,10,30,7.5,506,54.84,2.8000000000000003,-1
2013,12,24,11,30,9.600000000000001,602,48.31,3.2,-0.8
2013,12,24,12,30,10.9,633,46.15,3.4000000000000004,-0.2
2013,12,24,13,30,11.8,598,45.02,3.7,0.2
2013,12,24,14,30,12,499,45.53,3.8000000000000003,0.6000000000000001
2013,12,24,15,30,11.200000000000001,346,49.04,3.3000000000000003,0.9
2013,12,24,16,30,8.5,160,63.06,2.4000000000000004,1.9000000000000001
2013,12,24,17,30,6,0,76.09,2.2,2.1
2013,12,24,18,30,5.2,0,77.59,2.5,1.6
2013,12,24,19,30,4.7,0,78.99,2.7,1.4000000000000001
2013,12,24,20,30,4,0,82.04,2.8000000000000003,1.2000000000000002
2013,12,24,21,30,3.2,0,86.08,2.7,1.1
2013,12,24,22,30,2.4000000000000004,0,90.5,2.6,1
2013,12,24,23,30,1.5,0,95.83,2.3000000000000003,0.9
2013,12,25,0,30,0.8,0,100,2.1,0.8
2013,12,25,1,30,0.30000000000000004,0,100,2,0.30000000000000004
2013,12,25,2,30,0.30000000000000004,0,100,2,0.30000000000000004
2013,12,25,3,30,0.8,0,100,2.2,0.8
2013,12,25,4,30,1.1,0,98.28,2.2,0.9
2013,12,25,5,30,1.3,0,97.85000000000001,1.9000000000000001,1
2013,12,25,6,30,1.4000000000000001,0,96.81,1.6,0.9
2013,12,25,7,30,1.7000000000000002,0,94.4,1.4000000000000001,0.9
2013,12,25,8,30,2.8000000000000003,9,88.8,1.2000000000000002,1.1
2013,12,25,9,30,5.1000000000000005,148,80.18,1.4000000000000001,2
2013,12,25,10,30,8.1,226,71.47,1.7000000000000002,3.3000000000000003
2013,12,25,11,30,10.8,564,65.39,1.8,4.6000000000000005
2013,12,25,12,30,12.9,400,62.620000000000005,2.1,5.9
2013,12,25,13,30,14.100000000000001,565,62.77,2.1,7.1000000000000005
2013,12,25,14,30,14.3,469,63.940000000000005,1.8,7.6000000000000005
2013,12,25,15,30,13.700000000000001,319,67.56,1,7.800000000000001
2013,12,25,16,30,12.600000000000001,143,80.63,0.5,9.4
2013,12,25,17,30,11.4,0,78.83,0.6000000000000001,7.9
2013,12,25,18,30,10.4,0,82.62,1,7.6000000000000005
2013,12,25,19,30,9.4,0,85.63,1.5,7.1000000000000005
2013,12,25,20,30,8.1,0,89.87,2.1,6.5
2013,12,25,21,30,6.800000000000001,0,93.49,2.4000000000000004,5.800000000000001
2013,12,25,22,30,5.7,0,95.99000000000001,2.8000000000000003,5.1000000000000005
2013,12,25,23,30,4.6000000000000005,0,97.42,3,4.2
2013,12,26,0,30,3.7,0,97.86,3,3.4000000000000004
2013,12,26,1,30,3.1,0,96.62,3.2,2.6
2013,12,26,2,30,2.7,0,94.94,3.1,2
2013,12,26,3,30,2.2,0,95.29,2.9000000000000004,1.5
2013,12,26,4,30,1.8,0,95.16,2.9000000000000004,1.1
2013,12,26,5,30,1.2000000000000002,0,96.62,2.6,0.7000000000000001
2013,12,26,6,30,0.7000000000000001,0,97.4,2.5,0.30000000000000004
2013,12,26,7,30,1.1,0,92.18,2.6,0
2013,12,26,8,30,2.8000000000000003,118,82.36,2.5,0.1
2013,12,26,9,30,5.1000000000000005,269,72.68,2.3000000000000003,0.6000000000000001
2013,12,26,10,30,7.4,483,65.09,2,1.3
2013,12,26,11,30,9.5,579,60.2,1.8,2.2
2013,12,26,12,30,11,611,57.92,1.5,3
2013,12,26,13,30,11.9,508,57.300000000000004,1,3.7
2013,12,26,14,30,12,480,58.01,0.5,4
2013,12,26,15,30,11.4,332,60.19,0.30000000000000004,4
2013,12,26,16,30,10.4,152,71,0.4,5.4
2013,12,26,17,30,9.5,0,69.86,0.5,4.3
2013,12,26,18,30,9.1,0,69.95,0.6000000000000001,3.9000000000000004
2013,12,26,19,30,8.6,0,71.21000000000001,0.6000000000000001,3.7
2013,12,26,20,30,8.1,0,72.41,0.6000000000000001,3.4000000000000004
2013,12,26,21,30,7.800000000000001,0,73.25,0.7000000000000001,3.3000000000000003
2013,12,26,22,30,7.300000000000001,0,75.66,0.7000000000000001,3.3000000000000003
2013,12,26,23,30,6.800000000000001,0,78.59,0.8,3.3000000000000003
2013,12,27,0,30,6.2,0,81.75,0.9,3.3000000000000003
2013,12,27,1,30,5.6000000000000005,0,84.83,1,3.2
2013,12,27,2,30,5,0,87.71000000000001,1.1,3.1
2013,12,27,3,30,4.5,0,90.04,1.1,3
2013,12,27,4,30,4,0,91.77,1.2000000000000002,2.8000000000000003
2013,12,27,5,30,3.6,0,92.74,1.2000000000000002,2.5
2013,12,27,6,30,3.3000000000000003,0,92.89,1.3,2.3000000000000003
2013,12,27,7,30,4.1000000000000005,0,87.25,1.8,2.2
2013,12,27,8,30,5.6000000000000005,157,80.16,2.3000000000000003,2.4000000000000004
2013,12,27,9,30,7.5,336,71.66,2.1,2.7
2013,12,27,10,30,9.8,470,65.54,1.7000000000000002,3.6
2013,12,27,11,30,11.700000000000001,447,61.88,1.4000000000000001,4.6000000000000005
2013,12,27,12,30,12.8,495,60.54,1.2000000000000002,5.4
2013,12,27,13,30,13.100000000000001,566,60.97,1,5.7
2013,12,27,14,30,12.8,376,62.620000000000005,0.9,5.800000000000001
2013,12,27,15,30,12.3,326,66.1,0.6000000000000001,6.2
2013,12,27,16,30,11.3,150,77.66,0.5,7.5
2013,12,27,17,30,10.3,0,75.13,0.6000000000000001,6.1000000000000005
2013,12,27,18,30,9.700000000000001,0,75.31,0.6000000000000001,5.5
2013,12,27,19,30,9.1,0,77.15,0.6000000000000001,5.300000000000001
2013,12,27,20,30,8.4,0,79.88,0.7000000000000001,5.1000000000000005
2013,12,27,21,30,7.7,0,82.85000000000001,0.9,5
2013,12,27,22,30,7,0,86.17,0.9,4.800000000000001
2013,12,27,23,30,6.6000000000000005,0,88.09,0.9,4.800000000000001
2013,12,28,0,30,6.4,0,88.65,0.8,4.7
2013,12,28,1,30,6.1000000000000005,0,89.84,0.7000000000000001,4.6000000000000005
2013,12,28,2,30,5.9,0,90.21000000000001,0.7000000000000001,4.4
2013,12,28,3,30,5.5,0,92.14,0.7000000000000001,4.3
2013,12,28,4,30,5.2,0,93.71000000000001,0.7000000000000001,4.3
2013,12,28,5,30,4.9,0,95.56,0.7000000000000001,4.3
2013,12,28,6,30,4.800000000000001,0,96.2,0.6000000000000001,4.2
2013,12,28,7,30,5.6000000000000005,0,91.03,0.6000000000000001,4.3
2013,12,28,8,30,7.6000000000000005,152,81.96000000000001,0.7000000000000001,4.7
2013,12,28,9,30,10.4,331,69.17,1.2000000000000002,5
2013,12,28,10,30,12.8,478,57.04,1.7000000000000002,4.5
2013,12,28,11,30,14.100000000000001,574,53.47,2,4.800000000000001
2013,12,28,12,30,14.9,606,51.800000000000004,2.2,5.1000000000000005
2013,12,28,13,30,15.4,572,50.93,2.3000000000000003,5.300000000000001
2013,12,28,14,30,15.3,478,51.93,2.4000000000000004,5.5
2013,12,28,15,30,14.4,332,56.08,2,5.800000000000001
2013,12,28,16,30,11.9,154,73.84,1.4000000000000001,7.4
2013,12,28,17,30,9.600000000000001,0,82.9,1.4000000000000001,6.800000000000001
2013,12,28,18,30,8.8,0,81.93,1.6,5.9
2013,12,28,19,30,8.200000000000001,0,82.24,1.7000000000000002,5.4
2013,12,28,20,30,7.7,0,83.33,1.8,5.1000000000000005
2013,12,28,21,30,7.300000000000001,0,85.48,2,5
2013,12,28,22,30,6.800000000000001,0,89.82000000000001,2.1,5.2
2013,12,28,23,30,6.300000000000001,0,95.38,2.1,5.6000000000000005
2013,12,29,0,30,5.800000000000001,0,100,2,5.800000000000001
2013,12,29,1,30,5.5,0,100,1.9000000000000001,5.5
2013,12,29,2,30,5.800000000000001,0,100,2.1,5.800000000000001
2013,12,29,3,30,6.2,0,100,2.2,6.2
2013,12,29,4,30,6.4,0,99.47,2.3000000000000003,6.300000000000001
2013,12,29,5,30,6.5,0,97.68,2.5,6.2
2013,12,29,6,30,6.5,0,97.39,2.5,6.1000000000000005
2013,12,29,7,30,6.800000000000001,0,95.09,2.4000000000000004,6.1000000000000005
2013,12,29,8,30,7.7,97,90.99,2.5,6.300000000000001
2013,12,29,9,30,9.200000000000001,172,84.33,2.8000000000000003,6.7
2013,12,29,10,30,10.9,107,77.28,3.2,7.1000000000000005
2013,12,29,11,30,11.8,280,73.75,3.3000000000000003,7.300000000000001
2013,12,29,12,30,12,337,72.97,3.4000000000000004,7.300000000000001
2013,12,29,13,30,11.600000000000001,156,74.14,3.7,7.2
2013,12,29,14,30,10.4,120,77.41,4.2,6.6000000000000005
2013,12,29,15,30,8.6,85,80.8,5,5.5
2013,12,29,16,30,6.300000000000001,39,81.86,5.7,3.4000000000000004
2013,12,29,17,30,4.3,0,76.95,6,0.6000000000000001
2013,12,29,18,30,3,0,70.66,5.800000000000001,-1.8
2013,12,29,19,30,2.2,0,68.60000000000001,5.4,-3
2013,12,29,20,30,1.7000000000000002,0,68.93,5,-3.4000000000000004
2013,12,29,21,30,1.3,0,69.26,4.5,-3.7
2013,12,29,22,30,0.9,0,69.78,3.9000000000000004,-4
2013,12,29,23,30,0.5,0,70.53,3.6,-4.2
2013,12,30,0,30,0.1,0,71.39,3.5,-4.5
2013,12,30,1,30,-0.4,0,72.78,3.4000000000000004,-4.7
2013,12,30,2,30,-0.8,0,73.63,3.2,-4.9
2013,12,30,3,30,-1.2000000000000002,0,74.81,3.1,-5.1000000000000005
2013,12,30,4,30,-1.5,0,75.31,3,-5.300000000000001
2013,12,30,5,30,-1.8,0,75.82000000000001,2.8000000000000003,-5.5
2013,12,30,6,30,-1.9000000000000001,0,76.03,2.4000000000000004,-5.6000000000000005
2013,12,30,7,30,-1.5,0,74.24,2.3000000000000003,-5.5
2013,12,30,8,30,-0.2,99,64.61,2.6,-6.1000000000000005
2013,12,30,9,30,1.4000000000000001,309,55.22,2.7,-6.6000000000000005
2013,12,30,10,30,3.1,415,50.32,2.6,-6.2
2013,12,30,11,30,4.6000000000000005,482,47.44,2.5,-5.6000000000000005
2013,12,30,12,30,5.800000000000001,534,45.910000000000004,2.3000000000000003,-5
2013,12,30,13,30,6.5,474,45.69,2,-4.4
2013,12,30,14,30,6.800000000000001,368,45.94,1.9000000000000001,-4
2013,12,30,15,30,6.4,273,48.13,1.5,-3.8000000000000003
2013,12,30,16,30,4.9,126,62.68,1,-1.6
2013,12,30,17,30,3.2,0,75.84,1,-0.7000000000000001
2013,12,30,18,30,2.4000000000000004,0,73.5,1.1,-1.9000000000000001
2013,12,30,19,30,1.8,0,74.08,1.1,-2.3000000000000003
2013,12,30,20,30,1.2000000000000002,0,75.89,1.2000000000000002,-2.6
2013,12,30,21,30,1,0,75.2,1.1,-2.9000000000000004
2013,12,30,22,30,1.1,0,75.83,1.1,-2.7
2013,12,30,23,30,1,0,77.85000000000001,1,-2.4000000000000004
2013,12,31,0,30,0.9,0,79.32000000000001,1,-2.3000000000000003
2013,12,31,1,30,0.7000000000000001,0,79.65,0.9,-2.4000000000000004
2013,12,31,2,30,0.4,0,77.25,0.8,-3.1
2013,12,31,3,30,0,0,78.95,0.9,-3.2
2013,12,31,4,30,-0.4,0,81.52,0.9,-3.2
2013,12,31,5,30,-0.8,0,83.01,0.9,-3.3000000000000003
2013,12,31,6,30,-1,0,81.37,0.9,-3.8000000000000003
2013,12,31,7,30,-0.1,0,74.5,1.1,-4.1000000000000005
2013,12,31,8,30,2.1,163,66.81,1.3,-3.4000000000000004
2013,12,31,9,30,5,349,53.97,1.1,-3.6
2013,12,31,10,30,7.5,404,43.93,0.9,-4
2013,12,31,11,30,9,600,42.86,0.8,-3
2013,12,31,12,30,10.200000000000001,636,42.45,0.8,-2
2013,12,31,13,30,11,604,42.71,1,-1.2000000000000002
2013,12,31,14,30,11.3,508,43.43,1.4000000000000001,-0.7000000000000001
2013,12,31,15,30,10.600000000000001,358,46.79,1.3,-0.30000000000000004
2013,12,31,16,30,7.9,173,68.13,1.1,2.4000000000000004
2013,12,31,17,30,5.2,0,79.08,1.2000000000000002,1.9000000000000001
2013,12,31,18,30,10.9,0,100,2.1,10.9
2013,12,31,19,30,10.200000000000001,0,100,2.2,10.200000000000001
2013,12,31,20,30,9.700000000000001,0,100,2.1,9.700000000000001
2013,12,31,21,30,9.200000000000001,0,100,2.1,9.200000000000001
2013,12,31,22,30,9,0,98.41,2.5,8.8
2013,12,31,23,30,8.700000000000001,0,97.24000000000001,3.1,8.3
