Source,Location ID,City,State,Country,Latitude,Longitude,Time Zone,Elevation,Local Time Zone,Clearsky DHI Units,Clearsky DNI Units,Clearsky GHI Units,Dew Point Units,DHI Units,DNI Units,GHI Units,Solar Zenith Angle Units,Temperature Units,Pressure Units,Relative Humidity Units,Precipitable Water Units,Wind Direction Units,Wind Speed Units,Cloud Type -15,Cloud Type 0,Cloud Type 1,Cloud Type 2,Cloud Type 3,Cloud Type 4,Cloud Type 5,Cloud Type 6,Cloud Type 7,Cloud Type 8,Cloud Type 9,Cloud Type 10,Cloud Type 11,Cloud Type 12,Fill Flag 0,Fill Flag 1,Fill Flag 2,Fill Flag 3,Fill Flag 4,Fill Flag 5,Surface Albedo Units,Version
NSRDB,694093,-,-,-,31.53,-97.14,-6,143,-6,w/m2,w/m2,w/m2,c,w/m2,w/m2,w/m2,Degree,c,mbar,%,cm,Degrees,m/s,N/A,Clear,Probably Clear,Fog,Water,Super-Cooled Water,Mixed,Opaque Ice,Cirrus,Overlapping,Overshooting,Unknown,Dust,Smoke,N/A,Missing Image,Low Irradiance,Exceeds Clearsky,Missing CLoud Properties,Rayleigh Violation,N/A,4.0.1
Year,Month,Day,Hour,Minute,Temperature,GHI,Relative Humidity,Wind Speed,Dew Point
2015,1,1,0,30,2.2,0,82.9,2.3000000000000003,-0.4
2015,1,1,1,30,2.2,0,83.71000000000001,2.2,-0.30000000000000004
2015,1,1,2,30,2.2,0,84.94,2.2,-0.1
2015,1,1,3,30,2,0,87.18,2.3000000000000003,0.1
2015,1,1,4,30,1.8,0,88.56,2.4000000000000004,0.1
2015,1,1,5,30,1.6,0,89.99,2.4000000000000004,0.1
2015,1,1,6,30,1.5,0,90.61,2.3000000000000003,0.1
2015,1,1,7,30,1.4000000000000001,0,91.19,2.2,0.1
2015,1,1,8,30,1.4000000000000001,8,91.28,2.2,0.1
2015,1,1,9,30,1.7000000000000002,27,89.92,2.2,0.2
2015,1,1,10,30,2.1,78,88.52,2,0.4
2015,1,1,11,30,2.6,92,87.09,1.8,0.7000000000000001
2015,1,1,12,30,3,14,85.92,1.7000000000000002,0.9
2015,1,1,13,30,3.1,116,86.33,1.7000000000000002,1
2015,1,1,14,30,3.1,127,87.16,1.9000000000000001,1.2000000000000002
2015,1,1,15,30,3.1,80,87.79,2,1.3
2015,1,1,16,30,3,24,89.27,2.1,1.4000000000000001
2015,1,1,17,30,2.9000000000000004,0,91.22,2.1,1.6
2015,1,1,18,30,2.8000000000000003,0,93.03,2.1,1.8
2015,1,1,19,30,2.8000000000000003,0,94.04,2,1.9000000000000001
2015,1,1,20,30,2.9000000000000004,0,94.24,2.1,2.1
2015,1,1,21,30,3,0,94.5,2.1,2.2
2015,1,1,22,30,3.1,0,95.04,2.1,2.4000000000000004
2015,1,1,23,30,3.2,0,95.17,2.1,2.5
2015,1,2,0,30,3.2,0,95.25,2.3000000000000003,2.5
2015,1,2,1,30,3.2,0,95.09,2.6,2.5
2015,1,2,2,30,3.1,0,95.34,2.8000000000000003,2.4000000000000004
2015,1,2,3,30,3,0,95.24,3,2.3000000000000003
2015,1,2,4,30,2.9000000000000004,0,95.07000000000001,3,2.2
2015,1,2,5,30,2.9000000000000004,0,94.45,2.9000000000000004,2.1
2015,1,2,6,30,3,0,93.60000000000001,2.8000000000000003,2.1
2015,1,2,7,30,3.3000000000000003,0,91.7,2.8000000000000003,2.1
2015,1,2,8,30,3.8000000000000003,5,89.78,2.8000000000000003,2.3000000000000003
2015,1,2,9,30,4.4,18,87.73,2.8000000000000003,2.5
2015,1,2,10,30,4.9,81,86.60000000000001,2.7,2.9000000000000004
2015,1,2,11,30,5.5,105,84.9,2.7,3.2
2015,1,2,12,30,5.800000000000001,72,84.66,2.7,3.4000000000000004
2015,1,2,13,30,6,78,84.64,2.6,3.6
2015,1,2,14,30,6,68,85.66,2.5,3.8000000000000003
2015,1,2,15,30,5.7,116,88.60000000000001,2.3000000000000003,4
2015,1,2,16,30,5.300000000000001,44,91.92,1.9000000000000001,4.1000000000000005
2015,1,2,17,30,5,0,94.55,1.4000000000000001,4.2
2015,1,2,18,30,4.9,0,95.49,1,4.2
2015,1,2,19,30,4.800000000000001,0,96.27,0.9,4.3
2015,1,2,20,30,4.7,0,96.27,0.9,4.2
2015,1,2,21,30,4.7,0,95.86,0.7000000000000001,4.1000000000000005
2015,1,2,22,30,4.6000000000000005,0,96.73,0.9,4.1000000000000005
2015,1,2,23,30,4.5,0,96.63,1.9000000000000001,4
2015,1,3,0,30,4.3,0,95.89,2.7,3.7
2015,1,3,1,30,4,0,95.62,2.5,3.4000000000000004
2015,1,3,2,30,4,0,94.37,1.7000000000000002,3.2
2015,1,3,3,30,4.1000000000000005,0,93.51,1.4000000000000001,3.1
2015,1,3,4,30,3.8000000000000003,0,95.86,1.4000000000000001,3.2
2015,1,3,5,30,3.3000000000000003,0,97.10000000000001,1.7000000000000002,2.9000000000000004
2015,1,3,6,30,2.9000000000000004,0,96.39,1.9000000000000001,2.4000000000000004
2015,1,3,7,30,3.3000000000000003,0,91.14,2.3000000000000003,2
2015,1,3,8,30,4.5,87,84.51,2.9000000000000004,2.1
2015,1,3,9,30,5.800000000000001,199,77.72,3.2,2.2
2015,1,3,10,30,7.1000000000000005,322,73.23,3.2,2.6
2015,1,3,11,30,8.4,190,67.87,3.1,2.8000000000000003
2015,1,3,12,30,10.100000000000001,449,61.14,3,2.9000000000000004
2015,1,3,13,30,11.5,610,55.910000000000004,3,3
2015,1,3,14,30,12.600000000000001,513,51.5,3.2,2.9000000000000004
2015,1,3,15,30,12.4,365,51.86,2.5,2.8000000000000003
2015,1,3,16,30,10,180,69.64,1.6,4.7
2015,1,3,17,30,7.4,15,76.33,1.5,3.5
2015,1,3,18,30,6.300000000000001,0,77.33,1.6,2.6
2015,1,3,19,30,5.6000000000000005,0,79.36,1.7000000000000002,2.3000000000000003
2015,1,3,20,30,4.800000000000001,0,82.29,1.7000000000000002,2
2015,1,3,21,30,4.2,0,84.36,1.8,1.8
2015,1,3,22,30,3.7,0,86.3,1.9000000000000001,1.6
2015,1,3,23,30,3.3000000000000003,0,87.72,2.2,1.5
2015,1,4,0,30,3,0,89,2.6,1.4000000000000001
2015,1,4,1,30,3,0,88.60000000000001,3.3000000000000003,1.3
2015,1,4,2,30,2.9000000000000004,0,88.76,3.9000000000000004,1.2000000000000002
2015,1,4,3,30,2.5,0,89.66,4.1000000000000005,1
2015,1,4,4,30,1.8,0,90.88,4.3,0.5
2015,1,4,5,30,0.9,0,92.18,4.5,-0.2
2015,1,4,6,30,0.1,0,89.17,4.9,-1.5
2015,1,4,7,30,-0.2,0,80,5.4,-3.2
2015,1,4,8,30,0.5,160,64.63,5.9,-5.4
2015,1,4,9,30,1.7000000000000002,350,51.56,6,-7.2
2015,1,4,10,30,3,506,45.31,6,-7.7
2015,1,4,11,30,4.1000000000000005,607,42.53,5.9,-7.5
2015,1,4,12,30,5,645,40.95,5.800000000000001,-7.2
2015,1,4,13,30,5.4,615,40.660000000000004,5.6000000000000005,-6.9
2015,1,4,14,30,5.300000000000001,524,41.42,5.4,-6.800000000000001
2015,1,4,15,30,4.7,374,43.37,4.9,-6.7
2015,1,4,16,30,2.8000000000000003,188,49.95,3.7,-6.6000000000000005
2015,1,4,17,30,0.6000000000000001,17,62.97,2.6,-5.6000000000000005
2015,1,4,18,30,-0.5,0,69.95,2.3000000000000003,-5.300000000000001
2015,1,4,19,30,-1.3,0,73.53,2.1,-5.4
2015,1,4,20,30,-2.1,0,77.48,1.9000000000000001,-5.5
2015,1,4,21,30,-2.7,0,79.8,1.7000000000000002,-5.7
2015,1,4,22,30,-3.2,0,80.92,1.6,-6
2015,1,4,23,30,-3.6,0,81.24,1.6,-6.300000000000001
2015,1,5,0,30,-3.9000000000000004,0,80.95,1.7000000000000002,-6.7
2015,1,5,1,30,-4.2,0,80.93,1.7000000000000002,-7
2015,1,5,2,30,-4.4,0,80.33,1.8,-7.300000000000001
2015,1,5,3,30,-4.6000000000000005,0,79.67,1.7000000000000002,-7.6000000000000005
2015,1,5,4,30,-4.9,0,79.75,1.6,-7.9
2015,1,5,5,30,-5.1000000000000005,0,79.77,1.5,-8.1
2015,1,5,6,30,-5,0,78.34,1.6,-8.200000000000001
2015,1,5,7,30,-3.7,0,70.73,2.3000000000000003,-8.200000000000001
2015,1,5,8,30,-1.2000000000000002,167,56.56,2.8000000000000003,-8.700000000000001
2015,1,5,9,30,1.2000000000000002,354,44.69,2.4000000000000004,-9.5
2015,1,5,10,30,3.2,510,41.050000000000004,1.6,-8.8
2015,1,5,11,30,4.9,613,39.02,0.9,-7.9
2015,1,5,12,30,6.300000000000001,652,38.4,0.6000000000000001,-6.9
2015,1,5,13,30,7.5,623,37.75,0.8,-6
2015,1,5,14,30,8.1,529,37.06,1.3,-5.7
2015,1,5,15,30,7.9,378,38.36,1.4000000000000001,-5.4
2015,1,5,16,30,5.300000000000001,193,56.29,1.3,-2.7
2015,1,5,17,30,2.5,18,72.2,1.4000000000000001,-2
2015,1,5,18,30,1.7000000000000002,0,70.99,1.7000000000000002,-3
2015,1,5,19,30,1.6,0,70.29,2.1,-3.2
2015,1,5,20,30,1.8,0,69.26,2.6,-3.2
2015,1,5,21,30,1.6,0,71.31,2.9000000000000004,-3
2015,1,5,22,30,1.1,0,75.89,2.9000000000000004,-2.7
2015,1,5,23,30,0.7000000000000001,0,80.07000000000001,2.8000000000000003,-2.3000000000000003
2015,1,6,0,30,0.4,0,84.03,2.8000000000000003,-2
2015,1,6,1,30,0.1,0,88.26,2.7,-1.6
2015,1,6,2,30,-0.2,0,91.75,2.4000000000000004,-1.4000000000000001
2015,1,6,3,30,-0.5,0,94.48,2.2,-1.3
2015,1,6,4,30,-0.7000000000000001,0,96.41,2,-1.2000000000000002
2015,1,6,5,30,-0.9,0,98.19,1.8,-1.2000000000000002
2015,1,6,6,30,-1.1,0,100,1.7000000000000002,-1.1
2015,1,6,7,30,0.7000000000000001,0,88.58,2,-1
2015,1,6,8,30,3.8000000000000003,107,74.42,2.2,-0.30000000000000004
2015,1,6,9,30,7.1000000000000005,270,62.690000000000005,1.8,0.5
2015,1,6,10,30,10.700000000000001,394,53.6,1.8,1.7000000000000002
2015,1,6,11,30,13.3,601,48.03,1.5,2.5
2015,1,6,12,30,15.100000000000001,635,45.5,0.9,3.4000000000000004
2015,1,6,13,30,16.1,604,44.58,0.4,4
2015,1,6,14,30,16.400000000000002,409,45.19,0.30000000000000004,4.5
2015,1,6,15,30,15.700000000000001,245,48.300000000000004,0.5,4.800000000000001
2015,1,6,16,30,13.4,181,68.07000000000001,0.8,7.6000000000000005
2015,1,6,17,30,11,17,68.02,1.1,5.300000000000001
2015,1,6,18,30,9.5,0,71.37,1.2000000000000002,4.6000000000000005
2015,1,6,19,30,8.5,0,74.99,1.2000000000000002,4.3
2015,1,6,20,30,7.5,0,79.05,1.2000000000000002,4.1000000000000005
2015,1,6,21,30,6.800000000000001,0,82.4,1.2000000000000002,4
2015,1,6,22,30,5.9,0,87.91,1.3,4
2015,1,6,23,30,4.9,0,94.73,1.4000000000000001,4.1000000000000005
2015,1,7,0,30,4.2,0,99.75,1.7000000000000002,4.2
2015,1,7,1,30,3.7,0,100,2.2,3.7
2015,1,7,2,30,3.2,0,100,2.8000000000000003,3.2
2015,1,7,3,30,2.8000000000000003,0,100,3.3000000000000003,2.8000000000000003
2015,1,7,4,30,2.3000000000000003,0,97.82000000000001,3.6,2
2015,1,7,5,30,1.6,0,95.68,3.9000000000000004,1
2015,1,7,6,30,0.9,0,91.83,4.3,-0.30000000000000004
2015,1,7,7,30,1.2000000000000002,0,82.10000000000001,5.1000000000000005,-1.5
2015,1,7,8,30,2.7,154,67.6,6.5,-2.7
2015,1,7,9,30,4.7,338,55.19,7.6000000000000005,-3.5
2015,1,7,10,30,6.5,489,48.84,8.200000000000001,-3.5
2015,1,7,11,30,7.5,590,44.53,8.5,-3.8000000000000003
2015,1,7,12,30,7.7,629,40.56,8.700000000000001,-4.9
2015,1,7,13,30,7.2,600,37.19,8.700000000000001,-6.5
2015,1,7,14,30,6.2,510,35.15,8.5,-8.1
2015,1,7,15,30,4.800000000000001,364,34.75,8.200000000000001,-9.5
2015,1,7,16,30,2.9000000000000004,184,35.43,7.5,-10.9
2015,1,7,17,30,1.1,19,36.04,6.800000000000001,-12.3
2015,1,7,18,30,-0.2,0,37.08,6.2,-13.100000000000001
2015,1,7,19,30,-1.2000000000000002,0,38.75,5.800000000000001,-13.5
2015,1,7,20,30,-2,0,41,5.5,-13.5
2015,1,7,21,30,-2.9000000000000004,0,43.97,5.2,-13.5
2015,1,7,22,30,-3.7,0,46.94,4.9,-13.4
2015,1,7,23,30,-4.4,0,49.94,4.5,-13.3
2015,1,8,0,30,-5,0,52.77,4.1000000000000005,-13.200000000000001
2015,1,8,1,30,-5.4,0,54.79,3.8000000000000003,-13.100000000000001
2015,1,8,2,30,-5.800000000000001,0,56.980000000000004,3.5,-13
2015,1,8,3,30,-6.1000000000000005,0,58.75,3.2,-12.9
2015,1,8,4,30,-6.300000000000001,0,59.53,2.8000000000000003,-12.9
2015,1,8,5,30,-6.4,0,59.32,2.3000000000000003,-13
2015,1,8,6,30,-6.4,0,58.910000000000004,1.8,-13.100000000000001
2015,1,8,7,30,-5.800000000000001,0,56.370000000000005,1.4000000000000001,-13.100000000000001
2015,1,8,8,30,-4.2,157,48.44,1.4000000000000001,-13.5
2015,1,8,9,30,-2.4000000000000004,342,42.21,1.6,-13.5
2015,1,8,10,30,-0.8,492,38.88,2,-13.100000000000001
2015,1,8,11,30,0.7000000000000001,587,36.11,2.4000000000000004,-12.700000000000001
2015,1,8,12,30,1.9000000000000001,619,34.18,2.8000000000000003,-12.3
2015,1,8,13,30,2.5,586,33.910000000000004,3.2,-11.8
2015,1,8,14,30,2.7,368,34.64,3.7,-11.4
2015,1,8,15,30,2.5,350,36.84,3.8000000000000003,-10.8
2015,1,8,16,30,1.5,108,42.19,3.2,-10
2015,1,8,17,30,0.30000000000000004,9,53.28,2.4000000000000004,-8.1
2015,1,8,18,30,-0.2,0,60.96,2.2,-6.800000000000001
2015,1,8,19,30,-0.5,0,65.8,2.2,-6.1000000000000005
2015,1,8,20,30,-0.8,0,71.75,1.8,-5.300000000000001
2015,1,8,21,30,-1,0,76.43,1.5,-4.6000000000000005
2015,1,8,22,30,-1,0,78.88,1.6,-4.2
2015,1,8,23,30,-0.7000000000000001,0,79,1.7000000000000002,-3.9000000000000004
2015,1,9,0,30,-0.6000000000000001,0,81,1.7000000000000002,-3.5
2015,1,9,1,30,-0.4,0,82.78,1.4000000000000001,-3
2015,1,9,2,30,-0.2,0,85.36,0.9,-2.4000000000000004
2015,1,9,3,30,0,0,88.77,0.6000000000000001,-1.6
2015,1,9,4,30,0.1,0,89.07000000000001,0.5,-1.5
2015,1,9,5,30,0,0,89.69,0.8,-1.5
2015,1,9,6,30,0,0,88.46000000000001,1.7000000000000002,-1.7000000000000002
2015,1,9,7,30,0.5,0,83.62,2.8000000000000003,-2
2015,1,9,8,30,1.2000000000000002,26,79.61,3.9000000000000004,-1.9000000000000001
2015,1,9,9,30,1.8,61,72.42,4.800000000000001,-2.6
2015,1,9,10,30,2.1,100,63.52,5.1000000000000005,-4.1000000000000005
2015,1,9,11,30,2.3000000000000003,122,61.660000000000004,4.800000000000001,-4.3
2015,1,9,12,30,2.4000000000000004,205,62.43,4.7,-4.1000000000000005
2015,1,9,13,30,2.5,66,62.660000000000004,4.5,-3.9000000000000004
2015,1,9,14,30,2.6,113,61.940000000000005,4.4,-4
2015,1,9,15,30,2.6,54,60.38,4.2,-4.3
2015,1,9,16,30,2,35,60.13,3.5,-4.9
2015,1,9,17,30,1.3,5,61.64,2.9000000000000004,-5.300000000000001
2015,1,9,18,30,1,0,61.33,2.7,-5.6000000000000005
2015,1,9,19,30,0.9,0,59.74,2.4000000000000004,-6.1000000000000005
2015,1,9,20,30,0.8,0,59.370000000000005,2.2,-6.2
2015,1,9,21,30,0.6000000000000001,0,59.82,2,-6.300000000000001
2015,1,9,22,30,0.4,0,61.27,1.9000000000000001,-6.2
2015,1,9,23,30,0.1,0,63.6,1.9000000000000001,-6
2015,1,10,0,30,-0.30000000000000004,0,65.57000000000001,1.9000000000000001,-6
2015,1,10,1,30,-0.8,0,67.96000000000001,1.8,-6
2015,1,10,2,30,-1.2000000000000002,0,69.03,1.8,-6.2
2015,1,10,3,30,-1.2000000000000002,0,67.12,1.9000000000000001,-6.5
2015,1,10,4,30,-1.2000000000000002,0,65.24,2,-6.9
2015,1,10,5,30,-1.1,0,64.04,2.1,-7
2015,1,10,6,30,-1,0,63.25,2.1,-7.1000000000000005
2015,1,10,7,30,-0.5,0,61.940000000000005,2.1,-6.9
2015,1,10,8,30,0.8,22,56.14,2,-7
2015,1,10,9,30,2.3000000000000003,35,47.56,1.7000000000000002,-7.7
2015,1,10,10,30,2.8000000000000003,114,47.49,1.4000000000000001,-7.300000000000001
2015,1,10,11,30,3,124,51.31,1,-6.1000000000000005
2015,1,10,12,30,2.9000000000000004,195,56.96,0.8,-4.800000000000001
2015,1,10,13,30,2.5,166,63.6,1,-3.7
2015,1,10,14,30,2.2,75,68.93,1,-2.9000000000000004
2015,1,10,15,30,1.9000000000000001,166,73.34,1,-2.4000000000000004
2015,1,10,16,30,1.4000000000000001,21,78.04,1,-2
2015,1,10,17,30,0.9,6,82.10000000000001,1.2000000000000002,-1.8
2015,1,10,18,30,0.5,0,85.3,1.4000000000000001,-1.7000000000000002
2015,1,10,19,30,0.2,0,87.47,1.5,-1.6
2015,1,10,20,30,0,0,88.94,1.6,-1.6
2015,1,10,21,30,0,0,89.47,1.7000000000000002,-1.5
2015,1,10,22,30,0.1,0,89.88,1.6,-1.4000000000000001
2015,1,10,23,30,0.4,0,89.35000000000001,1.4000000000000001,-1.1
2015,1,11,0,30,0.6000000000000001,0,90.56,1.3,-0.8
2015,1,11,1,30,0.8,0,91.60000000000001,1.2000000000000002,-0.4
2015,1,11,2,30,0.9,0,92.45,1,-0.2
2015,1,11,3,30,0.8,0,93.87,1,-0.1
2015,1,11,4,30,0.9,0,93.8,1.1,0
2015,1,11,5,30,0.8,0,95.03,1.3,0.1
2015,1,11,6,30,0.8,0,95.18,1.5,0.1
2015,1,11,7,30,1,0,93.79,1.6,0.1
2015,1,11,8,30,1.4000000000000001,22,92.75,1.6,0.4
2015,1,11,9,30,2.1,48,90.09,1.7000000000000002,0.6000000000000001
2015,1,11,10,30,2.9000000000000004,89,87.79,1.7000000000000002,1.1
2015,1,11,11,30,4,144,84.95,1.6,1.7000000000000002
2015,1,11,12,30,5.2,179,82.21000000000001,1.7000000000000002,2.4000000000000004
2015,1,11,13,30,6.2,177,80.4,1.9000000000000001,3.1
2015,1,11,14,30,6.800000000000001,227,80.61,2,3.7
2015,1,11,15,30,6.9,191,82.61,1.9000000000000001,4.1000000000000005
2015,1,11,16,30,5.800000000000001,187,90.99,1.3,4.4
2015,1,11,17,30,4.4,23,99.01,0.9,4.3
2015,1,11,18,30,3.6,0,100,1,3.6
2015,1,11,19,30,3.1,0,100,1.1,3.1
2015,1,11,20,30,2.9000000000000004,0,100,1.1,2.9000000000000004
2015,1,11,21,30,3,0,100,1.1,3
2015,1,11,22,30,3.3000000000000003,0,100,1.1,3.3000000000000003
2015,1,11,23,30,3.4000000000000004,0,99.63,1.2000000000000002,3.3000000000000003
2015,1,12,0,30,3.2,0,98.96000000000001,1,3.1
2015,1,12,1,30,3.1,0,97.85000000000001,0.8,2.8000000000000003
2015,1,12,2,30,3,0,97.15,1,2.6
2015,1,12,3,30,3.1,0,96.46000000000001,1.5,2.6
2015,1,12,4,30,3.4000000000000004,0,95.77,1.9000000000000001,2.8000000000000003
2015,1,12,5,30,3.7,0,95.73,2.3000000000000003,3.1
2015,1,12,6,30,4.1000000000000005,0,94.73,2.7,3.3000000000000003
2015,1,12,7,30,4.6000000000000005,0,92.25,3.2,3.5
2015,1,12,8,30,5.300000000000001,24,88.51,3.9000000000000004,3.6
2015,1,12,9,30,6,15,82.34,4.5,3.2
2015,1,12,10,30,6.800000000000001,62,75.42,4.7,2.8000000000000003
2015,1,12,11,30,7.800000000000001,118,69.53,4.6000000000000005,2.6
2015,1,12,12,30,8.6,255,65.47,4.6000000000000005,2.5
2015,1,12,13,30,8.8,238,64.43,4.7,2.5
2015,1,12,14,30,8.4,158,65.6,4.7,2.3000000000000003
2015,1,12,15,30,7.6000000000000005,144,68.61,4.6000000000000005,2.2
2015,1,12,16,30,6.4,71,74.11,4.2,2.1
2015,1,12,17,30,5.1000000000000005,8,81.25,3.8000000000000003,2.2
2015,1,12,18,30,4.3,0,85.60000000000001,3.9000000000000004,2.1
2015,1,12,19,30,3.6,0,88.48,4.1000000000000005,1.9000000000000001
2015,1,12,20,30,3,0,89.37,4.1000000000000005,1.4000000000000001
2015,1,12,21,30,2.6,0,88.31,4,0.9
2015,1,12,22,30,2.3000000000000003,0,86.96000000000001,3.8000000000000003,0.4
2015,1,12,23,30,1.9000000000000001,0,86.77,3.7,-0.1
2015,1,13,0,30,1.7000000000000002,0,84.94,3.6,-0.6000000000000001
2015,1,13,1,30,1.4000000000000001,0,84.26,3.5,-1
2015,1,13,2,30,1.2000000000000002,0,83.84,3.5,-1.2000000000000002
2015,1,13,3,30,1,0,83.19,3.6,-1.5
2015,1,13,4,30,0.7000000000000001,0,83.72,3.5,-1.7000000000000002
2015,1,13,5,30,0.5,0,84.55,3.3000000000000003,-1.8
2015,1,13,6,30,0.30000000000000004,0,86.01,3.1,-1.8
2015,1,13,7,30,0.7000000000000001,0,83.75,3.4000000000000004,-1.7000000000000002
2015,1,13,8,30,1.9000000000000001,24,78.07000000000001,3.8000000000000003,-1.5
2015,1,13,9,30,3.4000000000000004,56,73.25,3.9000000000000004,-0.9
2015,1,13,10,30,4.9,95,68.78,3.5,-0.4
2015,1,13,11,30,6.1000000000000005,99,65.47,3.2,0.1
2015,1,13,12,30,7,150,63.18,3.1,0.5
2015,1,13,13,30,7.5,160,62.33,3.1,0.8
2015,1,13,14,30,7.6000000000000005,115,62.67,3,0.9
2015,1,13,15,30,7.1000000000000005,119,65.24,2.7,1
2015,1,13,16,30,5.6000000000000005,85,72.61,2,1.1
2015,1,13,17,30,3.8000000000000003,25,86.12,1.5,1.7000000000000002
2015,1,13,18,30,2.6,0,90.16,1.6,1.1
2015,1,13,19,30,1.7000000000000002,0,92.57000000000001,1.6,0.6000000000000001
2015,1,13,20,30,1,0,94.25,1.5,0.2
2015,1,13,21,30,0.5,0,95.38,1.4000000000000001,-0.2
2015,1,13,22,30,0.1,0,96.15,1.2000000000000002,-0.4
2015,1,13,23,30,-0.2,0,96.48,1.2000000000000002,-0.7000000000000001
2015,1,14,0,30,-0.4,0,96.03,1.2000000000000002,-1
2015,1,14,1,30,-0.5,0,95.33,1.3,-1.2000000000000002
2015,1,14,2,30,-0.30000000000000004,0,93.24,1.4000000000000001,-1.3
2015,1,14,3,30,0.1,0,90.4,1.7000000000000002,-1.3
2015,1,14,4,30,0.6000000000000001,0,88.14,1.9000000000000001,-1.1
2015,1,14,5,30,1,0,86.57000000000001,2,-1
2015,1,14,6,30,1.3,0,85.54,2.2,-0.9
2015,1,14,7,30,1.9000000000000001,0,82.43,2.5,-0.8
2015,1,14,8,30,2.8000000000000003,40,77.97,2.7,-0.7000000000000001
2015,1,14,9,30,4,57,72.89,2.8000000000000003,-0.4
2015,1,14,10,30,5.1000000000000005,126,66.42,2.9000000000000004,-0.6000000000000001
2015,1,14,11,30,5.7,216,64.06,2.8000000000000003,-0.6000000000000001
2015,1,14,12,30,6,237,63.36,2.4000000000000004,-0.4
2015,1,14,13,30,6.1000000000000005,259,63.32,2.1,-0.30000000000000004
2015,1,14,14,30,6,271,64.14,2.1,-0.30000000000000004
2015,1,14,15,30,5.7,105,65.84,2.1,-0.2
2015,1,14,16,30,5,62,70.51,1.8,0.1
2015,1,14,17,30,4.4,7,78.15,1.8,0.9
2015,1,14,18,30,4,0,80.01,2.2,0.9
2015,1,14,19,30,3.7,0,81.60000000000001,2.3000000000000003,0.8
2015,1,14,20,30,3.4000000000000004,0,83.94,2.2,0.9
2015,1,14,21,30,3.3000000000000003,0,85.09,2.2,1
2015,1,14,22,30,3.2,0,86.28,2,1.1
2015,1,14,23,30,2.9000000000000004,0,88.63,1.6,1.2000000000000002
2015,1,15,0,30,2.4000000000000004,0,92.45,1.1,1.3
2015,1,15,1,30,1.8,0,95.42,0.9,1.1
2015,1,15,2,30,1.3,0,95.94,1,0.7000000000000001
2015,1,15,3,30,1,0,96.39,1.1,0.5
2015,1,15,4,30,0.4,0,98.81,1.3,0.2
2015,1,15,5,30,-0.2,0,99.77,1.4000000000000001,-0.2
2015,1,15,6,30,-0.30000000000000004,0,96.97,1.7000000000000002,-0.7000000000000001
2015,1,15,7,30,1.2000000000000002,0,84.34,2.5,-1.1
2015,1,15,8,30,3.9000000000000004,157,70.68,3.4000000000000004,-0.9
2015,1,15,9,30,6.6000000000000005,347,55.86,3.7,-1.6
2015,1,15,10,30,8.700000000000001,507,46.51,3.8000000000000003,-2.1
2015,1,15,11,30,10.3,614,43.74,3.6,-1.5
2015,1,15,12,30,11.5,657,43.33,3.4000000000000004,-0.5
2015,1,15,13,30,12.3,633,43.67,3.2,0.30000000000000004
2015,1,15,14,30,12.600000000000001,419,44.800000000000004,3,0.9
2015,1,15,15,30,12.200000000000001,399,47.67,2.4000000000000004,1.4000000000000001
2015,1,15,16,30,9.8,216,63.38,1.5,3.2
2015,1,15,17,30,7.6000000000000005,34,74.22,1.2000000000000002,3.3000000000000003
2015,1,15,18,30,7.4,0,68.1,1.2000000000000002,1.9000000000000001
2015,1,15,19,30,7.7,0,64.24,0.9,1.4000000000000001
2015,1,15,20,30,8,0,61.13,0.7000000000000001,1
2015,1,15,21,30,7.9,0,60.75,0.5,0.8
2015,1,15,22,30,7.6000000000000005,0,61.83,0.5,0.7000000000000001
2015,1,15,23,30,7.2,0,63.480000000000004,0.4,0.7000000000000001
2015,1,16,0,30,6.4,0,67,0.5,0.7000000000000001
2015,1,16,1,30,5.5,0,71.17,0.7000000000000001,0.7000000000000001
2015,1,16,2,30,4.5,0,76.17,0.9,0.7000000000000001
2015,1,16,3,30,3.5,0,81.43,1.1,0.6000000000000001
2015,1,16,4,30,2.5,0,86.93,1.2000000000000002,0.5
2015,1,16,5,30,1.5,0,92.73,1.3,0.5
2015,1,16,6,30,0.8,0,96.64,1.3,0.30000000000000004
2015,1,16,7,30,2.5,0,84.7,1.6,0.2
2015,1,16,8,30,5.800000000000001,116,72.2,2,1.2000000000000002
2015,1,16,9,30,9.200000000000001,360,58.97,1.8,1.6
2015,1,16,10,30,12.600000000000001,521,49.19,1.7000000000000002,2.2
2015,1,16,11,30,14.700000000000001,629,41.53,2.1,1.8
2015,1,16,12,30,15.700000000000001,670,38.910000000000004,2.3000000000000003,1.7000000000000002
2015,1,16,13,30,16.400000000000002,645,37.38,2.4000000000000004,1.8
2015,1,16,14,30,16.6,555,37.1,2.4000000000000004,1.9000000000000001
2015,1,16,15,30,15.600000000000001,408,39.99,1.8,2
2015,1,16,16,30,12.600000000000001,191,66.65,1.2000000000000002,6.6000000000000005
2015,1,16,17,30,9.9,37,71.45,1.4000000000000001,5
2015,1,16,18,30,9.200000000000001,0,71.11,1.7000000000000002,4.2
2015,1,16,19,30,8.8,0,71.42,2,3.9000000000000004
2015,1,16,20,30,8.6,0,71.02,2.3000000000000003,3.6
2015,1,16,21,30,8.1,0,72.87,2.6,3.5
2015,1,16,22,30,7.5,0,75.94,2.7,3.5
2015,1,16,23,30,6.4,0,82.55,2.8000000000000003,3.6
2015,1,17,0,30,5.5,0,88,2.8000000000000003,3.7
2015,1,17,1,30,5,0,92.22,3,3.8000000000000003
2015,1,17,2,30,4.6000000000000005,0,96.39,3,4.1000000000000005
2015,1,17,3,30,4,0,100,2.9000000000000004,4
2015,1,17,4,30,3.9000000000000004,0,100,3,3.9000000000000004
2015,1,17,5,30,3.9000000000000004,0,100,3.2,3.9000000000000004
2015,1,17,6,30,4.1000000000000005,0,97.86,3.5,3.8000000000000003
2015,1,17,7,30,5.2,0,90.97,3.8000000000000003,3.8000000000000003
2015,1,17,8,30,7.4,118,81.84,4.2,4.5
2015,1,17,9,30,10.5,274,69.42,4.7,5.1000000000000005
2015,1,17,10,30,14.3,447,56.660000000000004,5.5,5.800000000000001
2015,1,17,11,30,17.6,509,47.06,6,6.2
2015,1,17,12,30,19.8,634,41.06,6,6.2
2015,1,17,13,30,20.8,646,37.81,5.6000000000000005,5.9
2015,1,17,14,30,20.700000000000003,553,36.21,4.800000000000001,5.2
2015,1,17,15,30,19,405,38.34,4,4.5
2015,1,17,16,30,15.8,191,46.15,3.8000000000000003,4.2
2015,1,17,17,30,12.9,24,51.61,3.9000000000000004,3.2
2015,1,17,18,30,11.200000000000001,0,57.69,3.6,3.2
2015,1,17,19,30,10.100000000000001,0,63.95,3.1,3.6
2015,1,17,20,30,9.3,0,68.31,2.9000000000000004,3.8000000000000003
2015,1,17,21,30,8.6,0,71.5,2.9000000000000004,3.7
2015,1,17,22,30,7.800000000000001,0,75.43,2.9000000000000004,3.7
2015,1,17,23,30,6.9,0,80.05,2.9000000000000004,3.7
2015,1,18,0,30,6,0,84.19,2.8000000000000003,3.5
2015,1,18,1,30,5,0,88.26,2.6,3.2
2015,1,18,2,30,3.9000000000000004,0,91.87,2.3000000000000003,2.7
2015,1,18,3,30,3,0,93.06,1.9000000000000001,2
2015,1,18,4,30,2.4000000000000004,0,91.42,1.6,1.1
2015,1,18,5,30,2,0,88.73,1.6,0.30000000000000004
2015,1,18,6,30,1.9000000000000001,0,85.17,1.5,-0.30000000000000004
2015,1,18,7,30,4.3,0,70.64,1.7000000000000002,-0.6000000000000001
2015,1,18,8,30,8.200000000000001,174,58.980000000000004,1.9000000000000001,0.7000000000000001
2015,1,18,9,30,11.5,371,46.08,1.3,0.30000000000000004
2015,1,18,10,30,15.4,535,41.12,0.9,2.2
2015,1,18,11,30,18.6,645,28.17,1.3,-0.2
2015,1,18,12,30,20,690,22.78,1.8,-1.9000000000000001
2015,1,18,13,30,20.400000000000002,660,22.47,2.2,-1.8
2015,1,18,14,30,20.3,570,23.37,2.3000000000000003,-1.3
2015,1,18,15,30,18.7,424,28.68,1.7000000000000002,0.1
2015,1,18,16,30,14.8,234,60.81,1.4000000000000001,7.300000000000001
2015,1,18,17,30,11.4,43,61.74,1.7000000000000002,4.3
2015,1,18,18,30,10.3,0,60.11,2.2,2.9000000000000004
2015,1,18,19,30,10,0,60.28,2.6,2.7
2015,1,18,20,30,9.5,0,62.61,2.9000000000000004,2.7
2015,1,18,21,30,8.6,0,67.77,2.9000000000000004,3
2015,1,18,22,30,7.7,0,73.02,2.8000000000000003,3.2
2015,1,18,23,30,6.9,0,76.99,2.8000000000000003,3.1
2015,1,19,0,30,6.4,0,78.23,2.9000000000000004,2.9000000000000004
2015,1,19,1,30,5.800000000000001,0,79.03,2.8000000000000003,2.4000000000000004
2015,1,19,2,30,5.300000000000001,0,79.37,2.7,2
2015,1,19,3,30,4.7,0,81.01,2.5,1.7000000000000002
2015,1,19,4,30,4.3,0,82.47,2.3000000000000003,1.6
2015,1,19,5,30,3.9000000000000004,0,84.47,2.1,1.5
2015,1,19,6,30,3.9000000000000004,0,84.39,2.2,1.5
2015,1,19,7,30,5.6000000000000005,0,75.85000000000001,2.9000000000000004,1.7000000000000002
2015,1,19,8,30,8.700000000000001,166,63.33,3.4000000000000004,2.1
2015,1,19,9,30,12.3,358,53.31,3.4000000000000004,3.1
2015,1,19,10,30,15.9,516,44.62,3.8000000000000003,3.9000000000000004
2015,1,19,11,30,18.5,621,39.7,3.8000000000000003,4.5
2015,1,19,12,30,20.200000000000003,664,37.25,3.6,5.1000000000000005
2015,1,19,13,30,21.200000000000003,640,36.230000000000004,3.2,5.6000000000000005
2015,1,19,14,30,21.400000000000002,494,36.76,2.8000000000000003,6
2015,1,19,15,30,20.3,301,41.29,2,6.7
2015,1,19,16,30,17.400000000000002,198,66.53,1.5,11.100000000000001
2015,1,19,17,30,14.5,41,68.97,1.7000000000000002,8.9
2015,1,19,18,30,13,0,72,1.9000000000000001,8.1
2015,1,19,19,30,11.9,0,77.15,2,8
2015,1,19,20,30,10.9,0,82.10000000000001,2,8
2015,1,19,21,30,10.100000000000001,0,86.37,2,7.9
2015,1,19,22,30,9.4,0,90.84,2,8
2015,1,19,23,30,8.8,0,95.23,1.9000000000000001,8.1
2015,1,20,0,30,8.200000000000001,0,100,1.8,8.200000000000001
2015,1,20,1,30,7.7,0,100,1.7000000000000002,7.7
2015,1,20,2,30,7.300000000000001,0,100,1.5,7.300000000000001
2015,1,20,3,30,7.1000000000000005,0,100,1.3,7.1000000000000005
2015,1,20,4,30,6.800000000000001,0,100,1.2000000000000002,6.800000000000001
2015,1,20,5,30,6.4,0,100,1.1,6.4
2015,1,20,6,30,6.2,0,100,0.9,6.2
2015,1,20,7,30,7.6000000000000005,0,88.69,1.2000000000000002,5.9
2015,1,20,8,30,10.200000000000001,166,74.07000000000001,1.5,5.800000000000001
2015,1,20,9,30,13.100000000000001,193,62.79,1.3,6.2
2015,1,20,10,30,16.3,517,54.57,1,7.1000000000000005
2015,1,20,11,30,18.900000000000002,623,49.230000000000004,0.6000000000000001,8
2015,1,20,12,30,21,667,43.68,0.5,8.200000000000001
2015,1,20,13,30,22.200000000000003,644,38.95,0.30000000000000004,7.6000000000000005
2015,1,20,14,30,22.400000000000002,556,37.64,0.4,7.2
2015,1,20,15,30,21.400000000000002,412,40.550000000000004,0.7000000000000001,7.4
2015,1,20,16,30,18.2,227,65.73,1,11.700000000000001
2015,1,20,17,30,14.8,43,72.39,1.4000000000000001,9.9
2015,1,20,18,30,13.4,0,74.35000000000001,1.7000000000000002,8.9
2015,1,20,19,30,12.8,0,79.15,1.9000000000000001,9.3
2015,1,20,20,30,12.200000000000001,0,85.02,2.2,9.8
2015,1,20,21,30,11.600000000000001,0,91.06,2.7,10.200000000000001
2015,1,20,22,30,10.8,0,97.7,3.2,10.5
2015,1,20,23,30,10,0,100,3.6,10
2015,1,21,0,30,9.3,0,97.88,3.7,9
2015,1,21,1,30,8.6,0,93.92,3.6,7.7
2015,1,21,2,30,7.9,0,92.73,3.4000000000000004,6.800000000000001
2015,1,21,3,30,7.4,0,92.49,3.2,6.300000000000001
2015,1,21,4,30,7.1000000000000005,0,92.39,3.1,5.9
2015,1,21,5,30,7,0,91.89,3.1,5.800000000000001
2015,1,21,6,30,7,0,91.36,3.2,5.7
2015,1,21,7,30,7.800000000000001,0,86.23,3.6,5.6000000000000005
2015,1,21,8,30,9.600000000000001,72,77.11,4,5.800000000000001
2015,1,21,9,30,11.9,244,67.37,4.2,6
2015,1,21,10,30,13.700000000000001,323,60.69,4.3,6.2
2015,1,21,11,30,14.8,205,57.9,4.3,6.6000000000000005
2015,1,21,12,30,15.100000000000001,162,59,3.8000000000000003,7.1000000000000005
2015,1,21,13,30,14.700000000000001,103,62.800000000000004,3.3000000000000003,7.7
2015,1,21,14,30,14,162,68.71000000000001,3,8.3
2015,1,21,15,30,13.100000000000001,82,76.39,2.7,9
2015,1,21,16,30,12.100000000000001,54,85.05,2.6,9.700000000000001
2015,1,21,17,30,11.4,6,89.43,3.1,9.700000000000001
2015,1,21,18,30,11.100000000000001,0,90.85000000000001,3.6,9.700000000000001
2015,1,21,19,30,10.9,0,92.27,4,9.700000000000001
2015,1,21,20,30,10.8,0,93.34,4,9.8
2015,1,21,21,30,10.700000000000001,0,94.28,3.8000000000000003,9.8
2015,1,21,22,30,10.5,0,95.49,3.6,9.8
2015,1,21,23,30,10.4,0,95.36,3.4000000000000004,9.700000000000001
2015,1,22,0,30,10.100000000000001,0,96.29,3.2,9.5
2015,1,22,1,30,9.9,0,96.73,3.1,9.4
2015,1,22,2,30,9.700000000000001,0,96.59,3.5,9.200000000000001
2015,1,22,3,30,9.4,0,96.92,4,8.9
2015,1,22,4,30,8.700000000000001,0,98.99000000000001,5.2,8.5
2015,1,22,5,30,7.300000000000001,0,100,6.5,7.300000000000001
2015,1,22,6,30,5.5,0,100,7,5.5
2015,1,22,7,30,4.4,0,95.73,7,3.8000000000000003
2015,1,22,8,30,4.1000000000000005,11,91.11,7.1000000000000005,2.8000000000000003
2015,1,22,9,30,4.3,94,89.10000000000001,7.2,2.7
2015,1,22,10,30,4.6000000000000005,140,87.96000000000001,6.9,2.8000000000000003
2015,1,22,11,30,4.7,42,86.74,6.800000000000001,2.7
2015,1,22,12,30,4.9,120,85.64,6.9,2.7
2015,1,22,13,30,4.9,66,86.10000000000001,6.800000000000001,2.8000000000000003
2015,1,22,14,30,4.6000000000000005,90,87.5,6.5,2.7
2015,1,22,15,30,4.3,85,88.74,6,2.6
2015,1,22,16,30,4,18,90.82000000000001,5.4,2.6
2015,1,22,17,30,3.7,4,92.95,5.1000000000000005,2.7
2015,1,22,18,30,3.5,0,93.44,5.1000000000000005,2.5
2015,1,22,19,30,3.4000000000000004,0,93.78,5,2.5
2015,1,22,20,30,3.6,0,93.27,4.6000000000000005,2.6
2015,1,22,21,30,3.7,0,94.03,4.4,2.8000000000000003
2015,1,22,22,30,3.7,0,94.49,4.5,2.9000000000000004
2015,1,22,23,30,3.6,0,94.61,4.6000000000000005,2.8000000000000003
2015,1,23,0,30,3.5,0,94.7,4.5,2.7
2015,1,23,1,30,3.4000000000000004,0,94.88,4.3,2.7
2015,1,23,2,30,3.3000000000000003,0,95.04,4.3,2.6
2015,1,23,3,30,3.3000000000000003,0,94.60000000000001,4.3,2.5
2015,1,23,4,30,3.2,0,95.10000000000001,4,2.5
2015,1,23,5,30,3.1,0,95.33,3.8000000000000003,2.4000000000000004
2015,1,23,6,30,3.2,0,94.38,3.5,2.4000000000000004
2015,1,23,7,30,3.8000000000000003,0,91.08,3.5,2.5
2015,1,23,8,30,4.9,61,87,3.6,2.9000000000000004
2015,1,23,9,30,6,139,81.35000000000001,3.7,3
2015,1,23,10,30,6.800000000000001,190,74.79,3.5,2.6
2015,1,23,11,30,7.300000000000001,302,70.99,3.5,2.4000000000000004
2015,1,23,12,30,7.800000000000001,321,67.38,3.7,2.1
2015,1,23,13,30,8.200000000000001,193,64.08,3.9000000000000004,1.8
2015,1,23,14,30,8.6,262,60.11,3.9000000000000004,1.3
2015,1,23,15,30,8.5,293,57.97,3.3000000000000003,0.7000000000000001
2015,1,23,16,30,7.4,127,63.1,2.4000000000000004,0.8
2015,1,23,17,30,5.7,29,73.22,2.1,1.3
2015,1,23,18,30,4.5,0,77.25,2,0.9
2015,1,23,19,30,3.6,0,80.19,2,0.5
2015,1,23,20,30,2.9000000000000004,0,81.96000000000001,1.9000000000000001,0.1
2015,1,23,21,30,2.3000000000000003,0,83.69,1.9000000000000001,-0.2
2015,1,23,22,30,1.8,0,85.32000000000001,1.8,-0.4
2015,1,23,23,30,1.5,0,85.98,2.1,-0.6000000000000001
2015,1,24,0,30,1.4000000000000001,0,86.07000000000001,2.6,-0.7000000000000001
2015,1,24,1,30,1.1,0,87.88,2.9000000000000004,-0.7000000000000001
2015,1,24,2,30,0.5,0,90.84,2.8000000000000003,-0.8
2015,1,24,3,30,-0.2,0,92.78,2.5,-1.2000000000000002
2015,1,24,4,30,-0.8,0,92.92,2.4000000000000004,-1.8
2015,1,24,5,30,-1.4000000000000001,0,93.21000000000001,2.4000000000000004,-2.4000000000000004
2015,1,24,6,30,-1.7000000000000002,0,93.5,2.7,-2.6
2015,1,24,7,30,-0.6000000000000001,0,85.53,3.2,-2.7
2015,1,24,8,30,1.9000000000000001,143,71.91,3.1,-2.6
2015,1,24,9,30,5.5,317,59.050000000000004,2.7,-1.9000000000000001
2015,1,24,10,30,9.200000000000001,440,48.31,2.4000000000000004,-1.2000000000000002
2015,1,24,11,30,12,552,44.75,2.2,0.30000000000000004
2015,1,24,12,30,14.3,698,40.56,2.2,1.1
2015,1,24,13,30,15.8,670,36.980000000000004,2.4000000000000004,1.1
2015,1,24,14,30,16.2,579,37.88,2.3000000000000003,1.8
2015,1,24,15,30,15.600000000000001,433,41.62,1.6,2.6
2015,1,24,16,30,13.600000000000001,191,61.61,1,6.4
2015,1,24,17,30,11.5,37,62.76,1.1,4.6000000000000005
2015,1,24,18,30,10,0,63.09,1.3,3.3000000000000003
2015,1,24,19,30,8.700000000000001,0,70.01,1.4000000000000001,3.5
2015,1,24,20,30,7.9,0,75.84,1.5,3.9000000000000004
2015,1,24,21,30,7.2,0,79.23,1.7000000000000002,3.8000000000000003
2015,1,24,22,30,6.5,0,80.57000000000001,1.9000000000000001,3.4000000000000004
2015,1,24,23,30,6.2,0,81.61,2.2,3.3000000000000003
2015,1,25,0,30,5.9,0,83.09,2.3000000000000003,3.2
2015,1,25,1,30,5.5,0,85.35000000000001,2.4000000000000004,3.2
2015,1,25,2,30,5.2,0,87.37,2.5,3.3000000000000003
2015,1,25,3,30,4.800000000000001,0,89.77,2.5,3.3000000000000003
2015,1,25,4,30,4.4,0,91.51,2.6,3.1
2015,1,25,5,30,4,0,92.60000000000001,2.8000000000000003,2.9000000000000004
2015,1,25,6,30,4,0,90.33,3.5,2.6
2015,1,25,7,30,5.300000000000001,0,80.94,4.2,2.3000000000000003
2015,1,25,8,30,8.200000000000001,177,68.78,4,2.8000000000000003
2015,1,25,9,30,12.200000000000001,374,58.300000000000004,3.9000000000000004,4.2
2015,1,25,10,30,15.9,542,50.52,4.800000000000001,5.6000000000000005
2015,1,25,11,30,17.900000000000002,656,38.96,5.5,3.7
2015,1,25,12,30,18.8,703,30.810000000000002,5.800000000000001,1.2000000000000002
2015,1,25,13,30,18.900000000000002,680,27.45,5.9,-0.30000000000000004
2015,1,25,14,30,18.400000000000002,591,27.060000000000002,5.9,-0.9
2015,1,25,15,30,17,446,29.650000000000002,5.1000000000000005,-0.9
2015,1,25,16,30,13.8,256,39.57,3.5,0.30000000000000004
2015,1,25,17,30,10.4,60,55.69,2.4000000000000004,1.9000000000000001
2015,1,25,18,30,9,0,61.44,2.4000000000000004,2
2015,1,25,19,30,8.5,0,62.34,2.6,1.7000000000000002
2015,1,25,20,30,8,0,63.43,2.7,1.5
2015,1,25,21,30,7.2,0,66.96000000000001,2.6,1.5
2015,1,25,22,30,6.4,0,71.16,2.4000000000000004,1.6
2015,1,25,23,30,5.6000000000000005,0,75.35000000000001,2.3000000000000003,1.6
2015,1,26,0,30,4.800000000000001,0,79.4,2.2,1.5
2015,1,26,1,30,4.2,0,82.17,2.1,1.4000000000000001
2015,1,26,2,30,3.8000000000000003,0,83.34,2,1.2000000000000002
2015,1,26,3,30,3.4000000000000004,0,84.23,1.9000000000000001,1
2015,1,26,4,30,3.1,0,84.69,1.8,0.8
2015,1,26,5,30,2.7,0,85.82000000000001,1.6,0.6000000000000001
2015,1,26,6,30,2.8000000000000003,0,84.07000000000001,1.4000000000000001,0.4
2015,1,26,7,30,5,0,74.09,1.7000000000000002,0.8
2015,1,26,8,30,8.3,177,61.34,2,1.3
2015,1,26,9,30,11.700000000000001,372,52.230000000000004,2,2.2
2015,1,26,10,30,15.200000000000001,534,42.83,2.5,2.6
2015,1,26,11,30,17.7,645,37.62,3,3.1
2015,1,26,12,30,19.5,692,36.02,3.3000000000000003,4
2015,1,26,13,30,20.700000000000003,668,35.7,3.5,5
2015,1,26,14,30,21.200000000000003,467,36.31,3.2,5.7
2015,1,26,15,30,20.400000000000002,437,41.47,2,6.9
2015,1,26,16,30,17.5,231,70.66,1.3,12.100000000000001
2015,1,26,17,30,14.4,60,70.97,1.4000000000000001,9.200000000000001
2015,1,26,18,30,12.8,0,69.81,1.6,7.4
2015,1,26,19,30,12,0,71.21000000000001,1.8,6.9
2015,1,26,20,30,11.600000000000001,0,70.39,2.1,6.4
2015,1,26,21,30,11.3,0,68.91,2.5,5.800000000000001
2015,1,26,22,30,10.9,0,67.97,2.8000000000000003,5.2
2015,1,26,23,30,10.4,0,68.1,2.8000000000000003,4.800000000000001
2015,1,27,0,30,9.700000000000001,0,70.14,2.7,4.5
2015,1,27,1,30,9.200000000000001,0,71.93,2.7,4.4
2015,1,27,2,30,8.8,0,72.9,2.8000000000000003,4.2
2015,1,27,3,30,8.200000000000001,0,75.28,2.8000000000000003,4.1000000000000005
2015,1,27,4,30,7.6000000000000005,0,78.49,2.8000000000000003,4.1000000000000005
2015,1,27,5,30,6.9,0,82.64,2.8000000000000003,4.1000000000000005
2015,1,27,6,30,6.6000000000000005,0,84.84,2.9000000000000004,4.2
2015,1,27,7,30,7.5,0,80.48,3.4000000000000004,4.4
2015,1,27,8,30,10.100000000000001,180,69.72,3.2,4.800000000000001
2015,1,27,9,30,13.8,376,59.21,2.6,6
2015,1,27,10,30,17.5,540,51.88,2.3000000000000003,7.5
2015,1,27,11,30,20.3,649,46.96,2,8.6
2015,1,27,12,30,22.6,695,43.07,1.7000000000000002,9.4
2015,1,27,13,30,23.900000000000002,672,37.42,1.4000000000000001,8.5
2015,1,27,14,30,24,586,37.15,1.1,8.5
2015,1,27,15,30,23.3,441,40.160000000000004,0.8,9
2015,1,27,16,30,21.5,255,53.75,0.7000000000000001,11.700000000000001
2015,1,27,17,30,19,62,54.370000000000005,1.1,9.600000000000001
2015,1,27,18,30,17.1,0,56.14,1.3,8.3
2015,1,27,19,30,15.4,0,62.36,1.4000000000000001,8.200000000000001
2015,1,27,20,30,14,0,67.74,1.5,8.1
2015,1,27,21,30,13,0,71.08,1.5,7.9
2015,1,27,22,30,12.200000000000001,0,73.28,1.5,7.6000000000000005
2015,1,27,23,30,11.5,0,75.19,1.6,7.300000000000001
2015,1,28,0,30,10.8,0,77.37,1.6,7
2015,1,28,1,30,10.100000000000001,0,79.85000000000001,1.6,6.800000000000001
2015,1,28,2,30,9.5,0,81.96000000000001,1.6,6.6000000000000005
2015,1,28,3,30,9,0,83.56,1.6,6.4
2015,1,28,4,30,8.5,0,84.83,1.6,6.1000000000000005
2015,1,28,5,30,8.1,0,84.81,1.5,5.7
2015,1,28,6,30,8,0,82.87,1.5,5.300000000000001
2015,1,28,7,30,10.100000000000001,0,72.61,1.9000000000000001,5.4
2015,1,28,8,30,13.3,183,62.550000000000004,2.1,6.300000000000001
2015,1,28,9,30,16.2,381,54.36,1.9000000000000001,7
2015,1,28,10,30,19.8,544,50.370000000000005,2.3000000000000003,9.200000000000001
2015,1,28,11,30,23.1,653,42.99,3.3000000000000003,9.8
2015,1,28,12,30,24.8,697,34.95,4.2,8.3
2015,1,28,13,30,24.8,672,33.46,4.5,7.6000000000000005
2015,1,28,14,30,24.200000000000003,581,36.76,4.3,8.5
2015,1,28,15,30,23,437,43.08,3.9000000000000004,9.8
2015,1,28,16,30,20.400000000000002,252,53.9,3.2,10.8
2015,1,28,17,30,18,62,62.33,3,10.700000000000001
2015,1,28,18,30,17.3,0,61.88,3.5,9.9
2015,1,28,19,30,16.5,0,63.7,3.8000000000000003,9.600000000000001
2015,1,28,20,30,15.600000000000001,0,67.63,4,9.600000000000001
2015,1,28,21,30,14.8,0,71.93,4.2,9.8
2015,1,28,22,30,13.9,0,77.07000000000001,4,9.9
2015,1,28,23,30,13,0,82.44,3.6,10.100000000000001
2015,1,29,0,30,12.200000000000001,0,88.02,3.2,10.3
2015,1,29,1,30,11.600000000000001,0,92.71000000000001,3,10.5
2015,1,29,2,30,11.100000000000001,0,96.42,2.6,10.600000000000001
2015,1,29,3,30,10.8,0,98.15,2.3000000000000003,10.5
2015,1,29,4,30,10.5,0,99.27,2.1,10.4
2015,1,29,5,30,10.200000000000001,0,99.89,1.9000000000000001,10.200000000000001
2015,1,29,6,30,10.200000000000001,0,97.57000000000001,1.9000000000000001,9.8
2015,1,29,7,30,11.4,0,88.14,2.4000000000000004,9.5
2015,1,29,8,30,13.700000000000001,175,76.05,2.6,9.600000000000001
2015,1,29,9,30,16.1,368,66.16,2.4000000000000004,9.8
2015,1,29,10,30,18.3,529,56.49,2.6,9.5
2015,1,29,11,30,19.8,501,50.870000000000005,3.2,9.3
2015,1,29,12,30,20.400000000000002,582,48.59,3.8000000000000003,9.200000000000001
2015,1,29,13,30,20.5,446,47.54,4.3,9
2015,1,29,14,30,20.200000000000003,277,47.72,4.5,8.8
2015,1,29,15,30,19.1,328,49.7,4.5,8.3
2015,1,29,16,30,17.1,109,54.07,4,7.7
2015,1,29,17,30,14.700000000000001,38,60.03,3.6,7
2015,1,29,18,30,13.200000000000001,0,62.07,3.7,6.1000000000000005
2015,1,29,19,30,12.4,0,61.51,3.9000000000000004,5.2
2015,1,29,20,30,11.8,0,61.35,4,4.6000000000000005
2015,1,29,21,30,11.100000000000001,0,62.050000000000004,3.9000000000000004,4.1000000000000005
2015,1,29,22,30,10.3,0,63.4,3.9000000000000004,3.7
2015,1,29,23,30,9.5,0,64.66,3.8000000000000003,3.2
2015,1,30,0,30,8.8,0,66.08,3.7,2.8000000000000003
2015,1,30,1,30,8,0,69.19,3.4000000000000004,2.7
2015,1,30,2,30,7.4,0,72.26,3.3000000000000003,2.7
2015,1,30,3,30,6.800000000000001,0,75.31,3.2,2.7
2015,1,30,4,30,6.2,0,78.56,3,2.7
2015,1,30,5,30,5.800000000000001,0,80.21000000000001,3.1,2.7
2015,1,30,6,30,5.5,0,81.49,3.2,2.6
2015,1,30,7,30,6,2,78.42,3.6,2.5
2015,1,30,8,30,7.300000000000001,51,69.13,4.1000000000000005,2
2015,1,30,9,30,8.8,141,58.46,4.1000000000000005,1.1
2015,1,30,10,30,10.3,251,52.83,3.6,1.1
2015,1,30,11,30,11.700000000000001,392,49.57,3.2,1.5
2015,1,30,12,30,12.600000000000001,558,47.81,3,1.8
2015,1,30,13,30,13.100000000000001,410,47.09,2.9000000000000004,2.1
2015,1,30,14,30,13.200000000000001,259,47.26,2.9000000000000004,2.2
2015,1,30,15,30,12.9,155,48.56,2.8000000000000003,2.3000000000000003
2015,1,30,16,30,11.8,39,53.89,2,2.8000000000000003
2015,1,30,17,30,10.4,18,70.9,1.2000000000000002,5.300000000000001
2015,1,30,18,30,9.700000000000001,0,76.83,1.2000000000000002,5.800000000000001
2015,1,30,19,30,9.3,0,77.07000000000001,1.5,5.5
2015,1,30,20,30,9,0,76.4,1.8,5.1000000000000005
2015,1,30,21,30,8.6,0,77.08,2,4.800000000000001
2015,1,30,22,30,7.9,0,80.37,2.1,4.7
2015,1,30,23,30,6.9,0,85.03,2,4.6000000000000005
2015,1,31,0,30,6.1000000000000005,0,88.53,1.9000000000000001,4.3
2015,1,31,1,30,5.6000000000000005,0,90.49,1.8,4.2
2015,1,31,2,30,5.5,0,90.29,1.9000000000000001,4
2015,1,31,3,30,5.300000000000001,0,90.63,1.9000000000000001,3.9000000000000004
2015,1,31,4,30,4.9,0,92.45,1.9000000000000001,3.8000000000000003
2015,1,31,5,30,4.6000000000000005,0,93.91,1.8,3.7
2015,1,31,6,30,4.7,0,92.66,2.1,3.6
2015,1,31,7,30,5.5,3,87.23,2.7,3.5
2015,1,31,8,30,6.6000000000000005,72,80.78,3,3.5
2015,1,31,9,30,8.3,64,72.04,3.3000000000000003,3.6
2015,1,31,10,30,10.200000000000001,113,65.36,3.6,4
2015,1,31,11,30,11.8,256,67.47,3.8000000000000003,6
2015,1,31,12,30,12.600000000000001,261,72.04,3.9000000000000004,7.7
2015,1,31,13,30,12.8,310,76.87,4,8.8
2015,1,31,14,30,12.600000000000001,249,82.10000000000001,3.9000000000000004,9.600000000000001
2015,1,31,15,30,12.3,56,86.98,3.8000000000000003,10.200000000000001
2015,1,31,16,30,12,135,91.47,3.8000000000000003,10.700000000000001
2015,1,31,17,30,11.700000000000001,23,95.3,3.8000000000000003,11
2015,1,31,18,30,11.700000000000001,0,96.33,3.8000000000000003,11.100000000000001
2015,1,31,19,30,11.8,0,96.29,3.9000000000000004,11.200000000000001
2015,1,31,20,30,11.8,0,96.53,4,11.3
2015,1,31,21,30,12,0,95.78,4.3,11.3
2015,1,31,22,30,12.4,0,95.4,4.5,11.700000000000001
2015,1,31,23,30,12.9,0,95.19,4.5,12.100000000000001
2015,2,1,0,30,13.4,0,95.53,4.5,12.700000000000001
2015,2,1,1,30,13.8,0,96.48,4.2,13.200000000000001
2015,2,1,2,30,14.100000000000001,0,97.44,3.8000000000000003,13.700000000000001
2015,2,1,3,30,14.200000000000001,0,98.14,3.5,13.9
2015,2,1,4,30,14.3,0,98.14,3.5,14
2015,2,1,5,30,14.100000000000001,0,99.23,3.5,14
2015,2,1,6,30,14,0,98.42,3.4000000000000004,13.8
2015,2,1,7,30,14.600000000000001,13,93.92,3.6,13.600000000000001
2015,2,1,8,30,16,173,88.76,3.8000000000000003,14.100000000000001
2015,2,1,9,30,17.6,363,83.78,4.1000000000000005,14.8
2015,2,1,10,30,18.5,31,77.79,4.9,14.5
2015,2,1,11,30,18.400000000000002,642,71.59,5.800000000000001,13.200000000000001
2015,2,1,12,30,17.400000000000002,415,67.05,6.4,11.200000000000001
2015,2,1,13,30,16.3,316,61.63,6.800000000000001,8.9
2015,2,1,14,30,15.5,347,55.11,6.9,6.5
2015,2,1,15,30,14.4,453,50.42,6.7,4.2
2015,2,1,16,30,12.5,270,49.09,6.1000000000000005,2.1
2015,2,1,17,30,10.100000000000001,75,52.02,5,0.7000000000000001
2015,2,1,18,30,8.1,0,58.56,4.2,0.5
2015,2,1,19,30,6.800000000000001,0,63.13,4.1000000000000005,0.30000000000000004
2015,2,1,20,30,5.7,0,66.36,4.1000000000000005,-0.1
2015,2,1,21,30,4.7,0,67.86,4.4,-0.7000000000000001
2015,2,1,22,30,3.7,0,67.38,4.5,-1.8
2015,2,1,23,30,2.6,0,67.01,4.6000000000000005,-2.9000000000000004
2015,2,2,0,30,1.5,0,66.58,4.5,-4
2015,2,2,1,30,0.5,0,66.11,4.4,-5.1000000000000005
2015,2,2,2,30,-0.30000000000000004,0,65.32000000000001,4.4,-6
2015,2,2,3,30,-1.1,0,63.42,4.6000000000000005,-7.2
2015,2,2,4,30,-1.9000000000000001,0,58.88,4.6000000000000005,-8.9
2015,2,2,5,30,-2.7,0,59,4.2,-9.600000000000001
2015,2,2,6,30,-3.2,0,59.88,4,-9.9
2015,2,2,7,30,-2.7,19,56.9,4.1000000000000005,-10.100000000000001
2015,2,2,8,30,-1.2000000000000002,208,49.67,4.1000000000000005,-10.4
2015,2,2,9,30,0.6000000000000001,412,45.06,3.7,-10
2015,2,2,10,30,2.6,583,41.61,3.3000000000000003,-9.200000000000001
2015,2,2,11,30,4.5,695,39.14,2.9000000000000004,-8.200000000000001
2015,2,2,12,30,6,576,37.99,2.5,-7.300000000000001
2015,2,2,13,30,7,621,37.730000000000004,2.2,-6.5
2015,2,2,14,30,7.4,464,37.94,2,-6
2015,2,2,15,30,7.2,381,38.800000000000004,1.7000000000000002,-5.9
2015,2,2,16,30,6,222,42.95,1.2000000000000002,-5.7
2015,2,2,17,30,4.4,31,65.54,0.8,-1.5
2015,2,2,18,30,3.4000000000000004,0,69.43,0.8,-1.7000000000000002
2015,2,2,19,30,3,0,72.81,0.9,-1.4000000000000001
2015,2,2,20,30,2.7,0,74.75,0.9,-1.3
2015,2,2,21,30,2.5,0,75.34,1,-1.4000000000000001
2015,2,2,22,30,2.2,0,75.68,1.1,-1.7000000000000002
2015,2,2,23,30,2,0,76.04,1.2000000000000002,-1.8
2015,2,3,0,30,1.9000000000000001,0,76.14,1.3,-1.9000000000000001
2015,2,3,1,30,1.7000000000000002,0,76.60000000000001,1.5,-2
2015,2,3,2,30,1.6,0,76.68,1.5,-2.1
2015,2,3,3,30,1.5,0,79.12,1.3,-1.7000000000000002
2015,2,3,4,30,1.3,0,82.78,1.1,-1.3
2015,2,3,5,30,1.1,0,85.21000000000001,1.1,-1.1
2015,2,3,6,30,1.3,0,84.59,1.1,-1
2015,2,3,7,30,2.2,7,80.83,1.5,-0.8
2015,2,3,8,30,3.8000000000000003,68,69.9,1.9000000000000001,-1.2000000000000002
2015,2,3,9,30,5.7,244,61.39,2.2,-1.2000000000000002
2015,2,3,10,30,7.4,345,52.03,2.5,-1.8
2015,2,3,11,30,8.4,514,49.29,2.6,-1.6
2015,2,3,12,30,9,532,47.870000000000005,2.9000000000000004,-1.5
2015,2,3,13,30,9.4,367,47.03,3.1,-1.3
2015,2,3,14,30,9.4,358,47.4,3.2,-1.2000000000000002
2015,2,3,15,30,9,166,49.14,3,-1.1
2015,2,3,16,30,7.800000000000001,122,55.4,2.4000000000000004,-0.6000000000000001
2015,2,3,17,30,6.2,3,69.81,1.9000000000000001,1.1
2015,2,3,18,30,5.2,0,76.88,2.2,1.5
2015,2,3,19,30,4.7,0,80.58,2.4000000000000004,1.6
2015,2,3,20,30,4.4,0,84.81,2.4000000000000004,2.1
2015,2,3,21,30,4.1000000000000005,0,89.33,2.3000000000000003,2.5
2015,2,3,22,30,3.7,0,94.09,2.1,2.8000000000000003
2015,2,3,23,30,3.4000000000000004,0,97.29,2,3
2015,2,4,0,30,3.6,0,97.09,2.3000000000000003,3.2
2015,2,4,1,30,4,0,95.93,2.3000000000000003,3.4000000000000004
2015,2,4,2,30,4.2,0,95.85000000000001,2,3.6
2015,2,4,3,30,4.2,0,97.07000000000001,1.8,3.8000000000000003
2015,2,4,4,30,4.1000000000000005,0,98.33,1.8,3.9000000000000004
2015,2,4,5,30,3.9000000000000004,0,99,1.8,3.8000000000000003
2015,2,4,6,30,4.1000000000000005,0,97.39,1.9000000000000001,3.7
2015,2,4,7,30,5.5,4,89.71000000000001,2.5,3.9000000000000004
2015,2,4,8,30,7.9,10,80.93,3,4.800000000000001
2015,2,4,9,30,10.5,297,72.27,3.2,5.7
2015,2,4,10,30,12.700000000000001,259,66.22,3.6,6.6000000000000005
2015,2,4,11,30,14.3,360,63.27,3.9000000000000004,7.4
2015,2,4,12,30,15.4,297,61.82,4,8.1
2015,2,4,13,30,15.9,409,61.88,3.7,8.6
2015,2,4,14,30,15.9,432,62.93,3.2,8.8
2015,2,4,15,30,15.4,141,65.77,2.4000000000000004,9
2015,2,4,16,30,13.9,61,74.18,1.3,9.4
2015,2,4,17,30,11.9,14,89.02,0.9,10.100000000000001
2015,2,4,18,30,10.8,0,89.3,0.9,9.1
2015,2,4,19,30,10.200000000000001,0,92.75,0.9,9.1
2015,2,4,20,30,10,0,93.84,1,9.1
2015,2,4,21,30,9.9,0,94.05,1.9000000000000001,9
2015,2,4,22,30,9.200000000000001,0,95.22,3.7,8.5
2015,2,4,23,30,7.5,0,95.56,5.5,6.800000000000001
2015,2,5,0,30,5.4,0,88.47,6.2,3.6
2015,2,5,1,30,3.9000000000000004,0,77.89,5.9,0.4
2015,2,5,2,30,3.3000000000000003,0,73.69,5.6000000000000005,-0.9
2015,2,5,3,30,2.9000000000000004,0,73.96000000000001,5.6000000000000005,-1.3
2015,2,5,4,30,2.4000000000000004,0,74.76,5.5,-1.6
2015,2,5,5,30,1.7000000000000002,0,75.55,5.5,-2.2
2015,2,5,6,30,1.2000000000000002,0,74.77,5.4,-2.8000000000000003
2015,2,5,7,30,1.1,4,72.25,5.2,-3.3000000000000003
2015,2,5,8,30,1.5,31,68.56,5,-3.7
2015,2,5,9,30,2.4000000000000004,43,63.99,4.5,-3.7
2015,2,5,10,30,3.6,90,59.9,4.1000000000000005,-3.5
2015,2,5,11,30,4.9,136,56.63,3.7,-3
2015,2,5,12,30,6,162,54.44,3.5,-2.5
2015,2,5,13,30,6.800000000000001,169,53.85,3.3000000000000003,-1.9000000000000001
2015,2,5,14,30,7.2,172,54.550000000000004,3,-1.4000000000000001
2015,2,5,15,30,6.800000000000001,98,57.47,2.6,-1
2015,2,5,16,30,5.7,70,63.04,1.8,-0.8
2015,2,5,17,30,4,20,75.81,1.2000000000000002,0.1
2015,2,5,18,30,2.7,0,87.23,1,0.8
2015,2,5,19,30,2.1,0,88.22,1,0.4
2015,2,5,20,30,1.5,0,89.37,1,-0.1
2015,2,5,21,30,1.1,0,89.76,0.8,-0.4
2015,2,5,22,30,0.9,0,89.11,0.7000000000000001,-0.7000000000000001
2015,2,5,23,30,0.7000000000000001,0,88.75,0.7000000000000001,-0.9
2015,2,6,0,30,0.7000000000000001,0,88.24,0.6000000000000001,-1
2015,2,6,1,30,0.7000000000000001,0,88.58,0.5,-1
2015,2,6,2,30,0.6000000000000001,0,89.54,0.4,-0.9
2015,2,6,3,30,0.6000000000000001,0,89.87,0.4,-0.9
2015,2,6,4,30,0.6000000000000001,0,90.32000000000001,0.30000000000000004,-0.8
2015,2,6,5,30,0.5,0,91.37,0.30000000000000004,-0.7000000000000001
2015,2,6,6,30,0.6000000000000001,0,90.74,0.2,-0.7000000000000001
2015,2,6,7,30,2,4,83.36,0.5,-0.5
2015,2,6,8,30,4.800000000000001,79,70.82000000000001,1.1,-0.1
2015,2,6,9,30,7.800000000000001,408,59.18,1.8,0.30000000000000004
2015,2,6,10,30,10.200000000000001,578,52.870000000000005,2.3000000000000003,1
2015,2,6,11,30,11.9,572,49.69,2.7,1.7000000000000002
2015,2,6,12,30,13.200000000000001,626,47.410000000000004,3,2.2
2015,2,6,13,30,14,590,46.34,3,2.7
2015,2,6,14,30,14.5,602,46.04,3,3
2015,2,6,15,30,14.200000000000001,487,48.11,2.8000000000000003,3.4000000000000004
2015,2,6,16,30,12.100000000000001,295,57.36,2.1,3.9000000000000004
2015,2,6,17,30,9.1,91,77.67,1.8,5.4
2015,2,6,18,30,7.9,0,79.36,2.3000000000000003,4.5
2015,2,6,19,30,7.6000000000000005,0,80.91,3,4.5
2015,2,6,20,30,7.300000000000001,0,83.69,3.5,4.7
2015,2,6,21,30,6.6000000000000005,0,89.48,3.6,5
2015,2,6,22,30,5.9,0,95.10000000000001,3.5,5.2
2015,2,6,23,30,5.300000000000001,0,100,3.3000000000000003,5.300000000000001
2015,2,7,0,30,5.1000000000000005,0,100,3.3000000000000003,5.1000000000000005
2015,2,7,1,30,5.300000000000001,0,99.7,3.5,5.300000000000001
2015,2,7,2,30,5.4,0,97.99000000000001,3.7,5.1000000000000005
2015,2,7,3,30,5.5,0,97.02,3.9000000000000004,5.1000000000000005
2015,2,7,4,30,5.5,0,97.57000000000001,3.9000000000000004,5.1000000000000005
2015,2,7,5,30,5.4,0,97.85000000000001,3.8000000000000003,5.1000000000000005
2015,2,7,6,30,5.300000000000001,0,96.72,3.8000000000000003,4.800000000000001
2015,2,7,7,30,5.800000000000001,22,93.08,4,4.800000000000001
2015,2,7,8,30,7.2,200,87.7,4.7,5.300000000000001
2015,2,7,9,30,9.700000000000001,403,79.79,5.4,6.4
2015,2,7,10,30,13.200000000000001,576,68.26,5.800000000000001,7.5
2015,2,7,11,30,16.6,693,58.15,6.2,8.3
2015,2,7,12,30,18.8,751,51.88,6.4,8.700000000000001
2015,2,7,13,30,20.1,731,48.300000000000004,6.5,8.8
2015,2,7,14,30,20.6,640,47.01,6.4,8.9
2015,2,7,15,30,20,492,49.08,6.1000000000000005,9
2015,2,7,16,30,18.1,300,56.78,5.300000000000001,9.4
2015,2,7,17,30,15.700000000000001,94,67.94,4.800000000000001,9.8
2015,2,7,18,30,14,0,76.47,4.6000000000000005,9.9
2015,2,7,19,30,13.200000000000001,0,81.88,4.7,10.200000000000001
2015,2,7,20,30,12.600000000000001,0,85.82000000000001,4.800000000000001,10.3
2015,2,7,21,30,11.700000000000001,0,91.62,4.7,10.4
2015,2,7,22,30,11.100000000000001,0,95.56,5,10.4
2015,2,7,23,30,10.5,0,99.14,5,10.4
2015,2,8,0,30,10,0,100,4.7,10
2015,2,8,1,30,9.700000000000001,0,100,4.7,9.700000000000001
2015,2,8,2,30,9.600000000000001,0,100,4.6000000000000005,9.600000000000001
2015,2,8,3,30,9.5,0,100,4.4,9.5
2015,2,8,4,30,9.5,0,100,4.3,9.5
2015,2,8,5,30,9.5,0,100,4.3,9.5
2015,2,8,6,30,9.9,0,99.19,4.5,9.8
2015,2,8,7,30,11.5,24,90.5,4.800000000000001,10
2015,2,8,8,30,14.200000000000001,208,80.25,5.4,10.8
2015,2,8,9,30,17,409,71.54,5.6000000000000005,11.8
2015,2,8,10,30,19.3,579,61.910000000000004,5,11.8
2015,2,8,11,30,21,695,54.22,4.3,11.4
2015,2,8,12,30,22.1,743,49.46,3.6,11
2015,2,8,13,30,22.700000000000003,723,46.78,2.8000000000000003,10.700000000000001
2015,2,8,14,30,22.8,633,45.76,2.1,10.5
2015,2,8,15,30,22.200000000000003,487,46.85,1.6,10.3
2015,2,8,16,30,19.900000000000002,297,58.18,1.1,11.4
2015,2,8,17,30,16.8,94,75.99,1.1,12.5
2015,2,8,18,30,14.700000000000001,0,75.66,1.3,10.4
2015,2,8,19,30,13.600000000000001,0,79.87,1.5,10.200000000000001
2015,2,8,20,30,12.8,0,82.82000000000001,1.7000000000000002,10
2015,2,8,21,30,12.200000000000001,0,85.38,1.8,9.8
2015,2,8,22,30,11.8,0,87.42,1.8,9.8
2015,2,8,23,30,11.4,0,90.14,1.9000000000000001,9.8
2015,2,9,0,30,10.9,0,93.8,1.8,9.9
2015,2,9,1,30,10.5,0,97.19,1.8,10.100000000000001
2015,2,9,2,30,10.100000000000001,0,100,1.7000000000000002,10.100000000000001
2015,2,9,3,30,9.8,0,100,1.7000000000000002,9.8
2015,2,9,4,30,9.5,0,100,1.8,9.5
2015,2,9,5,30,9.3,0,98.34,1.9000000000000001,9.1
2015,2,9,6,30,9.700000000000001,0,89.58,2.2,8.1
2015,2,9,7,30,11.700000000000001,27,74.34,3.1,7.300000000000001
2015,2,9,8,30,14.600000000000001,217,60.370000000000005,3.3000000000000003,7
2015,2,9,9,30,17.7,420,53.03,2.9000000000000004,8
2015,2,9,10,30,21.1,589,44.980000000000004,2.9000000000000004,8.700000000000001
2015,2,9,11,30,23.6,704,38.160000000000004,3.1,8.5
2015,2,9,12,30,24.700000000000003,754,35.27,3.3000000000000003,8.3
2015,2,9,13,30,24.900000000000002,734,34.67,3.3000000000000003,8.200000000000001
2015,2,9,14,30,24.6,644,34.93,3.1,8.1
2015,2,9,15,30,23.5,496,37.59,2.3000000000000003,8.200000000000001
2015,2,9,16,30,20.700000000000003,306,54.81,1.5,11.3
2015,2,9,17,30,17.5,99,71.87,1.3,12.4
2015,2,9,18,30,15.600000000000001,0,67.41,1.4000000000000001,9.600000000000001
2015,2,9,19,30,14.3,0,70.8,1.5,9.1
2015,2,9,20,30,13.200000000000001,0,73.49,1.5,8.6
2015,2,9,21,30,12.200000000000001,0,76.16,1.6,8.1
2015,2,9,22,30,11.4,0,78.53,1.7000000000000002,7.800000000000001
2015,2,9,23,30,10.600000000000001,0,81.39,1.8,7.5
2015,2,10,0,30,9.8,0,84.67,1.8,7.300000000000001
2015,2,10,1,30,9.1,0,87.74,1.7000000000000002,7.2
2015,2,10,2,30,8.3,0,91.83,1.5,7
2015,2,10,3,30,7.7,0,95.53,1.3,7
2015,2,10,4,30,7.300000000000001,0,98.77,1.2000000000000002,7.1000000000000005
2015,2,10,5,30,7.1000000000000005,0,100,1.1,7.1000000000000005
2015,2,10,6,30,7.4,0,99.14,1,7.300000000000001
2015,2,10,7,30,9.5,27,87.37,1.3,7.5
2015,2,10,8,30,12.600000000000001,217,74.42,1.8,8.200000000000001
2015,2,10,9,30,15.8,422,64.1,2.5,9
2015,2,10,10,30,19,593,53.34,3.3000000000000003,9.3
2015,2,10,11,30,21.3,709,45.58,3.7,9.1
2015,2,10,12,30,22.8,762,41.800000000000004,3.7,9.1
2015,2,10,13,30,23.700000000000003,741,40.32,3.8000000000000003,9.4
2015,2,10,14,30,24,650,40.160000000000004,3.7,9.600000000000001
2015,2,10,15,30,23.400000000000002,501,42.19,3.2,9.8
2015,2,10,16,30,20.700000000000003,308,56.7,2.3000000000000003,11.8
2015,2,10,17,30,17.6,101,70.68,2.2,12.200000000000001
2015,2,10,18,30,16.3,0,70.52,2.6,10.9
2015,2,10,19,30,15.700000000000001,0,71.98,3,10.700000000000001
2015,2,10,20,30,15.100000000000001,0,73.87,3.3000000000000003,10.5
2015,2,10,21,30,14.3,0,77.18,3.6,10.4
2015,2,10,22,30,13.5,0,81.42,3.8000000000000003,10.4
2015,2,10,23,30,12.5,0,86.97,3.5,10.4
2015,2,11,0,30,11.5,0,92.95,3.1,10.4
2015,2,11,1,30,10.700000000000001,0,98.19,2.8000000000000003,10.4
2015,2,11,2,30,10.100000000000001,0,100,2.4000000000000004,10.100000000000001
2015,2,11,3,30,9.4,0,100,2.1,9.4
2015,2,11,4,30,8.700000000000001,0,100,1.8,8.700000000000001
2015,2,11,5,30,8.1,0,100,1.5,8.1
2015,2,11,6,30,8.200000000000001,0,100,1.4000000000000001,8.200000000000001
2015,2,11,7,30,9.9,12,95.09,1.5,9.200000000000001
2015,2,11,8,30,12.8,96,79.95,1.4000000000000001,9.4
2015,2,11,9,30,15.9,200,70.43,1.2000000000000002,10.5
2015,2,11,10,30,18.7,292,62.86,1.2000000000000002,11.5
2015,2,11,11,30,20.900000000000002,715,53.59,1.1,11.100000000000001
2015,2,11,12,30,22.5,633,45.24,1,10.100000000000001
2015,2,11,13,30,23.400000000000002,744,39.76,1,8.9
2015,2,11,14,30,23.5,653,38.6,1.2000000000000002,8.6
2015,2,11,15,30,22.8,500,40.44,1.3,8.700000000000001
2015,2,11,16,30,20.3,306,52.45,1.2000000000000002,10.3
2015,2,11,17,30,17,99,74.85000000000001,1.5,12.5
2015,2,11,18,30,15.3,0,74.43,2.3000000000000003,10.8
2015,2,11,19,30,14.4,0,78.11,3.4000000000000004,10.600000000000001
2015,2,11,20,30,13.3,0,81.96000000000001,4.3,10.3
2015,2,11,21,30,12.100000000000001,0,84.32000000000001,4.800000000000001,9.5
2015,2,11,22,30,10.9,0,81.78,5,7.9
2015,2,11,23,30,9.700000000000001,0,75.17,5.1000000000000005,5.5
2015,2,12,0,30,8.6,0,68.87,5.1000000000000005,3.2
2015,2,12,1,30,7.5,0,66.93,5.1000000000000005,1.8
2015,2,12,2,30,6.6000000000000005,0,67.01,4.9,0.9
2015,2,12,3,30,5.7,0,68.28,4.5,0.30000000000000004
2015,2,12,4,30,5.1000000000000005,0,69.37,4.1000000000000005,0
2015,2,12,5,30,4.6000000000000005,0,70.88,4,-0.2
2015,2,12,6,30,4.5,0,70.94,4.1000000000000005,-0.30000000000000004
2015,2,12,7,30,5.2,28,66.96000000000001,4.7,-0.4
2015,2,12,8,30,6.800000000000001,209,56,5.2,-1.4000000000000001
2015,2,12,9,30,8.8,412,47.6,5,-1.7000000000000002
2015,2,12,10,30,10.8,582,42.38,4.7,-1.5
2015,2,12,11,30,12.5,698,39.13,4.7,-1
2015,2,12,12,30,13.8,752,36.88,4.6000000000000005,-0.7000000000000001
2015,2,12,13,30,14.600000000000001,732,35.67,4.4,-0.4
2015,2,12,14,30,14.9,644,35.35,4.2,-0.30000000000000004
2015,2,12,15,30,14.4,496,36.44,3.9000000000000004,-0.30000000000000004
2015,2,12,16,30,12.600000000000001,306,40.97,2.8000000000000003,-0.30000000000000004
2015,2,12,17,30,9.700000000000001,101,60.07,1.7000000000000002,2.3000000000000003
2015,2,12,18,30,7.9,0,70.44,1.6,2.9000000000000004
2015,2,12,19,30,7.1000000000000005,0,73.52,1.6,2.7
2015,2,12,20,30,6.5,0,76.24,1.5,2.6
2015,2,12,21,30,5.800000000000001,0,79.57000000000001,1.4000000000000001,2.5
2015,2,12,22,30,5.300000000000001,0,81.5,1.2000000000000002,2.4000000000000004
2015,2,12,23,30,5.1000000000000005,0,80.99,1.1,2.1
2015,2,13,0,30,5,0,79.45,1.1,1.7000000000000002
2015,2,13,1,30,5,0,77.72,1,1.4000000000000001
2015,2,13,2,30,4.800000000000001,0,77.62,0.9,1.2000000000000002
2015,2,13,3,30,4.4,0,79.29,0.9,1.1
2015,2,13,4,30,4,0,81.54,0.9,1.1
2015,2,13,5,30,3.7,0,83.49,0.9,1.2000000000000002
2015,2,13,6,30,3.9000000000000004,0,82.84,0.9,1.2000000000000002
2015,2,13,7,30,5.5,31,78.28,1.1,2
2015,2,13,8,30,8.6,216,64.85,1.4000000000000001,2.4000000000000004
2015,2,13,9,30,12.200000000000001,417,50.08,1.8,2.1
2015,2,13,10,30,14.8,425,40.96,2.2,1.7000000000000002
2015,2,13,11,30,16.5,395,38.82,2.5,2.4000000000000004
2015,2,13,12,30,18,749,38.04,2.8000000000000003,3.5
2015,2,13,13,30,19.1,493,38.58,3,4.7
2015,2,13,14,30,19.700000000000003,642,40.03,2.8000000000000003,5.7
2015,2,13,15,30,19.5,495,42.99,2.3000000000000003,6.6000000000000005
2015,2,13,16,30,17.6,308,54.44,1.4000000000000001,8.3
2015,2,13,17,30,14.600000000000001,105,78.01,1.2000000000000002,10.8
2015,2,13,18,30,12.700000000000001,0,75.88,1.5,8.6
2015,2,13,19,30,11.8,0,79.21000000000001,1.9000000000000001,8.3
2015,2,13,20,30,11.200000000000001,0,81.83,2.2,8.200000000000001
2015,2,13,21,30,10.700000000000001,0,84.8,2.4000000000000004,8.200000000000001
2015,2,13,22,30,10.200000000000001,0,88.64,2.4000000000000004,8.4
2015,2,13,23,30,9.600000000000001,0,93.42,2.2,8.6
2015,2,14,0,30,9,0,98.73,1.9000000000000001,8.8
2015,2,14,1,30,8.700000000000001,0,100,1.8,8.700000000000001
2015,2,14,2,30,8.4,0,100,1.8,8.4
2015,2,14,3,30,8.1,0,100,1.8,8.1
2015,2,14,4,30,7.7,0,100,1.7000000000000002,7.7
2015,2,14,5,30,7.2,0,100,1.7000000000000002,7.2
2015,2,14,6,30,7.6000000000000005,0,99.86,1.8,7.6000000000000005
2015,2,14,7,30,9.8,37,86.03,2.4000000000000004,7.6000000000000005
2015,2,14,8,30,13.100000000000001,233,71.2,2.5,8
2015,2,14,9,30,16.8,440,59.89,2.4000000000000004,9
2015,2,14,10,30,20.3,610,49.85,2.4000000000000004,9.5
2015,2,14,11,30,22.700000000000003,727,41.89,2.1,9.1
2015,2,14,12,30,23.900000000000002,777,37.910000000000004,1.5,8.700000000000001
2015,2,14,13,30,24.400000000000002,757,36.300000000000004,0.9,8.5
2015,2,14,14,30,24.400000000000002,668,35.85,0.4,8.3
2015,2,14,15,30,24,519,36.67,0.5,8.3
2015,2,14,16,30,21.900000000000002,325,45.69,0.9,9.700000000000001
2015,2,14,17,30,18.400000000000002,114,67.56,1.2000000000000002,12.3
2015,2,14,18,30,15.9,0,68.58,1.5,10.100000000000001
2015,2,14,19,30,14.9,0,72.58,1.6,10
2015,2,14,20,30,14.4,0,74.88,1.9000000000000001,10
2015,2,14,21,30,14.100000000000001,0,77.88,2.3000000000000003,10.3
2015,2,14,22,30,13.9,0,82.51,2.5,11
2015,2,14,23,30,13.5,0,89.65,2.6,11.8
2015,2,15,0,30,13.200000000000001,0,95.94,2.6,12.600000000000001
2015,2,15,1,30,13.100000000000001,0,99.37,2.6,13
2015,2,15,2,30,12.8,0,100,2.2,12.8
2015,2,15,3,30,12.4,0,100,1.9000000000000001,12.4
2015,2,15,4,30,12.100000000000001,0,100,1.8,12.100000000000001
2015,2,15,5,30,12,0,100,1.8,12
2015,2,15,6,30,12.4,0,100,1.9000000000000001,12.4
2015,2,15,7,30,13.5,11,94.9,2.5,12.700000000000001
2015,2,15,8,30,15,59,87.45,2.9000000000000004,12.9
2015,2,15,9,30,16.7,222,80.61,3.3000000000000003,13.3
2015,2,15,10,30,18.900000000000002,277,73.33,4.1000000000000005,14
2015,2,15,11,30,20.6,439,68.89,4.6000000000000005,14.700000000000001
2015,2,15,12,30,21.3,388,67.5,4.800000000000001,15
2015,2,15,13,30,21.1,277,69.48,4.7,15.3
2015,2,15,14,30,20.400000000000002,250,74.13,4.4,15.600000000000001
2015,2,15,15,30,19.5,140,80.69,3.8000000000000003,16.1
2015,2,15,16,30,18.5,68,87.88,3.2,16.5
2015,2,15,17,30,17.6,28,93.9,2.8000000000000003,16.6
2015,2,15,18,30,17,0,97.39,2.8000000000000003,16.6
2015,2,15,19,30,16.8,0,98.34,2.9000000000000004,16.5
2015,2,15,20,30,16.7,0,98.15,3.1,16.400000000000002
2015,2,15,21,30,16.6,0,98.09,3.5,16.3
2015,2,15,22,30,16.6,0,97.63,4.1000000000000005,16.2
2015,2,15,23,30,16.6,0,97.63,4.4,16.2
2015,2,16,0,30,16.3,0,99.17,4,16.2
2015,2,16,1,30,15.4,0,100,3.3000000000000003,15.4
2015,2,16,2,30,13.3,0,100,3.5,13.3
2015,2,16,3,30,10,0,100,5.300000000000001,10
2015,2,16,4,30,6.300000000000001,0,100,6.9,6.300000000000001
2015,2,16,5,30,3.8000000000000003,0,88.04,7.2,2
2015,2,16,6,30,2.8000000000000003,0,79.81,6.9,-0.30000000000000004
2015,2,16,7,30,2.5,3,75.89,6.7,-1.3
2015,2,16,8,30,2.7,9,71.54,6.6000000000000005,-1.9000000000000001
2015,2,16,9,30,3,17,67.84,6.6000000000000005,-2.4000000000000004
2015,2,16,10,30,3.3000000000000003,54,65.05,6.7,-2.6
2015,2,16,11,30,3.7,78,62.49,6.6000000000000005,-2.8000000000000003
2015,2,16,12,30,4.5,66,58.24,6.5,-3
2015,2,16,13,30,5.2,114,54.230000000000004,6.300000000000001,-3.3000000000000003
2015,2,16,14,30,5.5,74,52.31,6.2,-3.5
2015,2,16,15,30,5.1000000000000005,166,53.56,5.9,-3.6
2015,2,16,16,30,4.1000000000000005,109,57.120000000000005,5.5,-3.6
2015,2,16,17,30,3,81,61.01,4.800000000000001,-3.8000000000000003
2015,2,16,18,30,2.3000000000000003,0,64.07000000000001,4.3,-3.8000000000000003
2015,2,16,19,30,1.7000000000000002,0,66.92,4.1000000000000005,-3.8000000000000003
2015,2,16,20,30,1.2000000000000002,0,69.78,3.8000000000000003,-3.7
2015,2,16,21,30,0.5,0,74.48,3.2,-3.5
2015,2,16,22,30,-0.4,0,81.11,2.4000000000000004,-3.2
2015,2,16,23,30,-1.1,0,86.53,2,-3.1
2015,2,17,0,30,-1.6,0,89.22,2.1,-3.1
2015,2,17,1,30,-2,0,90.87,2.2,-3.3000000000000003
2015,2,17,2,30,-2.4000000000000004,0,91.92,2.1,-3.5
2015,2,17,3,30,-2.6,0,91.17,2.2,-3.8000000000000003
2015,2,17,4,30,-2.4000000000000004,0,88.05,2.6,-4.1000000000000005
2015,2,17,5,30,-2.2,0,85.75,2.6,-4.3
2015,2,17,6,30,-1.7000000000000002,0,82.91,2.5,-4.2
2015,2,17,7,30,-0.30000000000000004,7,73.81,3.3000000000000003,-4.4
2015,2,17,8,30,1.7000000000000002,12,57.63,3.8000000000000003,-5.800000000000001
2015,2,17,9,30,3.7,168,49.18,3.7,-6
2015,2,17,10,30,5.9,131,44.27,3.4000000000000004,-5.4
2015,2,17,11,30,8.1,290,40.69,3.3000000000000003,-4.5
2015,2,17,12,30,10,660,38.84,3.3000000000000003,-3.4000000000000004
2015,2,17,13,30,11.3,782,38.43,3.2,-2.4000000000000004
2015,2,17,14,30,11.8,691,38.9,3.1,-1.8
2015,2,17,15,30,11.600000000000001,537,40.22,2.9000000000000004,-1.5
2015,2,17,16,30,10.100000000000001,339,45.58,2,-1.1
2015,2,17,17,30,7.7,124,67.99,1.2000000000000002,2.2
2015,2,17,18,30,6.300000000000001,0,74.09,1.1,2
2015,2,17,19,30,6.300000000000001,0,71.15,1,1.5
2015,2,17,20,30,6.6000000000000005,0,65.95,0.6000000000000001,0.7000000000000001
2015,2,17,21,30,6.2,0,64.83,0.6000000000000001,0.1
2015,2,17,22,30,4.7,0,70.86,1,-0.1
2015,2,17,23,30,3.1,0,79.89,1.3,0
2015,2,18,0,30,2.3000000000000003,0,83.88,1.4000000000000001,-0.1
2015,2,18,1,30,1.9000000000000001,0,85.03,1.4000000000000001,-0.4
2015,2,18,2,30,1.5,0,85.76,1.4000000000000001,-0.6000000000000001
2015,2,18,3,30,1.1,0,86.89,1.3,-0.8
2015,2,18,4,30,0.7000000000000001,0,88.76,1.3,-0.9
2015,2,18,5,30,0.2,0,92.10000000000001,1.2000000000000002,-0.9
2015,2,18,6,30,0.9,0,88.29,1.2000000000000002,-0.8
2015,2,18,7,30,3.6,49,77.72,1.4000000000000001,0.1
2015,2,18,8,30,7.4,255,61.46,1.2000000000000002,0.5
2015,2,18,9,30,11.100000000000001,463,47.660000000000004,1.1,0.4
2015,2,18,10,30,13.700000000000001,636,39.47,1.7000000000000002,0.2
2015,2,18,11,30,15.100000000000001,754,36.2,1.9000000000000001,0.2
2015,2,18,12,30,16,804,34.730000000000004,1.8,0.4
2015,2,18,13,30,16.6,781,33.85,1.6,0.6000000000000001
2015,2,18,14,30,16.8,691,33.5,1.2000000000000002,0.6000000000000001
2015,2,18,15,30,16.5,540,34.15,0.7000000000000001,0.6000000000000001
2015,2,18,16,30,15,343,38.72,0.6000000000000001,1
2015,2,18,17,30,12.100000000000001,128,63.52,0.9,5.4
2015,2,18,18,30,9.5,0,64.97,1.2000000000000002,3.2
2015,2,18,19,30,8.200000000000001,0,70.43,1.3,3.1
2015,2,18,20,30,7.300000000000001,0,73.19,1.3,2.8000000000000003
2015,2,18,21,30,6.5,0,76.24,1.3,2.6
2015,2,18,22,30,5.800000000000001,0,79.17,1.3,2.5
2015,2,18,23,30,5,0,82.9,1.3,2.3000000000000003
2015,2,19,0,30,4.3,0,86.3,1.3,2.2
2015,2,19,1,30,3.8000000000000003,0,88.54,1.2000000000000002,2.1
2015,2,19,2,30,3.4000000000000004,0,91.24,1.1,2.1
2015,2,19,3,30,3.1,0,93.53,1.1,2.2
2015,2,19,4,30,2.8000000000000003,0,95.17,1.3,2.1
2015,2,19,5,30,2.3000000000000003,0,97.68,1.7000000000000002,2
2015,2,19,6,30,2.4000000000000004,0,95.4,2.3000000000000003,1.7000000000000002
2015,2,19,7,30,3.7,34,86.43,3.1,1.6
2015,2,19,8,30,6,175,72.7,3.6,1.5
2015,2,19,9,30,8.8,352,60.65,3.7,1.6
2015,2,19,10,30,11.8,512,52.51,3.8000000000000003,2.4000000000000004
2015,2,19,11,30,14.4,756,46.57,4,3.1
2015,2,19,12,30,16.3,804,42.730000000000004,4.3,3.6
2015,2,19,13,30,17.400000000000002,783,41.35,4.6000000000000005,4.1000000000000005
2015,2,19,14,30,17.8,691,41.69,4.7,4.6000000000000005
2015,2,19,15,30,17.7,540,43.36,4.6000000000000005,5.1000000000000005
2015,2,19,16,30,16.1,342,50.120000000000005,3.7,5.7
2015,2,19,17,30,13.600000000000001,127,64.2,3.1,7
2015,2,19,18,30,12.3,0,71.32000000000001,3.7,7.300000000000001
2015,2,19,19,30,11.8,0,76.09,4.3,7.7
2015,2,19,20,30,11.3,0,81.79,4.5,8.3
2015,2,19,21,30,10.700000000000001,0,88.32000000000001,4.4,8.8
2015,2,19,22,30,10,0,95.64,3.9000000000000004,9.3
2015,2,19,23,30,9.600000000000001,0,100,3.6,9.600000000000001
2015,2,20,0,30,9.4,0,100,3.5,9.4
2015,2,20,1,30,9.5,0,100,3.5,9.5
2015,2,20,2,30,10,0,97.59,3.8000000000000003,9.600000000000001
2015,2,20,3,30,10.600000000000001,0,96,3.9000000000000004,10
2015,2,20,4,30,10.600000000000001,0,98.37,3.3000000000000003,10.4
2015,2,20,5,30,10.700000000000001,0,99.3,3,10.600000000000001
2015,2,20,6,30,11.5,0,96.63,3.7,11
2015,2,20,7,30,13.200000000000001,11,90.44,4.6000000000000005,11.700000000000001
2015,2,20,8,30,15.3,54,84.75,5.4,12.700000000000001
2015,2,20,9,30,17.3,139,79.62,6.300000000000001,13.700000000000001
2015,2,20,10,30,19,117,73.75,7.4,14.200000000000001
2015,2,20,11,30,20.1,266,68.87,7.9,14.200000000000001
2015,2,20,12,30,20.900000000000002,155,65.54,7.800000000000001,14.200000000000001
2015,2,20,13,30,21.700000000000003,453,62.97,7.7,14.3
2015,2,20,14,30,22.200000000000003,236,61.43,7.5,14.4
2015,2,20,15,30,22,115,62.75,7.1000000000000005,14.600000000000001
2015,2,20,16,30,21.1,320,67.7,6.6000000000000005,14.9
2015,2,20,17,30,19.700000000000003,68,75.55,6.2,15.3
2015,2,20,18,30,18.5,0,82.9,6.4,15.5
2015,2,20,19,30,17.7,0,88.13,6.7,15.700000000000001
2015,2,20,20,30,17.1,0,91.64,6.800000000000001,15.700000000000001
2015,2,20,21,30,16.8,0,93.46000000000001,6.9,15.700000000000001
2015,2,20,22,30,16.8,0,93.68,7,15.8
2015,2,20,23,30,16.8,0,93.7,7,15.8
2015,2,21,0,30,17,0,92.48,7,15.8
2015,2,21,1,30,17.1,0,91.97,7.1000000000000005,15.8
2015,2,21,2,30,17.2,0,91.4,7.1000000000000005,15.8
2015,2,21,3,30,17.1,0,92,7,15.8
2015,2,21,4,30,16.900000000000002,0,93.2,6.4,15.8
2015,2,21,5,30,16.5,0,95.51,5.1000000000000005,15.8
2015,2,21,6,30,16.3,0,96.10000000000001,4.1000000000000005,15.700000000000001
2015,2,21,7,30,16.5,18,93.25,3.8000000000000003,15.4
2015,2,21,8,30,16.7,26,87.9,3.8000000000000003,14.700000000000001
2015,2,21,9,30,16.900000000000002,55,80.81,3.9000000000000004,13.600000000000001
2015,2,21,10,30,17.2,46,73.2,3.9000000000000004,12.4
2015,2,21,11,30,17.6,230,66.66,3.9000000000000004,11.3
2015,2,21,12,30,18.1,431,61.01,3.9000000000000004,10.5
2015,2,21,13,30,18.6,573,56.53,3.7,9.8
2015,2,21,14,30,18.8,487,54.27,3.5,9.4
2015,2,21,15,30,18.3,344,54.64,3.5,9
2015,2,21,16,30,16.7,336,58.660000000000004,3.1,8.6
2015,2,21,17,30,14,91,70.08,2.6,8.6
2015,2,21,18,30,12.100000000000001,0,78.11,2.7,8.4
2015,2,21,19,30,11.4,0,78.82000000000001,2.9000000000000004,7.9
2015,2,21,20,30,10.700000000000001,0,80.91,2.9000000000000004,7.6000000000000005
2015,2,21,21,30,9.9,0,83.62,2.7,7.300000000000001
2015,2,21,22,30,9.1,0,86.52,2.4000000000000004,7
2015,2,21,23,30,8.4,0,89.42,2.2,6.800000000000001
2015,2,22,0,30,7.800000000000001,0,93.33,2.1,6.800000000000001
2015,2,22,1,30,7.300000000000001,0,98.14,1.8,7
2015,2,22,2,30,7.300000000000001,0,99.46000000000001,1.8,7.2
2015,2,22,3,30,7.800000000000001,0,96.19,2.4000000000000004,7.2
2015,2,22,4,30,8,0,94.67,3,7.2
2015,2,22,5,30,8.1,0,93.42,3.3000000000000003,7.1000000000000005
2015,2,22,6,30,8.1,0,91.89,3.6,6.9
2015,2,22,7,30,8.200000000000001,6,89.32000000000001,3.9000000000000004,6.5
2015,2,22,8,30,8.4,40,86.56,4.3,6.300000000000001
2015,2,22,9,30,8.6,80,84.29,4.6000000000000005,6.1000000000000005
2015,2,22,10,30,8.700000000000001,66,82.74,4.7,5.9
2015,2,22,11,30,8.9,65,81.11,4.5,5.800000000000001
2015,2,22,12,30,9.1,203,79.7,4.5,5.800000000000001
2015,2,22,13,30,9.4,91,77.49,4.800000000000001,5.7
2015,2,22,14,30,9.200000000000001,56,77.45,5.1000000000000005,5.5
2015,2,22,15,30,8.4,60,79.86,5.5,5.1000000000000005
2015,2,22,16,30,7.1000000000000005,93,83.78,5.9,4.5
2015,2,22,17,30,5.5,7,87.98,6.300000000000001,3.7
2015,2,22,18,30,4.1000000000000005,0,89.37,6.5,2.5
2015,2,22,19,30,2.8000000000000003,0,89.24,6.6000000000000005,1.2000000000000002
2015,2,22,20,30,2,0,86.93,6.4,0.1
2015,2,22,21,30,1.5,0,84.99,6.300000000000001,-0.7000000000000001
2015,2,22,22,30,1.1,0,84.28,6.1000000000000005,-1.3
2015,2,22,23,30,0.8,0,83.66,5.9,-1.7000000000000002
2015,2,23,0,30,0.4,0,83.55,5.9,-2.1
2015,2,23,1,30,-0.1,0,83.2,5.9,-2.6
2015,2,23,2,30,-0.5,0,81.38,6,-3.3000000000000003
2015,2,23,3,30,-0.9,0,79.94,5.9,-3.9000000000000004
2015,2,23,4,30,-1.1,0,79.53,5.800000000000001,-4.2
2015,2,23,5,30,-1.1,0,79.66,5.6000000000000005,-4.2
2015,2,23,6,30,-1,0,78.54,5.5,-4.3
2015,2,23,7,30,-0.8,9,76.68,5.7,-4.4
2015,2,23,8,30,-0.4,56,73.33,5.9,-4.6000000000000005
2015,2,23,9,30,0,45,70.23,6,-4.800000000000001
2015,2,23,10,30,0.7000000000000001,88,66.54,5.800000000000001,-4.800000000000001
2015,2,23,11,30,1.4000000000000001,723,64.15,5.5,-4.6000000000000005
2015,2,23,12,30,1.9000000000000001,92,63.440000000000005,5.2,-4.3
2015,2,23,13,30,2.1,169,63.99,5.1000000000000005,-4
2015,2,23,14,30,2.1,116,64.96000000000001,4.9,-3.8000000000000003
2015,2,23,15,30,1.7000000000000002,38,67.24,4.800000000000001,-3.7
2015,2,23,16,30,0.9,29,70.94,4.6000000000000005,-3.8000000000000003
2015,2,23,17,30,-0.1,121,75.19,4.2,-4
2015,2,23,18,30,-0.9,0,78.68,3.8000000000000003,-4.1000000000000005
2015,2,23,19,30,-1.4000000000000001,0,80.67,3.6,-4.3
2015,2,23,20,30,-1.7000000000000002,0,81.45,3.4000000000000004,-4.5
2015,2,23,21,30,-1.8,0,81.02,3.2,-4.6000000000000005
2015,2,23,22,30,-1.9000000000000001,0,80.77,3.1,-4.800000000000001
2015,2,23,23,30,-2,0,80.85000000000001,3,-4.800000000000001
2015,2,24,0,30,-2.1,0,80.84,2.8000000000000003,-4.9
2015,2,24,1,30,-2.2,0,80.98,2.7,-5
2015,2,24,2,30,-2.2,0,80.36,2.8000000000000003,-5.1000000000000005
2015,2,24,3,30,-2.2,0,79.91,2.8000000000000003,-5.2
2015,2,24,4,30,-2.1,0,79.03,2.7,-5.2
2015,2,24,5,30,-1.9000000000000001,0,77.98,2.6,-5.2
2015,2,24,6,30,-1.7000000000000002,0,76.95,2.4000000000000004,-5.2
2015,2,24,7,30,-1.1,14,73.79,2.5,-5.2
2015,2,24,8,30,-0.4,93,70.45,2.6,-5.1000000000000005
2015,2,24,9,30,0.6000000000000001,147,66.22,2.5,-5
2015,2,24,10,30,1.7000000000000002,156,62.65,2.3000000000000003,-4.7
2015,2,24,11,30,2.7,343,60.58,2,-4.2
2015,2,24,12,30,3.6,320,59.06,1.6,-3.7
2015,2,24,13,30,4.2,294,58.160000000000004,1.2000000000000002,-3.3000000000000003
2015,2,24,14,30,4.5,300,58.49,1,-2.9000000000000004
2015,2,24,15,30,4.1000000000000005,277,61.29,1,-2.7
2015,2,24,16,30,3.5,126,64.79,1,-2.5
2015,2,24,17,30,2.8000000000000003,33,68.96000000000001,0.9,-2.3000000000000003
2015,2,24,18,30,2.2,0,74.12,0.9,-1.9000000000000001
2015,2,24,19,30,1.9000000000000001,0,75.93,0.9,-1.9000000000000001
2015,2,24,20,30,1.6,0,77.7,1.1,-1.9000000000000001
2015,2,24,21,30,1.4000000000000001,0,79.32000000000001,1.3,-1.8
2015,2,24,22,30,1.3,0,80.78,1.2000000000000002,-1.6
2015,2,24,23,30,1.1,0,82.85000000000001,1,-1.5
2015,2,25,0,30,0.8,0,85.68,1.1,-1.3
2015,2,25,1,30,0.5,0,88.75,1.4000000000000001,-1.1
2015,2,25,2,30,0.4,0,89.72,1.3,-1.1
2015,2,25,3,30,0.4,0,89.61,0.8,-1.1
2015,2,25,4,30,0.4,0,90.24,0.9,-1
2015,2,25,5,30,0.30000000000000004,0,91.09,1.2000000000000002,-1
2015,2,25,6,30,0.30000000000000004,0,91.4,1.3,-0.9
2015,2,25,7,30,0.9,14,88.96000000000001,1.3,-0.7000000000000001
2015,2,25,8,30,1.9000000000000001,10,84.75,1.4000000000000001,-0.4
2015,2,25,9,30,3.1,111,77.69,1.7000000000000002,-0.4
2015,2,25,10,30,4.4,269,71.93,2.2,-0.2
2015,2,25,11,30,5.9,214,65.54,2.7,-0.1
2015,2,25,12,30,7.4,502,59.57,3.1,0
2015,2,25,13,30,8.700000000000001,811,55.2,3.3000000000000003,0.2
2015,2,25,14,30,9.5,725,52.49,3.4000000000000004,0.30000000000000004
2015,2,25,15,30,9.9,570,51.02,3.1,0.2
2015,2,25,16,30,9,370,54.81,2,0.4
2015,2,25,17,30,6.9,148,74.84,1.2000000000000002,2.7
2015,2,25,18,30,5.2,0,70.49,1.2000000000000002,0.30000000000000004
2015,2,25,19,30,4.2,0,73.01,1.2000000000000002,-0.2
2015,2,25,20,30,3.3000000000000003,0,75.87,1.2000000000000002,-0.6000000000000001
2015,2,25,21,30,2.3000000000000003,0,80.07000000000001,1.3,-0.8
2015,2,25,22,30,1.2000000000000002,0,85.97,1.3,-0.9
2015,2,25,23,30,0.2,0,92.15,1.3,-0.9
2015,2,26,0,30,-0.6000000000000001,0,97.36,1.2000000000000002,-1
2015,2,26,1,30,-1.2000000000000002,0,100,1.1,-1.2000000000000002
2015,2,26,2,30,-1.4000000000000001,0,100,0.9,-1.4000000000000001
2015,2,26,3,30,-1.1,0,100,0.6000000000000001,-1.1
2015,2,26,4,30,-0.9,0,100,0.7000000000000001,-0.9
2015,2,26,5,30,-0.8,0,99.72,1.7000000000000002,-0.8
2015,2,26,6,30,0,0,93.60000000000001,3.1,-0.9
2015,2,26,7,30,1.8,66,84.2,4.3,-0.6000000000000001
2015,2,26,8,30,3.3000000000000003,68,74.81,5.5,-0.7000000000000001
2015,2,26,9,30,4.3,92,65.1,6.1000000000000005,-1.7000000000000002
2015,2,26,10,30,5,117,59.4,6.1000000000000005,-2.3000000000000003
2015,2,26,11,30,5.6000000000000005,322,56.02,6,-2.5
2015,2,26,12,30,6.1000000000000005,384,53.83,5.7,-2.6
2015,2,26,13,30,6.4,393,52.550000000000004,5.6000000000000005,-2.6
2015,2,26,14,30,6.4,269,52,5.4,-2.8000000000000003
2015,2,26,15,30,5.7,551,53.01,5.300000000000001,-3.1
2015,2,26,16,30,4.5,260,54.83,4.9,-3.8000000000000003
2015,2,26,17,30,2.8000000000000003,138,58.24,4,-4.6000000000000005
2015,2,26,18,30,1.5,0,62.27,3.4000000000000004,-4.9
2015,2,26,19,30,0.7000000000000001,0,65.21000000000001,3.4000000000000004,-5.1000000000000005
2015,2,26,20,30,0.2,0,66.44,3.6,-5.300000000000001
2015,2,26,21,30,-0.1,0,66.38,3.7,-5.6000000000000005
2015,2,26,22,30,-0.5,0,66.44,3.7,-6
2015,2,26,23,30,-1.1,0,66.62,3.4000000000000004,-6.5
2015,2,27,0,30,-1.8,0,68.25,3,-6.9
2015,2,27,1,30,-2.4000000000000004,0,69.83,2.9000000000000004,-7.2
2015,2,27,2,30,-2.5,0,68.35000000000001,2.8000000000000003,-7.5
2015,2,27,3,30,-2.7,0,69.56,2.5,-7.5
2015,2,27,4,30,-2.9000000000000004,0,71.92,2.4000000000000004,-7.300000000000001
2015,2,27,5,30,-2.9000000000000004,0,72.59,2.7,-7.1000000000000005
2015,2,27,6,30,-2.5,0,71.96000000000001,3.2,-6.9
2015,2,27,7,30,-1.6,63,68.95,3.9000000000000004,-6.6000000000000005
2015,2,27,8,30,-0.30000000000000004,20,63.01,4.3,-6.5
2015,2,27,9,30,0.9,49,60.03,3.9000000000000004,-6
2015,2,27,10,30,1.9000000000000001,49,58.980000000000004,3.3000000000000003,-5.300000000000001
2015,2,27,11,30,2.7,49,59.22,2.9000000000000004,-4.5
2015,2,27,12,30,3.2,117,60.02,2.8000000000000003,-3.8000000000000003
2015,2,27,13,30,3.5,151,60.75,2.9000000000000004,-3.4000000000000004
2015,2,27,14,30,3.4000000000000004,181,62.74,3,-3
2015,2,27,15,30,2.9000000000000004,134,65.94,3.3000000000000003,-2.8000000000000003
2015,2,27,16,30,2,13,70.74,3.5,-2.8000000000000003
2015,2,27,17,30,0.8,5,76.9,3.5,-2.8000000000000003
2015,2,27,18,30,-0.30000000000000004,0,82.86,3.5,-2.9000000000000004
2015,2,27,19,30,-1.1,0,87.11,3.7,-3
2015,2,27,20,30,-1.6,0,88.05,3.9000000000000004,-3.3000000000000003
2015,2,27,21,30,-1.8,0,86.97,3.7,-3.7
2015,2,27,22,30,-1.9000000000000001,0,86.45,3.5,-3.9000000000000004
2015,2,27,23,30,-1.8,0,85.3,3.4000000000000004,-3.9000000000000004
2015,2,28,0,30,-1.8,0,85.34,3.3000000000000003,-3.9000000000000004
2015,2,28,1,30,-1.8,0,85.55,3,-3.9000000000000004
2015,2,28,2,30,-2,0,86.68,2.8000000000000003,-3.9000000000000004
2015,2,28,3,30,-2,0,86.76,2.7,-3.9000000000000004
2015,2,28,4,30,-2,0,86.46000000000001,2.6,-4
2015,2,28,5,30,-2.1,0,86.32000000000001,2.4000000000000004,-4.1000000000000005
2015,2,28,6,30,-1.8,0,83.51,2.5,-4.2
2015,2,28,7,30,-0.8,70,77.51,2.6,-4.2
2015,2,28,8,30,0.5,274,71.15,2.5,-4.1000000000000005
2015,2,28,9,30,1.5,478,69.13,2.4000000000000004,-3.5
2015,2,28,10,30,2.4000000000000004,69,68.43,2.2,-2.8000000000000003
2015,2,28,11,30,3.2,166,68.29,2,-2.1
2015,2,28,12,30,3.9000000000000004,116,68.88,1.8,-1.3
2015,2,28,13,30,4.4,128,70.45,1.7000000000000002,-0.5
2015,2,28,14,30,4.5,151,73.59,1.6,0.2
2015,2,28,15,30,4.2,534,78.14,1.6,0.7000000000000001
2015,2,28,16,30,3.6,340,83.51,1.7000000000000002,1.1
2015,2,28,17,30,2.8000000000000003,134,89.45,2,1.2000000000000002
2015,2,28,18,30,2,0,93.72,2.3000000000000003,1.1
2015,2,28,19,30,1.5,0,95.34,2.6,0.8
2015,2,28,20,30,1.3,0,95.34,2.6,0.6000000000000001
2015,2,28,21,30,1.4000000000000001,0,94.2,2.5,0.6000000000000001
2015,2,28,22,30,1.4000000000000001,0,94.54,2.3000000000000003,0.6000000000000001
2015,2,28,23,30,1.4000000000000001,0,94.87,2.2,0.7000000000000001
2015,3,1,0,30,1.4000000000000001,0,95.08,2.1,0.7000000000000001
2015,3,1,1,30,1.4000000000000001,0,95.38,1.9000000000000001,0.7000000000000001
2015,3,1,2,30,1.4000000000000001,0,95.99000000000001,1.7000000000000002,0.8
2015,3,1,3,30,1.4000000000000001,0,96.65,1.7000000000000002,0.9
2015,3,1,4,30,1.4000000000000001,0,97.15,1.9000000000000001,1
2015,3,1,5,30,1.4000000000000001,0,97.10000000000001,2.2,1
2015,3,1,6,30,1.4000000000000001,0,96.35000000000001,2.6,0.9
2015,3,1,7,30,2,64,92.41,2.8000000000000003,0.9
2015,3,1,8,30,3,31,89.57000000000001,3,1.5
2015,3,1,9,30,4.1000000000000005,23,87.11,3.2,2.1
2015,3,1,10,30,5.1000000000000005,155,83.99,3.3000000000000003,2.6
2015,3,1,11,30,6.2,246,80.25,3.4000000000000004,3
2015,3,1,12,30,7.300000000000001,175,77.35000000000001,3.5,3.6
2015,3,1,13,30,8.1,158,76.06,3.6,4.1000000000000005
2015,3,1,14,30,8.4,198,76.93,3.5,4.6000000000000005
2015,3,1,15,30,8.200000000000001,91,79.5,3.5,4.9
2015,3,1,16,30,7.4,13,84.22,3.4000000000000004,4.9
2015,3,1,17,30,6.300000000000001,11,90.08,3.2,4.800000000000001
2015,3,1,18,30,5.2,0,95.5,3.2,4.5
2015,3,1,19,30,4.5,0,97.24000000000001,3.3000000000000003,4.1000000000000005
2015,3,1,20,30,4,0,97.36,3.3000000000000003,3.6
2015,3,1,21,30,3.7,0,97.05,3.3000000000000003,3.3000000000000003
2015,3,1,22,30,3.5,0,96.73,3.5,3
2015,3,1,23,30,3.3000000000000003,0,96.32000000000001,3.7,2.8000000000000003
2015,3,2,0,30,3,0,96.5,3.9000000000000004,2.5
2015,3,2,1,30,2.8000000000000003,0,95.96000000000001,4.1000000000000005,2.2
2015,3,2,2,30,2.5,0,96.15,4.1000000000000005,1.9000000000000001
2015,3,2,3,30,2.3000000000000003,0,95.81,3.9000000000000004,1.7000000000000002
2015,3,2,4,30,2.1,0,95.8,3.6,1.5
2015,3,2,5,30,2,0,95.61,3.4000000000000004,1.4000000000000001
2015,3,2,6,30,2.1,0,94.32000000000001,3.5,1.3
2015,3,2,7,30,2.7,70,90.13,3.7,1.2000000000000002
2015,3,2,8,30,3.8000000000000003,68,85.09,3.9000000000000004,1.5
2015,3,2,9,30,5.300000000000001,123,79.28,3.9000000000000004,2
2015,3,2,10,30,7.1000000000000005,165,73.32000000000001,3.6,2.6
2015,3,2,11,30,8.9,209,68.28,3,3.4000000000000004
2015,3,2,12,30,10.600000000000001,272,65.21000000000001,2.2,4.3
2015,3,2,13,30,11.8,69,64.86,1.5,5.4
2015,3,2,14,30,12,164,67.59,1,6.2
2015,3,2,15,30,11.4,109,71.7,1,6.5
2015,3,2,16,30,10.200000000000001,60,77.91,1.1,6.5
2015,3,2,17,30,8.9,35,86.34,1.1,6.7
2015,3,2,18,30,7.7,0,94.64,1.2000000000000002,6.9
2015,3,2,19,30,7,0,96.02,1.3,6.4
2015,3,2,20,30,6.6000000000000005,0,96.66,1,6.1000000000000005
2015,3,2,21,30,6.5,0,96.22,0.6000000000000001,5.9
2015,3,2,22,30,6.4,0,96.48,0.7000000000000001,5.9
2015,3,2,23,30,6.300000000000001,0,97.27,1.3,5.9
2015,3,3,0,30,6.300000000000001,0,97.46000000000001,2,5.9
2015,3,3,1,30,6.4,0,97.42,2.5,6
2015,3,3,2,30,6.5,0,97.5,2.9000000000000004,6.1000000000000005
2015,3,3,3,30,6.5,0,97.83,2.9000000000000004,6.2
2015,3,3,4,30,6.4,0,98.32000000000001,2.6,6.2
2015,3,3,5,30,6.4,0,97.8,2.3000000000000003,6.1000000000000005
2015,3,3,6,30,6.4,0,97.09,2,6
2015,3,3,7,30,6.800000000000001,78,94.78,1.9000000000000001,6
2015,3,3,8,30,7.9,30,91,1.9000000000000001,6.5
2015,3,3,9,30,10.200000000000001,80,84.84,2.3000000000000003,7.800000000000001
2015,3,3,10,30,13.200000000000001,147,79.89,2.8000000000000003,9.8
2015,3,3,11,30,16.1,178,74.85000000000001,3.5,11.600000000000001
2015,3,3,12,30,18.2,103,73.63,4.3,13.4
2015,3,3,13,30,19.6,130,73.92,4.800000000000001,14.8
2015,3,3,14,30,20.400000000000002,252,74.74,4.800000000000001,15.8
2015,3,3,15,30,20.5,179,76.91,4.4,16.3
2015,3,3,16,30,19.6,107,83.23,3.3000000000000003,16.7
2015,3,3,17,30,17.1,21,98.66,2.2,16.900000000000002
2015,3,3,18,30,15,0,100,2.1,15
2015,3,3,19,30,14.3,0,100,2.3000000000000003,14.3
2015,3,3,20,30,13.9,0,100,2.4000000000000004,13.9
2015,3,3,21,30,13.700000000000001,0,100,2.4000000000000004,13.700000000000001
2015,3,3,22,30,13.4,0,100,2.3000000000000003,13.4
2015,3,3,23,30,13.100000000000001,0,100,2,13.100000000000001
2015,3,4,0,30,13.100000000000001,0,100,1.8,13.100000000000001
2015,3,4,1,30,13,0,100,1.7000000000000002,13
2015,3,4,2,30,13.100000000000001,0,100,1.7000000000000002,13.100000000000001
2015,3,4,3,30,13.3,0,100,1.8,13.3
2015,3,4,4,30,13.4,0,100,1.8,13.4
2015,3,4,5,30,13.3,0,100,1.5,13.3
2015,3,4,6,30,13.600000000000001,0,98.65,1.3,13.4
2015,3,4,7,30,14.5,7,95.45,1.5,13.8
2015,3,4,8,30,15.4,10,91.77,1.8,14.100000000000001
2015,3,4,9,30,15.8,20,91.2,2.2,14.4
2015,3,4,10,30,15.8,35,88.72,2.9000000000000004,13.9
2015,3,4,11,30,15.4,89,85.69,3.8000000000000003,13
2015,3,4,12,30,14.4,125,84.17,5.1000000000000005,11.8
2015,3,4,13,30,12.700000000000001,139,82.89,6.5,9.9
2015,3,4,14,30,10.5,253,80.28,7.300000000000001,7.2
2015,3,4,15,30,8,135,80.72,7.6000000000000005,4.9
2015,3,4,16,30,5.5,66,83.02,7.6000000000000005,2.8000000000000003
2015,3,4,17,30,3.4000000000000004,45,83.91,7.5,0.9
2015,3,4,18,30,2,0,82.89,7.4,-0.6000000000000001
2015,3,4,19,30,1.2000000000000002,0,81.87,7.4,-1.6
2015,3,4,20,30,0.7000000000000001,0,81.5,7.5,-2.1
2015,3,4,21,30,0.30000000000000004,0,80.37,7.5,-2.7
2015,3,4,22,30,0,0,78.68,7.5,-3.3000000000000003
2015,3,4,23,30,-0.4,0,78.24,7.800000000000001,-3.7
2015,3,5,0,30,-0.8,0,78.2,7.7,-4.1000000000000005
2015,3,5,1,30,-1.2000000000000002,0,79.31,7.300000000000001,-4.3
2015,3,5,2,30,-1.6,0,81.74,7,-4.3
2015,3,5,3,30,-2.1,0,81.98,6.800000000000001,-4.800000000000001
2015,3,5,4,30,-2.5,0,80.76,6.800000000000001,-5.4
2015,3,5,5,30,-2.9000000000000004,0,79.83,6.5,-5.9
2015,3,5,6,30,-3,0,77.03,6.4,-6.5
2015,3,5,7,30,-2.2,56,69.3,6.7,-7.1000000000000005
2015,3,5,8,30,-0.5,248,58.02,6.9,-7.800000000000001
2015,3,5,9,30,1.4000000000000001,543,49.9,6.800000000000001,-7.9
2015,3,5,10,30,3.1,728,44.57,6.7,-7.800000000000001
2015,3,5,11,30,4.6000000000000005,852,38.79,6.5,-8.3
2015,3,5,12,30,5.7,901,34.75,6.2,-8.700000000000001
2015,3,5,13,30,6.4,876,33.01,5.9,-8.700000000000001
2015,3,5,14,30,6.5,781,33.13,5.6000000000000005,-8.6
2015,3,5,15,30,6.2,620,34.71,5.1000000000000005,-8.3
2015,3,5,16,30,5.1000000000000005,412,39,4.1000000000000005,-7.7
2015,3,5,17,30,2.4000000000000004,180,51.71,2.5,-6.5
2015,3,5,18,30,-0.1,0,71.42,1.5,-4.7
2015,3,5,19,30,-1.1,0,75.64,1.3,-4.9
2015,3,5,20,30,-1.6,0,76.16,1.2000000000000002,-5.2
2015,3,5,21,30,-1.7000000000000002,0,73.25,1.1,-5.9
2015,3,5,22,30,-1.7000000000000002,0,69.53,1,-6.5
2015,3,5,23,30,-1.9000000000000001,0,67.51,1,-7.1000000000000005
2015,3,6,0,30,-2,0,65.71000000000001,1,-7.6000000000000005
2015,3,6,1,30,-2.2,0,64.99,0.9,-7.9
2015,3,6,2,30,-2.3000000000000003,0,64.4,0.9,-8.1
2015,3,6,3,30,-2.6,0,65.51,1,-8.200000000000001
2015,3,6,4,30,-2.8000000000000003,0,66.46000000000001,0.9,-8.200000000000001
2015,3,6,5,30,-3,0,67.61,0.9,-8.200000000000001
2015,3,6,6,30,-2.1,0,63.61,0.9,-8.1
2015,3,6,7,30,0.30000000000000004,113,60.79,0.8,-6.4
2015,3,6,8,30,3.4000000000000004,347,48.53,1.1,-6.4
2015,3,6,9,30,6.1000000000000005,564,37.21,1.5,-7.4
2015,3,6,10,30,7.9,743,34.72,1.3,-6.7
2015,3,6,11,30,9.4,862,34.25,1.1,-5.6000000000000005
2015,3,6,12,30,10.600000000000001,912,34.36,1.1,-4.5
2015,3,6,13,30,11.5,887,34.36,1.2000000000000002,-3.7
2015,3,6,14,30,11.9,784,34.78,1.1,-3.2
2015,3,6,15,30,11.700000000000001,623,35.78,1.1,-3
2015,3,6,16,30,10.600000000000001,414,38.49,0.9,-3
2015,3,6,17,30,8,183,60.95,0.9,0.9
2015,3,6,18,30,5.4,0,65.2,1.2000000000000002,-0.6000000000000001
2015,3,6,19,30,4,0,68.91,1.3,-1.2000000000000002
2015,3,6,20,30,3,0,71.91,1.3,-1.6
2015,3,6,21,30,2.3000000000000003,0,73.69,1.4000000000000001,-1.9000000000000001
2015,3,6,22,30,1.7000000000000002,0,75.19,1.3,-2.2
2015,3,6,23,30,1.2000000000000002,0,75.69,1.3,-2.6
2015,3,7,0,30,0.8,0,75.94,1.3,-3
2015,3,7,1,30,0.6000000000000001,0,75.42,1.2000000000000002,-3.2
2015,3,7,2,30,0.4,0,75.3,1.1,-3.5
2015,3,7,3,30,0.5,0,74.24,1,-3.6
2015,3,7,4,30,0.8,0,72.46000000000001,0.8,-3.6
2015,3,7,5,30,1,0,71.29,0.7000000000000001,-3.6
2015,3,7,6,30,2,0,66.59,0.5,-3.6
2015,3,7,7,30,4.2,108,65.71000000000001,0.5,-1.7000000000000002
2015,3,7,8,30,7.6000000000000005,121,52.300000000000004,0.8,-1.6
2015,3,7,9,30,10.9,322,43.28,0.9,-1.1
2015,3,7,10,30,12.700000000000001,309,37.85,0.9,-1.3
2015,3,7,11,30,13.600000000000001,481,37.6,1,-0.6000000000000001
2015,3,7,12,30,14.100000000000001,512,37.800000000000004,1.1,-0.1
2015,3,7,13,30,14.5,572,37.6,1.2000000000000002,0.2
2015,3,7,14,30,14.8,607,38,1.5,0.6000000000000001
2015,3,7,15,30,14.600000000000001,216,39.52,1.6,1
2015,3,7,16,30,13.200000000000001,93,44.42,1.3,1.3
2015,3,7,17,30,10.9,125,69.54,1,5.5
2015,3,7,18,30,9.200000000000001,0,74.03,1.1,4.800000000000001
2015,3,7,19,30,8.5,0,74.83,1.1,4.3
2015,3,7,20,30,7.800000000000001,0,75.43,1.3,3.7
2015,3,7,21,30,7.5,0,75.15,1.3,3.4000000000000004
2015,3,7,22,30,7.300000000000001,0,76.36,1.3,3.4000000000000004
2015,3,7,23,30,7.300000000000001,0,77.51,1.4000000000000001,3.6
2015,3,8,0,30,7.5,0,77.54,1.6,3.8000000000000003
2015,3,8,1,30,7.800000000000001,0,77.71000000000001,2,4.1000000000000005
2015,3,8,2,30,7.9,0,80.24,2.2,4.7
2015,3,8,3,30,7.9,0,84.59,2.2,5.5
2015,3,8,4,30,7.7,0,89.94,2.1,6.2
2015,3,8,5,30,7.7,0,93.57000000000001,1.8,6.7
2015,3,8,6,30,7.9,0,94.75,1.6,7.1000000000000005
2015,3,8,7,30,8.4,11,94.08,1.8,7.5
2015,3,8,8,30,9.1,77,92.22,2,7.9
2015,3,8,9,30,9.9,152,89.97,2.3000000000000003,8.3
2015,3,8,10,30,11.100000000000001,111,86.21000000000001,2.5,8.9
2015,3,8,11,30,12.100000000000001,106,84.42,2.6,9.600000000000001
2015,3,8,12,30,12.4,202,84.02,2.8000000000000003,9.8
2015,3,8,13,30,12.5,240,84.23,3,9.9
2015,3,8,14,30,12.4,167,85.9,2.9000000000000004,10.100000000000001
2015,3,8,15,30,12,67,88.97,2.6,10.200000000000001
2015,3,8,16,30,11.5,33,92.51,2.4000000000000004,10.3
2015,3,8,17,30,10.700000000000001,6,97.64,1.9000000000000001,10.3
2015,3,8,18,30,10.100000000000001,0,99.2,1.7000000000000002,10
2015,3,8,19,30,9.8,0,98.93,1.7000000000000002,9.600000000000001
2015,3,8,20,30,9.5,0,98.66,1.6,9.3
2015,3,8,21,30,9.3,0,98.19,1.6,9
2015,3,8,22,30,9.1,0,98.24000000000001,1.4000000000000001,8.8
2015,3,8,23,30,8.9,0,98.29,1.2000000000000002,8.6
2015,3,9,0,30,8.700000000000001,0,98.36,1.3,8.5
2015,3,9,1,30,8.6,0,97.81,1.5,8.3
2015,3,9,2,30,8.5,0,97.60000000000001,1.6,8.1
2015,3,9,3,30,8.4,0,97.56,1.5,8
2015,3,9,4,30,8.4,0,97.13,1.4000000000000001,8
2015,3,9,5,30,8.4,0,97.01,1.5,8
2015,3,9,6,30,8.5,0,96.35000000000001,1.8,8
2015,3,9,7,30,9,7,94.57000000000001,2.2,8.200000000000001
2015,3,9,8,30,9.700000000000001,52,92.71000000000001,2.4000000000000004,8.6
2015,3,9,9,30,10.5,91,91.38,2.4000000000000004,9.200000000000001
2015,3,9,10,30,11.3,25,90.23,2.5,9.8
2015,3,9,11,30,12,107,89.08,2.4000000000000004,10.3
2015,3,9,12,30,12.600000000000001,148,87.86,2.3000000000000003,10.600000000000001
2015,3,9,13,30,13,120,87.33,2.5,10.9
2015,3,9,14,30,13,81,88.28,2.9000000000000004,11.100000000000001
2015,3,9,15,30,12.8,30,89.74,2.9000000000000004,11.200000000000001
2015,3,9,16,30,12.4,14,92.22,2.6,11.200000000000001
2015,3,9,17,30,11.3,46,98.60000000000001,1.8,11.100000000000001
2015,3,9,18,30,10.4,0,100,1.6,10.4
2015,3,9,19,30,10.100000000000001,0,100,2,10.100000000000001
2015,3,9,20,30,9.9,0,99.05,2.3000000000000003,9.8
2015,3,9,21,30,9.600000000000001,0,98.64,2.2,9.4
2015,3,9,22,30,9.4,0,98.08,2.1,9.1
2015,3,9,23,30,9.3,0,97.45,2.2,8.9
2015,3,10,0,30,9.1,0,97.8,2.2,8.8
2015,3,10,1,30,9,0,97.68,1.8,8.700000000000001
2015,3,10,2,30,8.9,0,97.77,1.4000000000000001,8.6
2015,3,10,3,30,8.8,0,98.13,1,8.5
2015,3,10,4,30,8.700000000000001,0,98.59,0.8,8.5
2015,3,10,5,30,8.700000000000001,0,97.88,1.1,8.4
2015,3,10,6,30,9.3,0,94.45,1.9000000000000001,8.5
2015,3,10,7,30,10.5,44,89.77,2.5,8.9
2015,3,10,8,30,11.8,170,85.14,2.7,9.4
2015,3,10,9,30,13.100000000000001,289,79.63,2.6,9.700000000000001
2015,3,10,10,30,14.100000000000001,377,75.44,2.3000000000000003,9.8
2015,3,10,11,30,14.9,398,72.83,2.1,10.100000000000001
2015,3,10,12,30,15.600000000000001,378,71.18,2.1,10.4
2015,3,10,13,30,16.3,293,69.65,2.3000000000000003,10.700000000000001
2015,3,10,14,30,16.7,233,69.31,2.5,11.100000000000001
2015,3,10,15,30,16.6,188,70.63,2.4000000000000004,11.200000000000001
2015,3,10,16,30,15.8,48,74.51,1.8,11.3
2015,3,10,17,30,14.3,27,86.53,1,12.100000000000001
2015,3,10,18,30,13,0,93.09,0.9,11.9
2015,3,10,19,30,12.4,0,94.93,0.9,11.600000000000001
2015,3,10,20,30,11.9,0,96.58,0.9,11.4
2015,3,10,21,30,11.4,0,98.11,0.9,11.100000000000001
2015,3,10,22,30,10.9,0,100,0.8,10.9
2015,3,10,23,30,10.600000000000001,0,100,0.8,10.600000000000001
2015,3,11,0,30,10.3,0,100,0.8,10.3
2015,3,11,1,30,9.9,0,100,0.8,9.9
2015,3,11,2,30,9.3,0,100,0.9,9.3
2015,3,11,3,30,8.8,0,100,1,8.8
2015,3,11,4,30,8.9,0,100,1.1,8.9
2015,3,11,5,30,9.5,0,100,1.3,9.5
2015,3,11,6,30,10.5,0,97.37,2.1,10.100000000000001
2015,3,11,7,30,11.8,32,90.02,2.8000000000000003,10.200000000000001
2015,3,11,8,30,13.200000000000001,70,83.98,3.3000000000000003,10.600000000000001
2015,3,11,9,30,14.200000000000001,100,79.09,3.6,10.600000000000001
2015,3,11,10,30,15.100000000000001,93,75.13,3.6,10.700000000000001
2015,3,11,11,30,15.9,225,72.45,3.6,11
2015,3,11,12,30,16.7,302,69.96000000000001,3.7,11.200000000000001
2015,3,11,13,30,17.2,339,68.72,3.7,11.4
2015,3,11,14,30,17.3,222,68.78,3.7,11.5
2015,3,11,15,30,17,285,70.25,3.4000000000000004,11.5
2015,3,11,16,30,16.1,202,74.48,2.6,11.600000000000001
2015,3,11,17,30,14.5,92,85.17,1.6,12
2015,3,11,18,30,12.9,0,94.46000000000001,1.1,12
2015,3,11,19,30,12,0,96.94,1,11.5
2015,3,11,20,30,11.4,0,99.21000000000001,0.9,11.3
2015,3,11,21,30,11,0,100,0.9,11
2015,3,11,22,30,10.8,0,100,1,10.8
2015,3,11,23,30,10.700000000000001,0,100,1.2000000000000002,10.700000000000001
2015,3,12,0,30,10.600000000000001,0,100,1.4000000000000001,10.600000000000001
2015,3,12,1,30,10.600000000000001,0,100,1.6,10.600000000000001
2015,3,12,2,30,10.4,0,100,1.7000000000000002,10.4
2015,3,12,3,30,10,0,100,1.6,10
2015,3,12,4,30,9.700000000000001,0,100,1.6,9.700000000000001
2015,3,12,5,30,9.3,0,100,1.4000000000000001,9.3
2015,3,12,6,30,10.200000000000001,0,100,1.7000000000000002,10.200000000000001
2015,3,12,7,30,12.5,44,88.66,2.4000000000000004,10.700000000000001
2015,3,12,8,30,14.600000000000001,166,80.82000000000001,2.7,11.3
2015,3,12,9,30,16.5,191,74.93,2.9000000000000004,12
2015,3,12,10,30,18.2,229,69.68,3.2,12.600000000000001
2015,3,12,11,30,19.6,376,65.48,3.4000000000000004,13
2015,3,12,12,30,20.700000000000003,530,62.050000000000004,3.6,13.200000000000001
2015,3,12,13,30,21.3,518,60.04,3.6,13.200000000000001
2015,3,12,14,30,21.400000000000002,585,59.63,3.6,13.200000000000001
2015,3,12,15,30,20.8,396,61.620000000000005,3.5,13.200000000000001
2015,3,12,16,30,19.5,388,66.44,3,13.100000000000001
2015,3,12,17,30,17.3,173,78.77,2.1,13.600000000000001
2015,3,12,18,30,15.4,0,90.53,1.6,13.9
2015,3,12,19,30,14.4,0,94.82000000000001,1.5,13.600000000000001
2015,3,12,20,30,13.700000000000001,0,97.36,1.2000000000000002,13.3
2015,3,12,21,30,13.100000000000001,0,99.97,0.9,13.100000000000001
2015,3,12,22,30,12.8,0,100,1.1,12.8
2015,3,12,23,30,12.600000000000001,0,100,1.4000000000000001,12.600000000000001
2015,3,13,0,30,12.600000000000001,0,100,1.6,12.600000000000001
2015,3,13,1,30,12.600000000000001,0,100,1.9000000000000001,12.600000000000001
2015,3,13,2,30,12.600000000000001,0,99.27,2.1,12.5
2015,3,13,3,30,12.4,0,99.56,2.3000000000000003,12.3
2015,3,13,4,30,12.3,0,99.16,2.5,12.200000000000001
2015,3,13,5,30,12,0,99.93,2.4000000000000004,12
2015,3,13,6,30,12.200000000000001,0,96.96000000000001,2.4000000000000004,11.700000000000001
2015,3,13,7,30,13.200000000000001,31,91.12,3,11.8
2015,3,13,8,30,14.700000000000001,111,85.34,3.8000000000000003,12.3
2015,3,13,9,30,16.8,203,76.83,4.4,12.700000000000001
2015,3,13,10,30,18.7,388,69.17,4.4,12.9
2015,3,13,11,30,20.1,480,63.940000000000005,4.2,13.100000000000001
2015,3,13,12,30,20.900000000000002,572,61.230000000000004,4,13.200000000000001
2015,3,13,13,30,21.3,396,59.800000000000004,3.8000000000000003,13.200000000000001
2015,3,13,14,30,21.3,272,59.52,3.6,13.100000000000001
2015,3,13,15,30,20.900000000000002,349,60.49,3.3000000000000003,13
2015,3,13,16,30,19.8,143,64.56,2.5,12.9
2015,3,13,17,30,17.5,154,80.16,1.6,14
2015,3,13,18,30,15.3,0,89.84,1.4000000000000001,13.600000000000001
2015,3,13,19,30,14.200000000000001,0,91.84,1.5,12.9
2015,3,13,20,30,13.600000000000001,0,93.28,1.4000000000000001,12.5
2015,3,13,21,30,13,0,95.57000000000001,1.3,12.3
2015,3,13,22,30,12.600000000000001,0,96.76,1.1,12.100000000000001
2015,3,13,23,30,12.3,0,97.34,1.1,11.9
2015,3,14,0,30,12.100000000000001,0,97.41,1.2000000000000002,11.700000000000001
2015,3,14,1,30,12,0,97.27,1.5,11.600000000000001
2015,3,14,2,30,11.8,0,97.78,1.8,11.5
2015,3,14,3,30,11.600000000000001,0,97.89,2.1,11.3
2015,3,14,4,30,11.700000000000001,0,96.08,2.5,11.100000000000001
2015,3,14,5,30,12.100000000000001,0,92.49,3,10.9
2015,3,14,6,30,12.9,0,86.51,3.5,10.700000000000001
2015,3,14,7,30,14.600000000000001,41,77.38,3.9000000000000004,10.700000000000001
2015,3,14,8,30,17,348,66.73,4.4,10.8
2015,3,14,9,30,19,558,55.01,5.1000000000000005,9.8
2015,3,14,10,30,20.1,727,50.480000000000004,5.300000000000001,9.5
2015,3,14,11,30,20.900000000000002,837,49.51,5.300000000000001,9.9
2015,3,14,12,30,21.3,878,49.27,5.5,10.200000000000001
2015,3,14,13,30,21.400000000000002,849,49.19,5.7,10.3
2015,3,14,14,30,21,571,50.4,5.7,10.3
2015,3,14,15,30,20.1,428,53.550000000000004,5.4,10.4
2015,3,14,16,30,18.7,276,58.81,4.6000000000000005,10.5
2015,3,14,17,30,16.7,83,67.72,3.6,10.700000000000001
2015,3,14,18,30,14.8,0,77.57000000000001,2.8000000000000003,10.9
2015,3,14,19,30,13.600000000000001,0,83.93,2.2,10.9
2015,3,14,20,30,12.700000000000001,0,88.39,1.7000000000000002,10.8
2015,3,14,21,30,12,0,91.3,1.5,10.600000000000001
2015,3,14,22,30,11.5,0,92.67,1.5,10.4
2015,3,14,23,30,11.200000000000001,0,92.46000000000001,1.7000000000000002,10
2015,3,15,0,30,11,0,91.78,1.9000000000000001,9.700000000000001
2015,3,15,1,30,11,0,90.55,2.2,9.5
2015,3,15,2,30,10.600000000000001,0,91.83,2.2,9.3
2015,3,15,3,30,10.100000000000001,0,93.95,1.8,9.200000000000001
2015,3,15,4,30,9.700000000000001,0,96.07000000000001,1.5,9.1
2015,3,15,5,30,9.700000000000001,0,95.91,1.5,9.1
2015,3,15,6,30,10.5,0,91.14,2.1,9.1
2015,3,15,7,30,12.8,130,80.47,2.7,9.5
2015,3,15,8,30,15.4,172,74.63,2.5,10.9
2015,3,15,9,30,17.3,219,71.07000000000001,2.3000000000000003,12
2015,3,15,10,30,18.6,368,66.88,2.5,12.3
2015,3,15,11,30,19.5,652,64.14,2.7,12.5
2015,3,15,12,30,20.3,655,61.89,2.8000000000000003,12.8
2015,3,15,13,30,20.6,403,61.43,2.7,12.9
2015,3,15,14,30,20.6,190,61.78,2.4000000000000004,13
2015,3,15,15,30,20.1,232,63.85,1.9000000000000001,13
2015,3,15,16,30,19.3,198,67.39,1.3,13.100000000000001
2015,3,15,17,30,17.8,41,78.43,0.8,14
2015,3,15,18,30,16.2,0,84.46000000000001,0.8,13.600000000000001
2015,3,15,19,30,15.200000000000001,0,85.31,0.9,12.8
2015,3,15,20,30,14.700000000000001,0,86.75,0.9,12.5
2015,3,15,21,30,14.4,0,87.58,0.7000000000000001,12.4
2015,3,15,22,30,14.200000000000001,0,88.68,0.6000000000000001,12.4
2015,3,15,23,30,13.9,0,90.31,0.5,12.3
2015,3,16,0,30,13.5,0,92.61,0.5,12.3
2015,3,16,1,30,13.200000000000001,0,94.37,0.5,12.3
2015,3,16,2,30,12.600000000000001,0,98.07000000000001,0.6000000000000001,12.3
2015,3,16,3,30,11.9,0,100,0.7000000000000001,11.9
2015,3,16,4,30,11.3,0,100,0.8,11.3
2015,3,16,5,30,10.700000000000001,0,100,0.9,10.700000000000001
2015,3,16,6,30,11.9,0,100,1.1,11.9
2015,3,16,7,30,14.700000000000001,88,86.73,1.2000000000000002,12.5
2015,3,16,8,30,17.900000000000002,290,73.8,0.9,13.200000000000001
2015,3,16,9,30,20.700000000000003,439,61.54,0.6000000000000001,13
2015,3,16,10,30,22.3,584,56.65,0.5,13.3
2015,3,16,11,30,23.700000000000003,780,53.33,0.5,13.700000000000001
2015,3,16,12,30,24.700000000000003,863,51.22,0.8,14
2015,3,16,13,30,25.3,836,50.03,1.4000000000000001,14.100000000000001
2015,3,16,14,30,25.400000000000002,743,50.38,1.9000000000000001,14.3
2015,3,16,15,30,25.1,588,52.36,2.2,14.700000000000001
2015,3,16,16,30,23.900000000000002,393,57.72,2,15.100000000000001
2015,3,16,17,30,21.200000000000003,180,76.77,1.5,17
2015,3,16,18,30,18.900000000000002,11,86.22,1.5,16.5
2015,3,16,19,30,18.2,0,86.87,1.9000000000000001,16
2015,3,16,20,30,17.900000000000002,0,88.52,2.2,16
2015,3,16,21,30,17.6,0,91.49,2.5,16.2
2015,3,16,22,30,17.400000000000002,0,94.27,2.6,16.5
2015,3,16,23,30,17.1,0,97.42,2.5,16.7
2015,3,17,0,30,16.8,0,100,2.5,16.8
2015,3,17,1,30,16.5,0,100,2.5,16.5
2015,3,17,2,30,16.2,0,100,2.2,16.2
2015,3,17,3,30,15.8,0,100,1.9000000000000001,15.8
2015,3,17,4,30,15.600000000000001,0,100,1.7000000000000002,15.600000000000001
2015,3,17,5,30,15.5,0,100,1.6,15.5
2015,3,17,6,30,16.2,0,100,1.8,16.2
2015,3,17,7,30,17.5,65,93.47,2.1,16.400000000000002
2015,3,17,8,30,18.8,205,88.3,2.2,16.8
2015,3,17,9,30,20.200000000000003,376,82.92,2.3000000000000003,17.2
2015,3,17,10,30,21.5,540,77.62,2.2,17.400000000000002
2015,3,17,11,30,22.6,489,72.75,2,17.5
2015,3,17,12,30,23.400000000000002,580,68.72,1.6,17.3
2015,3,17,13,30,23.8,450,66.61,1.2000000000000002,17.2
2015,3,17,14,30,24.1,463,65.22,1.1,17.2
2015,3,17,15,30,24.3,272,65.24,1.3,17.400000000000002
2015,3,17,16,30,23.6,214,68.57000000000001,1.3,17.5
2015,3,17,17,30,21.6,153,83.17,1.1,18.6
2015,3,17,18,30,19.700000000000003,6,89.84,1,18
2015,3,17,19,30,19,0,90.09,1.2000000000000002,17.3
2015,3,17,20,30,18.8,0,90.99,1.3,17.3
2015,3,17,21,30,18.7,0,92.09,1.4000000000000001,17.400000000000002
2015,3,17,22,30,18.7,0,92.99,1.6,17.5
2015,3,17,23,30,18.5,0,95.3,1.6,17.7
2015,3,18,0,30,18.3,0,97.17,1.6,17.8
2015,3,18,1,30,18.2,0,98.4,1.7000000000000002,17.900000000000002
2015,3,18,2,30,17.900000000000002,0,100,1.4000000000000001,17.900000000000002
2015,3,18,3,30,17.3,0,100,1.1,17.3
2015,3,18,4,30,16.5,0,100,1.1,16.5
2015,3,18,5,30,15.9,0,100,1.3,15.9
2015,3,18,6,30,15.700000000000001,0,99.03,1.9000000000000001,15.5
2015,3,18,7,30,15.8,18,96.78,2.7,15.3
2015,3,18,8,30,16.2,41,91.88,3,14.9
2015,3,18,9,30,17.400000000000002,179,84.08,2.8000000000000003,14.700000000000001
2015,3,18,10,30,19.700000000000003,373,74.5,2.3000000000000003,15
2015,3,18,11,30,21.8,620,69.26,2.1,15.9
2015,3,18,12,30,22.6,601,67.94,2.2,16.400000000000002
2015,3,18,13,30,22.3,621,69.31,2.5,16.400000000000002
2015,3,18,14,30,21.6,603,72.25,2.7,16.400000000000002
2015,3,18,15,30,21,187,74.34,2.6,16.3
2015,3,18,16,30,20.700000000000003,327,74.97,1.9000000000000001,16.1
2015,3,18,17,30,19.6,15,81.34,1,16.3
2015,3,18,18,30,18.3,5,85.61,0.5,15.8
2015,3,18,19,30,17.5,0,85.45,0.5,15
2015,3,18,20,30,16.7,0,88.72,0.8,14.8
2015,3,18,21,30,16,0,92,0.9,14.700000000000001
2015,3,18,22,30,15.600000000000001,0,94,0.9,14.600000000000001
2015,3,18,23,30,15.200000000000001,0,96.69,0.9,14.700000000000001
2015,3,19,0,30,15,0,98.64,0.9,14.8
2015,3,19,1,30,14.9,0,99.98,0.8,14.9
2015,3,19,2,30,14.9,0,100,0.8,14.9
2015,3,19,3,30,15,0,100,0.7000000000000001,15
2015,3,19,4,30,15,0,100,0.7000000000000001,15
2015,3,19,5,30,15.200000000000001,0,100,0.7000000000000001,15.200000000000001
2015,3,19,6,30,16.2,0,95.37,0.8,15.5
2015,3,19,7,30,18.3,141,89.48,1.1,16.5
2015,3,19,8,30,20.400000000000002,162,84.01,1.6,17.6
2015,3,19,9,30,22.200000000000003,261,78.5,2.1,18.3
2015,3,19,10,30,23.6,457,72.45,2.5,18.400000000000002
2015,3,19,11,30,24.700000000000003,392,67.98,2.7,18.400000000000002
2015,3,19,12,30,25.6,588,64.49,2.8000000000000003,18.400000000000002
2015,3,19,13,30,25.900000000000002,571,63.11,2.7,18.3
2015,3,19,14,30,25.900000000000002,497,62.230000000000004,2.6,18.1
2015,3,19,15,30,25.5,332,62.81,2.1,17.900000000000002
2015,3,19,16,30,24.400000000000002,341,68.87,1.4000000000000001,18.3
2015,3,19,17,30,22.5,150,86.23,1.1,20.1
2015,3,19,18,30,21,6,87.91,1.4000000000000001,18.900000000000002
2015,3,19,19,30,20.5,0,88.08,1.8,18.5
2015,3,19,20,30,20.200000000000003,0,89.89,2.2,18.5
2015,3,19,21,30,19.700000000000003,0,93.86,2.2,18.7
2015,3,19,22,30,19.1,0,98.7,1.8,18.900000000000002
2015,3,19,23,30,18.6,0,100,1.5,18.6
2015,3,20,0,30,18.2,0,100,1.3,18.2
2015,3,20,1,30,18,0,100,1.1,18
2015,3,20,2,30,17.8,0,100,1,17.8
2015,3,20,3,30,17.7,0,100,0.9,17.7
2015,3,20,4,30,17.6,0,100,0.9,17.6
2015,3,20,5,30,17.5,0,100,0.8,17.5
2015,3,20,6,30,17.8,0,99.84,1,17.8
2015,3,20,7,30,18.400000000000002,13,96.58,1.7000000000000002,17.8
2015,3,20,8,30,18.7,12,93.79,2.6,17.7
2015,3,20,9,30,18.900000000000002,87,91.41,3.2,17.5
2015,3,20,10,30,19,123,88.73,3.4000000000000004,17.1
2015,3,20,11,30,19.1,108,86.09,3.4000000000000004,16.7
2015,3,20,12,30,19.200000000000003,73,84.47,3.5,16.5
2015,3,20,13,30,19.200000000000003,90,83.45,3.6,16.3
2015,3,20,14,30,18.8,162,84.11,3.8000000000000003,16.1
2015,3,20,15,30,18,93,86.02,3.9000000000000004,15.600000000000001
2015,3,20,16,30,16.7,138,89.34,3.8000000000000003,14.9
2015,3,20,17,30,15.4,133,92.81,3.4000000000000004,14.200000000000001
2015,3,20,18,30,14.4,4,95.62,3.1,13.700000000000001
2015,3,20,19,30,13.9,0,96.74000000000001,2.8000000000000003,13.4
2015,3,20,20,30,13.600000000000001,0,96.8,2.6,13.100000000000001
2015,3,20,21,30,13.5,0,96.08,2.5,12.9
2015,3,20,22,30,13.3,0,96.47,2.4000000000000004,12.8
2015,3,20,23,30,13.200000000000001,0,96.37,2.5,12.600000000000001
2015,3,21,0,30,13.100000000000001,0,96.19,2.5,12.5
2015,3,21,1,30,12.9,0,96.51,2.6,12.4
2015,3,21,2,30,12.700000000000001,0,96.59,2.6,12.200000000000001
2015,3,21,3,30,12.600000000000001,0,96.33,2.5,12
2015,3,21,4,30,12.5,0,96.38,2.3000000000000003,11.9
2015,3,21,5,30,12.4,0,96.66,2.2,11.9
2015,3,21,6,30,12.600000000000001,0,95.18,2.4000000000000004,11.8
2015,3,21,7,30,13,22,93.21000000000001,2.8000000000000003,11.9
2015,3,21,8,30,13.600000000000001,47,91.18,3,12.200000000000001
2015,3,21,9,30,14.600000000000001,113,88.08,3.1,12.600000000000001
2015,3,21,10,30,15.600000000000001,160,85.67,3.1,13.200000000000001
2015,3,21,11,30,16.3,183,85.10000000000001,3,13.8
2015,3,21,12,30,16.900000000000002,184,83.7,3,14.100000000000001
2015,3,21,13,30,17.5,331,82.43,3.1,14.5
2015,3,21,14,30,18,100,81.81,3.1,14.8
2015,3,21,15,30,18.1,46,82.92,3,15.200000000000001
2015,3,21,16,30,17.7,53,85.61,2.5,15.3
2015,3,21,17,30,16.5,22,92.45,1.6,15.3
2015,3,21,18,30,15.600000000000001,4,97.71000000000001,1.2000000000000002,15.200000000000001
2015,3,21,19,30,15.100000000000001,0,98.61,1.5,14.9
2015,3,21,20,30,14.8,0,98.92,1.6,14.600000000000001
2015,3,21,21,30,14.200000000000001,0,100,1.5,14.200000000000001
2015,3,21,22,30,13.5,0,100,1.5,13.5
2015,3,21,23,30,12.700000000000001,0,100,1.3,12.700000000000001
2015,3,22,0,30,12.200000000000001,0,100,1.2000000000000002,12.200000000000001
2015,3,22,1,30,11.8,0,100,1.2000000000000002,11.8
2015,3,22,2,30,11.5,0,100,1.1,11.5
2015,3,22,3,30,11.5,0,100,1.1,11.5
2015,3,22,4,30,11.4,0,100,1.1,11.4
2015,3,22,5,30,11.3,0,99.3,1.2000000000000002,11.200000000000001
2015,3,22,6,30,12,0,94.22,1.8,11.100000000000001
2015,3,22,7,30,13.5,6,89.88,2.5,11.9
2015,3,22,8,30,15.200000000000001,19,84.58,2.6,12.600000000000001
2015,3,22,9,30,17,174,77.8,2.6,13.100000000000001
2015,3,22,10,30,18.5,288,72.07000000000001,2.4000000000000004,13.4
2015,3,22,11,30,19.700000000000003,583,67.72,2.1,13.600000000000001
2015,3,22,12,30,20.5,181,65.61,2,13.8
2015,3,22,13,30,21.1,342,63.690000000000005,2,13.9
2015,3,22,14,30,21.3,273,63,2,14
2015,3,22,15,30,21.1,220,63.1,2,13.8
2015,3,22,16,30,20.3,413,65.98,1.5,13.700000000000001
2015,3,22,17,30,18.8,196,76.25,1,14.5
2015,3,22,18,30,17.3,18,83.31,0.9,14.4
2015,3,22,19,30,16.5,0,79.91,0.9,13
2015,3,22,20,30,15.9,0,80.43,1,12.5
2015,3,22,21,30,15.3,0,81.61,1,12.200000000000001
2015,3,22,22,30,14.700000000000001,0,83.49,1,11.9
2015,3,22,23,30,14.100000000000001,0,86.18,1,11.8
2015,3,23,0,30,13.5,0,89.15,1,11.700000000000001
2015,3,23,1,30,12.8,0,92.92,1,11.700000000000001
2015,3,23,2,30,12.100000000000001,0,96.85000000000001,1,11.600000000000001
2015,3,23,3,30,11.600000000000001,0,100,0.9,11.600000000000001
2015,3,23,4,30,11.100000000000001,0,100,0.9,11.100000000000001
2015,3,23,5,30,10.700000000000001,0,100,0.9,10.700000000000001
2015,3,23,6,30,11.700000000000001,0,99.61,1,11.600000000000001
2015,3,23,7,30,14.3,171,85.76,1.3,11.9
2015,3,23,8,30,17.3,398,75.05,1.4000000000000001,12.8
2015,3,23,9,30,19.8,610,68.06,1.4000000000000001,13.700000000000001
2015,3,23,10,30,21.5,776,64,1.5,14.4
2015,3,23,11,30,22.8,886,61.29,1.6,15
2015,3,23,12,30,23.8,929,59.01,1.6,15.3
2015,3,23,13,30,24.5,900,56.54,1.6,15.3
2015,3,23,14,30,24.700000000000003,803,55.31,1.7000000000000002,15.100000000000001
2015,3,23,15,30,24.3,644,56.06,1.8,15
2015,3,23,16,30,23.200000000000003,441,59.58,1.7000000000000002,14.9
2015,3,23,17,30,20.5,214,76.47,1.4000000000000001,16.2
2015,3,23,18,30,17.8,21,86.05,1.4000000000000001,15.4
2015,3,23,19,30,16.7,0,85.45,1.6,14.200000000000001
2015,3,23,20,30,16.1,0,86.41,1.9000000000000001,13.8
2015,3,23,21,30,15.600000000000001,0,87.73,2.1,13.600000000000001
2015,3,23,22,30,15.200000000000001,0,89.37,2.3000000000000003,13.5
2015,3,23,23,30,14.8,0,91.26,2.5,13.4
2015,3,24,0,30,14.3,0,94.03,2.5,13.4
2015,3,24,1,30,13.8,0,97.23,2.5,13.4
2015,3,24,2,30,13.3,0,100,2.5,13.3
2015,3,24,3,30,12.9,0,100,2.4000000000000004,12.9
2015,3,24,4,30,12.600000000000001,0,100,2.3000000000000003,12.600000000000001
2015,3,24,5,30,12.600000000000001,0,100,2.5,12.600000000000001
2015,3,24,6,30,13.9,0,96.29,3.1,13.3
2015,3,24,7,30,16.6,172,84.01,3.9000000000000004,13.9
2015,3,24,8,30,19.700000000000003,395,75.68,4.7,15.3
2015,3,24,9,30,22.200000000000003,601,68.32000000000001,5.300000000000001,16.1
2015,3,24,10,30,24,765,62.660000000000004,5.300000000000001,16.400000000000002
2015,3,24,11,30,25.3,871,59.78,5.1000000000000005,16.900000000000002
2015,3,24,12,30,26.3,919,57.77,4.9,17.3
2015,3,24,13,30,27,887,56.24,4.7,17.5
2015,3,24,14,30,27.200000000000003,789,55.93,4.6000000000000005,17.6
2015,3,24,15,30,26.900000000000002,632,57.29,4.4,17.7
2015,3,24,16,30,25.700000000000003,428,62.940000000000005,3.9000000000000004,18.1
2015,3,24,17,30,23.400000000000002,206,75.36,3.5,18.8
2015,3,24,18,30,21.5,12,82.28,3.7,18.400000000000002
2015,3,24,19,30,20.3,0,87.19,3.9000000000000004,18.1
2015,3,24,20,30,19.5,0,91.31,3.9000000000000004,18
2015,3,24,21,30,18.900000000000002,0,94.3,3.8000000000000003,18
2015,3,24,22,30,18.3,0,96.86,3.6,17.8
2015,3,24,23,30,17.7,0,99.26,3.5,17.6
2015,3,25,0,30,17.2,0,100,3.5,17.2
2015,3,25,1,30,16.7,0,100,3.4000000000000004,16.7
2015,3,25,2,30,16.1,0,100,3.1,16.1
2015,3,25,3,30,15.3,0,100,2.7,15.3
2015,3,25,4,30,14.600000000000001,0,100,2.3000000000000003,14.600000000000001
2015,3,25,5,30,14.3,0,100,2.3000000000000003,14.3
2015,3,25,6,30,15.200000000000001,0,97.55,2.9000000000000004,14.8
2015,3,25,7,30,17.5,177,85.86,3.8000000000000003,15.100000000000001
2015,3,25,8,30,20,300,78.3,4.4,16.1
2015,3,25,9,30,22.200000000000003,618,68.93,4.6000000000000005,16.2
2015,3,25,10,30,24,785,60.65,4.800000000000001,15.9
2015,3,25,11,30,25.400000000000002,892,54.82,4.9,15.700000000000001
2015,3,25,12,30,26.3,931,51.51,5.1000000000000005,15.5
2015,3,25,13,30,26.6,897,51,5.2,15.600000000000001
2015,3,25,14,30,26.5,706,52.120000000000005,5.300000000000001,15.9
2015,3,25,15,30,26,632,54.870000000000005,5.1000000000000005,16.2
2015,3,25,16,30,24.8,426,60.7,4.4,16.7
2015,3,25,17,30,22.900000000000002,87,71.34,3.4000000000000004,17.400000000000002
2015,3,25,18,30,21.200000000000003,14,80.29,3.2,17.7
2015,3,25,19,30,20.400000000000002,0,84.59,3.6,17.7
2015,3,25,20,30,19.6,0,89.66,3.8000000000000003,17.900000000000002
2015,3,25,21,30,18.8,0,94.06,3.8000000000000003,17.8
2015,3,25,22,30,18.1,0,97.15,3.9000000000000004,17.6
2015,3,25,23,30,17.5,0,99.37,3.4000000000000004,17.400000000000002
2015,3,26,0,30,17.1,0,100,3,17.1
2015,3,26,1,30,16.5,0,100,4.1000000000000005,16.5
2015,3,26,2,30,14.600000000000001,0,100,5.800000000000001,14.600000000000001
2015,3,26,3,30,12.3,0,89.04,6.5,10.5
2015,3,26,4,30,11.100000000000001,0,78.57000000000001,6.300000000000001,7.5
2015,3,26,5,30,10.5,0,76.15,6,6.5
2015,3,26,6,30,10.5,0,73.09,6.1000000000000005,5.9
2015,3,26,7,30,11.3,40,66.57000000000001,6.7,5.300000000000001
2015,3,26,8,30,12.8,244,59.67,7.1000000000000005,5.1000000000000005
2015,3,26,9,30,14.4,272,55.64,7.300000000000001,5.6000000000000005
2015,3,26,10,30,16,619,52.18,7.2,6.2
2015,3,26,11,30,17.400000000000002,897,48.72,7,6.5
2015,3,26,12,30,18.5,944,45.46,6.7,6.5
2015,3,26,13,30,19,919,42.9,6.4,6.1000000000000005
2015,3,26,14,30,19.1,826,40.43,6.2,5.300000000000001
2015,3,26,15,30,18.7,670,38.53,5.9,4.3
2015,3,26,16,30,17.7,463,37.910000000000004,5.1000000000000005,3.2
2015,3,26,17,30,15.200000000000001,231,43.730000000000004,3.5,2.9000000000000004
2015,3,26,18,30,12.4,26,57.11,2.4000000000000004,4.1000000000000005
2015,3,26,19,30,10.9,0,64.2,2.2,4.4
2015,3,26,20,30,9.9,0,68.96000000000001,1.9000000000000001,4.5
2015,3,26,21,30,9.1,0,72.89,1.6,4.5
2015,3,26,22,30,8.6,0,74.98,1.4000000000000001,4.4
2015,3,26,23,30,8.700000000000001,0,72.52,1.2000000000000002,4
2015,3,27,0,30,9.200000000000001,0,66.36,0.9,3.3000000000000003
2015,3,27,1,30,9,0,63.78,0.8,2.5
2015,3,27,2,30,7.9,0,68.87,1,2.5
2015,3,27,3,30,6.9,0,74.53,1.3,2.7
2015,3,27,4,30,6.5,0,76.24,1.6,2.6
2015,3,27,5,30,6.7,0,73.48,2,2.3000000000000003
2015,3,27,6,30,8.3,0,64.95,2.9000000000000004,2.1
2015,3,27,7,30,11.200000000000001,196,53.75,3.1,2.2
2015,3,27,8,30,14.8,428,47.39,3.2,3.7
2015,3,27,9,30,18.5,640,38.910000000000004,4.3,4.2
2015,3,27,10,30,20.8,806,32.55,4.800000000000001,3.7
2015,3,27,11,30,22.1,911,32.25,4.4,4.7
2015,3,27,12,30,22.8,950,33.77,4,6
2015,3,27,13,30,23.1,916,35.71,3.7,7.1000000000000005
2015,3,27,14,30,23,814,37.74,3.4000000000000004,7.800000000000001
2015,3,27,15,30,22.6,652,39.65,3,8.200000000000001
2015,3,27,16,30,21.5,447,43.04,2.1,8.4
2015,3,27,17,30,18.5,221,61.97,1.4000000000000001,11.100000000000001
2015,3,27,18,30,15.4,26,77.47,1.5,11.5
2015,3,27,19,30,14,0,76.01,1.8,9.8
2015,3,27,20,30,12.9,0,78.4,1.8,9.200000000000001
2015,3,27,21,30,11.9,0,80.86,1.7000000000000002,8.700000000000001
2015,3,27,22,30,11,0,83.68,1.6,8.3
2015,3,27,23,30,10.200000000000001,0,86.62,1.5,8.1
2015,3,28,0,30,9.600000000000001,0,88.68,1.4000000000000001,7.800000000000001
2015,3,28,1,30,9.1,0,90.69,1.3,7.7
2015,3,28,2,30,8.6,0,93.64,1.3,7.6000000000000005
2015,3,28,3,30,8.3,0,96.24000000000001,1.3,7.7
2015,3,28,4,30,7.9,0,99.95,1.3,7.9
2015,3,28,5,30,8,0,100,1.5,8
2015,3,28,6,30,9.700000000000001,13,90.31,2.4000000000000004,8.200000000000001
2015,3,28,7,30,13,199,76.01,3.2,8.9
2015,3,28,8,30,16.5,428,64.06,3.5,9.700000000000001
2015,3,28,9,30,20.200000000000003,637,51.26,4.1000000000000005,9.8
2015,3,28,10,30,23.200000000000003,804,41.79,4.6000000000000005,9.5
2015,3,28,11,30,25.3,912,36.62,4.800000000000001,9.4
2015,3,28,12,30,26.700000000000003,949,34.300000000000004,5,9.700000000000001
2015,3,28,13,30,27.5,918,33.39,5,10
2015,3,28,14,30,27.6,818,33.81,4.9,10.200000000000001
2015,3,28,15,30,26.900000000000002,657,36.37,4.6000000000000005,10.700000000000001
2015,3,28,16,30,25.1,452,44.480000000000004,3.9000000000000004,12.200000000000001
2015,3,28,17,30,21.900000000000002,225,58.17,3.2,13.3
2015,3,28,18,30,19.3,27,65.59,2.9000000000000004,12.700000000000001
2015,3,28,19,30,18.1,0,67.33,3.1,12
2015,3,28,20,30,17.3,0,69.89,3.3000000000000003,11.8
2015,3,28,21,30,16.3,0,74.13,3.4000000000000004,11.700000000000001
2015,3,28,22,30,15.3,0,79.29,3.5,11.700000000000001
2015,3,28,23,30,14.4,0,84.63,3.6,11.8
2015,3,29,0,30,13.700000000000001,0,90.11,3.6,12.100000000000001
2015,3,29,1,30,13.200000000000001,0,95.45,3.5,12.5
2015,3,29,2,30,12.8,0,99.55,3.3000000000000003,12.700000000000001
2015,3,29,3,30,12.200000000000001,0,100,2.9000000000000004,12.200000000000001
2015,3,29,4,30,11.600000000000001,0,100,2.6,11.600000000000001
2015,3,29,5,30,11.4,0,100,2.6,11.4
2015,3,29,6,30,12.700000000000001,14,96.79,3.4000000000000004,12.200000000000001
2015,3,29,7,30,15.4,200,82.53,4.6000000000000005,12.4
2015,3,29,8,30,18.400000000000002,431,70.28,5.5,12.9
2015,3,29,9,30,21.3,643,59.4,6,13.100000000000001
2015,3,29,10,30,23.700000000000003,809,51.47,6.4,13.100000000000001
2015,3,29,11,30,25.5,918,46.21,6.6000000000000005,13.100000000000001
2015,3,29,12,30,26.700000000000003,956,43.43,6.800000000000001,13.200000000000001
2015,3,29,13,30,27.200000000000003,922,42.78,6.800000000000001,13.5
2015,3,29,14,30,27.200000000000003,817,43.7,6.6000000000000005,13.8
2015,3,29,15,30,26.8,656,46.13,6.2,14.3
2015,3,29,16,30,25.6,449,51.82,5.300000000000001,15
2015,3,29,17,30,23.3,223,63.09,4,15.9
2015,3,29,18,30,21,27,74.41,3.3000000000000003,16.3
2015,3,29,19,30,20,0,79.56,3.6,16.400000000000002
2015,3,29,20,30,19.200000000000003,0,84.42,3.9000000000000004,16.5
2015,3,29,21,30,18.2,0,90.54,3.6,16.6
2015,3,29,22,30,17.3,0,96.28,3.1,16.7
2015,3,29,23,30,16.6,0,100,2.6,16.6
2015,3,30,0,30,16.1,0,100,2.2,16.1
2015,3,30,1,30,15.700000000000001,0,100,1.9000000000000001,15.700000000000001
2015,3,30,2,30,15.4,0,100,1.7000000000000002,15.4
2015,3,30,3,30,15.100000000000001,0,100,1.7000000000000002,15.100000000000001
2015,3,30,4,30,14.9,0,100,1.6,14.9
2015,3,30,5,30,15,0,100,1.8,15
2015,3,30,6,30,16.400000000000002,14,96.44,2.5,15.8
2015,3,30,7,30,18.8,187,85.16,3.2,16.3
2015,3,30,8,30,21.1,289,77.31,3.3000000000000003,17
2015,3,30,9,30,23,339,70.79,3.2,17.400000000000002
2015,3,30,10,30,24.6,389,66.1,3.3000000000000003,17.900000000000002
2015,3,30,11,30,25.900000000000002,299,62.58,3.3000000000000003,18.2
2015,3,30,12,30,26.900000000000002,297,60.050000000000004,3.3000000000000003,18.5
2015,3,30,13,30,27.3,347,59.07,3.2,18.6
2015,3,30,14,30,27.3,235,58.95,3.1,18.6
2015,3,30,15,30,26.8,353,60.4,3.1,18.5
2015,3,30,16,30,25.6,257,64.95,2.6,18.5
2015,3,30,17,30,23.5,152,78.16,2,19.5
2015,3,30,18,30,21.6,26,87.24,1.9000000000000001,19.400000000000002
2015,3,30,19,30,20.900000000000002,0,88.7,2.2,19
2015,3,30,20,30,20.5,0,90.61,2.5,18.900000000000002
2015,3,30,21,30,20.200000000000003,0,92.46000000000001,2.8000000000000003,18.900000000000002
2015,3,30,22,30,19.8,0,95.33,3.1,19
2015,3,30,23,30,19.400000000000002,0,98.11,3.4000000000000004,19.1
2015,3,31,0,30,19,0,100,3.5,19
2015,3,31,1,30,18.6,0,100,3.4000000000000004,18.6
2015,3,31,2,30,18.3,0,100,3.2,18.3
2015,3,31,3,30,17.900000000000002,0,100,2.9000000000000004,17.900000000000002
2015,3,31,4,30,17.5,0,100,2.6,17.5
2015,3,31,5,30,17.3,0,100,2.6,17.3
2015,3,31,6,30,18,6,94.58,3.1,17.1
2015,3,31,7,30,19.700000000000003,46,86.08,4,17.3
2015,3,31,8,30,21.6,378,77.69,4.4,17.5
2015,3,31,9,30,23.3,453,71.02,4.4,17.8
2015,3,31,10,30,24.6,533,66.02,4.3,17.8
2015,3,31,11,30,25.6,848,61.75,4.2,17.7
2015,3,31,12,30,26.200000000000003,922,58.56,4.1000000000000005,17.400000000000002
2015,3,31,13,30,26.5,893,56.19,4.2,17.1
2015,3,31,14,30,26.6,667,54.69,4.3,16.7
2015,3,31,15,30,26.3,547,55.31,4.3,16.6
2015,3,31,16,30,25.400000000000002,335,59.71,3.9000000000000004,17
2015,3,31,17,30,23.5,181,70.12,3.1,17.7
2015,3,31,18,30,21.6,22,80.34,2.7,18.1
2015,3,31,19,30,20.900000000000002,0,84.53,2.7,18.2
2015,3,31,20,30,20.700000000000003,0,87.32000000000001,2.9000000000000004,18.5
2015,3,31,21,30,20.400000000000002,0,90.33,3,18.8
2015,3,31,22,30,20,0,93.67,3,18.900000000000002
2015,3,31,23,30,19.5,0,97.34,2.8000000000000003,19.1
2015,4,1,0,30,19.200000000000003,0,99.15,2.8000000000000003,19.1
2015,4,1,1,30,19.1,0,98.93,2.8000000000000003,18.900000000000002
2015,4,1,2,30,19,0,98.75,2.6,18.8
2015,4,1,3,30,18.8,0,99.3,2.3000000000000003,18.7
2015,4,1,4,30,18.7,0,99.33,2,18.6
2015,4,1,5,30,18.6,0,99.29,2,18.5
2015,4,1,6,30,19.1,4,95.87,2.4000000000000004,18.400000000000002
2015,4,1,7,30,20.3,177,89.73,3,18.6
2015,4,1,8,30,21.8,373,83.19,3.3000000000000003,18.8
2015,4,1,9,30,23.5,571,75.67,3.6,19
2015,4,1,10,30,24.8,587,69.71000000000001,3.8000000000000003,18.900000000000002
2015,4,1,11,30,25.700000000000003,637,65.64,4.1000000000000005,18.8
2015,4,1,12,30,26.400000000000002,403,62.68,4.6000000000000005,18.7
2015,4,1,13,30,27,504,60.660000000000004,5.1000000000000005,18.8
2015,4,1,14,30,27,556,60.480000000000004,5.300000000000001,18.7
2015,4,1,15,30,26.400000000000002,618,61.61,5.300000000000001,18.400000000000002
2015,4,1,16,30,25.3,420,64.97,5,18.2
2015,4,1,17,30,23.8,149,71.63,4.3,18.400000000000002
2015,4,1,18,30,22.400000000000002,14,79.60000000000001,3.9000000000000004,18.7
2015,4,1,19,30,21.6,0,85.77,4,19.1
2015,4,1,20,30,21.1,0,90.47,4.2,19.5
2015,4,1,21,30,20.700000000000003,0,93.87,4.4,19.700000000000003
2015,4,1,22,30,20.400000000000002,0,96.21000000000001,4.5,19.8
2015,4,1,23,30,20.200000000000003,0,97.58,4.5,19.8
2015,4,2,0,30,20,0,98.34,4.4,19.700000000000003
2015,4,2,1,30,19.8,0,98.69,4.3,19.6
2015,4,2,2,30,19.6,0,98.76,4.2,19.400000000000002
2015,4,2,3,30,19.400000000000002,0,98.8,4.1000000000000005,19.200000000000003
2015,4,2,4,30,19.3,0,98.39,3.9000000000000004,19
2015,4,2,5,30,19.200000000000003,0,97.8,3.9000000000000004,18.8
2015,4,2,6,30,19.8,19,93.75,4.1000000000000005,18.8
2015,4,2,7,30,21.400000000000002,118,86.58,5,19.1
2015,4,2,8,30,23.400000000000002,79,78.34,5.7,19.400000000000002
2015,4,2,9,30,25.400000000000002,182,70.91,5.9,19.700000000000003
2015,4,2,10,30,27.1,356,65.26,5.800000000000001,20
2015,4,2,11,30,28.6,397,60.5,5.6000000000000005,20.200000000000003
2015,4,2,12,30,29.6,605,57.64,5.5,20.400000000000002
2015,4,2,13,30,30.1,690,56.34,5.300000000000001,20.5
2015,4,2,14,30,30.200000000000003,792,56.28,5.300000000000001,20.5
2015,4,2,15,30,29.6,633,58.5,5.300000000000001,20.6
2015,4,2,16,30,28.400000000000002,434,63.5,5.2,20.8
2015,4,2,17,30,26.6,215,72.13,4.9,21.200000000000003
2015,4,2,18,30,25,24,80.01,5.1000000000000005,21.3
2015,4,2,19,30,23.900000000000002,0,85.16,5.4,21.3
2015,4,2,20,30,23,0,89.84,5.5,21.200000000000003
2015,4,2,21,30,22.1,0,92.95,5.2,20.900000000000002
2015,4,2,22,30,21.1,0,95.31,4.9,20.3
2015,4,2,23,30,20.200000000000003,0,96.58,4.800000000000001,19.6
2015,4,3,0,30,19.700000000000003,0,96.36,5,19.1
2015,4,3,1,30,19.400000000000002,0,95.96000000000001,5.1000000000000005,18.7
2015,4,3,2,30,19.200000000000003,0,96.34,4.800000000000001,18.6
2015,4,3,3,30,18.900000000000002,0,97.97,4.1000000000000005,18.6
2015,4,3,4,30,18.900000000000002,0,98.07000000000001,3.8000000000000003,18.6
2015,4,3,5,30,19.200000000000003,0,96.96000000000001,4,18.7
2015,4,3,6,30,20.200000000000003,6,92.29,4.2,18.900000000000002
2015,4,3,7,30,21.900000000000002,67,85.18,4.5,19.3
2015,4,3,8,30,23.6,153,77.75,4.5,19.5
2015,4,3,9,30,24.700000000000003,141,73.35000000000001,4.3,19.6
2015,4,3,10,30,25.1,661,70.03,4.3,19.3
2015,4,3,11,30,24.900000000000002,662,65.72,4.6000000000000005,18
2015,4,3,12,30,24.6,905,59.5,5.1000000000000005,16.2
2015,4,3,13,30,24.400000000000002,879,53.82,5.5,14.4
2015,4,3,14,30,24.200000000000003,682,50.65,5.5,13.3
2015,4,3,15,30,23.6,302,50.370000000000005,5.4,12.700000000000001
2015,4,3,16,30,22.5,272,51.9,5.300000000000001,12.100000000000001
2015,4,3,17,30,20.6,121,56.02,4.9,11.5
2015,4,3,18,30,18.5,19,61.27,4.4,10.9
2015,4,3,19,30,17,0,65.05,4,10.4
2015,4,3,20,30,16.2,0,66.58,3.8000000000000003,10
2015,4,3,21,30,15.8,0,67.07000000000001,4,9.700000000000001
2015,4,3,22,30,15.4,0,67.92,4.1000000000000005,9.5
2015,4,3,23,30,14.8,0,68.99,4.1000000000000005,9.200000000000001
2015,4,4,0,30,14,0,70.65,4,8.8
2015,4,4,1,30,13.200000000000001,0,71.74,4,8.200000000000001
2015,4,4,2,30,12.600000000000001,0,72.04,4.1000000000000005,7.7
2015,4,4,3,30,12,0,72.39,4.2,7.2
2015,4,4,4,30,11.4,0,72.3,4.3,6.6000000000000005
2015,4,4,5,30,10.700000000000001,0,72.78,4.3,6
2015,4,4,6,30,10.9,10,70.14,4.7,5.7
2015,4,4,7,30,12.3,98,60.75,5.4,4.9
2015,4,4,8,30,14,453,50.63,5.4,3.9000000000000004
2015,4,4,9,30,15.700000000000001,663,44.85,4.800000000000001,3.7
2015,4,4,10,30,17.3,829,41.050000000000004,4.4,3.9000000000000004
2015,4,4,11,30,18.900000000000002,932,38.46,4.2,4.4
2015,4,4,12,30,20.3,967,36.35,4.1000000000000005,4.9
2015,4,4,13,30,21.1,930,35.27,3.9000000000000004,5.2
2015,4,4,14,30,21.3,823,35.12,3.6,5.300000000000001
2015,4,4,15,30,21.1,660,36.02,3.2,5.5
2015,4,4,16,30,20.3,309,38.43,2.6,5.7
2015,4,4,17,30,18.1,187,48.59,1.7000000000000002,7.1000000000000005
2015,4,4,18,30,15.700000000000001,15,70.69,1.3,10.4
2015,4,4,19,30,15,0,72.75,1.4000000000000001,10.100000000000001
2015,4,4,20,30,14.8,0,75.03,1.6,10.4
2015,4,4,21,30,14.200000000000001,0,78.14,1.7000000000000002,10.4
2015,4,4,22,30,13.600000000000001,0,81.96000000000001,1.5,10.600000000000001
2015,4,4,23,30,13.3,0,87.02,1.2000000000000002,11.200000000000001
2015,4,5,0,30,13.200000000000001,0,89.39,1.6,11.5
2015,4,5,1,30,13,0,89.21000000000001,2.1,11.3
2015,4,5,2,30,12.8,0,92.47,2.1,11.600000000000001
2015,4,5,3,30,12.700000000000001,0,94.81,2.1,11.9
2015,4,5,4,30,12.600000000000001,0,96.32000000000001,2,12
2015,4,5,5,30,12.5,0,96.94,2.1,12
2015,4,5,6,30,12.8,7,94.59,2.5,12
2015,4,5,7,30,13.600000000000001,5,90.07000000000001,2.7,12
2015,4,5,8,30,14.700000000000001,97,84.96000000000001,2.6,12.200000000000001
2015,4,5,9,30,15.8,154,80.46000000000001,2.4000000000000004,12.4
2015,4,5,10,30,16.8,292,77.03,2.3000000000000003,12.8
2015,4,5,11,30,18,328,73.5,2.4000000000000004,13.200000000000001
2015,4,5,12,30,19.400000000000002,183,70.48,2.9000000000000004,13.9
2015,4,5,13,30,20.400000000000002,213,69.85000000000001,3.2,14.700000000000001
2015,4,5,14,30,20.8,115,71.32000000000001,3,15.4
2015,4,5,15,30,20.5,99,74.93,2.6,15.9
2015,4,5,16,30,19.8,115,79.57000000000001,2.3000000000000003,16.2
2015,4,5,17,30,18.6,41,86.23,2.1,16.3
2015,4,5,18,30,17.3,11,93.53,2.2,16.2
2015,4,5,19,30,16.400000000000002,0,97.64,2.4000000000000004,16
2015,4,5,20,30,16.1,0,97.68,2.4000000000000004,15.700000000000001
2015,4,5,21,30,16.1,0,96.84,2.2,15.600000000000001
2015,4,5,22,30,16.3,0,96.91,2.1,15.8
2015,4,5,23,30,16.900000000000002,0,96.28,2.5,16.3
2015,4,6,0,30,17.6,0,96.7,3.1,17.1
2015,4,6,1,30,18.2,0,97.92,3.5,17.900000000000002
2015,4,6,2,30,18.400000000000002,0,99.27,3.4000000000000004,18.3
2015,4,6,3,30,18.400000000000002,0,99.25,3.3000000000000003,18.3
2015,4,6,4,30,18.5,0,98.67,3.2,18.3
2015,4,6,5,30,18.6,0,98.16,3.3000000000000003,18.3
2015,4,6,6,30,19.200000000000003,11,95.45,3.7,18.5
2015,4,6,7,30,20.200000000000003,19,93.17,4,19.1
2015,4,6,8,30,21.3,332,91.46000000000001,4.4,19.900000000000002
2015,4,6,9,30,22.5,552,86.8,4.9,20.200000000000003
2015,4,6,10,30,24,784,77.95,5.300000000000001,19.900000000000002
2015,4,6,11,30,26,893,67.25,5.7,19.5
2015,4,6,12,30,27.5,932,60.07,5.9,19.1
2015,4,6,13,30,28.1,810,56.18,5.800000000000001,18.6
2015,4,6,14,30,27.900000000000002,794,56.08,5.6000000000000005,18.3
2015,4,6,15,30,27.200000000000003,617,58.660000000000004,5.1000000000000005,18.400000000000002
2015,4,6,16,30,26.200000000000003,348,63.57,4.6000000000000005,18.7
2015,4,6,17,30,24.8,217,70.97,4.1000000000000005,19.200000000000003
2015,4,6,18,30,23.5,32,77.53,4,19.3
2015,4,6,19,30,22.5,0,83.08,4.1000000000000005,19.5
2015,4,6,20,30,21.8,0,87.92,4.2,19.700000000000003
2015,4,6,21,30,21.200000000000003,0,91.84,4.5,19.8
2015,4,6,22,30,20.700000000000003,0,94.64,4.7,19.8
2015,4,6,23,30,20.3,0,96.39,4.5,19.700000000000003
2015,4,7,0,30,19.900000000000002,0,98.19,3.7,19.6
2015,4,7,1,30,19.6,0,99.29,2.9000000000000004,19.5
2015,4,7,2,30,19.400000000000002,0,99.98,2.6,19.400000000000002
2015,4,7,3,30,19.6,0,98.38,3.2,19.3
2015,4,7,4,30,19.700000000000003,0,97.73,3.7,19.3
2015,4,7,5,30,19.700000000000003,0,97.78,3.7,19.3
2015,4,7,6,30,20.3,19,94.31,3.9000000000000004,19.400000000000002
2015,4,7,7,30,21.6,212,88.18,4.4,19.6
2015,4,7,8,30,23.3,330,79.10000000000001,4.9,19.5
2015,4,7,9,30,25.1,388,69.52,5.2,19.1
2015,4,7,10,30,26.6,656,62.940000000000005,5.2,19
2015,4,7,11,30,27.6,882,59.89,5.1000000000000005,19.1
2015,4,7,12,30,28.200000000000003,698,58.61,5,19.3
2015,4,7,13,30,28.5,397,58.370000000000005,4.9,19.5
2015,4,7,14,30,28.6,492,58.52,4.800000000000001,19.700000000000003
2015,4,7,15,30,28.400000000000002,419,59.730000000000004,4.800000000000001,19.8
2015,4,7,16,30,27.700000000000003,287,62.92,4.4,20
2015,4,7,17,30,26.200000000000003,224,70.18,4.1000000000000005,20.3
2015,4,7,18,30,24.6,36,77.61,4,20.400000000000002
2015,4,7,19,30,23.3,0,83.76,3.9000000000000004,20.400000000000002
2015,4,7,20,30,22.400000000000002,0,88.97,3.6,20.5
2015,4,7,21,30,21.700000000000003,0,92.33,3.7,20.400000000000002
2015,4,7,22,30,21.1,0,94.66,3.7,20.200000000000003
2015,4,7,23,30,20.5,0,97.15,3.6,20
2015,4,8,0,30,19.900000000000002,0,99.92,3.4000000000000004,19.900000000000002
2015,4,8,1,30,19.6,0,100,3.3000000000000003,19.6
2015,4,8,2,30,19.3,0,100,3.2,19.3
2015,4,8,3,30,19.200000000000003,0,100,3.2,19.200000000000003
2015,4,8,4,30,19.3,0,100,3.3000000000000003,19.3
2015,4,8,5,30,19.700000000000003,0,98.38,3.5,19.400000000000002
2015,4,8,6,30,20.700000000000003,21,93.56,3.7,19.6
2015,4,8,7,30,22.3,168,87.56,4.4,20.1
2015,4,8,8,30,23.900000000000002,271,81.55,5.300000000000001,20.5
2015,4,8,9,30,25.1,154,76.2,5.800000000000001,20.6
2015,4,8,10,30,25.900000000000002,188,72.4,5.9,20.6
2015,4,8,11,30,26.3,196,70.24,5.800000000000001,20.400000000000002
2015,4,8,12,30,26.3,159,70.10000000000001,5.5,20.400000000000002
2015,4,8,13,30,26.1,192,71.46000000000001,5.1000000000000005,20.5
2015,4,8,14,30,25.900000000000002,100,73.35000000000001,4.9,20.8
2015,4,8,15,30,25.400000000000002,129,76.5,4.6000000000000005,21
2015,4,8,16,30,24.700000000000003,116,80.5,4.4,21.1
2015,4,8,17,30,23.700000000000003,92,85.15,4.2,21.1
2015,4,8,18,30,22.8,18,88.55,4.4,20.8
2015,4,8,19,30,22.200000000000003,0,90.46000000000001,4.7,20.6
2015,4,8,20,30,21.700000000000003,0,92.44,4.800000000000001,20.400000000000002
2015,4,8,21,30,21.200000000000003,0,94.83,4.7,20.3
2015,4,8,22,30,20.8,0,96.78,4.4,20.3
2015,4,8,23,30,20.6,0,97.51,4,20.200000000000003
2015,4,9,0,30,20.5,0,97.45,3.6,20.1
2015,4,9,1,30,20.3,0,98.2,3.6,20
2015,4,9,2,30,20.3,0,97.95,3.6,20
2015,4,9,3,30,20.200000000000003,0,98.08,3.4000000000000004,19.900000000000002
2015,4,9,4,30,20.1,0,97.97,3.3000000000000003,19.8
2015,4,9,5,30,20,0,97.92,3.4000000000000004,19.700000000000003
2015,4,9,6,30,20.700000000000003,19,93.67,3.9000000000000004,19.6
2015,4,9,7,30,22.3,84,87.43,4.6000000000000005,20.1
2015,4,9,8,30,24.400000000000002,220,78.67,5.300000000000001,20.5
2015,4,9,9,30,26.3,258,69.24,5.4,20.200000000000003
2015,4,9,10,30,27.6,584,63.43,5.2,20
2015,4,9,11,30,28.6,343,60.11,4.9,20.1
2015,4,9,12,30,29.400000000000002,238,58.14,4.5,20.3
2015,4,9,13,30,29.8,775,57.08,4,20.400000000000002
2015,4,9,14,30,29.900000000000002,32,56.59,3.4000000000000004,20.3
2015,4,9,15,30,29.5,385,57.69,2.9000000000000004,20.3
2015,4,9,16,30,28.3,304,62.68,2.1,20.5
2015,4,9,17,30,26.5,191,76.12,1.4000000000000001,22
2015,4,9,18,30,25.1,27,84.76,1.2000000000000002,22.400000000000002
2015,4,9,19,30,23.8,0,83.66,1.2000000000000002,20.900000000000002
2015,4,9,20,30,22.3,0,89.66,1,20.5
2015,4,9,21,30,21.1,0,90.25,1.4000000000000001,19.400000000000002
2015,4,9,22,30,20,0,87.48,2.6,17.900000000000002
2015,4,9,23,30,18.900000000000002,0,84.61,3.9000000000000004,16.2
2015,4,10,0,30,17.6,0,80.85000000000001,4.7,14.3
2015,4,10,1,30,16.3,0,76.05,5,12.100000000000001
2015,4,10,2,30,15.4,0,69.46000000000001,4.800000000000001,9.8
2015,4,10,3,30,14.700000000000001,0,66.79,4.3,8.6
2015,4,10,4,30,14.200000000000001,0,66.52,4,8.1
2015,4,10,5,30,13.8,0,66.63,3.8000000000000003,7.7
2015,4,10,6,30,13.700000000000001,30,65.6,4.1000000000000005,7.4
2015,4,10,7,30,14.600000000000001,40,59.25,4.800000000000001,6.7
2015,4,10,8,30,16,151,51.35,5,6
2015,4,10,9,30,17.7,252,47.21,4.7,6.300000000000001
2015,4,10,10,30,19.400000000000002,400,45.43,4.2,7.300000000000001
2015,4,10,11,30,21,551,44.78,3.8000000000000003,8.5
2015,4,10,12,30,22.200000000000003,765,44.9,3.3000000000000003,9.700000000000001
2015,4,10,13,30,23.1,699,44.84,2.8000000000000003,10.5
2015,4,10,14,30,23.3,763,45.82,2.7,11
2015,4,10,15,30,22.900000000000002,645,47.01,2.8000000000000003,11
2015,4,10,16,30,21.700000000000003,461,50.27,2.7,10.9
2015,4,10,17,30,19.6,235,60.300000000000004,2,11.700000000000001
2015,4,10,18,30,17.400000000000002,33,76.26,1.5,13.200000000000001
2015,4,10,19,30,16.2,0,80.62,1.5,12.9
2015,4,10,20,30,15.600000000000001,0,82.56,1.5,12.600000000000001
2015,4,10,21,30,15.200000000000001,0,85.23,1.4000000000000001,12.700000000000001
2015,4,10,22,30,14.8,0,88.22,1.3,12.9
2015,4,10,23,30,14.4,0,90.86,1.2000000000000002,12.9
2015,4,11,0,30,14.100000000000001,0,92.43,1.1,12.9
2015,4,11,1,30,13.8,0,93.83,1.1,12.8
2015,4,11,2,30,13.600000000000001,0,94.03,1.3,12.700000000000001
2015,4,11,3,30,13.4,0,95.18,1.5,12.600000000000001
2015,4,11,4,30,13.4,0,95.91,1.7000000000000002,12.8
2015,4,11,5,30,13.600000000000001,0,95.74000000000001,2,12.9
2015,4,11,6,30,14.200000000000001,23,92.95,2.4000000000000004,13.100000000000001
2015,4,11,7,30,15.4,13,88.5,2.6,13.5
2015,4,11,8,30,16.900000000000002,129,83.72,2.7,14.100000000000001
2015,4,11,9,30,18.5,305,78.43,2.6,14.700000000000001
2015,4,11,10,30,20.6,478,71.72,2.3000000000000003,15.3
2015,4,11,11,30,23,396,66.95,2.2,16.5
2015,4,11,12,30,24.6,373,64.93,2.2,17.6
2015,4,11,13,30,24.900000000000002,639,65.12,2.3000000000000003,17.900000000000002
2015,4,11,14,30,24.3,335,67.22,2.3000000000000003,17.8
2015,4,11,15,30,23.700000000000003,547,70.39,2.2,18
2015,4,11,16,30,23.1,199,74.66,1.8,18.400000000000002
2015,4,11,17,30,22,65,82.88,1.3,19
2015,4,11,18,30,20.700000000000003,22,91.29,1,19.200000000000003
2015,4,11,19,30,20,0,92.95,1,18.8
2015,4,11,20,30,19.700000000000003,0,94.02,1.1,18.7
2015,4,11,21,30,19.3,0,95.57000000000001,1.1,18.6
2015,4,11,22,30,18.8,0,97.82000000000001,1.2000000000000002,18.400000000000002
2015,4,11,23,30,18.3,0,100,1.2000000000000002,18.3
2015,4,12,0,30,17.8,0,100,1.1,17.8
2015,4,12,1,30,17.5,0,100,1,17.5
2015,4,12,2,30,17.2,0,100,0.9,17.2
2015,4,12,3,30,16.900000000000002,0,100,0.9,16.900000000000002
2015,4,12,4,30,16.5,0,100,0.9,16.5
2015,4,12,5,30,16.7,0,100,1,16.7
2015,4,12,6,30,18.3,46,94.2,1.6,17.400000000000002
2015,4,12,7,30,20.700000000000003,239,86.68,2.5,18.400000000000002
2015,4,12,8,30,22.900000000000002,103,78.55,3.1,19
2015,4,12,9,30,24.8,207,69.98,3.5,19
2015,4,12,10,30,25.8,207,66.07000000000001,3.6,19
2015,4,12,11,30,26.3,196,65.23,3.6,19.3
2015,4,12,12,30,26.200000000000003,271,66.6,3.5,19.5
2015,4,12,13,30,25.8,399,68.8,3.5,19.6
2015,4,12,14,30,25.400000000000002,277,71.23,3.6,19.8
2015,4,12,15,30,25,203,74.17,3.4000000000000004,20.1
2015,4,12,16,30,24.400000000000002,354,79.16,2.8000000000000003,20.6
2015,4,12,17,30,23.400000000000002,223,87.31,2.2,21.200000000000003
2015,4,12,18,30,22.3,20,93.78,2,21.200000000000003
2015,4,12,19,30,21.8,0,95.84,2.2,21.1
2015,4,12,20,30,21.400000000000002,0,98.31,2.4000000000000004,21.1
2015,4,12,21,30,21,0,100,2.3000000000000003,21
2015,4,12,22,30,20.6,0,100,2.1,20.6
2015,4,12,23,30,20.400000000000002,0,100,1.9000000000000001,20.400000000000002
2015,4,13,0,30,20.400000000000002,0,100,1.9000000000000001,20.400000000000002
2015,4,13,1,30,20.3,0,100,1.9000000000000001,20.3
2015,4,13,2,30,20.3,0,100,2,20.3
2015,4,13,3,30,20.200000000000003,0,100,1.9000000000000001,20.200000000000003
2015,4,13,4,30,20,0,100,1.6,20
2015,4,13,5,30,19.8,0,100,1.4000000000000001,19.8
2015,4,13,6,30,20.200000000000003,22,97.64,1.7000000000000002,19.8
2015,4,13,7,30,21.200000000000003,186,95.5,2.3000000000000003,20.5
2015,4,13,8,30,22.3,356,91.03,3,20.8
2015,4,13,9,30,23.8,412,80.05,3.3000000000000003,20.200000000000003
2015,4,13,10,30,25.5,531,64.53,3.2,18.3
2015,4,13,11,30,26.8,750,54.19,2.8000000000000003,16.8
2015,4,13,12,30,27.6,663,49.24,2.4000000000000004,16
2015,4,13,13,30,27.900000000000002,556,47.34,2,15.700000000000001
2015,4,13,14,30,28,616,46.72,1.7000000000000002,15.5
2015,4,13,15,30,27.8,586,46.93,1.2000000000000002,15.4
2015,4,13,16,30,27.1,467,48.27,0.6000000000000001,15.200000000000001
2015,4,13,17,30,25.1,246,57.5,0.5,16.1
2015,4,13,18,30,22.3,23,75.08,1,17.7
2015,4,13,19,30,20.1,0,82.32000000000001,1.4000000000000001,17
2015,4,13,20,30,18.900000000000002,0,89.37,1.7000000000000002,17.1
2015,4,13,21,30,17.900000000000002,0,94.32000000000001,2,17
2015,4,13,22,30,17.1,0,96.89,2.3000000000000003,16.6
2015,4,13,23,30,16.3,0,98.27,2.6,16
2015,4,14,0,30,15.4,0,98.85000000000001,2.8000000000000003,15.200000000000001
2015,4,14,1,30,14.5,0,98.51,2.9000000000000004,14.3
2015,4,14,2,30,13.700000000000001,0,97.36,2.9000000000000004,13.3
2015,4,14,3,30,13.3,0,94.89,2.8000000000000003,12.5
2015,4,14,4,30,13.100000000000001,0,94.16,2.7,12.200000000000001
2015,4,14,5,30,13.200000000000001,0,93.45,2.9000000000000004,12.200000000000001
2015,4,14,6,30,13.8,21,90.83,3.2,12.3
2015,4,14,7,30,15.200000000000001,42,84.77,3.4000000000000004,12.700000000000001
2015,4,14,8,30,17,132,77.91,3.3000000000000003,13.100000000000001
2015,4,14,9,30,18.900000000000002,381,69.78,3.3000000000000003,13.3
2015,4,14,10,30,20.6,396,63.04,3.4000000000000004,13.3
2015,4,14,11,30,22,540,58.08,3.3000000000000003,13.4
2015,4,14,12,30,22.900000000000002,499,55.14,3.2,13.4
2015,4,14,13,30,23.400000000000002,267,53.230000000000004,3.2,13.3
2015,4,14,14,30,23.400000000000002,233,52.370000000000005,3.1,13.100000000000001
2015,4,14,15,30,22.8,282,52.95,3.2,12.700000000000001
2015,4,14,16,30,21.6,196,55.050000000000004,3.3000000000000003,12.200000000000001
2015,4,14,17,30,19.5,97,60.92,2.6,11.8
2015,4,14,18,30,16.900000000000002,35,74.79,1.5,12.4
2015,4,14,19,30,15.100000000000001,0,85.71000000000001,1.1,12.700000000000001
2015,4,14,20,30,14.100000000000001,0,88.33,1.1,12.200000000000001
2015,4,14,21,30,13.4,0,89.5,0.9,11.700000000000001
2015,4,14,22,30,13,0,89.82000000000001,0.7000000000000001,11.4
2015,4,14,23,30,12.5,0,90.21000000000001,0.6000000000000001,10.9
2015,4,15,0,30,11.8,0,92.59,0.7000000000000001,10.600000000000001
2015,4,15,1,30,11.200000000000001,0,94.7,0.8,10.4
2015,4,15,2,30,10.700000000000001,0,96.75,0.9,10.200000000000001
2015,4,15,3,30,10.5,0,97.37,0.9,10.100000000000001
2015,4,15,4,30,10.3,0,98.52,0.9,10.100000000000001
2015,4,15,5,30,10.700000000000001,0,95.74000000000001,0.9,10
2015,4,15,6,30,12.700000000000001,59,85.95,1.1,10.4
2015,4,15,7,30,15.9,267,70.93,1.7000000000000002,10.600000000000001
2015,4,15,8,30,18.900000000000002,495,57.96,2.1,10.4
2015,4,15,9,30,21.1,701,51.410000000000004,2.2,10.700000000000001
2015,4,15,10,30,23,861,47.33,2.1,11.200000000000001
2015,4,15,11,30,24.6,961,44.410000000000004,1.7000000000000002,11.700000000000001
2015,4,15,12,30,25.900000000000002,993,42.26,1.3,12.100000000000001
2015,4,15,13,30,26.8,956,40.910000000000004,1,12.4
2015,4,15,14,30,27.200000000000003,850,40.76,1.2000000000000002,12.700000000000001
2015,4,15,15,30,27,688,42.13,1.7000000000000002,13
2015,4,15,16,30,26,482,45.910000000000004,2.2,13.5
2015,4,15,17,30,23.700000000000003,257,57.33,2.2,14.8
2015,4,15,18,30,21,53,72.3,2.3000000000000003,15.8
2015,4,15,19,30,19.6,0,75.93,2.6,15.200000000000001
2015,4,15,20,30,18.8,0,80.52,2.5,15.4
2015,4,15,21,30,18.1,0,85.22,2.2,15.600000000000001
2015,4,15,22,30,17.400000000000002,0,89.94,1.9000000000000001,15.700000000000001
2015,4,15,23,30,16.900000000000002,0,93.09,1.6,15.8
2015,4,16,0,30,16.5,0,95.77,1.4000000000000001,15.8
2015,4,16,1,30,16.2,0,98.53,1.2000000000000002,16
2015,4,16,2,30,16,0,100,1.1,16
2015,4,16,3,30,16.1,0,100,1.1,16.1
2015,4,16,4,30,16.3,0,100,1.1,16.3
2015,4,16,5,30,16.900000000000002,0,100,1.1,16.900000000000002
2015,4,16,6,30,18.400000000000002,24,95.33,1.7000000000000002,17.6
2015,4,16,7,30,20.200000000000003,120,89.14,2.4000000000000004,18.400000000000002
2015,4,16,8,30,21.6,302,85.61,2.7,19.1
2015,4,16,9,30,22.5,481,82.69,2.9000000000000004,19.400000000000002
2015,4,16,10,30,23.200000000000003,800,79.55,3,19.5
2015,4,16,11,30,24.1,898,76.42,3,19.700000000000003
2015,4,16,12,30,25.1,942,73.58,3,20
2015,4,16,13,30,25.8,680,71.87,3,20.3
2015,4,16,14,30,26,60,71.28,2.7,20.400000000000002
2015,4,16,15,30,25.900000000000002,19,72.54,2.3000000000000003,20.6
2015,4,16,16,30,25.3,402,76.56,1.9000000000000001,20.900000000000002
2015,4,16,17,30,23.8,5,87.43,1.8,21.6
2015,4,16,18,30,22.400000000000002,18,94.82000000000001,2.2,21.5
2015,4,16,19,30,21.8,0,97.14,2.8000000000000003,21.3
2015,4,16,20,30,21.400000000000002,0,99.68,2.9000000000000004,21.3
2015,4,16,21,30,21.1,0,100,2.7,21.1
2015,4,16,22,30,20.700000000000003,0,100,2.5,20.700000000000003
2015,4,16,23,30,20.5,0,100,2.4000000000000004,20.5
2015,4,17,0,30,20.200000000000003,0,100,2.4000000000000004,20.200000000000003
2015,4,17,1,30,19.900000000000002,0,100,2.4000000000000004,19.900000000000002
2015,4,17,2,30,19.5,0,100,2.6,19.5
2015,4,17,3,30,19.1,0,100,2.6,19.1
2015,4,17,4,30,18.7,0,100,2.4000000000000004,18.7
2015,4,17,5,30,18.6,0,98.61,2.4000000000000004,18.400000000000002
2015,4,17,6,30,19.1,27,95.81,2.6,18.400000000000002
2015,4,17,7,30,20.1,44,93.13,2.7,19
2015,4,17,8,30,21.6,298,87.84,2.6,19.5
2015,4,17,9,30,23.3,174,81.35000000000001,2.6,19.900000000000002
2015,4,17,10,30,24.8,723,74.7,2.4000000000000004,20
2015,4,17,11,30,25.5,598,72.17,2.2,20.1
2015,4,17,12,30,25.5,656,72.02,2,20.1
2015,4,17,13,30,25.3,703,73.01,2.1,20.1
2015,4,17,14,30,25,384,74.97,2.3000000000000003,20.3
2015,4,17,15,30,24.3,181,78.97,2.2,20.400000000000002
2015,4,17,16,30,23.3,70,85.49,1.8,20.700000000000003
2015,4,17,17,30,22.1,36,93.87,1.4000000000000001,21.1
2015,4,17,18,30,21.1,17,97.84,1.3,20.700000000000003
2015,4,17,19,30,20.6,0,98.2,1.6,20.3
2015,4,17,20,30,20.3,0,98.68,1.5,20.1
2015,4,17,21,30,19.900000000000002,0,99.97,1.3,19.900000000000002
2015,4,17,22,30,19.400000000000002,0,100,1.7000000000000002,19.400000000000002
2015,4,17,23,30,19.1,0,100,2.2,19.1
2015,4,18,0,30,18.6,0,100,1.8,18.6
2015,4,18,1,30,18.1,0,100,1.1,18.1
2015,4,18,2,30,17.8,0,100,0.8,17.8
2015,4,18,3,30,17.6,0,99.99000000000001,0.7000000000000001,17.6
2015,4,18,4,30,17.7,0,98.12,0.6000000000000001,17.400000000000002
2015,4,18,5,30,17.8,0,96.35000000000001,0.5,17.2
2015,4,18,6,30,18.5,45,93.8,0.6000000000000001,17.5
2015,4,18,7,30,19.8,202,92.21000000000001,1,18.5
2015,4,18,8,30,21.200000000000003,117,85.68,1.2000000000000002,18.7
2015,4,18,9,30,22.700000000000003,384,77.87,1.2000000000000002,18.6
2015,4,18,10,30,24,420,70.98,0.9,18.400000000000002
2015,4,18,11,30,25,606,66.28,0.5,18.3
2015,4,18,12,30,25.8,633,63.09,0.30000000000000004,18.2
2015,4,18,13,30,26.200000000000003,699,59.97,0.4,17.8
2015,4,18,14,30,26.200000000000003,576,58.79,0.4,17.5
2015,4,18,15,30,25.700000000000003,541,59.65,0.5,17.3
2015,4,18,16,30,24.700000000000003,462,65.31,0.7000000000000001,17.8
2015,4,18,17,30,22.900000000000002,233,76.89,0.9,18.6
2015,4,18,18,30,21.200000000000003,55,89.11,1,19.3
2015,4,18,19,30,20.3,0,88.57000000000001,1,18.3
2015,4,18,20,30,19.6,0,90.61,0.9,18
2015,4,18,21,30,18.8,0,93.04,0.9,17.7
2015,4,18,22,30,17.8,0,96.43,0.9,17.2
2015,4,18,23,30,17,0,99.19,1.1,16.900000000000002
2015,4,19,0,30,16.2,0,100,1.1,16.2
2015,4,19,1,30,15.700000000000001,0,100,1.2000000000000002,15.700000000000001
2015,4,19,2,30,15.5,0,100,1.3,15.5
2015,4,19,3,30,15.600000000000001,0,100,1.4000000000000001,15.600000000000001
2015,4,19,4,30,15.700000000000001,0,100,1.7000000000000002,15.700000000000001
2015,4,19,5,30,16.2,0,97.98,2.3000000000000003,15.9
2015,4,19,6,30,17.5,70,93.67,3.2,16.5
2015,4,19,7,30,19.6,278,89.35000000000001,4.3,17.8
2015,4,19,8,30,22.200000000000003,504,82.89,5.5,19.200000000000003
2015,4,19,9,30,24.6,707,69.58,6,18.7
2015,4,19,10,30,26.3,869,55.81,5.9,16.8
2015,4,19,11,30,27.200000000000003,972,46.22,5.7,14.700000000000001
2015,4,19,12,30,27.5,1009,40.13,5.5,12.700000000000001
2015,4,19,13,30,27.3,975,37.67,5.5,11.600000000000001
2015,4,19,14,30,26.700000000000003,870,38.160000000000004,5.5,11.3
2015,4,19,15,30,25.900000000000002,708,39.550000000000004,5.2,11.100000000000001
2015,4,19,16,30,24.6,502,41.92,4.2,10.8
2015,4,19,17,30,22.1,274,50.89,2.9000000000000004,11.5
2015,4,19,18,30,19,61,65.66,2,12.4
2015,4,19,19,30,17.400000000000002,0,67.8,2.1,11.4
2015,4,19,20,30,17,0,67.63,2.9000000000000004,11
2015,4,19,21,30,16.6,0,67.62,4.2,10.600000000000001
2015,4,19,22,30,15.600000000000001,0,70.73,5,10.3
2015,4,19,23,30,14.4,0,75.05,5,10
2015,4,20,0,30,13.200000000000001,0,78.75,4.5,9.600000000000001
2015,4,20,1,30,12.200000000000001,0,81.23,3.8000000000000003,9.1
2015,4,20,2,30,11.100000000000001,0,84.11,3.2,8.5
2015,4,20,3,30,10,0,88.01,2.5,8.1
2015,4,20,4,30,9,0,91.68,1.9000000000000001,7.7
2015,4,20,5,30,9,0,88.88,1.8,7.300000000000001
2015,4,20,6,30,10.600000000000001,76,78.96000000000001,2.2,7.1000000000000005
2015,4,20,7,30,13.700000000000001,291,63.57,2.9000000000000004,6.9
2015,4,20,8,30,16.6,517,44.42,3.7,4.4
2015,4,20,9,30,18.3,713,35.26,4,2.7
2015,4,20,10,30,19.3,861,33.69,3.7,2.9000000000000004
2015,4,20,11,30,20.3,956,33.56,3.2,3.7
2015,4,20,12,30,21.200000000000003,991,34.36,2.8000000000000003,4.9
2015,4,20,13,30,21.700000000000003,955,35.63,2.5,5.800000000000001
2015,4,20,14,30,21.8,850,36.97,2.2,6.5
2015,4,20,15,30,21.5,686,38.660000000000004,1.8,6.800000000000001
2015,4,20,16,30,20.8,401,41.04,1.4000000000000001,7.1000000000000005
2015,4,20,17,30,19.200000000000003,210,48.74,1,8.1
2015,4,20,18,30,17.1,42,70.07000000000001,0.9,11.600000000000001
2015,4,20,19,30,15.8,0,72.41,1,10.8
2015,4,20,20,30,15.100000000000001,0,73.09,1.1,10.3
2015,4,20,21,30,14.600000000000001,0,74.25,1.2000000000000002,10.100000000000001
2015,4,20,22,30,14.200000000000001,0,76.07000000000001,1.1,10
2015,4,20,23,30,13.9,0,77.8,1.1,10.100000000000001
2015,4,21,0,30,13.600000000000001,0,79.43,1.2000000000000002,10.100000000000001
2015,4,21,1,30,13.3,0,79.95,1.3,9.9
2015,4,21,2,30,12.8,0,81.05,1.4000000000000001,9.600000000000001
2015,4,21,3,30,12.100000000000001,0,82.79,1.5,9.3
2015,4,21,4,30,11.4,0,84.5,1.4000000000000001,8.9
2015,4,21,5,30,11.5,0,82.55,1.5,8.6
2015,4,21,6,30,13.4,74,74.74,2.2,9
2015,4,21,7,30,16.2,278,61.980000000000004,2.9000000000000004,8.9
2015,4,21,8,30,19.1,496,52.81,3.4000000000000004,9.200000000000001
2015,4,21,9,30,21,687,45.81,3.5,8.9
2015,4,21,10,30,21.6,832,45.76,3.4000000000000004,9.4
2015,4,21,11,30,22,923,46.730000000000004,3.2,10.100000000000001
2015,4,21,12,30,22.700000000000003,668,47.27,3,10.9
2015,4,21,13,30,23.6,766,47.65,3,11.8
2015,4,21,14,30,24.3,465,48.78,3.1,12.8
2015,4,21,15,30,24.400000000000002,675,50.78,3.1,13.5
2015,4,21,16,30,23.900000000000002,434,54.44,3,14.200000000000001
2015,4,21,17,30,22.3,254,64.25,2.4000000000000004,15.200000000000001
2015,4,21,18,30,20.1,57,78.3,2,16.2
2015,4,21,19,30,19.1,0,81.71000000000001,2.4000000000000004,15.9
2015,4,21,20,30,19,0,84.27,2.9000000000000004,16.3
2015,4,21,21,30,18.7,0,89.23,3.2,16.900000000000002
2015,4,21,22,30,18.3,0,94.83,3,17.5
2015,4,21,23,30,17.6,0,100,2.6,17.6
2015,4,22,0,30,16.900000000000002,0,100,2.2,16.900000000000002
2015,4,22,1,30,16.3,0,100,2,16.3
2015,4,22,2,30,15.8,0,100,1.9000000000000001,15.8
2015,4,22,3,30,15.3,0,100,1.8,15.3
2015,4,22,4,30,14.8,0,100,1.7000000000000002,14.8
2015,4,22,5,30,15.200000000000001,0,100,1.9000000000000001,15.200000000000001
2015,4,22,6,30,17.1,78,93.63,2.6,16.1
2015,4,22,7,30,19.8,101,82.36,3.2,16.7
2015,4,22,8,30,22.3,207,69.55,3.3000000000000003,16.5
2015,4,22,9,30,24.5,699,59.79,3.2,16.2
2015,4,22,10,30,26.1,849,57.300000000000004,3,17
2015,4,22,11,30,26.8,877,58.61,2.8000000000000003,18
2015,4,22,12,30,26.8,333,60.870000000000005,2.8000000000000003,18.6
2015,4,22,13,30,26.5,486,63.550000000000004,2.8000000000000003,19
2015,4,22,14,30,26,571,66.97,2.8000000000000003,19.400000000000002
2015,4,22,15,30,25.400000000000002,455,71.04,2.6,19.8
2015,4,22,16,30,24.6,421,77.24,2.2,20.3
2015,4,22,17,30,23.3,201,86.96000000000001,1.8,21
2015,4,22,18,30,22.1,24,93.37,1.5,21
2015,4,22,19,30,21.5,0,94.36,1.6,20.6
2015,4,22,20,30,21.3,0,95.36,1.8,20.5
2015,4,22,21,30,21.1,0,96.69,2.1,20.6
2015,4,22,22,30,21,0,97.73,2.4000000000000004,20.6
2015,4,22,23,30,20.8,0,99.04,2.5,20.6
2015,4,23,0,30,20.6,0,99.73,2.2,20.6
2015,4,23,1,30,20.200000000000003,0,100,1.8,20.200000000000003
2015,4,23,2,30,19.900000000000002,0,100,1.7000000000000002,19.900000000000002
2015,4,23,3,30,19.6,0,100,1.7000000000000002,19.6
2015,4,23,4,30,19.400000000000002,0,100,1.6,19.400000000000002
2015,4,23,5,30,19.400000000000002,0,99.03,1.6,19.200000000000003
2015,4,23,6,30,20,52,96.76,1.8,19.5
2015,4,23,7,30,20.900000000000002,74,94.87,2,20
2015,4,23,8,30,22.1,251,92.11,2.1,20.8
2015,4,23,9,30,23.5,439,88.21000000000001,2.2,21.400000000000002
2015,4,23,10,30,25,534,82.2,2.1,21.8
2015,4,23,11,30,26.5,300,75.7,2.1,21.900000000000002
2015,4,23,12,30,27.700000000000003,641,70.12,1.9000000000000001,21.8
2015,4,23,13,30,28.1,221,66.33,1.7000000000000002,21.200000000000003
2015,4,23,14,30,28.1,224,64.09,1.5,20.700000000000003
2015,4,23,15,30,27.700000000000003,435,64.43,1.4000000000000001,20.400000000000002
2015,4,23,16,30,26.8,169,69.94,1.5,20.900000000000002
2015,4,23,17,30,25.1,81,80.71000000000001,1.3,21.5
2015,4,23,18,30,23.400000000000002,42,91.29,1.2000000000000002,21.900000000000002
2015,4,23,19,30,22.6,0,91.56,1.4000000000000001,21.200000000000003
2015,4,23,20,30,22.200000000000003,0,93.04,1.6,21
2015,4,23,21,30,21.900000000000002,0,94.17,1.8,20.900000000000002
2015,4,23,22,30,21.6,0,95.38,1.9000000000000001,20.8
2015,4,23,23,30,21.200000000000003,0,97.07000000000001,1.7000000000000002,20.700000000000003
2015,4,24,0,30,21.200000000000003,0,96.87,1.8,20.700000000000003
2015,4,24,1,30,21,0,99.16,1.5,20.900000000000002
2015,4,24,2,30,20.5,0,100,1,20.5
2015,4,24,3,30,20.3,0,100,1.2000000000000002,20.3
2015,4,24,4,30,20.5,0,100,1.7000000000000002,20.5
2015,4,24,5,30,20.8,0,98.86,2.4000000000000004,20.6
2015,4,24,6,30,21.3,10,97.38,3.3000000000000003,20.900000000000002
2015,4,24,7,30,21.8,28,96.84,3.8000000000000003,21.3
2015,4,24,8,30,22.3,76,96.46000000000001,4.1000000000000005,21.700000000000003
2015,4,24,9,30,23.1,566,94.45,4.9,22.200000000000003
2015,4,24,10,30,23.900000000000002,708,91.06,5.7,22.400000000000002
2015,4,24,11,30,24.6,561,86.79,5.2,22.3
2015,4,24,12,30,24.8,378,83.47,3.7,21.8
2015,4,24,13,30,25,256,82,2.6,21.700000000000003
2015,4,24,14,30,25.1,623,82.33,2.2,21.900000000000002
2015,4,24,15,30,24.900000000000002,482,86.05,2.1,22.400000000000002
2015,4,24,16,30,24.6,298,90.99,2,23
2015,4,24,17,30,24.1,230,95.62,2.1,23.400000000000002
2015,4,24,18,30,23.8,23,97.54,2.4000000000000004,23.400000000000002
2015,4,24,19,30,23.700000000000003,0,98.66,2.9000000000000004,23.5
2015,4,24,20,30,23.6,0,100,3,23.6
2015,4,24,21,30,23.400000000000002,0,100,2.7,23.400000000000002
2015,4,24,22,30,23.1,0,100,2.5,23.1
2015,4,24,23,30,22.8,0,100,2.4000000000000004,22.8
2015,4,25,0,30,22.3,0,100,2.3000000000000003,22.3
2015,4,25,1,30,21.700000000000003,0,100,2.4000000000000004,21.700000000000003
2015,4,25,2,30,20.900000000000002,0,100,2.3000000000000003,20.900000000000002
2015,4,25,3,30,20.1,0,100,2.2,20.1
2015,4,25,4,30,19.200000000000003,0,100,2.3000000000000003,19.200000000000003
2015,4,25,5,30,18.3,0,100,2.7,18.3
2015,4,25,6,30,18.3,58,92.89,3.3000000000000003,17.1
2015,4,25,7,30,19.900000000000002,157,80.52,3.4000000000000004,16.400000000000002
2015,4,25,8,30,23,536,67.51,3.3000000000000003,16.7
2015,4,25,9,30,26.400000000000002,740,52.15,3.5,15.8
2015,4,25,10,30,28.5,897,39.230000000000004,3.8000000000000003,13.3
2015,4,25,11,30,29.700000000000003,996,34.33,3.9000000000000004,12.3
2015,4,25,12,30,30.200000000000003,1033,32.87,4,12.100000000000001
2015,4,25,13,30,30.5,994,32.31,4,12.100000000000001
2015,4,25,14,30,30.400000000000002,886,32.71,3.7,12.200000000000001
2015,4,25,15,30,30,723,34.57,3.1,12.700000000000001
2015,4,25,16,30,29.200000000000003,517,38.31,2.4000000000000004,13.600000000000001
2015,4,25,17,30,26.900000000000002,288,42.71,1.6,13.200000000000001
2015,4,25,18,30,24.3,74,64.82000000000001,1.2000000000000002,17.3
2015,4,25,19,30,22.6,0,56.54,1.3,13.5
2015,4,25,20,30,20.900000000000002,0,61.43,1.4000000000000001,13.200000000000001
2015,4,25,21,30,19.400000000000002,0,67.41,1.5,13.200000000000001
2015,4,25,22,30,18.3,0,71.82000000000001,1.6,13.100000000000001
2015,4,25,23,30,17.400000000000002,0,77.10000000000001,1.7000000000000002,13.3
2015,4,26,0,30,16.6,0,82.81,1.7000000000000002,13.700000000000001
2015,4,26,1,30,15.8,0,87.83,1.6,13.8
2015,4,26,2,30,15.100000000000001,0,91.11,1.5,13.700000000000001
2015,4,26,3,30,14.600000000000001,0,92.93,1.4000000000000001,13.5
2015,4,26,4,30,14.200000000000001,0,94.01,1.4000000000000001,13.200000000000001
2015,4,26,5,30,14.600000000000001,0,90.02,1.5,13
2015,4,26,6,30,16.5,78,82.37,2.1,13.5
2015,4,26,7,30,19,294,75.10000000000001,2.1,14.5
2015,4,26,8,30,22.200000000000003,260,71.04,2.2,16.7
2015,4,26,9,30,25.6,310,67.63,2.9000000000000004,19.200000000000003
2015,4,26,10,30,27.700000000000003,530,61.49,3.6,19.6
2015,4,26,11,30,28.6,608,57.730000000000004,3.9000000000000004,19.5
2015,4,26,12,30,28.8,502,56.050000000000004,4.1000000000000005,19.200000000000003
2015,4,26,13,30,28.700000000000003,487,55.39,4,18.900000000000002
2015,4,26,14,30,28.5,335,54.96,4,18.6
2015,4,26,15,30,28.1,665,54.97,4,18.2
2015,4,26,16,30,27.1,484,57.76,3.5,18.1
2015,4,26,17,30,25.1,267,68.58,2.6,18.900000000000002
2015,4,26,18,30,22.700000000000003,66,82.61,1.9000000000000001,19.6
2015,4,26,19,30,21.3,0,86.19,1.9000000000000001,18.900000000000002
2015,4,26,20,30,20.900000000000002,0,87.7,2.2,18.8
2015,4,26,21,30,20.700000000000003,0,90.38,2.6,19.1
2015,4,26,22,30,20.400000000000002,0,95.41,2.6,19.6
2015,4,26,23,30,19.900000000000002,0,100,2.1,19.900000000000002
2015,4,27,0,30,19.400000000000002,0,100,1.5,19.400000000000002
2015,4,27,1,30,19.3,0,100,1.1,19.3
2015,4,27,2,30,19.3,0,100,1.2000000000000002,19.3
2015,4,27,3,30,19.5,0,100,1.7000000000000002,19.5
2015,4,27,4,30,19.6,0,99.55,2.3000000000000003,19.5
2015,4,27,5,30,19.700000000000003,0,98.57000000000001,2.9000000000000004,19.5
2015,4,27,6,30,20.200000000000003,32,96.89,3.6,19.700000000000003
2015,4,27,7,30,20.8,275,95.94,4.2,20.1
2015,4,27,8,30,21.1,239,93.19,4.3,20
2015,4,27,9,30,21.400000000000002,672,89.08,3.6,19.5
2015,4,27,10,30,22,735,85.42,2.7,19.400000000000002
2015,4,27,11,30,22.900000000000002,680,81.79,2,19.6
2015,4,27,12,30,24.1,407,77.2,1.4000000000000001,19.900000000000002
2015,4,27,13,30,25.1,667,72.39,1.6,19.8
2015,4,27,14,30,25.400000000000002,540,68.5,2.4000000000000004,19.200000000000003
2015,4,27,15,30,25.1,528,65.6,3,18.2
2015,4,27,16,30,24.3,456,65.07000000000001,3.1,17.3
2015,4,27,17,30,22.5,271,71.39,2.7,17.1
2015,4,27,18,30,20.1,70,84.81,2.2,17.5
2015,4,27,19,30,18.6,0,87.45,2.6,16.5
2015,4,27,20,30,17.900000000000002,0,89.34,3.1,16.1
2015,4,27,21,30,17.1,0,93.63,3.2,16.1
2015,4,27,22,30,16.5,0,96.54,3,15.9
2015,4,27,23,30,15.9,0,98.82000000000001,2.7,15.700000000000001
2015,4,28,0,30,15.5,0,99.23,2.9000000000000004,15.4
2015,4,28,1,30,14.9,0,99.88,3.4000000000000004,14.9
2015,4,28,2,30,14,0,100,3.8000000000000003,14
2015,4,28,3,30,13,0,98.37,3.6,12.700000000000001
2015,4,28,4,30,12.200000000000001,0,96.43,3.4000000000000004,11.600000000000001
2015,4,28,5,30,11.8,0,93.75,3.4000000000000004,10.8
2015,4,28,6,30,12.100000000000001,24,90.33,3.8000000000000003,10.600000000000001
2015,4,28,7,30,12.9,117,85.39,4.3,10.5
2015,4,28,8,30,13.8,23,80.67,4.7,10.5
2015,4,28,9,30,14.5,38,76.69,5.1000000000000005,10.5
2015,4,28,10,30,15,211,73.41,5.300000000000001,10.3
2015,4,28,11,30,15.600000000000001,117,70.26,5.4,10.200000000000001
2015,4,28,12,30,16.400000000000002,143,66.78,5.300000000000001,10.200000000000001
2015,4,28,13,30,17.1,109,64.49,5.300000000000001,10.4
2015,4,28,14,30,17.400000000000002,269,64.15,5.2,10.600000000000001
2015,4,28,15,30,17,217,65.53,5,10.5
2015,4,28,16,30,16.2,130,68.24,4.7,10.3
2015,4,28,17,30,15,49,72.9,3.9000000000000004,10.200000000000001
2015,4,28,18,30,13.8,38,79.17,3,10.3
2015,4,28,19,30,12.8,0,84.98,2.6,10.3
2015,4,28,20,30,12.100000000000001,0,88.12,2.5,10.200000000000001
2015,4,28,21,30,11.5,0,89.97,2.3000000000000003,9.9
2015,4,28,22,30,10.9,0,91.76,2.2,9.600000000000001
2015,4,28,23,30,10.3,0,93.04,2.2,9.200000000000001
2015,4,29,0,30,9.8,0,93.72,2.3000000000000003,8.8
2015,4,29,1,30,9.4,0,93.82000000000001,2.3000000000000003,8.5
2015,4,29,2,30,9,0,94.07000000000001,2.2,8.1
2015,4,29,3,30,8.5,0,95.12,2.1,7.800000000000001
2015,4,29,4,30,8.200000000000001,0,95.31,2,7.5
2015,4,29,5,30,8.6,0,91.61,2.4000000000000004,7.300000000000001
2015,4,29,6,30,10.4,104,82.54,2.9000000000000004,7.6000000000000005
2015,4,29,7,30,13.700000000000001,322,69.94,3.2,8.3
2015,4,29,8,30,17.3,548,55.95,3.5,8.4
2015,4,29,9,30,19.700000000000003,748,46.730000000000004,3.6,8
2015,4,29,10,30,21.200000000000003,903,44.51,3.5,8.6
2015,4,29,11,30,22.200000000000003,999,43.92,3.4000000000000004,9.3
2015,4,29,12,30,22.900000000000002,1027,43.5,3.3000000000000003,9.8
2015,4,29,13,30,23.3,988,43.31,3.1,10.100000000000001
2015,4,29,14,30,23.400000000000002,883,43.56,2.9000000000000004,10.3
2015,4,29,15,30,23.1,722,44.61,2.6,10.4
2015,4,29,16,30,22.5,517,46.56,2.2,10.5
2015,4,29,17,30,20.8,291,54.67,1.4000000000000001,11.3
2015,4,29,18,30,18.7,78,74.54,1,14.100000000000001
2015,4,29,19,30,17.8,0,65.47,1,11.200000000000001
2015,4,29,20,30,17.6,0,62.730000000000004,0.8,10.4
2015,4,29,21,30,17.1,0,62.550000000000004,0.8,9.9
2015,4,29,22,30,16.400000000000002,0,64.03,1,9.600000000000001
2015,4,29,23,30,15.3,0,67.58,1.1,9.3
2015,4,30,0,30,14.200000000000001,0,72.04,1.2000000000000002,9.200000000000001
2015,4,30,1,30,13.3,0,75.36,1.2000000000000002,9
2015,4,30,2,30,12.5,0,78.3,1.3,8.8
2015,4,30,3,30,11.9,0,80.22,1.3,8.6
2015,4,30,4,30,11.3,0,82.34,1.2000000000000002,8.4
2015,4,30,5,30,11.9,0,78.2,1.2000000000000002,8.200000000000001
2015,4,30,6,30,14.4,106,73.4,1.8,9.700000000000001
2015,4,30,7,30,17.5,326,60.29,2.2,9.700000000000001
2015,4,30,8,30,20.700000000000003,549,54.06,1.7000000000000002,11.100000000000001
2015,4,30,9,30,23.1,749,44.34,1.3,10.3
2015,4,30,10,30,24.3,901,42.21,1,10.600000000000001
2015,4,30,11,30,25,994,41.800000000000004,0.9,11.100000000000001
2015,4,30,12,30,25.6,1023,41.58,0.8,11.600000000000001
2015,4,30,13,30,25.900000000000002,984,41.74,0.8,11.9
2015,4,30,14,30,25.900000000000002,877,42.12,0.7000000000000001,12.100000000000001
2015,4,30,15,30,25.6,715,42.71,0.7000000000000001,12
2015,4,30,16,30,25.1,512,43.53,0.5,11.8
2015,4,30,17,30,24,290,48.19,0.30000000000000004,12.4
2015,4,30,18,30,22.1,79,58.32,0.5,13.5
2015,4,30,19,30,20.1,0,58.620000000000005,0.8,11.700000000000001
2015,4,30,20,30,18.6,0,64.18,1,11.700000000000001
2015,4,30,21,30,17.3,0,69.12,1.2000000000000002,11.600000000000001
2015,4,30,22,30,16.2,0,73.3,1.2000000000000002,11.4
2015,4,30,23,30,15.200000000000001,0,77.13,1.2000000000000002,11.200000000000001
2015,5,1,0,30,14.3,0,80.54,1.2000000000000002,11
2015,5,1,1,30,13.700000000000001,0,82.56,1.2000000000000002,10.8
2015,5,1,2,30,13.200000000000001,0,84.09,1.2000000000000002,10.600000000000001
2015,5,1,3,30,12.9,0,84.5,1.2000000000000002,10.3
2015,5,1,4,30,12.600000000000001,0,84.93,1.1,10.100000000000001
2015,5,1,5,30,13.4,0,79.4,1.1,9.9
2015,5,1,6,30,15.8,107,76.62,1.4000000000000001,11.700000000000001
2015,5,1,7,30,18.8,323,62.9,1.7000000000000002,11.600000000000001
2015,5,1,8,30,22.200000000000003,546,55.18,1.1,12.8
2015,5,1,9,30,24.8,741,44.62,0.5,11.9
2015,5,1,10,30,25.900000000000002,892,43.08,0.30000000000000004,12.4
2015,5,1,11,30,26.6,987,43.12,0.5,13
2015,5,1,12,30,27,1013,43.550000000000004,0.7000000000000001,13.600000000000001
2015,5,1,13,30,27.200000000000003,783,43.99,0.9,13.9
2015,5,1,14,30,27.200000000000003,777,44.52,1.1,14.100000000000001
2015,5,1,15,30,26.8,707,45.56,1.3,14.100000000000001
2015,5,1,16,30,26.1,506,47.36,1.4000000000000001,14
2015,5,1,17,30,24.400000000000002,285,54.53,1.1,14.600000000000001
2015,5,1,18,30,21.6,79,75.31,1,17
2015,5,1,19,30,19.6,0,75.10000000000001,1.1,15.100000000000001
2015,5,1,20,30,18.7,0,76.54,1.2000000000000002,14.5
2015,5,1,21,30,17.900000000000002,0,78.37,1.2000000000000002,14.100000000000001
2015,5,1,22,30,17.2,0,80.04,1.2000000000000002,13.700000000000001
2015,5,1,23,30,16.6,0,81.4,1.2000000000000002,13.4
2015,5,2,0,30,15.9,0,83.53,1.2000000000000002,13.100000000000001
2015,5,2,1,30,15.3,0,85.42,1.2000000000000002,12.9
2015,5,2,2,30,14.700000000000001,0,87.66,1.2000000000000002,12.700000000000001
2015,5,2,3,30,14.3,0,89.03,1.1,12.5
2015,5,2,4,30,14.100000000000001,0,89.58,1,12.4
2015,5,2,5,30,14.8,0,85.92,0.9,12.5
2015,5,2,6,30,16.900000000000002,105,81.83,0.8,13.8
2015,5,2,7,30,19.900000000000002,316,68.93,1,14
2015,5,2,8,30,23.3,533,57.93,1.4000000000000001,14.600000000000001
2015,5,2,9,30,25.400000000000002,728,49.870000000000005,1.9000000000000001,14.200000000000001
2015,5,2,10,30,26.400000000000002,877,48.09,2.3000000000000003,14.5
2015,5,2,11,30,27.1,970,47.160000000000004,2.5,14.9
2015,5,2,12,30,27.6,1005,46.39,2.6,15.100000000000001
2015,5,2,13,30,27.8,964,46.07,2.6,15.100000000000001
2015,5,2,14,30,27.700000000000003,861,46.32,2.7,15.100000000000001
2015,5,2,15,30,27.200000000000003,702,47.32,2.8000000000000003,15
2015,5,2,16,30,26.200000000000003,503,49.77,2.7,14.9
2015,5,2,17,30,24.200000000000003,284,58.14,2.2,15.5
2015,5,2,18,30,21.5,80,74.77,1.9000000000000001,16.8
2015,5,2,19,30,19.8,0,77.47,2,15.700000000000001
2015,5,2,20,30,19.1,0,78.8,2.1,15.3
2015,5,2,21,30,18.400000000000002,0,81.46000000000001,2.2,15.200000000000001
2015,5,2,22,30,17.7,0,84.79,2.2,15.100000000000001
2015,5,2,23,30,17.1,0,88.05,2.3000000000000003,15.100000000000001
2015,5,3,0,30,16.400000000000002,0,91.96000000000001,2.3000000000000003,15.100000000000001
2015,5,3,1,30,15.8,0,95.16,2.2,15
2015,5,3,2,30,15,0,99.52,1.9000000000000001,14.9
2015,5,3,3,30,14.3,0,100,1.5,14.3
2015,5,3,4,30,13.600000000000001,0,100,1.2000000000000002,13.600000000000001
2015,5,3,5,30,14.200000000000001,0,100,1.5,14.200000000000001
2015,5,3,6,30,16.2,108,89.59,1.9000000000000001,14.5
2015,5,3,7,30,19.1,321,77.06,2.5,15
2015,5,3,8,30,21.900000000000002,540,64.8,3.1,15
2015,5,3,9,30,23.900000000000002,735,57.54,3.2,15
2015,5,3,10,30,25.3,886,53.69,3.2,15.200000000000001
2015,5,3,11,30,26.400000000000002,978,51.29,3.3000000000000003,15.5
2015,5,3,12,30,27.1,784,50,3.5,15.8
2015,5,3,13,30,27.5,968,49.19,3.7,15.9
2015,5,3,14,30,27.6,865,49.120000000000005,3.9000000000000004,16
2015,5,3,15,30,27.3,706,49.97,4,16
2015,5,3,16,30,26.5,505,52.22,3.7,15.9
2015,5,3,17,30,24.8,286,59.33,3,16.3
2015,5,3,18,30,22.5,82,72.34,2.4000000000000004,17.3
2015,5,3,19,30,21.1,0,77.43,2.6,17
2015,5,3,20,30,20.6,0,79.8,3,17
2015,5,3,21,30,19.900000000000002,0,84.3,3.4000000000000004,17.2
2015,5,3,22,30,19.3,0,88.69,3.5,17.400000000000002
2015,5,3,23,30,18.7,0,92.79,3.4000000000000004,17.5
2015,5,4,0,30,18,0,97.39,2.9000000000000004,17.6
2015,5,4,1,30,17.3,0,100,2.4000000000000004,17.3
2015,5,4,2,30,16.6,0,100,1.8,16.6
2015,5,4,3,30,16,0,100,1.5,16
2015,5,4,4,30,15.600000000000001,0,100,1.3,15.600000000000001
2015,5,4,5,30,16.400000000000002,0,100,1.7000000000000002,16.400000000000002
2015,5,4,6,30,18.6,111,90.3,2.6,17
2015,5,4,7,30,21.1,321,80.78,3.3000000000000003,17.7
2015,5,4,8,30,23.200000000000003,540,72.59,3.5,18
2015,5,4,9,30,24.900000000000002,733,65.12,3.6,17.900000000000002
2015,5,4,10,30,26.200000000000003,882,60.160000000000004,3.6,17.900000000000002
2015,5,4,11,30,27.1,827,56.28,3.8000000000000003,17.7
2015,5,4,12,30,27.5,757,54.17,4,17.400000000000002
2015,5,4,13,30,27.5,919,53.47,4.1000000000000005,17.2
2015,5,4,14,30,27.200000000000003,855,54.04,4.3,17.1
2015,5,4,15,30,26.700000000000003,693,55.44,4.2,17
2015,5,4,16,30,25.700000000000003,494,58.74,3.8000000000000003,17
2015,5,4,17,30,24.400000000000002,279,64.89,3.2,17.400000000000002
2015,5,4,18,30,22.900000000000002,71,72.62,2.9000000000000004,17.7
2015,5,4,19,30,21.900000000000002,0,76.28,3.2,17.5
2015,5,4,20,30,21.3,0,78.88,3.5,17.5
2015,5,4,21,30,20.400000000000002,0,83.65,3.3000000000000003,17.5
2015,5,4,22,30,19.400000000000002,0,89.39,2.8000000000000003,17.6
2015,5,4,23,30,18.5,0,93.73,2.4000000000000004,17.5
2015,5,5,0,30,17.8,0,96.82000000000001,2.1,17.3
2015,5,5,1,30,17.3,0,99.28,2.1,17.2
2015,5,5,2,30,17,0,100,2.2,17
2015,5,5,3,30,16.900000000000002,0,100,2.3000000000000003,16.900000000000002
2015,5,5,4,30,16.8,0,100,2.3000000000000003,16.8
2015,5,5,5,30,17.2,0,97.72,2.7,16.8
2015,5,5,6,30,18.7,54,89.67,3.3000000000000003,17
2015,5,5,7,30,21.1,113,82.08,4.1000000000000005,17.900000000000002
2015,5,5,8,30,23.400000000000002,314,75.18,4.800000000000001,18.8
2015,5,5,9,30,25,377,68.37,5,18.8
2015,5,5,10,30,26.3,667,63.370000000000005,5,18.8
2015,5,5,11,30,27.200000000000003,370,60.67,5.1000000000000005,18.900000000000002
2015,5,5,12,30,27.700000000000003,799,59.45,5.300000000000001,19.1
2015,5,5,13,30,27.8,745,60.39,5.5,19.400000000000002
2015,5,5,14,30,27.6,828,62.29,5.6000000000000005,19.700000000000003
2015,5,5,15,30,27,446,65.69,5.6000000000000005,20
2015,5,5,16,30,26,296,71.04,5.300000000000001,20.3
2015,5,5,17,30,24.8,153,78.44,4.800000000000001,20.8
2015,5,5,18,30,23.400000000000002,6,86.8,4.5,21.1
2015,5,5,19,30,22.400000000000002,0,91.93,4.3,21
2015,5,5,20,30,21.900000000000002,0,94.64,4.3,21
2015,5,5,21,30,21.5,0,96.67,4.5,20.900000000000002
2015,5,5,22,30,21.200000000000003,0,97.03,4.7,20.700000000000003
2015,5,5,23,30,20.900000000000002,0,96.96000000000001,4.6000000000000005,20.400000000000002
2015,5,6,0,30,20.5,0,97.17,4.4,20
2015,5,6,1,30,20.3,0,96.91,4,19.8
2015,5,6,2,30,20.1,0,98,3.8000000000000003,19.8
2015,5,6,3,30,20,0,98.60000000000001,3.6,19.8
2015,5,6,4,30,20,0,98.31,3.3000000000000003,19.700000000000003
2015,5,6,5,30,20.200000000000003,0,97.02,3.3000000000000003,19.700000000000003
2015,5,6,6,30,21,110,94.5,3.5,20.1
2015,5,6,7,30,22.5,317,90.36,4.1000000000000005,20.8
2015,5,6,8,30,24.3,533,82.5,4.7,21.1
2015,5,6,9,30,25.900000000000002,523,73.44,4.800000000000001,20.8
2015,5,6,10,30,27.1,873,67.79,4.6000000000000005,20.6
2015,5,6,11,30,27.900000000000002,608,65.33,4.5,20.8
2015,5,6,12,30,28.5,794,63.620000000000005,4.3,20.900000000000002
2015,5,6,13,30,28.700000000000003,703,63.26,4.2,21
2015,5,6,14,30,28.700000000000003,845,63.64,4.2,21.1
2015,5,6,15,30,28.400000000000002,467,65.02,4.1000000000000005,21.200000000000003
2015,5,6,16,30,27.8,342,67.93,3.8000000000000003,21.3
2015,5,6,17,30,26.6,278,75.01,3.2,21.8
2015,5,6,18,30,25.1,80,84.44,3,22.3
2015,5,6,19,30,24.1,0,90.13,3.3000000000000003,22.400000000000002
2015,5,6,20,30,23.400000000000002,0,94.43,3.5,22.5
2015,5,6,21,30,22.8,0,97.23,3.5,22.3
2015,5,6,22,30,22.200000000000003,0,98.99000000000001,3.3000000000000003,22
2015,5,6,23,30,21.8,0,99.28,3.3000000000000003,21.700000000000003
2015,5,7,0,30,21.6,0,98.76,3.2,21.400000000000002
2015,5,7,1,30,21.5,0,98.15,3.2,21.200000000000003
2015,5,7,2,30,21.400000000000002,0,98.21000000000001,3,21.1
2015,5,7,3,30,21.200000000000003,0,99,2.6,21
2015,5,7,4,30,21,0,99.81,2.5,21
2015,5,7,5,30,21.200000000000003,0,97.86,2.7,20.8
2015,5,7,6,30,22,107,94.18,3.2,21
2015,5,7,7,30,23.400000000000002,109,89.59,3.8000000000000003,21.6
2015,5,7,8,30,25,279,82.62,4.3,21.8
2015,5,7,9,30,26.400000000000002,73,74.36,4.5,21.5
2015,5,7,10,30,27.5,544,69.65,4.5,21.5
2015,5,7,11,30,28.200000000000003,406,67.75,4.5,21.700000000000003
2015,5,7,12,30,28.700000000000003,112,66.48,4.5,21.8
2015,5,7,13,30,28.900000000000002,688,66.08,4.4,21.900000000000002
2015,5,7,14,30,28.700000000000003,722,67.44,4.4,22.1
2015,5,7,15,30,28.3,673,70.33,4.7,22.400000000000002
2015,5,7,16,30,27.6,379,74.87,4.9,22.700000000000003
2015,5,7,17,30,26.5,123,81.71000000000001,5.1000000000000005,23.1
2015,5,7,18,30,25.3,70,88.3,5.5,23.200000000000003
2015,5,7,19,30,24.200000000000003,0,92.99,5.7,23
2015,5,7,20,30,23.5,0,95.28,5.300000000000001,22.700000000000003
2015,5,7,21,30,23,0,96.69,4.6000000000000005,22.400000000000002
2015,5,7,22,30,22.700000000000003,0,97.48,4,22.3
2015,5,7,23,30,22.400000000000002,0,98.49000000000001,3.7,22.1
2015,5,8,0,30,22.1,0,99.4,3.5,22
2015,5,8,1,30,21.900000000000002,0,99.81,3.2,21.900000000000002
2015,5,8,2,30,21.6,0,100,2.7,21.6
2015,5,8,3,30,21.400000000000002,0,100,2.3000000000000003,21.400000000000002
2015,5,8,4,30,21.200000000000003,0,100,2.1,21.200000000000003
2015,5,8,5,30,21.700000000000003,0,98.58,2.3000000000000003,21.5
2015,5,8,6,30,23.1,76,93.69,2.9000000000000004,22
2015,5,8,7,30,24.700000000000003,46,89.88,3.5,22.900000000000002
2015,5,8,8,30,26,217,84.26,3.8000000000000003,23.1
2015,5,8,9,30,26.900000000000002,220,78.92,3.9000000000000004,22.900000000000002
2015,5,8,10,30,27.6,562,75.66,4,22.900000000000002
2015,5,8,11,30,28.400000000000002,769,72.83,4.1000000000000005,23.1
2015,5,8,12,30,29.1,684,70.95,4.4,23.3
2015,5,8,13,30,29.400000000000002,279,70.58,4.7,23.5
2015,5,8,14,30,29,303,72.09,4.5,23.5
2015,5,8,15,30,28.1,69,76.32000000000001,4.2,23.5
2015,5,8,16,30,27.3,71,81.17,4.2,23.8
2015,5,8,17,30,26.200000000000003,70,87.08,4.5,23.900000000000002
2015,5,8,18,30,25,68,91.88,4.6000000000000005,23.6
2015,5,8,19,30,24.1,0,95.43,4.6000000000000005,23.3
2015,5,8,20,30,23.700000000000003,0,96.36,4.3,23.1
2015,5,8,21,30,23.3,0,97.53,3.7,22.900000000000002
2015,5,8,22,30,23.1,0,98.27,3,22.8
2015,5,8,23,30,22.900000000000002,0,99.02,2.5,22.700000000000003
2015,5,9,0,30,22.8,0,99.07000000000001,2.4000000000000004,22.6
2015,5,9,1,30,22.6,0,99.86,2.3000000000000003,22.6
2015,5,9,2,30,22.6,0,99.48,2.3000000000000003,22.5
2015,5,9,3,30,22.6,0,99.61,2.6,22.5
2015,5,9,4,30,22.700000000000003,0,99.07000000000001,2.9000000000000004,22.5
2015,5,9,5,30,22.8,0,98.54,3.5,22.6
2015,5,9,6,30,23.200000000000003,107,97.38,4.2,22.8
2015,5,9,7,30,23.700000000000003,120,96.64,4.7,23.1
2015,5,9,8,30,24.5,173,94.59,5.2,23.6
2015,5,9,9,30,25.5,257,89.61,5.5,23.700000000000003
2015,5,9,10,30,26.900000000000002,29,80.93,5.800000000000001,23.3
2015,5,9,11,30,28.200000000000003,541,74.31,6.300000000000001,23.200000000000003
2015,5,9,12,30,28.900000000000002,599,70.83,6.5,23.1
2015,5,9,13,30,29.1,786,69.47,6.6000000000000005,22.900000000000002
2015,5,9,14,30,28.900000000000002,541,69.89,6.5,22.900000000000002
2015,5,9,15,30,28.5,530,70.79,6.4,22.700000000000003
2015,5,9,16,30,27.900000000000002,341,72.77,6.1000000000000005,22.6
2015,5,9,17,30,27,191,76.41,5.9,22.5
2015,5,9,18,30,25.900000000000002,60,80.96000000000001,5.6000000000000005,22.400000000000002
2015,5,9,19,30,24.900000000000002,0,85.07000000000001,5.6000000000000005,22.200000000000003
2015,5,9,20,30,24.200000000000003,0,88.88,5.300000000000001,22.200000000000003
2015,5,9,21,30,23.5,0,93.39,4.800000000000001,22.400000000000002
2015,5,9,22,30,23.1,0,96.14,4.7,22.5
2015,5,9,23,30,23,0,97.05,4.6000000000000005,22.5
2015,5,10,0,30,23,0,97.5,4.3,22.6
2015,5,10,1,30,23,0,97.91,4,22.700000000000003
2015,5,10,2,30,22.900000000000002,0,98.95,3.6,22.700000000000003
2015,5,10,3,30,22.900000000000002,0,99.11,3.4000000000000004,22.8
2015,5,10,4,30,22.8,0,99.57000000000001,3.2,22.700000000000003
2015,5,10,5,30,22.900000000000002,0,98.3,3.3000000000000003,22.6
2015,5,10,6,30,23.400000000000002,53,96.23,3.8000000000000003,22.8
2015,5,10,7,30,24.1,91,94.56,4.5,23.200000000000003
2015,5,10,8,30,24.8,314,90.45,5.300000000000001,23.1
2015,5,10,9,30,25.400000000000002,449,84.36,6,22.6
2015,5,10,10,30,25.5,293,82.19,6,22.200000000000003
2015,5,10,11,30,25.400000000000002,241,82.28,5.5,22.200000000000003
2015,5,10,12,30,26.3,630,79.12,5.7,22.400000000000002
2015,5,10,13,30,27.3,727,74.17,6.4,22.3
2015,5,10,14,30,27.8,766,71.4,6.5,22.200000000000003
2015,5,10,15,30,27.6,335,71.96000000000001,6.4,22.1
2015,5,10,16,30,27.1,477,75.02,6.1000000000000005,22.3
2015,5,10,17,30,26.1,225,80.63,5.300000000000001,22.5
2015,5,10,18,30,24.8,22,88.33,4,22.700000000000003
2015,5,10,19,30,23.900000000000002,0,93.59,3.1,22.8
2015,5,10,20,30,23.400000000000002,0,97.05,2.8000000000000003,22.900000000000002
2015,5,10,21,30,23.200000000000003,0,98.5,2.9000000000000004,22.900000000000002
2015,5,10,22,30,23.1,0,99.21000000000001,2.9000000000000004,23
2015,5,10,23,30,23,0,99.73,2.7,23
2015,5,11,0,30,22.8,0,100,2.3000000000000003,22.8
2015,5,11,1,30,22.5,0,100,1.8,22.5
2015,5,11,2,30,22,0,100,1.5,22
2015,5,11,3,30,21.3,0,100,1.5,21.3
2015,5,11,4,30,20.3,0,100,2,20.3
2015,5,11,5,30,19.3,0,100,2.9000000000000004,19.3
2015,5,11,6,30,18.6,53,96.36,3.8000000000000003,18
2015,5,11,7,30,18.6,120,87.83,4.4,16.5
2015,5,11,8,30,19.6,178,74.39,4.6000000000000005,14.9
2015,5,11,9,30,21.1,301,65.86,4.5,14.5
2015,5,11,10,30,22.5,280,64.19,4.3,15.4
2015,5,11,11,30,23.400000000000002,316,66.52,4.1000000000000005,16.8
2015,5,11,12,30,23.700000000000003,224,69.98,3.9000000000000004,17.900000000000002
2015,5,11,13,30,23.700000000000003,427,73.17,3.7,18.6
2015,5,11,14,30,23.400000000000002,554,75.94,3.4000000000000004,18.900000000000002
2015,5,11,15,30,22.700000000000003,398,79.8,3,19
2015,5,11,16,30,21.8,222,84,2.9000000000000004,19
2015,5,11,17,30,20.8,161,87.49,3.1,18.6
2015,5,11,18,30,19.700000000000003,67,89.43,3.5,17.900000000000002
2015,5,11,19,30,18.8,0,89,3.9000000000000004,16.900000000000002
2015,5,11,20,30,18.400000000000002,0,87.68,3.6,16.3
2015,5,11,21,30,18,0,87.7,3.2,15.9
2015,5,11,22,30,17.7,0,87.62,3.4000000000000004,15.600000000000001
2015,5,11,23,30,17.400000000000002,0,87.36,3.5,15.3
2015,5,12,0,30,17.1,0,88,3.5,15.100000000000001
2015,5,12,1,30,16.8,0,89.52,3.5,15.100000000000001
2015,5,12,2,30,16.7,0,90.17,3.4000000000000004,15.100000000000001
2015,5,12,3,30,16.6,0,90.87,3.4000000000000004,15.100000000000001
2015,5,12,4,30,16.6,0,91.2,3.5,15.200000000000001
2015,5,12,5,30,16.400000000000002,0,92.10000000000001,4,15.100000000000001
2015,5,12,6,30,16.5,13,89.94,4.7,14.8
2015,5,12,7,30,16.900000000000002,63,86.34,5.2,14.600000000000001
2015,5,12,8,30,17.400000000000002,128,82.63,5.6000000000000005,14.4
2015,5,12,9,30,18.2,197,77.83,5.6000000000000005,14.3
2015,5,12,10,30,19.1,270,74.49,5.2,14.5
2015,5,12,11,30,20.1,304,72.96000000000001,4.800000000000001,15.100000000000001
2015,5,12,12,30,21,415,73.07000000000001,4.4,16
2015,5,12,13,30,22.1,364,73.81,3.9000000000000004,17.2
2015,5,12,14,30,22.6,367,77.04,3.7,18.400000000000002
2015,5,12,15,30,22.3,165,81.5,3.6,19
2015,5,12,16,30,21.6,199,86.37,3.7,19.200000000000003
2015,5,12,17,30,20.6,69,91.44,3.6,19.200000000000003
2015,5,12,18,30,19.6,4,95.97,3.3000000000000003,18.900000000000002
2015,5,12,19,30,18.8,0,98.06,3.2,18.5
2015,5,12,20,30,18.5,0,97.5,3,18.1
2015,5,12,21,30,18.3,0,97.67,2.5,17.900000000000002
2015,5,12,22,30,18.2,0,97.71000000000001,2.2,17.8
2015,5,12,23,30,18.2,0,97.87,2.3000000000000003,17.900000000000002
2015,5,13,0,30,18.2,0,98.43,2.3000000000000003,17.900000000000002
2015,5,13,1,30,18.2,0,98.82000000000001,2.1,18
2015,5,13,2,30,18.1,0,99.13,2.1,18
2015,5,13,3,30,18,0,98.81,2.2,17.8
2015,5,13,4,30,17.900000000000002,0,98.66,2.5,17.7
2015,5,13,5,30,18.2,0,96.49000000000001,2.7,17.6
2015,5,13,6,30,19,36,94.26,2.9000000000000004,18.1
2015,5,13,7,30,20.400000000000002,88,92.17,3.1,19.1
2015,5,13,8,30,21.700000000000003,213,91.18,3.3000000000000003,20.200000000000003
2015,5,13,9,30,22.400000000000002,172,90.44,3.6,20.8
2015,5,13,10,30,22.900000000000002,218,90.05,4.2,21.200000000000003
2015,5,13,11,30,23.3,231,89.28,4.800000000000001,21.400000000000002
2015,5,13,12,30,23.400000000000002,243,88.97,5.2,21.5
2015,5,13,13,30,23.3,371,89.3,5.300000000000001,21.400000000000002
2015,5,13,14,30,23,212,91.08,5,21.5
2015,5,13,15,30,22.6,235,93.65,4.4,21.5
2015,5,13,16,30,22.1,147,96.43,4.1000000000000005,21.5
2015,5,13,17,30,21.5,84,98.02,3.9000000000000004,21.200000000000003
2015,5,13,18,30,20.8,58,99.43,3.4000000000000004,20.700000000000003
2015,5,13,19,30,20.1,0,100,2.4000000000000004,20.1
2015,5,13,20,30,19.5,0,100,1.6,19.5
2015,5,13,21,30,19.1,0,100,1.4000000000000001,19.1
2015,5,13,22,30,18.900000000000002,0,100,1.5,18.900000000000002
2015,5,13,23,30,18.900000000000002,0,99.78,1.8,18.900000000000002
2015,5,14,0,30,19.1,0,99.39,2.1,19
2015,5,14,1,30,19.200000000000003,0,99.81,2,19.200000000000003
2015,5,14,2,30,19.1,0,100,1.7000000000000002,19.1
2015,5,14,3,30,19.1,0,99.71000000000001,1.6,19.1
2015,5,14,4,30,19.1,0,100,1.6,19.1
2015,5,14,5,30,19.8,0,95.61,1.8,19.1
2015,5,14,6,30,21.3,124,93.89,2.3000000000000003,20.3
2015,5,14,7,30,23.1,35,91,2.7,21.5
2015,5,14,8,30,24.900000000000002,170,85.54,3.1,22.3
2015,5,14,9,30,26.200000000000003,71,77.72,3.1,22
2015,5,14,10,30,27.1,176,72.36,3.1,21.700000000000003
2015,5,14,11,30,27.700000000000003,718,69.91,3.1,21.700000000000003
2015,5,14,12,30,28,467,69.64,3.1,21.900000000000002
2015,5,14,13,30,28.1,774,69.94,3,22.1
2015,5,14,14,30,28,663,70.96000000000001,2.9000000000000004,22.200000000000003
2015,5,14,15,30,27.400000000000002,530,74.23,2.5,22.400000000000002
2015,5,14,16,30,26.400000000000002,397,81.06,2,22.900000000000002
2015,5,14,17,30,25.200000000000003,291,89.75,1.8,23.400000000000002
2015,5,14,18,30,24,86,95.16,1.9000000000000001,23.200000000000003
2015,5,14,19,30,23.400000000000002,0,96.45,2.2,22.8
2015,5,14,20,30,23.1,0,98.43,2.4000000000000004,22.8
2015,5,14,21,30,22.900000000000002,0,99.72,2.5,22.900000000000002
2015,5,14,22,30,22.700000000000003,0,100,2.5,22.700000000000003
2015,5,14,23,30,22.400000000000002,0,100,2.5,22.400000000000002
2015,5,15,0,30,22.200000000000003,0,100,2.6,22.200000000000003
2015,5,15,1,30,21.900000000000002,0,100,2.7,21.900000000000002
2015,5,15,2,30,21.700000000000003,0,100,2.7,21.700000000000003
2015,5,15,3,30,21.6,0,99.74000000000001,2.7,21.6
2015,5,15,4,30,21.700000000000003,0,98.51,3,21.5
2015,5,15,5,30,21.8,0,98,3.1,21.5
2015,5,15,6,30,22.200000000000003,24,96.46000000000001,3,21.6
2015,5,15,7,30,22.8,118,95.64,2.8000000000000003,22.1
2015,5,15,8,30,23.1,301,95.10000000000001,3.1,22.3
2015,5,15,9,30,23.200000000000003,274,92.97,3.8000000000000003,22
2015,5,15,10,30,23.5,267,90.36,4.2,21.8
2015,5,15,11,30,23.8,482,88.41,4.3,21.8
2015,5,15,12,30,24,440,87.41,4,21.8
2015,5,15,13,30,24.1,468,87.54,3.5,21.900000000000002
2015,5,15,14,30,24.400000000000002,378,86.72,3.1,22
2015,5,15,15,30,24.6,358,85.67,2.8000000000000003,22
2015,5,15,16,30,24.400000000000002,280,86.39,2.6,22
2015,5,15,17,30,23.8,225,90.39,2.4000000000000004,22.1
2015,5,15,18,30,22.8,89,96.45,2.2,22.200000000000003
2015,5,15,19,30,22,0,98.9,2.3000000000000003,21.8
2015,5,15,20,30,21.700000000000003,0,99.82000000000001,2.5,21.700000000000003
2015,5,15,21,30,21.6,0,99.68,2.7,21.5
2015,5,15,22,30,21.5,0,99.56,2.9000000000000004,21.400000000000002
2015,5,15,23,30,21.5,0,99.16,3.2,21.400000000000002
2015,5,16,0,30,21.5,0,98.89,3.5,21.3
2015,5,16,1,30,21.5,0,98.74000000000001,3.8000000000000003,21.3
2015,5,16,2,30,21.400000000000002,0,99.15,3.8000000000000003,21.3
2015,5,16,3,30,21.400000000000002,0,98.77,3.7,21.200000000000003
2015,5,16,4,30,21.3,0,99.07000000000001,3.5,21.1
2015,5,16,5,30,21.5,0,97.34,3.3000000000000003,21.1
2015,5,16,6,30,22.3,127,94.8,3.6,21.400000000000002
2015,5,16,7,30,23.6,51,92.22,4.2,22.3
2015,5,16,8,30,24.900000000000002,166,86.42,4.800000000000001,22.5
2015,5,16,9,30,26.1,508,79.94,5.2,22.400000000000002
2015,5,16,10,30,26.900000000000002,478,76.02,5.4,22.3
2015,5,16,11,30,27.5,118,73.10000000000001,5.5,22.3
2015,5,16,12,30,27.900000000000002,513,72.09,5.5,22.400000000000002
2015,5,16,13,30,28,569,73.60000000000001,5.4,22.8
2015,5,16,14,30,27.8,636,76.67,5.2,23.3
2015,5,16,15,30,27.3,390,80.96000000000001,4.800000000000001,23.700000000000003
2015,5,16,16,30,26.6,315,85.57000000000001,4.6000000000000005,24
2015,5,16,17,30,25.8,283,89.97,4.5,24
2015,5,16,18,30,25,90,93.27,4.3,23.8
2015,5,16,19,30,24.400000000000002,0,94.55,3.9000000000000004,23.5
2015,5,16,20,30,23.900000000000002,0,95.76,3.7,23.200000000000003
2015,5,16,21,30,23.5,0,96.48,3.9000000000000004,22.900000000000002
2015,5,16,22,30,23.200000000000003,0,97.02,4.1000000000000005,22.700000000000003
2015,5,16,23,30,23.1,0,97.47,4.2,22.700000000000003
2015,5,17,0,30,23,0,98.65,3.8000000000000003,22.8
2015,5,17,1,30,23,0,99.07000000000001,3.3000000000000003,22.8
2015,5,17,2,30,22.900000000000002,0,99.67,2.8000000000000003,22.8
2015,5,17,3,30,22.700000000000003,0,100,2.5,22.700000000000003
2015,5,17,4,30,22.700000000000003,0,99.58,2.6,22.6
2015,5,17,5,30,22.6,0,99.59,2.6,22.5
2015,5,17,6,30,22.700000000000003,18,98.88,2.3000000000000003,22.5
2015,5,17,7,30,23.1,47,97.57000000000001,2,22.700000000000003
2015,5,17,8,30,23.700000000000003,74,95.38,2,22.900000000000002
2015,5,17,9,30,24.400000000000002,328,92.82000000000001,2,23.200000000000003
2015,5,17,10,30,25.200000000000003,406,88.18,1.9000000000000001,23.1
2015,5,17,11,30,25.8,455,84.12,2.1,22.900000000000002
2015,5,17,12,30,26.400000000000002,535,81.14,2.1,22.900000000000002
2015,5,17,13,30,27,575,78.19,2,22.900000000000002
2015,5,17,14,30,27.5,475,75.39,2,22.8
2015,5,17,15,30,27.6,611,74.60000000000001,1.9000000000000001,22.700000000000003
2015,5,17,16,30,27.400000000000002,502,76.04,1.7000000000000002,22.8
2015,5,17,17,30,26.6,223,82.11,1.3,23.3
2015,5,17,18,30,25.3,77,90.8,1,23.700000000000003
2015,5,17,19,30,24.200000000000003,0,95.66,0.9,23.5
2015,5,17,20,30,23.700000000000003,0,98.3,1.1,23.400000000000002
2015,5,17,21,30,23.5,0,99.8,1.4000000000000001,23.5
2015,5,17,22,30,23.3,0,100,1.8,23.3
2015,5,17,23,30,23.200000000000003,0,100,2,23.200000000000003
2015,5,18,0,30,22.8,0,100,1.9000000000000001,22.8
2015,5,18,1,30,22.3,0,100,1.6,22.3
2015,5,18,2,30,21.8,0,100,1.3,21.8
2015,5,18,3,30,21.5,0,100,1,21.5
2015,5,18,4,30,21.3,0,100,0.9,21.3
2015,5,18,5,30,21.900000000000002,0,97.7,1.1,21.5
2015,5,18,6,30,23.200000000000003,115,95.28,1.5,22.400000000000002
2015,5,18,7,30,24.6,133,91.36,1.5,23.1
2015,5,18,8,30,26,241,86.37,1,23.5
2015,5,18,9,30,27.200000000000003,215,80.52,1,23.6
2015,5,18,10,30,28.1,206,76.34,1.3,23.5
2015,5,18,11,30,28.6,741,74.06,1.6,23.5
2015,5,18,12,30,28.900000000000002,599,72.72,1.8,23.5
2015,5,18,13,30,29,921,72.01,2,23.400000000000002
2015,5,18,14,30,28.8,822,72.68,2.5,23.400000000000002
2015,5,18,15,30,28.3,648,74.88,2.8000000000000003,23.400000000000002
2015,5,18,16,30,27.6,218,78.84,2.8000000000000003,23.6
2015,5,18,17,30,26.5,176,86.01,2.2,24
2015,5,18,18,30,25.200000000000003,17,93.19,1.7000000000000002,24
2015,5,18,19,30,24.200000000000003,0,94.79,1.4000000000000001,23.3
2015,5,18,20,30,23.6,0,95.43,1.4000000000000001,22.8
2015,5,18,21,30,23.1,0,96.23,1.3,22.5
2015,5,18,22,30,22.700000000000003,0,97.06,1.1,22.200000000000003
2015,5,18,23,30,22.3,0,98.22,1.1,22
2015,5,19,0,30,21.900000000000002,0,99.56,1.1,21.8
2015,5,19,1,30,21.700000000000003,0,100,1.1,21.700000000000003
2015,5,19,2,30,21.5,0,100,1.2000000000000002,21.5
2015,5,19,3,30,21.400000000000002,0,100,1.3,21.400000000000002
2015,5,19,4,30,21.3,0,100,1.2000000000000002,21.3
2015,5,19,5,30,21.700000000000003,0,98.31,1.5,21.400000000000002
2015,5,19,6,30,22.6,58,95.79,2.2,21.900000000000002
2015,5,19,7,30,23.700000000000003,89,92.99,2.8000000000000003,22.5
2015,5,19,8,30,24.900000000000002,364,86.36,3.2,22.5
2015,5,19,9,30,26.1,427,77.47,3.5,21.900000000000002
2015,5,19,10,30,27.200000000000003,478,72.57000000000001,3.8000000000000003,21.8
2015,5,19,11,30,28,235,70.8,4,22.200000000000003
2015,5,19,12,30,28.5,603,70.21000000000001,4.3,22.5
2015,5,19,13,30,28.8,710,70.06,4.6000000000000005,22.8
2015,5,19,14,30,28.6,636,71.71000000000001,4.6000000000000005,23
2015,5,19,15,30,28.1,650,74.83,4.1000000000000005,23.200000000000003
2015,5,19,16,30,27.5,488,80.22,3.4000000000000004,23.8
2015,5,19,17,30,26.6,287,86.83,2.8000000000000003,24.200000000000003
2015,5,19,18,30,25.6,76,92.31,2.7,24.3
2015,5,19,19,30,25,0,94.06,3,24
2015,5,19,20,30,24.5,0,95.67,3.3000000000000003,23.8
2015,5,19,21,30,23.900000000000002,0,97.83,3.2,23.5
2015,5,19,22,30,23.400000000000002,0,99.06,3,23.200000000000003
2015,5,19,23,30,22.900000000000002,0,100,2.8000000000000003,22.900000000000002
2015,5,20,0,30,22.6,0,99.94,2.7,22.6
2015,5,20,1,30,22.400000000000002,0,99.66,2.5,22.3
2015,5,20,2,30,22.3,0,99.28,2.3000000000000003,22.200000000000003
2015,5,20,3,30,22.1,0,99.94,1.9000000000000001,22.1
2015,5,20,4,30,21.900000000000002,0,100,1.4000000000000001,21.900000000000002
2015,5,20,5,30,22.200000000000003,0,97.91,1.6,21.900000000000002
2015,5,20,6,30,23.1,84,94.74,2,22.200000000000003
2015,5,20,7,30,24.5,76,90.15,2.3000000000000003,22.8
2015,5,20,8,30,26,138,84.58,2.4000000000000004,23.200000000000003
2015,5,20,9,30,27.400000000000002,527,77.33,2.5,23.1
2015,5,20,10,30,28.400000000000002,877,71.93,2.3000000000000003,22.8
2015,5,20,11,30,29.3,713,68.3,2.1,22.900000000000002
2015,5,20,12,30,29.900000000000002,525,66.55,1.9000000000000001,23
2015,5,20,13,30,30.200000000000003,949,65.34,1.7000000000000002,23
2015,5,20,14,30,30.1,849,65.37,1.4000000000000001,22.900000000000002
2015,5,20,15,30,29.700000000000003,690,66.24,1.1,22.700000000000003
2015,5,20,16,30,29.1,501,68.78,0.7000000000000001,22.8
2015,5,20,17,30,28,293,74.05,0.5,22.900000000000002
2015,5,20,18,30,26.400000000000002,71,85.77,0.8,23.8
2015,5,20,19,30,24.8,0,90.41,1.5,23.1
2015,5,20,20,30,23.6,0,93.81,2.3000000000000003,22.5
2015,5,20,21,30,22.5,0,96.22,2.9000000000000004,21.900000000000002
2015,5,20,22,30,21.400000000000002,0,97.79,3.3000000000000003,21
2015,5,20,23,30,20.400000000000002,0,98.94,3.6,20.200000000000003
2015,5,21,0,30,19.5,0,99.2,4,19.400000000000002
2015,5,21,1,30,18.5,0,98.88,4.1000000000000005,18.3
2015,5,21,2,30,17.8,0,97.35000000000001,4,17.400000000000002
2015,5,21,3,30,17.2,0,96.94,4.1000000000000005,16.7
2015,5,21,4,30,16.6,0,97.2,4.1000000000000005,16.2
2015,5,21,5,30,16.2,0,96.26,4.3,15.600000000000001
2015,5,21,6,30,16.1,34,93.02,4.6000000000000005,15
2015,5,21,7,30,16.5,67,87.43,4.800000000000001,14.4
2015,5,21,8,30,17.400000000000002,172,81.23,4.6000000000000005,14.100000000000001
2015,5,21,9,30,18.2,162,77.14,4.6000000000000005,14.100000000000001
2015,5,21,10,30,18.900000000000002,360,74.53,4.9,14.3
2015,5,21,11,30,19.5,222,72.11,5.2,14.3
2015,5,21,12,30,20.200000000000003,381,69.57000000000001,4.9,14.5
2015,5,21,13,30,21.200000000000003,317,68.1,4.4,15.100000000000001
2015,5,21,14,30,21.8,185,69.51,3.9000000000000004,16
2015,5,21,15,30,21.700000000000003,178,72.81,3.6,16.6
2015,5,21,16,30,21,149,77.01,3.2,16.8
2015,5,21,17,30,20,101,81.52,2.9000000000000004,16.7
2015,5,21,18,30,18.8,25,87.13,2.3000000000000003,16.6
2015,5,21,19,30,17.8,0,92.86,2,16.6
2015,5,21,20,30,17.3,0,95.68,2,16.6
2015,5,21,21,30,17.1,0,96.32000000000001,2.1,16.5
2015,5,21,22,30,17,0,96.4,2.2,16.400000000000002
2015,5,21,23,30,16.8,0,97.04,2.3000000000000003,16.3
2015,5,22,0,30,16.5,0,97.61,2.3000000000000003,16.1
2015,5,22,1,30,16.1,0,98.22,2,15.8
2015,5,22,2,30,16,0,97.62,1.7000000000000002,15.600000000000001
2015,5,22,3,30,16.1,0,97.01,1.8,15.600000000000001
2015,5,22,4,30,16.2,0,96.61,2.1,15.700000000000001
2015,5,22,5,30,16.5,0,95.43,2.5,15.8
2015,5,22,6,30,17.3,33,93.07000000000001,2.9000000000000004,16.2
2015,5,22,7,30,18.5,26,89.96000000000001,3.2,16.8
2015,5,22,8,30,20,163,85.5,3.5,17.5
2015,5,22,9,30,21.400000000000002,227,81.56,3.7,18.1
2015,5,22,10,30,22.900000000000002,175,77.78,3.7,18.8
2015,5,22,11,30,24.1,537,76.17,3.6,19.6
2015,5,22,12,30,25.3,544,74.15,3.6,20.400000000000002
2015,5,22,13,30,26.200000000000003,643,72.8,3.6,20.900000000000002
2015,5,22,14,30,26.700000000000003,317,72.35000000000001,3.6,21.3
2015,5,22,15,30,26.700000000000003,125,72.69,3.5,21.400000000000002
2015,5,22,16,30,26.1,195,75.27,3.2,21.400000000000002
2015,5,22,17,30,24.900000000000002,157,81.62,2.5,21.5
2015,5,22,18,30,23.5,103,91.10000000000001,2,22
2015,5,22,19,30,22.6,0,94.99,2.3000000000000003,21.8
2015,5,22,20,30,22.200000000000003,0,96.59,2.7,21.6
2015,5,22,21,30,21.900000000000002,0,98.12,2.7,21.6
2015,5,22,22,30,21.6,0,99.45,2.5,21.5
2015,5,22,23,30,21.400000000000002,0,99.72,2.4000000000000004,21.400000000000002
2015,5,23,0,30,21.200000000000003,0,99.72,2.2,21.200000000000003
2015,5,23,1,30,21,0,99.96000000000001,2.1,21
2015,5,23,2,30,21,0,99.21000000000001,2.1,20.900000000000002
2015,5,23,3,30,21.1,0,98.38,2.4000000000000004,20.8
2015,5,23,4,30,21.200000000000003,0,98.23,2.6,20.900000000000002
2015,5,23,5,30,21.3,0,97.98,2.8000000000000003,21
2015,5,23,6,30,21.900000000000002,17,95.57000000000001,3,21.200000000000003
2015,5,23,7,30,22.6,72,94.43,3.3000000000000003,21.700000000000003
2015,5,23,8,30,23.6,113,92.74,3.7,22.400000000000002
2015,5,23,9,30,24.6,244,91.10000000000001,4.2,23.1
2015,5,23,10,30,25.3,384,89.09,4.5,23.400000000000002
2015,5,23,11,30,25.8,587,87.08,4.5,23.5
2015,5,23,12,30,26.1,430,85.99,4.6000000000000005,23.6
2015,5,23,13,30,26.1,359,86.47,4.5,23.700000000000003
2015,5,23,14,30,25.8,599,89.19,4.4,23.900000000000002
2015,5,23,15,30,25.5,87,92.36,4.4,24.200000000000003
2015,5,23,16,30,25.200000000000003,75,94.73,4.5,24.3
2015,5,23,17,30,24.700000000000003,56,97.28,4.6000000000000005,24.200000000000003
2015,5,23,18,30,24.1,43,99.19,4.5,24
2015,5,23,19,30,23.6,0,99.73,4.1000000000000005,23.6
2015,5,23,20,30,23.3,0,99.57000000000001,3.6,23.200000000000003
2015,5,23,21,30,23,0,99.78,3.5,23
2015,5,23,22,30,22.8,0,99.58,3.8000000000000003,22.700000000000003
2015,5,23,23,30,22.700000000000003,0,99.06,4.2,22.5
2015,5,24,0,30,22.5,0,99.17,4.5,22.400000000000002
2015,5,24,1,30,22.400000000000002,0,98.81,4.7,22.200000000000003
2015,5,24,2,30,22.200000000000003,0,99.38,4.800000000000001,22.1
2015,5,24,3,30,22.1,0,99.33,4.6000000000000005,22
2015,5,24,4,30,21.900000000000002,0,99.66,3.9000000000000004,21.8
2015,5,24,5,30,21.8,0,99.31,3.2,21.700000000000003
2015,5,24,6,30,21.900000000000002,11,98.41,2.9000000000000004,21.6
2015,5,24,7,30,22.1,29,97.98,3,21.8
2015,5,24,8,30,22.5,232,96.95,3.2,22
2015,5,24,9,30,23.1,396,95.75,4.1000000000000005,22.400000000000002
2015,5,24,10,30,23.900000000000002,421,94.21000000000001,5.300000000000001,22.900000000000002
2015,5,24,11,30,24.5,408,90.64,5.800000000000001,22.900000000000002
2015,5,24,12,30,25.3,520,82.83,5.5,22.200000000000003
2015,5,24,13,30,26,640,77.99,4.9,21.900000000000002
2015,5,24,14,30,26.400000000000002,532,76.43,4.4,21.900000000000002
2015,5,24,15,30,26.400000000000002,530,76.76,4.1000000000000005,22
2015,5,24,16,30,26,220,79.5,3.8000000000000003,22.200000000000003
2015,5,24,17,30,25.1,312,85.36,3.5,22.5
2015,5,24,18,30,23.8,113,93.04,3.2,22.6
2015,5,24,19,30,22.700000000000003,0,97,3.1,22.200000000000003
2015,5,24,20,30,22.1,0,99.05,3,21.900000000000002
2015,5,24,21,30,21.700000000000003,0,100,2.9000000000000004,21.700000000000003
2015,5,24,22,30,21.5,0,100,2.9000000000000004,21.5
2015,5,24,23,30,21.5,0,99.85000000000001,3,21.5
2015,5,25,0,30,21.6,0,99.42,3,21.5
2015,5,25,1,30,21.700000000000003,0,99.49000000000001,3.1,21.6
2015,5,25,2,30,21.8,0,99.39,3,21.700000000000003
2015,5,25,3,30,21.8,0,99.42,2.9000000000000004,21.700000000000003
2015,5,25,4,30,21.8,0,99.46000000000001,2.7,21.700000000000003
2015,5,25,5,30,21.900000000000002,0,98.45,2.8000000000000003,21.6
2015,5,25,6,30,22.3,5,96.77,3,21.8
2015,5,25,7,30,23,86,94.63,3.2,22.1
2015,5,25,8,30,23.900000000000002,180,92.35000000000001,3.6,22.6
2015,5,25,9,30,25,243,88.04,4.1000000000000005,22.900000000000002
2015,5,25,10,30,26,433,83.36,4.7,23
2015,5,25,11,30,26.700000000000003,158,80.14,5.5,23
2015,5,25,12,30,27.3,516,77.9,6,23.1
2015,5,25,13,30,27.400000000000002,94,78.12,6,23.200000000000003
2015,5,25,14,30,27.1,77,80.64,6.1000000000000005,23.5
2015,5,25,15,30,26.400000000000002,90,86.27,6.5,23.900000000000002
2015,5,25,16,30,25.5,21,92.94,7,24.3
2015,5,25,17,30,24.900000000000002,43,96.96000000000001,6.800000000000001,24.400000000000002
2015,5,25,18,30,24.5,12,99.19,5.300000000000001,24.400000000000002
2015,5,25,19,30,24.1,0,100,3.8000000000000003,24.1
2015,5,25,20,30,23.5,0,100,2.6,23.5
2015,5,25,21,30,22.900000000000002,0,100,1.9000000000000001,22.900000000000002
2015,5,25,22,30,22.3,0,100,1.4000000000000001,22.3
2015,5,25,23,30,21.700000000000003,0,100,1.2000000000000002,21.700000000000003
2015,5,26,0,30,21.200000000000003,0,100,1.1,21.200000000000003
2015,5,26,1,30,20.700000000000003,0,100,1.1,20.700000000000003
2015,5,26,2,30,20.200000000000003,0,100,1.1,20.200000000000003
2015,5,26,3,30,19.900000000000002,0,100,1.2000000000000002,19.900000000000002
2015,5,26,4,30,19.8,0,100,1.2000000000000002,19.8
2015,5,26,5,30,20.8,0,94.99,1.9000000000000001,20
2015,5,26,6,30,22.5,144,94.98,2.8000000000000003,21.700000000000003
2015,5,26,7,30,23.900000000000002,345,93.35000000000001,3.6,22.8
2015,5,26,8,30,25.200000000000003,353,89.99,4.3,23.400000000000002
2015,5,26,9,30,26.3,732,84.13,4.7,23.400000000000002
2015,5,26,10,30,27.200000000000003,589,79.44,4.7,23.3
2015,5,26,11,30,27.900000000000002,651,76.48,4.4,23.400000000000002
2015,5,26,12,30,28.400000000000002,634,75.33,4,23.6
2015,5,26,13,30,28.700000000000003,625,74.85000000000001,3.6,23.8
2015,5,26,14,30,28.900000000000002,843,74.39,3.2,23.900000000000002
2015,5,26,15,30,28.900000000000002,694,74.58,2.8000000000000003,23.900000000000002
2015,5,26,16,30,28.5,333,77.08,2.6,24.1
2015,5,26,17,30,27.5,262,84.04,2.3000000000000003,24.6
2015,5,26,18,30,26,74,93.67,2.4000000000000004,24.900000000000002
2015,5,26,19,30,25,0,96.27,2.8000000000000003,24.400000000000002
2015,5,26,20,30,24.5,0,98.62,3.1,24.3
2015,5,26,21,30,23.900000000000002,0,100,3,23.900000000000002
2015,5,26,22,30,23.400000000000002,0,100,2.9000000000000004,23.400000000000002
2015,5,26,23,30,23.1,0,100,2.9000000000000004,23.1
2015,5,27,0,30,22.8,0,100,2.9000000000000004,22.8
2015,5,27,1,30,22.5,0,100,2.7,22.5
2015,5,27,2,30,22.200000000000003,0,100,2.4000000000000004,22.200000000000003
2015,5,27,3,30,21.700000000000003,0,100,1.8,21.700000000000003
2015,5,27,4,30,21.200000000000003,0,100,1.5,21.200000000000003
2015,5,27,5,30,21.5,0,97.32000000000001,1.8,21.1
2015,5,27,6,30,22.400000000000002,91,97.09,2.5,21.900000000000002
2015,5,27,7,30,23.3,337,95.59,3,22.6
2015,5,27,8,30,24.3,539,91.36,3.4000000000000004,22.8
2015,5,27,9,30,25.6,720,84.92,3.4000000000000004,22.900000000000002
2015,5,27,10,30,26.8,860,80.5,3.3000000000000003,23.200000000000003
2015,5,27,11,30,27.700000000000003,948,77.83,3,23.5
2015,5,27,12,30,28.3,968,76.05,2.7,23.700000000000003
2015,5,27,13,30,28.5,785,75.51,2.4000000000000004,23.700000000000003
2015,5,27,14,30,28.5,831,75.37,2.4000000000000004,23.700000000000003
2015,5,27,15,30,28.3,468,75.97,2.4000000000000004,23.700000000000003
2015,5,27,16,30,27.900000000000002,282,78.24,2.3000000000000003,23.8
2015,5,27,17,30,27,236,84.16,2,24.1
2015,5,27,18,30,25.6,107,93.26,1.6,24.400000000000002
2015,5,27,19,30,24.6,0,95.38,1.6,23.8
2015,5,27,20,30,24.200000000000003,0,96.43,1.8,23.6
2015,5,27,21,30,23.900000000000002,0,98.3,2,23.6
2015,5,27,22,30,23.6,0,100,2.3000000000000003,23.6
2015,5,27,23,30,23.400000000000002,0,100,2.6,23.400000000000002
2015,5,28,0,30,23.200000000000003,0,100,2.7,23.200000000000003
2015,5,28,1,30,22.8,0,100,2.5,22.8
2015,5,28,2,30,22.3,0,100,2.1,22.3
2015,5,28,3,30,21.8,0,100,1.7000000000000002,21.8
2015,5,28,4,30,21.3,0,100,1.3,21.3
2015,5,28,5,30,21.900000000000002,0,98.29,1.5,21.6
2015,5,28,6,30,23.3,144,93.76,2.2,22.200000000000003
2015,5,28,7,30,24.6,348,88.55,2.6,22.6
2015,5,28,8,30,26,552,80.53,3,22.400000000000002
2015,5,28,9,30,27.200000000000003,602,75.47,3.3000000000000003,22.5
2015,5,28,10,30,28,747,73.06,3.6,22.700000000000003
2015,5,28,11,30,28.1,812,73.46000000000001,3.6,22.900000000000002
2015,5,28,12,30,27.8,629,74.74,3.3000000000000003,22.900000000000002
2015,5,28,13,30,27.6,188,76.9,3.1,23.200000000000003
2015,5,28,14,30,27.5,358,78.57000000000001,2.9000000000000004,23.400000000000002
2015,5,28,15,30,27.200000000000003,504,81.62,2.6,23.8
2015,5,28,16,30,26.8,455,85.62,2.2,24.200000000000003
2015,5,28,17,30,26.1,298,91.45,1.8,24.6
2015,5,28,18,30,25.1,109,96.12,1.7000000000000002,24.400000000000002
2015,5,28,19,30,24.6,0,95.32000000000001,2,23.8
2015,5,28,20,30,24.3,0,95.7,2.4000000000000004,23.6
2015,5,28,21,30,23.8,0,97.68,2.5,23.400000000000002
2015,5,28,22,30,23.200000000000003,0,100,2.1,23.200000000000003
2015,5,28,23,30,22.8,0,100,1.8,22.8
2015,5,29,0,30,23,0,99.3,2.6,22.900000000000002
2015,5,29,1,30,23.3,0,99.17,3.4000000000000004,23.200000000000003
2015,5,29,2,30,23,0,100,3.3000000000000003,23
2015,5,29,3,30,22.6,0,100,2.8000000000000003,22.6
2015,5,29,4,30,22.1,0,100,2.6,22.1
2015,5,29,5,30,22.1,0,98.45,2.7,21.8
2015,5,29,6,30,22.6,44,97.03,2.7,22.1
2015,5,29,7,30,23.5,278,94.58,2.8000000000000003,22.6
2015,5,29,8,30,24.400000000000002,513,90.56,3.1,22.8
2015,5,29,9,30,25.5,638,83.36,3.2,22.5
2015,5,29,10,30,26.5,783,76.32000000000001,3.1,22
2015,5,29,11,30,27.200000000000003,959,72.58,2.9000000000000004,21.8
2015,5,29,12,30,27.5,989,71.55,2.7,21.900000000000002
2015,5,29,13,30,27.5,953,71.9,2.5,22
2015,5,29,14,30,27.3,857,73.39,2.1,22.1
2015,5,29,15,30,27.3,627,74.86,1.7000000000000002,22.400000000000002
2015,5,29,16,30,27.1,447,78.12,1.4000000000000001,23
2015,5,29,17,30,26.5,267,82.45,1,23.3
2015,5,29,18,30,25.200000000000003,108,92.71000000000001,0.8,23.900000000000002
2015,5,29,19,30,24,0,92.58,1,22.700000000000003
2015,5,29,20,30,23.3,0,93.41,1.3,22.200000000000003
2015,5,29,21,30,22.900000000000002,0,93.83,1.5,21.900000000000002
2015,5,29,22,30,22.5,0,94.91,1.7000000000000002,21.6
2015,5,29,23,30,22.200000000000003,0,95.98,1.8,21.5
2015,5,30,0,30,22,0,96.69,1.8,21.400000000000002
2015,5,30,1,30,21.700000000000003,0,98.12,1.8,21.400000000000002
2015,5,30,2,30,21.400000000000002,0,99.91,1.7000000000000002,21.400000000000002
2015,5,30,3,30,21.1,0,100,1.4000000000000001,21.1
2015,5,30,4,30,20.700000000000003,0,100,1.1,20.700000000000003
2015,5,30,5,30,21.1,0,98.55,1.1,20.900000000000002
2015,5,30,6,30,22.1,74,96.49000000000001,1.4000000000000001,21.5
2015,5,30,7,30,23.1,73,92.92,1.5,21.900000000000002
2015,5,30,8,30,24.3,327,89.19,1.7000000000000002,22.400000000000002
2015,5,30,9,30,25.400000000000002,226,83.52,1.9000000000000001,22.400000000000002
2015,5,30,10,30,26.400000000000002,876,78.5,1.9000000000000001,22.400000000000002
2015,5,30,11,30,27.1,768,75.77,1.9000000000000001,22.5
2015,5,30,12,30,27.3,989,74.12,2,22.3
2015,5,30,13,30,27.1,950,73.8,2.3000000000000003,22
2015,5,30,14,30,26.6,852,74.76,2.6,21.8
2015,5,30,15,30,25.900000000000002,637,77.4,3,21.6
2015,5,30,16,30,24.900000000000002,458,82.5,3.1,21.700000000000003
2015,5,30,17,30,23.8,239,88.88,2.8000000000000003,21.900000000000002
2015,5,30,18,30,22.700000000000003,92,95.37,2.3000000000000003,21.900000000000002
2015,5,30,19,30,21.900000000000002,0,98.36,2.1,21.6
2015,5,30,20,30,21.3,0,99.96000000000001,2,21.3
2015,5,30,21,30,20.8,0,100,2,20.8
2015,5,30,22,30,20.3,0,100,1.9000000000000001,20.3
2015,5,30,23,30,19.8,0,100,1.9000000000000001,19.8
2015,5,31,0,30,19.3,0,100,1.8,19.3
2015,5,31,1,30,18.8,0,100,1.7000000000000002,18.8
2015,5,31,2,30,18.400000000000002,0,100,1.6,18.400000000000002
2015,5,31,3,30,17.900000000000002,0,100,1.5,17.900000000000002
2015,5,31,4,30,17.7,0,100,1.5,17.7
2015,5,31,5,30,18.3,0,98.15,2,18
2015,5,31,6,30,19.8,149,91.77,2.7,18.400000000000002
2015,5,31,7,30,21.200000000000003,358,83.10000000000001,3.2,18.2
2015,5,31,8,30,22.5,569,73.07000000000001,3.5,17.400000000000002
2015,5,31,9,30,23.6,756,66.67,3.5,17
2015,5,31,10,30,24.700000000000003,900,62.76,3.3000000000000003,17.1
2015,5,31,11,30,25.6,992,60.57,3.1,17.400000000000002
2015,5,31,12,30,26.3,1021,59.370000000000005,2.8000000000000003,17.8
2015,5,31,13,30,26.700000000000003,987,58.89,2.5,18
2015,5,31,14,30,26.900000000000002,891,58.67,2.3000000000000003,18.1
2015,5,31,15,30,26.700000000000003,742,59.370000000000005,2.1,18.1
2015,5,31,16,30,26.3,553,60.5,1.8,18.1
2015,5,31,17,30,25.3,341,65.04,1.4000000000000001,18.3
2015,5,31,18,30,23.3,133,76.87,1,19
2015,5,31,19,30,21.200000000000003,0,87.56,0.9,19.1
2015,5,31,20,30,20.1,0,88.27,1,18.1
2015,5,31,21,30,19.400000000000002,0,90.12,1.1,17.7
2015,5,31,22,30,18.8,0,92,1.1,17.5
2015,5,31,23,30,18.2,0,94.2,1.1,17.3
2015,6,1,0,30,17.6,0,96.47,1.1,17
2015,6,1,1,30,17.1,0,98.91,1,16.900000000000002
2015,6,1,2,30,16.6,0,100,1,16.6
2015,6,1,3,30,16.2,0,100,0.9,16.2
2015,6,1,4,30,16,0,100,0.9,16
2015,6,1,5,30,17.1,0,97.48,1.1,16.7
2015,6,1,6,30,19.400000000000002,119,88.17,1.4000000000000001,17.400000000000002
2015,6,1,7,30,21.900000000000002,277,78.56,1.1,18
2015,6,1,8,30,24.200000000000003,360,70.46000000000001,0.7000000000000001,18.5
2015,6,1,9,30,25.900000000000002,707,66.63,0.7000000000000001,19.200000000000003
2015,6,1,10,30,27.200000000000003,851,63.89,1,19.8
2015,6,1,11,30,28.1,974,61.7,1.2000000000000002,20.1
2015,6,1,12,30,28.700000000000003,894,60.22,1.5,20.200000000000003
2015,6,1,13,30,28.900000000000002,727,59.94,1.6,20.3
2015,6,1,14,30,28.8,871,60.370000000000005,1.7000000000000002,20.400000000000002
2015,6,1,15,30,28.6,722,60.92,1.7000000000000002,20.3
2015,6,1,16,30,28.1,535,62.51,1.5,20.3
2015,6,1,17,30,27.3,298,67.43,1.2000000000000002,20.700000000000003
2015,6,1,18,30,25.5,127,74.92,1,20.700000000000003
2015,6,1,19,30,23.400000000000002,0,87.49,0.9,21.200000000000003
2015,6,1,20,30,22.400000000000002,0,86.87,1,20.1
2015,6,1,21,30,21.700000000000003,0,87.94,1.1,19.6
2015,6,1,22,30,21.1,0,88.94,1.2000000000000002,19.200000000000003
2015,6,1,23,30,20.6,0,90.03,1.2000000000000002,18.900000000000002
2015,6,2,0,30,20.1,0,91.61,1.2000000000000002,18.7
2015,6,2,1,30,19.8,0,92.3,1.2000000000000002,18.5
2015,6,2,2,30,19.5,0,93.33,1.2000000000000002,18.400000000000002
2015,6,2,3,30,19.200000000000003,0,94.93,1.2000000000000002,18.400000000000002
2015,6,2,4,30,19,0,96.16,1.1,18.400000000000002
2015,6,2,5,30,19.900000000000002,0,91.33,1.5,18.400000000000002
2015,6,2,6,30,21.700000000000003,146,85.60000000000001,1.9000000000000001,19.200000000000003
2015,6,2,7,30,24.1,348,78.03,1.7000000000000002,20
2015,6,2,8,30,26.400000000000002,553,71.7,1.4000000000000001,20.900000000000002
2015,6,2,9,30,27.8,734,67.34,1.2000000000000002,21.200000000000003
2015,6,2,10,30,28.700000000000003,875,64.8,1.2000000000000002,21.400000000000002
2015,6,2,11,30,29.1,729,63.79,1.3,21.5
2015,6,2,12,30,29.400000000000002,834,62.75,1.5,21.6
2015,6,2,13,30,29.6,884,61.980000000000004,1.6,21.5
2015,6,2,14,30,29.6,853,62,1.6,21.6
2015,6,2,15,30,29.400000000000002,613,62.5,1.6,21.5
2015,6,2,16,30,29,437,64.07000000000001,1.5,21.5
2015,6,2,17,30,28,274,70.22,1.4000000000000001,22.1
2015,6,2,18,30,26.1,109,80.22,1.2000000000000002,22.400000000000002
2015,6,2,19,30,24.400000000000002,0,87.18,1.3,22.1
2015,6,2,20,30,23.700000000000003,0,85.73,1.5,21.200000000000003
2015,6,2,21,30,23.200000000000003,0,86.07000000000001,1.6,20.700000000000003
2015,6,2,22,30,22.6,0,87.89,1.6,20.5
2015,6,2,23,30,22,0,89.98,1.6,20.3
2015,6,3,0,30,21.5,0,91.85000000000001,1.5,20.1
2015,6,3,1,30,21.1,0,93.37,1.4000000000000001,20
2015,6,3,2,30,20.6,0,95.55,1.3,19.900000000000002
2015,6,3,3,30,20.200000000000003,0,97.16,1.2000000000000002,19.700000000000003
2015,6,3,4,30,19.900000000000002,0,98.38,1.1,19.6
2015,6,3,5,30,20.700000000000003,0,93.7,1.5,19.6
2015,6,3,6,30,22.5,147,87.67,2,20.400000000000002
2015,6,3,7,30,24.8,349,80.42,2.3000000000000003,21.200000000000003
2015,6,3,8,30,26.8,555,72.57000000000001,2.7,21.5
2015,6,3,9,30,28.200000000000003,737,65.14,2.8000000000000003,21
2015,6,3,10,30,29.1,878,62.09,2.8000000000000003,21.1
2015,6,3,11,30,29.8,964,60.83,2.7,21.400000000000002
2015,6,3,12,30,30.3,1001,60.33,2.7,21.8
2015,6,3,13,30,30.400000000000002,966,60.74,2.7,22
2015,6,3,14,30,30.3,827,61.24,2.7,22
2015,6,3,15,30,29.900000000000002,723,62.45,2.7,21.900000000000002
2015,6,3,16,30,29.3,538,64.31,2.4000000000000004,21.900000000000002
2015,6,3,17,30,28.200000000000003,331,69.91,2,22.200000000000003
2015,6,3,18,30,26.200000000000003,130,81.4,1.5,22.8
2015,6,3,19,30,24.400000000000002,0,87.31,1.3,22.200000000000003
2015,6,3,20,30,23.6,0,86.68,1.4000000000000001,21.200000000000003
2015,6,3,21,30,23,0,87.49,1.4000000000000001,20.8
2015,6,3,22,30,22.5,0,88.74,1.5,20.5
2015,6,3,23,30,21.900000000000002,0,90.95,1.4000000000000001,20.400000000000002
2015,6,4,0,30,21.400000000000002,0,92.98,1.4000000000000001,20.200000000000003
2015,6,4,1,30,20.900000000000002,0,95.19,1.4000000000000001,20.1
2015,6,4,2,30,20.400000000000002,0,97.66,1.3,20
2015,6,4,3,30,19.900000000000002,0,100,1.1,19.900000000000002
2015,6,4,4,30,19.5,0,100,1,19.5
2015,6,4,5,30,20.400000000000002,0,96.96000000000001,1.3,19.900000000000002
2015,6,4,6,30,22.400000000000002,147,89.09,1.7000000000000002,20.5
2015,6,4,7,30,24.700000000000003,348,81.35000000000001,1.8,21.3
2015,6,4,8,30,26.900000000000002,552,72.42,1.9000000000000001,21.5
2015,6,4,9,30,28.400000000000002,735,65.06,2.2,21.200000000000003
2015,6,4,10,30,29.400000000000002,875,61.85,2.5,21.3
2015,6,4,11,30,30.1,963,61.08,2.6,21.8
2015,6,4,12,30,30.5,998,61.27,2.7,22.200000000000003
2015,6,4,13,30,30.6,960,61.85,2.8000000000000003,22.5
2015,6,4,14,30,30.6,864,62.190000000000005,2.8000000000000003,22.5
2015,6,4,15,30,30.200000000000003,718,63.61,2.8000000000000003,22.5
2015,6,4,16,30,29.6,533,65.73,2.5,22.5
2015,6,4,17,30,28.5,327,71.02,2,22.700000000000003
2015,6,4,18,30,26.6,128,82.18,1.5,23.3
2015,6,4,19,30,25,0,88.27,1.2000000000000002,22.900000000000002
2015,6,4,20,30,24.3,0,88.09,1.1,22.200000000000003
2015,6,4,21,30,23.8,0,88.62,1,21.8
2015,6,4,22,30,23.200000000000003,0,90.34,1,21.5
2015,6,4,23,30,22.700000000000003,0,91.74,1,21.3
2015,6,5,0,30,22.200000000000003,0,93.27,1,21.1
2015,6,5,1,30,21.8,0,94.52,1,20.900000000000002
2015,6,5,2,30,21.400000000000002,0,95.97,1,20.700000000000003
2015,6,5,3,30,21,0,98.11,0.9,20.700000000000003
2015,6,5,4,30,20.8,0,99.64,0.8,20.700000000000003
2015,6,5,5,30,21.6,0,95.47,1.1,20.8
2015,6,5,6,30,23.5,146,89.19,1.6,21.6
2015,6,5,7,30,25.6,345,82.54,1.8,22.400000000000002
2015,6,5,8,30,27.5,549,75.07000000000001,1.7000000000000002,22.700000000000003
2015,6,5,9,30,28.700000000000003,730,69.01,1.5,22.5
2015,6,5,10,30,29.5,844,66.1,1.6,22.5
2015,6,5,11,30,30,824,64.77,1.6,22.6
2015,6,5,12,30,30.400000000000002,883,63.51,1.7000000000000002,22.700000000000003
2015,6,5,13,30,30.6,762,63,1.9000000000000001,22.8
2015,6,5,14,30,30.400000000000002,756,63.67,2,22.700000000000003
2015,6,5,15,30,30.1,709,64.57000000000001,2,22.700000000000003
2015,6,5,16,30,29.700000000000003,527,66.15,1.9000000000000001,22.700000000000003
2015,6,5,17,30,28.900000000000002,271,70.13,1.5,22.900000000000002
2015,6,5,18,30,27.400000000000002,129,77.91,1.1,23.200000000000003
2015,6,5,19,30,25.900000000000002,0,86.78,0.8,23.5
2015,6,5,20,30,25.200000000000003,0,84.9,0.9,22.5
2015,6,5,21,30,24.700000000000003,0,85.04,0.9,22
2015,6,5,22,30,24.200000000000003,0,85.79,0.9,21.700000000000003
2015,6,5,23,30,23.8,0,86.21000000000001,0.9,21.400000000000002
2015,6,6,0,30,23.3,0,87.34,0.9,21.1
2015,6,6,1,30,22.8,0,88.82000000000001,0.9,20.900000000000002
2015,6,6,2,30,22.3,0,90.52,0.9,20.700000000000003
2015,6,6,3,30,21.8,0,92.28,0.8,20.5
2015,6,6,4,30,21.5,0,93.01,0.8,20.3
2015,6,6,5,30,22.200000000000003,0,89.23,1,20.3
2015,6,6,6,30,24,145,84.89,1.4000000000000001,21.3
2015,6,6,7,30,26.200000000000003,345,76.33,1.4000000000000001,21.700000000000003
2015,6,6,8,30,28.400000000000002,550,67.33,1,21.8
2015,6,6,9,30,29.700000000000003,731,62.82,0.7000000000000001,21.900000000000002
2015,6,6,10,30,30.6,869,60.88,0.7000000000000001,22.200000000000003
2015,6,6,11,30,31.3,956,59.46,0.9,22.5
2015,6,6,12,30,31.700000000000003,810,58.84,1.2000000000000002,22.700000000000003
2015,6,6,13,30,32,954,58.120000000000005,1.4000000000000001,22.700000000000003
2015,6,6,14,30,32,860,57.89,1.7000000000000002,22.700000000000003
2015,6,6,15,30,31.8,716,58.410000000000004,1.9000000000000001,22.6
2015,6,6,16,30,31.3,533,60.1,1.8,22.6
2015,6,6,17,30,30.200000000000003,330,65.65,1.6,23.1
2015,6,6,18,30,28.1,132,75.72,1.3,23.400000000000002
2015,6,6,19,30,26.200000000000003,0,86.74,1.1,23.8
2015,6,6,20,30,25.3,0,86.66,1.2000000000000002,22.900000000000002
2015,6,6,21,30,24.6,0,88.07000000000001,1.2000000000000002,22.5
2015,6,6,22,30,23.900000000000002,0,89.63,1.3,22.1
2015,6,6,23,30,23.400000000000002,0,90.18,1.4000000000000001,21.700000000000003
2015,6,7,0,30,22.8,0,91.33,1.5,21.3
2015,6,7,1,30,22.3,0,92.09,1.6,21
2015,6,7,2,30,21.700000000000003,0,93.61,1.6,20.6
2015,6,7,3,30,21.200000000000003,0,95.01,1.5,20.400000000000002
2015,6,7,4,30,20.8,0,96.17,1.4000000000000001,20.200000000000003
2015,6,7,5,30,21.5,0,91.7,1.8,20.1
2015,6,7,6,30,23.3,152,85.2,2.1,20.700000000000003
2015,6,7,7,30,25.8,357,77.51,2,21.6
2015,6,7,8,30,28.200000000000003,563,67.15,2.2,21.5
2015,6,7,9,30,29.6,746,59.94,2.3000000000000003,21
2015,6,7,10,30,30.6,888,56.910000000000004,2.5,21.1
2015,6,7,11,30,31.3,916,55.29,2.7,21.3
2015,6,7,12,30,31.700000000000003,1010,54.52,2.8000000000000003,21.400000000000002
2015,6,7,13,30,31.900000000000002,976,53.95,3,21.400000000000002
2015,6,7,14,30,31.700000000000003,882,54.46,3,21.400000000000002
2015,6,7,15,30,31.200000000000003,735,55.75,3,21.3
2015,6,7,16,30,30.3,550,58.800000000000004,2.6,21.3
2015,6,7,17,30,28.8,343,67.1,2,22.1
2015,6,7,18,30,26.8,140,80.17,1.5,23.1
2015,6,7,19,30,25.3,0,83.64,1.4000000000000001,22.3
2015,6,7,20,30,24.6,0,83.66,1.4000000000000001,21.700000000000003
2015,6,7,21,30,24.200000000000003,0,84.16,1.4000000000000001,21.400000000000002
2015,6,7,22,30,23.8,0,85.35000000000001,1.5,21.200000000000003
2015,6,7,23,30,23.5,0,86.5,1.8,21.1
2015,6,8,0,30,23.3,0,87.43,2.1,21.1
2015,6,8,1,30,23,0,90.01,2.3000000000000003,21.3
2015,6,8,2,30,22.6,0,93.82000000000001,2.1,21.6
2015,6,8,3,30,22.1,0,97.98,1.6,21.8
2015,6,8,4,30,21.6,0,100,1.2000000000000002,21.6
2015,6,8,5,30,22.3,0,96.52,1.7000000000000002,21.700000000000003
2015,6,8,6,30,24.3,104,88.41,2.6,22.3
2015,6,8,7,30,26.400000000000002,266,80.26,3,22.700000000000003
2015,6,8,8,30,28.3,564,71.60000000000001,2.9000000000000004,22.700000000000003
2015,6,8,9,30,29.8,745,64.39,2.3000000000000003,22.400000000000002
2015,6,8,10,30,31,885,59.730000000000004,1.8,22.3
2015,6,8,11,30,31.900000000000002,973,56.92,1.5,22.3
2015,6,8,12,30,32.5,1005,54.94,1.3,22.3
2015,6,8,13,30,32.7,971,53.910000000000004,1.2000000000000002,22.200000000000003
2015,6,8,14,30,32.800000000000004,876,53.1,1.1,22
2015,6,8,15,30,32.7,730,52.86,1.1,21.8
2015,6,8,16,30,32.5,546,53.300000000000004,1.2000000000000002,21.8
2015,6,8,17,30,31.700000000000003,340,55.800000000000004,1.2000000000000002,21.8
2015,6,8,18,30,29.400000000000002,139,64.42,1.2000000000000002,22
2015,6,8,19,30,27,0,79.03,1.3,23.1
2015,6,8,20,30,25.900000000000002,0,77.65,1.7000000000000002,21.700000000000003
2015,6,8,21,30,25.200000000000003,0,77.66,2,21
2015,6,8,22,30,24.6,0,78.46000000000001,2.1,20.6
2015,6,8,23,30,24.1,0,79.77,2.2,20.400000000000002
2015,6,9,0,30,23.6,0,81.95,2.3000000000000003,20.3
2015,6,9,1,30,23.200000000000003,0,83.99,2.4000000000000004,20.3
2015,6,9,2,30,22.8,0,86.23,2.4000000000000004,20.400000000000002
2015,6,9,3,30,22.5,0,88.59,2.2,20.5
2015,6,9,4,30,22.3,0,90.71000000000001,2.1,20.700000000000003
2015,6,9,5,30,22.8,0,88.65,2.5,20.8
2015,6,9,6,30,24.1,107,83.79,2.7,21.200000000000003
2015,6,9,7,30,26,315,78.3,2.5,21.900000000000002
2015,6,9,8,30,28.3,471,70.94,2.4000000000000004,22.5
2015,6,9,9,30,30.1,736,64.02,2.3000000000000003,22.5
2015,6,9,10,30,31.5,847,58.64,2.1,22.400000000000002
2015,6,9,11,30,32.5,694,55.39,1.8,22.400000000000002
2015,6,9,12,30,33.1,934,54.2,1.6,22.6
2015,6,9,13,30,33.300000000000004,857,54.050000000000004,1.5,22.700000000000003
2015,6,9,14,30,33.300000000000004,724,54.300000000000004,1.4000000000000001,22.8
2015,6,9,15,30,33,599,55.480000000000004,1.3,22.900000000000002
2015,6,9,16,30,32.800000000000004,538,56.21,1.1,22.900000000000002
2015,6,9,17,30,32.2,335,59.17,1,23.200000000000003
2015,6,9,18,30,30.400000000000002,137,63.690000000000005,0.9,22.700000000000003
2015,6,9,19,30,28.1,0,81.01,1,24.5
2015,6,9,20,30,26.900000000000002,0,82.07000000000001,1.3,23.6
2015,6,9,21,30,26,0,83.04,1.6,22.900000000000002
2015,6,9,22,30,25.1,0,83.74,1.9000000000000001,22.200000000000003
2015,6,9,23,30,24.400000000000002,0,84.54,2,21.6
2015,6,10,0,30,23.8,0,85.46000000000001,2,21.200000000000003
2015,6,10,1,30,23.3,0,86.25,2,20.900000000000002
2015,6,10,2,30,22.900000000000002,0,86.95,1.9000000000000001,20.6
2015,6,10,3,30,22.5,0,88.69,1.7000000000000002,20.5
2015,6,10,4,30,22.400000000000002,0,89.63,1.5,20.6
2015,6,10,5,30,23,0,87.35000000000001,1.9000000000000001,20.8
2015,6,10,6,30,24.700000000000003,150,80.89,2.2,21.200000000000003
2015,6,10,7,30,27.1,351,74.21000000000001,2.5,22.1
2015,6,10,8,30,29.700000000000003,555,65.88,2.8000000000000003,22.6
2015,6,10,9,30,31.400000000000002,736,58.71,2.5,22.3
2015,6,10,10,30,32.5,877,54.25,2.3000000000000003,22.1
2015,6,10,11,30,33.1,967,52.61,2.2,22.1
2015,6,10,12,30,33.5,1002,51.71,2.3000000000000003,22.200000000000003
2015,6,10,13,30,33.5,969,51.5,2.4000000000000004,22.1
2015,6,10,14,30,33.4,876,51.45,2.5,22
2015,6,10,15,30,32.9,728,52.74,2.6,22
2015,6,10,16,30,32.2,545,54.83,2.5,22
2015,6,10,17,30,30.700000000000003,341,61.52,2.2,22.5
2015,6,10,18,30,28.400000000000002,141,74.33,1.7000000000000002,23.400000000000002
2015,6,10,19,30,26.400000000000002,0,81.66,1.6,23
2015,6,10,20,30,25.6,0,81.77,1.8,22.3
2015,6,10,21,30,24.900000000000002,0,83.91,1.8,22
2015,6,10,22,30,24.3,0,86.49,1.8,21.900000000000002
2015,6,10,23,30,23.900000000000002,0,88.14,2,21.8
2015,6,11,0,30,23.400000000000002,0,90.48,2.1,21.8
2015,6,11,1,30,23,0,92.59,2.2,21.700000000000003
2015,6,11,2,30,22.5,0,95.36,2.1,21.700000000000003
2015,6,11,3,30,22.1,0,97.76,2,21.700000000000003
2015,6,11,4,30,21.8,0,100,1.8,21.8
2015,6,11,5,30,22.6,0,95.99000000000001,2.2,21.900000000000002
2015,6,11,6,30,24.5,154,88.44,3.1,22.5
2015,6,11,7,30,26.5,360,80.84,3.6,22.900000000000002
2015,6,11,8,30,28.200000000000003,569,71.12,3.8000000000000003,22.5
2015,6,11,9,30,29.6,755,63.36,3.9000000000000004,21.900000000000002
2015,6,11,10,30,30.8,897,57.71,3.9000000000000004,21.5
2015,6,11,11,30,31.700000000000003,987,54.160000000000004,4,21.3
2015,6,11,12,30,32.300000000000004,1014,52.54,4,21.400000000000002
2015,6,11,13,30,32.6,980,52.38,4,21.6
2015,6,11,14,30,32.6,885,53.43,4,21.900000000000002
2015,6,11,15,30,32.2,735,55.75,4,22.200000000000003
2015,6,11,16,30,31.5,549,59.11,3.9000000000000004,22.6
2015,6,11,17,30,30.200000000000003,343,65.71000000000001,3.4000000000000004,23.1
2015,6,11,18,30,28.5,141,75.5,2.8000000000000003,23.700000000000003
2015,6,11,19,30,27.200000000000003,0,81.45,2.7,23.700000000000003
2015,6,11,20,30,26.6,0,84.36,3,23.700000000000003
2015,6,11,21,30,26,0,88.3,3.2,23.900000000000002
2015,6,11,22,30,25.400000000000002,0,92.18,3.3000000000000003,24
2015,6,11,23,30,24.900000000000002,0,95.06,3.3000000000000003,24.1
2015,6,12,0,30,24.400000000000002,0,97.83,3.1,24
2015,6,12,1,30,24.1,0,99.17,2.9000000000000004,24
2015,6,12,2,30,23.900000000000002,0,99.54,3,23.8
2015,6,12,3,30,23.700000000000003,0,99.68,2.8000000000000003,23.6
2015,6,12,4,30,23.5,0,99.86,2.5,23.5
2015,6,12,5,30,24,0,96.23,2.6,23.400000000000002
2015,6,12,6,30,25.400000000000002,150,89.49,3.2,23.5
2015,6,12,7,30,27,356,80.99,3.6,23.5
2015,6,12,8,30,28.5,563,73.62,3.6,23.3
2015,6,12,9,30,29.900000000000002,747,67.34,3.4000000000000004,23.200000000000003
2015,6,12,10,30,31,889,62.63,3.4000000000000004,23
2015,6,12,11,30,31.8,766,59.34,3.5,22.900000000000002
2015,6,12,12,30,32.2,1007,57.410000000000004,3.6,22.700000000000003
2015,6,12,13,30,32.4,971,56.51,3.7,22.6
2015,6,12,14,30,32.300000000000004,877,57.04,3.8000000000000003,22.700000000000003
2015,6,12,15,30,31.8,726,58.870000000000005,3.8000000000000003,22.8
2015,6,12,16,30,31.1,542,61.46,3.7,22.8
2015,6,12,17,30,30,337,66.83,3.1,23.200000000000003
2015,6,12,18,30,28.400000000000002,137,76.3,2.5,23.8
2015,6,12,19,30,27.1,0,81.78,2.6,23.700000000000003
2015,6,12,20,30,26.400000000000002,0,83.82000000000001,3,23.400000000000002
2015,6,12,21,30,25.8,0,86.95,3.2,23.5
2015,6,12,22,30,25.3,0,90.7,3,23.700000000000003
2015,6,12,23,30,24.8,0,94.7,2.7,23.900000000000002
2015,6,13,0,30,24.6,0,97.09,2.6,24.1
2015,6,13,1,30,24.700000000000003,0,97.16,2.6,24.200000000000003
2015,6,13,2,30,24.6,0,98.26,2.3000000000000003,24.3
2015,6,13,3,30,24.400000000000002,0,99.25,1.8,24.3
2015,6,13,4,30,24,0,100,1.5,24
2015,6,13,5,30,24.3,0,97.51,1.9000000000000001,23.900000000000002
2015,6,13,6,30,25.3,152,93.2,2.5,24.1
2015,6,13,7,30,26.5,220,86.45,2.6,24.1
2015,6,13,8,30,27.700000000000003,228,78.51,2.5,23.6
2015,6,13,9,30,28.900000000000002,744,72.19,2.4000000000000004,23.400000000000002
2015,6,13,10,30,29.900000000000002,885,67.34,2.4000000000000004,23.200000000000003
2015,6,13,11,30,30.6,875,64.28,2.5,23.1
2015,6,13,12,30,31,820,62.59,2.7,23
2015,6,13,13,30,31.1,619,61.95,3,22.900000000000002
2015,6,13,14,30,31.1,556,61.9,3.3000000000000003,22.900000000000002
2015,6,13,15,30,30.8,721,63.690000000000005,3.5,23.1
2015,6,13,16,30,30,536,67.9,3.6,23.400000000000002
2015,6,13,17,30,29,330,74.41,3.4000000000000004,24
2015,6,13,18,30,27.700000000000003,132,83.74,3.1,24.700000000000003
2015,6,13,19,30,26.5,0,91.87,3,25.1
2015,6,13,20,30,25.900000000000002,0,95.93,3.3000000000000003,25.200000000000003
2015,6,13,21,30,25.5,0,97.64,3.6,25.1
2015,6,13,22,30,25.1,0,98.5,3.8000000000000003,24.8
2015,6,13,23,30,24.900000000000002,0,98.14,3.8000000000000003,24.6
2015,6,14,0,30,24.700000000000003,0,97.96000000000001,3.6,24.400000000000002
2015,6,14,1,30,24.6,0,97.38,3.5,24.200000000000003
2015,6,14,2,30,24.5,0,97.31,3.2,24
2015,6,14,3,30,24.200000000000003,0,98.63,2.6,24
2015,6,14,4,30,23.900000000000002,0,99.69,2.4000000000000004,23.8
2015,6,14,5,30,24.1,0,97.71000000000001,2.7,23.700000000000003
2015,6,14,6,30,24.700000000000003,139,95.06,3.2,23.900000000000002
2015,6,14,7,30,25.5,236,92.08,3.7,24.1
2015,6,14,8,30,26.6,270,86.09,4.1000000000000005,24.1
2015,6,14,9,30,27.6,529,80.63,4.3,24
2015,6,14,10,30,28.5,607,76.15,4.3,23.900000000000002
2015,6,14,11,30,28.900000000000002,419,74.3,4.1000000000000005,23.900000000000002
2015,6,14,12,30,28.900000000000002,461,75.2,3.9000000000000004,24.1
2015,6,14,13,30,28.5,519,78.60000000000001,3.7,24.400000000000002
2015,6,14,14,30,28.1,390,82.31,3.5,24.8
2015,6,14,15,30,27.700000000000003,248,86.36,3.2,25.200000000000003
2015,6,14,16,30,27.3,272,90.56,2.8000000000000003,25.6
2015,6,14,17,30,26.8,150,94.58,2.4000000000000004,25.900000000000002
2015,6,14,18,30,26.1,87,98.03,2.1,25.8
2015,6,14,19,30,25.6,0,98.75,2.1,25.400000000000002
2015,6,14,20,30,25.3,0,98.42,2.2,25
2015,6,14,21,30,25,0,98.62,2.2,24.8
2015,6,14,22,30,24.700000000000003,0,99.01,2,24.5
2015,6,14,23,30,24.3,0,100,1.8,24.3
2015,6,15,0,30,24,0,100,1.6,24
2015,6,15,1,30,23.700000000000003,0,100,1.5,23.700000000000003
2015,6,15,2,30,23.400000000000002,0,100,1.4000000000000001,23.400000000000002
2015,6,15,3,30,23.200000000000003,0,100,1.3,23.200000000000003
2015,6,15,4,30,23.1,0,100,1.3,23.1
2015,6,15,5,30,23.6,0,97.51,1.8,23.200000000000003
2015,6,15,6,30,24.700000000000003,144,94.76,2.3000000000000003,23.8
2015,6,15,7,30,25.900000000000002,344,90.63,2.4000000000000004,24.200000000000003
2015,6,15,8,30,27.1,548,83.75,2.5,24.1
2015,6,15,9,30,28.1,730,76.46000000000001,2.5,23.6
2015,6,15,10,30,29.1,870,70.60000000000001,2.5,23.200000000000003
2015,6,15,11,30,29.8,957,67.59,2.6,23.200000000000003
2015,6,15,12,30,30.200000000000003,877,66.49,2.6,23.3
2015,6,15,13,30,30.400000000000002,554,66.53,2.7,23.5
2015,6,15,14,30,30.400000000000002,852,67.81,2.9000000000000004,23.8
2015,6,15,15,30,30.1,709,70.34,3.1,24.1
2015,6,15,16,30,29.6,529,73.8,3.2,24.400000000000002
2015,6,15,17,30,28.700000000000003,271,79.51,2.9000000000000004,24.8
2015,6,15,18,30,27.5,47,87.9,2.3000000000000003,25.3
2015,6,15,19,30,26.5,0,93.08,2.1,25.3
2015,6,15,20,30,25.8,0,95.94,2.1,25.1
2015,6,15,21,30,25.3,0,97.88,2.2,24.900000000000002
2015,6,15,22,30,24.8,0,99.47,2.4000000000000004,24.700000000000003
2015,6,15,23,30,24.5,0,99.51,2.8000000000000003,24.400000000000002
2015,6,16,0,30,24.200000000000003,0,99.10000000000001,3.2,24
2015,6,16,1,30,24,0,98.85000000000001,3.4000000000000004,23.8
2015,6,16,2,30,23.900000000000002,0,98.73,3.5,23.700000000000003
2015,6,16,3,30,23.900000000000002,0,98.39,3.3000000000000003,23.6
2015,6,16,4,30,23.8,0,98.61,3.1,23.6
2015,6,16,5,30,23.8,0,98.15,3.1,23.5
2015,6,16,6,30,24.200000000000003,30,96.5,3.4000000000000004,23.6
2015,6,16,7,30,24.900000000000002,95,94.28,3.7,23.900000000000002
2015,6,16,8,30,25.8,51,90.12,3.8000000000000003,24.1
2015,6,16,9,30,26.8,408,84.45,3.8000000000000003,24
2015,6,16,10,30,27.5,412,80.99,3.8000000000000003,23.900000000000002
2015,6,16,11,30,27.5,519,81.21000000000001,3.9000000000000004,24
2015,6,16,12,30,27.1,565,84.09,4.1000000000000005,24.200000000000003
2015,6,16,13,30,26.8,613,86.62,4.1000000000000005,24.400000000000002
2015,6,16,14,30,26.6,700,86.72,4,24.200000000000003
2015,6,16,15,30,26.400000000000002,462,86.35000000000001,3.7,23.900000000000002
2015,6,16,16,30,26.200000000000003,178,86.71000000000001,3.2,23.8
2015,6,16,17,30,25.700000000000003,82,90.07000000000001,2.7,23.900000000000002
2015,6,16,18,30,24.900000000000002,26,95.47,2.5,24.1
2015,6,16,19,30,24.200000000000003,0,98.38,3,23.900000000000002
2015,6,16,20,30,24,0,98.85000000000001,3.8000000000000003,23.8
2015,6,16,21,30,23.900000000000002,0,99.05,4.9,23.700000000000003
2015,6,16,22,30,23.8,0,99.31,5.800000000000001,23.700000000000003
2015,6,16,23,30,23.700000000000003,0,98.88,6.800000000000001,23.5
2015,6,17,0,30,23.5,0,98.3,8.1,23.200000000000003
2015,6,17,1,30,23.3,0,97.75,8.8,22.900000000000002
2015,6,17,2,30,23.200000000000003,0,96.88,8.700000000000001,22.700000000000003
2015,6,17,3,30,23.200000000000003,0,97.16,8.1,22.700000000000003
2015,6,17,4,30,23.200000000000003,0,97.49000000000001,7.5,22.8
2015,6,17,5,30,23.200000000000003,0,97.77,7.2,22.8
2015,6,17,6,30,23.400000000000002,5,96.46000000000001,7.4,22.8
2015,6,17,7,30,23.900000000000002,94,94.17,7.6000000000000005,22.900000000000002
2015,6,17,8,30,24.8,208,91.03,7.7,23.200000000000003
2015,6,17,9,30,26.200000000000003,166,84.59,7.7,23.400000000000002
2015,6,17,10,30,27.8,702,77.35000000000001,7.7,23.5
2015,6,17,11,30,29,689,71.85000000000001,7.4,23.400000000000002
2015,6,17,12,30,29.700000000000003,798,68.78,6.800000000000001,23.400000000000002
2015,6,17,13,30,30,781,67.44,6.1000000000000005,23.3
2015,6,17,14,30,30.1,457,67.48,5.6000000000000005,23.400000000000002
2015,6,17,15,30,30,180,68.46000000000001,5,23.6
2015,6,17,16,30,29.6,53,71.28,4.2,23.8
2015,6,17,17,30,28.6,53,78.72,3.5,24.5
2015,6,17,18,30,27.200000000000003,4,87.76,3,25
2015,6,17,19,30,25.900000000000002,0,93.43,2.8000000000000003,24.8
2015,6,17,20,30,25.3,0,95.49,2.7,24.5
2015,6,17,21,30,24.900000000000002,0,97.02,2.8000000000000003,24.400000000000002
2015,6,17,22,30,24.700000000000003,0,97.65,3.1,24.3
2015,6,17,23,30,24.5,0,98.55,3.6,24.3
2015,6,18,0,30,24.3,0,98.87,4,24.1
2015,6,18,1,30,24.200000000000003,0,98.25,4.3,23.900000000000002
2015,6,18,2,30,24,0,97.81,4.5,23.6
2015,6,18,3,30,23.700000000000003,0,97.63,4.3,23.3
2015,6,18,4,30,23.400000000000002,0,97.32000000000001,3.7,23
2015,6,18,5,30,23.5,0,95.71000000000001,3.4000000000000004,22.8
2015,6,18,6,30,24.400000000000002,135,92.34,3.4000000000000004,23.1
2015,6,18,7,30,25.900000000000002,330,87.22,3.5,23.6
2015,6,18,8,30,27.6,532,80.45,3.3000000000000003,23.900000000000002
2015,6,18,9,30,29.1,713,74.69,2.8000000000000003,24.1
2015,6,18,10,30,30.1,357,71.73,2.4000000000000004,24.400000000000002
2015,6,18,11,30,30.700000000000003,706,70.07000000000001,2.7,24.6
2015,6,18,12,30,31,975,69.17,3.4000000000000004,24.700000000000003
2015,6,18,13,30,30.900000000000002,944,69.31,4,24.6
2015,6,18,14,30,30.400000000000002,405,70.39,4.3,24.400000000000002
2015,6,18,15,30,29.700000000000003,271,71.82000000000001,4.3,24.1
2015,6,18,16,30,28.900000000000002,117,73.65,4,23.700000000000003
2015,6,18,17,30,27.8,86,77.83,3.3000000000000003,23.6
2015,6,18,18,30,26.200000000000003,50,86.93,2.3000000000000003,23.900000000000002
2015,6,18,19,30,25,0,92.43,1.8,23.700000000000003
2015,6,18,20,30,24.5,0,93.78,1.9000000000000001,23.400000000000002
2015,6,18,21,30,24.200000000000003,0,95.12,2,23.400000000000002
2015,6,18,22,30,24,0,96.34,2.2,23.400000000000002
2015,6,18,23,30,23.8,0,97.77,2.3000000000000003,23.400000000000002
2015,6,19,0,30,23.6,0,99.23,2.2,23.5
2015,6,19,1,30,23.5,0,99.88,2,23.5
2015,6,19,2,30,23.3,0,100,1.7000000000000002,23.3
2015,6,19,3,30,23.200000000000003,0,100,1.5,23.200000000000003
2015,6,19,4,30,23.1,0,100,1.5,23.1
2015,6,19,5,30,23.6,0,98.08,1.9000000000000001,23.3
2015,6,19,6,30,24.6,135,95.43,2.5,23.8
2015,6,19,7,30,25.700000000000003,329,92.14,2.8000000000000003,24.3
2015,6,19,8,30,26.900000000000002,376,87.73,3.1,24.700000000000003
2015,6,19,9,30,28.1,474,82.21000000000001,3.3000000000000003,24.8
2015,6,19,10,30,28.8,676,78.92,3.5,24.8
2015,6,19,11,30,29.1,891,76.95,3.5,24.6
2015,6,19,12,30,29.1,844,75.99,3.4000000000000004,24.400000000000002
2015,6,19,13,30,29.1,900,74.86,3.3000000000000003,24.200000000000003
2015,6,19,14,30,29.1,764,73.97,3.3000000000000003,24
2015,6,19,15,30,29,650,73.53,3.1,23.8
2015,6,19,16,30,28.5,486,75.48,2.7,23.700000000000003
2015,6,19,17,30,27.6,242,80.88,2,24
2015,6,19,18,30,26.1,110,90.28,1.5,24.400000000000002
2015,6,19,19,30,24.900000000000002,0,91.98,1.4000000000000001,23.5
2015,6,19,20,30,24.400000000000002,0,91.42,1.6,22.900000000000002
2015,6,19,21,30,24.1,0,91.63,1.9000000000000001,22.700000000000003
2015,6,19,22,30,23.900000000000002,0,92.3,2.2,22.6
2015,6,19,23,30,23.700000000000003,0,93.69,2.3000000000000003,22.6
2015,6,20,0,30,23.6,0,94.87,2.3000000000000003,22.700000000000003
2015,6,20,1,30,23.5,0,96.23,2.4000000000000004,22.900000000000002
2015,6,20,2,30,23.5,0,97.25,2.4000000000000004,23
2015,6,20,3,30,23.5,0,98.38,2.2,23.200000000000003
2015,6,20,4,30,23.5,0,99.16,2,23.400000000000002
2015,6,20,5,30,23.8,0,98.03,2,23.5
2015,6,20,6,30,24.6,78,95.07000000000001,2.3000000000000003,23.8
2015,6,20,7,30,25.6,159,92.05,2.8000000000000003,24.200000000000003
2015,6,20,8,30,26.400000000000002,193,88.34,3.2,24.3
2015,6,20,9,30,27,361,83.31,3.3000000000000003,23.900000000000002
2015,6,20,10,30,27.5,648,79.3,3.3000000000000003,23.6
2015,6,20,11,30,27.8,544,77.36,3.2,23.5
2015,6,20,12,30,28,451,76.61,3.2,23.5
2015,6,20,13,30,28.1,606,76.96000000000001,3.2,23.700000000000003
2015,6,20,14,30,27.900000000000002,341,78.73,3.2,23.900000000000002
2015,6,20,15,30,27.5,465,81.64,2.8000000000000003,24.1
2015,6,20,16,30,27,240,85.93,2.3000000000000003,24.400000000000002
2015,6,20,17,30,26.3,157,91.51,1.8,24.8
2015,6,20,18,30,25.5,101,95.89,1.7000000000000002,24.8
2015,6,20,19,30,25,0,96.63,1.8,24.400000000000002
2015,6,20,20,30,24.8,0,96.85000000000001,2.1,24.3
2015,6,20,21,30,24.6,0,97.63,2.4000000000000004,24.200000000000003
2015,6,20,22,30,24.400000000000002,0,98.65,2.5,24.200000000000003
2015,6,20,23,30,24.200000000000003,0,99.52,2.4000000000000004,24.1
2015,6,21,0,30,23.900000000000002,0,100,2.3000000000000003,23.900000000000002
2015,6,21,1,30,23.700000000000003,0,100,2.1,23.700000000000003
2015,6,21,2,30,23.5,0,100,1.9000000000000001,23.5
2015,6,21,3,30,23.3,0,100,1.9000000000000001,23.3
2015,6,21,4,30,23.400000000000002,0,100,2,23.400000000000002
2015,6,21,5,30,23.8,0,98.18,2.3000000000000003,23.5
2015,6,21,6,30,24.6,54,95.53,2.8000000000000003,23.8
2015,6,21,7,30,25.6,137,92.77,3.1,24.3
2015,6,21,8,30,26.700000000000003,200,88,3.5,24.5
2015,6,21,9,30,27.900000000000002,506,80.39,3.8000000000000003,24.200000000000003
2015,6,21,10,30,28.8,743,74.75,4.1000000000000005,23.900000000000002
2015,6,21,11,30,29.6,804,70.93,4.3,23.8
2015,6,21,12,30,30,258,69.46000000000001,4.4,23.8
2015,6,21,13,30,30.1,717,69.73,4.3,24
2015,6,21,14,30,30,335,70.77,4.2,24.1
2015,6,21,15,30,29.6,511,72.73,4,24.200000000000003
2015,6,21,16,30,28.900000000000002,184,76.22,3.6,24.3
2015,6,21,17,30,27.900000000000002,310,82.53,3.1,24.6
2015,6,21,18,30,26.8,98,88.36,2.8000000000000003,24.700000000000003
2015,6,21,19,30,26,0,91.31,2.8000000000000003,24.5
2015,6,21,20,30,25.5,0,93.62,2.9000000000000004,24.400000000000002
2015,6,21,21,30,25.1,0,96.04,2.8000000000000003,24.400000000000002
2015,6,21,22,30,24.8,0,97.88,2.8000000000000003,24.400000000000002
2015,6,21,23,30,24.5,0,99.3,2.8000000000000003,24.400000000000002
2015,6,22,0,30,24.200000000000003,0,100,2.6,24.200000000000003
2015,6,22,1,30,24,0,100,2.3000000000000003,24
2015,6,22,2,30,23.700000000000003,0,100,2,23.700000000000003
2015,6,22,3,30,23.400000000000002,0,100,1.8,23.400000000000002
2015,6,22,4,30,23.200000000000003,0,100,1.6,23.200000000000003
2015,6,22,5,30,23.700000000000003,0,97.55,1.9000000000000001,23.3
2015,6,22,6,30,24.6,90,95.37,2.4000000000000004,23.8
2015,6,22,7,30,25.700000000000003,155,92.3,2.8000000000000003,24.400000000000002
2015,6,22,8,30,27.1,533,85.41,3.1,24.400000000000002
2015,6,22,9,30,28.5,717,76.83,3.4000000000000004,24
2015,6,22,10,30,29.6,861,70.23,3.6,23.6
2015,6,22,11,30,30.400000000000002,952,65.77,3.8000000000000003,23.3
2015,6,22,12,30,30.900000000000002,969,63.24,3.9000000000000004,23.1
2015,6,22,13,30,31,936,62.59,3.8000000000000003,23
2015,6,22,14,30,31,845,62.67,3.7,23
2015,6,22,15,30,30.6,703,64.35,3.5,23.1
2015,6,22,16,30,29.900000000000002,523,67.3,3.1,23.200000000000003
2015,6,22,17,30,28.700000000000003,324,74.23,2.4000000000000004,23.700000000000003
2015,6,22,18,30,27,132,86.18,1.7000000000000002,24.5
2015,6,22,19,30,25.5,0,91.81,1.5,24.1
2015,6,22,20,30,24.900000000000002,0,92.79,1.6,23.700000000000003
2015,6,22,21,30,24.400000000000002,0,94.75,1.7000000000000002,23.5
2015,6,22,22,30,23.900000000000002,0,96.81,1.7000000000000002,23.400000000000002
2015,6,22,23,30,23.400000000000002,0,98.73,1.7000000000000002,23.200000000000003
2015,6,23,0,30,22.900000000000002,0,100,1.6,22.900000000000002
2015,6,23,1,30,22.5,0,100,1.6,22.5
2015,6,23,2,30,22.200000000000003,0,100,1.5,22.200000000000003
2015,6,23,3,30,21.900000000000002,0,100,1.4000000000000001,21.900000000000002
2015,6,23,4,30,21.700000000000003,0,100,1.2000000000000002,21.700000000000003
2015,6,23,5,30,22.6,0,98.38,1.5,22.3
2015,6,23,6,30,24.3,128,92.37,2,23
2015,6,23,7,30,26.1,322,85.95,2.2,23.6
2015,6,23,8,30,27.6,524,76.45,2.2,23.1
2015,6,23,9,30,29,708,67.59,2.1,22.400000000000002
2015,6,23,10,30,30.200000000000003,851,62.99,2,22.400000000000002
2015,6,23,11,30,31.1,943,60.4,2,22.5
2015,6,23,12,30,31.700000000000003,988,58.72,2.2,22.6
2015,6,23,13,30,31.900000000000002,958,58.14,2.4000000000000004,22.700000000000003
2015,6,23,14,30,31.900000000000002,868,58.39,2.5,22.700000000000003
2015,6,23,15,30,31.6,722,59.89,2.5,22.900000000000002
2015,6,23,16,30,31.1,544,62,2.2,23
2015,6,23,17,30,30.1,342,68.28,1.8,23.6
2015,6,23,18,30,28.200000000000003,145,80.02,1.4000000000000001,24.400000000000002
2015,6,23,19,30,26.6,0,86.86,1.1,24.200000000000003
2015,6,23,20,30,25.8,0,87.06,1.2000000000000002,23.5
2015,6,23,21,30,25.200000000000003,0,88.47,1.3,23.200000000000003
2015,6,23,22,30,24.6,0,90,1.4000000000000001,22.900000000000002
2015,6,23,23,30,24,0,91.94,1.5,22.6
2015,6,24,0,30,23.5,0,93.55,1.6,22.400000000000002
2015,6,24,1,30,23,0,95.82000000000001,1.6,22.3
2015,6,24,2,30,22.5,0,98.58,1.4000000000000001,22.3
2015,6,24,3,30,22.200000000000003,0,100,1.1,22.200000000000003
2015,6,24,4,30,22,0,100,0.9,22
2015,6,24,5,30,23,0,97.66,1.1,22.6
2015,6,24,6,30,24.8,138,91.78,1.3,23.400000000000002
2015,6,24,7,30,26.6,337,85.21000000000001,1.3,23.900000000000002
2015,6,24,8,30,28.1,543,75.83,1.5,23.400000000000002
2015,6,24,9,30,29.3,726,67.67,1.8,22.700000000000003
2015,6,24,10,30,30.400000000000002,870,61.74,2,22.200000000000003
2015,6,24,11,30,31.3,962,57.85,2.1,22
2015,6,24,12,30,31.900000000000002,998,55.47,2.2,21.900000000000002
2015,6,24,13,30,32.2,969,54.410000000000004,2.3000000000000003,21.8
2015,6,24,14,30,32.2,879,54.45,2.4000000000000004,21.900000000000002
2015,6,24,15,30,32,737,55.46,2.5,22
2015,6,24,16,30,31.400000000000002,556,58.01,2.3000000000000003,22.1
2015,6,24,17,30,30.3,353,64.3,2,22.8
2015,6,24,18,30,28.200000000000003,152,76.59,1.5,23.700000000000003
2015,6,24,19,30,26.400000000000002,0,85.26,1.3,23.700000000000003
2015,6,24,20,30,25.6,0,85.18,1.3,22.900000000000002
2015,6,24,21,30,25.1,0,86.37,1.3,22.700000000000003
2015,6,24,22,30,24.6,0,88.08,1.3,22.5
2015,6,24,23,30,24.1,0,90.32000000000001,1.4000000000000001,22.400000000000002
2015,6,25,0,30,23.8,0,92.26,1.5,22.5
2015,6,25,1,30,23.5,0,95.02,1.5,22.700000000000003
2015,6,25,2,30,23.3,0,97.78,1.5,22.900000000000002
2015,6,25,3,30,23.1,0,100,1.4000000000000001,23.1
2015,6,25,4,30,22.900000000000002,0,100,1.3,22.900000000000002
2015,6,25,5,30,23.8,0,98.51,1.7000000000000002,23.6
2015,6,25,6,30,25.400000000000002,142,92.17,2.2,24
2015,6,25,7,30,27,344,85.46000000000001,2.5,24.400000000000002
2015,6,25,8,30,28.400000000000002,550,77.89,2.6,24.200000000000003
2015,6,25,9,30,29.6,733,71.47,2.4000000000000004,23.900000000000002
2015,6,25,10,30,30.8,878,65.75,2.2,23.700000000000003
2015,6,25,11,30,31.6,969,62.01,2.2,23.400000000000002
2015,6,25,12,30,32.2,1000,59.22,2.3000000000000003,23.200000000000003
2015,6,25,13,30,32.5,968,57.730000000000004,2.6,23.1
2015,6,25,14,30,32.4,878,57.76,2.8000000000000003,23
2015,6,25,15,30,32.1,732,58.550000000000004,2.9000000000000004,23
2015,6,25,16,30,31.400000000000002,552,60.83,2.7,22.900000000000002
2015,6,25,17,30,30.200000000000003,349,67.29,2.3000000000000003,23.5
2015,6,25,18,30,28.3,149,78.84,1.9000000000000001,24.3
2015,6,25,19,30,26.8,0,83.89,1.8,23.8
2015,6,25,20,30,26.1,0,84.26,1.9000000000000001,23.200000000000003
2015,6,25,21,30,25.6,0,85.75,2.1,23
2015,6,25,22,30,25.200000000000003,0,87.74,2.3000000000000003,23
2015,6,25,23,30,24.900000000000002,0,89.87,2.5,23.1
2015,6,26,0,30,24.5,0,93.09,2.5,23.3
2015,6,26,1,30,24.200000000000003,0,96.09,2.4000000000000004,23.5
2015,6,26,2,30,23.900000000000002,0,99.14,2.2,23.8
2015,6,26,3,30,23.700000000000003,0,100,1.9000000000000001,23.700000000000003
2015,6,26,4,30,23.6,0,100,1.7000000000000002,23.6
2015,6,26,5,30,24.3,0,97.82000000000001,2.1,23.900000000000002
2015,6,26,6,30,25.900000000000002,138,91.21000000000001,2.8000000000000003,24.400000000000002
2015,6,26,7,30,27.6,337,84.21000000000001,3.3000000000000003,24.700000000000003
2015,6,26,8,30,29,540,77.09,3.3000000000000003,24.6
2015,6,26,9,30,30.3,721,71,3,24.5
2015,6,26,10,30,31.400000000000002,787,66.6,2.9000000000000004,24.400000000000002
2015,6,26,11,30,32.1,847,63.800000000000004,2.8000000000000003,24.400000000000002
2015,6,26,12,30,32.6,915,61.58,2.9000000000000004,24.3
2015,6,26,13,30,32.7,795,60.79,3,24.1
2015,6,26,14,30,32.5,702,61.28,3,24.1
2015,6,26,15,30,32.1,697,62.940000000000005,2.8000000000000003,24.200000000000003
2015,6,26,16,30,31.3,547,67.24,2.6,24.5
2015,6,26,17,30,30,237,73.87,2.2,24.8
2015,6,26,18,30,28.400000000000002,147,85.26,2.2,25.700000000000003
2015,6,26,19,30,27.3,0,88.44,2.5,25.200000000000003
2015,6,26,20,30,26.700000000000003,0,89.93,2.7,24.900000000000002
2015,6,26,21,30,26.200000000000003,0,91.39,2.8000000000000003,24.700000000000003
2015,6,26,22,30,25.6,0,93.36,2.9000000000000004,24.400000000000002
2015,6,26,23,30,25.1,0,95.16,2.9000000000000004,24.3
2015,6,27,0,30,24.700000000000003,0,96.82000000000001,3.1,24.200000000000003
2015,6,27,1,30,24.400000000000002,0,97.93,3.4000000000000004,24.1
2015,6,27,2,30,24.200000000000003,0,98.54,3.7,24
2015,6,27,3,30,24.1,0,98.89,3.1,23.900000000000002
2015,6,27,4,30,24.1,0,98.74000000000001,2,23.900000000000002
2015,6,27,5,30,24.3,0,97.61,1.7000000000000002,23.900000000000002
2015,6,27,6,30,24.700000000000003,3,96.97,1.9000000000000001,24.200000000000003
2015,6,27,7,30,25.200000000000003,135,95.59,2,24.400000000000002
2015,6,27,8,30,25.900000000000002,272,92.49,2,24.6
2015,6,27,9,30,26.6,579,87.82000000000001,2,24.400000000000002
2015,6,27,10,30,27.400000000000002,655,81.19,2.1,23.900000000000002
2015,6,27,11,30,28.200000000000003,652,74.98,2.4000000000000004,23.3
2015,6,27,12,30,28.900000000000002,700,70.16,2.6,22.900000000000002
2015,6,27,13,30,29.5,691,66.66,2.5,22.6
2015,6,27,14,30,29.700000000000003,669,65.37,2.1,22.5
2015,6,27,15,30,29.700000000000003,476,64.88,1.7000000000000002,22.400000000000002
2015,6,27,16,30,29.700000000000003,259,64.67,1.5,22.3
2015,6,27,17,30,29.3,337,67.49,1.3,22.700000000000003
2015,6,27,18,30,27.700000000000003,133,74,1,22.6
2015,6,27,19,30,26.200000000000003,0,84.45,0.9,23.400000000000002
2015,6,27,20,30,25.6,0,82.28,0.9,22.400000000000002
2015,6,27,21,30,25,0,83.91,0.9,22.1
2015,6,27,22,30,24.3,0,86.33,0.9,21.900000000000002
2015,6,27,23,30,23.6,0,88.85000000000001,0.9,21.700000000000003
2015,6,28,0,30,22.900000000000002,0,91.65,0.9,21.5
2015,6,28,1,30,22.400000000000002,0,93.3,1,21.3
2015,6,28,2,30,21.900000000000002,0,95.09,1,21.1
2015,6,28,3,30,21.5,0,96.77,0.9,21
2015,6,28,4,30,21.200000000000003,0,98.14,0.8,20.900000000000002
2015,6,28,5,30,21.900000000000002,0,94.48,1.1,21
2015,6,28,6,30,23.5,114,89.75,1.2000000000000002,21.700000000000003
2015,6,28,7,30,25.8,317,81.47,1,22.400000000000002
2015,6,28,8,30,28,445,70,0.9,22
2015,6,28,9,30,29.3,718,63.32,1,21.6
2015,6,28,10,30,30.200000000000003,837,60.21,1,21.6
2015,6,28,11,30,30.900000000000002,956,58.45,0.8,21.8
2015,6,28,12,30,31.3,991,57.32,0.6000000000000001,21.900000000000002
2015,6,28,13,30,31.5,802,56.870000000000005,0.4,21.900000000000002
2015,6,28,14,30,31.6,872,56.52,0.30000000000000004,21.900000000000002
2015,6,28,15,30,31.400000000000002,727,57.26,0.4,21.900000000000002
2015,6,28,16,30,31,545,58.65,0.8,22
2015,6,28,17,30,30.3,322,63.26,1,22.5
2015,6,28,18,30,28.6,115,71.05,1,22.8
2015,6,28,19,30,26.700000000000003,0,85.62,1,24.1
2015,6,28,20,30,25.8,0,88.42,1.1,23.700000000000003
2015,6,28,21,30,25.200000000000003,0,91.54,1.4000000000000001,23.700000000000003
2015,6,28,22,30,24.8,0,94.39,1.7000000000000002,23.8
2015,6,28,23,30,24.6,0,96.51,2,24
2015,6,29,0,30,24.400000000000002,0,98.61,2.1,24.200000000000003
2015,6,29,1,30,24.200000000000003,0,100,2.1,24.200000000000003
2015,6,29,2,30,24,0,100,2.1,24
2015,6,29,3,30,23.900000000000002,0,100,2.2,23.900000000000002
2015,6,29,4,30,23.900000000000002,0,100,2.3000000000000003,23.900000000000002
2015,6,29,5,30,24.3,0,96.96000000000001,2.7,23.8
2015,6,29,6,30,25.5,41,92.44,3.1,24.200000000000003
2015,6,29,7,30,27.200000000000003,263,86.02,3.5,24.700000000000003
2015,6,29,8,30,29,521,77.11,3.6,24.6
2015,6,29,9,30,30.400000000000002,548,69.99,3.5,24.3
2015,6,29,10,30,31.400000000000002,761,65.92,3.2,24.3
2015,6,29,11,30,32,763,63.68,2.9000000000000004,24.3
2015,6,29,12,30,32.2,855,62.7,2.8000000000000003,24.200000000000003
2015,6,29,13,30,32.300000000000004,697,61.82,2.7,24
2015,6,29,14,30,32,777,62.97,2.7,24.1
2015,6,29,15,30,31.6,657,64.77,2.5,24.200000000000003
2015,6,29,16,30,31.1,302,68.02,2.4000000000000004,24.5
2015,6,29,17,30,30,142,74.43,2.1,25
2015,6,29,18,30,28.400000000000002,31,83.93,1.8,25.400000000000002
2015,6,29,19,30,27.1,0,88.93,1.9000000000000001,25.1
2015,6,29,20,30,26.5,0,88.91,2.4000000000000004,24.5
2015,6,29,21,30,26,0,89.72,2.9000000000000004,24.200000000000003
2015,6,29,22,30,25.5,0,91.46000000000001,3.3000000000000003,24
2015,6,29,23,30,25.1,0,93.33,3.4000000000000004,23.900000000000002
2015,6,30,0,30,24.8,0,95.22,3.3000000000000003,24
2015,6,30,1,30,24.5,0,97.28,3.1,24
2015,6,30,2,30,24.3,0,98.57000000000001,2.7,24.1
2015,6,30,3,30,24.1,0,99.25,2.3000000000000003,24
2015,6,30,4,30,23.900000000000002,0,99.67,2,23.8
2015,6,30,5,30,24,0,98.29,2,23.700000000000003
2015,6,30,6,30,24.5,83,96.59,2.4000000000000004,23.900000000000002
2015,6,30,7,30,25.200000000000003,102,94.38,2.7,24.200000000000003
2015,6,30,8,30,26.5,74,89.57000000000001,3.1,24.6
2015,6,30,9,30,28.1,374,81.71000000000001,3.2,24.700000000000003
2015,6,30,10,30,29.6,663,74.05,2.9000000000000004,24.5
2015,6,30,11,30,30.700000000000003,905,68.64,2.5,24.3
2015,6,30,12,30,31.3,973,65.16,2.5,24
2015,6,30,13,30,31.6,945,62.52,2.7,23.6
2015,6,30,14,30,31.6,859,61.21,2.9000000000000004,23.200000000000003
2015,6,30,15,30,31.200000000000003,732,62.07,3.2,23.1
2015,6,30,16,30,30.5,552,64.46000000000001,3.3000000000000003,23
2015,6,30,17,30,29.1,348,72.19,3,23.6
2015,6,30,18,30,27.3,63,84.32000000000001,2.7,24.400000000000002
2015,6,30,19,30,25.900000000000002,0,91.10000000000001,2.7,24.3
2015,6,30,20,30,25.200000000000003,0,95.03,2.7,24.3
2015,6,30,21,30,24.6,0,98.97,2.2,24.400000000000002
2015,6,30,22,30,24,0,100,1.6,24
2015,6,30,23,30,23.6,0,100,1.4000000000000001,23.6
2015,7,1,0,30,23.6,0,100,1.9000000000000001,23.6
2015,7,1,1,30,23.700000000000003,0,100,2.7,23.700000000000003
2015,7,1,2,30,23.6,0,100,2.9000000000000004,23.6
2015,7,1,3,30,23.3,0,100,2.5,23.3
2015,7,1,4,30,22.900000000000002,0,100,2,22.900000000000002
2015,7,1,5,30,23.3,0,97.17,2.2,22.8
2015,7,1,6,30,24.5,139,93.2,3,23.3
2015,7,1,7,30,26.200000000000003,339,85.85000000000001,3.6,23.6
2015,7,1,8,30,28,545,75.26,4,23.200000000000003
2015,7,1,9,30,29.6,727,66.15,4.2,22.6
2015,7,1,10,30,30.700000000000003,870,60.84,4.2,22.3
2015,7,1,11,30,31.5,911,57.83,4.2,22.200000000000003
2015,7,1,12,30,31.900000000000002,816,56.980000000000004,4.2,22.3
2015,7,1,13,30,32.1,901,57.08,4.2,22.5
2015,7,1,14,30,31.900000000000002,714,58.49,4.3,22.8
2015,7,1,15,30,31.3,622,61.28,4.4,23
2015,7,1,16,30,30.5,442,64.97,4.3,23.200000000000003
2015,7,1,17,30,29.3,295,71.82000000000001,3.7,23.700000000000003
2015,7,1,18,30,27.6,124,82.35000000000001,3,24.3
2015,7,1,19,30,26.1,0,89.71000000000001,2.7,24.3
2015,7,1,20,30,25.200000000000003,0,94.01,2.9000000000000004,24.200000000000003
2015,7,1,21,30,24.6,0,97.04,2.9000000000000004,24.1
2015,7,1,22,30,24,0,99.57000000000001,3,23.900000000000002
2015,7,1,23,30,23.400000000000002,0,100,2.8000000000000003,23.400000000000002
2015,7,2,0,30,22.900000000000002,0,100,2.6,22.900000000000002
2015,7,2,1,30,22.5,0,100,2.4000000000000004,22.5
2015,7,2,2,30,22.200000000000003,0,100,2.3000000000000003,22.200000000000003
2015,7,2,3,30,21.900000000000002,0,100,2.4000000000000004,21.900000000000002
2015,7,2,4,30,21.700000000000003,0,100,2.6,21.700000000000003
2015,7,2,5,30,22.1,0,96.53,2.9000000000000004,21.5
2015,7,2,6,30,23.3,132,92.04,3.3000000000000003,21.900000000000002
2015,7,2,7,30,25.200000000000003,330,84.9,3.9000000000000004,22.5
2015,7,2,8,30,27.200000000000003,518,73.19,4.5,22
2015,7,2,9,30,28.700000000000003,714,65.16,4.7,21.5
2015,7,2,10,30,30,817,60.83,4.800000000000001,21.6
2015,7,2,11,30,30.900000000000002,893,58.94,4.9,21.900000000000002
2015,7,2,12,30,31.6,958,57.9,5,22.3
2015,7,2,13,30,31.900000000000002,921,57.85,5,22.6
2015,7,2,14,30,31.900000000000002,827,58.34,5,22.700000000000003
2015,7,2,15,30,31.6,688,59.61,4.800000000000001,22.8
2015,7,2,16,30,30.8,509,62.910000000000004,4.3,22.900000000000002
2015,7,2,17,30,29.700000000000003,269,69.13,3.6,23.400000000000002
2015,7,2,18,30,28.200000000000003,125,78.33,3,24.1
2015,7,2,19,30,27.1,0,84.23,2.9000000000000004,24.200000000000003
2015,7,2,20,30,26.5,0,88.3,3,24.400000000000002
2015,7,2,21,30,25.900000000000002,0,92.53,3.1,24.6
2015,7,2,22,30,25.400000000000002,0,95.31,3.2,24.6
2015,7,2,23,30,25,0,97.05,3.2,24.5
2015,7,3,0,30,24.6,0,98.49000000000001,3.1,24.3
2015,7,3,1,30,24.200000000000003,0,99.74000000000001,2.8000000000000003,24.200000000000003
2015,7,3,2,30,23.8,0,100,2.5,23.8
2015,7,3,3,30,23.5,0,100,2.2,23.5
2015,7,3,4,30,23.3,0,100,2,23.3
2015,7,3,5,30,23.900000000000002,0,97.98,2.3000000000000003,23.6
2015,7,3,6,30,25.3,127,91.59,2.9000000000000004,23.8
2015,7,3,7,30,26.8,174,84.97,3.4000000000000004,24.1
2015,7,3,8,30,28.3,400,76.44,3.7,23.8
2015,7,3,9,30,29.700000000000003,487,67.79,3.8000000000000003,23.1
2015,7,3,10,30,30.8,642,61.29,3.7,22.5
2015,7,3,11,30,31.900000000000002,758,55.9,3.5,22
2015,7,3,12,30,32.6,794,52.56,3.3000000000000003,21.6
2015,7,3,13,30,33,637,50.79,3.2,21.5
2015,7,3,14,30,33.1,657,50.4,3.2,21.400000000000002
2015,7,3,15,30,32.6,667,52,3.3000000000000003,21.5
2015,7,3,16,30,31.700000000000003,520,55.95,3.1,21.8
2015,7,3,17,30,30.200000000000003,337,64.86,2.6,22.900000000000002
2015,7,3,18,30,28.3,121,77.84,2.2,24.1
2015,7,3,19,30,26.900000000000002,0,84.23,2.1,24
2015,7,3,20,30,26.400000000000002,0,86.13,2.4000000000000004,23.900000000000002
2015,7,3,21,30,26,0,88.56,2.5,24
2015,7,3,22,30,25.6,0,90.96000000000001,2.7,24
2015,7,3,23,30,25.200000000000003,0,93.32000000000001,2.9000000000000004,24
2015,7,4,0,30,24.8,0,95.66,3,24.1
2015,7,4,1,30,24.5,0,97.24000000000001,2.8000000000000003,24
2015,7,4,2,30,24.200000000000003,0,98.49000000000001,2.6,23.900000000000002
2015,7,4,3,30,23.900000000000002,0,99.69,2.2,23.8
2015,7,4,4,30,23.6,0,100,1.9000000000000001,23.6
2015,7,4,5,30,24.1,0,97.16,2.3000000000000003,23.6
2015,7,4,6,30,25.3,116,91.91,2.9000000000000004,23.900000000000002
2015,7,4,7,30,26.700000000000003,308,85.36,3.3000000000000003,24
2015,7,4,8,30,28.200000000000003,505,75.53,3.6,23.5
2015,7,4,9,30,29.5,536,67.93,3.6,23
2015,7,4,10,30,30.700000000000003,634,63.11,3.4000000000000004,22.900000000000002
2015,7,4,11,30,31.400000000000002,696,61.230000000000004,3.3000000000000003,23
2015,7,4,12,30,31.700000000000003,808,60.75,3.4000000000000004,23.200000000000003
2015,7,4,13,30,31.900000000000002,957,60.57,3.6,23.3
2015,7,4,14,30,31.8,869,61.56,3.7,23.5
2015,7,4,15,30,31.5,710,62.940000000000005,3.7,23.6
2015,7,4,16,30,30.8,531,66.14,3.4000000000000004,23.700000000000003
2015,7,4,17,30,29.6,330,73.07000000000001,2.8000000000000003,24.3
2015,7,4,18,30,28.200000000000003,136,82.36,2.3000000000000003,24.900000000000002
2015,7,4,19,30,27.200000000000003,0,87.21000000000001,2.4000000000000004,24.900000000000002
2015,7,4,20,30,26.700000000000003,0,89.81,2.7,24.900000000000002
2015,7,4,21,30,26.200000000000003,0,93.16,2.8000000000000003,25
2015,7,4,22,30,25.700000000000003,0,96.11,2.8000000000000003,25
2015,7,4,23,30,25.200000000000003,0,98.61,2.6,25
2015,7,5,0,30,24.900000000000002,0,99.59,2.5,24.8
2015,7,5,1,30,24.6,0,100,2.4000000000000004,24.6
2015,7,5,2,30,24.3,0,100,2.2,24.3
2015,7,5,3,30,24,0,100,2.1,24
2015,7,5,4,30,23.8,0,100,2,23.8
2015,7,5,5,30,24.200000000000003,0,98.81,2.4000000000000004,24
2015,7,5,6,30,25.400000000000002,67,92.62,3.1,24.1
2015,7,5,7,30,26.700000000000003,300,85.65,3.6,24.1
2015,7,5,8,30,28.1,497,74.06,3.9000000000000004,23
2015,7,5,9,30,29.5,676,63.06,4.1000000000000005,21.700000000000003
2015,7,5,10,30,30.700000000000003,820,56.31,4.3,21
2015,7,5,11,30,31.700000000000003,912,53.52,4.5,21.1
2015,7,5,12,30,32.300000000000004,957,53.18,4.7,21.6
2015,7,5,13,30,32.5,929,54.35,4.800000000000001,22.1
2015,7,5,14,30,32.300000000000004,842,56.69,4.800000000000001,22.6
2015,7,5,15,30,31.8,705,59.81,4.6000000000000005,23
2015,7,5,16,30,31.1,527,63.660000000000004,4.2,23.400000000000002
2015,7,5,17,30,30.1,330,69.38,3.5,23.900000000000002
2015,7,5,18,30,28.700000000000003,137,78.14,2.9000000000000004,24.5
2015,7,5,19,30,27.6,0,84.51,2.8000000000000003,24.8
2015,7,5,20,30,27,0,88.02,3.1,24.8
2015,7,5,21,30,26.400000000000002,0,91.60000000000001,3.3000000000000003,24.900000000000002
2015,7,5,22,30,25.900000000000002,0,94.10000000000001,3.6,24.900000000000002
2015,7,5,23,30,25.400000000000002,0,96.31,3.7,24.8
2015,7,6,0,30,25.1,0,97.52,3.8000000000000003,24.700000000000003
2015,7,6,1,30,25,0,97.56,4,24.6
2015,7,6,2,30,25,0,96.91,4.2,24.5
2015,7,6,3,30,24.900000000000002,0,96.78,4.2,24.400000000000002
2015,7,6,4,30,24.8,0,96.65,4.1000000000000005,24.200000000000003
2015,7,6,5,30,25,0,94.88,4.2,24.1
2015,7,6,6,30,25.900000000000002,112,90.3,4.6000000000000005,24.200000000000003
2015,7,6,7,30,27.200000000000003,300,82,5.1000000000000005,23.900000000000002
2015,7,6,8,30,28.400000000000002,497,73.77,5.4,23.3
2015,7,6,9,30,29.6,679,66.97,5.5,22.8
2015,7,6,10,30,30.700000000000003,821,61.57,5.6000000000000005,22.5
2015,7,6,11,30,31.5,912,58.19,5.800000000000001,22.3
2015,7,6,12,30,32.1,912,56.120000000000005,5.9,22.3
2015,7,6,13,30,32.300000000000004,811,55.63,6,22.3
2015,7,6,14,30,32.1,778,56.550000000000004,5.9,22.400000000000002
2015,7,6,15,30,31.6,590,58.34,5.7,22.400000000000002
2015,7,6,16,30,31,438,60.56,5.2,22.5
2015,7,6,17,30,29.8,315,65.31,4.5,22.6
2015,7,6,18,30,28.5,127,71.45,3.8000000000000003,22.8
2015,7,6,19,30,27.400000000000002,0,76.48,3.6,22.900000000000002
2015,7,6,20,30,26.6,0,81.05,3.5,23.1
2015,7,6,21,30,25.900000000000002,0,85.79,3.6,23.3
2015,7,6,22,30,25.400000000000002,0,89.57000000000001,3.9000000000000004,23.6
2015,7,6,23,30,25,0,93.01,3.8000000000000003,23.8
2015,7,7,0,30,24.900000000000002,0,95.01,3.4000000000000004,24
2015,7,7,1,30,24.900000000000002,0,96.16,3.2,24.200000000000003
2015,7,7,2,30,25,0,96.39,3.5,24.400000000000002
2015,7,7,3,30,25,0,96.82000000000001,3.9000000000000004,24.5
2015,7,7,4,30,25,0,96.83,3.8000000000000003,24.5
2015,7,7,5,30,25.200000000000003,0,95.62,3.6,24.400000000000002
2015,7,7,6,30,25.900000000000002,22,92.61,3.9000000000000004,24.6
2015,7,7,7,30,27,218,87.99,4.6000000000000005,24.8
2015,7,7,8,30,28.200000000000003,369,81.23,5.2,24.700000000000003
2015,7,7,9,30,29.200000000000003,549,75.24,5.5,24.400000000000002
2015,7,7,10,30,30.1,711,70.31,5.5,24.1
2015,7,7,11,30,30.6,728,67.07000000000001,5.5,23.8
2015,7,7,12,30,30.900000000000002,737,64.59,5.5,23.5
2015,7,7,13,30,30.900000000000002,713,63.67,5.4,23.200000000000003
2015,7,7,14,30,30.6,644,64.52,5.2,23.1
2015,7,7,15,30,30.200000000000003,609,66.52,4.800000000000001,23.3
2015,7,7,16,30,29.5,347,71.06,4.3,23.700000000000003
2015,7,7,17,30,28.6,167,77.25,3.6,24.200000000000003
2015,7,7,18,30,27.6,120,83.86,3.2,24.6
2015,7,7,19,30,26.8,0,88.03,3.3000000000000003,24.700000000000003
2015,7,7,20,30,26.400000000000002,0,89.7,3.7,24.6
2015,7,7,21,30,25.900000000000002,0,92.21000000000001,3.9000000000000004,24.5
2015,7,7,22,30,25.400000000000002,0,94.76,3.9000000000000004,24.5
2015,7,7,23,30,25,0,96.88,3.7,24.5
2015,7,8,0,30,24.700000000000003,0,98.34,3.5,24.400000000000002
2015,7,8,1,30,24.6,0,98.51,3.6,24.3
2015,7,8,2,30,24.5,0,98.56,3.6,24.3
2015,7,8,3,30,24.400000000000002,0,98.74000000000001,3.6,24.200000000000003
2015,7,8,4,30,24.400000000000002,0,98.46000000000001,3.6,24.1
2015,7,8,5,30,24.6,0,97.11,3.9000000000000004,24.1
2015,7,8,6,30,25.400000000000002,53,93.73,4.4,24.3
2015,7,8,7,30,26.400000000000002,137,88.66,5.1000000000000005,24.400000000000002
2015,7,8,8,30,27.6,275,77.24,5.6000000000000005,23.3
2015,7,8,9,30,28.8,520,66.2,5.7,21.900000000000002
2015,7,8,10,30,30,781,59.38,5.800000000000001,21.200000000000003
2015,7,8,11,30,31,806,55.370000000000005,5.800000000000001,21
2015,7,8,12,30,31.700000000000003,875,53.22,5.7,21
2015,7,8,13,30,32.2,778,52.2,5.4,21.200000000000003
2015,7,8,14,30,32.300000000000004,635,52.47,5.1000000000000005,21.3
2015,7,8,15,30,32,649,53.69,4.9,21.400000000000002
2015,7,8,16,30,31.200000000000003,457,56.800000000000004,4.5,21.6
2015,7,8,17,30,29.900000000000002,326,63.5,3.9000000000000004,22.200000000000003
2015,7,8,18,30,28.200000000000003,47,73.01,3.5,22.900000000000002
2015,7,8,19,30,26.8,0,79.63,3.4000000000000004,23
2015,7,8,20,30,26,0,84.45,3.5,23.200000000000003
2015,7,8,21,30,25.3,0,88.58,3.5,23.3
2015,7,8,22,30,24.700000000000003,0,91.59,3.4000000000000004,23.200000000000003
2015,7,8,23,30,24.200000000000003,0,93.82000000000001,3.3000000000000003,23.1
2015,7,9,0,30,23.700000000000003,0,96.72,3.2,23.1
2015,7,9,1,30,23.5,0,98.29,3.2,23.200000000000003
2015,7,9,2,30,23.400000000000002,0,98.96000000000001,3.2,23.200000000000003
2015,7,9,3,30,23.200000000000003,0,100,3,23.200000000000003
2015,7,9,4,30,23.1,0,100,2.8000000000000003,23.1
2015,7,9,5,30,23.6,0,97.11,3.1,23.1
2015,7,9,6,30,24.900000000000002,91,92.15,3.7,23.5
2015,7,9,7,30,26.700000000000003,243,84.12,4.3,23.8
2015,7,9,8,30,28.400000000000002,451,72.12,4.7,22.900000000000002
2015,7,9,9,30,29.8,705,62.13,4.7,21.8
2015,7,9,10,30,31.1,804,55.28,4.7,21.1
2015,7,9,11,30,32.1,963,51.25,4.6000000000000005,20.8
2015,7,9,12,30,32.9,749,48.65,4.7,20.700000000000003
2015,7,9,13,30,33.300000000000004,811,47.54,4.7,20.700000000000003
2015,7,9,14,30,33.2,848,48.01,4.800000000000001,20.700000000000003
2015,7,9,15,30,32.800000000000004,728,49.72,4.7,20.900000000000002
2015,7,9,16,30,31.8,547,53.36,4.3,21.200000000000003
2015,7,9,17,30,30.400000000000002,343,59.82,3.5,21.700000000000003
2015,7,9,18,30,28.3,143,71.71000000000001,2.7,22.700000000000003
2015,7,9,19,30,26.8,0,79.03,2.4000000000000004,22.900000000000002
2015,7,9,20,30,26.1,0,82.82000000000001,2.7,22.900000000000002
2015,7,9,21,30,25.6,0,86.4,2.8000000000000003,23.200000000000003
2015,7,9,22,30,24.900000000000002,0,91.11,2.7,23.3
2015,7,9,23,30,24.200000000000003,0,95.07000000000001,2.5,23.400000000000002
2015,7,10,0,30,23.400000000000002,0,98.84,2.2,23.200000000000003
2015,7,10,1,30,22.5,0,100,1.9000000000000001,22.5
2015,7,10,2,30,21.8,0,100,1.7000000000000002,21.8
2015,7,10,3,30,21.3,0,100,1.5,21.3
2015,7,10,4,30,20.900000000000002,0,100,1.4000000000000001,20.900000000000002
2015,7,10,5,30,21.900000000000002,0,100,1.9000000000000001,21.900000000000002
2015,7,10,6,30,24.1,125,89.21000000000001,2.8000000000000003,22.200000000000003
2015,7,10,7,30,26.200000000000003,328,81.05,3.3000000000000003,22.700000000000003
2015,7,10,8,30,28.200000000000003,542,70.35000000000001,3.5,22.3
2015,7,10,9,30,29.900000000000002,732,60.53,3.5,21.400000000000002
2015,7,10,10,30,31.3,880,53.51,3.6,20.700000000000003
2015,7,10,11,30,32.300000000000004,975,49.51,3.7,20.400000000000002
2015,7,10,12,30,33,1007,47.26,3.8000000000000003,20.3
2015,7,10,13,30,33.300000000000004,977,46.53,3.9000000000000004,20.3
2015,7,10,14,30,33.2,887,47.15,3.9000000000000004,20.400000000000002
2015,7,10,15,30,32.800000000000004,746,48.28,3.9000000000000004,20.400000000000002
2015,7,10,16,30,32,563,50.27,3.6,20.400000000000002
2015,7,10,17,30,30.5,357,56.24,2.8000000000000003,20.8
2015,7,10,18,30,28.1,152,70.74,2,22.3
2015,7,10,19,30,26.3,0,78.22,1.7000000000000002,22.200000000000003
2015,7,10,20,30,25.5,0,80.33,1.7000000000000002,21.900000000000002
2015,7,10,21,30,24.900000000000002,0,83.09,1.7000000000000002,21.8
2015,7,10,22,30,24.400000000000002,0,85.91,1.8,21.900000000000002
2015,7,10,23,30,24,0,88.52,1.9000000000000001,22
2015,7,11,0,30,23.6,0,91.51,2,22.1
2015,7,11,1,30,23.3,0,94.15,2.1,22.3
2015,7,11,2,30,22.900000000000002,0,97.35000000000001,2,22.5
2015,7,11,3,30,22.400000000000002,0,100,1.8,22.400000000000002
2015,7,11,4,30,21.900000000000002,0,100,1.5,21.900000000000002
2015,7,11,5,30,22.700000000000003,0,98.71000000000001,1.9000000000000001,22.5
2015,7,11,6,30,24.700000000000003,126,88.9,2.6,22.700000000000003
2015,7,11,7,30,26.700000000000003,331,78.55,2.9000000000000004,22.700000000000003
2015,7,11,8,30,28.6,542,65.7,3,21.6
2015,7,11,9,30,30.3,731,55.65,3,20.400000000000002
2015,7,11,10,30,31.8,877,49.480000000000004,3,19.900000000000002
2015,7,11,11,30,32.9,971,46.21,3,19.8
2015,7,11,12,30,33.6,998,44.69,3.1,19.900000000000002
2015,7,11,13,30,33.9,969,44.35,3.2,20.1
2015,7,11,14,30,34,878,44.63,3.3000000000000003,20.3
2015,7,11,15,30,33.6,729,46.03,3.4000000000000004,20.400000000000002
2015,7,11,16,30,32.800000000000004,547,48.65,3.2,20.6
2015,7,11,17,30,31.200000000000003,342,55.58,2.6,21.3
2015,7,11,18,30,28.900000000000002,142,70.21000000000001,1.9000000000000001,22.900000000000002
2015,7,11,19,30,27.200000000000003,0,78.09,1.7000000000000002,23
2015,7,11,20,30,26.5,0,79.65,1.9000000000000001,22.700000000000003
2015,7,11,21,30,25.900000000000002,0,81.95,2,22.6
2015,7,11,22,30,25.400000000000002,0,83.95,2.2,22.5
2015,7,11,23,30,25,0,85.55,2.4000000000000004,22.400000000000002
2015,7,12,0,30,24.5,0,88.25,2.5,22.400000000000002
2015,7,12,1,30,24.1,0,91,2.5,22.5
2015,7,12,2,30,23.700000000000003,0,94.08,2.3000000000000003,22.700000000000003
2015,7,12,3,30,23.3,0,97.28,1.9000000000000001,22.8
2015,7,12,4,30,23,0,99.60000000000001,1.6,22.900000000000002
2015,7,12,5,30,23.700000000000003,0,95.63,2,23
2015,7,12,6,30,25.5,122,87.64,2.8000000000000003,23.3
2015,7,12,7,30,27.6,324,77.08,3.1,23.200000000000003
2015,7,12,8,30,29.700000000000003,533,65.31,3,22.5
2015,7,12,9,30,31.5,719,56.800000000000004,3,21.900000000000002
2015,7,12,10,30,33,866,51.34,3.1,21.6
2015,7,12,11,30,34.1,960,48.03,3.1,21.5
2015,7,12,12,30,34.9,998,46.050000000000004,3.2,21.6
2015,7,12,13,30,35.4,969,45.14,3.2,21.700000000000003
2015,7,12,14,30,35.5,880,45.17,3.4000000000000004,21.8
2015,7,12,15,30,35.1,738,46.15,3.5,21.8
2015,7,12,16,30,34.2,557,48.32,3.5,21.700000000000003
2015,7,12,17,30,32.5,352,54.56,3.1,22.200000000000003
2015,7,12,18,30,30.1,149,66.29,2.8000000000000003,23.1
2015,7,12,19,30,28.3,0,72.68,2.7,22.900000000000002
2015,7,12,20,30,27.400000000000002,0,75.01,2.8000000000000003,22.6
2015,7,12,21,30,26.700000000000003,0,78.18,2.8000000000000003,22.6
2015,7,12,22,30,26,0,82.02,2.8000000000000003,22.700000000000003
2015,7,12,23,30,25.400000000000002,0,85.46000000000001,2.8000000000000003,22.8
2015,7,13,0,30,24.900000000000002,0,88.47,2.9000000000000004,22.900000000000002
2015,7,13,1,30,24.5,0,91.34,2.9000000000000004,23
2015,7,13,2,30,24.1,0,94.49,2.8000000000000003,23.200000000000003
2015,7,13,3,30,23.8,0,96.99000000000001,2.6,23.3
2015,7,13,4,30,23.6,0,98.62,2.4000000000000004,23.400000000000002
2015,7,13,5,30,24.3,0,94.92,2.8000000000000003,23.400000000000002
2015,7,13,6,30,26,118,87.26,3.6,23.700000000000003
2015,7,13,7,30,28.200000000000003,316,77.08,3.9000000000000004,23.8
2015,7,13,8,30,30.400000000000002,524,66.16,3.7,23.400000000000002
2015,7,13,9,30,32.4,712,57.4,3.3000000000000003,22.900000000000002
2015,7,13,10,30,34.1,858,51.25,3,22.6
2015,7,13,11,30,35.4,953,47.09,2.9000000000000004,22.400000000000002
2015,7,13,12,30,36.1,989,44.86,3,22.200000000000003
2015,7,13,13,30,36.5,962,43.47,3.1,22.1
2015,7,13,14,30,36.5,875,43.09,3.3000000000000003,21.900000000000002
2015,7,13,15,30,36,729,43.86,3.4000000000000004,21.8
2015,7,13,16,30,35,549,46.13,3.4000000000000004,21.700000000000003
2015,7,13,17,30,33.2,346,52.09,3.2,22.1
2015,7,13,18,30,30.700000000000003,145,63.81,2.9000000000000004,23.1
2015,7,13,19,30,28.8,0,70.87,2.9000000000000004,23
2015,7,13,20,30,27.700000000000003,0,74.29,3,22.700000000000003
2015,7,13,21,30,26.900000000000002,0,77.64,3,22.700000000000003
2015,7,13,22,30,26.200000000000003,0,80.73,3.1,22.6
2015,7,13,23,30,25.5,0,83.79,3.2,22.6
2015,7,14,0,30,24.900000000000002,0,86.66,3.1,22.5
2015,7,14,1,30,24.400000000000002,0,89.66,3,22.6
2015,7,14,2,30,23.900000000000002,0,92.96000000000001,2.9000000000000004,22.700000000000003
2015,7,14,3,30,23.5,0,95.87,2.7,22.8
2015,7,14,4,30,23.200000000000003,0,97.92,2.4000000000000004,22.900000000000002
2015,7,14,5,30,23.700000000000003,0,95.19,2.8000000000000003,22.900000000000002
2015,7,14,6,30,25.400000000000002,115,87.36,3.5,23.1
2015,7,14,7,30,27.700000000000003,314,76.47,3.7,23.200000000000003
2015,7,14,8,30,30,522,64.74,3.5,22.6
2015,7,14,9,30,32.2,710,54.04,3.2,21.700000000000003
2015,7,14,10,30,34,859,46.95,2.9000000000000004,21.1
2015,7,14,11,30,35.300000000000004,954,42.910000000000004,2.8000000000000003,20.8
2015,7,14,12,30,36.1,997,40.82,2.9000000000000004,20.700000000000003
2015,7,14,13,30,36.5,971,39.77,3.1,20.6
2015,7,14,14,30,36.4,885,39.62,3.3000000000000003,20.5
2015,7,14,15,30,35.9,742,40.12,3.5,20.200000000000003
2015,7,14,16,30,34.800000000000004,562,41.92,3.6,20
2015,7,14,17,30,32.9,355,47.15,3.3000000000000003,20.200000000000003
2015,7,14,18,30,30.200000000000003,150,58.620000000000005,2.7,21.200000000000003
2015,7,14,19,30,28,0,67.67,2.5,21.5
2015,7,14,20,30,26.900000000000002,0,72.43,2.5,21.5
2015,7,14,21,30,26.1,0,77.45,2.5,21.8
2015,7,14,22,30,25.5,0,81.68,2.7,22.1
2015,7,14,23,30,24.900000000000002,0,85.56,2.9000000000000004,22.3
2015,7,15,0,30,24.400000000000002,0,89.04,2.9000000000000004,22.5
2015,7,15,1,30,23.900000000000002,0,92.95,2.7,22.700000000000003
2015,7,15,2,30,23.400000000000002,0,96.95,2.4000000000000004,22.900000000000002
2015,7,15,3,30,22.900000000000002,0,100,2.1,22.900000000000002
2015,7,15,4,30,22.6,0,100,1.9000000000000001,22.6
2015,7,15,5,30,23.5,0,97.79,2.4000000000000004,23.1
2015,7,15,6,30,25.6,123,87.48,3.3000000000000003,23.400000000000002
2015,7,15,7,30,27.700000000000003,329,76.84,3.5,23.3
2015,7,15,8,30,29.8,542,65.53,3.3000000000000003,22.6
2015,7,15,9,30,31.6,734,57.32,3.1,22.1
2015,7,15,10,30,33.2,886,50.24,3.1,21.5
2015,7,15,11,30,34.5,985,44.5,3.2,20.700000000000003
2015,7,15,12,30,35.4,1022,40.300000000000004,3.3000000000000003,19.900000000000002
2015,7,15,13,30,35.9,995,37.52,3.4000000000000004,19.200000000000003
2015,7,15,14,30,35.9,905,36.38,3.5,18.7
2015,7,15,15,30,35.5,762,36.22,3.7,18.2
2015,7,15,16,30,34.5,577,37.980000000000004,3.6,18.1
2015,7,15,17,30,32.6,367,43.62,3.2,18.6
2015,7,15,18,30,29.8,157,56.52,2.4000000000000004,20.200000000000003
2015,7,15,19,30,27.700000000000003,0,66.46000000000001,2.2,20.900000000000002
2015,7,15,20,30,26.8,0,70.9,2.3000000000000003,21.1
2015,7,15,21,30,26.1,0,75.75,2.4000000000000004,21.5
2015,7,15,22,30,25.6,0,79.74,2.5,21.8
2015,7,15,23,30,25.1,0,83.59,2.8000000000000003,22.1
2015,7,16,0,30,24.6,0,87.67,2.9000000000000004,22.400000000000002
2015,7,16,1,30,24.1,0,91.79,2.8000000000000003,22.700000000000003
2015,7,16,2,30,23.6,0,95.48,2.5,22.8
2015,7,16,3,30,23,0,99.35000000000001,2.2,22.900000000000002
2015,7,16,4,30,22.5,0,100,1.9000000000000001,22.5
2015,7,16,5,30,23.200000000000003,0,97.47,2.4000000000000004,22.8
2015,7,16,6,30,25.1,126,87.69,3.4000000000000004,22.900000000000002
2015,7,16,7,30,27.3,336,74.42,3.8000000000000003,22.400000000000002
2015,7,16,8,30,29.6,550,59.81,3.8000000000000003,21
2015,7,16,9,30,31.6,740,49.09,3.7,19.6
2015,7,16,10,30,33.4,892,42.36,3.7,18.900000000000002
2015,7,16,11,30,34.9,988,38.22,3.8000000000000003,18.6
2015,7,16,12,30,35.800000000000004,1021,36.03,4,18.400000000000002
2015,7,16,13,30,36.4,992,34.68,4.2,18.3
2015,7,16,14,30,36.300000000000004,901,34.95,4.4,18.400000000000002
2015,7,16,15,30,35.800000000000004,757,36.33,4.4,18.6
2015,7,16,16,30,34.6,571,39.68,4.4,18.900000000000002
2015,7,16,17,30,32.800000000000004,361,45.94,4,19.6
2015,7,16,18,30,30.400000000000002,152,57,3.2,20.900000000000002
2015,7,16,19,30,28.5,0,67.94,2.9000000000000004,22
2015,7,16,20,30,27.5,0,74.81,2.9000000000000004,22.6
2015,7,16,21,30,26.8,0,80,2.9000000000000004,23.1
2015,7,16,22,30,26.3,0,83.52,3.1,23.3
2015,7,16,23,30,25.8,0,86.44,3.3000000000000003,23.400000000000002
2015,7,17,0,30,25.3,0,89.14,3.3000000000000003,23.400000000000002
2015,7,17,1,30,24.8,0,91.92,3.1,23.400000000000002
2015,7,17,2,30,24.3,0,94.78,2.8000000000000003,23.400000000000002
2015,7,17,3,30,23.8,0,97.95,2.3000000000000003,23.5
2015,7,17,4,30,23.3,0,100,2,23.3
2015,7,17,5,30,24,0,97.27,2.4000000000000004,23.5
2015,7,17,6,30,26,122,87.35000000000001,3.4000000000000004,23.700000000000003
2015,7,17,7,30,28.1,329,74.69,4,23.200000000000003
2015,7,17,8,30,30.3,541,61.07,4.1000000000000005,22
2015,7,17,9,30,32.300000000000004,730,51.49,4,21
2015,7,17,10,30,34,879,45.83,3.9000000000000004,20.700000000000003
2015,7,17,11,30,35.4,975,42.26,3.9000000000000004,20.6
2015,7,17,12,30,36.4,1007,40.12,4,20.700000000000003
2015,7,17,13,30,36.9,979,39.47,4.1000000000000005,20.900000000000002
2015,7,17,14,30,36.9,890,40.01,4.3,21.1
2015,7,17,15,30,36.4,747,41.51,4.3,21.200000000000003
2015,7,17,16,30,35.4,563,44.22,4.3,21.400000000000002
2015,7,17,17,30,33.800000000000004,355,49.17,4,21.700000000000003
2015,7,17,18,30,31.6,148,57.7,3.4000000000000004,22.200000000000003
2015,7,17,19,30,29.700000000000003,0,66.48,3.1,22.8
2015,7,17,20,30,28.700000000000003,0,71.52,3.3000000000000003,23
2015,7,17,21,30,28.1,0,75.51,3.4000000000000004,23.400000000000002
2015,7,17,22,30,27.5,0,79.45,3.4000000000000004,23.6
2015,7,17,23,30,26.900000000000002,0,82.99,3.3000000000000003,23.8
2015,7,18,0,30,26.3,0,86.68,3.1,23.900000000000002
2015,7,18,1,30,25.700000000000003,0,90.48,3,24
2015,7,18,2,30,25.1,0,94.61,2.9000000000000004,24.200000000000003
2015,7,18,3,30,24.6,0,98.2,2.7,24.3
2015,7,18,4,30,24.3,0,99.95,2.6,24.3
2015,7,18,5,30,24.900000000000002,0,96,3.1,24.200000000000003
2015,7,18,6,30,26.6,117,87.03,4.1000000000000005,24.3
2015,7,18,7,30,28.8,320,74.73,4.6000000000000005,23.900000000000002
2015,7,18,8,30,30.900000000000002,530,63.49,4.7,23.200000000000003
2015,7,18,9,30,32.800000000000004,719,54.96,4.6000000000000005,22.6
2015,7,18,10,30,34.5,866,48.68,4.4,22.1
2015,7,18,11,30,35.800000000000004,960,44.36,4.3,21.8
2015,7,18,12,30,36.6,990,41.69,4.3,21.5
2015,7,18,13,30,37,962,40.32,4.3,21.3
2015,7,18,14,30,36.9,873,40.31,4.4,21.200000000000003
2015,7,18,15,30,36.300000000000004,730,41.53,4.4,21.200000000000003
2015,7,18,16,30,35.2,548,44.36,4.4,21.200000000000003
2015,7,18,17,30,33.6,344,49.27,4,21.5
2015,7,18,18,30,31.400000000000002,142,57.77,3.2,22.1
2015,7,18,19,30,29.5,0,67.05,2.8000000000000003,22.700000000000003
2015,7,18,20,30,28.400000000000002,0,72.96000000000001,2.8000000000000003,23.1
2015,7,18,21,30,27.6,0,77.12,2.8000000000000003,23.200000000000003
2015,7,18,22,30,27,0,79.39,3,23.1
2015,7,18,23,30,26.3,0,81.47,3.1,22.900000000000002
2015,7,19,0,30,25.6,0,83.79,3,22.700000000000003
2015,7,19,1,30,24.900000000000002,0,86.86,2.8000000000000003,22.6
2015,7,19,2,30,24.200000000000003,0,90.83,2.4000000000000004,22.6
2015,7,19,3,30,23.400000000000002,0,95.98,2,22.700000000000003
2015,7,19,4,30,22.8,0,100,1.7000000000000002,22.8
2015,7,19,5,30,23.5,0,96.81,2,23
2015,7,19,6,30,25.700000000000003,116,86.32000000000001,2.9000000000000004,23.200000000000003
2015,7,19,7,30,28.1,318,74,3.3000000000000003,23
2015,7,19,8,30,30.6,529,60.59,3.4000000000000004,22.1
2015,7,19,9,30,33,719,49.22,3.3000000000000003,20.900000000000002
2015,7,19,10,30,34.9,868,41.660000000000004,3.2,20
2015,7,19,11,30,36.4,964,36.85,3.2,19.3
2015,7,19,12,30,37.300000000000004,999,34.230000000000004,3.4000000000000004,18.900000000000002
2015,7,19,13,30,37.800000000000004,971,32.8,3.7,18.7
2015,7,19,14,30,37.7,883,32.82,4,18.6
2015,7,19,15,30,37,741,34.34,4.1000000000000005,18.7
2015,7,19,16,30,35.9,558,37.15,4,19
2015,7,19,17,30,34,351,42.75,3.5,19.6
2015,7,19,18,30,31.400000000000002,146,53.13,2.7,20.700000000000003
2015,7,19,19,30,29.3,0,64.18,2.4000000000000004,21.8
2015,7,19,20,30,28.3,0,69.37,2.5,22.200000000000003
2015,7,19,21,30,27.5,0,74.31,2.4000000000000004,22.5
2015,7,19,22,30,26.8,0,78.43,2.4000000000000004,22.700000000000003
2015,7,19,23,30,26.3,0,81.09,2.4000000000000004,22.8
2015,7,20,0,30,25.900000000000002,0,83.09,2.5,22.8
2015,7,20,1,30,25.5,0,85.4,2.5,22.900000000000002
2015,7,20,2,30,25.1,0,88.09,2.5,23
2015,7,20,3,30,24.6,0,91.56,2.4000000000000004,23.1
2015,7,20,4,30,24.200000000000003,0,94.58,2.2,23.3
2015,7,20,5,30,24.700000000000003,0,92.57000000000001,2.6,23.400000000000002
2015,7,20,6,30,26.5,111,84.24,3.3000000000000003,23.6
2015,7,20,7,30,29.1,313,70.48,3.6,23.200000000000003
2015,7,20,8,30,31.6,524,55.34,3.5,21.6
2015,7,20,9,30,33.800000000000004,713,43.79,3.3000000000000003,19.8
2015,7,20,10,30,35.5,863,37.44,3.2,18.8
2015,7,20,11,30,36.800000000000004,961,33.46,3.2,18.1
2015,7,20,12,30,37.7,998,30.53,3.2,17.400000000000002
2015,7,20,13,30,38.2,972,28.39,3.4000000000000004,16.7
2015,7,20,14,30,38.2,884,27.240000000000002,3.5,16.1
2015,7,20,15,30,37.7,743,27.29,3.7,15.700000000000001
2015,7,20,16,30,36.6,560,28.7,3.7,15.5
2015,7,20,17,30,34.5,353,33.07,3.2,15.9
2015,7,20,18,30,31.400000000000002,146,44.550000000000004,2.5,17.900000000000002
2015,7,20,19,30,29,0,55.36,2.5,19.200000000000003
2015,7,20,20,30,27.900000000000002,0,60.32,2.7,19.5
2015,7,20,21,30,27.1,0,65.77,2.8000000000000003,20.1
2015,7,20,22,30,26.5,0,70.17,2.9000000000000004,20.6
2015,7,20,23,30,25.900000000000002,0,74.03,3.2,20.900000000000002
2015,7,21,0,30,25.400000000000002,0,77.88,3.4000000000000004,21.3
2015,7,21,1,30,24.900000000000002,0,82.98,3,21.8
2015,7,21,2,30,24.5,0,87.97,2.5,22.400000000000002
2015,7,21,3,30,24.3,0,91.49,2.2,22.8
2015,7,21,4,30,24.1,0,94.84,2,23.200000000000003
2015,7,21,5,30,24.6,0,93.55,2.5,23.5
2015,7,21,6,30,26.400000000000002,108,85.64,3.4000000000000004,23.8
2015,7,21,7,30,28.900000000000002,308,73.17,3.8000000000000003,23.6
2015,7,21,8,30,31.400000000000002,518,58.84,3.8000000000000003,22.400000000000002
2015,7,21,9,30,33.6,706,48.1,3.5,21.1
2015,7,21,10,30,35.300000000000004,856,42.1,3.1,20.5
2015,7,21,11,30,36.6,954,38.17,2.9000000000000004,20.1
2015,7,21,12,30,37.5,991,35.230000000000004,3,19.6
2015,7,21,13,30,37.9,915,33.33,3.2,19
2015,7,21,14,30,37.800000000000004,781,32.67,3.5,18.6
2015,7,21,15,30,37.2,543,33.26,3.7,18.400000000000002
2015,7,21,16,30,36.1,455,35.050000000000004,3.8000000000000003,18.2
2015,7,21,17,30,34.300000000000004,288,39.34,3.5,18.5
2015,7,21,18,30,31.700000000000003,132,48.84,2.8000000000000003,19.6
2015,7,21,19,30,29.700000000000003,0,59.31,2.7,20.900000000000002
2015,7,21,20,30,28.8,0,65.05,3,21.6
2015,7,21,21,30,28.1,0,71.4,3.1,22.400000000000002
2015,7,21,22,30,27.5,0,76.89,3.1,23.1
2015,7,21,23,30,27,0,80.87,3,23.400000000000002
2015,7,22,0,30,26.6,0,83.65,3,23.6
2015,7,22,1,30,26.200000000000003,0,85.94,3,23.700000000000003
2015,7,22,2,30,25.8,0,88.42,2.9000000000000004,23.700000000000003
2015,7,22,3,30,25.400000000000002,0,91.51,2.7,23.900000000000002
2015,7,22,4,30,25.1,0,94.41,2.6,24.1
2015,7,22,5,30,25.5,0,93.2,3,24.3
2015,7,22,6,30,26.700000000000003,104,87.17,3.7,24.400000000000002
2015,7,22,7,30,28.6,241,75.62,4.2,23.900000000000002
2015,7,22,8,30,30.6,512,63.870000000000005,4.3,23
2015,7,22,9,30,32.7,702,53.31,4.3,22
2015,7,22,10,30,34.6,853,45.52,4.1000000000000005,21.1
2015,7,22,11,30,36.1,949,40.410000000000004,4,20.5
2015,7,22,12,30,37.2,930,37.06,3.9000000000000004,20.1
2015,7,22,13,30,37.800000000000004,909,35.13,4,19.8
2015,7,22,14,30,37.800000000000004,870,34.53,4.1000000000000005,19.5
2015,7,22,15,30,37.300000000000004,726,35.07,4.2,19.3
2015,7,22,16,30,36.300000000000004,543,36.910000000000004,4.2,19.3
2015,7,22,17,30,34.6,337,41.24,3.9000000000000004,19.5
2015,7,22,18,30,32.300000000000004,135,49.68,3.4000000000000004,20.5
2015,7,22,19,30,30.5,0,58.13,3.4000000000000004,21.3
2015,7,22,20,30,29.400000000000002,0,64.43,3.6,22
2015,7,22,21,30,28.5,0,70.96000000000001,3.6,22.700000000000003
2015,7,22,22,30,27.8,0,76.03,3.5,23.200000000000003
2015,7,22,23,30,27.1,0,80.31,3.5,23.400000000000002
2015,7,23,0,30,26.5,0,84.03,3.3000000000000003,23.6
2015,7,23,1,30,26,0,87.43,3.1,23.700000000000003
2015,7,23,2,30,25.5,0,91.07000000000001,2.8000000000000003,23.900000000000002
2015,7,23,3,30,25,0,94.71000000000001,2.6,24.1
2015,7,23,4,30,24.6,0,97.52,2.4000000000000004,24.200000000000003
2015,7,23,5,30,25.1,0,94.75,2.9000000000000004,24.200000000000003
2015,7,23,6,30,26.6,100,86.14,4,24.1
2015,7,23,7,30,28.700000000000003,300,73.5,4.5,23.5
2015,7,23,8,30,31.200000000000003,513,60.69,4.7,22.700000000000003
2015,7,23,9,30,33.6,706,49.29,4.7,21.5
2015,7,23,10,30,35.6,855,41.51,4.6000000000000005,20.5
2015,7,23,11,30,37.1,952,36.78,4.6000000000000005,19.900000000000002
2015,7,23,12,30,38.2,987,33.980000000000004,4.6000000000000005,19.6
2015,7,23,13,30,38.7,960,32.64,4.800000000000001,19.400000000000002
2015,7,23,14,30,38.7,871,32.26,4.9,19.200000000000003
2015,7,23,15,30,38.300000000000004,728,32.31,4.800000000000001,18.900000000000002
2015,7,23,16,30,37.300000000000004,547,33.38,4.6000000000000005,18.5
2015,7,23,17,30,35.5,340,36.68,4,18.400000000000002
2015,7,23,18,30,32.800000000000004,137,44.49,3.2,19.1
2015,7,23,19,30,30.6,0,53.03,3.2,19.900000000000002
2015,7,23,20,30,29.5,0,56.79,3.6,20
2015,7,23,21,30,28.5,0,61.27,3.7,20.3
2015,7,23,22,30,27.400000000000002,0,66.34,3.6,20.6
2015,7,23,23,30,26.5,0,70.92,3.5,20.8
2015,7,24,0,30,25.700000000000003,0,75.56,3.4000000000000004,21.1
2015,7,24,1,30,24.900000000000002,0,81.07000000000001,3.1,21.400000000000002
2015,7,24,2,30,24.200000000000003,0,86.88,2.8000000000000003,21.900000000000002
2015,7,24,3,30,23.5,0,93.26,2.3000000000000003,22.3
2015,7,24,4,30,23.1,0,97.85000000000001,1.9000000000000001,22.700000000000003
2015,7,24,5,30,23.700000000000003,0,95.91,2.3000000000000003,23
2015,7,24,6,30,25.900000000000002,109,85.62,3.2,23.3
2015,7,24,7,30,28.6,316,71.24,3.7,22.900000000000002
2015,7,24,8,30,31.200000000000003,529,55.11,3.8000000000000003,21.1
2015,7,24,9,30,33.5,719,43.75,3.8000000000000003,19.5
2015,7,24,10,30,35.4,869,37.34,3.6,18.6
2015,7,24,11,30,36.800000000000004,965,33.69,3.5,18.2
2015,7,24,12,30,37.9,996,31.330000000000002,3.5,18
2015,7,24,13,30,38.400000000000006,968,30.35,3.6,18
2015,7,24,14,30,38.5,878,30.18,3.6,18
2015,7,24,15,30,38,736,31.11,3.7,18
2015,7,24,16,30,36.9,552,33.11,3.7,18
2015,7,24,17,30,35.1,344,37.26,3.3000000000000003,18.3
2015,7,24,18,30,32.2,138,47.06,2.5,19.5
2015,7,24,19,30,29.900000000000002,0,58.1,2.3000000000000003,20.8
2015,7,24,20,30,28.900000000000002,0,62.1,2.5,20.900000000000002
2015,7,24,21,30,27.900000000000002,0,67.25,2.4000000000000004,21.3
2015,7,24,22,30,27,0,72.32000000000001,2.3000000000000003,21.6
2015,7,24,23,30,26.3,0,76.5,2.2,21.8
2015,7,25,0,30,25.700000000000003,0,80.28,2.2,22
2015,7,25,1,30,25.3,0,83.3,2.4000000000000004,22.3
2015,7,25,2,30,24.900000000000002,0,86.79,2.4000000000000004,22.5
2015,7,25,3,30,24.6,0,90.34,2.3000000000000003,22.900000000000002
2015,7,25,4,30,24.200000000000003,0,94.44,2.1,23.3
2015,7,25,5,30,24.700000000000003,0,93.10000000000001,2.5,23.5
2015,7,25,6,30,26.6,104,84.37,3.1,23.700000000000003
2015,7,25,7,30,29.1,307,71.5,3.2,23.400000000000002
2015,7,25,8,30,31.700000000000003,522,57.01,2.9000000000000004,22.1
2015,7,25,9,30,34,715,44.730000000000004,2.7,20.3
2015,7,25,10,30,35.800000000000004,869,36.51,2.7,18.6
2015,7,25,11,30,37.2,969,30.91,2.8000000000000003,17.2
2015,7,25,12,30,38.2,1005,27.32,3,16.1
2015,7,25,13,30,38.7,977,25.400000000000002,3.1,15.4
2015,7,25,14,30,38.7,888,24.8,3.1,15
2015,7,25,15,30,38.2,742,25.03,3.2,14.8
2015,7,25,16,30,37.2,557,26.39,3.3000000000000003,14.700000000000001
2015,7,25,17,30,35.1,347,30.66,2.9000000000000004,15.3
2015,7,25,18,30,32,139,42.15,2.2,17.5
2015,7,25,19,30,29.6,0,54.28,2.1,19.400000000000002
2015,7,25,20,30,28.5,0,59.83,2.2,19.900000000000002
2015,7,25,21,30,27.700000000000003,0,65.3,2,20.6
2015,7,25,22,30,26.900000000000002,0,70.29,1.8,21
2015,7,25,23,30,26.200000000000003,0,74.56,1.7000000000000002,21.3
2015,7,26,0,30,25.6,0,78.33,1.7000000000000002,21.5
2015,7,26,1,30,25.1,0,82.12,1.7000000000000002,21.8
2015,7,26,2,30,24.700000000000003,0,85.96000000000001,1.7000000000000002,22.200000000000003
2015,7,26,3,30,24.400000000000002,0,90.08,1.6,22.700000000000003
2015,7,26,4,30,24,0,95.13,1.6,23.200000000000003
2015,7,26,5,30,24.700000000000003,0,93.47,2,23.6
2015,7,26,6,30,26.700000000000003,103,84.76,2.7,23.900000000000002
2015,7,26,7,30,29.400000000000002,303,70.76,2.7,23.5
2015,7,26,8,30,32,514,54.980000000000004,2.5,21.8
2015,7,26,9,30,34.1,704,46.19,2.2,20.900000000000002
2015,7,26,10,30,35.9,854,40.14,2.3000000000000003,20.3
2015,7,26,11,30,37.2,952,35.76,2.6,19.5
2015,7,26,12,30,38.2,937,32.35,2.9000000000000004,18.8
2015,7,26,13,30,38.7,892,30.07,3.2,18.1
2015,7,26,14,30,38.7,728,29.02,3.4000000000000004,17.5
2015,7,26,15,30,38.2,734,29.13,3.5,17.1
2015,7,26,16,30,37.1,551,30.62,3.4000000000000004,17
2015,7,26,17,30,35.2,342,34.21,2.9000000000000004,17.1
2015,7,26,18,30,32.2,120,44.51,2.1,18.6
2015,7,26,19,30,29.8,0,56.65,1.8,20.3
2015,7,26,20,30,28.700000000000003,0,60.870000000000005,1.9000000000000001,20.400000000000002
2015,7,26,21,30,27.900000000000002,0,64.97,1.8,20.700000000000003
2015,7,26,22,30,27.1,0,69.37,1.7000000000000002,21
2015,7,26,23,30,26.5,0,73.01,1.8,21.3
2015,7,27,0,30,26,0,76.57000000000001,1.9000000000000001,21.6
2015,7,27,1,30,25.400000000000002,0,81.43,1.8,22
2015,7,27,2,30,25,0,86.08,1.6,22.5
2015,7,27,3,30,24.6,0,91.04,1.4000000000000001,23
2015,7,27,4,30,24.3,0,95.49,1.2000000000000002,23.5
2015,7,27,5,30,24.900000000000002,0,94.28,1.6,23.900000000000002
2015,7,27,6,30,27,100,85.04,2.3000000000000003,24.3
2015,7,27,7,30,29.8,301,70.66,2.5,23.900000000000002
2015,7,27,8,30,32.5,514,53.46,2.6,21.8
2015,7,27,9,30,34.6,704,40.95,3.1,19.400000000000002
2015,7,27,10,30,36.1,853,34.25,3.5,17.900000000000002
2015,7,27,11,30,37.2,950,30.900000000000002,3.8000000000000003,17.2
2015,7,27,12,30,37.9,982,29.48,4,17.1
2015,7,27,13,30,38.2,953,29.23,4.1000000000000005,17.2
2015,7,27,14,30,38.2,865,29.77,4.1000000000000005,17.5
2015,7,27,15,30,37.7,718,31.05,4.1000000000000005,17.7
2015,7,27,16,30,36.7,536,32.980000000000004,4,17.8
2015,7,27,17,30,35,329,36.53,3.4000000000000004,17.900000000000002
2015,7,27,18,30,32.4,127,44.61,2.5,18.8
2015,7,27,19,30,30.3,0,54.78,2.2,20.200000000000003
2015,7,27,20,30,29.3,0,58.32,2.4000000000000004,20.3
2015,7,27,21,30,28.6,0,61.4,2.5,20.400000000000002
2015,7,27,22,30,27.900000000000002,0,64.89,2.7,20.700000000000003
2015,7,27,23,30,27.200000000000003,0,68.72,2.8000000000000003,21
2015,7,28,0,30,26.6,0,72.41,2.8000000000000003,21.200000000000003
2015,7,28,1,30,25.900000000000002,0,76.98,2.7,21.6
2015,7,28,2,30,25.400000000000002,0,80.87,2.6,21.900000000000002
2015,7,28,3,30,24.8,0,85.89,2.3000000000000003,22.3
2015,7,28,4,30,24.3,0,90.86,2,22.700000000000003
2015,7,28,5,30,24.6,0,91.44,2.4000000000000004,23.1
2015,7,28,6,30,26.3,96,84.43,3.2,23.5
2015,7,28,7,30,28.700000000000003,294,71.09,3.8000000000000003,22.900000000000002
2015,7,28,8,30,31.200000000000003,506,55.800000000000004,4.1000000000000005,21.3
2015,7,28,9,30,33.5,696,44.33,4.3,19.700000000000003
2015,7,28,10,30,35.300000000000004,847,37.69,4.2,18.7
2015,7,28,11,30,36.800000000000004,945,33.52,4.1000000000000005,18.1
2015,7,28,12,30,37.800000000000004,984,31.03,4.1000000000000005,17.8
2015,7,28,13,30,38.400000000000006,956,29.490000000000002,4,17.5
2015,7,28,14,30,38.5,867,28.92,4,17.3
2015,7,28,15,30,38.1,721,29.240000000000002,4,17.1
2015,7,28,16,30,37.2,536,30.79,4,17.1
2015,7,28,17,30,35.5,328,34.36,3.5,17.400000000000002
2015,7,28,18,30,32.800000000000004,126,42.44,2.8000000000000003,18.400000000000002
2015,7,28,19,30,30.700000000000003,0,51.33,2.6,19.5
2015,7,28,20,30,29.700000000000003,0,54.24,2.9000000000000004,19.5
2015,7,28,21,30,28.8,0,57.300000000000004,3,19.5
2015,7,28,22,30,27.900000000000002,0,61.370000000000005,3,19.8
2015,7,28,23,30,27.1,0,66.48,3,20.3
2015,7,29,0,30,26.5,0,72.11,2.9000000000000004,21.1
2015,7,29,1,30,25.8,0,78.84,2.6,21.8
2015,7,29,2,30,25.1,0,85.09,2.2,22.400000000000002
2015,7,29,3,30,24.400000000000002,0,91.23,1.8,22.900000000000002
2015,7,29,4,30,23.8,0,97.05,1.4000000000000001,23.3
2015,7,29,5,30,24.400000000000002,0,95.15,1.8,23.6
2015,7,29,6,30,26.3,92,86.17,2.5,23.8
2015,7,29,7,30,28.700000000000003,289,73.27,2.6,23.400000000000002
2015,7,29,8,30,31.5,499,58.95,2.4000000000000004,22.5
2015,7,29,9,30,34.1,687,45.57,1.9000000000000001,20.700000000000003
2015,7,29,10,30,36,837,37.25,1.5,19.1
2015,7,29,11,30,37.4,935,32.7,1.4000000000000001,18.3
2015,7,29,12,30,38.300000000000004,967,29.91,1.7000000000000002,17.6
2015,7,29,13,30,38.800000000000004,942,28.09,2,17.1
2015,7,29,14,30,38.900000000000006,854,26.97,2.3000000000000003,16.5
2015,7,29,15,30,38.5,710,26.650000000000002,2.5,16
2015,7,29,16,30,37.7,528,27.240000000000002,2.6,15.700000000000001
2015,7,29,17,30,35.9,323,30.02,2.2,15.600000000000001
2015,7,29,18,30,32.9,123,41.7,1.6,18.2
2015,7,29,19,30,30.6,0,52.58,1.5,19.8
2015,7,29,20,30,29.6,0,54.25,1.7000000000000002,19.400000000000002
2015,7,29,21,30,28.700000000000003,0,56.800000000000004,1.7000000000000002,19.3
2015,7,29,22,30,27.900000000000002,0,59.620000000000005,1.6,19.3
2015,7,29,23,30,27.1,0,62.89,1.5,19.400000000000002
2015,7,30,0,30,26.5,0,65.96000000000001,1.5,19.6
2015,7,30,1,30,25.900000000000002,0,69.64,1.4000000000000001,19.900000000000002
2015,7,30,2,30,25.5,0,72.94,1.4000000000000001,20.3
2015,7,30,3,30,25.1,0,76.72,1.4000000000000001,20.700000000000003
2015,7,30,4,30,24.900000000000002,0,79.66,1.4000000000000001,21.1
2015,7,30,5,30,25.8,0,76.79,1.9000000000000001,21.400000000000002
2015,7,30,6,30,28.200000000000003,93,66.91,2.6,21.5
2015,7,30,7,30,31.700000000000003,288,53.410000000000004,2.7,21.1
2015,7,30,8,30,35,495,37.15,1.9000000000000001,18.2
2015,7,30,9,30,37,683,29.35,0.8,16.2
2015,7,30,10,30,38.400000000000006,832,26.86,0.6000000000000001,16
2015,7,30,11,30,39.5,890,25.46,1.1,16.1
2015,7,30,12,30,40,875,25.07,1.6,16.3
2015,7,30,13,30,40,931,25.28,1.9000000000000001,16.400000000000002
2015,7,30,14,30,39.6,840,26.03,2.2,16.5
2015,7,30,15,30,39.1,699,26.86,2.2,16.6
2015,7,30,16,30,38.300000000000004,516,28.36,2.1,16.8
2015,7,30,17,30,36.800000000000004,312,31.48,1.6,17.2
2015,7,30,18,30,34.300000000000004,116,44.26,1,20.400000000000002
2015,7,30,19,30,32.4,0,56.03,0.9,22.5
2015,7,30,20,30,31.6,0,58.33,0.8,22.400000000000002
2015,7,30,21,30,30.900000000000002,0,60.4,0.9,22.3
2015,7,30,22,30,30.1,0,62.36,0.9,22.1
2015,7,30,23,30,29.400000000000002,0,64.93,0.9,22.1
2015,7,31,0,30,28.900000000000002,0,66.92,0.8,22.1
2015,7,31,1,30,28.400000000000002,0,68.92,0.7000000000000001,22.1
2015,7,31,2,30,27.900000000000002,0,71.14,0.6000000000000001,22.200000000000003
2015,7,31,3,30,27.3,0,73.96000000000001,0.6000000000000001,22.200000000000003
2015,7,31,4,30,26.400000000000002,0,80.21000000000001,0.7000000000000001,22.700000000000003
2015,7,31,5,30,26.400000000000002,0,82.04,1.3,23.1
2015,7,31,6,30,28.200000000000003,64,74.54,1.9000000000000001,23.200000000000003
2015,7,31,7,30,31,279,64.65,2.2,23.6
2015,7,31,8,30,33.800000000000004,485,52.7,2.3000000000000003,22.8
2015,7,31,9,30,35.9,672,42.07,2.6,21
2015,7,31,10,30,37.4,819,36.27,3.1,19.900000000000002
2015,7,31,11,30,38.400000000000006,915,33.71,3.6,19.6
2015,7,31,12,30,38.900000000000006,941,32.8,4,19.6
2015,7,31,13,30,38.900000000000006,916,32.81,4.3,19.6
2015,7,31,14,30,38.6,831,33.230000000000004,4.5,19.6
2015,7,31,15,30,37.9,694,33.96,4.6000000000000005,19.3
2015,7,31,16,30,36.9,517,34.54,4.4,18.7
2015,7,31,17,30,35.300000000000004,317,36,3.6,18
2015,7,31,18,30,32.6,120,42.34,2.5,18.2
2015,7,31,19,30,30.3,0,50.71,2,18.900000000000002
2015,7,31,20,30,29,0,52.300000000000004,1.9000000000000001,18.2
2015,7,31,21,30,27.8,0,54.34,1.8,17.7
2015,7,31,22,30,26.700000000000003,0,57.39,1.6,17.6
2015,7,31,23,30,25.8,0,60.35,1.4000000000000001,17.5
2015,8,1,0,30,25,0,63.47,1.3,17.6
2015,8,1,1,30,24.400000000000002,0,66.13,1.1,17.7
2015,8,1,2,30,23.900000000000002,0,68.68,1,17.8
2015,8,1,3,30,23.700000000000003,0,70.77,0.9,18.1
2015,8,1,4,30,23.6,0,72.49,0.8,18.400000000000002
2015,8,1,5,30,24.400000000000002,0,69.86,0.8,18.5
2015,8,1,6,30,26.1,93,63.440000000000005,1.3,18.6
2015,8,1,7,30,29.200000000000003,291,49.51,2.3000000000000003,17.6
2015,8,1,8,30,32.2,500,37.84,3,16
2015,8,1,9,30,34,690,33.38,2.9000000000000004,15.600000000000001
2015,8,1,10,30,35.4,841,31.13,2.7,15.8
2015,8,1,11,30,36.6,938,29.03,2.7,15.700000000000001
2015,8,1,12,30,37.5,971,27.26,2.9000000000000004,15.5
2015,8,1,13,30,38,945,26.13,3.1,15.3
2015,8,1,14,30,38,857,25.91,3.3000000000000003,15.100000000000001
2015,8,1,15,30,37.7,713,25.86,3.3000000000000003,14.8
2015,8,1,16,30,36.800000000000004,530,26.45,3.3000000000000003,14.4
2015,8,1,17,30,35,323,28.68,2.6,14.200000000000001
2015,8,1,18,30,32,121,39.17,1.7000000000000002,16.400000000000002
2015,8,1,19,30,29.5,0,51.18,1.5,18.400000000000002
2015,8,1,20,30,28.5,0,52.11,1.8,17.7
2015,8,1,21,30,27.6,0,53.300000000000004,2,17.3
2015,8,1,22,30,26.700000000000003,0,56.01,2,17.2
2015,8,1,23,30,25.700000000000003,0,60.76,1.6,17.6
2015,8,2,0,30,24.900000000000002,0,65.69,1.3,18
2015,8,2,1,30,24.400000000000002,0,69.37,1,18.400000000000002
2015,8,2,2,30,24.200000000000003,0,71.41,0.9,18.7
2015,8,2,3,30,24,0,73.8,0.8,19
2015,8,2,4,30,23.6,0,76.98,0.8,19.3
2015,8,2,5,30,24.1,0,75.09,1.1,19.400000000000002
2015,8,2,6,30,26,93,65.12,1.6,18.900000000000002
2015,8,2,7,30,29.3,294,52.6,2.1,18.6
2015,8,2,8,30,32.7,506,37.1,2.5,16.2
2015,8,2,9,30,34.800000000000004,697,28.62,2.4000000000000004,13.9
2015,8,2,10,30,36.300000000000004,848,24.75,2.1,13
2015,8,2,11,30,37.4,946,22.64,2,12.5
2015,8,2,12,30,38.2,977,21.35,2,12.3
2015,8,2,13,30,38.6,950,20.64,2.2,12.100000000000001
2015,8,2,14,30,38.6,860,20.57,2.4000000000000004,12.100000000000001
2015,8,2,15,30,38.2,717,21.07,2.5,12.100000000000001
2015,8,2,16,30,37.300000000000004,532,22,2.6,12
2015,8,2,17,30,35.4,324,24.64,2,12.200000000000001
2015,8,2,18,30,32.2,120,38.1,1.3,16.1
2015,8,2,19,30,29.8,0,50.13,1.3,18.3
2015,8,2,20,30,28.8,0,51.79,1.4000000000000001,17.900000000000002
2015,8,2,21,30,28,0,53.52,1.7000000000000002,17.7
2015,8,2,22,30,27.200000000000003,0,55.84,1.9000000000000001,17.6
2015,8,2,23,30,26.400000000000002,0,59.19,1.9000000000000001,17.8
2015,8,3,0,30,25.6,0,63.4,1.7000000000000002,18.1
2015,8,3,1,30,24.900000000000002,0,67.84,1.5,18.6
2015,8,3,2,30,24.400000000000002,0,71.43,1.3,18.900000000000002
2015,8,3,3,30,24.1,0,74.63,1,19.3
2015,8,3,4,30,23.8,0,78.06,0.8,19.700000000000003
2015,8,3,5,30,24.400000000000002,0,76.2,1.1,19.900000000000002
2015,8,3,6,30,26.3,89,65.34,1.4000000000000001,19.3
2015,8,3,7,30,29.700000000000003,288,52.27,1.7000000000000002,18.900000000000002
2015,8,3,8,30,33.4,499,35.86,1.7000000000000002,16.2
2015,8,3,9,30,35.5,690,28.59,1.4000000000000001,14.5
2015,8,3,10,30,36.9,841,26.560000000000002,1.5,14.600000000000001
2015,8,3,11,30,38,940,25.240000000000002,1.8,14.700000000000001
2015,8,3,12,30,38.6,965,24.62,2.2,14.8
2015,8,3,13,30,39,938,24.240000000000002,2.4000000000000004,14.9
2015,8,3,14,30,38.900000000000006,848,24.62,2.6,15.100000000000001
2015,8,3,15,30,38.300000000000004,698,25.580000000000002,2.8000000000000003,15.200000000000001
2015,8,3,16,30,37.4,514,26.72,2.9000000000000004,15.100000000000001
2015,8,3,17,30,35.6,308,29.63,2.4000000000000004,15.200000000000001
2015,8,3,18,30,32.800000000000004,110,39.42,1.7000000000000002,17.2
2015,8,3,19,30,30.6,0,50.22,1.4000000000000001,19.1
2015,8,3,20,30,29.6,0,52.81,1.5,19
2015,8,3,21,30,28.700000000000003,0,55.54,1.5,18.900000000000002
2015,8,3,22,30,27.8,0,58.4,1.5,18.900000000000002
2015,8,3,23,30,27.1,0,60.79,1.7000000000000002,18.900000000000002
2015,8,4,0,30,26.5,0,63.67,1.8,19.1
2015,8,4,1,30,26.1,0,67.05,1.9000000000000001,19.5
2015,8,4,2,30,25.700000000000003,0,71.29,1.9000000000000001,20.1
2015,8,4,3,30,25.3,0,76.48,1.9000000000000001,20.900000000000002
2015,8,4,4,30,24.8,0,82.52,1.7000000000000002,21.6
2015,8,4,5,30,25.3,0,83.17,2,22.200000000000003
2015,8,4,6,30,27.200000000000003,82,76.72,2.8000000000000003,22.8
2015,8,4,7,30,29.8,275,66.46000000000001,3.1,22.900000000000002
2015,8,4,8,30,32.4,484,53.39,3.1,21.700000000000003
2015,8,4,9,30,34.6,675,42.47,3.2,20
2015,8,4,10,30,36.1,827,36.38,3.2,18.8
2015,8,4,11,30,37.300000000000004,925,33.18,3.2,18.400000000000002
2015,8,4,12,30,38.1,965,31.36,3,18.2
2015,8,4,13,30,38.6,939,30.330000000000002,2.9000000000000004,18.1
2015,8,4,14,30,38.6,849,30.2,2.9000000000000004,18
2015,8,4,15,30,38.2,706,31.13,3,18.2
2015,8,4,16,30,37.300000000000004,521,33.34,3.1,18.5
2015,8,4,17,30,35.800000000000004,312,37.15,3,18.900000000000002
2015,8,4,18,30,33.6,111,44.34,2.4000000000000004,19.8
2015,8,4,19,30,31.8,0,53.75,2.5,21.3
2015,8,4,20,30,31.1,0,56.2,3.1,21.400000000000002
2015,8,4,21,30,30.3,0,59.550000000000004,3.5,21.5
2015,8,4,22,30,29.6,0,62.36,3.6,21.6
2015,8,4,23,30,28.8,0,65.9,3.5,21.8
2015,8,5,0,30,28,0,69.87,3.5,22
2015,8,5,1,30,27.400000000000002,0,73.8,3.5,22.3
2015,8,5,2,30,26.8,0,78.8,3.3000000000000003,22.8
2015,8,5,3,30,26.400000000000002,0,83.59,3.1,23.400000000000002
2015,8,5,4,30,26.1,0,87.71000000000001,3.1,23.900000000000002
2015,8,5,5,30,26.3,0,88.39,3.3000000000000003,24.200000000000003
2015,8,5,6,30,27.400000000000002,79,83.34,3.8000000000000003,24.3
2015,8,5,7,30,29.200000000000003,271,72.60000000000001,4.2,23.8
2015,8,5,8,30,31.6,479,59.54,4.2,22.8
2015,8,5,9,30,34.300000000000004,670,47.31,4.1000000000000005,21.5
2015,8,5,10,30,36.5,822,39.32,3.7,20.5
2015,8,5,11,30,38,921,35.24,3.4000000000000004,20
2015,8,5,12,30,39.1,956,32.82,3.3000000000000003,19.8
2015,8,5,13,30,39.7,931,31.36,3.2,19.6
2015,8,5,14,30,39.7,843,30.810000000000002,3.1,19.3
2015,8,5,15,30,39.300000000000004,700,30.8,3.1,19
2015,8,5,16,30,38.5,516,31.470000000000002,3.1,18.6
2015,8,5,17,30,36.9,310,33.89,2.8000000000000003,18.400000000000002
2015,8,5,18,30,34.4,110,40.6,2.3000000000000003,19.1
2015,8,5,19,30,32.5,0,48.09,2.7,20.1
2015,8,5,20,30,31.6,0,49.76,3.4000000000000004,19.8
2015,8,5,21,30,30.700000000000003,0,53.69,3.7,20.200000000000003
2015,8,5,22,30,29.8,0,58.76,3.9000000000000004,20.900000000000002
2015,8,5,23,30,29,0,63.940000000000005,4.3,21.5
2015,8,6,0,30,28.1,0,69.84,4.4,22.1
2015,8,6,1,30,27.400000000000002,0,74.88,4.1000000000000005,22.6
2015,8,6,2,30,26.8,0,79.25,3.8000000000000003,22.900000000000002
2015,8,6,3,30,26.400000000000002,0,82.91,3.5,23.3
2015,8,6,4,30,26,0,86.8,3.3000000000000003,23.6
2015,8,6,5,30,26.3,0,86.92,3.6,23.900000000000002
2015,8,6,6,30,27.6,79,81.48,4.4,24.1
2015,8,6,7,30,29.900000000000002,273,69.78,4.800000000000001,23.8
2015,8,6,8,30,32.300000000000004,485,57.85,4.800000000000001,22.900000000000002
2015,8,6,9,30,34.800000000000004,678,46.86,4.4,21.8
2015,8,6,10,30,36.9,833,38.77,4,20.6
2015,8,6,11,30,38.5,933,33.7,3.6,19.700000000000003
2015,8,6,12,30,39.7,972,30.43,3.3000000000000003,19.1
2015,8,6,13,30,40.400000000000006,946,28.09,3.2,18.400000000000002
2015,8,6,14,30,40.7,858,26.46,3.1,17.7
2015,8,6,15,30,40.400000000000006,711,25.71,3.2,17
2015,8,6,16,30,39.5,525,26.18,3.3000000000000003,16.6
2015,8,6,17,30,37.6,315,28.82,2.9000000000000004,16.400000000000002
2015,8,6,18,30,34.7,111,36.14,2.2,17.5
2015,8,6,19,30,32.6,0,43.84,2.3000000000000003,18.7
2015,8,6,20,30,31.8,0,45.51,3,18.6
2015,8,6,21,30,31.1,0,48.46,3.7,19
2015,8,6,22,30,30.200000000000003,0,53.63,4,19.8
2015,8,6,23,30,29.200000000000003,0,60.69,4.1000000000000005,20.8
2015,8,7,0,30,28.3,0,68.09,4,21.900000000000002
2015,8,7,1,30,27.5,0,74.92,3.8000000000000003,22.700000000000003
2015,8,7,2,30,26.8,0,80.7,3.6,23.200000000000003
2015,8,7,3,30,26.3,0,85.28,3.3000000000000003,23.6
2015,8,7,4,30,25.8,0,89.7,3,24
2015,8,7,5,30,25.900000000000002,0,90.56,3.2,24.200000000000003
2015,8,7,6,30,27.3,81,83.22,3.8000000000000003,24.200000000000003
2015,8,7,7,30,29.6,280,69.45,4.1000000000000005,23.400000000000002
2015,8,7,8,30,32.300000000000004,494,55.46,3.9000000000000004,22.200000000000003
2015,8,7,9,30,34.9,689,44.57,3.6,21.1
2015,8,7,10,30,37.2,843,36.29,3.3000000000000003,19.8
2015,8,7,11,30,39,945,31.03,3.2,18.8
2015,8,7,12,30,40.1,985,27.8,3.3000000000000003,18
2015,8,7,13,30,40.7,959,25.47,3.5,17.1
2015,8,7,14,30,40.900000000000006,870,23.97,3.5,16.3
2015,8,7,15,30,40.400000000000006,723,23.81,3.6,15.8
2015,8,7,16,30,39.300000000000004,534,24.740000000000002,3.5,15.5
2015,8,7,17,30,37.4,322,27.35,3,15.5
2015,8,7,18,30,34.300000000000004,114,35.18,2.1,16.7
2015,8,7,19,30,32,0,44.44,2.1,18.400000000000002
2015,8,7,20,30,31.200000000000003,0,47.42,2.6,18.7
2015,8,7,21,30,30.400000000000002,0,51.65,2.9000000000000004,19.3
2015,8,7,22,30,29.6,0,57.04,3.1,20.200000000000003
2015,8,7,23,30,28.900000000000002,0,62.65,3.3000000000000003,21.1
2015,8,8,0,30,28.200000000000003,0,68.55,3.4000000000000004,21.900000000000002
2015,8,8,1,30,27.400000000000002,0,74.39,3.2,22.400000000000002
2015,8,8,2,30,26.700000000000003,0,79.05,2.9000000000000004,22.8
2015,8,8,3,30,26,0,83.67,2.7,23
2015,8,8,4,30,25.3,0,88.53,2.5,23.3
2015,8,8,5,30,25.3,0,89.85000000000001,2.8000000000000003,23.5
2015,8,8,6,30,26.8,83,83.3,3.7,23.700000000000003
2015,8,8,7,30,29.200000000000003,286,70.65,4.2,23.3
2015,8,8,8,30,31.900000000000002,503,56.78,4.3,22.3
2015,8,8,9,30,34.5,698,45.31,4.1000000000000005,21
2015,8,8,10,30,36.800000000000004,852,37.02,3.8000000000000003,19.700000000000003
2015,8,8,11,30,38.7,951,31.41,3.5,18.8
2015,8,8,12,30,40,986,27.79,3.4000000000000004,17.900000000000002
2015,8,8,13,30,40.7,956,25.72,3.5,17.3
2015,8,8,14,30,40.900000000000006,863,24.740000000000002,3.6,16.8
2015,8,8,15,30,40.6,715,24.69,3.6,16.6
2015,8,8,16,30,39.6,526,25.830000000000002,3.7,16.400000000000002
2015,8,8,17,30,37.800000000000004,313,28.68,3.2,16.5
2015,8,8,18,30,34.9,107,35.71,2.4000000000000004,17.5
2015,8,8,19,30,32.800000000000004,0,43.36,2.4000000000000004,18.7
2015,8,8,20,30,32,0,45.75,3,18.900000000000002
2015,8,8,21,30,31.1,0,48.92,3.4000000000000004,19.1
2015,8,8,22,30,30.1,0,52.88,3.5,19.400000000000002
2015,8,8,23,30,29,0,57.27,3.5,19.700000000000003
2015,8,9,0,30,28,0,61.42,3.4000000000000004,19.900000000000002
2015,8,9,1,30,26.900000000000002,0,66.59,3.1,20.200000000000003
2015,8,9,2,30,26,0,71.8,2.7,20.5
2015,8,9,3,30,25,0,78.79,2.4000000000000004,21.1
2015,8,9,4,30,24,0,87.03,2.1,21.700000000000003
2015,8,9,5,30,24,0,89.99,2.5,22.3
2015,8,9,6,30,25.700000000000003,59,83.25,3.4000000000000004,22.6
2015,8,9,7,30,28.5,236,67.82000000000001,4,22
2015,8,9,8,30,31.6,513,50.33,4.1000000000000005,20
2015,8,9,9,30,34.7,709,36.19,3.9000000000000004,17.5
2015,8,9,10,30,37.5,863,26.87,3.5,15.3
2015,8,9,11,30,39.7,963,21.38,3,13.600000000000001
2015,8,9,12,30,41.2,997,18.56,2.8000000000000003,12.600000000000001
2015,8,9,13,30,41.900000000000006,967,17.48,2.9000000000000004,12.3
2015,8,9,14,30,42,873,17.44,3.2,12.3
2015,8,9,15,30,41.5,724,18.2,3.5,12.600000000000001
2015,8,9,16,30,40.400000000000006,533,19.81,3.6,13
2015,8,9,17,30,38.2,318,23.16,3,13.600000000000001
2015,8,9,18,30,35,109,31,2.2,15.4
2015,8,9,19,30,32.7,0,38.63,2.2,16.8
2015,8,9,20,30,31.700000000000003,0,41.4,2.5,17
2015,8,9,21,30,30.8,0,44.46,2.7,17.3
2015,8,9,22,30,29.8,0,48.43,2.8000000000000003,17.8
2015,8,9,23,30,28.900000000000002,0,52.67,2.8000000000000003,18.3
2015,8,10,0,30,28.1,0,57.13,2.9000000000000004,18.8
2015,8,10,1,30,27.3,0,62.39,2.8000000000000003,19.5
2015,8,10,2,30,26.6,0,67.62,2.5,20.1
2015,8,10,3,30,25.900000000000002,0,73.16,2.2,20.700000000000003
2015,8,10,4,30,25.200000000000003,0,78.97,1.8,21.3
2015,8,10,5,30,25.3,0,80.76,2,21.8
2015,8,10,6,30,27.1,81,74.59,2.6,22.200000000000003
2015,8,10,7,30,30,281,64.44,2.8000000000000003,22.6
2015,8,10,8,30,33.4,496,49.54,2.5,21.400000000000002
2015,8,10,9,30,36.6,689,36,2.2,19.1
2015,8,10,10,30,39.2,843,24.94,1.8,15.5
2015,8,10,11,30,40.900000000000006,943,20.21,1.5,13.700000000000001
2015,8,10,12,30,42,976,17.93,1.1,12.700000000000001
2015,8,10,13,30,42.5,948,16.85,0.9,12.200000000000001
2015,8,10,14,30,42.7,856,16.44,0.8,12
2015,8,10,15,30,42.300000000000004,711,16.62,1.1,11.8
2015,8,10,16,30,41.400000000000006,522,17.240000000000002,1.5,11.700000000000001
2015,8,10,17,30,39.2,311,19.29,1.3,11.600000000000001
2015,8,10,18,30,35.7,104,32.35,1,16.6
2015,8,10,19,30,33,0,37.96,1.2000000000000002,16.8
2015,8,10,20,30,31.700000000000003,0,38.81,1.3,16
2015,8,10,21,30,30.700000000000003,0,40.29,1.5,15.700000000000001
2015,8,10,22,30,30,0,41.79,1.6,15.600000000000001
2015,8,10,23,30,29.3,0,43.86,1.8,15.700000000000001
2015,8,11,0,30,28.700000000000003,0,45.87,2,15.9
2015,8,11,1,30,28,0,48.15,2.1,16
2015,8,11,2,30,27.3,0,50.45,2.1,16.1
2015,8,11,3,30,26.6,0,53.86,1.8,16.5
2015,8,11,4,30,26.1,0,57.45,1.5,17
2015,8,11,5,30,26.6,0,57.38,1.6,17.5
2015,8,11,6,30,28.700000000000003,75,51.26,2.1,17.6
2015,8,11,7,30,32.300000000000004,271,42.27,2.3000000000000003,17.900000000000002
2015,8,11,8,30,36,377,33.27,1.8,17.3
2015,8,11,9,30,38.5,519,26.32,1,15.8
2015,8,11,10,30,40.1,590,23.34,0.7000000000000001,15.3
2015,8,11,11,30,41.300000000000004,821,21.3,0.9,14.8
2015,8,11,12,30,41.900000000000006,908,20.17,1.4000000000000001,14.5
2015,8,11,13,30,41.900000000000006,672,19.98,2,14.3
2015,8,11,14,30,41.300000000000004,756,20.68,2.4000000000000004,14.4
2015,8,11,15,30,40.6,667,21.71,2.5,14.600000000000001
2015,8,11,16,30,39.800000000000004,483,23.27,2.4000000000000004,15
2015,8,11,17,30,38.300000000000004,278,26.1,1.8,15.5
2015,8,11,18,30,35.7,87,35.550000000000004,1.1,18.1
2015,8,11,19,30,33.800000000000004,0,44.480000000000004,1,20
2015,8,11,20,30,32.9,0,45.96,1.1,19.700000000000003
2015,8,11,21,30,32.1,0,47.99,1.1,19.700000000000003
2015,8,11,22,30,31.400000000000002,0,50.980000000000004,0.9,20
2015,8,11,23,30,30.700000000000003,0,54.77,0.7000000000000001,20.6
2015,8,12,0,30,30.200000000000003,0,57.78,0.5,21
2015,8,12,1,30,29.5,0,61.15,0.4,21.200000000000003
2015,8,12,2,30,28.900000000000002,0,64.01,0.6000000000000001,21.400000000000002
2015,8,12,3,30,28.200000000000003,0,68.02,0.9,21.700000000000003
2015,8,12,4,30,27.6,0,70.99,1.1,21.900000000000002
2015,8,12,5,30,27.700000000000003,0,70.86,1.6,21.900000000000002
2015,8,12,6,30,28.900000000000002,40,66.62,2.2,22.1
2015,8,12,7,30,31.1,202,58.85,2.2,22.1
2015,8,12,8,30,33.800000000000004,474,49.71,2.1,21.8
2015,8,12,9,30,36.5,665,37.99,2.2,19.900000000000002
2015,8,12,10,30,38.400000000000006,773,32.230000000000004,2.4000000000000004,18.900000000000002
2015,8,12,11,30,39.7,866,30.01,2.6,18.900000000000002
2015,8,12,12,30,40.5,940,28.5,2.7,18.7
2015,8,12,13,30,40.900000000000006,875,27.23,2.8000000000000003,18.400000000000002
2015,8,12,14,30,41,701,26.2,3,17.8
2015,8,12,15,30,40.7,675,25.32,3.2,17
2015,8,12,16,30,39.900000000000006,492,24.87,3.4000000000000004,16.1
2015,8,12,17,30,38.1,286,26.01,3.1,15.3
2015,8,12,18,30,35.4,90,30.66,2.4000000000000004,15.5
2015,8,12,19,30,33.2,0,35.76,2.4000000000000004,16
2015,8,12,20,30,32.1,0,36.45,2.7,15.4
2015,8,12,21,30,31.1,0,38.14,2.8000000000000003,15.200000000000001
2015,8,12,22,30,30.1,0,41.03,2.8000000000000003,15.4
2015,8,12,23,30,29.400000000000002,0,44.38,2.7,16
2015,8,13,0,30,28.900000000000002,0,48.24,2.7,16.900000000000002
2015,8,13,1,30,28.6,0,52.15,2.7,17.8
2015,8,13,2,30,28.6,0,55.480000000000004,3,18.8
2015,8,13,3,30,28.400000000000002,0,60.31,3.1,20
2015,8,13,4,30,27.900000000000002,0,66.62,3.1,21.1
2015,8,13,5,30,27.700000000000003,0,70.44,3.3000000000000003,21.8
2015,8,13,6,30,28.6,68,68.28,3.7,22.200000000000003
2015,8,13,7,30,30.700000000000003,259,61.35,3.7,22.400000000000002
2015,8,13,8,30,33.1,468,52.45,3.1,22.1
2015,8,13,9,30,35.2,658,44.28,2.7,21.200000000000003
2015,8,13,10,30,36.7,809,38.410000000000004,2.6,20.200000000000003
2015,8,13,11,30,38,783,33.92,2.8000000000000003,19.400000000000002
2015,8,13,12,30,39,893,30.810000000000002,3,18.7
2015,8,13,13,30,39.6,917,28.93,3.2,18.2
2015,8,13,14,30,39.7,828,28.09,3.4000000000000004,17.8
2015,8,13,15,30,39.300000000000004,677,27.94,3.5,17.400000000000002
2015,8,13,16,30,38.400000000000006,492,28.44,3.5,16.900000000000002
2015,8,13,17,30,36.800000000000004,285,30.240000000000002,3.1,16.5
2015,8,13,18,30,34.2,89,34.88,2.2,16.5
2015,8,13,19,30,32.2,0,40.35,1.9000000000000001,17
2015,8,13,20,30,31.200000000000003,0,40.47,2.1,16.2
2015,8,13,21,30,30.200000000000003,0,41.33,2.1,15.600000000000001
2015,8,13,22,30,29.200000000000003,0,43.22,2.1,15.4
2015,8,13,23,30,28.5,0,45.800000000000004,2.2,15.700000000000001
2015,8,14,0,30,27.8,0,50.58,2.4000000000000004,16.6
2015,8,14,1,30,27.3,0,57.29,2.5,18.1
2015,8,14,2,30,26.900000000000002,0,64.9,2.5,19.700000000000003
2015,8,14,3,30,26.5,0,72.86,2.3000000000000003,21.200000000000003
2015,8,14,4,30,26.200000000000003,0,79.76,2,22.400000000000002
2015,8,14,5,30,26.3,0,83.34,2.1,23.200000000000003
2015,8,14,6,30,27.700000000000003,68,79.2,2.2,23.8
2015,8,14,7,30,30,184,68.55,1.9000000000000001,23.6
2015,8,14,8,30,32,414,56.620000000000005,1.4000000000000001,22.3
2015,8,14,9,30,33.6,440,48.4,1,21.200000000000003
2015,8,14,10,30,35,791,42.34,1.3,20.3
2015,8,14,11,30,36.6,866,36.89,1.9000000000000001,19.5
2015,8,14,12,30,38.1,918,32.37,2.5,18.7
2015,8,14,13,30,38.800000000000004,893,29.580000000000002,2.8000000000000003,17.900000000000002
2015,8,14,14,30,38.900000000000006,326,27.990000000000002,3,17.1
2015,8,14,15,30,38.5,635,27.080000000000002,3.1,16.2
2015,8,14,16,30,37.7,467,26.79,3.1,15.4
2015,8,14,17,30,36.1,266,27.95,2.5,14.700000000000001
2015,8,14,18,30,33.5,77,33.49,1.7000000000000002,15.3
2015,8,14,19,30,31.6,0,39.12,1.6,16
2015,8,14,20,30,30.8,0,38.35,1.8,15
2015,8,14,21,30,30.3,0,37.74,2,14.3
2015,8,14,22,30,29.700000000000003,0,38.31,2.1,14
2015,8,14,23,30,29,0,40.12,2.1,14.100000000000001
2015,8,15,0,30,28.400000000000002,0,42.33,1.9000000000000001,14.4
2015,8,15,1,30,27.8,0,45.17,1.7000000000000002,14.8
2015,8,15,2,30,27.200000000000003,0,48.370000000000005,1.4000000000000001,15.4
2015,8,15,3,30,26.5,0,53,1.1,16.1
2015,8,15,4,30,25.900000000000002,0,58.33,0.9,17.1
2015,8,15,5,30,25.8,0,61.15,1.2000000000000002,17.7
2015,8,15,6,30,27.200000000000003,50,56.21,1.8,17.7
2015,8,15,7,30,29.900000000000002,217,46.78,2.3000000000000003,17.3
2015,8,15,8,30,32.6,469,36.07,2.6,15.600000000000001
2015,8,15,9,30,34.7,666,29.150000000000002,2.8000000000000003,14.100000000000001
2015,8,15,10,30,36.2,822,25.46,3.1,13.3
2015,8,15,11,30,37.4,926,23.31,3.3000000000000003,13
2015,8,15,12,30,38.1,962,22.26,3.5,12.9
2015,8,15,13,30,38.5,934,21.55,3.6,12.700000000000001
2015,8,15,14,30,38.5,842,21.25,3.6,12.5
2015,8,15,15,30,38,692,21.48,3.5,12.200000000000001
2015,8,15,16,30,37,503,22.18,3.4000000000000004,11.9
2015,8,15,17,30,35.1,290,24.2,2.6,11.600000000000001
2015,8,15,18,30,32.2,88,30.560000000000002,1.6,12.700000000000001
2015,8,15,19,30,29.900000000000002,0,38.72,1.2000000000000002,14.3
2015,8,15,20,30,29,0,40.86,1.2000000000000002,14.4
2015,8,15,21,30,28.3,0,43.07,1.3,14.600000000000001
2015,8,15,22,30,27.700000000000003,0,45.9,1.7000000000000002,15
2015,8,15,23,30,27.3,0,50.5,2.2,16.1
2015,8,16,0,30,26.900000000000002,0,58.120000000000005,2.6,18
2015,8,16,1,30,26.400000000000002,0,67.39,2.4000000000000004,19.900000000000002
2015,8,16,2,30,25.8,0,75.77,1.9000000000000001,21.200000000000003
2015,8,16,3,30,25.200000000000003,0,82.60000000000001,1.3,22
2015,8,16,4,30,24.700000000000003,0,87.17,0.8,22.400000000000002
2015,8,16,5,30,24.900000000000002,0,86.93,0.9,22.6
2015,8,16,6,30,26.700000000000003,63,78.10000000000001,1.3,22.6
2015,8,16,7,30,29.5,254,61.01,1.7000000000000002,21.200000000000003
2015,8,16,8,30,32,465,47.74,2,19.5
2015,8,16,9,30,34.1,646,39.22,2.1,18.3
2015,8,16,10,30,35.7,809,33.84,2,17.3
2015,8,16,11,30,36.800000000000004,907,30.69,1.9000000000000001,16.8
2015,8,16,12,30,37.6,925,28.78,2,16.400000000000002
2015,8,16,13,30,38,605,27.71,2,16.2
2015,8,16,14,30,38.1,799,27.16,2,15.9
2015,8,16,15,30,37.7,653,27.25,2.1,15.700000000000001
2015,8,16,16,30,36.800000000000004,465,28.11,2.2,15.4
2015,8,16,17,30,35.4,259,30.12,1.9000000000000001,15.3
2015,8,16,18,30,33.300000000000004,68,36.92,1.5,16.6
2015,8,16,19,30,31.8,0,44.03,1.7000000000000002,18.1
2015,8,16,20,30,31,0,45.42,2.4000000000000004,17.8
2015,8,16,21,30,30.200000000000003,0,47.83,2.8000000000000003,17.900000000000002
2015,8,16,22,30,29.200000000000003,0,51.78,2.9000000000000004,18.3
2015,8,16,23,30,28.3,0,56.24,2.6,18.8
2015,8,17,0,30,27.400000000000002,0,60.72,2.2,19.1
2015,8,17,1,30,26.700000000000003,0,64.24,1.9000000000000001,19.400000000000002
2015,8,17,2,30,26,0,67.7,1.5,19.6
2015,8,17,3,30,25.400000000000002,0,71.42,1,19.900000000000002
2015,8,17,4,30,24.8,0,75.67,0.6000000000000001,20.200000000000003
2015,8,17,5,30,24.700000000000003,0,77.29,0.6000000000000001,20.5
2015,8,17,6,30,26.200000000000003,58,70.91,1,20.5
2015,8,17,7,30,28.900000000000002,248,57.870000000000005,1.2000000000000002,19.8
2015,8,17,8,30,31.6,457,45.47,0.9,18.400000000000002
2015,8,17,9,30,33.800000000000004,649,37.76,0.8,17.400000000000002
2015,8,17,10,30,35.5,801,33.18,0.9,16.900000000000002
2015,8,17,11,30,36.800000000000004,900,30.19,1,16.5
2015,8,17,12,30,37.7,933,28.26,1.1,16.2
2015,8,17,13,30,38.1,902,27.25,1.2000000000000002,16
2015,8,17,14,30,38.1,809,26.91,1.3,15.8
2015,8,17,15,30,37.6,661,27.5,1.6,15.700000000000001
2015,8,17,16,30,36.7,473,29.14,1.9000000000000001,15.9
2015,8,17,17,30,35.300000000000004,265,31.970000000000002,2,16.1
2015,8,17,18,30,33.300000000000004,73,37.57,1.8,16.900000000000002
2015,8,17,19,30,31.900000000000002,0,44.53,2,18.3
2015,8,17,20,30,31.1,0,46.480000000000004,2.8000000000000003,18.3
2015,8,17,21,30,30.3,0,49.72,3.1,18.6
2015,8,17,22,30,29.5,0,53.25,3.3000000000000003,19
2015,8,17,23,30,28.8,0,56.52,3.2,19.3
2015,8,18,0,30,28,0,60.35,3.2,19.6
2015,8,18,1,30,27.400000000000002,0,63.83,3.2,19.900000000000002
2015,8,18,2,30,26.700000000000003,0,68.05,2.9000000000000004,20.3
2015,8,18,3,30,26.1,0,72.54,2.6,20.8
2015,8,18,4,30,25.5,0,77.4,2.4000000000000004,21.3
2015,8,18,5,30,25.400000000000002,0,79.95,2.7,21.700000000000003
2015,8,18,6,30,26.6,45,76.29,3.6,22.1
2015,8,18,7,30,29,246,65.21000000000001,4.4,21.8
2015,8,18,8,30,31.6,448,52.63,4.6000000000000005,20.700000000000003
2015,8,18,9,30,33.9,628,43.13,4.4,19.6
2015,8,18,10,30,35.800000000000004,794,37.01,4.2,18.900000000000002
2015,8,18,11,30,37.300000000000004,925,33.05,4.2,18.400000000000002
2015,8,18,12,30,38.300000000000004,954,30.650000000000002,4.3,18
2015,8,18,13,30,38.800000000000004,920,29.52,4.5,17.900000000000002
2015,8,18,14,30,38.800000000000004,824,29.47,4.6000000000000005,17.8
2015,8,18,15,30,38.300000000000004,672,30.27,4.7,17.8
2015,8,18,16,30,37.4,479,31.8,4.6000000000000005,17.8
2015,8,18,17,30,36,267,34.54,4.4,17.900000000000002
2015,8,18,18,30,34.4,73,38.25,4,18.1
2015,8,18,19,30,33,0,42.38,3.9000000000000004,18.5
2015,8,18,20,30,31.900000000000002,0,46.06,4.2,18.900000000000002
2015,8,18,21,30,30.900000000000002,0,50.24,4.6000000000000005,19.3
2015,8,18,22,30,29.900000000000002,0,55.730000000000004,4.7,20.1
2015,8,18,23,30,29,0,62.47,4.7,21.1
2015,8,19,0,30,28.1,0,70.22,4.6000000000000005,22.200000000000003
2015,8,19,1,30,27.400000000000002,0,77.15,4.6000000000000005,23
2015,8,19,2,30,26.900000000000002,0,82.71000000000001,4.6000000000000005,23.700000000000003
2015,8,19,3,30,26.6,0,86.01,4.4,24.1
2015,8,19,4,30,26.5,0,87.17,4.3,24.200000000000003
2015,8,19,5,30,26.6,0,86.41,4.4,24.1
2015,8,19,6,30,27.3,35,82.2,4.7,24
2015,8,19,7,30,28.8,248,73.12,4.800000000000001,23.5
2015,8,19,8,30,30.700000000000003,462,61.68,4.6000000000000005,22.5
2015,8,19,9,30,33,615,50.07,4.2,21.200000000000003
2015,8,19,10,30,35.300000000000004,690,40.7,3.8000000000000003,19.900000000000002
2015,8,19,11,30,37.1,789,34.69,3.3000000000000003,19
2015,8,19,12,30,38.1,875,31.52,2.9000000000000004,18.3
2015,8,19,13,30,38.300000000000004,793,30.32,2.7,17.900000000000002
2015,8,19,14,30,37.7,758,30.970000000000002,2.5,17.7
2015,8,19,15,30,36.5,542,33.42,2.3000000000000003,17.8
2015,8,19,16,30,35.1,435,36.910000000000004,2,18.2
2015,8,19,17,30,33.300000000000004,251,42.19,1.6,18.7
2015,8,19,18,30,31.3,13,49.81,1.9000000000000001,19.6
2015,8,19,19,30,29.6,0,56.230000000000004,3.1,20
2015,8,19,20,30,28.1,0,57.35,4.3,18.900000000000002
2015,8,19,21,30,26.6,0,58.93,4.9,17.900000000000002
2015,8,19,22,30,25.3,0,60.730000000000004,5,17.2
2015,8,19,23,30,24.3,0,62.75,4.800000000000001,16.7
2015,8,20,0,30,23.5,0,65.28,4.4,16.6
2015,8,20,1,30,23.1,0,66.97,4,16.6
2015,8,20,2,30,22.700000000000003,0,68.99,3.8000000000000003,16.7
2015,8,20,3,30,22.400000000000002,0,70.91,3.6,16.900000000000002
2015,8,20,4,30,22.200000000000003,0,72.58,3.4000000000000004,17
2015,8,20,5,30,22.1,0,73.89,3.3000000000000003,17.2
2015,8,20,6,30,22.400000000000002,33,73.5,3.2,17.400000000000002
2015,8,20,7,30,23.5,64,69.93,3,17.7
2015,8,20,8,30,25,143,64.81,2.7,17.900000000000002
2015,8,20,9,30,26.5,31,61.34,1.9000000000000001,18.5
2015,8,20,10,30,27.900000000000002,111,59.82,1,19.400000000000002
2015,8,20,11,30,29.1,261,57.78,1.2000000000000002,19.900000000000002
2015,8,20,12,30,29.6,292,56.69,2.1,20.1
2015,8,20,13,30,29.8,267,56.230000000000004,3.4000000000000004,20.1
2015,8,20,14,30,30.1,180,54.96,4,20.1
2015,8,20,15,30,30,58,54.22,3.2,19.700000000000003
2015,8,20,16,30,29.200000000000003,30,56.75,2.3000000000000003,19.700000000000003
2015,8,20,17,30,27.8,168,62.480000000000004,2.1,20
2015,8,20,18,30,26.1,50,71.59,2.2,20.6
2015,8,20,19,30,24.8,0,80.13,2.4000000000000004,21.1
2015,8,20,20,30,23.900000000000002,0,85.74,2.2,21.400000000000002
2015,8,20,21,30,23.5,0,88.36,2.1,21.5
2015,8,20,22,30,23.200000000000003,0,89.72,2.1,21.400000000000002
2015,8,20,23,30,22.900000000000002,0,90.95,1.9000000000000001,21.3
2015,8,21,0,30,22.6,0,92.39,1.7000000000000002,21.3
2015,8,21,1,30,22.3,0,94.04,1.6,21.3
2015,8,21,2,30,22.1,0,95.21000000000001,1.4000000000000001,21.3
2015,8,21,3,30,21.900000000000002,0,96.60000000000001,1.1,21.3
2015,8,21,4,30,21.700000000000003,0,97.93,0.8,21.400000000000002
2015,8,21,5,30,21.8,0,97.11,1,21.3
2015,8,21,6,30,22.8,56,91.34,1.4000000000000001,21.3
2015,8,21,7,30,24.900000000000002,245,82.98,1.8,21.8
2015,8,21,8,30,27.8,458,70.32000000000001,2.2,21.900000000000002
2015,8,21,9,30,30.1,651,58.56,2.6,21.1
2015,8,21,10,30,31.700000000000003,801,53.11,3.1,21
2015,8,21,11,30,32.800000000000004,789,50.78,3.6,21.3
2015,8,21,12,30,33.5,151,49.28,4.1000000000000005,21.400000000000002
2015,8,21,13,30,33.7,898,48.370000000000005,4.4,21.3
2015,8,21,14,30,33.300000000000004,755,48.77,4.5,21.1
2015,8,21,15,30,32.5,648,50.74,4.5,21
2015,8,21,16,30,31.6,461,53.480000000000004,4.4,21
2015,8,21,17,30,30.3,254,57.71,4.1000000000000005,21
2015,8,21,18,30,28.700000000000003,64,64.12,3.6,21.200000000000003
2015,8,21,19,30,27.400000000000002,0,70.66,3.4000000000000004,21.6
2015,8,21,20,30,26.6,0,75.39,3.3000000000000003,21.900000000000002
2015,8,21,21,30,25.8,0,80.72,3.1,22.200000000000003
2015,8,21,22,30,25.3,0,84.96000000000001,3,22.6
2015,8,21,23,30,24.900000000000002,0,89.06,2.8000000000000003,23
2015,8,22,0,30,24.6,0,92.57000000000001,2.6,23.3
2015,8,22,1,30,24.400000000000002,0,95.19,2.4000000000000004,23.6
2015,8,22,2,30,24.3,0,96.60000000000001,2.3000000000000003,23.700000000000003
2015,8,22,3,30,24.3,0,97.04,2.1,23.8
2015,8,22,4,30,24.1,0,98.46000000000001,1.9000000000000001,23.8
2015,8,22,5,30,24.400000000000002,0,96.61,2.1,23.8
2015,8,22,6,30,25.6,56,90.45,2.8000000000000003,23.900000000000002
2015,8,22,7,30,27.8,66,78.41,3.6,23.700000000000003
2015,8,22,8,30,30.3,460,61.870000000000005,4,22.200000000000003
2015,8,22,9,30,32.6,654,50.03,4.1000000000000005,20.8
2015,8,22,10,30,34.5,808,43.03,4,20.1
2015,8,22,11,30,36,906,38.6,3.9000000000000004,19.700000000000003
2015,8,22,12,30,37,938,35.84,3.9000000000000004,19.400000000000002
2015,8,22,13,30,37.6,907,34.15,3.9000000000000004,19.1
2015,8,22,14,30,37.7,812,33.43,3.9000000000000004,18.900000000000002
2015,8,22,15,30,37.4,658,33.65,3.9000000000000004,18.7
2015,8,22,16,30,36.6,468,35.03,3.9000000000000004,18.7
2015,8,22,17,30,34.800000000000004,257,39.36,3.5,19
2015,8,22,18,30,32.4,64,48.71,3.4000000000000004,20.200000000000003
2015,8,22,19,30,30.900000000000002,0,53.52,4.1000000000000005,20.400000000000002
2015,8,22,20,30,29.8,0,59.300000000000004,4.4,21
2015,8,22,21,30,28.900000000000002,0,67.5,4.3,22.3
2015,8,22,22,30,28.200000000000003,0,74.68,4.1000000000000005,23.3
2015,8,22,23,30,27.6,0,80.14,3.8000000000000003,23.900000000000002
2015,8,23,0,30,27,0,84.99,3.6,24.3
2015,8,23,1,30,26.5,0,89.2,3.3000000000000003,24.6
2015,8,23,2,30,26.1,0,92.76,3,24.8
2015,8,23,3,30,25.700000000000003,0,96.2,2.6,25
2015,8,23,4,30,25.400000000000002,0,98.55,2.2,25.200000000000003
2015,8,23,5,30,25.6,0,97.55,2.2,25.200000000000003
2015,8,23,6,30,26.900000000000002,55,90.35000000000001,3,25.200000000000003
2015,8,23,7,30,29.1,249,76.55,3.5,24.6
2015,8,23,8,30,31.6,463,60.1,3.4000000000000004,22.900000000000002
2015,8,23,9,30,34,656,48.84,3,21.700000000000003
2015,8,23,10,30,36,809,41.93,2.4000000000000004,21
2015,8,23,11,30,37.300000000000004,906,37.79,1.9000000000000001,20.5
2015,8,23,12,30,38.1,926,35.28,1.6,20.1
2015,8,23,13,30,38.300000000000004,892,34.31,1.3,19.8
2015,8,23,14,30,38.2,796,34.08,1.1,19.6
2015,8,23,15,30,37.800000000000004,642,34.4,1.3,19.400000000000002
2015,8,23,16,30,37.1,453,35.38,1.4000000000000001,19.3
2015,8,23,17,30,35.4,246,40.27,1.1,19.900000000000002
2015,8,23,18,30,33.1,57,58.46,1,23.900000000000002
2015,8,23,19,30,31.6,0,61.24,1.5,23.200000000000003
2015,8,23,20,30,30.8,0,60.14,2,22.200000000000003
2015,8,23,21,30,29.8,0,62.03,2.3000000000000003,21.700000000000003
2015,8,23,22,30,28.900000000000002,0,64.45,2.4000000000000004,21.5
2015,8,23,23,30,28.1,0,66.76,2.3000000000000003,21.3
2015,8,24,0,30,27.5,0,68.89,2.3000000000000003,21.3
2015,8,24,1,30,27.1,0,70.32000000000001,2.3000000000000003,21.200000000000003
2015,8,24,2,30,26.700000000000003,0,72.55,2.2,21.400000000000002
2015,8,24,3,30,26.200000000000003,0,75.61,1.9000000000000001,21.5
2015,8,24,4,30,25.8,0,77.77,1.9000000000000001,21.6
2015,8,24,5,30,26,0,77.12,2.2,21.700000000000003
2015,8,24,6,30,27.200000000000003,50,71.9,2.8000000000000003,21.700000000000003
2015,8,24,7,30,29.400000000000002,236,62.59,3.3000000000000003,21.5
2015,8,24,8,30,31.6,429,53.81,3.3000000000000003,21.1
2015,8,24,9,30,33.5,635,46.230000000000004,3.1,20.400000000000002
2015,8,24,10,30,34.800000000000004,772,41.72,2.8000000000000003,19.900000000000002
2015,8,24,11,30,35.4,854,40.19,2.4000000000000004,19.8
2015,8,24,12,30,35.5,802,40.15,2.2,19.900000000000002
2015,8,24,13,30,35.300000000000004,825,40.88,1.9000000000000001,20
2015,8,24,14,30,34.9,541,42.09,1.7000000000000002,20.1
2015,8,24,15,30,34.4,642,43.94,1.5,20.400000000000002
2015,8,24,16,30,33.7,365,46.63,1,20.700000000000003
2015,8,24,17,30,32.6,245,53.58,0.6000000000000001,22
2015,8,24,18,30,31.400000000000002,28,66.67,0.4,24.5
2015,8,24,19,30,30.8,0,68.73,0.30000000000000004,24.400000000000002
2015,8,24,20,30,30.400000000000002,0,69.58,0.4,24.200000000000003
2015,8,24,21,30,29.900000000000002,0,70.94,0.5,24.1
2015,8,24,22,30,29.5,0,71.54,0.6000000000000001,23.8
2015,8,24,23,30,29.1,0,72.13,0.6000000000000001,23.6
2015,8,25,0,30,28.6,0,73.57000000000001,0.7000000000000001,23.400000000000002
2015,8,25,1,30,28,0,75.86,0.7000000000000001,23.3
2015,8,25,2,30,27.400000000000002,0,78.5,0.8,23.3
2015,8,25,3,30,26.900000000000002,0,81.63,0.8,23.5
2015,8,25,4,30,26.400000000000002,0,84.95,0.8,23.700000000000003
2015,8,25,5,30,26.400000000000002,0,85.48,0.8,23.8
2015,8,25,6,30,27.700000000000003,51,80.91,0.8,24.1
2015,8,25,7,30,30.200000000000003,239,68.16,0.7000000000000001,23.700000000000003
2015,8,25,8,30,32.9,449,55.49,1,22.8
2015,8,25,9,30,34.800000000000004,639,47.51,1.2000000000000002,22
2015,8,25,10,30,35.800000000000004,118,44.32,1.1,21.8
2015,8,25,11,30,36.1,882,43.27,1,21.700000000000003
2015,8,25,12,30,35.800000000000004,905,43.5,0.9,21.5
2015,8,25,13,30,35.2,874,44.83,1,21.400000000000002
2015,8,25,14,30,34.5,782,46.93,1.1,21.5
2015,8,25,15,30,33.5,636,50.620000000000005,1.4000000000000001,21.900000000000002
2015,8,25,16,30,32.2,223,56.14,1.6,22.400000000000002
2015,8,25,17,30,30.5,121,65.93,1.9000000000000001,23.400000000000002
2015,8,25,18,30,28.6,34,79.48,2.2,24.700000000000003
2015,8,25,19,30,27.400000000000002,0,88.11,2.4000000000000004,25.3
2015,8,25,20,30,26.700000000000003,0,93.57000000000001,1.9000000000000001,25.6
2015,8,25,21,30,26.400000000000002,0,95.72,1.4000000000000001,25.700000000000003
2015,8,25,22,30,26.1,0,97.35000000000001,1.2000000000000002,25.6
2015,8,25,23,30,25.8,0,98.7,1,25.6
2015,8,26,0,30,25.400000000000002,0,100,1,25.400000000000002
2015,8,26,1,30,25,0,100,0.9,25
2015,8,26,2,30,24.700000000000003,0,100,0.9,24.700000000000003
2015,8,26,3,30,24.400000000000002,0,100,0.9,24.400000000000002
2015,8,26,4,30,24,0,100,0.9,24
2015,8,26,5,30,24.1,0,99.85000000000001,1.1,24.1
2015,8,26,6,30,24.8,45,95.17,1.7000000000000002,24
2015,8,26,7,30,26.200000000000003,231,84.63,2,23.400000000000002
2015,8,26,8,30,28.400000000000002,440,66.09,2.1,21.5
2015,8,26,9,30,30.5,634,50.870000000000005,2.2,19.200000000000003
2015,8,26,10,30,32.300000000000004,788,42.35,2.3000000000000003,17.900000000000002
2015,8,26,11,30,33.6,888,37.5,2.4000000000000004,17.1
2015,8,26,12,30,34.5,922,33.99,2.3000000000000003,16.400000000000002
2015,8,26,13,30,35,891,30.970000000000002,2.2,15.3
2015,8,26,14,30,35.1,794,28.89,2.1,14.3
2015,8,26,15,30,34.800000000000004,639,28.13,2.1,13.700000000000001
2015,8,26,16,30,33.800000000000004,450,29.16,1.8,13.4
2015,8,26,17,30,31.5,241,37.160000000000004,1.2000000000000002,15.100000000000001
2015,8,26,18,30,28.900000000000002,50,58.59,1,20
2015,8,26,19,30,27.400000000000002,0,60.980000000000004,1.2000000000000002,19.200000000000003
2015,8,26,20,30,26.3,0,61.63,1.3,18.3
2015,8,26,21,30,25.3,0,62.940000000000005,1.4000000000000001,17.7
2015,8,26,22,30,24.400000000000002,0,65.56,1.3,17.5
2015,8,26,23,30,23.6,0,68.89,1.2000000000000002,17.6
2015,8,27,0,30,22.8,0,73.24,1.2000000000000002,17.8
2015,8,27,1,30,22.200000000000003,0,76.78,1.1,17.900000000000002
2015,8,27,2,30,21.8,0,78.96000000000001,1.1,18
2015,8,27,3,30,21.400000000000002,0,81.69,1,18.1
2015,8,27,4,30,21.200000000000003,0,83.48,0.9,18.3
2015,8,27,5,30,21.6,0,81.22,0.8,18.2
2015,8,27,6,30,23.1,41,78.06,0.8,19.1
2015,8,27,7,30,25.6,129,63.160000000000004,0.9,18.1
2015,8,27,8,30,29.1,448,50.07,1.2000000000000002,17.6
2015,8,27,9,30,31.900000000000002,639,35.07,1.4000000000000001,14.600000000000001
2015,8,27,10,30,33.5,787,30.76,1.2000000000000002,13.9
2015,8,27,11,30,34.7,883,28.560000000000002,1,13.8
2015,8,27,12,30,35.5,894,27.29,0.8,13.8
2015,8,27,13,30,36,858,26.43,0.8,13.700000000000001
2015,8,27,14,30,36.1,712,26.060000000000002,0.8,13.600000000000001
2015,8,27,15,30,35.6,612,26.650000000000002,1,13.5
2015,8,27,16,30,34.5,417,28.52,1,13.600000000000001
2015,8,27,17,30,32.2,210,36.29,1,15.4
2015,8,27,18,30,29.5,36,56.94,1.1,20.1
2015,8,27,19,30,27.8,0,58.39,1.6,18.900000000000002
2015,8,27,20,30,26.900000000000002,0,56.93,1.9000000000000001,17.6
2015,8,27,21,30,26,0,58.480000000000004,2.1,17.2
2015,8,27,22,30,25.1,0,61.47,2.1,17.2
2015,8,27,23,30,24.200000000000003,0,65.36,1.9000000000000001,17.3
2015,8,28,0,30,23.400000000000002,0,69.64,1.7000000000000002,17.5
2015,8,28,1,30,22.6,0,74.42,1.4000000000000001,17.8
2015,8,28,2,30,22,0,78.65,1.1,18.1
2015,8,28,3,30,21.5,0,82.60000000000001,0.9,18.400000000000002
2015,8,28,4,30,21.1,0,85.98,0.8,18.7
2015,8,28,5,30,21.3,0,85.65,0.9,18.8
2015,8,28,6,30,22.8,36,79.86,1.4000000000000001,19.1
2015,8,28,7,30,25.700000000000003,217,66.14,2,18.900000000000002
2015,8,28,8,30,29.200000000000003,424,52.25,2.4000000000000004,18.400000000000002
2015,8,28,9,30,31.900000000000002,615,39.94,2.2,16.6
2015,8,28,10,30,33.5,765,35.32,1.6,16.1
2015,8,28,11,30,34.6,863,33.43,1,16.2
2015,8,28,12,30,35.300000000000004,897,32.49,0.9,16.400000000000002
2015,8,28,13,30,35.7,867,31.57,1.2000000000000002,16.2
2015,8,28,14,30,35.7,768,31.1,1.5,16
2015,8,28,15,30,35.300000000000004,610,31.11,1.7000000000000002,15.700000000000001
2015,8,28,16,30,34.4,422,32.01,1.6,15.3
2015,8,28,17,30,32.2,216,38.410000000000004,1.2000000000000002,16.3
2015,8,28,18,30,29.5,36,58.57,1,20.5
2015,8,28,19,30,27.8,0,60.71,1.2000000000000002,19.5
2015,8,28,20,30,26.8,0,60.45,1.4000000000000001,18.5
2015,8,28,21,30,25.900000000000002,0,61.07,1.6,17.8
2015,8,28,22,30,25.200000000000003,0,62.81,1.7000000000000002,17.6
2015,8,28,23,30,24.5,0,65.93,1.8,17.7
2015,8,29,0,30,24,0,68.87,2.1,17.900000000000002
2015,8,29,1,30,23.700000000000003,0,71.24,2.3000000000000003,18.2
2015,8,29,2,30,23.400000000000002,0,73.9,2.4000000000000004,18.5
2015,8,29,3,30,23,0,77.45,2.3000000000000003,18.8
2015,8,29,4,30,22.6,0,81.33,2.1,19.200000000000003
2015,8,29,5,30,22.6,0,82.71000000000001,2.4000000000000004,19.5
2015,8,29,6,30,23.700000000000003,19,78.17,3.2,19.700000000000003
2015,8,29,7,30,25.900000000000002,89,68.63,4.1000000000000005,19.700000000000003
2015,8,29,8,30,28.700000000000003,158,56.69,4.1000000000000005,19.3
2015,8,29,9,30,31.200000000000003,554,46.800000000000004,3.4000000000000004,18.5
2015,8,29,10,30,33.1,684,39.89,2.5,17.7
2015,8,29,11,30,34.2,844,36.480000000000004,1.8,17.2
2015,8,29,12,30,34.4,881,35.84,1.3,17.1
2015,8,29,13,30,34,806,36.7,1.1,17.1
2015,8,29,14,30,33.4,747,38.480000000000004,1.1,17.400000000000002
2015,8,29,15,30,32.7,598,41.160000000000004,1.2000000000000002,17.8
2015,8,29,16,30,31.8,305,45.94,1.1,18.7
2015,8,29,17,30,30.3,161,55.550000000000004,1,20.400000000000002
2015,8,29,18,30,28.900000000000002,36,67.94,0.8,22.400000000000002
2015,8,29,19,30,28.3,0,71.05,0.6000000000000001,22.5
2015,8,29,20,30,28.200000000000003,0,71.59,0.4,22.6
2015,8,29,21,30,27.8,0,73.83,0.5,22.700000000000003
2015,8,29,22,30,27.1,0,76.39,0.9,22.6
2015,8,29,23,30,26.400000000000002,0,77,1.6,22
2015,8,30,0,30,25.900000000000002,0,75.56,2.3000000000000003,21.200000000000003
2015,8,30,1,30,25.3,0,75.18,2.7,20.6
2015,8,30,2,30,24.700000000000003,0,76.51,2.5,20.3
2015,8,30,3,30,24.200000000000003,0,78.66,2,20.3
2015,8,30,4,30,23.8,0,81.24,1.4000000000000001,20.400000000000002
2015,8,30,5,30,23.8,0,82.34,1.2000000000000002,20.6
2015,8,30,6,30,24.3,23,80.9,1.6,20.8
2015,8,30,7,30,25.3,5,75.25,2.2,20.6
2015,8,30,8,30,26.700000000000003,183,68.65,2.4000000000000004,20.5
2015,8,30,9,30,28.6,356,58.83,2.2,19.8
2015,8,30,10,30,30.200000000000003,564,49.88,1.9000000000000001,18.6
2015,8,30,11,30,31.400000000000002,446,44.02,1.5,17.7
2015,8,30,12,30,32.2,564,40.4,1.2000000000000002,17.1
2015,8,30,13,30,32.6,481,38.68,1,16.7
2015,8,30,14,30,32.6,760,38.25,0.9,16.5
2015,8,30,15,30,32.300000000000004,588,38.88,0.8,16.5
2015,8,30,16,30,31.6,330,41.37,0.7000000000000001,16.900000000000002
2015,8,30,17,30,30.3,103,50.1,0.6000000000000001,18.8
2015,8,30,18,30,28.6,26,65.94,0.8,21.6
2015,8,30,19,30,27.400000000000002,0,68.52,1,21.1
2015,8,30,20,30,26.700000000000003,0,68.02,1.3,20.3
2015,8,30,21,30,26.200000000000003,0,65.81,1.8,19.3
2015,8,30,22,30,25.700000000000003,0,64.97,2.2,18.6
2015,8,30,23,30,25.1,0,65.52,2.5,18.2
2015,8,31,0,30,24.5,0,66.86,2.6,17.900000000000002
2015,8,31,1,30,23.900000000000002,0,69.22,2.3000000000000003,17.900000000000002
2015,8,31,2,30,23.400000000000002,0,73.01,1.9000000000000001,18.3
2015,8,31,3,30,22.900000000000002,0,78.54,1.5,19
2015,8,31,4,30,22.6,0,83.9,1.1,19.700000000000003
2015,8,31,5,30,22.6,0,87.02,1,20.3
2015,8,31,6,30,23.8,32,82.86,1.5,20.700000000000003
2015,8,31,7,30,26.3,186,73.09,2.1,21.1
2015,8,31,8,30,29.1,414,60.35,2,20.6
2015,8,31,9,30,31.400000000000002,519,47.9,1.6,19
2015,8,31,10,30,33.1,705,41.7,1.6,18.400000000000002
2015,8,31,11,30,34.1,861,39.15,2.1,18.2
2015,8,31,12,30,34.800000000000004,905,37.4,2.5,18.1
2015,8,31,13,30,35.1,847,36.44,2.8000000000000003,18
2015,8,31,14,30,34.9,773,36.46,3,17.8
2015,8,31,15,30,34.4,618,37.1,3.2,17.7
2015,8,31,16,30,33.5,424,38.64,3.4000000000000004,17.5
2015,8,31,17,30,31.700000000000003,216,42.88,3.1,17.5
2015,8,31,18,30,29.6,36,51.25,2.8000000000000003,18.5
2015,8,31,19,30,28.200000000000003,0,57.07,3.1,18.900000000000002
2015,8,31,20,30,27.3,0,61.36,3.1,19.200000000000003
2015,8,31,21,30,26.400000000000002,0,67.09,2.9000000000000004,19.8
2015,8,31,22,30,25.700000000000003,0,72.48,2.7,20.400000000000002
2015,8,31,23,30,25,0,78,2.4000000000000004,20.900000000000002
2015,9,1,0,30,24.400000000000002,0,82.97,2,21.3
2015,9,1,1,30,23.8,0,87.81,1.6,21.700000000000003
2015,9,1,2,30,23.3,0,91.96000000000001,1.2000000000000002,21.900000000000002
2015,9,1,3,30,22.700000000000003,0,96.36,0.9,22.1
2015,9,1,4,30,22.3,0,99.12,0.7000000000000001,22.200000000000003
2015,9,1,5,30,22.400000000000002,0,98.34,0.8,22.1
2015,9,1,6,30,23.8,42,90.38,1.1,22.1
2015,9,1,7,30,26.3,230,76.39,1.5,21.8
2015,9,1,8,30,28.8,271,60.44,1.7000000000000002,20.400000000000002
2015,9,1,9,30,31,642,49.34,2.1,19.200000000000003
2015,9,1,10,30,32.9,798,42.02,2.5,18.3
2015,9,1,11,30,34.300000000000004,839,37.49,2.9000000000000004,17.7
2015,9,1,12,30,35.300000000000004,916,34.65,3.1,17.400000000000002
2015,9,1,13,30,35.800000000000004,859,33.3,3.2,17.2
2015,9,1,14,30,35.7,774,33.51,3.4000000000000004,17.2
2015,9,1,15,30,35,616,35.26,3.5,17.400000000000002
2015,9,1,16,30,33.800000000000004,421,38.730000000000004,3.7,17.8
2015,9,1,17,30,32.1,211,44.35,3.7,18.400000000000002
2015,9,1,18,30,30.1,32,53.35,3.7,19.6
2015,9,1,19,30,28.700000000000003,0,61.56,3.8000000000000003,20.6
2015,9,1,20,30,27.5,0,69.41,3.8000000000000003,21.400000000000002
2015,9,1,21,30,26.5,0,76.34,3.6,22
2015,9,1,22,30,25.6,0,81.85000000000001,3.3000000000000003,22.3
2015,9,1,23,30,24.900000000000002,0,85.87,2.8000000000000003,22.400000000000002
2015,9,2,0,30,24.3,0,89.27,2.4000000000000004,22.400000000000002
2015,9,2,1,30,23.8,0,92.13,1.8,22.400000000000002
2015,9,2,2,30,23.3,0,94.82000000000001,1.4000000000000001,22.400000000000002
2015,9,2,3,30,22.8,0,97.49000000000001,1,22.400000000000002
2015,9,2,4,30,22.400000000000002,0,99.32000000000001,0.8,22.3
2015,9,2,5,30,22.5,0,97.8,0.9,22.1
2015,9,2,6,30,23.700000000000003,45,90.12,1.3,22
2015,9,2,7,30,26,239,76.27,1.7000000000000002,21.5
2015,9,2,8,30,28.6,457,60.26,2.1,20.1
2015,9,2,9,30,30.900000000000002,654,47.34,2.4000000000000004,18.400000000000002
2015,9,2,10,30,32.800000000000004,808,39.76,2.6,17.3
2015,9,2,11,30,34.300000000000004,905,35.15,2.8000000000000003,16.7
2015,9,2,12,30,35.4,936,32.480000000000004,2.9000000000000004,16.400000000000002
2015,9,2,13,30,35.9,898,31.44,3.1,16.400000000000002
2015,9,2,14,30,35.9,796,31.57,3.2,16.400000000000002
2015,9,2,15,30,35.300000000000004,634,32.97,3.2,16.6
2015,9,2,16,30,34.4,435,35.14,3.3000000000000003,16.8
2015,9,2,17,30,32.7,220,39.15,2.8000000000000003,17
2015,9,2,18,30,30.400000000000002,34,47.63,2.2,18
2015,9,2,19,30,28.900000000000002,0,54.78,2.3000000000000003,18.900000000000002
2015,9,2,20,30,28,0,58.160000000000004,2.6,19
2015,9,2,21,30,27.1,0,63.33,2.4000000000000004,19.5
2015,9,2,22,30,26.3,0,69.26,2,20.200000000000003
2015,9,2,23,30,25.5,0,75.89,1.5,20.900000000000002
2015,9,3,0,30,24.900000000000002,0,81.61,1.1,21.5
2015,9,3,1,30,24.3,0,86.67,0.9,21.900000000000002
2015,9,3,2,30,23.8,0,90.43,0.8,22.1
2015,9,3,3,30,23.3,0,93.8,0.8,22.200000000000003
2015,9,3,4,30,23,0,95.94,0.8,22.3
2015,9,3,5,30,23,0,95.93,1.2000000000000002,22.3
2015,9,3,6,30,24.3,42,88.57000000000001,1.7000000000000002,22.3
2015,9,3,7,30,26.6,230,76.72,2.1,22.200000000000003
2015,9,3,8,30,29.1,447,62.31,2.3000000000000003,21.200000000000003
2015,9,3,9,30,31.5,643,49.65,2.4000000000000004,19.700000000000003
2015,9,3,10,30,33.5,668,41.67,2.4000000000000004,18.7
2015,9,3,11,30,35.1,892,36.81,2.4000000000000004,18.2
2015,9,3,12,30,36.2,926,33.75,2.4000000000000004,17.7
2015,9,3,13,30,36.800000000000004,891,31.95,2.6,17.400000000000002
2015,9,3,14,30,37,791,31.09,2.7,17.1
2015,9,3,15,30,36.6,635,31.6,2.8000000000000003,17
2015,9,3,16,30,35.7,438,33.32,2.8000000000000003,17.1
2015,9,3,17,30,33.9,221,37.19,2.3000000000000003,17.3
2015,9,3,18,30,31.6,21,46.92,1.7000000000000002,18.900000000000002
2015,9,3,19,30,30.1,0,54.32,1.8,19.900000000000002
2015,9,3,20,30,29.400000000000002,0,56.93,2.2,20
2015,9,3,21,30,28.700000000000003,0,60.730000000000004,2.5,20.400000000000002
2015,9,3,22,30,28,0,65.75,2.6,21
2015,9,3,23,30,27.3,0,71.8,2.5,21.8
2015,9,4,0,30,26.8,0,77.26,2.2,22.5
2015,9,4,1,30,26.3,0,82.29,2,23
2015,9,4,2,30,25.900000000000002,0,86.17,1.8,23.400000000000002
2015,9,4,3,30,25.400000000000002,0,89.92,1.5,23.6
2015,9,4,4,30,24.900000000000002,0,93.35000000000001,1.1,23.8
2015,9,4,5,30,24.700000000000003,0,95.03,1.1,23.900000000000002
2015,9,4,6,30,25.700000000000003,39,89.45,1.4000000000000001,23.8
2015,9,4,7,30,27.8,224,76.91,1.7000000000000002,23.400000000000002
2015,9,4,8,30,30.1,438,63.53,1.9000000000000001,22.400000000000002
2015,9,4,9,30,32.300000000000004,631,52.4,2.1,21.3
2015,9,4,10,30,34.2,728,44.85,2.2,20.5
2015,9,4,11,30,35.6,879,40.39,2.3000000000000003,20.1
2015,9,4,12,30,36.6,915,37.58,2.4000000000000004,19.8
2015,9,4,13,30,37,879,36.36,2.5,19.6
2015,9,4,14,30,36.800000000000004,778,36.47,2.5,19.5
2015,9,4,15,30,36.2,622,37.62,2.6,19.5
2015,9,4,16,30,35.4,427,39.39,2.6,19.5
2015,9,4,17,30,34,176,42.81,2.3000000000000003,19.6
2015,9,4,18,30,32.300000000000004,19,49.28,2,20.3
2015,9,4,19,30,31.1,0,55.1,2.3000000000000003,21
2015,9,4,20,30,30.400000000000002,0,57.730000000000004,2.9000000000000004,21.1
2015,9,4,21,30,29.5,0,62.84,3.1,21.700000000000003
2015,9,4,22,30,28.700000000000003,0,68.91,3.2,22.400000000000002
2015,9,4,23,30,28,0,75.01,3,23.200000000000003
2015,9,5,0,30,27.400000000000002,0,80.10000000000001,2.8000000000000003,23.700000000000003
2015,9,5,1,30,26.900000000000002,0,83.94,2.6,24
2015,9,5,2,30,26.400000000000002,0,87.29,2.4000000000000004,24.1
2015,9,5,3,30,26,0,89.74,2.1,24.200000000000003
2015,9,5,4,30,25.5,0,92.62,1.8,24.200000000000003
2015,9,5,5,30,25.400000000000002,0,93.46000000000001,1.7000000000000002,24.3
2015,9,5,6,30,26.3,20,88.72,2.3000000000000003,24.3
2015,9,5,7,30,28.200000000000003,223,77.84,2.8000000000000003,24
2015,9,5,8,30,30.5,437,65.05,2.9000000000000004,23.200000000000003
2015,9,5,9,30,32.800000000000004,631,53.94,2.9000000000000004,22.3
2015,9,5,10,30,34.6,707,46.24,2.9000000000000004,21.400000000000002
2015,9,5,11,30,36.1,878,40.82,3,20.700000000000003
2015,9,5,12,30,37,899,37.660000000000004,3,20.200000000000003
2015,9,5,13,30,37.5,467,35.83,3.1,19.8
2015,9,5,14,30,37.5,618,35.15,3.1,19.5
2015,9,5,15,30,37,561,35.54,3.1,19.3
2015,9,5,16,30,36,282,37.230000000000004,3.1,19.1
2015,9,5,17,30,34.4,114,40.79,2.9000000000000004,19.200000000000003
2015,9,5,18,30,32.6,17,46.99,2.8000000000000003,19.8
2015,9,5,19,30,31.3,0,52.93,3.2,20.6
2015,9,5,20,30,30.400000000000002,0,58.17,3.5,21.3
2015,9,5,21,30,29.6,0,64.16,3.5,22.1
2015,9,5,22,30,28.900000000000002,0,69.78,3.2,22.8
2015,9,5,23,30,28.400000000000002,0,74.02,3,23.3
2015,9,6,0,30,27.900000000000002,0,77.66,2.8000000000000003,23.6
2015,9,6,1,30,27.400000000000002,0,81.16,2.6,23.900000000000002
2015,9,6,2,30,26.900000000000002,0,84.59,2.4000000000000004,24.1
2015,9,6,3,30,26.400000000000002,0,88.18,2.2,24.3
2015,9,6,4,30,25.900000000000002,0,91.92,2,24.5
2015,9,6,5,30,25.700000000000003,0,93.78,2,24.6
2015,9,6,6,30,26.5,35,89.78,2.6,24.700000000000003
2015,9,6,7,30,28.5,217,77.94,3.2,24.3
2015,9,6,8,30,31.200000000000003,429,61.09,3.3000000000000003,22.8
2015,9,6,9,30,33.800000000000004,622,47.800000000000004,3,21.200000000000003
2015,9,6,10,30,35.800000000000004,772,39.58,2.6,19.900000000000002
2015,9,6,11,30,37.1,867,35.24,2.3000000000000003,19.200000000000003
2015,9,6,12,30,37.9,893,32.84,2.2,18.8
2015,9,6,13,30,38.300000000000004,858,31.44,2.1,18.400000000000002
2015,9,6,14,30,38.300000000000004,759,30.79,2,18.1
2015,9,6,15,30,38,604,30.73,1.9000000000000001,17.8
2015,9,6,16,30,37.2,411,31.66,2,17.6
2015,9,6,17,30,35.300000000000004,200,34.84,1.6,17.5
2015,9,6,18,30,33,24,45.1,1.2000000000000002,19.5
2015,9,6,19,30,31.700000000000003,0,48.46,1.5,19.5
2015,9,6,20,30,31,0,49.02,1.9000000000000001,19
2015,9,6,21,30,30.200000000000003,0,51.02,2.2,19
2015,9,6,22,30,29.400000000000002,0,53.89,2.3000000000000003,19.1
2015,9,6,23,30,28.6,0,57.660000000000004,2.3000000000000003,19.400000000000002
2015,9,7,0,30,28,0,61.7,2.2,20
2015,9,7,1,30,27.400000000000002,0,66.45,2.1,20.6
2015,9,7,2,30,26.900000000000002,0,71.33,1.9000000000000001,21.3
2015,9,7,3,30,26.3,0,76.67,1.7000000000000002,21.900000000000002
2015,9,7,4,30,25.8,0,81.07000000000001,1.4000000000000001,22.3
2015,9,7,5,30,25.6,0,83.43,1.6,22.6
2015,9,7,6,30,26.8,37,78.63,2.3000000000000003,22.8
2015,9,7,7,30,29.5,223,65.83,2.7,22.400000000000002
2015,9,7,8,30,32.7,435,49.29,2.3000000000000003,20.700000000000003
2015,9,7,9,30,35.300000000000004,628,37.03,1.9000000000000001,18.400000000000002
2015,9,7,10,30,37.1,779,31.59,1.8,17.5
2015,9,7,11,30,38.300000000000004,873,29.3,2,17.3
2015,9,7,12,30,39.1,908,28.01,2.3000000000000003,17.3
2015,9,7,13,30,39.5,871,27.38,2.5,17.3
2015,9,7,14,30,39.400000000000006,769,27.5,2.8000000000000003,17.2
2015,9,7,15,30,38.900000000000006,613,28.38,3,17.3
2015,9,7,16,30,37.800000000000004,415,30.38,3.1,17.5
2015,9,7,17,30,35.9,200,34.160000000000004,2.6,17.7
2015,9,7,18,30,33.7,14,40.77,2,18.5
2015,9,7,19,30,32.4,0,46,2.3000000000000003,19.3
2015,9,7,20,30,31.700000000000003,0,48.550000000000004,2.9000000000000004,19.5
2015,9,7,21,30,30.8,0,52.29,3.2,19.900000000000002
2015,9,7,22,30,29.900000000000002,0,56.5,3.2,20.3
2015,9,7,23,30,29.1,0,61.050000000000004,3.1,20.8
2015,9,8,0,30,28.3,0,66.39,3,21.400000000000002
2015,9,8,1,30,27.6,0,71.92,2.8000000000000003,22.1
2015,9,8,2,30,26.900000000000002,0,77.5,2.5,22.6
2015,9,8,3,30,26.3,0,82.35000000000001,2.1,23.1
2015,9,8,4,30,25.8,0,86.27,1.7000000000000002,23.3
2015,9,8,5,30,25.5,0,88.93,1.7000000000000002,23.5
2015,9,8,6,30,26.3,35,85.4,2.3000000000000003,23.700000000000003
2015,9,8,7,30,28.6,220,71.84,3,23
2015,9,8,8,30,31.400000000000002,433,54.980000000000004,3,21.3
2015,9,8,9,30,33.9,627,42.89,2.9000000000000004,19.5
2015,9,8,10,30,35.800000000000004,779,35.94,3,18.400000000000002
2015,9,8,11,30,37.2,874,32.25,3,17.900000000000002
2015,9,8,12,30,38.1,899,30.060000000000002,3,17.5
2015,9,8,13,30,38.6,862,28.72,3,17.3
2015,9,8,14,30,38.6,761,28.330000000000002,3.1,17
2015,9,8,15,30,38.1,600,28.94,3.2,16.900000000000002
2015,9,8,16,30,37.1,404,30.47,3.2,16.900000000000002
2015,9,8,17,30,35.2,192,33.86,2.5,16.900000000000002
2015,9,8,18,30,32.9,13,40.7,1.9000000000000001,17.8
2015,9,8,19,30,31.8,0,44.67,2.4000000000000004,18.3
2015,9,8,20,30,31.1,0,46.45,3.3000000000000003,18.3
2015,9,8,21,30,30.3,0,49.77,3.8000000000000003,18.6
2015,9,8,22,30,29.3,0,54.93,3.8000000000000003,19.3
2015,9,8,23,30,28.400000000000002,0,61.28,3.5,20.200000000000003
2015,9,9,0,30,27.700000000000003,0,67.48,3.2,21.1
2015,9,9,1,30,27.1,0,72.93,3.1,21.8
2015,9,9,2,30,26.5,0,78.11,3,22.400000000000002
2015,9,9,3,30,25.900000000000002,0,83.65,2.6,22.900000000000002
2015,9,9,4,30,25.400000000000002,0,89.07000000000001,2.2,23.5
2015,9,9,5,30,25.1,0,92.96000000000001,2,23.900000000000002
2015,9,9,6,30,25.400000000000002,10,92.76,2.3000000000000003,24.1
2015,9,9,7,30,26.1,43,89.59,2.7,24.3
2015,9,9,8,30,26.900000000000002,46,84.64,2.9000000000000004,24.1
2015,9,9,9,30,27.700000000000003,173,79.25,2.7,23.8
2015,9,9,10,30,28.200000000000003,384,75.55,2.5,23.5
2015,9,9,11,30,28.400000000000002,317,74.03,2.5,23.3
2015,9,9,12,30,28.5,496,72.56,2.5,23.1
2015,9,9,13,30,28.5,403,71.41,2.3000000000000003,22.8
2015,9,9,14,30,28.200000000000003,460,71.65,2.3000000000000003,22.6
2015,9,9,15,30,27.8,472,72.01,2,22.3
2015,9,9,16,30,27.5,392,73.04,1.5,22.200000000000003
2015,9,9,17,30,26.900000000000002,185,77.92,1,22.700000000000003
2015,9,9,18,30,26.200000000000003,12,86.17,0.8,23.700000000000003
2015,9,9,19,30,25.6,0,89.24,0.9,23.700000000000003
2015,9,9,20,30,25.3,0,87.88,1.1,23.1
2015,9,9,21,30,24.900000000000002,0,87.92,1.2000000000000002,22.8
2015,9,9,22,30,24.5,0,88.57000000000001,1.2000000000000002,22.5
2015,9,9,23,30,24.200000000000003,0,89.52,1.2000000000000002,22.400000000000002
2015,9,10,0,30,24,0,90.98,1,22.400000000000002
2015,9,10,1,30,23.8,0,93.09,0.8,22.6
2015,9,10,2,30,23.700000000000003,0,94.63,0.7000000000000001,22.8
2015,9,10,3,30,23.6,0,95.58,0.6000000000000001,22.900000000000002
2015,9,10,4,30,23.6,0,95.98,0.6000000000000001,22.900000000000002
2015,9,10,5,30,23.6,0,96.41,0.7000000000000001,23
2015,9,10,6,30,24,21,94.86,1.1,23.1
2015,9,10,7,30,24.900000000000002,211,90.44,1.5,23.200000000000003
2015,9,10,8,30,26.5,423,83.82000000000001,1.8,23.5
2015,9,10,9,30,28.200000000000003,616,75.18,2.1,23.400000000000002
2015,9,10,10,30,29.8,606,66.64,2.3000000000000003,22.900000000000002
2015,9,10,11,30,30.900000000000002,711,61.35,2.3000000000000003,22.6
2015,9,10,12,30,31.400000000000002,717,58.370000000000005,2.4000000000000004,22.200000000000003
2015,9,10,13,30,31.400000000000002,760,57.28,2.4000000000000004,21.900000000000002
2015,9,10,14,30,31.200000000000003,395,57.39,2.5,21.8
2015,9,10,15,30,30.8,582,58.480000000000004,2.6,21.700000000000003
2015,9,10,16,30,30.1,287,60.77,2.4000000000000004,21.700000000000003
2015,9,10,17,30,28.6,140,68.8,1.7000000000000002,22.3
2015,9,10,18,30,27,9,79.88,1.4000000000000001,23.200000000000003
2015,9,10,19,30,26.200000000000003,0,82.07000000000001,1.5,22.900000000000002
2015,9,10,20,30,25.700000000000003,0,82.81,1.6,22.6
2015,9,10,21,30,25.1,0,85.08,1.5,22.400000000000002
2015,9,10,22,30,24.6,0,87.97,1.4000000000000001,22.5
2015,9,10,23,30,24.1,0,91.32000000000001,1.3,22.6
2015,9,11,0,30,23.8,0,93.72,1.2000000000000002,22.700000000000003
2015,9,11,1,30,23.5,0,96.46000000000001,1,22.900000000000002
2015,9,11,2,30,23.3,0,98.13,0.7000000000000001,23
2015,9,11,3,30,23.200000000000003,0,98.45,0.5,22.900000000000002
2015,9,11,4,30,23.200000000000003,0,98.01,0.4,22.900000000000002
2015,9,11,5,30,23.1,0,98.19,0.6000000000000001,22.8
2015,9,11,6,30,23.400000000000002,20,96.88,1.3,22.900000000000002
2015,9,11,7,30,24.6,137,91.01,2.1,23
2015,9,11,8,30,26.3,385,82.68,2.7,23.1
2015,9,11,9,30,28.200000000000003,547,70.98,3.2,22.400000000000002
2015,9,11,10,30,29.700000000000003,671,61.83,3.5,21.6
2015,9,11,11,30,30.8,602,56.29,3.6,21.1
2015,9,11,12,30,31.6,787,52.44,3.6,20.700000000000003
2015,9,11,13,30,32.1,847,49.47,3.4000000000000004,20.200000000000003
2015,9,11,14,30,32.300000000000004,623,47.07,3.2,19.6
2015,9,11,15,30,32.1,498,45.660000000000004,2.8000000000000003,18.900000000000002
2015,9,11,16,30,31.3,340,46.29,1.9000000000000001,18.400000000000002
2015,9,11,17,30,29.400000000000002,173,56.96,1,20
2015,9,11,18,30,27.3,9,74.25,0.7000000000000001,22.3
2015,9,11,19,30,26.3,0,75.54,0.6000000000000001,21.6
2015,9,11,20,30,25.900000000000002,0,74.27,1,21
2015,9,11,21,30,25,0,75.56,1.7000000000000002,20.400000000000002
2015,9,11,22,30,24,0,79.73,2.3000000000000003,20.3
2015,9,11,23,30,23.3,0,79.08,3,19.5
2015,9,12,0,30,22.400000000000002,0,78.76,3.4000000000000004,18.5
2015,9,12,1,30,21.6,0,78.19,3.3000000000000003,17.6
2015,9,12,2,30,20.8,0,78.31,3.2,16.900000000000002
2015,9,12,3,30,20.1,0,79.25,3.2,16.400000000000002
2015,9,12,4,30,19.5,0,80.77,3.1,16.1
2015,9,12,5,30,19.1,0,82.04,2.9000000000000004,16
2015,9,12,6,30,19.8,34,78.12,3.4000000000000004,15.9
2015,9,12,7,30,22,228,65.05,4.2,15.100000000000001
2015,9,12,8,30,24.6,448,49.08,4.5,13.200000000000001
2015,9,12,9,30,27,649,36.95,4.3,11.100000000000001
2015,9,12,10,30,28.900000000000002,805,28.64,4.1000000000000005,8.9
2015,9,12,11,30,30.3,903,24.18,4,7.6000000000000005
2015,9,12,12,30,31.200000000000003,932,21.92,4,6.9
2015,9,12,13,30,31.6,891,21.05,4,6.7
2015,9,12,14,30,31.6,784,21.02,4,6.6000000000000005
2015,9,12,15,30,31,619,21.81,3.7,6.7
2015,9,12,16,30,29.8,414,23.41,3.1,6.7
2015,9,12,17,30,26.900000000000002,191,30.63,1.9000000000000001,8.200000000000001
2015,9,12,18,30,23.8,13,52.25,1.3,13.4
2015,9,12,19,30,22.3,0,54.08,1.4000000000000001,12.600000000000001
2015,9,12,20,30,21.400000000000002,0,52.63,1.5,11.3
2015,9,12,21,30,20.700000000000003,0,50.95,1.6,10.200000000000001
2015,9,12,22,30,20.3,0,49.77,1.6,9.5
2015,9,12,23,30,20,0,49.85,1.5,9.200000000000001
2015,9,13,0,30,19.700000000000003,0,50.730000000000004,1.4000000000000001,9.200000000000001
2015,9,13,1,30,19.3,0,52.34,1.3,9.3
2015,9,13,2,30,19,0,53.76,1.2000000000000002,9.4
2015,9,13,3,30,18.7,0,55.83,1.1,9.700000000000001
2015,9,13,4,30,18.400000000000002,0,58.7,1.1,10.200000000000001
2015,9,13,5,30,18.3,0,60.45,1,10.5
2015,9,13,6,30,19.400000000000002,33,57.67,1.5,10.8
2015,9,13,7,30,21.8,173,40.42,2,7.800000000000001
2015,9,13,8,30,25.1,448,32.51,2.6,7.5
2015,9,13,9,30,28.400000000000002,647,23.61,3.1,5.7
2015,9,13,10,30,30.400000000000002,800,20.900000000000002,3,5.6000000000000005
2015,9,13,11,30,31.8,893,20.38,2.9000000000000004,6.300000000000001
2015,9,13,12,30,32.7,915,20.42,2.9000000000000004,7.1000000000000005
2015,9,13,13,30,33.300000000000004,874,20.740000000000002,2.8000000000000003,7.800000000000001
2015,9,13,14,30,33.300000000000004,765,21.73,2.8000000000000003,8.5
2015,9,13,15,30,32.9,601,23.080000000000002,2.9000000000000004,9.1
2015,9,13,16,30,31.700000000000003,398,25.64,2.6,9.600000000000001
2015,9,13,17,30,28.900000000000002,181,34.730000000000004,2,11.8
2015,9,13,18,30,26.1,11,50.32,2.2,15
2015,9,13,19,30,24.900000000000002,0,49.33,3.2,13.600000000000001
2015,9,13,20,30,24,0,49.43,3.7,12.8
2015,9,13,21,30,22.900000000000002,0,53.32,3.7,12.9
2015,9,13,22,30,22,0,58.76,3.5,13.600000000000001
2015,9,13,23,30,21.200000000000003,0,64.48,3.3000000000000003,14.200000000000001
2015,9,14,0,30,20.6,0,68.97,3.1,14.700000000000001
2015,9,14,1,30,20,0,72.77,2.8000000000000003,15
2015,9,14,2,30,19.400000000000002,0,76.15,2.4000000000000004,15.100000000000001
2015,9,14,3,30,18.7,0,80.4,1.9000000000000001,15.3
2015,9,14,4,30,18.2,0,84.10000000000001,1.5,15.5
2015,9,14,5,30,18,0,85.95,1.5,15.600000000000001
2015,9,14,6,30,19,32,81.31,2,15.700000000000001
2015,9,14,7,30,21.900000000000002,227,68.52,2.8000000000000003,15.8
2015,9,14,8,30,25.400000000000002,450,49.78,3.6,14.200000000000001
2015,9,14,9,30,28.1,650,35.78,3.9000000000000004,11.5
2015,9,14,10,30,30,806,30.86,3.8000000000000003,11
2015,9,14,11,30,31.6,902,27.46,3.8000000000000003,10.600000000000001
2015,9,14,12,30,32.800000000000004,928,25.03,3.8000000000000003,10.200000000000001
2015,9,14,13,30,33.5,796,23.580000000000002,3.9000000000000004,9.9
2015,9,14,14,30,33.6,779,23.04,4,9.600000000000001
2015,9,14,15,30,33.1,614,23.13,4.1000000000000005,9.3
2015,9,14,16,30,31.700000000000003,409,24.35,3.9000000000000004,8.9
2015,9,14,17,30,28.6,186,29.400000000000002,2.9000000000000004,9
2015,9,14,18,30,25.3,0,41.06,2.4000000000000004,11.100000000000001
2015,9,14,19,30,23.8,0,43.64,2.7,10.700000000000001
2015,9,14,20,30,22.900000000000002,0,47.89,2.7,11.3
2015,9,14,21,30,22.1,0,56.74,2.6,13.100000000000001
2015,9,14,22,30,21.6,0,67.83,2.4000000000000004,15.4
2015,9,14,23,30,21.3,0,78.58,2.3000000000000003,17.400000000000002
2015,9,15,0,30,21,0,87.75,2,18.900000000000002
2015,9,15,1,30,20.900000000000002,0,93.26,1.8,19.8
2015,9,15,2,30,21.1,0,94.67,1.7000000000000002,20.200000000000003
2015,9,15,3,30,21.200000000000003,0,95.17,1.6,20.400000000000002
2015,9,15,4,30,21.200000000000003,0,95.66,1.6,20.5
2015,9,15,5,30,21.3,0,95.02,1.8,20.5
2015,9,15,6,30,22.200000000000003,23,89.98,2.3000000000000003,20.5
2015,9,15,7,30,24,196,81.99,2.9000000000000004,20.700000000000003
2015,9,15,8,30,26.400000000000002,204,74.44,3.4000000000000004,21.5
2015,9,15,9,30,29.1,283,65.68,3.8000000000000003,22
2015,9,15,10,30,31.400000000000002,382,55.76,3.9000000000000004,21.5
2015,9,15,11,30,33.1,284,48.44,4,20.8
2015,9,15,12,30,34.300000000000004,650,43.53,4,20.1
2015,9,15,13,30,34.9,783,40.9,4.1000000000000005,19.700000000000003
2015,9,15,14,30,34.9,743,40.15,4.2,19.400000000000002
2015,9,15,15,30,34.300000000000004,578,41.230000000000004,4.2,19.3
2015,9,15,16,30,33.2,376,44.17,4.2,19.400000000000002
2015,9,15,17,30,31.3,163,50.49,3.7,19.8
2015,9,15,18,30,29.400000000000002,0,60.050000000000004,3.3000000000000003,20.8
2015,9,15,19,30,28.3,0,66.33,3.4000000000000004,21.400000000000002
2015,9,15,20,30,27.400000000000002,0,72.37,3.5,22
2015,9,15,21,30,26.700000000000003,0,77.99,3.3000000000000003,22.5
2015,9,15,22,30,26,0,83.42,3.1,23
2015,9,15,23,30,25.3,0,88.55,2.9000000000000004,23.3
2015,9,16,0,30,24.700000000000003,0,93.04,2.7,23.5
2015,9,16,1,30,24.200000000000003,0,96.78,2.6,23.700000000000003
2015,9,16,2,30,24,0,98.16,2.7,23.700000000000003
2015,9,16,3,30,23.900000000000002,0,98.49000000000001,2.8000000000000003,23.6
2015,9,16,4,30,23.8,0,98.59,2.8000000000000003,23.6
2015,9,16,5,30,23.8,0,97.9,2.9000000000000004,23.400000000000002
2015,9,16,6,30,24.5,28,93.07000000000001,3.5,23.3
2015,9,16,7,30,26.200000000000003,214,82.31,4.3,22.900000000000002
2015,9,16,8,30,28.400000000000002,430,68.45,4.6000000000000005,22
2015,9,16,9,30,30.5,168,57.730000000000004,4.6000000000000005,21.200000000000003
2015,9,16,10,30,32.4,587,49.980000000000004,4.4,20.6
2015,9,16,11,30,33.9,865,44.75,4.3,20.200000000000003
2015,9,16,12,30,34.9,670,41.59,4.1000000000000005,19.900000000000002
2015,9,16,13,30,35.5,848,39.77,4,19.700000000000003
2015,9,16,14,30,35.6,743,39.18,4,19.6
2015,9,16,15,30,35.2,583,39.5,3.9000000000000004,19.400000000000002
2015,9,16,16,30,34.300000000000004,384,40.71,3.9000000000000004,19.1
2015,9,16,17,30,32.300000000000004,169,45.14,3.2,18.900000000000002
2015,9,16,18,30,30.1,0,53.93,2.8000000000000003,19.8
2015,9,16,19,30,29,0,57.64,3.2,19.8
2015,9,16,20,30,28.1,0,60.7,3.5,19.8
2015,9,16,21,30,27.200000000000003,0,65.47,3.6,20.200000000000003
2015,9,16,22,30,26.400000000000002,0,70.79,3.5,20.700000000000003
2015,9,16,23,30,25.6,0,76.5,3.3000000000000003,21.200000000000003
2015,9,17,0,30,24.900000000000002,0,81.92,3,21.6
2015,9,17,1,30,24.3,0,87.01,2.7,22
2015,9,17,2,30,23.8,0,91.52,2.4000000000000004,22.3
2015,9,17,3,30,23.3,0,96.03,1.9000000000000001,22.6
2015,9,17,4,30,22.8,0,100,1.5,22.8
2015,9,17,5,30,22.700000000000003,0,100,1.4000000000000001,22.700000000000003
2015,9,17,6,30,24,28,93.55,2.1,22.900000000000002
2015,9,17,7,30,26.3,219,80.5,2.9000000000000004,22.700000000000003
2015,9,17,8,30,28.900000000000002,438,62.85,3.2,21.1
2015,9,17,9,30,31.3,633,48.89,3.4000000000000004,19.3
2015,9,17,10,30,33.1,784,41.45,3.5,18.3
2015,9,17,11,30,34.6,877,36.94,3.5,17.8
2015,9,17,12,30,35.6,896,34.22,3.5,17.400000000000002
2015,9,17,13,30,36.2,812,32.36,3.4000000000000004,17.1
2015,9,17,14,30,36.300000000000004,746,31.54,3.3000000000000003,16.8
2015,9,17,15,30,35.9,582,31.73,3.3000000000000003,16.5
2015,9,17,16,30,34.9,379,33.14,3,16.3
2015,9,17,17,30,32.300000000000004,163,38.71,2.1,16.5
2015,9,17,18,30,29.6,0,52,1.6,18.7
2015,9,17,19,30,28.5,0,54.83,2,18.5
2015,9,17,20,30,28.1,0,55.08,2.8000000000000003,18.2
2015,9,17,21,30,27.5,0,57.45,3.4000000000000004,18.400000000000002
2015,9,17,22,30,26.8,0,62.31,3.7,19
2015,9,17,23,30,26,0,69.02,3.5,19.900000000000002
2015,9,18,0,30,25.200000000000003,0,76.13,3.3000000000000003,20.700000000000003
2015,9,18,1,30,24.6,0,81.85000000000001,3,21.3
2015,9,18,2,30,24,0,87.06,2.7,21.700000000000003
2015,9,18,3,30,23.5,0,91.4,2.3000000000000003,22
2015,9,18,4,30,23,0,95.53,1.8,22.200000000000003
2015,9,18,5,30,22.700000000000003,0,98.15,1.6,22.400000000000002
2015,9,18,6,30,23.900000000000002,25,91.88,2.4000000000000004,22.5
2015,9,18,7,30,26.400000000000002,211,78.65,3.4000000000000004,22.400000000000002
2015,9,18,8,30,29.3,431,60.58,3.7,20.900000000000002
2015,9,18,9,30,31.8,627,46.72,3.8000000000000003,19
2015,9,18,10,30,33.800000000000004,779,38.89,3.7,17.900000000000002
2015,9,18,11,30,35.300000000000004,872,34.77,3.7,17.400000000000002
2015,9,18,12,30,36.4,900,32.1,3.6,17.1
2015,9,18,13,30,36.9,858,30.41,3.5,16.7
2015,9,18,14,30,37,749,29.45,3.5,16.3
2015,9,18,15,30,36.5,584,29.490000000000002,3.4000000000000004,15.9
2015,9,18,16,30,35.4,380,30.560000000000002,3.1,15.5
2015,9,18,17,30,32.7,162,35.480000000000004,2.1,15.5
2015,9,18,18,30,30,0,47.88,1.5,17.8
2015,9,18,19,30,28.8,0,49.18,2.1,17.1
2015,9,18,20,30,28.200000000000003,0,48.22,3,16.2
2015,9,18,21,30,27.400000000000002,0,50.26,3.8000000000000003,16.1
2015,9,18,22,30,26.400000000000002,0,56.35,4,17
2015,9,18,23,30,25.5,0,64.33,3.7,18.3
2015,9,19,0,30,24.700000000000003,0,72.36,3.1,19.400000000000002
2015,9,19,1,30,24.1,0,78.82000000000001,2.3000000000000003,20.200000000000003
2015,9,19,2,30,23.6,0,84.13,1.8,20.8
2015,9,19,3,30,23.200000000000003,0,88.55,1.6,21.200000000000003
2015,9,19,4,30,22.8,0,92.69,1.5,21.6
2015,9,19,5,30,22.6,0,95.33,1.5,21.8
2015,9,19,6,30,23.6,24,90.9,2.1,22
2015,9,19,7,30,26,204,79.19,2.5,22.1
2015,9,19,8,30,29,416,62.54,2,21.1
2015,9,19,9,30,31.6,607,48.42,1.1,19.400000000000002
2015,9,19,10,30,33.5,752,40.550000000000004,1.1,18.3
2015,9,19,11,30,34.7,841,36.480000000000004,1.8,17.7
2015,9,19,12,30,35.4,869,34.42,2.3000000000000003,17.3
2015,9,19,13,30,35.800000000000004,827,33.25,2.6,17.2
2015,9,19,14,30,35.800000000000004,721,32.910000000000004,2.7,17
2015,9,19,15,30,35.4,560,33.04,2.6,16.7
2015,9,19,16,30,34.5,316,34.03,2.4000000000000004,16.400000000000002
2015,9,19,17,30,32.300000000000004,149,38.79,1.6,16.5
2015,9,19,18,30,30.1,0,53,0.9,19.5
2015,9,19,19,30,29.1,0,55.83,1,19.400000000000002
2015,9,19,20,30,28.400000000000002,0,56.44,1,18.900000000000002
2015,9,19,21,30,27.5,0,58.28,1,18.6
2015,9,19,22,30,26.5,0,60.81,0.9,18.3
2015,9,19,23,30,25.6,0,63.440000000000005,0.9,18.1
2015,9,20,0,30,24.900000000000002,0,65.18,0.8,17.900000000000002
2015,9,20,1,30,24.3,0,67.11,0.8,17.8
2015,9,20,2,30,23.900000000000002,0,68.71000000000001,0.8,17.8
2015,9,20,3,30,23.400000000000002,0,70.52,0.9,17.7
2015,9,20,4,30,23.1,0,71.32000000000001,1.1,17.6
2015,9,20,5,30,22.8,0,72.18,1.3,17.5
2015,9,20,6,30,23.400000000000002,20,69.63,1.8,17.5
2015,9,20,7,30,25.400000000000002,197,60.160000000000004,2.3000000000000003,17.1
2015,9,20,8,30,28.400000000000002,407,49.69,2.4000000000000004,16.900000000000002
2015,9,20,9,30,31.3,597,36.03,2.1,14.5
2015,9,20,10,30,33.1,745,28.77,1.8,12.600000000000001
2015,9,20,11,30,34.4,836,25.92,1.6,12.100000000000001
2015,9,20,12,30,35.1,875,24.28,1.3,11.700000000000001
2015,9,20,13,30,35.1,780,23.51,1,11.200000000000001
2015,9,20,14,30,34.4,634,23.76,0.6000000000000001,10.8
2015,9,20,15,30,33.300000000000004,430,25.02,0.8,10.600000000000001
2015,9,20,16,30,31.8,278,27.990000000000002,1.4000000000000001,11
2015,9,20,17,30,29.6,74,36.87,1.8,13.3
2015,9,20,18,30,27.900000000000002,0,40.28,2.5,13.200000000000001
2015,9,20,19,30,26.900000000000002,0,42.160000000000004,3,13
2015,9,20,20,30,26,0,46.89,2.9000000000000004,13.8
2015,9,20,21,30,25.3,0,52.46,2.5,14.9
2015,9,20,22,30,24.8,0,57.84,2.1,15.9
2015,9,20,23,30,24.3,0,63.32,1.6,16.900000000000002
2015,9,21,0,30,24,0,67.35,1.2000000000000002,17.6
2015,9,21,1,30,23.900000000000002,0,69.62,1,18
2015,9,21,2,30,24,0,70.24,0.9,18.2
2015,9,21,3,30,24,0,71.34,0.7000000000000001,18.5
2015,9,21,4,30,23.8,0,72.92,0.6000000000000001,18.7
2015,9,21,5,30,23.6,0,73.78,0.6000000000000001,18.6
2015,9,21,6,30,24.200000000000003,20,70.96000000000001,0.8,18.6
2015,9,21,7,30,26.5,195,60.43,1,18.2
2015,9,21,8,30,29.5,408,49.13,1,17.7
2015,9,21,9,30,32,600,39.44,1,16.5
2015,9,21,10,30,33.9,750,34.67,0.7000000000000001,16.1
2015,9,21,11,30,35.300000000000004,841,31.64,0.4,15.9
2015,9,21,12,30,36.1,867,29.93,0.5,15.8
2015,9,21,13,30,36.5,786,29.150000000000002,1,15.700000000000001
2015,9,21,14,30,36.300000000000004,710,29.43,1.4000000000000001,15.700000000000001
2015,9,21,15,30,35.7,423,30.37,1.9000000000000001,15.600000000000001
2015,9,21,16,30,34.800000000000004,270,32.07,2.1,15.700000000000001
2015,9,21,17,30,32.800000000000004,24,36.54,1.5,16
2015,9,21,18,30,30.6,0,49.04,1.1,18.7
2015,9,21,19,30,29.5,0,52.02,1.3,18.6
2015,9,21,20,30,28.8,0,53.15,1.6,18.3
2015,9,21,21,30,28.200000000000003,0,54.17,2,18.1
2015,9,21,22,30,27.700000000000003,0,55.21,2.3000000000000003,17.900000000000002
2015,9,21,23,30,27.200000000000003,0,57.050000000000004,2.4000000000000004,18
2015,9,22,0,30,26.5,0,60.21,2.1,18.2
2015,9,22,1,30,25.8,0,63.95,1.7000000000000002,18.5
2015,9,22,2,30,25.200000000000003,0,67.61,1.3,18.8
2015,9,22,3,30,24.6,0,71.65,0.9,19.1
2015,9,22,4,30,24,0,75.73,0.7000000000000001,19.5
2015,9,22,5,30,23.700000000000003,0,78.12,0.6000000000000001,19.700000000000003
2015,9,22,6,30,24.6,11,74.5,1,19.8
2015,9,22,7,30,27.3,191,62.5,1.4000000000000001,19.5
2015,9,22,8,30,30.3,401,50.15,1.6,18.8
2015,9,22,9,30,32.6,593,41.59,1.5,17.900000000000002
2015,9,22,10,30,34.2,742,37.44,1.7000000000000002,17.6
2015,9,22,11,30,35.4,832,34.29,2,17.3
2015,9,22,12,30,36.1,827,32.18,2.3000000000000003,16.900000000000002
2015,9,22,13,30,36.5,813,31,2.4000000000000004,16.7
2015,9,22,14,30,36.4,704,30.78,2.5,16.5
2015,9,22,15,30,35.800000000000004,533,31.19,2.7,16.1
2015,9,22,16,30,34.800000000000004,333,32.43,2.8000000000000003,15.9
2015,9,22,17,30,32.7,127,36.19,2.1,15.8
2015,9,22,18,30,30.700000000000003,0,44.300000000000004,1.4000000000000001,17.2
2015,9,22,19,30,29.6,0,47.550000000000004,1.6,17.3
2015,9,22,20,30,28.8,0,48.980000000000004,1.8,17
2015,9,22,21,30,28,0,50.17,2,16.7
2015,9,22,22,30,27,0,51.92,2,16.3
2015,9,22,23,30,26.1,0,53.86,1.9000000000000001,16
2015,9,23,0,30,25.1,0,57.1,1.8,16
2015,9,23,1,30,24.200000000000003,0,60.980000000000004,1.6,16.2
2015,9,23,2,30,23.400000000000002,0,65.38,1.3,16.5
2015,9,23,3,30,22.6,0,70.96000000000001,1,17.1
2015,9,23,4,30,22.1,0,75.92,0.8,17.7
2015,9,23,5,30,21.8,0,79.64,0.7000000000000001,18.1
2015,9,23,6,30,22.8,19,76.75,1,18.5
2015,9,23,7,30,25.700000000000003,200,65.83,1.3,18.8
2015,9,23,8,30,29.1,415,48.42,1.4000000000000001,17.1
2015,9,23,9,30,31.5,611,35.44,1.1,14.4
2015,9,23,10,30,33.2,761,29.77,1,13.200000000000001
2015,9,23,11,30,34.5,855,26.330000000000002,1.3,12.4
2015,9,23,12,30,35.4,879,23.85,1.7000000000000002,11.700000000000001
2015,9,23,13,30,35.9,834,21.95,2,10.8
2015,9,23,14,30,35.9,725,20.78,2.2,10
2015,9,23,15,30,35.4,558,20.3,2.4000000000000004,9.200000000000001
2015,9,23,16,30,34.1,354,20.62,2.4000000000000004,8.4
2015,9,23,17,30,31.200000000000003,138,23.42,1.7000000000000002,7.9
2015,9,23,18,30,28.5,0,32.51,1.4000000000000001,10.4
2015,9,23,19,30,27.6,0,31.26,1.8,9.1
2015,9,23,20,30,26.900000000000002,0,29.97,2.2,7.800000000000001
2015,9,23,21,30,25.900000000000002,0,30.93,2.3000000000000003,7.4
2015,9,23,22,30,24.900000000000002,0,33.55,2.3000000000000003,7.800000000000001
2015,9,23,23,30,24.200000000000003,0,36.94,2.3000000000000003,8.6
2015,9,24,0,30,23.6,0,41.160000000000004,2,9.600000000000001
2015,9,24,1,30,22.900000000000002,0,46.13,1.5,10.700000000000001
2015,9,24,2,30,22.200000000000003,0,51.11,0.9,11.600000000000001
2015,9,24,3,30,21.700000000000003,0,54.93,0.7000000000000001,12.200000000000001
2015,9,24,4,30,21.5,0,56.160000000000004,0.5,12.4
2015,9,24,5,30,21.3,0,56.95,0.5,12.4
2015,9,24,6,30,22.1,10,54.6,1,12.5
2015,9,24,7,30,24.8,190,46.42,1.3,12.5
2015,9,24,8,30,28.400000000000002,375,37,1.2000000000000002,12.3
2015,9,24,9,30,31.1,588,31.46,1.4000000000000001,12.200000000000001
2015,9,24,10,30,32.7,735,29.12,1.7000000000000002,12.4
2015,9,24,11,30,33.7,823,28.12,1.9000000000000001,12.700000000000001
2015,9,24,12,30,34.2,848,28.080000000000002,2.1,13.100000000000001
2015,9,24,13,30,34.4,800,28.53,2.3000000000000003,13.600000000000001
2015,9,24,14,30,34.2,690,29.560000000000002,2.5,13.9
2015,9,24,15,30,33.6,392,31.37,2.6,14.3
2015,9,24,16,30,32.800000000000004,99,33.65,2.6,14.700000000000001
2015,9,24,17,30,31,112,38.02,1.8,15
2015,9,24,18,30,29.3,0,45.28,1.1,16.2
2015,9,24,19,30,28.400000000000002,0,48.63,1.2000000000000002,16.5
2015,9,24,20,30,27.8,0,50.5,1.3,16.6
2015,9,24,21,30,27.1,0,53.03,1.4000000000000001,16.7
2015,9,24,22,30,26.3,0,56.120000000000005,1.3,16.900000000000002
2015,9,24,23,30,25.700000000000003,0,58.94,1.2000000000000002,17.1
2015,9,25,0,30,25.1,0,61.9,1,17.3
2015,9,25,1,30,24.700000000000003,0,64.15,0.8,17.5
2015,9,25,2,30,24.400000000000002,0,65.77,0.7000000000000001,17.6
2015,9,25,3,30,24.3,0,66.35,0.5,17.6
2015,9,25,4,30,24.1,0,67.44,0.30000000000000004,17.7
2015,9,25,5,30,23.900000000000002,0,68.66,0.2,17.8
2015,9,25,6,30,24.6,13,66.59,0.4,18
2015,9,25,7,30,26.8,179,58.77,0.8,18.1
2015,9,25,8,30,29.1,386,49.620000000000005,1.1,17.5
2015,9,25,9,30,30.5,577,44.47,1.3,17
2015,9,25,10,30,31.400000000000002,724,41.71,1.6,16.8
2015,9,25,11,30,32.2,814,38.77,1.9000000000000001,16.400000000000002
2015,9,25,12,30,32.800000000000004,27,36.1,1.9000000000000001,15.8
2015,9,25,13,30,33.1,140,34.33,1.7000000000000002,15.3
2015,9,25,14,30,33.2,277,33.22,1.6,14.9
2015,9,25,15,30,32.800000000000004,492,33.26,1.5,14.5
2015,9,25,16,30,32.1,257,33.93,1.3,14.200000000000001
2015,9,25,17,30,30.400000000000002,97,37.300000000000004,0.9,14.200000000000001
2015,9,25,18,30,28.8,0,48.34,0.6000000000000001,16.8
2015,9,25,19,30,27.900000000000002,0,49.5,0.7000000000000001,16.400000000000002
2015,9,25,20,30,26.900000000000002,0,51.32,0.8,16
2015,9,25,21,30,26,0,52.58,1,15.600000000000001
2015,9,25,22,30,25.200000000000003,0,53.800000000000004,1.1,15.200000000000001
2015,9,25,23,30,24.3,0,55.76,1.3,14.9
2015,9,26,0,30,23.5,0,57.38,1.4000000000000001,14.600000000000001
2015,9,26,1,30,22.700000000000003,0,59.120000000000005,1.4000000000000001,14.3
2015,9,26,2,30,22,0,60.5,1.4000000000000001,14
2015,9,26,3,30,21.3,0,62.64,1.3,13.9
2015,9,26,4,30,20.700000000000003,0,65.49,1.1,14
2015,9,26,5,30,20.200000000000003,0,67.9,0.9,14.100000000000001
2015,9,26,6,30,21.200000000000003,16,64.62,1.2000000000000002,14.3
2015,9,26,7,30,23.900000000000002,193,55.61,1.5,14.5
2015,9,26,8,30,28,408,42.2,1.6,14
2015,9,26,9,30,31.5,601,28.650000000000002,2,11.100000000000001
2015,9,26,10,30,33.2,750,25.42,2.3000000000000003,10.8
2015,9,26,11,30,34.300000000000004,841,23.47,2.7,10.5
2015,9,26,12,30,35.1,857,21.87,3,10.100000000000001
2015,9,26,13,30,35.300000000000004,810,21.18,3.2,9.8
2015,9,26,14,30,35.1,699,21.09,3.3000000000000003,9.600000000000001
2015,9,26,15,30,34.5,533,21.43,3.5,9.3
2015,9,26,16,30,33.2,331,22.62,3.3000000000000003,9
2015,9,26,17,30,30.5,121,26.3,2.4000000000000004,9
2015,9,26,18,30,27.900000000000002,0,33.83,1.9000000000000001,10.5
2015,9,26,19,30,26.8,0,34.81,2.2,10
2015,9,26,20,30,26,0,35.28,2.3000000000000003,9.5
2015,9,26,21,30,25,0,37.2,2.2,9.4
2015,9,26,22,30,24.1,0,39.76,2,9.600000000000001
2015,9,26,23,30,23.200000000000003,0,42.93,1.9000000000000001,9.9
2015,9,27,0,30,22.5,0,46.02,1.7000000000000002,10.3
2015,9,27,1,30,21.700000000000003,0,49.64,1.6,10.700000000000001
2015,9,27,2,30,21.1,0,52.88,1.4000000000000001,11.100000000000001
2015,9,27,3,30,20.6,0,56.300000000000004,1.1,11.600000000000001
2015,9,27,4,30,20.200000000000003,0,59.93,0.9,12.200000000000001
2015,9,27,5,30,19.900000000000002,0,63.17,0.8,12.700000000000001
2015,9,27,6,30,20.6,13,61.49,1.3,12.9
2015,9,27,7,30,22.6,183,52.4,1.9000000000000001,12.4
2015,9,27,8,30,25.700000000000003,393,42.81,2.1,12.100000000000001
2015,9,27,9,30,29.1,585,32.75,2.2,11.100000000000001
2015,9,27,10,30,31.400000000000002,735,26.68,2.3000000000000003,10
2015,9,27,11,30,32.800000000000004,825,23.900000000000002,2.3000000000000003,9.5
2015,9,27,12,30,33.7,830,22.45,2.5,9.3
2015,9,27,13,30,33.800000000000004,591,22.42,2.8000000000000003,9.4
2015,9,27,14,30,33.2,554,23.5,3.2,9.600000000000001
2015,9,27,15,30,32,482,25.84,3.5,10
2015,9,27,16,30,30.5,226,29.51,3.6,10.700000000000001
2015,9,27,17,30,28.6,85,35.61,3.3000000000000003,11.9
2015,9,27,18,30,26.900000000000002,0,43.54,3,13.5
2015,9,27,19,30,25.8,0,49.78,2.6,14.5
2015,9,27,20,30,24.900000000000002,0,55.15,2.1,15.3
2015,9,27,21,30,24,0,59.800000000000004,1.5,15.700000000000001
2015,9,27,22,30,23.1,0,64.06,1.1,15.9
2015,9,27,23,30,22.400000000000002,0,67.54,0.8,16.1
2015,9,28,0,30,22.200000000000003,0,68.81,0.6000000000000001,16.2
2015,9,28,1,30,22.1,0,69.32000000000001,0.5,16.2
2015,9,28,2,30,22,0,69.81,0.5,16.2
2015,9,28,3,30,21.6,0,72.3,0.6000000000000001,16.400000000000002
2015,9,28,4,30,21,0,75.59,0.9,16.5
2015,9,28,5,30,20.6,0,77.8,1.4000000000000001,16.6
2015,9,28,6,30,21.400000000000002,4,74.60000000000001,2.3000000000000003,16.7
2015,9,28,7,30,24,65,64.56,3.3000000000000003,16.900000000000002
2015,9,28,8,30,26.900000000000002,248,53.52,3.9000000000000004,16.7
2015,9,28,9,30,28.6,376,48.24,4.6000000000000005,16.6
2015,9,28,10,30,29.5,680,45.03,5,16.3
2015,9,28,11,30,30.3,616,42.08,5.2,16
2015,9,28,12,30,31,647,39.87,5.300000000000001,15.8
2015,9,28,13,30,31.400000000000002,266,38.86,5.4,15.700000000000001
2015,9,28,14,30,31.5,314,38.84,5.2,15.8
2015,9,28,15,30,31.200000000000003,508,40.06,4.7,16
2015,9,28,16,30,30.3,312,42.9,4.1000000000000005,16.3
2015,9,28,17,30,28.6,109,48.22,2.8000000000000003,16.6
2015,9,28,18,30,26.700000000000003,0,56.14,1.5,17.2
2015,9,28,19,30,25.700000000000003,0,61.7,1.2000000000000002,17.8
2015,9,28,20,30,25.1,0,65.64,1,18.2
2015,9,28,21,30,24.5,0,69.64,0.8,18.6
2015,9,28,22,30,24.1,0,72.58,0.7000000000000001,18.900000000000002
2015,9,28,23,30,23.8,0,74.51,0.6000000000000001,19
2015,9,29,0,30,23.6,0,75.68,0.6000000000000001,19.1
2015,9,29,1,30,23.1,0,78.14,0.8,19.1
2015,9,29,2,30,22.6,0,80.37,0.9,19
2015,9,29,3,30,22.200000000000003,0,82.25,1.1,19
2015,9,29,4,30,21.8,0,84.23,1.2000000000000002,19
2015,9,29,5,30,21.6,0,85.11,1.4000000000000001,19
2015,9,29,6,30,22.6,15,79.83,2.1,18.900000000000002
2015,9,29,7,30,25.400000000000002,189,67.7,2.8000000000000003,19
2015,9,29,8,30,28.3,399,56.45,3.1,18.8
2015,9,29,9,30,30.5,588,47.45,3.4000000000000004,18.1
2015,9,29,10,30,32.2,698,41.35,3.7,17.400000000000002
2015,9,29,11,30,33.5,709,37.160000000000004,3.8000000000000003,16.900000000000002
2015,9,29,12,30,34.4,800,34.43,3.8000000000000003,16.5
2015,9,29,13,30,34.800000000000004,658,33.14,3.8000000000000003,16.2
2015,9,29,14,30,34.6,675,33.15,3.7,16.1
2015,9,29,15,30,33.9,319,34.31,3.7,16
2015,9,29,16,30,32.800000000000004,215,36.410000000000004,3.5,16
2015,9,29,17,30,30.700000000000003,101,41.2,2.5,16
2015,9,29,18,30,28.6,0,48.81,1.6,16.8
2015,9,29,19,30,27.5,0,52.78,1.5,17
2015,9,29,20,30,26.8,0,55.03,1.5,17
2015,9,29,21,30,26.1,0,57.04,1.5,16.900000000000002
2015,9,29,22,30,25.400000000000002,0,58.480000000000004,1.6,16.7
2015,9,29,23,30,24.900000000000002,0,58.92,1.9000000000000001,16.3
2015,9,30,0,30,24.3,0,59.38,2,15.9
2015,9,30,1,30,23.5,0,60.82,1.8,15.5
2015,9,30,2,30,22.6,0,63.25,1.4000000000000001,15.3
2015,9,30,3,30,22,0,65.93,1.1,15.3
2015,9,30,4,30,21.5,0,69.22,0.9,15.600000000000001
2015,9,30,5,30,21.1,0,72.34,0.8,15.9
2015,9,30,6,30,22,12,69.9,1.1,16.3
2015,9,30,7,30,24.8,180,60.25,1.4000000000000001,16.6
2015,9,30,8,30,28.3,388,49.49,1.4000000000000001,16.7
2015,9,30,9,30,31,578,40.63,1.7000000000000002,16.1
2015,9,30,10,30,32.800000000000004,724,35.32,2,15.5
2015,9,30,11,30,34.1,812,31.78,2.4000000000000004,15
2015,9,30,12,30,35.1,811,29.13,2.8000000000000003,14.5
2015,9,30,13,30,35.7,788,27.29,3.1,14
2015,9,30,14,30,35.7,679,26.54,3.3000000000000003,13.600000000000001
2015,9,30,15,30,35.1,508,26.68,3.5,13.100000000000001
2015,9,30,16,30,33.9,307,27.66,3.3000000000000003,12.700000000000001
2015,9,30,17,30,31.1,102,31.88,2.2,12.4
2015,9,30,18,30,28.400000000000002,0,40.45,1.4000000000000001,13.700000000000001
2015,9,30,19,30,27.200000000000003,0,43.34,1.4000000000000001,13.700000000000001
2015,9,30,20,30,26.400000000000002,0,45.53,1.4000000000000001,13.700000000000001
2015,9,30,21,30,25.6,0,48.5,1.4000000000000001,13.9
2015,9,30,22,30,24.8,0,52.370000000000005,1.5,14.4
2015,9,30,23,30,24,0,56.910000000000004,1.7000000000000002,14.9
2015,10,1,0,30,23.400000000000002,0,61.39,2,15.600000000000001
2015,10,1,1,30,22.8,0,66.19,2.2,16.2
2015,10,1,2,30,22.400000000000002,0,70.04,2.3000000000000003,16.7
2015,10,1,3,30,21.900000000000002,0,73.84,2.2,17
2015,10,1,4,30,21.6,0,76.02,1.9000000000000001,17.2
2015,10,1,5,30,21.200000000000003,0,78.35000000000001,1.8,17.3
2015,10,1,6,30,21.5,11,77.48,2,17.400000000000002
2015,10,1,7,30,23.200000000000003,177,69.75,2.3000000000000003,17.400000000000002
2015,10,1,8,30,25.700000000000003,385,58.04,2,16.8
2015,10,1,9,30,28.1,493,48.53,1.7000000000000002,16.2
2015,10,1,10,30,30.400000000000002,436,40,2.2,15.3
2015,10,1,11,30,32.300000000000004,806,32.3,3,13.700000000000001
2015,10,1,12,30,33.300000000000004,813,28.32,3.6,12.5
2015,10,1,13,30,33.7,767,26.7,4,11.9
2015,10,1,14,30,33.5,657,26.55,4.1000000000000005,11.700000000000001
2015,10,1,15,30,32.7,487,27.52,4.2,11.600000000000001
2015,10,1,16,30,31.3,291,29.78,4,11.600000000000001
2015,10,1,17,30,29.1,92,33.94,3.2,11.600000000000001
2015,10,1,18,30,26.900000000000002,0,39.57,2.6,12
2015,10,1,19,30,25.6,0,42.63,2.6,12
2015,10,1,20,30,24.6,0,44.93,2.6,11.9
2015,10,1,21,30,23.700000000000003,0,47.26,2.6,11.8
2015,10,1,22,30,23,0,49.1,2.8000000000000003,11.700000000000001
2015,10,1,23,30,22.200000000000003,0,50.88,3,11.5
2015,10,2,0,30,21.400000000000002,0,52.57,2.8000000000000003,11.3
2015,10,2,1,30,20.6,0,54.97,2.7,11.200000000000001
2015,10,2,2,30,19.8,0,57.81,2.5,11.3
2015,10,2,3,30,19,0,60.7,2.3000000000000003,11.200000000000001
2015,10,2,4,30,18.3,0,62.88,2.1,11.100000000000001
2015,10,2,5,30,17.6,0,64.82000000000001,2,10.9
2015,10,2,6,30,17.900000000000002,11,62.550000000000004,2.5,10.600000000000001
2015,10,2,7,30,19.700000000000003,184,51.53,3.1,9.4
2015,10,2,8,30,22,403,38.050000000000004,3,7
2015,10,2,9,30,24.200000000000003,602,31.18,3,6.1000000000000005
2015,10,2,10,30,26.200000000000003,754,26.37,3.2,5.4
2015,10,2,11,30,28,844,22.48,3.6,4.6000000000000005
2015,10,2,12,30,29.400000000000002,863,19.240000000000002,3.8000000000000003,3.5
2015,10,2,13,30,30.200000000000003,814,17.06,4,2.5
2015,10,2,14,30,30.5,697,16.18,4.1000000000000005,2
2015,10,2,15,30,30,528,16.6,4.1000000000000005,2
2015,10,2,16,30,28.8,320,17.79,3.8000000000000003,2
2015,10,2,17,30,26,106,21.02,2.7,2
2015,10,2,18,30,23.200000000000003,0,27.48,1.8,3.4000000000000004
2015,10,2,19,30,21.900000000000002,0,29.72,1.9000000000000001,3.4000000000000004
2015,10,2,20,30,20.900000000000002,0,31.03,2,3.1
2015,10,2,21,30,19.900000000000002,0,32.660000000000004,2.1,3
2015,10,2,22,30,18.900000000000002,0,34.99,2,3.1
2015,10,2,23,30,17.7,0,38.38,1.9000000000000001,3.3000000000000003
2015,10,3,0,30,16.8,0,41.31,1.7000000000000002,3.6
2015,10,3,1,30,16,0,43.87,1.7000000000000002,3.7
2015,10,3,2,30,15.5,0,45.230000000000004,1.8,3.7
2015,10,3,3,30,15.100000000000001,0,46.68,1.9000000000000001,3.8000000000000003
2015,10,3,4,30,14.600000000000001,0,49.7,1.9000000000000001,4.2
2015,10,3,5,30,14.100000000000001,0,52.94,1.7000000000000002,4.6000000000000005
2015,10,3,6,30,14.5,0,53.17,2.1,5.1000000000000005
2015,10,3,7,30,17,188,46.33,2.6,5.4
2015,10,3,8,30,20.6,405,41.160000000000004,2.8000000000000003,6.9
2015,10,3,9,30,23.6,598,35.92,2.4000000000000004,7.6000000000000005
2015,10,3,10,30,25.900000000000002,747,29.39,1.8,6.7
2015,10,3,11,30,27.8,833,24.89,1.6,5.9
2015,10,3,12,30,29.3,851,21.46,1.9000000000000001,5
2015,10,3,13,30,30.3,717,18.77,2.4000000000000004,3.9000000000000004
2015,10,3,14,30,30.6,684,17.39,2.8000000000000003,3.1
2015,10,3,15,30,30.200000000000003,516,17.1,3.1,2.5
2015,10,3,16,30,28.900000000000002,232,17.85,2.9000000000000004,2.1
2015,10,3,17,30,25.900000000000002,97,21.47,2,2.2
2015,10,3,18,30,23.200000000000003,0,29.32,1.6,4.3
2015,10,3,19,30,22.400000000000002,0,30.6,2.1,4.3
2015,10,3,20,30,22,0,31.41,2.6,4.3
2015,10,3,21,30,21.200000000000003,0,34.25,2.5,4.800000000000001
2015,10,3,22,30,20.200000000000003,0,38.56,2,5.6000000000000005
2015,10,3,23,30,19.3,0,42.76,1.6,6.300000000000001
2015,10,4,0,30,18.6,0,46.22,1.4000000000000001,6.800000000000001
2015,10,4,1,30,18,0,49.36,1.2000000000000002,7.2
2015,10,4,2,30,17.5,0,52.050000000000004,1.1,7.5
2015,10,4,3,30,17,0,54.68,1.3,7.800000000000001
2015,10,4,4,30,16.5,0,57.410000000000004,1.7000000000000002,8.1
2015,10,4,5,30,16,0,60.67,1.9000000000000001,8.4
2015,10,4,6,30,16.400000000000002,0,60.82,2.6,8.8
2015,10,4,7,30,18.3,131,55.730000000000004,3.3000000000000003,9.3
2015,10,4,8,30,20.900000000000002,388,48.9,3,9.8
2015,10,4,9,30,23.5,498,41.38,2.5,9.600000000000001
2015,10,4,10,30,25.8,726,34.87,2.3000000000000003,9.1
2015,10,4,11,30,27.6,813,30.29,2.3000000000000003,8.6
2015,10,4,12,30,28.900000000000002,833,26.830000000000002,2.3000000000000003,7.9
2015,10,4,13,30,29.900000000000002,784,23.88,2.3000000000000003,7.1000000000000005
2015,10,4,14,30,30.3,670,21.900000000000002,2.5,6.2
2015,10,4,15,30,30,502,21.03,2.8000000000000003,5.300000000000001
2015,10,4,16,30,29,298,21.38,2.7,4.7
2015,10,4,17,30,26.1,92,25.240000000000002,1.9000000000000001,4.7
2015,10,4,18,30,23.5,0,33.18,1.5,6.4
2015,10,4,19,30,22.5,0,35.32,1.7000000000000002,6.4
2015,10,4,20,30,21.8,0,38.02,1.8,6.9
2015,10,4,21,30,21.400000000000002,0,41.03,2,7.6000000000000005
2015,10,4,22,30,21.200000000000003,0,43.800000000000004,2.2,8.4
2015,10,4,23,30,20.8,0,47.14,2.2,9.1
2015,10,5,0,30,20.3,0,50.69,1.9000000000000001,9.700000000000001
2015,10,5,1,30,19.700000000000003,0,54.33,1.7000000000000002,10.200000000000001
2015,10,5,2,30,19,0,58.09,1.5,10.600000000000001
2015,10,5,3,30,18.5,0,61.120000000000005,1.5,10.9
2015,10,5,4,30,18.2,0,63.47,1.5,11.200000000000001
2015,10,5,5,30,17.7,0,66.69,1.4000000000000001,11.4
2015,10,5,6,30,18.1,0,66.04,1.6,11.700000000000001
2015,10,5,7,30,20.1,64,59.19,1.9000000000000001,11.9
2015,10,5,8,30,22.700000000000003,183,51.77,1.4000000000000001,12.3
2015,10,5,9,30,24.900000000000002,275,45.14,0.9,12.200000000000001
2015,10,5,10,30,26.700000000000003,318,40.06,1.1,12
2015,10,5,11,30,28.1,678,36.26,1.6,11.700000000000001
2015,10,5,12,30,29.200000000000003,617,33.02,2,11.3
2015,10,5,13,30,30,601,30.32,2.3000000000000003,10.700000000000001
2015,10,5,14,30,30.200000000000003,654,28.76,2.5,10.100000000000001
2015,10,5,15,30,29.900000000000002,334,28.05,2.7,9.4
2015,10,5,16,30,28.900000000000002,192,28.84,2.6,9
2015,10,5,17,30,26.6,29,32.68,1.8,8.9
2015,10,5,18,30,24.3,0,40.43,1.3,10
2015,10,5,19,30,23.3,0,42.65,1.4000000000000001,9.9
2015,10,5,20,30,22.400000000000002,0,44.86,1.6,9.8
2015,10,5,21,30,21.6,0,47.39,1.7000000000000002,9.9
2015,10,5,22,30,20.700000000000003,0,50.61,1.8,10.100000000000001
2015,10,5,23,30,20,0,53.480000000000004,1.9000000000000001,10.3
2015,10,6,0,30,19.400000000000002,0,56.14,2.1,10.4
2015,10,6,1,30,18.8,0,59.01,2.4000000000000004,10.600000000000001
2015,10,6,2,30,18.3,0,61.92,2.4000000000000004,10.9
2015,10,6,3,30,17.6,0,66.44,2.3000000000000003,11.3
2015,10,6,4,30,17,0,71.26,2.1,11.8
2015,10,6,5,30,16.400000000000002,0,76.19,2,12.200000000000001
2015,10,6,6,30,16.7,0,76.8,2.3000000000000003,12.600000000000001
2015,10,6,7,30,18.7,171,69.57000000000001,2.5,13
2015,10,6,8,30,22,382,58.2,2.2,13.4
2015,10,6,9,30,25.1,575,44.56,1.9000000000000001,12.200000000000001
2015,10,6,10,30,27.5,722,35.89,1.8,11.100000000000001
2015,10,6,11,30,29.400000000000002,809,30.6,1.8,10.3
2015,10,6,12,30,30.900000000000002,694,26.51,1.9000000000000001,9.5
2015,10,6,13,30,31.8,728,23.37,2,8.4
2015,10,6,14,30,32.1,577,21.55,2.1,7.4
2015,10,6,15,30,31.6,502,21.41,2.1,6.9
2015,10,6,16,30,30.3,296,22.75,1.6,6.7
2015,10,6,17,30,27.8,88,29.66,1.1,8.5
2015,10,6,18,30,25.6,0,36.69,1,9.700000000000001
2015,10,6,19,30,24.6,0,37.980000000000004,1,9.3
2015,10,6,20,30,23.8,0,39.61,1.1,9.200000000000001
2015,10,6,21,30,23.200000000000003,0,41.17,1.1,9.3
2015,10,6,22,30,22.5,0,43.64,1.2000000000000002,9.5
2015,10,6,23,30,21.8,0,46.69,1.2000000000000002,9.9
2015,10,7,0,30,21,0,50.47,1.2000000000000002,10.3
2015,10,7,1,30,20.200000000000003,0,54.76,1.2000000000000002,10.8
2015,10,7,2,30,19.6,0,58.97,1.2000000000000002,11.4
2015,10,7,3,30,19.200000000000003,0,62.78,1.1,11.9
2015,10,7,4,30,19.1,0,65.53,1,12.5
2015,10,7,5,30,18.900000000000002,0,68.33,0.9,12.9
2015,10,7,6,30,19.6,0,67.13,1.3,13.3
2015,10,7,7,30,21.200000000000003,173,62.13,1.7000000000000002,13.700000000000001
2015,10,7,8,30,23.700000000000003,336,54.35,1.3,13.9
2015,10,7,9,30,26.700000000000003,464,44.77,0.9,13.700000000000001
2015,10,7,10,30,29.1,585,37.5,0.7000000000000001,13.100000000000001
2015,10,7,11,30,30.900000000000002,800,32.95,0.8,12.700000000000001
2015,10,7,12,30,32,796,29.98,1.3,12.3
2015,10,7,13,30,32.5,769,28.53,1.7000000000000002,11.9
2015,10,7,14,30,32.300000000000004,628,28.6,1.8,11.8
2015,10,7,15,30,31.6,484,29.72,1.9000000000000001,11.8
2015,10,7,16,30,30.3,281,32.14,1.6,11.8
2015,10,7,17,30,28.200000000000003,65,38.57,1.1,12.8
2015,10,7,18,30,26.400000000000002,0,44.18,1,13.200000000000001
2015,10,7,19,30,25.8,0,44.86,1.2000000000000002,12.9
2015,10,7,20,30,25.3,0,45.86,1.2000000000000002,12.8
2015,10,7,21,30,24.8,0,47.04,1.2000000000000002,12.700000000000001
2015,10,7,22,30,24.200000000000003,0,48.730000000000004,1.1,12.700000000000001
2015,10,7,23,30,23.700000000000003,0,50.43,1.1,12.8
2015,10,8,0,30,23.3,0,52.13,1,12.9
2015,10,8,1,30,22.8,0,54.550000000000004,1,13.200000000000001
2015,10,8,2,30,22.6,0,56.620000000000005,0.8,13.5
2015,10,8,3,30,22.5,0,59.03,0.7000000000000001,14.100000000000001
2015,10,8,4,30,22.6,0,60.47,0.5,14.600000000000001
2015,10,8,5,30,22.5,0,62.050000000000004,0.30000000000000004,14.9
2015,10,8,6,30,22.6,0,62.61,0.5,15.100000000000001
2015,10,8,7,30,23.6,157,59.58,1,15.3
2015,10,8,8,30,25.700000000000003,361,53.68,1.2000000000000002,15.600000000000001
2015,10,8,9,30,28,547,48.68,1.2000000000000002,16.2
2015,10,8,10,30,29.400000000000002,689,43.550000000000004,1.5,15.700000000000001
2015,10,8,11,30,30.3,668,40.59,1.7000000000000002,15.4
2015,10,8,12,30,30.900000000000002,730,38.84,1.6,15.3
2015,10,8,13,30,31.1,357,38.12,1.5,15.200000000000001
2015,10,8,14,30,31,583,38.1,1.5,15.100000000000001
2015,10,8,15,30,30.6,360,38.63,1.6,14.9
2015,10,8,16,30,29.700000000000003,222,40.24,1.2000000000000002,14.8
2015,10,8,17,30,27.8,66,47.1,0.9,15.5
2015,10,8,18,30,26.5,0,50.26,1.1,15.3
2015,10,8,19,30,26,0,50.56,1.3,14.9
2015,10,8,20,30,25.5,0,51.34,1.5,14.700000000000001
2015,10,8,21,30,25,0,53.1,1.4000000000000001,14.8
2015,10,8,22,30,24.3,0,55.97,1.2000000000000002,15
2015,10,8,23,30,23.8,0,58.25,1,15.100000000000001
2015,10,9,0,30,23.400000000000002,0,60.28,0.9,15.3
2015,10,9,1,30,23,0,62.09,0.8,15.4
2015,10,9,2,30,22.6,0,63.660000000000004,0.8,15.4
2015,10,9,3,30,22.400000000000002,0,64.54,0.8,15.4
2015,10,9,4,30,22.400000000000002,0,64.81,0.8,15.5
2015,10,9,5,30,22.400000000000002,0,65.12,0.8,15.5
2015,10,9,6,30,22.8,0,64.13,1.2000000000000002,15.700000000000001
2015,10,9,7,30,23.8,85,61.120000000000005,1.7000000000000002,15.9
2015,10,9,8,30,25.5,218,56.46,1.7000000000000002,16.2
2015,10,9,9,30,28,417,49.800000000000004,1.4000000000000001,16.5
2015,10,9,10,30,30.1,532,44.47,1.3,16.7
2015,10,9,11,30,31.400000000000002,657,41.21,1.3,16.7
2015,10,9,12,30,32.1,591,39,1.5,16.400000000000002
2015,10,9,13,30,32.5,577,37.300000000000004,1.8,16.1
2015,10,9,14,30,32.4,464,36.660000000000004,2.1,15.700000000000001
2015,10,9,15,30,31.900000000000002,208,36.83,2.2,15.3
2015,10,9,16,30,31,183,37.910000000000004,2,15
2015,10,9,17,30,29,31,42.34,1.6,14.9
2015,10,9,18,30,27.400000000000002,0,47.06,1.8,15.100000000000001
2015,10,9,19,30,26.700000000000003,0,47.92,2.7,14.8
2015,10,9,20,30,25.900000000000002,0,50.03,3.4000000000000004,14.700000000000001
2015,10,9,21,30,24.700000000000003,0,54.61,3.8000000000000003,14.9
2015,10,9,22,30,23.3,0,61.050000000000004,4.1000000000000005,15.4
2015,10,9,23,30,22.1,0,66.77,4,15.600000000000001
2015,10,10,0,30,21.1,0,70.19,3.7,15.5
2015,10,10,1,30,20.200000000000003,0,72.11,3.4000000000000004,15
2015,10,10,2,30,19.400000000000002,0,73.39,2.9000000000000004,14.5
2015,10,10,3,30,18.8,0,74.06,2.3000000000000003,14.100000000000001
2015,10,10,4,30,18.2,0,75.32000000000001,1.8,13.8
2015,10,10,5,30,17.7,0,76.84,1.6,13.600000000000001
2015,10,10,6,30,18,0,74.84,2.1,13.5
2015,10,10,7,30,19.6,158,65.93,2.5,13.100000000000001
2015,10,10,8,30,22.1,367,52.33,2.3000000000000003,11.9
2015,10,10,9,30,24.5,558,42.01,2.1,10.8
2015,10,10,10,30,26.6,697,35.02,2.1,9.9
2015,10,10,11,30,28.3,772,30.94,2,9.5
2015,10,10,12,30,29.6,805,29.01,1.9000000000000001,9.700000000000001
2015,10,10,13,30,30.5,755,28.19,1.9000000000000001,10
2015,10,10,14,30,30.8,638,28.52,2.1,10.5
2015,10,10,15,30,30.5,469,29.64,2.1,10.8
2015,10,10,16,30,29.5,268,31.720000000000002,1.8,10.9
2015,10,10,17,30,27.3,68,37.300000000000004,1.1,11.5
2015,10,10,18,30,25.200000000000003,0,44.86,0.9,12.4
2015,10,10,19,30,24.200000000000003,0,45.69,0.9,11.8
2015,10,10,20,30,23.3,0,46.46,0.9,11.200000000000001
2015,10,10,21,30,22.400000000000002,0,46.97,1,10.5
2015,10,10,22,30,21.700000000000003,0,46.480000000000004,1.1,9.700000000000001
2015,10,10,23,30,21.200000000000003,0,45.230000000000004,1.2000000000000002,8.9
2015,10,11,0,30,20.6,0,44.230000000000004,1.3,8
2015,10,11,1,30,20.1,0,43.19,1.5,7.2
2015,10,11,2,30,19.6,0,42.81,1.5,6.6000000000000005
2015,10,11,3,30,19.1,0,43.57,1.6,6.4
2015,10,11,4,30,18.7,0,45.410000000000004,1.5,6.7
2015,10,11,5,30,18.3,0,48.25,1.5,7.2
2015,10,11,6,30,18.900000000000002,0,48.61,2,7.800000000000001
2015,10,11,7,30,21.3,156,43.49,2.5,8.4
2015,10,11,8,30,25.6,361,34.68,3.2,8.9
2015,10,11,9,30,29.8,548,29.96,4.1000000000000005,10.3
2015,10,11,10,30,32.5,691,31.12,4,13.3
2015,10,11,11,30,34.2,775,30.53,4,14.4
2015,10,11,12,30,35.4,800,29.17,4.2,14.8
2015,10,11,13,30,36,749,28.21,4.4,14.700000000000001
2015,10,11,14,30,36.2,635,27.52,4.5,14.5
2015,10,11,15,30,35.7,462,27.91,4.6000000000000005,14.3
2015,10,11,16,30,34.5,260,29.560000000000002,4.3,14.200000000000001
2015,10,11,17,30,32,63,34.36,3.3000000000000003,14.3
2015,10,11,18,30,30,0,39.89,3.2,14.9
2015,10,11,19,30,29.200000000000003,0,42.93,3.7,15.3
2015,10,11,20,30,28.200000000000003,0,46.92,3.7,15.8
2015,10,11,21,30,27.3,0,50.77,3.7,16.2
2015,10,11,22,30,26.400000000000002,0,54.81,3.8000000000000003,16.6
2015,10,11,23,30,25.6,0,59.01,4.1000000000000005,17
2015,10,12,0,30,24.700000000000003,0,64.54,4.3,17.6
2015,10,12,1,30,23.900000000000002,0,70.94,4.5,18.3
2015,10,12,2,30,23.1,0,78.41,4.5,19.1
2015,10,12,3,30,22.400000000000002,0,85.60000000000001,4.5,19.900000000000002
2015,10,12,4,30,22,0,90.57000000000001,4.5,20.400000000000002
2015,10,12,5,30,21.8,0,93.42,4.5,20.700000000000003
2015,10,12,6,30,22.1,0,92.52,4.800000000000001,20.8
2015,10,12,7,30,24.1,150,82.27,5.800000000000001,20.900000000000002
2015,10,12,8,30,27.400000000000002,355,65.61,6.5,20.400000000000002
2015,10,12,9,30,30.5,540,51.78,6.2,19.5
2015,10,12,10,30,32.9,679,43.800000000000004,5.5,19
2015,10,12,11,30,34.800000000000004,762,38.77,4.7,18.7
2015,10,12,12,30,36.5,781,34.62,4,18.400000000000002
2015,10,12,13,30,37.7,729,31.48,3.2,17.900000000000002
2015,10,12,14,30,38.1,614,29.82,2.6,17.400000000000002
2015,10,12,15,30,37.5,446,30.01,2.1,17
2015,10,12,16,30,36,247,32.19,1.4000000000000001,16.8
2015,10,12,17,30,33.6,57,38.13,1.2000000000000002,17.400000000000002
2015,10,12,18,30,31.6,0,43.47,1.8,17.7
2015,10,12,19,30,30.1,0,47.31,2.3000000000000003,17.7
2015,10,12,20,30,28.700000000000003,0,51.230000000000004,2.4000000000000004,17.6
2015,10,12,21,30,27.5,0,52.77,2.5,17
2015,10,12,22,30,26.400000000000002,0,50.99,2.7,15.4
2015,10,12,23,30,25.200000000000003,0,47,3,13.100000000000001
2015,10,13,0,30,23.900000000000002,0,42.19,3.1,10.3
2015,10,13,1,30,22.6,0,37.54,3.1,7.4
2015,10,13,2,30,21.3,0,34.85,3,5.2
2015,10,13,3,30,20.1,0,35.06,2.6,4.2
2015,10,13,4,30,18.900000000000002,0,37.04,2.4000000000000004,3.9000000000000004
2015,10,13,5,30,17.7,0,39.78,2.2,3.8000000000000003
2015,10,13,6,30,17.8,0,39.39,2.6,3.8000000000000003
2015,10,13,7,30,19.8,174,34.05,2.9000000000000004,3.5
2015,10,13,8,30,24.1,393,25.66,3.1,3.2
2015,10,13,9,30,28.400000000000002,586,15.67,3.7,-0.1
2015,10,13,10,30,30.8,731,11.370000000000001,3.7,-2.6
2015,10,13,11,30,32.300000000000004,815,10.13,3.6,-3
2015,10,13,12,30,33.4,833,9.81,3.5,-2.6
2015,10,13,13,30,34,780,10.01,3.4000000000000004,-1.9000000000000001
2015,10,13,14,30,34,662,10.43,3.2,-1.3
2015,10,13,15,30,33.5,489,10.94,3,-1.1
2015,10,13,16,30,31.6,278,12.22,2,-1
2015,10,13,17,30,28.3,67,19.64,1.2000000000000002,2.9000000000000004
2015,10,13,18,30,26,0,23.12,1.2000000000000002,3.3000000000000003
2015,10,13,19,30,25.1,0,23.68,1.2000000000000002,2.9000000000000004
2015,10,13,20,30,24.200000000000003,0,24.38,1.2000000000000002,2.6
2015,10,13,21,30,23.5,0,24.88,1.2000000000000002,2.3000000000000003
2015,10,13,22,30,22.900000000000002,0,25.46,1.2000000000000002,2.1
2015,10,13,23,30,22.3,0,26.080000000000002,1.1,1.9000000000000001
2015,10,14,0,30,21.700000000000003,0,26.76,1.1,1.8
2015,10,14,1,30,21.1,0,27.48,1,1.6
2015,10,14,2,30,20.5,0,28.240000000000002,1,1.5
2015,10,14,3,30,19.900000000000002,0,29.11,0.9,1.4000000000000001
2015,10,14,4,30,19.3,0,29.990000000000002,0.9,1.3
2015,10,14,5,30,18.7,0,30.91,0.9,1.2000000000000002
2015,10,14,6,30,19.200000000000003,0,29.830000000000002,0.9,1.1
2015,10,14,7,30,21.8,168,27.35,1.2000000000000002,2.1
2015,10,14,8,30,25.900000000000002,385,18.5,1.5,0.1
2015,10,14,9,30,30.5,579,13.93,1.9000000000000001,-0.1
2015,10,14,10,30,33.7,726,10.950000000000001,2.4000000000000004,-0.9
2015,10,14,11,30,35.300000000000004,810,10.1,2.5,-0.8
2015,10,14,12,30,36.300000000000004,826,9.58,2.4000000000000004,-0.8
2015,10,14,13,30,36.800000000000004,773,9.31,2.3000000000000003,-0.8
2015,10,14,14,30,36.7,654,9.36,2.3000000000000003,-0.8
2015,10,14,15,30,36,481,9.78,2.2,-0.7000000000000001
2015,10,14,16,30,33.6,271,11.28,1.6,-0.6000000000000001
2015,10,14,17,30,29.5,62,19.16,1.2000000000000002,3.6
2015,10,14,18,30,26.6,0,22.52,1.3,3.5
2015,10,14,19,30,25.3,0,23.44,1.5,2.9000000000000004
2015,10,14,20,30,24.3,0,24.400000000000002,1.7000000000000002,2.7
2015,10,14,21,30,23.5,0,25.830000000000002,2.1,2.8000000000000003
2015,10,14,22,30,22.700000000000003,0,28.5,2.4000000000000004,3.5
2015,10,14,23,30,21.700000000000003,0,32.61,2.5,4.6000000000000005
2015,10,15,0,30,20.700000000000003,0,37.36,2.5,5.6000000000000005
2015,10,15,1,30,19.8,0,42.27,2.4000000000000004,6.6000000000000005
2015,10,15,2,30,18.900000000000002,0,47.7,2.2,7.6000000000000005
2015,10,15,3,30,18.2,0,53.410000000000004,2,8.6
2015,10,15,4,30,17.5,0,59.93,1.8,9.600000000000001
2015,10,15,5,30,16.900000000000002,0,66.44,1.7000000000000002,10.600000000000001
2015,10,15,6,30,17.7,0,66.96000000000001,2.1,11.5
2015,10,15,7,30,20.3,162,59.800000000000004,2.5,12.200000000000001
2015,10,15,8,30,24.6,378,47.57,3,12.700000000000001
2015,10,15,9,30,29.1,573,27.93,3.9000000000000004,8.700000000000001
2015,10,15,10,30,32,717,17.76,4.3,4.5
2015,10,15,11,30,33.9,803,14.5,4.4,3.2
2015,10,15,12,30,35.2,819,13.030000000000001,4.3,2.7
2015,10,15,13,30,35.800000000000004,765,12.38,4.2,2.4000000000000004
2015,10,15,14,30,35.800000000000004,647,12.23,4,2.2
2015,10,15,15,30,35.2,472,12.57,3.8000000000000003,2.2
2015,10,15,16,30,32.9,263,14.31,2.7,2.2
2015,10,15,17,30,28.8,57,19.76,1.7000000000000002,3.4000000000000004
2015,10,15,18,30,26.1,0,24.150000000000002,1.7000000000000002,4
2015,10,15,19,30,25.3,0,24.82,2,3.8000000000000003
2015,10,15,20,30,24.8,0,25.7,2.4000000000000004,3.8000000000000003
2015,10,15,21,30,24.200000000000003,0,28.060000000000002,2.8000000000000003,4.6000000000000005
2015,10,15,22,30,23.200000000000003,0,32.74,2.8000000000000003,5.9
2015,10,15,23,30,22.1,0,38.94,2.5,7.5
2015,10,16,0,30,20.900000000000002,0,46.31,2.2,8.9
2015,10,16,1,30,19.8,0,54.02,1.9000000000000001,10.200000000000001
2015,10,16,2,30,18.7,0,62.22,1.6,11.3
2015,10,16,3,30,17.7,0,70.31,1.3,12.200000000000001
2015,10,16,4,30,17.1,0,75.32000000000001,1.3,12.700000000000001
2015,10,16,5,30,17,0,74.36,1.8,12.4
2015,10,16,6,30,18,0,63.89,2.8000000000000003,11.100000000000001
2015,10,16,7,30,20.6,158,48.67,3.2,9.4
2015,10,16,8,30,24.3,372,37.65,3.3000000000000003,8.9
2015,10,16,9,30,28.1,564,29.77,3.3000000000000003,8.8
2015,10,16,10,30,30.8,707,21.87,2.9000000000000004,6.5
2015,10,16,11,30,32.6,791,17.400000000000002,2.6,4.7
2015,10,16,12,30,33.6,807,15.34,2.5,3.7
2015,10,16,13,30,34.1,752,14.450000000000001,2.6,3.3000000000000003
2015,10,16,14,30,34,633,14.32,2.7,3.1
2015,10,16,15,30,33.300000000000004,457,14.790000000000001,2.9000000000000004,3
2015,10,16,16,30,31.400000000000002,251,16.38,2.3000000000000003,2.9000000000000004
2015,10,16,17,30,27.900000000000002,33,22.06,1.8,4.3
2015,10,16,18,30,25.5,0,26.16,2.4000000000000004,4.7
2015,10,16,19,30,24.8,0,27.12,3.3000000000000003,4.6000000000000005
2015,10,16,20,30,24,0,29.88,3.8000000000000003,5.300000000000001
2015,10,16,21,30,23.1,0,33.57,3.7,6.2
2015,10,16,22,30,22.200000000000003,0,37.37,3.1,7
2015,10,16,23,30,21.3,0,40.78,2.6,7.4
2015,10,17,0,30,20.5,0,43.51,2.5,7.7
2015,10,17,1,30,20,0,44.980000000000004,2.5,7.7
2015,10,17,2,30,19.5,0,45.99,2.6,7.6000000000000005
2015,10,17,3,30,18.900000000000002,0,47.04,2.6,7.4
2015,10,17,4,30,18.3,0,47.78,2.5,7
2015,10,17,5,30,17.8,0,47.410000000000004,2.5,6.5
2015,10,17,6,30,17.6,0,45.480000000000004,2.7,5.7
2015,10,17,7,30,18.6,147,39.35,3.5,4.5
2015,10,17,8,30,20.5,355,29.04,3.9000000000000004,1.9000000000000001
2015,10,17,9,30,22.700000000000003,455,23.490000000000002,3.8000000000000003,0.8
2015,10,17,10,30,24.900000000000002,678,21.95,3.5,1.7000000000000002
2015,10,17,11,30,26.700000000000003,660,21.18,3.3000000000000003,2.7
2015,10,17,12,30,28.200000000000003,675,19.98,3.3000000000000003,3.1
2015,10,17,13,30,29.200000000000003,733,19.07,3.4000000000000004,3.3000000000000003
2015,10,17,14,30,29.5,617,19.07,3.5,3.5
2015,10,17,15,30,29,444,19.900000000000002,3.5,3.7
2015,10,17,16,30,27.5,241,21.53,3.1,3.6
2015,10,17,17,30,24.5,47,25.240000000000002,2.2,3.3000000000000003
2015,10,17,18,30,22.1,0,28.92,2.1,3.2
2015,10,17,19,30,21.200000000000003,0,28.67,2.5,2.3000000000000003
2015,10,17,20,30,20.200000000000003,0,28.85,2.6,1.5
2015,10,17,21,30,19.200000000000003,0,28.78,2.6,0.6000000000000001
2015,10,17,22,30,18.3,0,28.28,2.4000000000000004,-0.4
2015,10,17,23,30,17.5,0,27.79,2.3000000000000003,-1.3
2015,10,18,0,30,16.8,0,27.900000000000002,2.3000000000000003,-1.9000000000000001
2015,10,18,1,30,16.400000000000002,0,27.98,2.3000000000000003,-2.2
2015,10,18,2,30,16.1,0,28.28,2.3000000000000003,-2.3000000000000003
2015,10,18,3,30,15.700000000000001,0,29.2,2.1,-2.2
2015,10,18,4,30,15.5,0,29.98,1.9000000000000001,-2
2015,10,18,5,30,15,0,31.41,1.6,-1.8
2015,10,18,6,30,15,0,32.06,1.8,-1.5
2015,10,18,7,30,16.5,147,28.580000000000002,2.8000000000000003,-1.8
2015,10,18,8,30,19.1,358,22.28,3.4000000000000004,-3
2015,10,18,9,30,21.700000000000003,547,17.900000000000002,3.2,-3.7
2015,10,18,10,30,24.1,692,15.01,2.9000000000000004,-4.2
2015,10,18,11,30,26.1,776,13.18,2.8000000000000003,-4.3
2015,10,18,12,30,27.5,792,12.36,2.8000000000000003,-4.1000000000000005
2015,10,18,13,30,28.400000000000002,738,12.540000000000001,3,-3.2
2015,10,18,14,30,28.8,620,13.49,3.1,-1.9000000000000001
2015,10,18,15,30,28.400000000000002,449,14.94,3.2,-0.8
2015,10,18,16,30,26.8,244,17.29,2.6,-0.1
2015,10,18,17,30,23.5,46,22.650000000000002,1.8,1
2015,10,18,18,30,21.1,0,27.69,1.7000000000000002,1.7000000000000002
2015,10,18,19,30,20.3,0,28.71,2.1,1.5
2015,10,18,20,30,19.6,0,29.78,2.4000000000000004,1.4000000000000001
2015,10,18,21,30,18.7,0,31.240000000000002,2.5,1.3
2015,10,18,22,30,17.8,0,32.67,2.5,1.2000000000000002
2015,10,18,23,30,16.900000000000002,0,34.15,2.4000000000000004,1
2015,10,19,0,30,16.1,0,35.51,2.2,0.8
2015,10,19,1,30,15.3,0,37.04,2,0.7000000000000001
2015,10,19,2,30,14.5,0,38.82,1.7000000000000002,0.6000000000000001
2015,10,19,3,30,13.8,0,40.67,1.4000000000000001,0.7000000000000001
2015,10,19,4,30,13.200000000000001,0,42.5,1.2000000000000002,0.7000000000000001
2015,10,19,5,30,12.600000000000001,0,44.410000000000004,1.2000000000000002,0.8
2015,10,19,6,30,13.200000000000001,0,43.08,1.5,0.9
2015,10,19,7,30,15.4,146,37.63,2,1
2015,10,19,8,30,19.200000000000003,355,29.14,2.6,0.8
2015,10,19,9,30,22.900000000000002,544,19.67,3,-1.5
2015,10,19,10,30,25.5,686,16.64,2.8000000000000003,-1.6
2015,10,19,11,30,27.700000000000003,769,15.870000000000001,2.7,-0.5
2015,10,19,12,30,29.200000000000003,785,16.29,2.8000000000000003,1
2015,10,19,13,30,30,731,16.76,2.9000000000000004,2.1
2015,10,19,14,30,30.1,612,16.95,2.9000000000000004,2.3000000000000003
2015,10,19,15,30,29.6,441,17.29,2.9000000000000004,2.2
2015,10,19,16,30,27.6,235,19.2,2.3000000000000003,2
2015,10,19,17,30,24.5,41,24.35,1.6,2.8000000000000003
2015,10,19,18,30,22.700000000000003,0,27.52,1.8,3
2015,10,19,19,30,22.3,0,27.2,2.4000000000000004,2.5
2015,10,19,20,30,21.400000000000002,0,27.95,2.7,2.1
2015,10,19,21,30,20.200000000000003,0,29.490000000000002,2.9000000000000004,1.8
2015,10,19,22,30,19.1,0,31.28,3,1.7000000000000002
2015,10,19,23,30,18.1,0,33.94,3,2
2015,10,20,0,30,17,0,39.09,2.7,3
2015,10,20,1,30,16,0,46.45,2.3000000000000003,4.5
2015,10,20,2,30,15.100000000000001,0,55.02,1.9000000000000001,6.1000000000000005
2015,10,20,3,30,14.3,0,64.04,1.5,7.6000000000000005
2015,10,20,4,30,13.700000000000001,0,72.44,1.2000000000000002,8.8
2015,10,20,5,30,13.200000000000001,0,80.16,1,9.9
2015,10,20,6,30,13.8,0,81.55,1.3,10.700000000000001
2015,10,20,7,30,16.1,141,74.09,1.9000000000000001,11.5
2015,10,20,8,30,19.700000000000003,346,63.92,2.7,12.700000000000001
2015,10,20,9,30,23.3,534,57.08,3.3000000000000003,14.3
2015,10,20,10,30,26,677,46.85,3.4000000000000004,13.8
2015,10,20,11,30,28.1,759,39.300000000000004,3.4000000000000004,13
2015,10,20,12,30,29.5,773,34.85,3.6,12.4
2015,10,20,13,30,30.400000000000002,702,32.65,3.8000000000000003,12.200000000000001
2015,10,20,14,30,30.700000000000003,416,32.57,4.1000000000000005,12.4
2015,10,20,15,30,30.3,295,34.49,4.1000000000000005,12.9
2015,10,20,16,30,29.1,204,38.75,3.7,13.600000000000001
2015,10,20,17,30,26.8,27,47.28,2.8000000000000003,14.600000000000001
2015,10,20,18,30,25.200000000000003,0,55.84,2.7,15.8
2015,10,20,19,30,24.8,0,61.09,3.2,16.8
2015,10,20,20,30,24.3,0,67.02,3.6,17.8
2015,10,20,21,30,23.400000000000002,0,74.94,3.8000000000000003,18.7
2015,10,20,22,30,22.400000000000002,0,83.48,3.5,19.5
2015,10,20,23,30,21.6,0,90.69,3.2,20
2015,10,21,0,30,21.200000000000003,0,94.85000000000001,2.9000000000000004,20.3
2015,10,21,1,30,21,0,96.62,2.6,20.400000000000002
2015,10,21,2,30,21,0,96.53,2.5,20.400000000000002
2015,10,21,3,30,21,0,96.54,2.5,20.400000000000002
2015,10,21,4,30,21,0,96.53,2.5,20.400000000000002
2015,10,21,5,30,21,0,96.47,2.6,20.400000000000002
2015,10,21,6,30,21.200000000000003,0,94.97,2.9000000000000004,20.400000000000002
2015,10,21,7,30,22.3,72,88.62,3.5,20.3
2015,10,21,8,30,24.1,107,80.07000000000001,3.9000000000000004,20.400000000000002
2015,10,21,9,30,26,172,71.5,4.2,20.400000000000002
2015,10,21,10,30,27.400000000000002,220,63.77,4.2,19.900000000000002
2015,10,21,11,30,28.200000000000003,437,58.52,4.2,19.3
2015,10,21,12,30,28.8,396,54.88,4.2,18.8
2015,10,21,13,30,29.400000000000002,307,51.25,4.3,18.3
2015,10,21,14,30,29.6,374,48.620000000000005,4.5,17.6
2015,10,21,15,30,29.5,353,47.11,4.7,17
2015,10,21,16,30,28.700000000000003,156,47.81,4.4,16.5
2015,10,21,17,30,27,22,51.910000000000004,3.2,16.3
2015,10,21,18,30,25.400000000000002,0,57.32,2.5,16.400000000000002
2015,10,21,19,30,24.6,0,60.47,2.6,16.400000000000002
2015,10,21,20,30,23.900000000000002,0,63.68,2.7,16.6
2015,10,21,21,30,23.1,0,67.3,2.6,16.7
2015,10,21,22,30,22.3,0,71.42,2.4000000000000004,16.900000000000002
2015,10,21,23,30,21.6,0,76.4,2.2,17.3
2015,10,22,0,30,20.900000000000002,0,82.63,2.2,17.8
2015,10,22,1,30,20.5,0,87.54,2.3000000000000003,18.400000000000002
2015,10,22,2,30,20.200000000000003,0,91.5,2.5,18.8
2015,10,22,3,30,20.1,0,93.64,2.8000000000000003,19
2015,10,22,4,30,20.200000000000003,0,94.73,3,19.3
2015,10,22,5,30,20.3,0,95.14,2.9000000000000004,19.5
2015,10,22,6,30,20.6,0,94.51,3,19.700000000000003
2015,10,22,7,30,21.8,125,89.2,3.5,19.900000000000002
2015,10,22,8,30,23.900000000000002,88,82.12,4.5,20.700000000000003
2015,10,22,9,30,26.200000000000003,125,73.9,5.300000000000001,21.200000000000003
2015,10,22,10,30,28,216,65.43,5.6000000000000005,20.900000000000002
2015,10,22,11,30,29.400000000000002,229,59.910000000000004,5.6000000000000005,20.8
2015,10,22,12,30,30.1,723,57.89,5.6000000000000005,20.900000000000002
2015,10,22,13,30,30.200000000000003,359,58.17,5.5,21.1
2015,10,22,14,30,29.8,243,60.31,5.300000000000001,21.3
2015,10,22,15,30,29,233,64.32000000000001,4.9,21.6
2015,10,22,16,30,27.700000000000003,113,70.87,4.1000000000000005,21.900000000000002
2015,10,22,17,30,26.1,26,80.44,3.5,22.5
2015,10,22,18,30,25,0,87.31,3.5,22.700000000000003
2015,10,22,19,30,24.3,0,91.39,3.8000000000000003,22.8
2015,10,22,20,30,23.8,0,94.52,3.8000000000000003,22.900000000000002
2015,10,22,21,30,23.6,0,96.18,3.7,23
2015,10,22,22,30,23.5,0,97.31,3.3000000000000003,23
2015,10,22,23,30,23.400000000000002,0,98.18,2.9000000000000004,23.1
2015,10,23,0,30,23.3,0,98.7,2.7,23.1
2015,10,23,1,30,23.3,0,98.78,2.6,23.1
2015,10,23,2,30,23.3,0,98.91,2.6,23.1
2015,10,23,3,30,23.3,0,99.16,2.4000000000000004,23.200000000000003
2015,10,23,4,30,23.3,0,99.17,2.1,23.200000000000003
2015,10,23,5,30,23.200000000000003,0,100,1.5,23.200000000000003
2015,10,23,6,30,23.3,0,99.07000000000001,1,23.1
2015,10,23,7,30,23.8,54,97.49000000000001,1.2000000000000002,23.400000000000002
2015,10,23,8,30,24.6,10,95.18,1.9000000000000001,23.8
2015,10,23,9,30,25.5,12,93.11,2.7,24.3
2015,10,23,10,30,26.3,73,91.5,3.2,24.8
2015,10,23,11,30,26.700000000000003,32,90.51,3.3000000000000003,25
2015,10,23,12,30,26.6,23,91.78,3.3000000000000003,25.200000000000003
2015,10,23,13,30,26.400000000000002,97,94.27,3.3000000000000003,25.400000000000002
2015,10,23,14,30,26.200000000000003,129,96.52,3.1,25.6
2015,10,23,15,30,26,57,98.5,3,25.700000000000003
2015,10,23,16,30,25.6,37,100,3,25.6
2015,10,23,17,30,25.1,12,100,3.2,25.1
2015,10,23,18,30,24.6,0,100,3.6,24.6
2015,10,23,19,30,24,0,100,3.9000000000000004,24
2015,10,23,20,30,23.6,0,100,4.2,23.6
2015,10,23,21,30,23.3,0,99.46000000000001,4.6000000000000005,23.200000000000003
2015,10,23,22,30,23.1,0,99.18,4.6000000000000005,23
2015,10,23,23,30,23.1,0,98.67,3.9000000000000004,22.900000000000002
2015,10,24,0,30,23,0,99.05,3.5,22.8
2015,10,24,1,30,22.900000000000002,0,99.23,3.1,22.8
2015,10,24,2,30,22.8,0,99.35000000000001,2.7,22.700000000000003
2015,10,24,3,30,22.6,0,99.47,2.6,22.5
2015,10,24,4,30,22.3,0,99.74000000000001,2.3000000000000003,22.3
2015,10,24,5,30,22,0,99.78,1.9000000000000001,22
2015,10,24,6,30,21.5,0,99.83,1.5,21.5
2015,10,24,7,30,21.200000000000003,11,99.35000000000001,1.7000000000000002,21.1
2015,10,24,8,30,21,18,97.86,2.7,20.6
2015,10,24,9,30,21,66,95.31,3.6,20.200000000000003
2015,10,24,10,30,21.3,170,93.34,3.7,20.200000000000003
2015,10,24,11,30,21.6,125,91.19,3.6,20.1
2015,10,24,12,30,21.8,166,91.51,3.8000000000000003,20.400000000000002
2015,10,24,13,30,21.6,97,92.97,4.2,20.400000000000002
2015,10,24,14,30,20.900000000000002,135,95.11,4.800000000000001,20.1
2015,10,24,15,30,19.700000000000003,65,96.16,5.4,19.1
2015,10,24,16,30,18.3,72,95.19,5.6000000000000005,17.5
2015,10,24,17,30,17.1,8,91.43,5.2,15.700000000000001
2015,10,24,18,30,16.2,0,89.17,5,14.4
2015,10,24,19,30,15.600000000000001,0,89.83,5.1000000000000005,13.9
2015,10,24,20,30,15.200000000000001,0,90.92,5.2,13.700000000000001
2015,10,24,21,30,14.9,0,91.63,5.2,13.5
2015,10,24,22,30,14.600000000000001,0,92.08,5.4,13.3
2015,10,24,23,30,14.200000000000001,0,92.59,5.6000000000000005,13
2015,10,25,0,30,13.9,0,92.31,5.7,12.700000000000001
2015,10,25,1,30,13.700000000000001,0,91.31,5.7,12.3
2015,10,25,2,30,13.5,0,90.43,5.7,12
2015,10,25,3,30,13.4,0,89.26,5.6000000000000005,11.700000000000001
2015,10,25,4,30,13.4,0,88.18,5.4,11.5
2015,10,25,5,30,13.3,0,88.4,5.1000000000000005,11.4
2015,10,25,6,30,13.3,0,88.76,4.800000000000001,11.5
2015,10,25,7,30,14,8,86.31,4.9,11.700000000000001
2015,10,25,8,30,15.3,19,82.86,5.2,12.4
2015,10,25,9,30,16.5,197,81.44,5.300000000000001,13.3
2015,10,25,10,30,17.5,148,80.46000000000001,5.4,14.100000000000001
2015,10,25,11,30,18.1,66,79.91,5.6000000000000005,14.600000000000001
2015,10,25,12,30,18.5,117,79.08,5.9,14.8
2015,10,25,13,30,18.6,181,78.82000000000001,6.1000000000000005,14.9
2015,10,25,14,30,18.400000000000002,141,79.49,6.1000000000000005,14.8
2015,10,25,15,30,18.1,96,80.7,5.800000000000001,14.700000000000001
2015,10,25,16,30,17.5,7,83.61,5.4,14.700000000000001
2015,10,25,17,30,16.900000000000002,14,86.73,5,14.700000000000001
2015,10,25,18,30,16.400000000000002,0,88.97,4.7,14.600000000000001
2015,10,25,19,30,16,0,90.65,4.5,14.5
2015,10,25,20,30,15.600000000000001,0,91.58,4.5,14.200000000000001
2015,10,25,21,30,15.3,0,90.91,4.7,13.8
2015,10,25,22,30,14.9,0,89.57000000000001,4.9,13.200000000000001
2015,10,25,23,30,14.4,0,87.25,4.9,12.3
2015,10,26,0,30,13.700000000000001,0,86.46000000000001,4.6000000000000005,11.5
2015,10,26,1,30,13,0,86.87,4.2,10.9
2015,10,26,2,30,12.4,0,87.54,4.1000000000000005,10.4
2015,10,26,3,30,12.100000000000001,0,86.73,4.2,10
2015,10,26,4,30,11.700000000000001,0,86.46000000000001,4.1000000000000005,9.5
2015,10,26,5,30,11.4,0,85.88,4,9.1
2015,10,26,6,30,11.4,0,84.21000000000001,3.9000000000000004,8.8
2015,10,26,7,30,12.700000000000001,126,76.7,4.3,8.700000000000001
2015,10,26,8,30,15.200000000000001,73,67.34,4.800000000000001,9.200000000000001
2015,10,26,9,30,17.6,162,63.42,5,10.600000000000001
2015,10,26,10,30,19.700000000000003,653,61.89,5.2,12.200000000000001
2015,10,26,11,30,21.5,734,60.42,5.300000000000001,13.5
2015,10,26,12,30,22.700000000000003,747,59.24,5.4,14.3
2015,10,26,13,30,23.3,693,58.370000000000005,5.300000000000001,14.700000000000001
2015,10,26,14,30,23.3,574,59.03,5,14.8
2015,10,26,15,30,22.700000000000003,404,61.47,4.3,14.9
2015,10,26,16,30,21.3,205,68.19,3.1,15.200000000000001
2015,10,26,17,30,19.400000000000002,25,80.41,2.2,15.9
2015,10,26,18,30,18.3,0,84.26,2.1,15.600000000000001
2015,10,26,19,30,17.8,0,86.06,2.1,15.4
2015,10,26,20,30,17.3,0,88.19,2,15.3
2015,10,26,21,30,16.6,0,90.99,1.8,15.100000000000001
2015,10,26,22,30,16,0,93.10000000000001,1.6,14.9
2015,10,26,23,30,15.4,0,95.09,1.4000000000000001,14.600000000000001
2015,10,27,0,30,15,0,95.96000000000001,1.4000000000000001,14.4
2015,10,27,1,30,14.700000000000001,0,96.60000000000001,1.3,14.200000000000001
2015,10,27,2,30,14.3,0,97.64,1.2000000000000002,13.9
2015,10,27,3,30,13.8,0,99.43,1.2000000000000002,13.700000000000001
2015,10,27,4,30,13.200000000000001,0,100,1.1,13.200000000000001
2015,10,27,5,30,12.8,0,100,1.1,12.8
2015,10,27,6,30,13.200000000000001,0,100,1.5,13.200000000000001
2015,10,27,7,30,15,84,89.82000000000001,2.2,13.3
2015,10,27,8,30,17.8,330,77.41,2.5,13.8
2015,10,27,9,30,20.5,518,67.51,2.6,14.3
2015,10,27,10,30,22.200000000000003,659,60.92,2.7,14.3
2015,10,27,11,30,23.400000000000002,741,56.870000000000005,2.6,14.4
2015,10,27,12,30,24.200000000000003,757,53.86,2.5,14.3
2015,10,27,13,30,24.6,700,51.22,2.4000000000000004,13.9
2015,10,27,14,30,24.700000000000003,579,49.15,2.2,13.3
2015,10,27,15,30,24.3,407,49.07,1.8,12.9
2015,10,27,16,30,22.700000000000003,206,56.04,1.3,13.5
2015,10,27,17,30,20.3,24,72.65,1.1,15.200000000000001
2015,10,27,18,30,18.7,0,69.63,1.2000000000000002,13
2015,10,27,19,30,17.6,0,72.39,1.3,12.600000000000001
2015,10,27,20,30,16.900000000000002,0,73.25,1.5,12.100000000000001
2015,10,27,21,30,16.5,0,72.21000000000001,1.9000000000000001,11.5
2015,10,27,22,30,16.2,0,71.64,2.4000000000000004,11.100000000000001
2015,10,27,23,30,15.9,0,73.88,2.8000000000000003,11.200000000000001
2015,10,28,0,30,15.5,0,79.28,3.1,11.9
2015,10,28,1,30,15,0,85.42,3.2,12.600000000000001
2015,10,28,2,30,14.600000000000001,0,89.3,3.4000000000000004,12.9
2015,10,28,3,30,14.4,0,89.86,3.7,12.8
2015,10,28,4,30,14.200000000000001,0,88.93,4.1000000000000005,12.4
2015,10,28,5,30,14.100000000000001,0,87.47,4.800000000000001,12
2015,10,28,6,30,14.3,0,82.22,5.300000000000001,11.3
2015,10,28,7,30,15.3,127,71.24,5.6000000000000005,10.100000000000001
2015,10,28,8,30,17.1,335,62.980000000000004,6.5,10
2015,10,28,9,30,19.200000000000003,522,57.96,7,10.700000000000001
2015,10,28,10,30,20.900000000000002,664,55.94,6.7,11.8
2015,10,28,11,30,22.1,747,54.120000000000005,6.1000000000000005,12.4
2015,10,28,12,30,22.900000000000002,760,52.67,5.5,12.700000000000001
2015,10,28,13,30,23.200000000000003,705,52.19,5,12.9
2015,10,28,14,30,23,587,52.52,4.6000000000000005,12.8
2015,10,28,15,30,22.400000000000002,369,53.67,3.8000000000000003,12.5
2015,10,28,16,30,20.5,196,60.910000000000004,2.5,12.700000000000001
2015,10,28,17,30,18,17,78.15,1.5,14.100000000000001
2015,10,28,18,30,16.8,0,79.8,1.3,13.3
2015,10,28,19,30,16.400000000000002,0,81.12,1.2000000000000002,13.200000000000001
2015,10,28,20,30,16,0,82.12,1.1,13
2015,10,28,21,30,15.600000000000001,0,82.68,1.1,12.700000000000001
2015,10,28,22,30,15.200000000000001,0,82.78,1,12.3
2015,10,28,23,30,14.9,0,82.36,1,11.9
2015,10,29,0,30,14.600000000000001,0,80.06,1,11.200000000000001
2015,10,29,1,30,14.5,0,74.68,1,10.100000000000001
2015,10,29,2,30,14.5,0,72.78,0.9,9.700000000000001
2015,10,29,3,30,14.200000000000001,0,72.63,0.9,9.4
2015,10,29,4,30,13.600000000000001,0,73.48,0.9,8.9
2015,10,29,5,30,13,0,76.37,0.9,8.9
2015,10,29,6,30,12.8,0,78.48,0.9,9.200000000000001
2015,10,29,7,30,14.200000000000001,121,77.76,1.2000000000000002,10.4
2015,10,29,8,30,16.8,326,70.26,1.6,11.4
2015,10,29,9,30,19.8,511,62.870000000000005,1.8,12.5
2015,10,29,10,30,22.3,652,52.02,1.9000000000000001,12
2015,10,29,11,30,23.5,730,49.34,1.7000000000000002,12.3
2015,10,29,12,30,24.400000000000002,744,48.06,1.7000000000000002,12.700000000000001
2015,10,29,13,30,24.8,689,47.88,1.7000000000000002,13
2015,10,29,14,30,24.700000000000003,569,49.19,2,13.3
2015,10,29,15,30,24.1,398,52.120000000000005,2,13.700000000000001
2015,10,29,16,30,22.1,197,63.45,1.5,14.8
2015,10,29,17,30,19.3,20,83.43,1.3,16.400000000000002
2015,10,29,18,30,17.900000000000002,0,82.62,1.5,14.9
2015,10,29,19,30,17.5,0,83.45,1.7000000000000002,14.700000000000001
2015,10,29,20,30,17.2,0,84.51,1.8,14.600000000000001
2015,10,29,21,30,16.900000000000002,0,86.5,2,14.600000000000001
2015,10,29,22,30,16.8,0,88.13,2.2,14.8
2015,10,29,23,30,16.8,0,90.14,2.7,15.200000000000001
2015,10,30,0,30,16.8,0,93.16,3.1,15.700000000000001
2015,10,30,1,30,17,0,95.22,3.4000000000000004,16.2
2015,10,30,2,30,17.2,0,96.36,3.7,16.6
2015,10,30,3,30,17.400000000000002,0,96.32000000000001,4.1000000000000005,16.8
2015,10,30,4,30,17.6,0,95.89,4.5,16.900000000000002
2015,10,30,5,30,17.900000000000002,0,95.52,5.1000000000000005,17.2
2015,10,30,6,30,18.400000000000002,0,95.41,5.6000000000000005,17.7
2015,10,30,7,30,19,11,94.77,5.9,18.1
2015,10,30,8,30,19.8,13,94.46000000000001,6.1000000000000005,18.900000000000002
2015,10,30,9,30,20.700000000000003,33,94.12,6.1000000000000005,19.700000000000003
2015,10,30,10,30,21.700000000000003,151,93.51,6.4,20.6
2015,10,30,11,30,22.6,160,93.5,7.2,21.5
2015,10,30,12,30,23.200000000000003,101,92.9,8.200000000000001,22
2015,10,30,13,30,23.5,68,92.02,8.700000000000001,22.1
2015,10,30,14,30,23.5,30,90.71000000000001,8.3,21.900000000000002
2015,10,30,15,30,23.1,31,90.71000000000001,7.7,21.5
2015,10,30,16,30,22.400000000000002,59,92.63,7.1000000000000005,21.1
2015,10,30,17,30,21.700000000000003,7,94.43,6.5,20.8
2015,10,30,18,30,21.3,0,95.47,6,20.5
2015,10,30,19,30,21.200000000000003,0,96.22,5.6000000000000005,20.6
2015,10,30,20,30,21.200000000000003,0,97.26,5.2,20.700000000000003
2015,10,30,21,30,21.3,0,97.63,4.800000000000001,20.900000000000002
2015,10,30,22,30,21.3,0,98.17,4.4,21
2015,10,30,23,30,21.3,0,98.46000000000001,3.9000000000000004,21
2015,10,31,0,30,21.400000000000002,0,98.14,3.7,21.1
2015,10,31,1,30,21.5,0,98.4,4.2,21.200000000000003
2015,10,31,2,30,21.6,0,98.87,4.5,21.400000000000002
2015,10,31,3,30,21.6,0,99.31,4.3,21.5
2015,10,31,4,30,21.700000000000003,0,98.85000000000001,3.8000000000000003,21.5
2015,10,31,5,30,21.8,0,98.84,3.4000000000000004,21.6
2015,10,31,6,30,21.700000000000003,0,100,3,21.700000000000003
2015,10,31,7,30,21.400000000000002,100,100,2.9000000000000004,21.400000000000002
2015,10,31,8,30,21.1,199,98.62,3.2,20.900000000000002
2015,10,31,9,30,20.900000000000002,221,94.14,3.8000000000000003,19.900000000000002
2015,10,31,10,30,21.1,119,86.2,4.4,18.7
2015,10,31,11,30,21.5,251,78.37,4.6000000000000005,17.6
2015,10,31,12,30,21.900000000000002,406,74.06,4.4,17.1
2015,10,31,13,30,22.200000000000003,402,71.81,4.2,16.900000000000002
2015,10,31,14,30,22.1,307,71.15,3.9000000000000004,16.6
2015,10,31,15,30,21.5,230,72.06,3.4000000000000004,16.3
2015,10,31,16,30,20,84,77.08,2.5,15.9
2015,10,31,17,30,18,9,88.7,1.7000000000000002,16.1
2015,10,31,18,30,16.7,0,91.93,1.7000000000000002,15.4
2015,10,31,19,30,16.1,0,91.55,2,14.700000000000001
2015,10,31,20,30,15.600000000000001,0,91.32000000000001,2.3000000000000003,14.200000000000001
2015,10,31,21,30,15.200000000000001,0,92,2.3000000000000003,13.9
2015,10,31,22,30,14.8,0,93.69,2.2,13.8
2015,10,31,23,30,14.4,0,95.78,1.9000000000000001,13.700000000000001
2015,11,1,0,30,14.100000000000001,0,96.68,1.8,13.600000000000001
2015,11,1,1,30,14,0,96.74000000000001,1.8,13.5
2015,11,1,2,30,14.100000000000001,0,96,1.8,13.5
2015,11,1,3,30,14.200000000000001,0,95.8,1.7000000000000002,13.5
2015,11,1,4,30,14.200000000000001,0,96.16,1.6,13.600000000000001
2015,11,1,5,30,14,0,97.14,1.5,13.600000000000001
2015,11,1,6,30,14.100000000000001,0,95.77,1.7000000000000002,13.4
2015,11,1,7,30,14.700000000000001,4,92.42,2.2,13.5
2015,11,1,8,30,15.4,11,89.60000000000001,2.2,13.700000000000001
2015,11,1,9,30,16.2,89,85.96000000000001,2,13.8
2015,11,1,10,30,17.3,178,81.56,1.7000000000000002,14.100000000000001
2015,11,1,11,30,18.8,127,76.4,1.4000000000000001,14.600000000000001
2015,11,1,12,30,20.1,66,72.46000000000001,1.2000000000000002,15
2015,11,1,13,30,21,153,69.64,1.2000000000000002,15.200000000000001
2015,11,1,14,30,21.3,261,68.29,1.2000000000000002,15.200000000000001
2015,11,1,15,30,21.1,135,68.54,1.1,15.100000000000001
2015,11,1,16,30,20.1,103,72.71000000000001,0.8,15
2015,11,1,17,30,18.7,15,85.76,0.7000000000000001,16.3
2015,11,1,18,30,17.6,0,89.10000000000001,0.7000000000000001,15.8
2015,11,1,19,30,16.7,0,92.21000000000001,0.7000000000000001,15.4
2015,11,1,20,30,16,0,93.32000000000001,0.8,14.9
2015,11,1,21,30,15.5,0,94.63,0.8,14.600000000000001
2015,11,1,22,30,15,0,96.81,0.8,14.5
2015,11,1,23,30,14.600000000000001,0,99.31,0.8,14.5
2015,11,2,0,30,14.3,0,100,0.8,14.3
2015,11,2,1,30,14.100000000000001,0,100,0.7000000000000001,14.100000000000001
2015,11,2,2,30,13.9,0,100,0.7000000000000001,13.9
2015,11,2,3,30,13.600000000000001,0,100,0.7000000000000001,13.600000000000001
2015,11,2,4,30,13.100000000000001,0,100,0.8,13.100000000000001
2015,11,2,5,30,12.5,0,100,0.9,12.5
2015,11,2,6,30,12.700000000000001,0,100,1,12.700000000000001
2015,11,2,7,30,14.200000000000001,105,93.4,1.6,13.200000000000001
2015,11,2,8,30,16.5,303,86.18,1.8,14.200000000000001
2015,11,2,9,30,19.1,486,77.94,1.4000000000000001,15.200000000000001
2015,11,2,10,30,21.3,627,66.98,0.9,14.9
2015,11,2,11,30,22.700000000000003,707,61.18,0.5,14.8
2015,11,2,12,30,23.5,723,59.54,0.30000000000000004,15.200000000000001
2015,11,2,13,30,23.900000000000002,669,58.94,0.6000000000000001,15.4
2015,11,2,14,30,23.900000000000002,552,59.33,1,15.5
2015,11,2,15,30,23.3,386,61.84,1.3,15.600000000000001
2015,11,2,16,30,21.5,187,71.48,1.2000000000000002,16.1
2015,11,2,17,30,19,15,90.3,1,17.400000000000002
2015,11,2,18,30,17.400000000000002,0,91.25,1.2000000000000002,16
2015,11,2,19,30,16.8,0,93.82000000000001,1.4000000000000001,15.8
2015,11,2,20,30,16.2,0,97.56,1.4000000000000001,15.8
2015,11,2,21,30,15.600000000000001,0,100,1.4000000000000001,15.600000000000001
2015,11,2,22,30,15.100000000000001,0,100,1.3,15.100000000000001
2015,11,2,23,30,14.600000000000001,0,100,1.3,14.600000000000001
2015,11,3,0,30,14.200000000000001,0,100,1.3,14.200000000000001
2015,11,3,1,30,13.9,0,100,1.3,13.9
2015,11,3,2,30,13.600000000000001,0,100,1.3,13.600000000000001
2015,11,3,3,30,13.200000000000001,0,100,1.2000000000000002,13.200000000000001
2015,11,3,4,30,12.9,0,100,1.2000000000000002,12.9
2015,11,3,5,30,12.700000000000001,0,100,1.2000000000000002,12.700000000000001
2015,11,3,6,30,13.200000000000001,0,100,1.2000000000000002,13.200000000000001
2015,11,3,7,30,15.200000000000001,106,96.31,1.8,14.600000000000001
2015,11,3,8,30,18,154,84.58,2.4000000000000004,15.4
2015,11,3,9,30,20.200000000000003,194,78.36,2.5,16.3
2015,11,3,10,30,21.700000000000003,409,72.61,2.3000000000000003,16.6
2015,11,3,11,30,22.8,711,68.83,2.1,16.8
2015,11,3,12,30,23.6,724,65.89,2,16.900000000000002
2015,11,3,13,30,24.1,670,63.190000000000005,1.9000000000000001,16.7
2015,11,3,14,30,24,552,62.97,1.9000000000000001,16.5
2015,11,3,15,30,23.400000000000002,382,64.92,1.9000000000000001,16.400000000000002
2015,11,3,16,30,21.6,183,74.46000000000001,1.5,16.900000000000002
2015,11,3,17,30,19.1,14,91.47,1.2000000000000002,17.7
2015,11,3,18,30,17.8,0,91.73,1.4000000000000001,16.400000000000002
2015,11,3,19,30,17.3,0,94.28,1.6,16.400000000000002
2015,11,3,20,30,16.900000000000002,0,97.31,1.7000000000000002,16.5
2015,11,3,21,30,16.400000000000002,0,100,1.7000000000000002,16.400000000000002
2015,11,3,22,30,15.9,0,100,1.7000000000000002,15.9
2015,11,3,23,30,15.4,0,100,1.7000000000000002,15.4
2015,11,4,0,30,15.100000000000001,0,100,1.7000000000000002,15.100000000000001
2015,11,4,1,30,14.9,0,100,1.7000000000000002,14.9
2015,11,4,2,30,14.700000000000001,0,100,1.7000000000000002,14.700000000000001
2015,11,4,3,30,14.5,0,100,1.7000000000000002,14.5
2015,11,4,4,30,14.600000000000001,0,100,1.6,14.600000000000001
2015,11,4,5,30,14.700000000000001,0,100,1.5,14.700000000000001
2015,11,4,6,30,15.3,0,100,1.7000000000000002,15.3
2015,11,4,7,30,17,98,94.64,2.4000000000000004,16.1
2015,11,4,8,30,19.3,78,86.67,3.2,17
2015,11,4,9,30,21.400000000000002,110,80.83,3.5,18
2015,11,4,10,30,23,192,74.52,3.5,18.2
2015,11,4,11,30,24.200000000000003,144,70.23,3.5,18.400000000000002
2015,11,4,12,30,24.900000000000002,240,68.21000000000001,3.4000000000000004,18.6
2015,11,4,13,30,25.3,374,67.32000000000001,3.5,18.8
2015,11,4,14,30,25.200000000000003,518,68.3,3.5,18.900000000000002
2015,11,4,15,30,24.6,352,71.37,3.3000000000000003,19.1
2015,11,4,16,30,23.3,161,79.13,2.6,19.5
2015,11,4,17,30,21.900000000000002,0,88.38,2.2,19.900000000000002
2015,11,4,18,30,21.3,0,90.64,2.6,19.700000000000003
2015,11,4,19,30,21.1,0,92.14,3.1,19.8
2015,11,4,20,30,20.900000000000002,0,93.96000000000001,3.4000000000000004,19.900000000000002
2015,11,4,21,30,20.700000000000003,0,96.17,3.6,20.1
2015,11,4,22,30,20.700000000000003,0,97.41,3.6,20.3
2015,11,4,23,30,20.700000000000003,0,98.18,3.6,20.400000000000002
2015,11,5,0,30,20.700000000000003,0,98.39,3.5,20.400000000000002
2015,11,5,1,30,20.700000000000003,0,98.19,3.5,20.400000000000002
2015,11,5,2,30,20.8,0,97.59,3.6,20.400000000000002
2015,11,5,3,30,20.8,0,98.01,3.3000000000000003,20.5
2015,11,5,4,30,20.700000000000003,0,98.63,2.9000000000000004,20.5
2015,11,5,5,30,20.700000000000003,0,98.55,2.9000000000000004,20.5
2015,11,5,6,30,20.900000000000002,0,97.58,3.1,20.5
2015,11,5,7,30,21.3,15,96.5,3.4000000000000004,20.700000000000003
2015,11,5,8,30,22.1,39,94.62,3.5,21.200000000000003
2015,11,5,9,30,23.200000000000003,64,92.51,3.7,21.900000000000002
2015,11,5,10,30,24.5,195,89.65,4.1000000000000005,22.700000000000003
2015,11,5,11,30,25.900000000000002,105,85.66,4.6000000000000005,23.3
2015,11,5,12,30,26.900000000000002,314,81.63,4.800000000000001,23.5
2015,11,5,13,30,27.200000000000003,323,80.11,4.4,23.5
2015,11,5,14,30,26.900000000000002,270,83.26,3.5,23.8
2015,11,5,15,30,26.3,134,89.06,2.7,24.400000000000002
2015,11,5,16,30,25.5,62,95.01,2.3000000000000003,24.6
2015,11,5,17,30,24.900000000000002,0,97.36,2.2,24.5
2015,11,5,18,30,24.700000000000003,0,97.53,2.5,24.3
2015,11,5,19,30,24.6,0,97.93,2.8000000000000003,24.200000000000003
2015,11,5,20,30,24.400000000000002,0,98.54,2.9000000000000004,24.200000000000003
2015,11,5,21,30,24,0,99.36,2.9000000000000004,23.900000000000002
2015,11,5,22,30,23.200000000000003,0,100,2.5,23.200000000000003
2015,11,5,23,30,21.8,0,100,2.4000000000000004,21.8
2015,11,6,0,30,19.700000000000003,0,100,3,19.700000000000003
2015,11,6,1,30,17.3,0,92.65,3.4000000000000004,16.1
2015,11,6,2,30,15.600000000000001,0,77.77,3.1,11.700000000000001
2015,11,6,3,30,14.8,0,74.75,2.6,10.4
2015,11,6,4,30,14.200000000000001,0,76.39,2,10.100000000000001
2015,11,6,5,30,13.700000000000001,0,79.76,1.5,10.3
2015,11,6,6,30,13.4,0,82.44,1.5,10.5
2015,11,6,7,30,13.8,20,78.47,2,10.100000000000001
2015,11,6,8,30,15,102,71.44,2.4000000000000004,9.9
2015,11,6,9,30,16.8,173,63.440000000000005,2.5,9.8
2015,11,6,10,30,18.5,191,55.5,2.4000000000000004,9.4
2015,11,6,11,30,19.5,345,52.06,2.2,9.4
2015,11,6,12,30,20,266,51.46,2,9.700000000000001
2015,11,6,13,30,19.900000000000002,217,52.19,1.8,9.8
2015,11,6,14,30,19.3,172,55.97,1.6,10.3
2015,11,6,15,30,18.5,206,63.97,1.4000000000000001,11.600000000000001
2015,11,6,16,30,17.6,60,73.64,1,12.8
2015,11,6,17,30,16.6,0,85.46000000000001,0.8,14.200000000000001
2015,11,6,18,30,16,0,88.38,0.9,14.100000000000001
2015,11,6,19,30,15.8,0,89.8,0.9,14.100000000000001
2015,11,6,20,30,15.600000000000001,0,91.79,1,14.3
2015,11,6,21,30,15.4,0,92.34,1.4000000000000001,14.200000000000001
2015,11,6,22,30,15.4,0,91.84,2,14.100000000000001
2015,11,6,23,30,15.3,0,92.48,2.4000000000000004,14.100000000000001
2015,11,7,0,30,15.200000000000001,0,94.31,2.6,14.3
2015,11,7,1,30,15.100000000000001,0,95.78,3.1,14.4
2015,11,7,2,30,14.9,0,96.26,3.7,14.3
2015,11,7,3,30,14.700000000000001,0,96.23,3.7,14.100000000000001
2015,11,7,4,30,14.5,0,95.99000000000001,3.6,13.9
2015,11,7,5,30,14.4,0,95.42,3.7,13.700000000000001
2015,11,7,6,30,14.4,0,94.65,4,13.600000000000001
2015,11,7,7,30,14.700000000000001,5,93.01,3.8000000000000003,13.600000000000001
2015,11,7,8,30,15.4,38,91.19,3.4000000000000004,14
2015,11,7,9,30,16,88,89.87,3.6,14.3
2015,11,7,10,30,16.400000000000002,131,88.92,4,14.600000000000001
2015,11,7,11,30,16.900000000000002,167,86.98,4.4,14.700000000000001
2015,11,7,12,30,17.400000000000002,282,84.09,4.7,14.700000000000001
2015,11,7,13,30,17.6,222,82.3,5,14.5
2015,11,7,14,30,17.8,102,79.98,5.2,14.3
2015,11,7,15,30,17.5,305,79.88,5.1000000000000005,14
2015,11,7,16,30,16.7,97,82.86,4.7,13.8
2015,11,7,17,30,15.5,0,88.07000000000001,4.3,13.5
2015,11,7,18,30,14.600000000000001,0,90.71000000000001,4.4,13.100000000000001
2015,11,7,19,30,13.700000000000001,0,92.54,4.3,12.5
2015,11,7,20,30,12.600000000000001,0,94.14,4,11.700000000000001
2015,11,7,21,30,11.600000000000001,0,94.24,3.7,10.700000000000001
2015,11,7,22,30,10.8,0,93.03,3.5,9.700000000000001
2015,11,7,23,30,10.200000000000001,0,91.45,3.5,8.9
2015,11,8,0,30,9.8,0,90.22,3.4000000000000004,8.3
2015,11,8,1,30,9.4,0,90.19,3.4000000000000004,7.9
2015,11,8,2,30,9.1,0,90.02,3.4000000000000004,7.5
2015,11,8,3,30,8.9,0,89.4,3.3000000000000003,7.300000000000001
2015,11,8,4,30,8.6,0,89.42,3.2,7
2015,11,8,5,30,8.3,0,89.66,3.1,6.7
2015,11,8,6,30,8.3,0,88.13,3,6.5
2015,11,8,7,30,9.600000000000001,93,80.03,3.3000000000000003,6.300000000000001
2015,11,8,8,30,11.8,289,69.26,3.8000000000000003,6.4
2015,11,8,9,30,13.9,397,57.300000000000004,4,5.6000000000000005
2015,11,8,10,30,15.4,608,51.15,3.9000000000000004,5.4
2015,11,8,11,30,16.6,687,48.31,3.7,5.6000000000000005
2015,11,8,12,30,17.5,702,46.81,3.7,6
2015,11,8,13,30,18,649,46.34,3.7,6.300000000000001
2015,11,8,14,30,18.1,533,47.02,3.6,6.6000000000000005
2015,11,8,15,30,17.7,367,49.2,3.2,6.9
2015,11,8,16,30,15.8,170,58.76,2.2,7.7
2015,11,8,17,30,13.200000000000001,0,79.65,1.5,9.8
2015,11,8,18,30,11.9,0,82.21000000000001,1.5,9
2015,11,8,19,30,11.4,0,83.62,1.6,8.700000000000001
2015,11,8,20,30,11.200000000000001,0,84.2,1.6,8.6
2015,11,8,21,30,11,0,85.69,1.5,8.700000000000001
2015,11,8,22,30,10.9,0,86.81,1.4000000000000001,8.8
2015,11,8,23,30,10.9,0,87.56,1.4000000000000001,8.9
2015,11,9,0,30,11.100000000000001,0,86.53,1.5,8.9
2015,11,9,1,30,11.100000000000001,0,86.07000000000001,1.6,8.9
2015,11,9,2,30,11.100000000000001,0,86.05,1.6,8.9
2015,11,9,3,30,10.8,0,88.38,1.4000000000000001,9
2015,11,9,4,30,10.600000000000001,0,89.8,1.2000000000000002,9
2015,11,9,5,30,10.4,0,91.16,1,9
2015,11,9,6,30,10.4,0,90.15,0.9,8.9
2015,11,9,7,30,11.8,88,83.15,1.2000000000000002,9
2015,11,9,8,30,14.3,282,69.16,1.3,8.700000000000001
2015,11,9,9,30,16.7,336,57.2,1,8.200000000000001
2015,11,9,10,30,18.5,599,49.63,0.7000000000000001,7.800000000000001
2015,11,9,11,30,19.5,578,49.93,0.6000000000000001,8.8
2015,11,9,12,30,20.3,691,50.76,0.6000000000000001,9.8
2015,11,9,13,30,20.8,359,52.39,0.7000000000000001,10.700000000000001
2015,11,9,14,30,20.900000000000002,334,54.44,1,11.4
2015,11,9,15,30,20.5,355,57.160000000000004,1.2000000000000002,11.700000000000001
2015,11,9,16,30,18.7,163,67.55,1.1,12.600000000000001
2015,11,9,17,30,16.3,0,85,1,13.8
2015,11,9,18,30,14.8,0,85.39,1.1,12.4
2015,11,9,19,30,14.200000000000001,0,86.29,1.2000000000000002,11.9
2015,11,9,20,30,13.600000000000001,0,87.83,1.2000000000000002,11.600000000000001
2015,11,9,21,30,13.200000000000001,0,88.92,1.3,11.4
2015,11,9,22,30,12.8,0,90.69,1.3,11.3
2015,11,9,23,30,12.600000000000001,0,91.61,1.4000000000000001,11.3
2015,11,10,0,30,12.600000000000001,0,92.38,1.5,11.4
2015,11,10,1,30,12.5,0,94.04,1.5,11.600000000000001
2015,11,10,2,30,12.3,0,96.03,1.6,11.700000000000001
2015,11,10,3,30,12,0,98.87,1.5,11.8
2015,11,10,4,30,11.600000000000001,0,100,1.4000000000000001,11.600000000000001
2015,11,10,5,30,11.3,0,100,1.4000000000000001,11.3
2015,11,10,6,30,11.700000000000001,0,100,1.6,11.700000000000001
2015,11,10,7,30,13.5,81,94.37,2.3000000000000003,12.600000000000001
2015,11,10,8,30,16.400000000000002,165,82.38,2.8000000000000003,13.4
2015,11,10,9,30,19.5,408,73.92,3.2,14.700000000000001
2015,11,10,10,30,22.1,577,68.61,3.9000000000000004,16.1
2015,11,10,11,30,23.3,521,67.06,4.2,16.8
2015,11,10,12,30,23.900000000000002,266,67.02,4.3,17.400000000000002
2015,11,10,13,30,24.1,213,67.91,4.3,17.8
2015,11,10,14,30,23.900000000000002,119,69.85000000000001,4.1000000000000005,18.1
2015,11,10,15,30,23.1,104,74.53,3.6,18.3
2015,11,10,16,30,21.900000000000002,86,82.62,2.9000000000000004,18.8
2015,11,10,17,30,20.5,0,90.69,2.7,18.900000000000002
2015,11,10,18,30,19.8,0,93.93,3.2,18.8
2015,11,10,19,30,19.5,0,96.13,3.5,18.900000000000002
2015,11,10,20,30,19.400000000000002,0,97.19,3.8000000000000003,18.900000000000002
2015,11,10,21,30,19.5,0,97.07000000000001,4.1000000000000005,19
2015,11,10,22,30,19.6,0,97.34,4.4,19.200000000000003
2015,11,10,23,30,19.6,0,97.83,4.6000000000000005,19.200000000000003
2015,11,11,0,30,19.6,0,97.81,4.800000000000001,19.200000000000003
2015,11,11,1,30,19.5,0,97.91,4.9,19.200000000000003
2015,11,11,2,30,19.5,0,97.43,4.9,19.1
2015,11,11,3,30,19.700000000000003,0,96.56,4.7,19.1
2015,11,11,4,30,20,0,96.3,4.6000000000000005,19.400000000000002
2015,11,11,5,30,20.5,0,96.16,4.7,19.900000000000002
2015,11,11,6,30,21.200000000000003,0,96.07000000000001,4.800000000000001,20.5
2015,11,11,7,30,22.1,31,94.06,4.7,21.1
2015,11,11,8,30,23.5,64,90.16,4.7,21.8
2015,11,11,9,30,25,184,86.10000000000001,5.1000000000000005,22.5
2015,11,11,10,30,26.5,142,80.74,5.7,22.900000000000002
2015,11,11,11,30,27.6,460,73.77,6,22.5
2015,11,11,12,30,28.1,553,67.5,5.6000000000000005,21.5
2015,11,11,13,30,28,606,61.870000000000005,5,20
2015,11,11,14,30,27.1,499,57.51,4.3,18
2015,11,11,15,30,25.3,336,57.17,3.4000000000000004,16.2
2015,11,11,16,30,22.6,154,64.9,2.6,15.700000000000001
2015,11,11,17,30,20.200000000000003,0,67.6,2.3000000000000003,14
2015,11,11,18,30,18.6,0,64.99,2.4000000000000004,11.9
2015,11,11,19,30,17.3,0,61.99,2.5,9.9
2015,11,11,20,30,16,0,59.06,2.7,8
2015,11,11,21,30,14.700000000000001,0,58.35,3,6.6000000000000005
2015,11,11,22,30,13.700000000000001,0,59.620000000000005,3.4000000000000004,6
2015,11,11,23,30,12.8,0,60.93,3.6,5.4
2015,11,12,0,30,11.9,0,64.37,3,5.4
2015,11,12,1,30,11.200000000000001,0,69.60000000000001,2.5,5.800000000000001
2015,11,12,2,30,10.600000000000001,0,73.39,2.3000000000000003,6
2015,11,12,3,30,10,0,76.89,2.1,6.1000000000000005
2015,11,12,4,30,9.4,0,80.07000000000001,2,6.1000000000000005
2015,11,12,5,30,9.200000000000001,0,80.15,2.1,6
2015,11,12,6,30,9.3,0,79.08,2.4000000000000004,5.9
2015,11,12,7,30,10.3,49,73.48,2.9000000000000004,5.800000000000001
2015,11,12,8,30,12.4,203,64.07000000000001,3.6,5.800000000000001
2015,11,12,9,30,14.700000000000001,475,52.22,4,5
2015,11,12,10,30,16.5,484,43.800000000000004,4.2,4.1000000000000005
2015,11,12,11,30,17.8,695,40.31,4.1000000000000005,4.1000000000000005
2015,11,12,12,30,18.5,624,39.21,3.9000000000000004,4.4
2015,11,12,13,30,18.7,652,39.26,3.5,4.6000000000000005
2015,11,12,14,30,18.400000000000002,422,40.2,3.1,4.6000000000000005
2015,11,12,15,30,17.8,309,42.77,2.4000000000000004,5
2015,11,12,16,30,15.600000000000001,134,58.550000000000004,1.5,7.5
2015,11,12,17,30,13.200000000000001,0,75.71000000000001,1.2000000000000002,9
2015,11,12,18,30,12.100000000000001,0,73.59,1.2000000000000002,7.5
2015,11,12,19,30,11.9,0,73.24,1.2000000000000002,7.300000000000001
2015,11,12,20,30,11.700000000000001,0,73.81,1.1,7.2
2015,11,12,21,30,11.200000000000001,0,74.91,1.1,6.9
2015,11,12,22,30,10.8,0,75.10000000000001,1.1,6.6000000000000005
2015,11,12,23,30,10.600000000000001,0,76.71000000000001,1.1,6.7
2015,11,13,0,30,10.4,0,78.52,1,6.800000000000001
2015,11,13,1,30,10.200000000000001,0,80.36,1,7
2015,11,13,2,30,10.200000000000001,0,81.41,1.1,7.2
2015,11,13,3,30,10.3,0,81.35000000000001,1.1,7.2
2015,11,13,4,30,10.4,0,81.92,1.1,7.4
2015,11,13,5,30,10.5,0,81.88,1.2000000000000002,7.5
2015,11,13,6,30,10.600000000000001,0,79.62,1.5,7.2
2015,11,13,7,30,11.200000000000001,14,74.29,2,6.800000000000001
2015,11,13,8,30,12,13,67.24,2.4000000000000004,6.1000000000000005
2015,11,13,9,30,13.200000000000001,72,63.11,2.3000000000000003,6.300000000000001
2015,11,13,10,30,15.200000000000001,106,57.09,2.8000000000000003,6.800000000000001
2015,11,13,11,30,16.7,491,43.99,3.3000000000000003,4.4
2015,11,13,12,30,17.3,471,40.44,3.3000000000000003,3.7
2015,11,13,13,30,17.5,627,40.24,2.9000000000000004,3.8000000000000003
2015,11,13,14,30,17.400000000000002,512,41.22,2.6,4.1000000000000005
2015,11,13,15,30,16.8,316,44.38,2.1,4.6000000000000005
2015,11,13,16,30,15.3,99,56.61,1.3,6.7
2015,11,13,17,30,13.600000000000001,0,76.34,1.1,9.5
2015,11,13,18,30,12.4,0,77.56,1.2000000000000002,8.6
2015,11,13,19,30,11.5,0,78.03,1.3,7.800000000000001
2015,11,13,20,30,11,0,78.02,1.3,7.300000000000001
2015,11,13,21,30,10.700000000000001,0,79.33,1.3,7.300000000000001
2015,11,13,22,30,10.3,0,81.12,1.5,7.2
2015,11,13,23,30,9.8,0,83.33,1.5,7.1000000000000005
2015,11,14,0,30,9.5,0,85.36,1.6,7.2
2015,11,14,1,30,9.200000000000001,0,88.02,1.6,7.300000000000001
2015,11,14,2,30,8.8,0,90.95,1.6,7.4
2015,11,14,3,30,8.6,0,92.58,1.6,7.5
2015,11,14,4,30,8.700000000000001,0,92.60000000000001,1.7000000000000002,7.6000000000000005
2015,11,14,5,30,8.8,0,92.53,1.9000000000000001,7.7
2015,11,14,6,30,9,0,91.3,2.2,7.7
2015,11,14,7,30,10.100000000000001,34,84.96000000000001,2.8000000000000003,7.7
2015,11,14,8,30,12.200000000000001,198,74.62,3.3000000000000003,7.800000000000001
2015,11,14,9,30,14.4,312,63.72,3.3000000000000003,7.6000000000000005
2015,11,14,10,30,15.9,366,53.99,3.3000000000000003,6.6000000000000005
2015,11,14,11,30,16.8,508,49.95,3.1,6.300000000000001
2015,11,14,12,30,17.3,273,48.26,2.9000000000000004,6.300000000000001
2015,11,14,13,30,17.7,266,47.19,2.7,6.300000000000001
2015,11,14,14,30,17.8,97,47.63,2.7,6.5
2015,11,14,15,30,17.2,81,50.980000000000004,2.3000000000000003,7
2015,11,14,16,30,15.600000000000001,60,65.32000000000001,1.4000000000000001,9.1
2015,11,14,17,30,14.200000000000001,0,81.31,0.9,11
2015,11,14,18,30,13.700000000000001,0,83.78,0.8,11
2015,11,14,19,30,13.100000000000001,0,88.66,1,11.3
2015,11,14,20,30,12.600000000000001,0,91.46000000000001,1.5,11.200000000000001
2015,11,14,21,30,12.200000000000001,0,92.42,2,11
2015,11,14,22,30,12,0,92.53,2.1,10.8
2015,11,14,23,30,11.9,0,93.49,1.8,10.9
2015,11,15,0,30,11.600000000000001,0,95.06,1.9000000000000001,10.8
2015,11,15,1,30,11.4,0,94.63,2.1,10.600000000000001
2015,11,15,2,30,11.200000000000001,0,94.41,2.2,10.3
2015,11,15,3,30,11.200000000000001,0,93.34,2.3000000000000003,10.200000000000001
2015,11,15,4,30,11.200000000000001,0,91.88,2.3000000000000003,9.9
2015,11,15,5,30,11.200000000000001,0,91.58,2.3000000000000003,9.9
2015,11,15,6,30,11.3,0,90.97,2.3000000000000003,9.9
2015,11,15,7,30,11.9,6,88.3,2.6,10
2015,11,15,8,30,13.100000000000001,138,83.91,3.1,10.4
2015,11,15,9,30,15,132,76.31,3.6,10.9
2015,11,15,10,30,17,315,65.59,3.9000000000000004,10.5
2015,11,15,11,30,18.3,189,63.06,3.7,11.100000000000001
2015,11,15,12,30,19.400000000000002,426,64.54,3.6,12.5
2015,11,15,13,30,20.3,351,65.74,3.7,13.700000000000001
2015,11,15,14,30,20.8,139,67.78,3.7,14.600000000000001
2015,11,15,15,30,20.3,130,72.81,3.2,15.3
2015,11,15,16,30,18.8,134,83.77,2.1,16
2015,11,15,17,30,17.5,0,92,1.7000000000000002,16.2
2015,11,15,18,30,17,0,93.26,2.1,15.9
2015,11,15,19,30,16.7,0,94.11,2.6,15.700000000000001
2015,11,15,20,30,16.3,0,94.99,3.1,15.5
2015,11,15,21,30,15.700000000000001,0,96.59,3.2,15.200000000000001
2015,11,15,22,30,15.4,0,96.96000000000001,3.2,14.9
2015,11,15,23,30,15.200000000000001,0,97.43,3.2,14.8
2015,11,16,0,30,15.200000000000001,0,97.27,3.3000000000000003,14.8
2015,11,16,1,30,15.4,0,96.88,3.6,14.9
2015,11,16,2,30,15.4,0,97.74000000000001,3.7,15
2015,11,16,3,30,15.3,0,98.14,3.4000000000000004,15
2015,11,16,4,30,15.200000000000001,0,97.85000000000001,2.9000000000000004,14.9
2015,11,16,5,30,15.100000000000001,0,97.87,2.8000000000000003,14.8
2015,11,16,6,30,15.3,0,96.74000000000001,3,14.8
2015,11,16,7,30,15.8,7,94.61,3.2,14.9
2015,11,16,8,30,16.7,26,93.17,3.3000000000000003,15.600000000000001
2015,11,16,9,30,17.7,51,91.94,3.3000000000000003,16.400000000000002
2015,11,16,10,30,18.900000000000002,61,90.08,3.7,17.2
2015,11,16,11,30,20.200000000000003,115,88.64,4.1000000000000005,18.3
2015,11,16,12,30,21.200000000000003,205,88.13,4.3,19.200000000000003
2015,11,16,13,30,21.700000000000003,129,89.54,4.4,19.900000000000002
2015,11,16,14,30,21.900000000000002,111,92.01,4.3,20.5
2015,11,16,15,30,22,89,94.59,4.2,21.1
2015,11,16,16,30,21.900000000000002,48,97.57000000000001,4.3,21.5
2015,11,16,17,30,22,0,98.11,4.7,21.700000000000003
2015,11,16,18,30,22.1,0,98.32000000000001,5.300000000000001,21.8
2015,11,16,19,30,22.1,0,98.42,5.9,21.8
2015,11,16,20,30,22.1,0,97.87,6.4,21.700000000000003
2015,11,16,21,30,22.1,0,97.55,6.6000000000000005,21.700000000000003
2015,11,16,22,30,22.200000000000003,0,97.04,6.9,21.700000000000003
2015,11,16,23,30,22.200000000000003,0,97.3,7.1000000000000005,21.8
2015,11,17,0,30,22.3,0,97.07000000000001,7.2,21.8
2015,11,17,1,30,22.5,0,96.54,7.1000000000000005,21.900000000000002
2015,11,17,2,30,22.5,0,97.03,6.9,22
2015,11,17,3,30,22.3,0,98.15,6.7,22
2015,11,17,4,30,21.900000000000002,0,99.77,6,21.900000000000002
2015,11,17,5,30,20.400000000000002,0,100,4.9,20.400000000000002
2015,11,17,6,30,17.400000000000002,0,100,4.7,17.400000000000002
2015,11,17,7,30,14,12,100,5,14
2015,11,17,8,30,12.3,8,82.94,4.3,9.5
2015,11,17,9,30,12.4,159,70.31,3,7.1000000000000005
2015,11,17,10,30,13.5,441,60.35,2.2,6
2015,11,17,11,30,15,543,52.67,2.4000000000000004,5.4
2015,11,17,12,30,16.5,407,46.85,3.1,5.1000000000000005
2015,11,17,13,30,18,198,42.83,3.8000000000000003,5.2
2015,11,17,14,30,18.8,87,41.02,4.1000000000000005,5.300000000000001
2015,11,17,15,30,18.2,350,43.19,3.4000000000000004,5.5
2015,11,17,16,30,15.8,84,57.550000000000004,2.4000000000000004,7.4
2015,11,17,17,30,13.200000000000001,0,69.04,2.1,7.6000000000000005
2015,11,17,18,30,12.100000000000001,0,69.8,2.3000000000000003,6.800000000000001
2015,11,17,19,30,11.600000000000001,0,70.07000000000001,2.5,6.300000000000001
2015,11,17,20,30,11.100000000000001,0,71.04,2.5,6
2015,11,17,21,30,10.3,0,74.24,2.3000000000000003,5.9
2015,11,17,22,30,9.600000000000001,0,77.31,2.1,5.800000000000001
2015,11,17,23,30,9.1,0,78.02,2.3000000000000003,5.5
2015,11,18,0,30,8.5,0,77.78,2.4000000000000004,4.800000000000001
2015,11,18,1,30,7.800000000000001,0,77.19,2.2,4.1000000000000005
2015,11,18,2,30,7.1000000000000005,0,76.86,2,3.3000000000000003
2015,11,18,3,30,6.7,0,76.18,1.9000000000000001,2.8000000000000003
2015,11,18,4,30,6.300000000000001,0,77.32000000000001,1.8,2.6
2015,11,18,5,30,5.9,0,79.82000000000001,1.6,2.7
2015,11,18,6,30,5.800000000000001,0,80.56,1.4000000000000001,2.7
2015,11,18,7,30,7.800000000000001,70,71.72,2.2,3
2015,11,18,8,30,11,265,58.6,2.9000000000000004,3.2
2015,11,18,9,30,14.100000000000001,450,51.39,2.6,4.2
2015,11,18,10,30,16.7,592,41.53,2.3000000000000003,3.6
2015,11,18,11,30,18.3,674,37.49,2.5,3.5
2015,11,18,12,30,19.3,690,36.17,3,3.9000000000000004
2015,11,18,13,30,19.8,635,36.29,3.3000000000000003,4.4
2015,11,18,14,30,19.700000000000003,520,38.11,3.4000000000000004,5
2015,11,18,15,30,18.8,351,42.75,2.6,5.9
2015,11,18,16,30,16.2,155,64.77,1.7000000000000002,9.600000000000001
2015,11,18,17,30,13.5,0,75.47,1.7000000000000002,9.200000000000001
2015,11,18,18,30,12.5,0,74.64,1.9000000000000001,8.1
2015,11,18,19,30,12.100000000000001,0,76.13,2.1,8
2015,11,18,20,30,11.700000000000001,0,78.74,2.2,8.1
2015,11,18,21,30,11.200000000000001,0,82.68,2.2,8.4
2015,11,18,22,30,10.700000000000001,0,86.32000000000001,2.2,8.5
2015,11,18,23,30,10.100000000000001,0,88.74,2.2,8.3
2015,11,19,0,30,9.5,0,89.54,2,7.9
2015,11,19,1,30,8.8,0,90.87,1.8,7.4
2015,11,19,2,30,8.3,0,90.41,1.7000000000000002,6.800000000000001
2015,11,19,3,30,7.800000000000001,0,89.75,1.5,6.2
2015,11,19,4,30,7.4,0,89.01,1.4000000000000001,5.7
2015,11,19,5,30,7,0,89.14,1.3,5.300000000000001
2015,11,19,6,30,7,0,87.44,1.3,5.1000000000000005
2015,11,19,7,30,8.9,65,78.15,1.7000000000000002,5.300000000000001
2015,11,19,8,30,11.8,257,68.06,2,6.1000000000000005
2015,11,19,9,30,14.600000000000001,440,60.28,1.6,7
2015,11,19,10,30,17.2,581,52.96,1.4000000000000001,7.5
2015,11,19,11,30,19.1,663,50.480000000000004,1.4000000000000001,8.6
2015,11,19,12,30,20.400000000000002,676,49.04,1.4000000000000001,9.3
2015,11,19,13,30,21.200000000000003,624,48.58,1.4000000000000001,9.9
2015,11,19,14,30,21.400000000000002,507,49.38,1.3,10.4
2015,11,19,15,30,20.8,342,52.71,1,10.8
2015,11,19,16,30,18.8,147,67.05,0.9,12.600000000000001
2015,11,19,17,30,16.3,0,74.71000000000001,1.1,11.8
2015,11,19,18,30,14.700000000000001,0,76.19,1.2000000000000002,10.600000000000001
2015,11,19,19,30,13.700000000000001,0,81.14,1.3,10.5
2015,11,19,20,30,12.8,0,85.64,1.3,10.5
2015,11,19,21,30,12.200000000000001,0,88.96000000000001,1.4000000000000001,10.4
2015,11,19,22,30,11.700000000000001,0,92.10000000000001,1.6,10.5
2015,11,19,23,30,11.4,0,93.88,1.8,10.4
2015,11,20,0,30,11.200000000000001,0,95.28,2.1,10.5
2015,11,20,1,30,11,0,96.94,2.3000000000000003,10.5
2015,11,20,2,30,10.600000000000001,0,99.87,2.3000000000000003,10.600000000000001
2015,11,20,3,30,10.100000000000001,0,100,2,10.100000000000001
2015,11,20,4,30,9.5,0,100,1.7000000000000002,9.5
2015,11,20,5,30,9,0,100,1.5,9
2015,11,20,6,30,8.9,0,100,1.3,8.9
2015,11,20,7,30,10.600000000000001,59,99.64,1.8,10.5
2015,11,20,8,30,13.4,245,85.28,2.2,11
2015,11,20,9,30,16.3,426,75.88,2.4000000000000004,12
2015,11,20,10,30,19.200000000000003,565,62.46,3.1,11.9
2015,11,20,11,30,20.8,646,53.550000000000004,3.4000000000000004,11
2015,11,20,12,30,21.6,660,50.4,3.4000000000000004,10.9
2015,11,20,13,30,21.900000000000002,607,49.550000000000004,3.5,10.9
2015,11,20,14,30,21.700000000000003,493,50.77,3.5,11.100000000000001
2015,11,20,15,30,20.700000000000003,331,55.29,3,11.4
2015,11,20,16,30,18.3,142,70.92,2.2,12.9
2015,11,20,17,30,16,0,82.67,2,13.100000000000001
2015,11,20,18,30,15.200000000000001,0,84.58,2.2,12.600000000000001
2015,11,20,19,30,14.9,0,86.42,2.4000000000000004,12.700000000000001
2015,11,20,20,30,14.5,0,89.11,2.5,12.700000000000001
2015,11,20,21,30,13.9,0,93.4,2.3000000000000003,12.9
2015,11,20,22,30,13.200000000000001,0,98.9,2,13
2015,11,20,23,30,12.700000000000001,0,100,1.7000000000000002,12.700000000000001
2015,11,21,0,30,12.3,0,100,1.4000000000000001,12.3
2015,11,21,1,30,12.100000000000001,0,100,1.2000000000000002,12.100000000000001
2015,11,21,2,30,12.100000000000001,0,100,1.1,12.100000000000001
2015,11,21,3,30,12.700000000000001,0,100,1.6,12.700000000000001
2015,11,21,4,30,13.600000000000001,0,97.53,3.5,13.200000000000001
2015,11,21,5,30,13,0,94.41,6.2,12.100000000000001
2015,11,21,6,30,10.9,0,82.07000000000001,7.5,8
2015,11,21,7,30,10,21,65.89,7.6000000000000005,3.9000000000000004
2015,11,21,8,30,10.8,72,59.45,8.1,3.2
2015,11,21,9,30,11.5,418,56.27,8.6,3.1
2015,11,21,10,30,11.9,560,52.22,8.700000000000001,2.4000000000000004
2015,11,21,11,30,12.100000000000001,647,47.19,8.6,1.2000000000000002
2015,11,21,12,30,12.200000000000001,671,42.37,8.4,-0.2
2015,11,21,13,30,12.200000000000001,623,38.95,8,-1.4000000000000001
2015,11,21,14,30,11.8,515,37.33,7.6000000000000005,-2.3000000000000003
2015,11,21,15,30,11,351,37.31,6.800000000000001,-3
2015,11,21,16,30,9.5,156,39.96,5.6000000000000005,-3.5
2015,11,21,17,30,7.5,0,47.52,4.3,-2.9000000000000004
2015,11,21,18,30,6.1000000000000005,0,56.36,3.5,-1.9000000000000001
2015,11,21,19,30,5,0,63.97,2.9000000000000004,-1.3
2015,11,21,20,30,4.1000000000000005,0,70.8,2.6,-0.7000000000000001
2015,11,21,21,30,3.4000000000000004,0,75.92,2.3000000000000003,-0.4
2015,11,21,22,30,2.7,0,80.3,2.1,-0.4
2015,11,21,23,30,2,0,84.16,1.8,-0.4
2015,11,22,0,30,1.4000000000000001,0,86.38,1.7000000000000002,-0.6000000000000001
2015,11,22,1,30,1,0,86.62,1.6,-1
2015,11,22,2,30,0.6000000000000001,0,86.54,1.6,-1.4000000000000001
2015,11,22,3,30,0.1,0,86.94,1.6,-1.8
2015,11,22,4,30,-0.30000000000000004,0,86.99,1.5,-2.2
2015,11,22,5,30,-0.7000000000000001,0,87.11,1.4000000000000001,-2.6
2015,11,22,6,30,-0.8,0,85.55,1.3,-2.9000000000000004
2015,11,22,7,30,0.9,65,76.59,1.6,-2.7
2015,11,22,8,30,3.9000000000000004,264,65.2,1.9000000000000001,-2
2015,11,22,9,30,6.7,453,52.78,1.7000000000000002,-2.3000000000000003
2015,11,22,10,30,8.9,592,39.45,1.3,-4.2
2015,11,22,11,30,10.3,676,36.85,0.7000000000000001,-3.8000000000000003
2015,11,22,12,30,11.5,693,35.51,0.7000000000000001,-3.3000000000000003
2015,11,22,13,30,12.200000000000001,641,35.29,0.9,-2.7
2015,11,22,14,30,12.5,525,35.660000000000004,0.9,-2.3000000000000003
2015,11,22,15,30,12.200000000000001,352,36.93,0.7000000000000001,-2.1
2015,11,22,16,30,11.200000000000001,154,43.68,0.4,-0.7000000000000001
2015,11,22,17,30,9.9,0,45.2,0.4,-1.4000000000000001
2015,11,22,18,30,8.5,0,47.6,0.7000000000000001,-2
2015,11,22,19,30,7.2,0,55.050000000000004,1,-1.2000000000000002
2015,11,22,20,30,6,0,60.65,1.2000000000000002,-1
2015,11,22,21,30,4.9,0,66,1.2000000000000002,-0.9
2015,11,22,22,30,4.1000000000000005,0,69.44,1.2000000000000002,-1
2015,11,22,23,30,3.5,0,71.79,1.2000000000000002,-1.1
2015,11,23,0,30,2.9000000000000004,0,74.08,1.2000000000000002,-1.3
2015,11,23,1,30,2.3000000000000003,0,76.5,1.3,-1.4000000000000001
2015,11,23,2,30,1.9000000000000001,0,77.76,1.2000000000000002,-1.6
2015,11,23,3,30,1.6,0,78.49,1.2000000000000002,-1.7000000000000002
2015,11,23,4,30,1.4000000000000001,0,78.76,1.2000000000000002,-1.9000000000000001
2015,11,23,5,30,1.3,0,78.49,1.2000000000000002,-2
2015,11,23,6,30,1.4000000000000001,0,77.36,1.1,-2.1
2015,11,23,7,30,3.3000000000000003,59,70.03,1.3,-1.6
2015,11,23,8,30,6.4,252,62.89,1.2000000000000002,-0.2
2015,11,23,9,30,9.9,437,51.22,1.2000000000000002,0.30000000000000004
2015,11,23,10,30,13.3,579,41.050000000000004,1.6,0.30000000000000004
2015,11,23,11,30,14.9,663,38.04,2,0.7000000000000001
2015,11,23,12,30,15.8,680,38.04,2.3000000000000003,1.5
2015,11,23,13,30,16.1,629,38.97,2.5,2.1
2015,11,23,14,30,16,515,40.5,2.6,2.6
2015,11,23,15,30,14.9,347,44.730000000000004,2.1,3
2015,11,23,16,30,12.5,133,64.5,1.5,6
2015,11,23,17,30,10.5,0,74.11,1.5,6.1000000000000005
2015,11,23,18,30,10,0,74,1.7000000000000002,5.6000000000000005
2015,11,23,19,30,9.8,0,75.01,1.8,5.6000000000000005
2015,11,23,20,30,9.600000000000001,0,76.23,2,5.6000000000000005
2015,11,23,21,30,9.4,0,77.13,2.2,5.6000000000000005
2015,11,23,22,30,9.1,0,78.56,2.4000000000000004,5.6000000000000005
2015,11,23,23,30,8.6,0,81.74,2.4000000000000004,5.7
2015,11,24,0,30,8.1,0,84.65,2.4000000000000004,5.7
2015,11,24,1,30,7.5,0,88.05,2.3000000000000003,5.6000000000000005
2015,11,24,2,30,6.800000000000001,0,91.9,2,5.6000000000000005
2015,11,24,3,30,6,0,96.14,1.7000000000000002,5.4
2015,11,24,4,30,5.4,0,99.81,1.6,5.4
2015,11,24,5,30,5,0,100,1.6,5
2015,11,24,6,30,5.1000000000000005,0,100,1.8,5.1000000000000005
2015,11,24,7,30,6.5,28,91.7,2.6,5.2
2015,11,24,8,30,9.1,227,78.55,3.1,5.6000000000000005
2015,11,24,9,30,12.3,401,67.28,3.5,6.4
2015,11,24,10,30,15.200000000000001,308,59.230000000000004,4.2,7.300000000000001
2015,11,24,11,30,16.7,308,60.89,4.4,9.1
2015,11,24,12,30,17.400000000000002,495,64.01,4.4,10.5
2015,11,24,13,30,17.8,158,66.29,4.4,11.4
2015,11,24,14,30,18,112,68.47,4.4,12.100000000000001
2015,11,24,15,30,17.6,88,72.81,4,12.700000000000001
2015,11,24,16,30,16.6,33,80.66,3.3000000000000003,13.3
2015,11,24,17,30,15.700000000000001,0,86.98,3.2,13.5
2015,11,24,18,30,15.3,0,90.66,3.5,13.8
2015,11,24,19,30,15.200000000000001,0,92.97,3.7,14.100000000000001
2015,11,24,20,30,14.9,0,96.12,4,14.3
2015,11,24,21,30,14.8,0,97.34,4.2,14.4
2015,11,24,22,30,14.600000000000001,0,98.36,4.2,14.3
2015,11,24,23,30,14.5,0,98.56,4,14.3
2015,11,25,0,30,14.4,0,98.82000000000001,3.8000000000000003,14.200000000000001
2015,11,25,1,30,14.3,0,99.2,3.6,14.200000000000001
2015,11,25,2,30,14.3,0,98.95,3.6,14.100000000000001
2015,11,25,3,30,14.3,0,99.16,3.6,14.200000000000001
2015,11,25,4,30,14.4,0,98.49000000000001,3.5,14.200000000000001
2015,11,25,5,30,14.5,0,98.39,3.5,14.200000000000001
2015,11,25,6,30,14.8,0,97.8,3.5,14.5
2015,11,25,7,30,15.600000000000001,44,94.78,3.8000000000000003,14.8
2015,11,25,8,30,17.1,52,90.26,4.1000000000000005,15.5
2015,11,25,9,30,18.900000000000002,189,85.77,4.5,16.5
2015,11,25,10,30,20.700000000000003,521,81.16,5,17.400000000000002
2015,11,25,11,30,22,232,77.39,5.5,17.900000000000002
2015,11,25,12,30,22.900000000000002,355,74.19,5.7,18.1
2015,11,25,13,30,23.1,445,73.57000000000001,5.6000000000000005,18.1
2015,11,25,14,30,22.900000000000002,341,74.96000000000001,5.2,18.2
2015,11,25,15,30,22.3,300,78.92,4.6000000000000005,18.5
2015,11,25,16,30,21.3,122,85.19,3.9000000000000004,18.7
2015,11,25,17,30,20.3,0,89.97,3.9000000000000004,18.6
2015,11,25,18,30,19.8,0,91.66,4.3,18.400000000000002
2015,11,25,19,30,19.3,0,93.76,4.3,18.3
2015,11,25,20,30,18.900000000000002,0,94.67,4.3,18
2015,11,25,21,30,18.3,0,96.58,4.1000000000000005,17.7
2015,11,25,22,30,17.7,0,98.56,3.9000000000000004,17.5
2015,11,25,23,30,17.2,0,100,3.6,17.2
2015,11,26,0,30,16.8,0,100,3,16.8
2015,11,26,1,30,16.6,0,100,2.5,16.6
2015,11,26,2,30,16.6,0,100,2.3000000000000003,16.6
2015,11,26,3,30,16.7,0,100,2.6,16.7
2015,11,26,4,30,16.900000000000002,0,99.53,2.9000000000000004,16.8
2015,11,26,5,30,16.900000000000002,0,99.78,3,16.900000000000002
2015,11,26,6,30,17.1,0,98.54,3.2,16.900000000000002
2015,11,26,7,30,18,12,94.49,3.8000000000000003,17.1
2015,11,26,8,30,19.3,35,91.41,4.1000000000000005,17.900000000000002
2015,11,26,9,30,20.400000000000002,95,91.03,4.1000000000000005,18.900000000000002
2015,11,26,10,30,21,95,91.79,4.3,19.6
2015,11,26,11,30,21.5,240,91.85000000000001,4.6000000000000005,20.1
2015,11,26,12,30,22,312,91.63,4.800000000000001,20.6
2015,11,26,13,30,22.3,86,91.34,4.800000000000001,20.8
2015,11,26,14,30,22.400000000000002,92,91.39,4.5,20.900000000000002
2015,11,26,15,30,22.200000000000003,58,93.4,4.4,21.1
2015,11,26,16,30,21.700000000000003,45,96.05,4.5,21
2015,11,26,17,30,21.200000000000003,0,97.63,4.7,20.8
2015,11,26,18,30,20.900000000000002,0,98.51,4.7,20.700000000000003
2015,11,26,19,30,20.700000000000003,0,98.86,4.5,20.5
2015,11,26,20,30,20.6,0,98.7,4.4,20.400000000000002
2015,11,26,21,30,20.6,0,98.05,4.6000000000000005,20.3
2015,11,26,22,30,20.6,0,97.83,4.800000000000001,20.200000000000003
2015,11,26,23,30,20.6,0,97.83,4.9,20.200000000000003
2015,11,27,0,30,20.5,0,98.06,4.7,20.200000000000003
2015,11,27,1,30,20.400000000000002,0,98.12,4.4,20.1
2015,11,27,2,30,20.200000000000003,0,98.75,3.9000000000000004,20
2015,11,27,3,30,20.1,0,98.3,3.9000000000000004,19.8
2015,11,27,4,30,19.900000000000002,0,98.92,3.8000000000000003,19.700000000000003
2015,11,27,5,30,19.400000000000002,0,100,2.9000000000000004,19.400000000000002
2015,11,27,6,30,18.5,0,100,2,18.5
2015,11,27,7,30,17.7,8,100,1.3,17.7
2015,11,27,8,30,17,12,100,0.9,17
2015,11,27,9,30,16.3,19,100,1.1,16.3
2015,11,27,10,30,15.4,96,100,2.1,15.4
2015,11,27,11,30,14.200000000000001,138,100,3.4000000000000004,14.200000000000001
2015,11,27,12,30,12.9,99,97.94,4.6000000000000005,12.600000000000001
2015,11,27,13,30,11.3,72,93.38,5.300000000000001,10.3
2015,11,27,14,30,9.8,116,88.34,5.4,8
2015,11,27,15,30,8.5,48,87.26,5,6.5
2015,11,27,16,30,7.4,78,89.59,4.5,5.800000000000001
2015,11,27,17,30,6.5,0,92.48,4.3,5.4
2015,11,27,18,30,6,0,93.54,4.5,5
2015,11,27,19,30,5.5,0,94.35000000000001,4.6000000000000005,4.7
2015,11,27,20,30,5.300000000000001,0,93.09,4.6000000000000005,4.3
2015,11,27,21,30,5.300000000000001,0,91.71000000000001,4.3,4.1000000000000005
2015,11,27,22,30,5.300000000000001,0,91.75,3.9000000000000004,4.1000000000000005
2015,11,27,23,30,5.2,0,92.29,3.7,4.1000000000000005
2015,11,28,0,30,5,0,92.86,3.7,3.9000000000000004
2015,11,28,1,30,4.800000000000001,0,92.71000000000001,3.7,3.7
2015,11,28,2,30,4.5,0,93.01,3.6,3.5
2015,11,28,3,30,4.1000000000000005,0,93.64,3.8000000000000003,3.2
2015,11,28,4,30,3.7,0,93.85000000000001,3.9000000000000004,2.8000000000000003
2015,11,28,5,30,3.4000000000000004,0,93.49,3.9000000000000004,2.4000000000000004
2015,11,28,6,30,3.3000000000000003,0,92.56,3.8000000000000003,2.2
2015,11,28,7,30,3.5,2,90.43,4,2.1
2015,11,28,8,30,4.1000000000000005,78,87.69,4.1000000000000005,2.2
2015,11,28,9,30,4.800000000000001,14,85.48,4.1000000000000005,2.6
2015,11,28,10,30,5.5,109,83.60000000000001,4.2,2.9000000000000004
2015,11,28,11,30,5.9,51,83.19,4.3,3.3000000000000003
2015,11,28,12,30,6.300000000000001,129,82.28,4.3,3.5
2015,11,28,13,30,6.5,133,81.86,4.2,3.6
2015,11,28,14,30,6.6000000000000005,75,81.75,4.1000000000000005,3.7
2015,11,28,15,30,6.4,43,82.84,3.9000000000000004,3.7
2015,11,28,16,30,6,4,84.86,3.6,3.6
2015,11,28,17,30,5.5,0,87.31,3.4000000000000004,3.6
2015,11,28,18,30,5.1000000000000005,0,89.04,3.4000000000000004,3.4000000000000004
2015,11,28,19,30,4.7,0,89.73,3.3000000000000003,3.2
2015,11,28,20,30,4.5,0,89.45,3.1,2.9000000000000004
2015,11,28,21,30,4.3,0,89.83,3.2,2.8000000000000003
2015,11,28,22,30,4.2,0,89.7,3.3000000000000003,2.7
2015,11,28,23,30,4.2,0,88.79,3.4000000000000004,2.5
2015,11,29,0,30,4.2,0,88.34,3.4000000000000004,2.4000000000000004
2015,11,29,1,30,4.1000000000000005,0,88.78,3.5,2.4000000000000004
2015,11,29,2,30,4.2,0,88.28,3.3000000000000003,2.4000000000000004
2015,11,29,3,30,4.2,0,88.67,2.8000000000000003,2.5
2015,11,29,4,30,4.3,0,88.88,2.4000000000000004,2.6
2015,11,29,5,30,4.3,0,89.95,2.2,2.8000000000000003
2015,11,29,6,30,4.4,0,90.41,2.6,3
2015,11,29,7,30,4.6000000000000005,6,90.04,3,3.1
2015,11,29,8,30,5.1000000000000005,21,87.88,3.2,3.3000000000000003
2015,11,29,9,30,5.7,90,86.49,2.8000000000000003,3.6
2015,11,29,10,30,6.4,46,85.24,2.4000000000000004,4.1000000000000005
2015,11,29,11,30,7.1000000000000005,78,84.42,2.2,4.7
2015,11,29,12,30,7.6000000000000005,142,84.59,2,5.2
2015,11,29,13,30,7.9,79,85.18,2,5.6000000000000005
2015,11,29,14,30,7.9,38,86.59,2.1,5.800000000000001
2015,11,29,15,30,7.7,57,88.13,2.2,5.9
2015,11,29,16,30,7.2,19,91.05,2,5.800000000000001
2015,11,29,17,30,6.800000000000001,0,93.66,2,5.800000000000001
2015,11,29,18,30,6.5,0,95.58,2.1,5.800000000000001
2015,11,29,19,30,6.300000000000001,0,96.11,2.2,5.7
2015,11,29,20,30,6.1000000000000005,0,96.46000000000001,2.1,5.6000000000000005
2015,11,29,21,30,6.1000000000000005,0,96.03,2.1,5.5
2015,11,29,22,30,6.1000000000000005,0,95.88,2.2,5.5
2015,11,29,23,30,6,0,96.09,2.2,5.4
2015,11,30,0,30,5.9,0,96.15,2.1,5.300000000000001
2015,11,30,1,30,5.800000000000001,0,96.04,2,5.2
2015,11,30,2,30,5.7,0,95.98,1.8,5.1000000000000005
2015,11,30,3,30,5.7,0,95.55,1.6,5
2015,11,30,4,30,5.7,0,95.44,1.5,5
2015,11,30,5,30,5.800000000000001,0,94.81,1.7000000000000002,5
2015,11,30,6,30,5.9,0,94.32000000000001,2,5.1000000000000005
2015,11,30,7,30,6.2,22,92.53,2.4000000000000004,5.1000000000000005
2015,11,30,8,30,6.800000000000001,91,89.03,2.8000000000000003,5.1000000000000005
2015,11,30,9,30,7.5,162,85.41,2.9000000000000004,5.2
2015,11,30,10,30,8.3,248,81.96000000000001,2.8000000000000003,5.4
2015,11,30,11,30,9,350,79.68,2.7,5.7
2015,11,30,12,30,9.4,262,78.83,2.5,5.9
2015,11,30,13,30,9.5,110,79.42,2.5,6.1000000000000005
2015,11,30,14,30,9.700000000000001,106,79.18,2.3000000000000003,6.300000000000001
2015,11,30,15,30,9.700000000000001,11,79.72,2,6.4
2015,11,30,16,30,9.1,79,84.26,1.3,6.6000000000000005
2015,11,30,17,30,8.1,0,93.45,0.8,7.1000000000000005
2015,11,30,18,30,7.4,0,94.03,0.9,6.5
2015,11,30,19,30,6.9,0,94.84,1,6.1000000000000005
2015,11,30,20,30,6.4,0,97.06,1,6
2015,11,30,21,30,6,0,98.69,1.2000000000000002,5.800000000000001
2015,11,30,22,30,5.7,0,99.66,1.3,5.7
2015,11,30,23,30,5.6000000000000005,0,99.37,1.6,5.5
2015,12,1,0,30,5.300000000000001,0,99.67,1.8,5.300000000000001
2015,12,1,1,30,4.800000000000001,0,100,1.8,4.800000000000001
2015,12,1,2,30,4,0,100,1.7000000000000002,4
2015,12,1,3,30,3.6,0,100,1.6,3.6
2015,12,1,4,30,3.8000000000000003,0,96.61,1.5,3.3000000000000003
2015,12,1,5,30,3.8000000000000003,0,95.94,1.4000000000000001,3.2
2015,12,1,6,30,3.8000000000000003,0,95.28,1.3,3.1
2015,12,1,7,30,4.2,13,92.71000000000001,1.6,3.1
2015,12,1,8,30,5.1000000000000005,136,88.64,1.9000000000000001,3.4000000000000004
2015,12,1,9,30,6.300000000000001,318,83.22,1.9000000000000001,3.7
2015,12,1,10,30,7.800000000000001,357,75.97,1.7000000000000002,3.8000000000000003
2015,12,1,11,30,9,467,69.9,1.5,3.8000000000000003
2015,12,1,12,30,9.700000000000001,473,66.84,1.3,3.8000000000000003
2015,12,1,13,30,10.100000000000001,413,65.23,1.1,3.9000000000000004
2015,12,1,14,30,10.200000000000001,283,65.17,0.9,3.9000000000000004
2015,12,1,15,30,9.9,96,69.88,0.6000000000000001,4.7
2015,12,1,16,30,9.1,68,79.19,0.6000000000000001,5.7
2015,12,1,17,30,8.6,0,75.88,0.7000000000000001,4.6000000000000005
2015,12,1,18,30,8.4,0,74.87,0.8,4.2
2015,12,1,19,30,8.200000000000001,0,75.14,0.8,4.1000000000000005
2015,12,1,20,30,7.800000000000001,0,76.48,0.9,3.9000000000000004
2015,12,1,21,30,7.300000000000001,0,78.60000000000001,1,3.8000000000000003
2015,12,1,22,30,6.800000000000001,0,79.89,1,3.6
2015,12,1,23,30,6.1000000000000005,0,82.07000000000001,1,3.3000000000000003
2015,12,2,0,30,5.300000000000001,0,85.44,1.1,3.1
2015,12,2,1,30,4.4,0,90.01,1.1,2.9000000000000004
2015,12,2,2,30,3.4000000000000004,0,96.66,1.1,2.9000000000000004
2015,12,2,3,30,2.9000000000000004,0,100,1.2000000000000002,2.9000000000000004
2015,12,2,4,30,2.6,0,100,1.4000000000000001,2.6
2015,12,2,5,30,2.6,0,100,1.7000000000000002,2.6
2015,12,2,6,30,3.1,0,100,2.1,3.1
2015,12,2,7,30,4.6000000000000005,37,98.33,3,4.4
2015,12,2,8,30,6.800000000000001,220,86.04,3.5,4.6000000000000005
2015,12,2,9,30,9.3,405,76.04,3.6,5.300000000000001
2015,12,2,10,30,11.8,549,64.54,3.7,5.300000000000001
2015,12,2,11,30,13.9,634,51.480000000000004,3.9000000000000004,4.1000000000000005
2015,12,2,12,30,15,647,43.37,4.1000000000000005,2.6
2015,12,2,13,30,15.4,597,42.84,4.2,2.8000000000000003
2015,12,2,14,30,15.100000000000001,486,45.62,4.3,3.4000000000000004
2015,12,2,15,30,14.100000000000001,327,50.78,3.9000000000000004,4
2015,12,2,16,30,11.5,139,64.39,2.8000000000000003,5
2015,12,2,17,30,8.8,0,79.35000000000001,2.2,5.4
2015,12,2,18,30,7.6000000000000005,0,83.53,2.1,5
2015,12,2,19,30,6.9,0,85.73,2,4.7
2015,12,2,20,30,6.300000000000001,0,87.26,1.9000000000000001,4.3
2015,12,2,21,30,5.7,0,89,1.9000000000000001,4
2015,12,2,22,30,5.1000000000000005,0,90.89,1.9000000000000001,3.7
2015,12,2,23,30,4.4,0,93.14,1.7000000000000002,3.4000000000000004
2015,12,3,0,30,3.8000000000000003,0,95.31,1.5,3.1
2015,12,3,1,30,3.2,0,97.84,1.4000000000000001,2.9000000000000004
2015,12,3,2,30,2.8000000000000003,0,99.52,1.2000000000000002,2.7
2015,12,3,3,30,2.6,0,100,1.1,2.6
2015,12,3,4,30,2.5,0,100,1.1,2.5
2015,12,3,5,30,2.6,0,99.14,1.1,2.5
2015,12,3,6,30,2.7,0,97.97,1,2.4000000000000004
2015,12,3,7,30,4.2,36,87.71000000000001,1.2000000000000002,2.3000000000000003
2015,12,3,8,30,7,214,76.99,1.5,3.2
2015,12,3,9,30,10.200000000000001,394,64.36,1.4000000000000001,3.8000000000000003
2015,12,3,10,30,13,536,52.21,1.3,3.4000000000000004
2015,12,3,11,30,14.4,618,48.9,1.3,3.8000000000000003
2015,12,3,12,30,15.200000000000001,638,48.02,0.9,4.3
2015,12,3,13,30,15.600000000000001,593,47.730000000000004,0.7000000000000001,4.5
2015,12,3,14,30,15.600000000000001,482,48.27,0.7000000000000001,4.7
2015,12,3,15,30,15,324,50.45,0.5,4.800000000000001
2015,12,3,16,30,13.4,137,63.57,0.6000000000000001,6.6000000000000005
2015,12,3,17,30,11.4,0,64.72,0.7000000000000001,5
2015,12,3,18,30,10.200000000000001,0,66.16,0.9,4.2
2015,12,3,19,30,9.5,0,67.58,1,3.8000000000000003
2015,12,3,20,30,8.700000000000001,0,69.63,1,3.5
2015,12,3,21,30,7.9,0,72.17,1.1,3.2
2015,12,3,22,30,7,0,75.65,1.2000000000000002,3
2015,12,3,23,30,6.2,0,78.97,1.2000000000000002,2.8000000000000003
2015,12,4,0,30,5.6000000000000005,0,82.05,1.2000000000000002,2.8000000000000003
2015,12,4,1,30,5.2,0,84.81,1.2000000000000002,2.9000000000000004
2015,12,4,2,30,4.9,0,87.05,1.1,2.9000000000000004
2015,12,4,3,30,4.6000000000000005,0,89.10000000000001,1.1,3
2015,12,4,4,30,4.1000000000000005,0,92.4,1.1,3
2015,12,4,5,30,3.6,0,95.68,1.1,3
2015,12,4,6,30,3.2,0,98.44,1.1,3
2015,12,4,7,30,4.4,34,90.62,1.3,3
2015,12,4,8,30,6.9,211,80.76,1.6,3.8000000000000003
2015,12,4,9,30,9.8,392,70.01,2,4.6000000000000005
2015,12,4,10,30,12.5,533,59.47,2.5,4.800000000000001
2015,12,4,11,30,14,619,52.39,2.5,4.4
2015,12,4,12,30,14.600000000000001,639,51.51,2.1,4.7
2015,12,4,13,30,14.9,594,51.64,2,5
2015,12,4,14,30,14.8,486,52.410000000000004,1.9000000000000001,5.1000000000000005
2015,12,4,15,30,13.9,327,56.18,1.6,5.300000000000001
2015,12,4,16,30,11.3,140,76.32000000000001,1.2000000000000002,7.300000000000001
2015,12,4,17,30,8.5,0,86.14,1.2000000000000002,6.300000000000001
2015,12,4,18,30,7.300000000000001,0,86.57000000000001,1.3,5.2
2015,12,4,19,30,6.6000000000000005,0,88.29,1.3,4.800000000000001
2015,12,4,20,30,5.9,0,90.12,1.4000000000000001,4.4
2015,12,4,21,30,5.300000000000001,0,92.03,1.4000000000000001,4.1000000000000005
2015,12,4,22,30,4.6000000000000005,0,94.98,1.4000000000000001,3.9000000000000004
2015,12,4,23,30,3.9000000000000004,0,98.24000000000001,1.4000000000000001,3.6
2015,12,5,0,30,3.2,0,100,1.3,3.2
2015,12,5,1,30,2.6,0,100,1.3,2.6
2015,12,5,2,30,2,0,100,1.3,2
2015,12,5,3,30,1.6,0,100,1.3,1.6
2015,12,5,4,30,1.2000000000000002,0,100,1.4000000000000001,1.2000000000000002
2015,12,5,5,30,0.9,0,100,1.4000000000000001,0.9
2015,12,5,6,30,1,0,100,1.3,1
2015,12,5,7,30,2.6,16,99.12,1.7000000000000002,2.5
2015,12,5,8,30,5.2,165,84.94,1.9000000000000001,2.9000000000000004
2015,12,5,9,30,8.3,302,73.39,1.6,3.8000000000000003
2015,12,5,10,30,11.600000000000001,420,62.78,1.8,4.7
2015,12,5,11,30,13.8,531,54.07,1.8,4.7
2015,12,5,12,30,14.9,647,52.230000000000004,1.6,5.2
2015,12,5,13,30,15.600000000000001,601,51.370000000000005,1.4000000000000001,5.6000000000000005
2015,12,5,14,30,15.700000000000001,493,52.01,1.6,5.9
2015,12,5,15,30,14.8,330,55.57,1.4000000000000001,6
2015,12,5,16,30,12,120,78.19,1.2000000000000002,8.3
2015,12,5,17,30,9.3,0,82.23,1.3,6.4
2015,12,5,18,30,8.4,0,81.79,1.5,5.5
2015,12,5,19,30,7.9,0,83.10000000000001,1.5,5.2
2015,12,5,20,30,7.4,0,83.98,1.5,4.9
2015,12,5,21,30,6.9,0,84.08,1.4000000000000001,4.4
2015,12,5,22,30,6.5,0,83.89,1.3,4
2015,12,5,23,30,6.2,0,84.71000000000001,1.3,3.8000000000000003
2015,12,6,0,30,5.800000000000001,0,87.19,1.4000000000000001,3.8000000000000003
2015,12,6,1,30,5.5,0,90.03,1.4000000000000001,4
2015,12,6,2,30,5.300000000000001,0,93.93,1.4000000000000001,4.4
2015,12,6,3,30,5.2,0,98.97,1.4000000000000001,5.1000000000000005
2015,12,6,4,30,5.2,0,100,1.5,5.2
2015,12,6,5,30,5.300000000000001,0,100,1.6,5.300000000000001
2015,12,6,6,30,5.6000000000000005,0,100,1.7000000000000002,5.6000000000000005
2015,12,6,7,30,7,27,100,2.4000000000000004,7
2015,12,6,8,30,9.200000000000001,196,88.27,3.2,7.4
2015,12,6,9,30,11.200000000000001,375,79.96000000000001,3.4000000000000004,7.9
2015,12,6,10,30,13.200000000000001,520,72.65,3.3000000000000003,8.4
2015,12,6,11,30,14.8,606,68.46000000000001,3.3000000000000003,9.1
2015,12,6,12,30,16.1,631,65.8,3.2,9.700000000000001
2015,12,6,13,30,16.900000000000002,584,64.34,3,10.100000000000001
2015,12,6,14,30,17.1,478,64.44,2.8000000000000003,10.3
2015,12,6,15,30,16.3,321,68.3,2.2,10.4
2015,12,6,16,30,13.600000000000001,135,86.16,1.4000000000000001,11.3
2015,12,6,17,30,10.9,0,93.22,1.3,9.8
2015,12,6,18,30,9.9,0,93.75,1.3,8.9
2015,12,6,19,30,9.200000000000001,0,94.9,1.3,8.4
2015,12,6,20,30,8.6,0,95.54,1.4000000000000001,7.9
2015,12,6,21,30,8.1,0,95.79,1.5,7.5
2015,12,6,22,30,7.5,0,97.15,1.5,7.1000000000000005
2015,12,6,23,30,7,0,98.59,1.5,6.800000000000001
2015,12,7,0,30,6.5,0,100,1.4000000000000001,6.5
2015,12,7,1,30,5.9,0,100,1.4000000000000001,5.9
2015,12,7,2,30,5.5,0,100,1.4000000000000001,5.5
2015,12,7,3,30,5,0,100,1.3,5
2015,12,7,4,30,4.7,0,100,1.2000000000000002,4.7
2015,12,7,5,30,4.6000000000000005,0,100,1.2000000000000002,4.6000000000000005
2015,12,7,6,30,4.9,0,100,1.1,4.9
2015,12,7,7,30,6.5,28,94.58,1.1,5.7
2015,12,7,8,30,8.9,201,84.08,1.1,6.4
2015,12,7,9,30,11.9,381,72.03,0.7000000000000001,7
2015,12,7,10,30,15.5,523,61.53,0.4,8.1
2015,12,7,11,30,18,609,50.78,0.6000000000000001,7.6000000000000005
2015,12,7,12,30,18.8,631,47.52,1,7.4
2015,12,7,13,30,19.1,587,46.79,1.1,7.5
2015,12,7,14,30,19,481,47.19,1,7.5
2015,12,7,15,30,18.3,324,49.84,0.7000000000000001,7.6000000000000005
2015,12,7,16,30,16.3,139,65.73,0.8,9.9
2015,12,7,17,30,13.8,0,64.79,1.1,7.300000000000001
2015,12,7,18,30,11.9,0,71.06,1.3,6.800000000000001
2015,12,7,19,30,10.5,0,78.11,1.4000000000000001,6.800000000000001
2015,12,7,20,30,9.600000000000001,0,82.62,1.4000000000000001,6.800000000000001
2015,12,7,21,30,9.1,0,85.42,1.6,6.800000000000001
2015,12,7,22,30,8.8,0,87.69,1.8,6.9
2015,12,7,23,30,8.4,0,90.8,2,7
2015,12,8,0,30,8,0,93.73,2,7.1000000000000005
2015,12,8,1,30,7.300000000000001,0,98.82000000000001,2,7.1000000000000005
2015,12,8,2,30,6.7,0,100,1.9000000000000001,6.7
2015,12,8,3,30,6.1000000000000005,0,100,1.7000000000000002,6.1000000000000005
2015,12,8,4,30,5.7,0,100,1.6,5.7
2015,12,8,5,30,5.4,0,100,1.5,5.4
2015,12,8,6,30,5.300000000000001,0,100,1.6,5.300000000000001
2015,12,8,7,30,6.9,14,93.39,2.3000000000000003,5.9
2015,12,8,8,30,9.8,146,79.04,3,6.300000000000001
2015,12,8,9,30,12.700000000000001,379,69.59,3.1,7.300000000000001
2015,12,8,10,30,16.1,519,63.17,3.8000000000000003,9.1
2015,12,8,11,30,18.900000000000002,605,58.94,4.5,10.700000000000001
2015,12,8,12,30,20.6,626,56.7,4.7,11.700000000000001
2015,12,8,13,30,21.5,583,55.49,4.5,12.200000000000001
2015,12,8,14,30,21.6,475,56.74,4.1000000000000005,12.600000000000001
2015,12,8,15,30,20.6,320,63.9,3.6,13.5
2015,12,8,16,30,18.2,135,77.43,3.2,14.200000000000001
2015,12,8,17,30,16.3,0,83.4,3.3000000000000003,13.5
2015,12,8,18,30,15.5,0,86.04,3.5,13.200000000000001
2015,12,8,19,30,14.700000000000001,0,89.77,3.5,13
2015,12,8,20,30,13.8,0,93.45,3.2,12.8
2015,12,8,21,30,12.8,0,97,2.9000000000000004,12.3
2015,12,8,22,30,12,0,98.35000000000001,2.7,11.700000000000001
2015,12,8,23,30,11.4,0,97.59,2.5,11
2015,12,9,0,30,10.8,0,96.8,2.3000000000000003,10.3
2015,12,9,1,30,10,0,96.54,2.1,9.5
2015,12,9,2,30,9.200000000000001,0,95.34,1.9000000000000001,8.5
2015,12,9,3,30,8.700000000000001,0,93.53,1.8,7.7
2015,12,9,4,30,8.3,0,92.2,1.9000000000000001,7.1000000000000005
2015,12,9,5,30,7.9,0,92.08,1.9000000000000001,6.7
2015,12,9,6,30,7.6000000000000005,0,92.86,1.8,6.5
2015,12,9,7,30,9,15,84.7,2.2,6.6000000000000005
2015,12,9,8,30,11.700000000000001,115,75.69,2.7,7.5
2015,12,9,9,30,14.3,239,69,2.3000000000000003,8.700000000000001
2015,12,9,10,30,17.400000000000002,423,64.75,1.8,10.700000000000001
2015,12,9,11,30,19.900000000000002,482,53.25,1.4000000000000001,10.100000000000001
2015,12,9,12,30,20.8,493,49.51,1.2000000000000002,9.8
2015,12,9,13,30,21,399,49.94,1.2000000000000002,10.200000000000001
2015,12,9,14,30,20.5,423,52.45,1.2000000000000002,10.4
2015,12,9,15,30,19.1,246,61.42,1,11.5
2015,12,9,16,30,16.6,129,83.41,1,13.8
2015,12,9,17,30,14.700000000000001,0,81.08,1.1,11.5
2015,12,9,18,30,13.700000000000001,0,83.08,1.2000000000000002,10.9
2015,12,9,19,30,12.9,0,85.71000000000001,1.3,10.600000000000001
2015,12,9,20,30,12,0,87.81,1.3,10
2015,12,9,21,30,11.4,0,88.03,1.4000000000000001,9.5
2015,12,9,22,30,11,0,88.98,1.5,9.3
2015,12,9,23,30,10.8,0,89.91,1.6,9.200000000000001
2015,12,10,0,30,10.8,0,90.85000000000001,1.9000000000000001,9.4
2015,12,10,1,30,10.700000000000001,0,94.99,2.1,9.9
2015,12,10,2,30,10.700000000000001,0,100,2.2,10.700000000000001
2015,12,10,3,30,10.600000000000001,0,100,2.3000000000000003,10.600000000000001
2015,12,10,4,30,10.700000000000001,0,100,2.4000000000000004,10.700000000000001
2015,12,10,5,30,10.9,0,100,2.6,10.9
2015,12,10,6,30,11.3,0,100,2.9000000000000004,11.3
2015,12,10,7,30,12.600000000000001,10,98.18,3.6,12.3
2015,12,10,8,30,14.9,73,87.75,4.2,12.9
2015,12,10,9,30,17.7,219,80.55,5,14.3
2015,12,10,10,30,20.400000000000002,213,74.81,5.800000000000001,15.8
2015,12,10,11,30,22.3,446,68.25,6,16.2
2015,12,10,12,30,23.5,503,62.870000000000005,5.800000000000001,16
2015,12,10,13,30,24.200000000000003,553,59.57,5.1000000000000005,15.8
2015,12,10,14,30,24.200000000000003,467,59.69,3.8000000000000003,15.9
2015,12,10,15,30,22.900000000000002,313,69.23,2.5,17
2015,12,10,16,30,20.1,102,88.72,1.8,18.2
2015,12,10,17,30,17.8,0,87.84,1.8,15.8
2015,12,10,18,30,16.8,0,90.15,2,15.200000000000001
2015,12,10,19,30,16,0,93.7,2,15
2015,12,10,20,30,15,0,97.36,1.9000000000000001,14.600000000000001
2015,12,10,21,30,14,0,99.58,1.7000000000000002,13.9
2015,12,10,22,30,13.200000000000001,0,99.05,1.4000000000000001,13.100000000000001
2015,12,10,23,30,12.600000000000001,0,96.77,1.3,12.100000000000001
2015,12,11,0,30,12,0,95.59,1.3,11.3
2015,12,11,1,30,11.3,0,96.31,1.4000000000000001,10.700000000000001
2015,12,11,2,30,10.4,0,99.02,1.4000000000000001,10.3
2015,12,11,3,30,9.600000000000001,0,100,1.4000000000000001,9.600000000000001
2015,12,11,4,30,9.1,0,100,1.5,9.1
2015,12,11,5,30,8.8,0,100,1.5,8.8
2015,12,11,6,30,8.700000000000001,0,100,1.7000000000000002,8.700000000000001
2015,12,11,7,30,10.100000000000001,11,90.98,2.3000000000000003,8.700000000000001
2015,12,11,8,30,12.600000000000001,135,79.92,3,9.200000000000001
2015,12,11,9,30,15.200000000000001,83,71.73,3.2,10.100000000000001
2015,12,11,10,30,18.2,218,68.52,4,12.3
2015,12,11,11,30,20.900000000000002,369,68.60000000000001,4.9,14.9
2015,12,11,12,30,22.6,613,67.96000000000001,5.2,16.400000000000002
2015,12,11,13,30,23.5,569,68.06,5.2,17.3
2015,12,11,14,30,23.6,465,70.54,4.9,17.900000000000002
2015,12,11,15,30,22.900000000000002,213,76.57000000000001,4.1000000000000005,18.6
2015,12,11,16,30,21.1,80,88.36,3.3000000000000003,19.1
2015,12,11,17,30,19.5,0,96.21000000000001,3.1,18.900000000000002
2015,12,11,18,30,19,0,100,3.4000000000000004,19
2015,12,11,19,30,18.7,0,100,3.6,18.7
2015,12,11,20,30,18.5,0,100,3.9000000000000004,18.5
2015,12,11,21,30,18.6,0,100,4.4,18.6
2015,12,11,22,30,19,0,98.87,5.1000000000000005,18.8
2015,12,11,23,30,19.3,0,97.74000000000001,5.2,18.900000000000002
2015,12,12,0,30,19.400000000000002,0,98.03,5.1000000000000005,19.1
2015,12,12,1,30,19.6,0,97.91,5.1000000000000005,19.3
2015,12,12,2,30,19.700000000000003,0,98.42,5,19.400000000000002
2015,12,12,3,30,19.700000000000003,0,98.93,5,19.5
2015,12,12,4,30,19.700000000000003,0,98.71000000000001,4.9,19.5
2015,12,12,5,30,19.700000000000003,0,98.2,4.9,19.400000000000002
2015,12,12,6,30,19.700000000000003,0,97.82000000000001,4.800000000000001,19.3
2015,12,12,7,30,19.900000000000002,5,96.78,4.9,19.400000000000002
2015,12,12,8,30,20.400000000000002,75,95.24,5.2,19.6
2015,12,12,9,30,21,159,93.97,5.5,20
2015,12,12,10,30,21.6,158,92.51,5.9,20.3
2015,12,12,11,30,22.3,148,90.41,6.300000000000001,20.700000000000003
2015,12,12,12,30,23,98,88.69,6.7,21
2015,12,12,13,30,23.200000000000003,215,89.32000000000001,6.6000000000000005,21.3
2015,12,12,14,30,23,152,91.17,6.2,21.5
2015,12,12,15,30,22.400000000000002,89,94.07000000000001,6.1000000000000005,21.400000000000002
2015,12,12,16,30,21.700000000000003,5,94.7,5.9,20.8
2015,12,12,17,30,21.200000000000003,0,94.61,5.6000000000000005,20.3
2015,12,12,18,30,21,0,95.60000000000001,5.4,20.3
2015,12,12,19,30,21.200000000000003,0,96.42,5.5,20.6
2015,12,12,20,30,21.5,0,97.24000000000001,5.7,21
2015,12,12,21,30,21.6,0,97.82000000000001,5.9,21.200000000000003
2015,12,12,22,30,21.6,0,97.8,6.5,21.200000000000003
2015,12,12,23,30,21.6,0,97.23,7.2,21.1
2015,12,13,0,30,21.700000000000003,0,96.26,7.7,21.1
2015,12,13,1,30,21.700000000000003,0,96.25,7.800000000000001,21.1
2015,12,13,2,30,21.200000000000003,0,99.31,7.5,21.1
2015,12,13,3,30,19.1,0,100,6.5,19.1
2015,12,13,4,30,15.200000000000001,0,100,6.300000000000001,15.200000000000001
2015,12,13,5,30,11.700000000000001,0,99.97,6.4,11.700000000000001
2015,12,13,6,30,10.100000000000001,0,86.83,5.1000000000000005,8
2015,12,13,7,30,9.9,3,84.94,3.6,7.5
2015,12,13,8,30,10.3,4,82.95,2.6,7.5
2015,12,13,9,30,11,19,78.51,2.4000000000000004,7.4
2015,12,13,10,30,12.200000000000001,80,72.79,2.9000000000000004,7.5
2015,12,13,11,30,13.8,113,65.88,3.9000000000000004,7.5
2015,12,13,12,30,15.4,271,58.120000000000005,4.800000000000001,7.2
2015,12,13,13,30,16.400000000000002,77,52.4,5.1000000000000005,6.6000000000000005
2015,12,13,14,30,16.7,48,49.57,4.9,6.1000000000000005
2015,12,13,15,30,16,96,51.17,4.2,5.9
2015,12,13,16,30,14,137,60.58,3.4000000000000004,6.5
2015,12,13,17,30,12.100000000000001,0,67.6,3.3000000000000003,6.300000000000001
2015,12,13,18,30,11.3,0,69.11,3.6,5.800000000000001
2015,12,13,19,30,10.700000000000001,0,71.10000000000001,3.8000000000000003,5.7
2015,12,13,20,30,10.3,0,72.19,4,5.5
2015,12,13,21,30,10.200000000000001,0,71.15,4.2,5.2
2015,12,13,22,30,10.100000000000001,0,69.58,4.4,4.800000000000001
2015,12,13,23,30,9.600000000000001,0,70.83,4.2,4.6000000000000005
2015,12,14,0,30,8.9,0,74.91,3.7,4.7
2015,12,14,1,30,8.3,0,78.62,3.2,4.800000000000001
2015,12,14,2,30,7.7,0,81.88,2.8000000000000003,4.800000000000001
2015,12,14,3,30,7.2,0,84.33,2.7,4.7
2015,12,14,4,30,6.6000000000000005,0,87.25,2.5,4.6000000000000005
2015,12,14,5,30,5.9,0,90.15,2.3000000000000003,4.4
2015,12,14,6,30,5.300000000000001,0,91.98,2.1,4.1000000000000005
2015,12,14,7,30,6.2,20,84.93,2.6,3.9000000000000004
2015,12,14,8,30,8.5,192,74.92,2.9000000000000004,4.3
2015,12,14,9,30,11.4,376,65.95,2.4000000000000004,5.300000000000001
2015,12,14,10,30,14.9,522,59.43,2.4000000000000004,7.1000000000000005
2015,12,14,11,30,17.900000000000002,613,48.230000000000004,2.7,6.800000000000001
2015,12,14,12,30,19.8,635,42.77,2.8000000000000003,6.800000000000001
2015,12,14,13,30,20.8,591,39.660000000000004,2.9000000000000004,6.6000000000000005
2015,12,14,14,30,20.700000000000003,485,41.49,2.6,7.1000000000000005
2015,12,14,15,30,19.200000000000003,330,54.26,2,9.700000000000001
2015,12,14,16,30,16,144,79.03,1.8,12.4
2015,12,14,17,30,13.600000000000001,0,78.68,2.1,10
2015,12,14,18,30,13,0,78.34,2.7,9.3
2015,12,14,19,30,12.5,0,80.31,3.1,9.200000000000001
2015,12,14,20,30,11.9,0,82.53,3.3000000000000003,9
2015,12,14,21,30,11.200000000000001,0,85.04,3.4000000000000004,8.8
2015,12,14,22,30,10.700000000000001,0,86.82000000000001,3.4000000000000004,8.6
2015,12,14,23,30,10.200000000000001,0,89.76,3.3000000000000003,8.6
2015,12,15,0,30,9.8,0,95.36,3.2,9.1
2015,12,15,1,30,9.600000000000001,0,100,3.1,9.600000000000001
2015,12,15,2,30,9.4,0,100,2.9000000000000004,9.4
2015,12,15,3,30,9.4,0,100,2.8000000000000003,9.4
2015,12,15,4,30,9.4,0,100,2.7,9.4
2015,12,15,5,30,9.5,0,100,2.6,9.5
2015,12,15,6,30,9.600000000000001,0,100,2.4000000000000004,9.600000000000001
2015,12,15,7,30,10.8,16,98.7,2.6,10.600000000000001
2015,12,15,8,30,13.3,172,87.29,2.7,11.200000000000001
2015,12,15,9,30,15.8,134,81.29,2.7,12.600000000000001
2015,12,15,10,30,18,262,78.76,3,14.3
2015,12,15,11,30,19.200000000000003,52,76.63,3.1,15
2015,12,15,12,30,20,86,74.12,2.9000000000000004,15.200000000000001
2015,12,15,13,30,20.5,148,71.60000000000001,2.6,15.200000000000001
2015,12,15,14,30,20.5,253,70.75,2,15
2015,12,15,15,30,19.900000000000002,172,73.39,1.1,15
2015,12,15,16,30,18.400000000000002,18,86.98,0.7000000000000001,16.2
2015,12,15,17,30,16.8,0,81.9,0.8,13.700000000000001
2015,12,15,18,30,15.600000000000001,0,83.73,0.8,12.9
2015,12,15,19,30,14.8,0,85.9,1,12.5
2015,12,15,20,30,14.100000000000001,0,86.13,1.3,11.8
2015,12,15,21,30,13.200000000000001,0,84.05,1.8,10.600000000000001
2015,12,15,22,30,12.3,0,79.82000000000001,2.3000000000000003,8.9
2015,12,15,23,30,11.3,0,77.59,2.6,7.5
2015,12,16,0,30,10.200000000000001,0,76.07000000000001,3.1,6.2
2015,12,16,1,30,9.200000000000001,0,74.2,3.7,4.800000000000001
2015,12,16,2,30,8.4,0,71.17,4,3.5
2015,12,16,3,30,7.800000000000001,0,67.7,3.8000000000000003,2.2
2015,12,16,4,30,7.1000000000000005,0,65.94,3.6,1.2000000000000002
2015,12,16,5,30,6.5,0,65.84,3.5,0.6000000000000001
2015,12,16,6,30,6,0,66.73,3.5,0.30000000000000004
2015,12,16,7,30,6.5,16,64.1,3.9000000000000004,0.2
2015,12,16,8,30,8.4,62,57.050000000000004,4.3,0.4
2015,12,16,9,30,10.5,359,50.58,4.6000000000000005,0.7000000000000001
2015,12,16,10,30,11.9,345,42.99,4.9,-0.30000000000000004
2015,12,16,11,30,12.8,409,41.38,4.7,0
2015,12,16,12,30,13.4,621,41.35,4.4,0.5
2015,12,16,13,30,13.700000000000001,582,41.52,4,0.9
2015,12,16,14,30,13.5,481,42.59,3.7,1
2015,12,16,15,30,12.600000000000001,329,45.58,3.1,1.1
2015,12,16,16,30,10,146,59.25,2,2.4000000000000004
2015,12,16,17,30,7.5,0,76.44,1.6,3.6
2015,12,16,18,30,6.4,0,78.35000000000001,1.6,2.9000000000000004
2015,12,16,19,30,5.7,0,79.60000000000001,1.5,2.4000000000000004
2015,12,16,20,30,5.1000000000000005,0,80.41,1.5,2
2015,12,16,21,30,4.6000000000000005,0,80.9,1.5,1.6
2015,12,16,22,30,4.1000000000000005,0,81.53,1.5,1.2000000000000002
2015,12,16,23,30,3.6,0,82.16,1.5,0.8
2015,12,17,0,30,3.1,0,82.61,1.5,0.4
2015,12,17,1,30,2.6,0,82.92,1.4000000000000001,0
2015,12,17,2,30,2.1,0,83.22,1.3,-0.5
2015,12,17,3,30,1.6,0,84.10000000000001,1.3,-0.8
2015,12,17,4,30,1.1,0,85.59,1.3,-1
2015,12,17,5,30,0.8,0,85.91,1.2000000000000002,-1.3
2015,12,17,6,30,0.8,0,84.19,1.1,-1.6
2015,12,17,7,30,2.4000000000000004,16,75.17,1.3,-1.5
2015,12,17,8,30,5,186,71.08,1.4000000000000001,0.2
2015,12,17,9,30,8.1,370,58.52,1.1,0.5
2015,12,17,10,30,11.4,518,48.54,1,0.9
2015,12,17,11,30,13.600000000000001,606,38.02,1.9000000000000001,-0.5
2015,12,17,12,30,14.600000000000001,633,36.980000000000004,2.9000000000000004,0.1
2015,12,17,13,30,15.3,594,36.67,3.6,0.6000000000000001
2015,12,17,14,30,15.600000000000001,488,36.92,3.7,0.9
2015,12,17,15,30,14.700000000000001,334,41.61,2.8000000000000003,1.8
2015,12,17,16,30,12,147,60.25,2.2,4.5
2015,12,17,17,30,9.8,0,61.88,2.9000000000000004,2.8000000000000003
2015,12,17,18,30,8.9,0,59.45,4.1000000000000005,1.4000000000000001
2015,12,17,19,30,7.5,0,60.69,4.1000000000000005,0.4
2015,12,17,20,30,6.2,0,65.17,3.7,0.1
2015,12,17,21,30,5.4,0,68.69,3.9000000000000004,0.1
2015,12,17,22,30,4.6000000000000005,0,74.49,4.2,0.5
2015,12,17,23,30,3.8000000000000003,0,81.13,4.5,0.9
2015,12,18,0,30,3,0,86.58,4.4,1
2015,12,18,1,30,2.2,0,90.58,3.9000000000000004,0.8
2015,12,18,2,30,1.5,0,92.94,3.4000000000000004,0.5
2015,12,18,3,30,0.8,0,95.18,2.9000000000000004,0.1
2015,12,18,4,30,-0.1,0,99.21000000000001,2.3000000000000003,-0.2
2015,12,18,5,30,-0.8,0,100,1.9000000000000001,-0.8
2015,12,18,6,30,-1.1,0,100,1.6,-1.1
2015,12,18,7,30,-0.1,15,95.67,2,-0.7000000000000001
2015,12,18,8,30,2.2,181,81.88,2.3000000000000003,-0.6000000000000001
2015,12,18,9,30,4.4,365,71.26,1.8,-0.4
2015,12,18,10,30,6.6000000000000005,509,63.76,1.4000000000000001,0.2
2015,12,18,11,30,8.5,600,58.75,1.2000000000000002,0.9
2015,12,18,12,30,10,629,54.82,1,1.3
2015,12,18,13,30,11,590,51.89,0.7000000000000001,1.5
2015,12,18,14,30,11.5,489,49.35,0.7000000000000001,1.2000000000000002
2015,12,18,15,30,11,335,50.56,0.9,1.1
2015,12,18,16,30,8.9,149,67.53,0.9,3.2
2015,12,18,17,30,6.5,0,76.67,1.1,2.7
2015,12,18,18,30,5.300000000000001,0,78.53,1.2000000000000002,1.9000000000000001
2015,12,18,19,30,4.6000000000000005,0,81.31,1.4000000000000001,1.7000000000000002
2015,12,18,20,30,4.1000000000000005,0,83.32000000000001,1.5,1.5
2015,12,18,21,30,3.7,0,85.33,1.6,1.5
2015,12,18,22,30,3.4000000000000004,0,87.2,1.6,1.5
2015,12,18,23,30,3,0,89.88,1.6,1.5
2015,12,19,0,30,2.6,0,92.56,1.6,1.5
2015,12,19,1,30,2.2,0,95.24,1.5,1.5
2015,12,19,2,30,1.8,0,98.33,1.5,1.6
2015,12,19,3,30,1.4000000000000001,0,100,1.5,1.4000000000000001
2015,12,19,4,30,1.2000000000000002,0,100,1.5,1.2000000000000002
2015,12,19,5,30,1,0,100,1.6,1
2015,12,19,6,30,0.9,0,100,1.7000000000000002,0.9
2015,12,19,7,30,2.4000000000000004,0,95.86,2.5,1.8
2015,12,19,8,30,5.2,177,81.74,3.1,2.3000000000000003
2015,12,19,9,30,8.4,360,70.4,3.2,3.3000000000000003
2015,12,19,10,30,11.700000000000001,507,60.85,4.1000000000000005,4.4
2015,12,19,11,30,14,596,49.980000000000004,4.7,3.7
2015,12,19,12,30,15.200000000000001,625,45.28,4.5,3.4000000000000004
2015,12,19,13,30,15.8,587,43.33,4.2,3.3000000000000003
2015,12,19,14,30,15.700000000000001,486,44.34,3.9000000000000004,3.6
2015,12,19,15,30,14.5,333,49.620000000000005,3,4.1000000000000005
2015,12,19,16,30,11.600000000000001,149,68.63,2.2,6
2015,12,19,17,30,9.4,0,77.10000000000001,2.4000000000000004,5.6000000000000005
2015,12,19,18,30,8.6,0,79.91,2.5,5.300000000000001
2015,12,19,19,30,7.800000000000001,0,84.96000000000001,2.3000000000000003,5.4
2015,12,19,20,30,7.1000000000000005,0,87.60000000000001,2.4000000000000004,5.2
2015,12,19,21,30,6.800000000000001,0,89.33,2.8000000000000003,5.2
2015,12,19,22,30,6.800000000000001,0,91.33,3.4000000000000004,5.5
2015,12,19,23,30,6.9,0,93.98,3.8000000000000003,6
2015,12,20,0,30,6.800000000000001,0,96.66,3.8000000000000003,6.300000000000001
2015,12,20,1,30,6.7,0,97.96000000000001,3.6,6.4
2015,12,20,2,30,6.800000000000001,0,97.21000000000001,3.7,6.4
2015,12,20,3,30,7,0,96.22,3.9000000000000004,6.4
2015,12,20,4,30,7.300000000000001,0,95.76,4,6.7
2015,12,20,5,30,7.7,0,95.33,3.7,7
2015,12,20,6,30,8.1,0,95.79,3.4000000000000004,7.5
2015,12,20,7,30,8.9,0,94.33,3.6,8
2015,12,20,8,30,10.4,10,90.34,4.1000000000000005,8.9
2015,12,20,9,30,12.3,43,86.61,4,10.100000000000001
2015,12,20,10,30,14.200000000000001,103,84.4,4.1000000000000005,11.600000000000001
2015,12,20,11,30,15.3,132,85.48,4.3,12.9
2015,12,20,12,30,16,149,86.06,4.2,13.700000000000001
2015,12,20,13,30,16.7,192,86.02,4.2,14.3
2015,12,20,14,30,17.3,136,86.7,4.1000000000000005,15.100000000000001
2015,12,20,15,30,17.5,32,89.56,4.2,15.8
2015,12,20,16,30,17.400000000000002,60,92.29,4.9,16.1
2015,12,20,17,30,17.2,0,94.21000000000001,5.4,16.3
2015,12,20,18,30,17,0,95.59,5.300000000000001,16.3
2015,12,20,19,30,16.6,0,97.58,4.9,16.2
2015,12,20,20,30,16.2,0,99.21000000000001,4.1000000000000005,16.1
2015,12,20,21,30,15.8,0,100,3.4000000000000004,15.8
2015,12,20,22,30,15.600000000000001,0,100,3.1,15.600000000000001
2015,12,20,23,30,15.5,0,100,3,15.5
2015,12,21,0,30,15.5,0,100,2.9000000000000004,15.5
2015,12,21,1,30,15.5,0,100,2.7,15.5
2015,12,21,2,30,15.4,0,100,2.6,15.4
2015,12,21,3,30,15.3,0,100,2.5,15.3
2015,12,21,4,30,15,0,100,2.2,15
2015,12,21,5,30,14.700000000000001,0,100,2,14.700000000000001
2015,12,21,6,30,14.600000000000001,0,100,1.9000000000000001,14.600000000000001
2015,12,21,7,30,15.200000000000001,0,98.59,2.1,15
2015,12,21,8,30,16.400000000000002,67,92.48,2.5,15.200000000000001
2015,12,21,9,30,17.8,142,86.47,2.8000000000000003,15.5
2015,12,21,10,30,19.3,381,79.61,3.2,15.700000000000001
2015,12,21,11,30,20.5,466,73.64,3.4000000000000004,15.600000000000001
2015,12,21,12,30,21.3,421,69.13,3.3000000000000003,15.4
2015,12,21,13,30,21.8,462,65.12,3,15
2015,12,21,14,30,21.8,377,62.43,2.7,14.3
2015,12,21,15,30,20.700000000000003,265,64.35,1.9000000000000001,13.700000000000001
2015,12,21,16,30,17.8,123,84.64,1.3,15.200000000000001
2015,12,21,17,30,15.4,0,80.67,1.3,12.100000000000001
2015,12,21,18,30,14.5,0,75.33,1.3,10.200000000000001
2015,12,21,19,30,14.100000000000001,0,71.34,1.3,9
2015,12,21,20,30,13.700000000000001,0,68.34,1.2000000000000002,8
2015,12,21,21,30,13.600000000000001,0,64.86,1.1,7.1000000000000005
2015,12,21,22,30,13.5,0,61.88,0.8,6.300000000000001
2015,12,21,23,30,13,0,61.28,0.8,5.7
2015,12,22,0,30,11.9,0,64.61,0.8,5.4
2015,12,22,1,30,11.100000000000001,0,67.1,0.9,5.2
2015,12,22,2,30,10.700000000000001,0,67.8,0.9,5
2015,12,22,3,30,10.100000000000001,0,69.83,0.9,4.800000000000001
2015,12,22,4,30,9.600000000000001,0,71.68,0.9,4.7
2015,12,22,5,30,9.1,0,73.69,1,4.6000000000000005
2015,12,22,6,30,8.5,0,76.42,1,4.6000000000000005
2015,12,22,7,30,9.3,0,73.02,1.1,4.7
2015,12,22,8,30,11.700000000000001,171,73.95,1.5,7.2
2015,12,22,9,30,14.200000000000001,349,62.42,1.7000000000000002,7.1000000000000005
2015,12,22,10,30,17,493,60.27,2,9.200000000000001
2015,12,22,11,30,19.8,584,57.660000000000004,2.9000000000000004,11.200000000000001
2015,12,22,12,30,21.3,609,55.08,3.6,11.9
2015,12,22,13,30,21.900000000000002,571,55.56,4,12.600000000000001
2015,12,22,14,30,22,471,58.980000000000004,4.1000000000000005,13.600000000000001
2015,12,22,15,30,21.200000000000003,320,68.45,3.6,15.200000000000001
2015,12,22,16,30,19.400000000000002,140,83.71000000000001,3.1,16.6
2015,12,22,17,30,18.2,0,92.07000000000001,3.4000000000000004,16.900000000000002
2015,12,22,18,30,18.1,0,96.09,4,17.5
2015,12,22,19,30,17.8,0,99.97,4,17.8
2015,12,22,20,30,17.5,0,100,3.8000000000000003,17.5
2015,12,22,21,30,17.3,0,100,3.6,17.3
2015,12,22,22,30,17.5,0,100,3.5,17.5
2015,12,22,23,30,18,0,100,3.6,18
2015,12,23,0,30,18.3,0,100,3.6,18.3
2015,12,23,1,30,18.3,0,100,3.6,18.3
2015,12,23,2,30,18.1,0,100,3.7,18.1
2015,12,23,3,30,17.6,0,100,3.5,17.6
2015,12,23,4,30,17,0,100,3.1,17
2015,12,23,5,30,16.400000000000002,0,100,2.8000000000000003,16.400000000000002
2015,12,23,6,30,15.9,0,100,2.7,15.9
2015,12,23,7,30,16.1,0,97.27,3.2,15.700000000000001
2015,12,23,8,30,17.400000000000002,162,86.81,3.5,15.200000000000001
2015,12,23,9,30,19.200000000000003,343,75.91,3.9000000000000004,14.8
2015,12,23,10,30,21.1,490,60.870000000000005,4.5,13.3
2015,12,23,11,30,22.400000000000002,585,50.42,4.800000000000001,11.600000000000001
2015,12,23,12,30,23.1,615,44.730000000000004,4.6000000000000005,10.4
2015,12,23,13,30,23.200000000000003,580,41.92,4.1000000000000005,9.600000000000001
2015,12,23,14,30,22.8,481,43.160000000000004,3.1,9.600000000000001
2015,12,23,15,30,21.400000000000002,332,53.44,2,11.600000000000001
2015,12,23,16,30,18.8,151,75.23,1.4000000000000001,14.3
2015,12,23,17,30,16.900000000000002,0,69.59,1.4000000000000001,11.3
2015,12,23,18,30,16.3,0,66.48,1.5,10
2015,12,23,19,30,15.600000000000001,0,67.34,1.5,9.600000000000001
2015,12,23,20,30,15,0,68.3,1.5,9.200000000000001
2015,12,23,21,30,14.4,0,69.4,1.5,8.9
2015,12,23,22,30,13.600000000000001,0,71.81,1.4000000000000001,8.6
2015,12,23,23,30,12.700000000000001,0,75.39,1.4000000000000001,8.5
2015,12,24,0,30,12,0,78.60000000000001,1.5,8.4
2015,12,24,1,30,11.5,0,81.35000000000001,1.6,8.4
2015,12,24,2,30,11.200000000000001,0,83.48,1.7000000000000002,8.5
2015,12,24,3,30,11,0,84.97,1.8,8.6
2015,12,24,4,30,10.8,0,85.41,1.7000000000000002,8.4
2015,12,24,5,30,10.5,0,85.28,1.6,8.1
2015,12,24,6,30,10.5,0,83.31,1.4000000000000001,7.800000000000001
2015,12,24,7,30,11.9,0,75.53,1.5,7.7
2015,12,24,8,30,14.5,158,70.21000000000001,1.9000000000000001,9.1
2015,12,24,9,30,16.900000000000002,333,59.35,1.8,8.9
2015,12,24,10,30,19.6,476,56.910000000000004,1.4000000000000001,10.8
2015,12,24,11,30,22.1,566,55.27,1.5,12.700000000000001
2015,12,24,12,30,23.5,596,52.300000000000004,1.8,13.200000000000001
2015,12,24,13,30,23.700000000000003,559,52.68,1.6,13.5
2015,12,24,14,30,23.5,464,53.78,1.3,13.600000000000001
2015,12,24,15,30,22.5,320,59.31,0.8,14.200000000000001
2015,12,24,16,30,20.3,144,75.17,0.8,15.8
2015,12,24,17,30,17.8,0,75.67,1.2000000000000002,13.4
2015,12,24,18,30,16.3,0,77.85000000000001,1.7000000000000002,12.4
2015,12,24,19,30,15.100000000000001,0,79.81,2.1,11.600000000000001
2015,12,24,20,30,14,0,80.76,2.5,10.700000000000001
2015,12,24,21,30,12.9,0,81.63,3.1,9.8
2015,12,24,22,30,11.700000000000001,0,82.2,3.5,8.8
2015,12,24,23,30,10.700000000000001,0,82.54,3.6,7.800000000000001
2015,12,25,0,30,9.700000000000001,0,82.76,3.4000000000000004,6.9
2015,12,25,1,30,8.9,0,82.56,3.2,6.1000000000000005
2015,12,25,2,30,8.200000000000001,0,82.81,2.9000000000000004,5.5
2015,12,25,3,30,7.7,0,83.51,2.6,5.1000000000000005
2015,12,25,4,30,7.300000000000001,0,85.31,2.2,5
2015,12,25,5,30,7,0,87.54,1.9000000000000001,5.1000000000000005
2015,12,25,6,30,6.9,0,88.66,1.8,5.2
2015,12,25,7,30,8,0,83.11,2.2,5.300000000000001
2015,12,25,8,30,10.200000000000001,157,73.68,2.3000000000000003,5.7
2015,12,25,9,30,12.9,333,67.62,1.7000000000000002,7.1000000000000005
2015,12,25,10,30,16,474,64.2,1.3,9.200000000000001
2015,12,25,11,30,18.5,339,63.21,1.1,11.4
2015,12,25,12,30,20,395,64.63,1.3,13.100000000000001
2015,12,25,13,30,21.1,552,68.5,1.8,15.100000000000001
2015,12,25,14,30,21.5,425,74.77,2,16.8
2015,12,25,15,30,20.900000000000002,267,82.06,1.4000000000000001,17.7
2015,12,25,16,30,19.3,40,95.68,0.9,18.6
2015,12,25,17,30,17.900000000000002,0,97.05,0.9,17.400000000000002
2015,12,25,18,30,17.2,0,100,1,17.2
2015,12,25,19,30,16.8,0,100,1.1,16.8
2015,12,25,20,30,17.1,0,100,1.6,17.1
2015,12,25,21,30,18,0,100,2.6,18
2015,12,25,22,30,19.1,0,100,3.7,19.1
2015,12,25,23,30,19.900000000000002,0,100,4.2,19.900000000000002
2015,12,26,0,30,20.1,0,100,4.1000000000000005,20.1
2015,12,26,1,30,20.3,0,100,4.1000000000000005,20.3
2015,12,26,2,30,20.5,0,99.49000000000001,4.3,20.400000000000002
2015,12,26,3,30,20.700000000000003,0,99.35000000000001,4.6000000000000005,20.6
2015,12,26,4,30,20.900000000000002,0,99.19,4.7,20.8
2015,12,26,5,30,21.1,0,98.68,4.9,20.900000000000002
2015,12,26,6,30,21.1,0,98.9,4.9,20.900000000000002
2015,12,26,7,30,21.3,0,97.33,4.9,20.900000000000002
2015,12,26,8,30,21.900000000000002,37,95.18,5.2,21.1
2015,12,26,9,30,22.5,110,94.35000000000001,5.5,21.5
2015,12,26,10,30,23.3,159,92.21000000000001,6.1000000000000005,22
2015,12,26,11,30,24.1,285,89.3,6.9,22.200000000000003
2015,12,26,12,30,24.8,285,86.12,7.4,22.3
2015,12,26,13,30,24.8,343,85.88,7.300000000000001,22.3
2015,12,26,14,30,24.5,239,87.17,7,22.200000000000003
2015,12,26,15,30,24,180,89.24,6.6000000000000005,22.1
2015,12,26,16,30,23.400000000000002,11,91.52,6.4,21.900000000000002
2015,12,26,17,30,22.900000000000002,0,93.12,6.300000000000001,21.700000000000003
2015,12,26,18,30,22.5,0,94.48,6.2,21.6
2015,12,26,19,30,22.200000000000003,0,95.46000000000001,6,21.400000000000002
2015,12,26,20,30,21.900000000000002,0,96.43,5.7,21.3
2015,12,26,21,30,21.400000000000002,0,98.39,5.2,21.1
2015,12,26,22,30,20.900000000000002,0,99.69,4.2,20.8
2015,12,26,23,30,19.900000000000002,0,100,3,19.900000000000002
2015,12,27,0,30,18.5,0,100,2.1,18.5
2015,12,27,1,30,17,0,100,1.5,17
2015,12,27,2,30,15.4,0,100,1.3,15.4
2015,12,27,3,30,14.4,0,100,1.5,14.4
2015,12,27,4,30,14,0,100,1.9000000000000001,14
2015,12,27,5,30,13.9,0,100,1.9000000000000001,13.9
2015,12,27,6,30,13.200000000000001,0,100,2,13.200000000000001
2015,12,27,7,30,11.700000000000001,0,100,3.6,11.700000000000001
2015,12,27,8,30,9.700000000000001,52,100,5.9,9.700000000000001
2015,12,27,9,30,8.4,56,97.7,6.9,8.1
2015,12,27,10,30,8.3,59,89.31,6.9,6.6000000000000005
2015,12,27,11,30,8.700000000000001,69,85.09,6.6000000000000005,6.300000000000001
2015,12,27,12,30,9.200000000000001,13,82.71000000000001,6.6000000000000005,6.4
2015,12,27,13,30,9.5,153,80.89,7.1000000000000005,6.4
2015,12,27,14,30,9.5,163,79.83,7.2,6.2
2015,12,27,15,30,8.9,144,80.97,6.4,5.800000000000001
2015,12,27,16,30,7.800000000000001,16,83.47,5.4,5.2
2015,12,27,17,30,6.7,0,86.35000000000001,4.800000000000001,4.6000000000000005
2015,12,27,18,30,5.800000000000001,0,88.9,4.9,4.1000000000000005
2015,12,27,19,30,4.800000000000001,0,91.7,5.300000000000001,3.6
2015,12,27,20,30,3.9000000000000004,0,92.08,5.4,2.7
2015,12,27,21,30,3.2,0,91.3,5,1.9000000000000001
2015,12,27,22,30,2.9000000000000004,0,89.16,4.5,1.3
2015,12,27,23,30,2.6,0,87.93,4.7,0.8
2015,12,28,0,30,2.3000000000000003,0,87.05,4.9,0.4
2015,12,28,1,30,1.9000000000000001,0,86.97,5,0
2015,12,28,2,30,1.6,0,87.21000000000001,5.1000000000000005,-0.30000000000000004
2015,12,28,3,30,1.5,0,87.07000000000001,5.5,-0.4
2015,12,28,4,30,1.5,0,85.89,6,-0.6000000000000001
2015,12,28,5,30,1.2000000000000002,0,85.2,6.5,-1
2015,12,28,6,30,0.6000000000000001,0,83.39,6.5,-1.9000000000000001
2015,12,28,7,30,0.7000000000000001,0,77.97,6.2,-2.7
2015,12,28,8,30,1.8,154,71.95,6.300000000000001,-2.7
2015,12,28,9,30,3.1,161,66.25,6.300000000000001,-2.6
2015,12,28,10,30,4.4,160,62.01,6,-2.2
2015,12,28,11,30,5.5,226,59.77,5.800000000000001,-1.7000000000000002
2015,12,28,12,30,6.300000000000001,311,58.92,5.800000000000001,-1.1
2015,12,28,13,30,6.5,365,59.94,5.7,-0.7000000000000001
2015,12,28,14,30,6.2,104,62.18,5.5,-0.5
2015,12,28,15,30,5.4,89,66.05,5,-0.4
2015,12,28,16,30,4.2,160,71.75,4,-0.4
2015,12,28,17,30,3,0,78.94,2.8000000000000003,-0.30000000000000004
2015,12,28,18,30,1.9000000000000001,0,86.35000000000001,1.9000000000000001,-0.1
2015,12,28,19,30,1.2000000000000002,0,90.56,1.4000000000000001,-0.2
2015,12,28,20,30,0.7000000000000001,0,92.49,1,-0.4
2015,12,28,21,30,0.5,0,92.08,0.9,-0.6000000000000001
2015,12,28,22,30,0.7000000000000001,0,89.08,0.8,-0.9
2015,12,28,23,30,1,0,87.49,0.7000000000000001,-0.8
2015,12,29,0,30,1.3,0,86.71000000000001,0.6000000000000001,-0.7000000000000001
2015,12,29,1,30,1.4000000000000001,0,86.97,0.6000000000000001,-0.5
2015,12,29,2,30,1.4000000000000001,0,88.39,0.6000000000000001,-0.30000000000000004
2015,12,29,3,30,1.2000000000000002,0,91.02,0.7000000000000001,-0.1
2015,12,29,4,30,1.1,0,92.35000000000001,0.7000000000000001,0
2015,12,29,5,30,1.1,0,92.54,0.8,0
2015,12,29,6,30,1.2000000000000002,0,92.24,0.8,0.1
2015,12,29,7,30,2,0,88.17,1.3,0.2
2015,12,29,8,30,3.5,79,79.59,2.1,0.30000000000000004
2015,12,29,9,30,4.800000000000001,268,69.99,2.6,-0.2
2015,12,29,10,30,5.800000000000001,358,65.65,2.7,-0.1
2015,12,29,11,30,6.5,585,64.13,2.5,0.2
2015,12,29,12,30,7,405,63.47,2.2,0.5
2015,12,29,13,30,7.5,324,63.08,2,0.9
2015,12,29,14,30,8,333,63.46,2.3000000000000003,1.5
2015,12,29,15,30,7.7,342,66.66,2.2,1.9000000000000001
2015,12,29,16,30,6,161,78.34,1.5,2.5
2015,12,29,17,30,4.1000000000000005,0,90.48,1,2.7
2015,12,29,18,30,3.9000000000000004,0,87.34,1,2
2015,12,29,19,30,4.3,0,89.15,0.9,2.7
2015,12,29,20,30,4.2,0,92.78,0.9,3.1
2015,12,29,21,30,3.6,0,95.5,1,2.9000000000000004
2015,12,29,22,30,3,0,96.35000000000001,1,2.5
2015,12,29,23,30,2.6,0,97.04,1,2.2
2015,12,30,0,30,2.5,0,96.79,1,2
2015,12,30,1,30,2.4000000000000004,0,97.14,1,2
2015,12,30,2,30,2.2,0,98.22,1,1.9000000000000001
2015,12,30,3,30,1.8,0,100,1.1,1.8
2015,12,30,4,30,1.3,0,100,1.2000000000000002,1.3
2015,12,30,5,30,0.9,0,100,1.4000000000000001,0.9
2015,12,30,6,30,0.9,0,100,1.5,0.9
2015,12,30,7,30,2.3000000000000003,0,93.15,2.3000000000000003,1.3
2015,12,30,8,30,4.800000000000001,41,82.89,3,2.1
2015,12,30,9,30,7.2,126,74.66,3.2,3
2015,12,30,10,30,9,298,68.66,3.4000000000000004,3.5
2015,12,30,11,30,10.4,374,64.86,3.3000000000000003,4.1000000000000005
2015,12,30,12,30,11.3,543,63.550000000000004,3,4.6000000000000005
2015,12,30,13,30,11.8,584,63.4,2.8000000000000003,5.1000000000000005
2015,12,30,14,30,11.9,490,64.34,2.5,5.4
2015,12,30,15,30,11.3,286,67.34,2,5.5
2015,12,30,16,30,9.1,135,82.64,1.3,6.300000000000001
2015,12,30,17,30,6.800000000000001,0,90.62,1.1,5.4
2015,12,30,18,30,5.9,0,91.35000000000001,1.2000000000000002,4.6000000000000005
2015,12,30,19,30,5.300000000000001,0,93.39,1.2000000000000002,4.3
2015,12,30,20,30,4.7,0,95.59,1.2000000000000002,4.1000000000000005
2015,12,30,21,30,4.1000000000000005,0,98.42,1.2000000000000002,3.9000000000000004
2015,12,30,22,30,3.8000000000000003,0,99.36,1.2000000000000002,3.7
2015,12,30,23,30,3.9000000000000004,0,97.79,1.2000000000000002,3.6
2015,12,31,0,30,4,0,96.74000000000001,1.4000000000000001,3.5
2015,12,31,1,30,4,0,95.98,1.6,3.4000000000000004
2015,12,31,2,30,3.9000000000000004,0,95.77,1.9000000000000001,3.3000000000000003
2015,12,31,3,30,3.7,0,95.93,2.1,3.1
2015,12,31,4,30,2.9000000000000004,0,99.52,2.1,2.8000000000000003
2015,12,31,5,30,2.2,0,100,2,2.2
2015,12,31,6,30,2.3000000000000003,0,97.26,2.3000000000000003,1.9000000000000001
2015,12,31,7,30,3.2,0,90.15,2.8000000000000003,1.7000000000000002
2015,12,31,8,30,4.9,98,82,3,2.1
2015,12,31,9,30,7.1000000000000005,215,75.14,3.4000000000000004,3
2015,12,31,10,30,9,491,66.17,4,3
2015,12,31,11,30,9.600000000000001,479,63.61,4,3
2015,12,31,12,30,9.600000000000001,487,64.78,3.9000000000000004,3.3000000000000003
2015,12,31,13,30,9.5,365,66.11,4,3.5
2015,12,31,14,30,9.3,263,67.91,4,3.7
2015,12,31,15,30,9,240,70.22,3.7,3.9000000000000004
2015,12,31,16,30,7.800000000000001,63,77.49,2.8000000000000003,4.1000000000000005
2015,12,31,17,30,6.7,0,84.63,2.3000000000000003,4.3
2015,12,31,18,30,3.3000000000000003,0,73.42,2.8000000000000003,-1
2015,12,31,19,30,2.9000000000000004,0,76.39,2.9000000000000004,-0.8
2015,12,31,20,30,2.6,0,78.53,2.9000000000000004,-0.8
2015,12,31,21,30,2.4000000000000004,0,79.46000000000001,2.8000000000000003,-0.8
2015,12,31,22,30,2.3000000000000003,0,80.46000000000001,2.6,-0.7000000000000001
2015,12,31,23,30,2.3000000000000003,0,81.37,2.4000000000000004,-0.6000000000000001
