Source,Location ID,City,State,Country,Latitude,Longitude,Time Zone,Elevation,Local Time Zone,Clearsky DHI Units,Clearsky DNI Units,Clearsky GHI Units,Dew Point Units,DHI Units,DNI Units,GHI Units,Solar Zenith Angle Units,Temperature Units,Pressure Units,Relative Humidity Units,Precipitable Water Units,Wind Direction Units,Wind Speed Units,Cloud Type -15,Cloud Type 0,Cloud Type 1,Cloud Type 2,Cloud Type 3,Cloud Type 4,Cloud Type 5,Cloud Type 6,Cloud Type 7,Cloud Type 8,Cloud Type 9,Cloud Type 10,Cloud Type 11,Cloud Type 12,Fill Flag 0,Fill Flag 1,Fill Flag 2,Fill Flag 3,Fill Flag 4,Fill Flag 5,Surface Albedo Units,Version
NSRDB,694093,-,-,-,31.53,-97.14,-6,143,-6,w/m2,w/m2,w/m2,c,w/m2,w/m2,w/m2,Degree,c,mbar,%,cm,Degrees,m/s,N/A,Clear,Probably Clear,Fog,Water,Super-Cooled Water,Mixed,Opaque Ice,Cirrus,Overlapping,Overshooting,Unknown,Dust,Smoke,N/A,Missing Image,Low Irradiance,Exceeds Clearsky,Missing CLoud Properties,Rayleigh Violation,N/A,4.0.1
Year,Month,Day,Hour,Minute,Temperature,GHI,Relative Humidity,Wind Speed,Dew Point
2014,1,1,0,30,1.5,0,97.94,2,1.2000000000000002
2014,1,1,1,30,1.1,0,100,2,1.1
2014,1,1,2,30,0.9,0,100,2,0.9
2014,1,1,3,30,0.7000000000000001,0,100,2.1,0.7000000000000001
2014,1,1,4,30,0.6000000000000001,0,100,2.1,0.6000000000000001
2014,1,1,5,30,0.7000000000000001,0,99.53,2.1,0.6000000000000001
2014,1,1,6,30,0.8,0,98.12,2.3000000000000003,0.5
2014,1,1,7,30,2,0,89.87,3.1,0.5
2014,1,1,8,30,4.6000000000000005,153,77.03,3.7,0.9
2014,1,1,9,30,8.200000000000001,332,64.3,4.1000000000000005,1.9000000000000001
2014,1,1,10,30,12,481,55.03,5,3.2
2014,1,1,11,30,15.100000000000001,578,52.660000000000004,5.7,5.5
2014,1,1,12,30,17.2,613,53.52,6.300000000000001,7.7
2014,1,1,13,30,18.400000000000002,585,54.72,6.4,9.1
2014,1,1,14,30,18.8,492,56.43,6.1000000000000005,10
2014,1,1,15,30,18,348,61.46,5.4,10.5
2014,1,1,16,30,15.9,169,71.8,4.4,10.8
2014,1,1,17,30,13.600000000000001,0,82.2,3.9000000000000004,10.600000000000001
2014,1,1,18,30,12.200000000000001,0,88.76,3.5,10.4
2014,1,1,19,30,10.8,0,96.11,2.8000000000000003,10.200000000000001
2014,1,1,20,30,9.4,0,100,2.3000000000000003,9.4
2014,1,1,21,30,8.4,0,100,3.2,8.4
2014,1,1,22,30,6.800000000000001,0,92.95,5.2,5.7
2014,1,1,23,30,4.3,0,80.59,6.4,1.3
2014,1,2,0,30,2,0,72.78,6.7,-2.4000000000000004
2014,1,2,1,30,0.2,0,69.86,6.7,-4.7
2014,1,2,2,30,-1,0,68.39,6.6000000000000005,-6.1000000000000005
2014,1,2,3,30,-1.8,0,69.46000000000001,6.6000000000000005,-6.7
2014,1,2,4,30,-2.5,0,71.12,6.5,-7
2014,1,2,5,30,-3.2,0,72.43,6.2,-7.5
2014,1,2,6,30,-3.8000000000000003,0,73.15,5.800000000000001,-7.9
2014,1,2,7,30,-3.7,0,70.65,5.7,-8.3
2014,1,2,8,30,-2.3000000000000003,167,62.85,5.800000000000001,-8.4
2014,1,2,9,30,-0.2,358,54.81,5.7,-8.200000000000001
2014,1,2,10,30,1.9000000000000001,509,49.370000000000005,5.5,-7.6000000000000005
2014,1,2,11,30,3.9000000000000004,609,44.95,5.300000000000001,-7
2014,1,2,12,30,5.4,647,42.22,4.9,-6.4
2014,1,2,13,30,6.5,616,40.63,4.6000000000000005,-5.9
2014,1,2,14,30,7,521,40.38,4.3,-5.6000000000000005
2014,1,2,15,30,6.6000000000000005,368,42.61,3.6,-5.2
2014,1,2,16,30,4.2,182,53.730000000000004,2.2,-4.4
2014,1,2,17,30,1.5,0,74.56,1.4000000000000001,-2.5
2014,1,2,18,30,0.4,0,76.77,1.4000000000000001,-3.2
2014,1,2,19,30,-0.1,0,76.89,1.3,-3.7
2014,1,2,20,30,-0.5,0,76.26,1.2000000000000002,-4.2
2014,1,2,21,30,-0.9,0,75.66,1.2000000000000002,-4.7
2014,1,2,22,30,-1.4000000000000001,0,75.94,1.2000000000000002,-5.1000000000000005
2014,1,2,23,30,-1.9000000000000001,0,76.68,1.2000000000000002,-5.5
2014,1,3,0,30,-2.3000000000000003,0,77.22,1.2000000000000002,-5.7
2014,1,3,1,30,-2.6,0,77.59,1.2000000000000002,-6
2014,1,3,2,30,-2.9000000000000004,0,78.49,1.1,-6.1000000000000005
2014,1,3,3,30,-3.1,0,79.44,1.1,-6.2
2014,1,3,4,30,-3.4000000000000004,0,81.22,1.1,-6.2
2014,1,3,5,30,-3.7,0,83.2,1.2000000000000002,-6.1000000000000005
2014,1,3,6,30,-3.7,0,83.3,1.2000000000000002,-6.1000000000000005
2014,1,3,7,30,-2.3000000000000003,0,76.26,2,-5.9
2014,1,3,8,30,0.4,165,64.77,2.7,-5.5
2014,1,3,9,30,3.4000000000000004,353,55.49,3.4000000000000004,-4.7
2014,1,3,10,30,6.2,508,43.1,4,-5.4
2014,1,3,11,30,8.1,610,38.17,4.1000000000000005,-5.300000000000001
2014,1,3,12,30,9.5,649,35.87,4.3,-4.9
2014,1,3,13,30,10.4,619,34.72,4.5,-4.5
2014,1,3,14,30,10.700000000000001,524,34.94,4.4,-4.2
2014,1,3,15,30,10,373,37.76,3.8000000000000003,-3.8000000000000003
2014,1,3,16,30,7.2,186,50.800000000000004,2.7,-2.3000000000000003
2014,1,3,17,30,4.6000000000000005,16,66.09,2.5,-1.2000000000000002
2014,1,3,18,30,4,0,68.42,3,-1.3
2014,1,3,19,30,3.7,0,70.57000000000001,3.4000000000000004,-1.2000000000000002
2014,1,3,20,30,3.1,0,74.55,3.7,-1
2014,1,3,21,30,2.5,0,78.74,3.9000000000000004,-0.8
2014,1,3,22,30,1.9000000000000001,0,82.84,3.9000000000000004,-0.7000000000000001
2014,1,3,23,30,1.4000000000000001,0,86.60000000000001,3.9000000000000004,-0.6000000000000001
2014,1,4,0,30,1.1,0,90.05,3.8000000000000003,-0.30000000000000004
2014,1,4,1,30,0.9,0,94.62,3.8000000000000003,0.1
2014,1,4,2,30,1.1,0,96.48,4,0.6000000000000001
2014,1,4,3,30,1.5,0,96.4,4,1
2014,1,4,4,30,2,0,95.01,3.8000000000000003,1.3
2014,1,4,5,30,2.6,0,94.55,3.7,1.8
2014,1,4,6,30,3.2,0,95.02,3.6,2.5
2014,1,4,7,30,3.9000000000000004,0,93.9,3.8000000000000003,3
2014,1,4,8,30,5,147,90.55,4.1000000000000005,3.6
2014,1,4,9,30,7,328,84.46000000000001,4.800000000000001,4.6000000000000005
2014,1,4,10,30,10.3,481,75.26,5.7,6.1000000000000005
2014,1,4,11,30,14.3,582,65.55,6.7,7.9
2014,1,4,12,30,17.400000000000002,623,59.56,7.2,9.4
2014,1,4,13,30,18.900000000000002,593,55.81,6.9,9.9
2014,1,4,14,30,19.3,499,55.02,6.4,10
2014,1,4,15,30,18.400000000000002,354,59.25,5.6000000000000005,10.3
2014,1,4,16,30,16.400000000000002,135,69.02,4.7,10.700000000000001
2014,1,4,17,30,14.9,8,75.97,4.5,10.700000000000001
2014,1,4,18,30,14.4,0,78.97,4.7,10.8
2014,1,4,19,30,14,0,81.79,4.800000000000001,10.9
2014,1,4,20,30,13.5,0,85.5,4.6000000000000005,11.100000000000001
2014,1,4,21,30,12.8,0,91.05,4.3,11.4
2014,1,4,22,30,12.200000000000001,0,96.53,3.8000000000000003,11.700000000000001
2014,1,4,23,30,11.5,0,100,3.2,11.5
2014,1,5,0,30,10.8,0,100,2.3000000000000003,10.8
2014,1,5,1,30,10.200000000000001,0,100,2,10.200000000000001
2014,1,5,2,30,9.200000000000001,0,100,3.1,9.200000000000001
2014,1,5,3,30,6.7,0,100,4.9,6.7
2014,1,5,4,30,3.6,0,86.42,6.1000000000000005,1.5
2014,1,5,5,30,1.4000000000000001,0,71.95,6.5,-3.1
2014,1,5,6,30,0.2,0,69.41,6.6000000000000005,-4.7
2014,1,5,7,30,-0.30000000000000004,0,67.05,7,-5.7
2014,1,5,8,30,0.1,121,60.85,7.4,-6.6000000000000005
2014,1,5,9,30,1.3,253,53.7,7.6000000000000005,-7.1000000000000005
2014,1,5,10,30,2.7,503,48.4,7.7,-7.1000000000000005
2014,1,5,11,30,4,614,44.53,7.6000000000000005,-7
2014,1,5,12,30,5.1000000000000005,654,41.730000000000004,7.6000000000000005,-6.9
2014,1,5,13,30,5.7,624,40.550000000000004,7.5,-6.7
2014,1,5,14,30,5.7,530,40.63,7.300000000000001,-6.7
2014,1,5,15,30,4.9,379,42.22,6.9,-6.9
2014,1,5,16,30,3.4000000000000004,191,45.76,6,-7.2
2014,1,5,17,30,1.6,19,51.94,5.1000000000000005,-7.2
2014,1,5,18,30,0.30000000000000004,0,57.35,4.7,-7.2
2014,1,5,19,30,-0.6000000000000001,0,60.88,4.800000000000001,-7.2
2014,1,5,20,30,-1.4000000000000001,0,62.01,5.1000000000000005,-7.7
2014,1,5,21,30,-2.4000000000000004,0,62.58,5.300000000000001,-8.6
2014,1,5,22,30,-3.4000000000000004,0,63.18,5.300000000000001,-9.4
2014,1,5,23,30,-4.4,0,63.52,5.1000000000000005,-10.3
2014,1,6,0,30,-5.2,0,63.35,4.800000000000001,-11.100000000000001
2014,1,6,1,30,-5.800000000000001,0,63.410000000000004,4.5,-11.600000000000001
2014,1,6,2,30,-6.300000000000001,0,64.12,4.3,-12
2014,1,6,3,30,-6.7,0,64,4.2,-12.4
2014,1,6,4,30,-7.2,0,63.96,4.1000000000000005,-12.9
2014,1,6,5,30,-7.6000000000000005,0,63.08,4.2,-13.4
2014,1,6,6,30,-7.800000000000001,0,61.46,4.1000000000000005,-13.9
2014,1,6,7,30,-7.6000000000000005,0,58.92,4,-14.3
2014,1,6,8,30,-6.6000000000000005,115,54.17,4,-14.3
2014,1,6,9,30,-5.1000000000000005,244,49.04,3.7,-14.200000000000001
2014,1,6,10,30,-3.4000000000000004,403,44.7,3.6,-13.700000000000001
2014,1,6,11,30,-1.9000000000000001,483,41.29,3.5,-13.3
2014,1,6,12,30,-0.7000000000000001,578,38.44,3.5,-13.100000000000001
2014,1,6,13,30,0,553,36.79,3.4000000000000004,-13
2014,1,6,14,30,0.1,441,36.85,3,-12.9
2014,1,6,15,30,-0.30000000000000004,321,38.37,2.3000000000000003,-12.8
2014,1,6,16,30,-1.7000000000000002,163,47.59,1.3,-11.4
2014,1,6,17,30,-2.7,11,62.28,0.7000000000000001,-8.9
2014,1,6,18,30,-2.6,0,54.58,0.5,-10.5
2014,1,6,19,30,-2.8000000000000003,0,51.61,0.5,-11.4
2014,1,6,20,30,-3.5,0,58.620000000000005,0.7000000000000001,-10.4
2014,1,6,21,30,-4.1000000000000005,0,65.45,0.9,-9.600000000000001
2014,1,6,22,30,-4.4,0,68.95,1,-9.200000000000001
2014,1,6,23,30,-4.7,0,69.76,1.2000000000000002,-9.4
2014,1,7,0,30,-4.7,0,68.24,1.5,-9.700000000000001
2014,1,7,1,30,-4.800000000000001,0,67.58,1.7000000000000002,-9.9
2014,1,7,2,30,-4.800000000000001,0,67.82000000000001,1.7000000000000002,-9.8
2014,1,7,3,30,-4.9,0,69.96000000000001,1.7000000000000002,-9.5
2014,1,7,4,30,-4.9,0,71.8,1.6,-9.200000000000001
2014,1,7,5,30,-4.9,0,73.63,1.5,-8.9
2014,1,7,6,30,-4.9,0,74.54,1.7000000000000002,-8.700000000000001
2014,1,7,7,30,-3.9000000000000004,0,68.97,2.4000000000000004,-8.8
2014,1,7,8,30,-1.5,164,56.72,3.4000000000000004,-9
2014,1,7,9,30,1.3,354,42.79,3.9000000000000004,-10
2014,1,7,10,30,3.3000000000000003,511,37.19,4,-10
2014,1,7,11,30,4.800000000000001,615,34.75,4.1000000000000005,-9.5
2014,1,7,12,30,5.9,654,33.45,4.2,-9
2014,1,7,13,30,6.5,626,33.06,4.3,-8.6
2014,1,7,14,30,6.6000000000000005,529,33.82,4.3,-8.200000000000001
2014,1,7,15,30,5.6000000000000005,380,37.410000000000004,3.7,-7.800000000000001
2014,1,7,16,30,2.7,191,50.71,2.8000000000000003,-6.5
2014,1,7,17,30,0.4,20,63.28,2.6,-5.800000000000001
2014,1,7,18,30,0,0,64.48,3,-5.9
2014,1,7,19,30,-0.30000000000000004,0,67.27,3.2,-5.6000000000000005
2014,1,7,20,30,-0.7000000000000001,0,71.16,3.2,-5.300000000000001
2014,1,7,21,30,-1,0,74.92,3,-4.9
2014,1,7,22,30,-1.1,0,77.95,2.9000000000000004,-4.5
2014,1,7,23,30,-1.1,0,80.38,3.1,-4
2014,1,8,0,30,-1,0,82.51,3.3000000000000003,-3.6
2014,1,8,1,30,-0.7000000000000001,0,84.25,3.4000000000000004,-3
2014,1,8,2,30,-0.30000000000000004,0,86.12,3.5,-2.3000000000000003
2014,1,8,3,30,0.4,0,87.47,3.5,-1.4000000000000001
2014,1,8,4,30,1.1,0,88.89,3.5,-0.5
2014,1,8,5,30,1.6,0,90.64,3.5,0.2
2014,1,8,6,30,2.2,0,91.28,3.6,0.9
2014,1,8,7,30,2.9000000000000004,0,91.8,3.6,1.7000000000000002
2014,1,8,8,30,3.9000000000000004,23,91.07000000000001,3.7,2.6
2014,1,8,9,30,5.1000000000000005,26,90.31,4,3.6
2014,1,8,10,30,6.4,27,89.94,4.2,4.9
2014,1,8,11,30,7.7,11,90.16,4.4,6.2
2014,1,8,12,30,8.8,110,91.11,4.3,7.4
2014,1,8,13,30,9.4,75,93.47,3.9000000000000004,8.4
2014,1,8,14,30,9.9,61,94.37,3.8000000000000003,9
2014,1,8,15,30,10.200000000000001,71,95.67,3.6,9.5
2014,1,8,16,30,10,48,99.39,3.3000000000000003,9.9
2014,1,8,17,30,9.600000000000001,7,100,3.2,9.600000000000001
2014,1,8,18,30,9.4,0,100,3.2,9.4
2014,1,8,19,30,9.200000000000001,0,100,3.1,9.200000000000001
2014,1,8,20,30,9.1,0,100,3.1,9.1
2014,1,8,21,30,9.1,0,100,3,9.1
2014,1,8,22,30,9.200000000000001,0,100,2.8000000000000003,9.200000000000001
2014,1,8,23,30,9.3,0,100,2.5,9.3
2014,1,9,0,30,9.200000000000001,0,100,2,9.200000000000001
2014,1,9,1,30,9,0,100,1.7000000000000002,9
2014,1,9,2,30,8.700000000000001,0,100,1.5,8.700000000000001
2014,1,9,3,30,8.200000000000001,0,100,1.3,8.200000000000001
2014,1,9,4,30,7.5,0,100,1.2000000000000002,7.5
2014,1,9,5,30,6.9,0,100,1.1,6.9
2014,1,9,6,30,6.4,0,100,1.2000000000000002,6.4
2014,1,9,7,30,6.5,0,98.15,1.7000000000000002,6.2
2014,1,9,8,30,7.1000000000000005,143,94.09,2.1,6.2
2014,1,9,9,30,8.1,114,90.24,2.1,6.6000000000000005
2014,1,9,10,30,9.600000000000001,165,85.14,2.1,7.2
2014,1,9,11,30,11.100000000000001,165,79.9,1.9000000000000001,7.800000000000001
2014,1,9,12,30,12.700000000000001,215,74.22,1.7000000000000002,8.200000000000001
2014,1,9,13,30,14.200000000000001,151,70.97,1.8,9
2014,1,9,14,30,15.100000000000001,132,69.96000000000001,2,9.700000000000001
2014,1,9,15,30,15.200000000000001,82,72.05,1.4000000000000001,10.200000000000001
2014,1,9,16,30,13.9,39,85.33,0.7000000000000001,11.5
2014,1,9,17,30,12.100000000000001,21,88.61,0.8,10.3
2014,1,9,18,30,11,0,95.03,1,10.200000000000001
2014,1,9,19,30,10.700000000000001,0,99.48,1.3,10.600000000000001
2014,1,9,20,30,10.8,0,100,1.6,10.8
2014,1,9,21,30,11.3,0,100,2.1,11.3
2014,1,9,22,30,12,0,100,2.6,12
2014,1,9,23,30,12.700000000000001,0,100,3.4000000000000004,12.700000000000001
2014,1,10,0,30,13.4,0,99.37,4.1000000000000005,13.3
2014,1,10,1,30,13.9,0,98.15,4.7,13.600000000000001
2014,1,10,2,30,14.3,0,97.38,4.9,13.9
2014,1,10,3,30,14.5,0,97.25,4.7,14.100000000000001
2014,1,10,4,30,14.4,0,98.2,4.3,14.100000000000001
2014,1,10,5,30,14.5,0,97.26,4.3,14.100000000000001
2014,1,10,6,30,14.600000000000001,0,97.12,4.4,14.100000000000001
2014,1,10,7,30,14.8,0,96.31,4.5,14.200000000000001
2014,1,10,8,30,15.3,22,94.68,4.6000000000000005,14.5
2014,1,10,9,30,15.9,107,93.56,4.7,14.9
2014,1,10,10,30,16.5,260,92.66,4.6000000000000005,15.3
2014,1,10,11,30,17.1,175,91.39,4.4,15.700000000000001
2014,1,10,12,30,17.7,363,90.06,4.3,16
2014,1,10,13,30,18.400000000000002,437,87.96000000000001,4.3,16.400000000000002
2014,1,10,14,30,18.8,242,87.82000000000001,4,16.7
2014,1,10,15,30,18.7,178,89.41,3.5,16.900000000000002
2014,1,10,16,30,17.6,57,94.17,2.8000000000000003,16.7
2014,1,10,17,30,16.2,10,96.98,2.6,15.700000000000001
2014,1,10,18,30,15.5,0,94.98,2.8000000000000003,14.700000000000001
2014,1,10,19,30,14.600000000000001,0,92.82000000000001,3,13.5
2014,1,10,20,30,13,0,91.62,3.1,11.700000000000001
2014,1,10,21,30,10.9,0,90.03,2.7,9.3
2014,1,10,22,30,8.9,0,88.77,2.1,7.1000000000000005
2014,1,10,23,30,7.300000000000001,0,88.03,1.6,5.4
2014,1,11,0,30,6.300000000000001,0,86.81,1.2000000000000002,4.3
2014,1,11,1,30,5.7,0,85.32000000000001,1,3.4000000000000004
2014,1,11,2,30,5.1000000000000005,0,85.84,1,2.9000000000000004
2014,1,11,3,30,4.4,0,88.62,1.2000000000000002,2.7
2014,1,11,4,30,3.9000000000000004,0,90.47,1.5,2.5
2014,1,11,5,30,3.6,0,89.98,1.8,2.1
2014,1,11,6,30,3.4000000000000004,0,87.2,1.8,1.5
2014,1,11,7,30,5,0,74.17,2.2,0.8
2014,1,11,8,30,8.1,166,61.22,2.5,1.1
2014,1,11,9,30,11.100000000000001,359,49.79,2,1
2014,1,11,10,30,14.700000000000001,518,45.08,1.8,2.9000000000000004
2014,1,11,11,30,17.900000000000002,623,32.39,2.2,1.1
2014,1,11,12,30,19.400000000000002,662,24.92,2.7,-1.2000000000000002
2014,1,11,13,30,19.900000000000002,636,24.05,2.7,-1.3
2014,1,11,14,30,19.700000000000003,544,25.27,2.3000000000000003,-0.7000000000000001
2014,1,11,15,30,18.2,396,32.97,1.6,1.6
2014,1,11,16,30,15.700000000000001,209,59.39,1.2000000000000002,7.800000000000001
2014,1,11,17,30,14.3,28,45.9,1.2000000000000002,2.8000000000000003
2014,1,11,18,30,14.5,0,37.730000000000004,0.9,0.2
2014,1,11,19,30,14.8,0,32.85,0.5,-1.4000000000000001
2014,1,11,20,30,13.5,0,33.3,0.7000000000000001,-2.3000000000000003
2014,1,11,21,30,11,0,41.93,1.2000000000000002,-1.5
2014,1,11,22,30,8.3,0,54.74,1.5,-0.30000000000000004
2014,1,11,23,30,6.7,0,63.71,1.7000000000000002,0.30000000000000004
2014,1,12,0,30,5.9,0,67.43,1.9000000000000001,0.30000000000000004
2014,1,12,1,30,5.4,0,69.98,2.1,0.4
2014,1,12,2,30,5,0,73.08,2.2,0.6000000000000001
2014,1,12,3,30,4.7,0,76.4,2.4000000000000004,0.9
2014,1,12,4,30,4.6000000000000005,0,78.66,2.6,1.2000000000000002
2014,1,12,5,30,4.6000000000000005,0,79.95,2.8000000000000003,1.4000000000000001
2014,1,12,6,30,4.7,0,80.13,3.1,1.6
2014,1,12,7,30,6.1000000000000005,0,73.53,3.8000000000000003,1.7000000000000002
2014,1,12,8,30,8.9,164,63.190000000000005,4.4,2.3000000000000003
2014,1,12,9,30,12.4,356,53.94,4.6000000000000005,3.3000000000000003
2014,1,12,10,30,15.9,512,46.9,5.6000000000000005,4.6000000000000005
2014,1,12,11,30,18.2,617,38.15,6.7,3.7
2014,1,12,12,30,19,588,36.09,6.9,3.6
2014,1,12,13,30,18.900000000000002,460,38.6,6.6000000000000005,4.5
2014,1,12,14,30,18.3,175,44.62,6,6
2014,1,12,15,30,17.400000000000002,266,53.24,5.5,7.800000000000001
2014,1,12,16,30,16.3,84,63.14,5.1000000000000005,9.3
2014,1,12,17,30,15,12,73.73,4.6000000000000005,10.3
2014,1,12,18,30,13.9,0,83.19,4,11.100000000000001
2014,1,12,19,30,13.3,0,88.82000000000001,4,11.5
2014,1,12,20,30,13.100000000000001,0,91.54,4.4,11.8
2014,1,12,21,30,13.5,0,90.86,5.300000000000001,12
2014,1,12,22,30,14,0,91.68,6,12.700000000000001
2014,1,12,23,30,14.100000000000001,0,94.86,5.9,13.3
2014,1,13,0,30,14.100000000000001,0,97.08,5.1000000000000005,13.600000000000001
2014,1,13,1,30,14.200000000000001,0,97.39,4.6000000000000005,13.8
2014,1,13,2,30,14.100000000000001,0,99.17,4.2,14
2014,1,13,3,30,13.100000000000001,0,100,3.5,13.100000000000001
2014,1,13,4,30,11.600000000000001,0,100,3.4000000000000004,11.600000000000001
2014,1,13,5,30,9.8,0,99.88,4.1000000000000005,9.8
2014,1,13,6,30,8.1,0,84.64,4.5,5.7
2014,1,13,7,30,8,0,70,4.7,2.9000000000000004
2014,1,13,8,30,9.9,164,59.370000000000005,5,2.3000000000000003
2014,1,13,9,30,12.8,356,49.09,5.800000000000001,2.4000000000000004
2014,1,13,10,30,15,518,38.51,6.5,1
2014,1,13,11,30,16.400000000000002,623,32.4,6.6000000000000005,-0.2
2014,1,13,12,30,17.1,672,30.34,6.5,-0.5
2014,1,13,13,30,17.3,645,29.240000000000002,6.300000000000001,-0.8
2014,1,13,14,30,17,553,28.57,5.800000000000001,-1.4000000000000001
2014,1,13,15,30,15.8,405,30.2,4.6000000000000005,-1.7000000000000002
2014,1,13,16,30,12.600000000000001,216,40.79,2.9000000000000004,-0.4
2014,1,13,17,30,9.3,32,57.33,1.9000000000000001,1.3
2014,1,13,18,30,7.800000000000001,0,61.92,1.7000000000000002,1
2014,1,13,19,30,7,0,63.77,1.5,0.6000000000000001
2014,1,13,20,30,6.4,0,63.72,1.5,0
2014,1,13,21,30,6.2,0,61.36,1.4000000000000001,-0.7000000000000001
2014,1,13,22,30,6.4,0,56.39,1.4000000000000001,-1.7000000000000002
2014,1,13,23,30,6.6000000000000005,0,51.04,1.3,-2.8000000000000003
2014,1,14,0,30,6,0,50.35,1.3,-3.6
2014,1,14,1,30,4.7,0,55.11,1.4000000000000001,-3.6
2014,1,14,2,30,3.4000000000000004,0,61.72,1.5,-3.3000000000000003
2014,1,14,3,30,2.6,0,65.82000000000001,1.7000000000000002,-3.2
2014,1,14,4,30,2.3000000000000003,0,66.94,1.9000000000000001,-3.2
2014,1,14,5,30,1.9000000000000001,0,68.54,2,-3.3000000000000003
2014,1,14,6,30,1.8,0,68.83,2,-3.3000000000000003
2014,1,14,7,30,3.5,0,61.75,2.5,-3.2
2014,1,14,8,30,6.7,167,50.660000000000004,2.9000000000000004,-2.8000000000000003
2014,1,14,9,30,9.9,360,43.45,2.7,-2
2014,1,14,10,30,13.4,518,39.78,3.1,0
2014,1,14,11,30,16.1,624,34.35,3.6,0.4
2014,1,14,12,30,17.8,664,31.650000000000002,3.7,0.7000000000000001
2014,1,14,13,30,18.5,639,31.19,3.4000000000000004,1.1
2014,1,14,14,30,18.5,545,32.36,2.9000000000000004,1.6
2014,1,14,15,30,17.2,397,38.77,2.4000000000000004,3
2014,1,14,16,30,14.600000000000001,210,56.29,2.9000000000000004,6
2014,1,14,17,30,12.600000000000001,31,56.5,5.2,4.2
2014,1,14,18,30,11.200000000000001,0,62.58,7.1000000000000005,4.3
2014,1,14,19,30,9.700000000000001,0,73.47,6.800000000000001,5.2
2014,1,14,20,30,8.5,0,77.33,5.300000000000001,4.800000000000001
2014,1,14,21,30,7.300000000000001,0,77.38,4,3.6
2014,1,14,22,30,5.9,0,76.68,3.4000000000000004,2.1
2014,1,14,23,30,4.6000000000000005,0,74.68,3.2,0.5
2014,1,15,0,30,3.5,0,71.35000000000001,3.2,-1.2000000000000002
2014,1,15,1,30,2.4000000000000004,0,70.87,2.9000000000000004,-2.3000000000000003
2014,1,15,2,30,1.5,0,72.42,2.5,-2.9000000000000004
2014,1,15,3,30,0.8,0,74.11,2.2,-3.3000000000000003
2014,1,15,4,30,0.30000000000000004,0,75.09,2.1,-3.6
2014,1,15,5,30,0,0,75.39,2.2,-3.8000000000000003
2014,1,15,6,30,-0.1,0,74.83,2.6,-4
2014,1,15,7,30,1.2000000000000002,0,67.69,3.2,-4.1000000000000005
2014,1,15,8,30,4.2,167,55.11,3.6,-4
2014,1,15,9,30,7.5,361,44.14,3.8000000000000003,-3.9000000000000004
2014,1,15,10,30,10.100000000000001,522,34.02,4.1000000000000005,-5.1000000000000005
2014,1,15,11,30,11.600000000000001,624,30.78,4.3,-5.1000000000000005
2014,1,15,12,30,12.700000000000001,665,29.080000000000002,4.3,-4.9
2014,1,15,13,30,13.4,638,28.92,4,-4.3
2014,1,15,14,30,13.600000000000001,548,30.12,3.4000000000000004,-3.6
2014,1,15,15,30,13.100000000000001,402,32.61,2.1,-3
2014,1,15,16,30,11.9,215,53.52,0.9,2.8000000000000003
2014,1,15,17,30,10.4,34,45.71,0.7000000000000001,-0.8
2014,1,15,18,30,8.200000000000001,0,50.34,1.1,-1.5
2014,1,15,19,30,6.1000000000000005,0,62.83,1.4000000000000001,-0.5
2014,1,15,20,30,5.1000000000000005,0,68.48,1.7000000000000002,-0.2
2014,1,15,21,30,4.800000000000001,0,68.3,2.1,-0.5
2014,1,15,22,30,4.5,0,68.31,2.6,-0.8
2014,1,15,23,30,4.2,0,69.94,2.9000000000000004,-0.8
2014,1,16,0,30,3.6,0,74.68,2.9000000000000004,-0.5
2014,1,16,1,30,2.9000000000000004,0,80.59,2.8000000000000003,-0.1
2014,1,16,2,30,2.4000000000000004,0,84.86,2.7,0.1
2014,1,16,3,30,2,0,87.04,2.5,0.1
2014,1,16,4,30,1.7000000000000002,0,87.35000000000001,2.3000000000000003,-0.2
2014,1,16,5,30,1.5,0,86.83,2.2,-0.5
2014,1,16,6,30,1.5,0,85.18,2.1,-0.7000000000000001
2014,1,16,7,30,3.2,0,75.39,2.7,-0.7000000000000001
2014,1,16,8,30,6.4,162,62.050000000000004,3.1,-0.30000000000000004
2014,1,16,9,30,10,353,52,3.3000000000000003,0.6000000000000001
2014,1,16,10,30,13.700000000000001,511,42.660000000000004,4.1000000000000005,1.2000000000000002
2014,1,16,11,30,16.3,556,37.39,4,1.7000000000000002
2014,1,16,12,30,17.8,657,35.68,3.3000000000000003,2.4000000000000004
2014,1,16,13,30,18.400000000000002,636,35.4,2.8000000000000003,2.8000000000000003
2014,1,16,14,30,18.2,294,36.34,2.6,3
2014,1,16,15,30,16.6,403,41.96,2,3.6
2014,1,16,16,30,13.3,202,66.88,1.5,7.300000000000001
2014,1,16,17,30,10.5,23,72.82000000000001,1.6,5.800000000000001
2014,1,16,18,30,9.4,0,72.9,1.7000000000000002,4.800000000000001
2014,1,16,19,30,8.6,0,72.83,1.9000000000000001,4
2014,1,16,20,30,7.7,0,71.72,2.1,2.9000000000000004
2014,1,16,21,30,6.9,0,68.62,2.4000000000000004,1.5
2014,1,16,22,30,5.9,0,65.8,2.6,0
2014,1,16,23,30,5,0,62.61,2.7,-1.5
2014,1,17,0,30,4.3,0,59.89,2.7,-2.8000000000000003
2014,1,17,1,30,4,0,57.65,2.7,-3.6
2014,1,17,2,30,4,0,56.08,3,-4
2014,1,17,3,30,4,0,56.160000000000004,3.3000000000000003,-4
2014,1,17,4,30,3.3000000000000003,0,59.57,3.3000000000000003,-3.8000000000000003
2014,1,17,5,30,2.3000000000000003,0,65.05,2.8000000000000003,-3.6
2014,1,17,6,30,1.6,0,69.22,2.4000000000000004,-3.4000000000000004
2014,1,17,7,30,3.1,0,62.35,2.9000000000000004,-3.4000000000000004
2014,1,17,8,30,6.1000000000000005,116,49.94,3.3000000000000003,-3.6
2014,1,17,9,30,8.9,267,41.58,3.7,-3.5
2014,1,17,10,30,10.9,520,31.25,4.1000000000000005,-5.5
2014,1,17,11,30,12,537,28.1,4,-5.9
2014,1,17,12,30,12.700000000000001,521,27.03,3.8000000000000003,-5.800000000000001
2014,1,17,13,30,13.100000000000001,648,27.01,3.6,-5.5
2014,1,17,14,30,13.200000000000001,558,27.68,3.3000000000000003,-5.1000000000000005
2014,1,17,15,30,12.4,411,29.8,2.3000000000000003,-4.800000000000001
2014,1,17,16,30,10.3,225,47.42,1.3,-0.4
2014,1,17,17,30,8.6,39,54.29,1,-0.1
2014,1,17,18,30,7.800000000000001,0,47.22,1,-2.8000000000000003
2014,1,17,19,30,6.5,0,50.97,1.2000000000000002,-2.9000000000000004
2014,1,17,20,30,4.800000000000001,0,59.160000000000004,1.4000000000000001,-2.5
2014,1,17,21,30,3.5,0,66.15,1.5,-2.2
2014,1,17,22,30,2.9000000000000004,0,68.77,1.7000000000000002,-2.3000000000000003
2014,1,17,23,30,2.6,0,69.97,1.9000000000000001,-2.3000000000000003
2014,1,18,0,30,2.3000000000000003,0,71.8,2,-2.3000000000000003
2014,1,18,1,30,2,0,74.3,2.1,-2.1
2014,1,18,2,30,1.7000000000000002,0,77.03,2.1,-1.9000000000000001
2014,1,18,3,30,1.3,0,80.28,2,-1.7000000000000002
2014,1,18,4,30,1.1,0,82.17,2,-1.6
2014,1,18,5,30,0.9,0,83.85000000000001,2.1,-1.5
2014,1,18,6,30,0.9,0,84.06,2.2,-1.5
2014,1,18,7,30,2.6,0,75.38,2.9000000000000004,-1.3
2014,1,18,8,30,5.7,164,63.06,3.4000000000000004,-0.8
2014,1,18,9,30,9.3,357,53.02,3.5,0.2
2014,1,18,10,30,13.100000000000001,516,43.4,4.5,0.9
2014,1,18,11,30,15.8,624,36.13,5.2,0.8
2014,1,18,12,30,17.400000000000002,665,35.37,5.2,1.9000000000000001
2014,1,18,13,30,18.2,639,36.93,4.9,3.2
2014,1,18,14,30,18.5,550,39.09,4.4,4.3
2014,1,18,15,30,17.6,405,44.64,3.2,5.4
2014,1,18,16,30,14.600000000000001,221,64.43,2.2,8
2014,1,18,17,30,11.700000000000001,39,74.60000000000001,1.9000000000000001,7.300000000000001
2014,1,18,18,30,10.600000000000001,0,76.24,1.9000000000000001,6.6000000000000005
2014,1,18,19,30,10,0,77.86,2,6.300000000000001
2014,1,18,20,30,9.4,0,78.43,1.9000000000000001,5.800000000000001
2014,1,18,21,30,8.6,0,77.86,2,5
2014,1,18,22,30,7.6000000000000005,0,75.64,2.2,3.6
2014,1,18,23,30,6.5,0,73.85000000000001,2.5,2.2
2014,1,19,0,30,5.4,0,74.37,2.6,1.2000000000000002
2014,1,19,1,30,4.3,0,77.44,2.6,0.7000000000000001
2014,1,19,2,30,3.4000000000000004,0,80.15,2.5,0.30000000000000004
2014,1,19,3,30,2.6,0,82.85000000000001,2.2,0
2014,1,19,4,30,1.9000000000000001,0,85.04,2,-0.30000000000000004
2014,1,19,5,30,1.2000000000000002,0,87.17,1.7000000000000002,-0.7000000000000001
2014,1,19,6,30,0.9,0,86.52,1.4000000000000001,-1.1
2014,1,19,7,30,3,0,74.18,1.6,-1.1
2014,1,19,8,30,6.300000000000001,174,62.92,1.5,-0.2
2014,1,19,9,30,9.700000000000001,370,51.230000000000004,0.8,0.1
2014,1,19,10,30,13.200000000000001,534,40.11,0.7000000000000001,-0.1
2014,1,19,11,30,15.3,644,31.78,1,-1.4000000000000001
2014,1,19,12,30,16.400000000000002,692,30.7,1.4000000000000001,-0.9
2014,1,19,13,30,17.2,668,30.07,1.8,-0.5
2014,1,19,14,30,17.5,578,30.07,1.9000000000000001,-0.2
2014,1,19,15,30,16.7,429,32.31,1.5,0
2014,1,19,16,30,13.700000000000001,239,59.14,1.1,5.9
2014,1,19,17,30,10.200000000000001,46,64.1,1.4000000000000001,3.7
2014,1,19,18,30,8.5,0,64.72,1.6,2.2
2014,1,19,19,30,7.7,0,66.38,1.8,1.8
2014,1,19,20,30,7.300000000000001,0,66.9,2,1.6
2014,1,19,21,30,6.9,0,68.47,2.2,1.5
2014,1,19,22,30,6.6000000000000005,0,70.45,2.3000000000000003,1.6
2014,1,19,23,30,6.2,0,73.88,2.4000000000000004,1.9000000000000001
2014,1,20,0,30,5.800000000000001,0,77.7,2.5,2.2
2014,1,20,1,30,5.5,0,80.64,2.6,2.4000000000000004
2014,1,20,2,30,5.4,0,82.15,2.7,2.6
2014,1,20,3,30,5.4,0,83.12,2.8000000000000003,2.8000000000000003
2014,1,20,4,30,5.300000000000001,0,84.73,2.8000000000000003,2.9000000000000004
2014,1,20,5,30,5.4,0,86,3.1,3.2
2014,1,20,6,30,5.7,0,87.49,3.5,3.8000000000000003
2014,1,20,7,30,7.1000000000000005,0,83.36,4,4.5
2014,1,20,8,30,9.9,163,74.91,4.3,5.7
2014,1,20,9,30,13.600000000000001,357,66.32000000000001,4.6000000000000005,7.4
2014,1,20,10,30,17.5,520,60.45,5.300000000000001,9.8
2014,1,20,11,30,20.400000000000002,630,53.06,5.4,10.5
2014,1,20,12,30,22.200000000000003,675,46.04,5,10
2014,1,20,13,30,23.1,650,41.45,4.3,9.3
2014,1,20,14,30,23.200000000000003,561,39.77,3.2,8.8
2014,1,20,15,30,21.6,419,47.86,2.1,10.100000000000001
2014,1,20,16,30,17.900000000000002,232,68,1.8,11.9
2014,1,20,17,30,14.9,45,63.65,2.7,8.1
2014,1,20,18,30,13.8,0,56.69,4,5.300000000000001
2014,1,20,19,30,12.9,0,55.31,4.9,4.2
2014,1,20,20,30,11.9,0,59.24,5.300000000000001,4.2
2014,1,20,21,30,10.9,0,64.39,5.4,4.4
2014,1,20,22,30,9.8,0,68.44,5.2,4.3
2014,1,20,23,30,8.8,0,69.97,4.800000000000001,3.6
2014,1,21,0,30,7.800000000000001,0,71.06,4.5,2.9000000000000004
2014,1,21,1,30,6.9,0,71.7,4.2,2.1
2014,1,21,2,30,6,0,72.13,4,1.4000000000000001
2014,1,21,3,30,5.6000000000000005,0,70.36,4.4,0.6000000000000001
2014,1,21,4,30,5.4,0,67.29,4.9,-0.2
2014,1,21,5,30,4.9,0,67.05,5.1000000000000005,-0.7000000000000001
2014,1,21,6,30,4.1000000000000005,0,67.62,4.800000000000001,-1.4000000000000001
2014,1,21,7,30,4.2,0,63.440000000000005,4.800000000000001,-2.1
2014,1,21,8,30,5.6000000000000005,182,53.47,5.7,-3.1
2014,1,21,9,30,6.9,379,38.72,6.4,-6.2
2014,1,21,10,30,8.200000000000001,544,31.37,6.300000000000001,-7.800000000000001
2014,1,21,11,30,9.3,656,28.01,5.800000000000001,-8.3
2014,1,21,12,30,10.200000000000001,704,26.53,5.300000000000001,-8.200000000000001
2014,1,21,13,30,10.8,680,26.03,4.7,-8
2014,1,21,14,30,10.9,585,26.47,4.1000000000000005,-7.6000000000000005
2014,1,21,15,30,10.4,436,28.01,3.1,-7.300000000000001
2014,1,21,16,30,8.200000000000001,246,36.12,1.8,-6
2014,1,21,17,30,6.2,51,58.870000000000005,1.1,-1.3
2014,1,21,18,30,6.1000000000000005,0,48.86,1,-3.9000000000000004
2014,1,21,19,30,6,0,43.96,0.8,-5.4
2014,1,21,20,30,4.800000000000001,0,47.81,1,-5.300000000000001
2014,1,21,21,30,3.2,0,56.21,1.3,-4.7
2014,1,21,22,30,2.1,0,62.43,1.4000000000000001,-4.3
2014,1,21,23,30,1.4000000000000001,0,65.46000000000001,1.5,-4.4
2014,1,22,0,30,0.9,0,67.43,1.6,-4.5
2014,1,22,1,30,0.5,0,69.25,1.7000000000000002,-4.5
2014,1,22,2,30,0.2,0,71.10000000000001,1.8,-4.4
2014,1,22,3,30,-0.2,0,74.47,1.8,-4.2
2014,1,22,4,30,-0.5,0,77.76,1.7000000000000002,-3.9000000000000004
2014,1,22,5,30,-0.7000000000000001,0,80.52,1.7000000000000002,-3.6
2014,1,22,6,30,-0.7000000000000001,0,81.97,1.7000000000000002,-3.4000000000000004
2014,1,22,7,30,1.4000000000000001,0,73.47,2.3000000000000003,-2.8000000000000003
2014,1,22,8,30,4.9,179,61.76,2.6,-1.8
2014,1,22,9,30,8.5,379,52.28,2.7,-0.7000000000000001
2014,1,22,10,30,12.100000000000001,412,42.57,2.9000000000000004,-0.30000000000000004
2014,1,22,11,30,14.8,652,37.68,2.7,0.5
2014,1,22,12,30,16.6,572,35.04,2.3000000000000003,1.1
2014,1,22,13,30,17.5,672,34.06,2.1,1.5
2014,1,22,14,30,17.6,499,34.78,2.1,1.9000000000000001
2014,1,22,15,30,15.9,282,40.19,1.7000000000000002,2.4000000000000004
2014,1,22,16,30,12.9,115,65.63,1.5,6.6000000000000005
2014,1,22,17,30,10.9,26,69.25,1.8,5.5
2014,1,22,18,30,9.8,0,72.11,1.9000000000000001,5
2014,1,22,19,30,9,0,76.17,1.7000000000000002,5
2014,1,22,20,30,8.3,0,80.23,1.6,5.1000000000000005
2014,1,22,21,30,7.6000000000000005,0,83.57000000000001,1.5,5
2014,1,22,22,30,7,0,86.18,1.5,4.800000000000001
2014,1,22,23,30,6.5,0,88.25,1.7000000000000002,4.7
2014,1,23,0,30,5.9,0,90.46000000000001,2.2,4.5
2014,1,23,1,30,5.300000000000001,0,92.29,2.6,4.2
2014,1,23,2,30,4.800000000000001,0,92.32000000000001,3.2,3.7
2014,1,23,3,30,4.2,0,90.96000000000001,3.7,2.9000000000000004
2014,1,23,4,30,3.7,0,87.66,4,1.8
2014,1,23,5,30,3.5,0,81.55,4.4,0.6000000000000001
2014,1,23,6,30,3.3000000000000003,0,75.83,4.9,-0.6000000000000001
2014,1,23,7,30,3.8000000000000003,0,67.9,5.800000000000001,-1.6
2014,1,23,8,30,4.800000000000001,40,59.4,6.800000000000001,-2.5
2014,1,23,9,30,5.6000000000000005,50,51.71,7.4,-3.6
2014,1,23,10,30,5.6000000000000005,22,49.71,7.6000000000000005,-4.1000000000000005
2014,1,23,11,30,5.1000000000000005,106,50.27,7.7,-4.4
2014,1,23,12,30,4.3,132,52.39,7.6000000000000005,-4.6000000000000005
2014,1,23,13,30,3.5,186,54.660000000000004,7.5,-4.800000000000001
2014,1,23,14,30,2.5,192,57.2,7.4,-5.1000000000000005
2014,1,23,15,30,1.5,116,58.69,7.2,-5.7
2014,1,23,16,30,0.5,91,59.5,6.7,-6.5
2014,1,23,17,30,-0.30000000000000004,10,59.33,6.300000000000001,-7.300000000000001
2014,1,23,18,30,-1,0,58.77,6,-8.1
2014,1,23,19,30,-1.6,0,57.49,5.800000000000001,-8.9
2014,1,23,20,30,-2.2,0,56.76,5.6000000000000005,-9.600000000000001
2014,1,23,21,30,-2.8000000000000003,0,56.9,5.5,-10.200000000000001
2014,1,23,22,30,-3.3000000000000003,0,57.480000000000004,5.2,-10.5
2014,1,23,23,30,-3.8000000000000003,0,58.31,4.800000000000001,-10.8
2014,1,24,0,30,-4.1000000000000005,0,58.11,4.4,-11.100000000000001
2014,1,24,1,30,-4.3,0,57.550000000000004,4.1000000000000005,-11.4
2014,1,24,2,30,-4.4,0,57.2,3.7,-11.600000000000001
2014,1,24,3,30,-4.5,0,56.84,3.5,-11.8
2014,1,24,4,30,-4.6000000000000005,0,55.64,3.4000000000000004,-12.100000000000001
2014,1,24,5,30,-4.800000000000001,0,53.82,3.3000000000000003,-12.700000000000001
2014,1,24,6,30,-5.1000000000000005,0,54.26,3.1,-12.9
2014,1,24,7,30,-4.7,0,52.22,3.2,-13
2014,1,24,8,30,-3.4000000000000004,3,44.94,3.3000000000000003,-13.700000000000001
2014,1,24,9,30,-1.8,113,39.64,2.8000000000000003,-13.700000000000001
2014,1,24,10,30,0,525,36.550000000000004,2.3000000000000003,-13.100000000000001
2014,1,24,11,30,1.6,635,35.17,1.9000000000000001,-12.200000000000001
2014,1,24,12,30,2.9000000000000004,689,34.79,1.6,-11.200000000000001
2014,1,24,13,30,3.9000000000000004,667,34.74,1.6,-10.3
2014,1,24,14,30,4.5,582,35.160000000000004,1.8,-9.600000000000001
2014,1,24,15,30,4.5,437,36.910000000000004,2,-9
2014,1,24,16,30,2.8000000000000003,251,44.230000000000004,1.5,-8.200000000000001
2014,1,24,17,30,0.4,57,68.67,1.1,-4.7
2014,1,24,18,30,-0.9,0,71.64,1.3,-5.4
2014,1,24,19,30,-1.4000000000000001,0,71.87,1.6,-5.800000000000001
2014,1,24,20,30,-1.7000000000000002,0,71.87,2,-6.1000000000000005
2014,1,24,21,30,-1.9000000000000001,0,72.23,2.3000000000000003,-6.2
2014,1,24,22,30,-2.2,0,74.02,2.6,-6.2
2014,1,24,23,30,-2.4000000000000004,0,75.93,2.9000000000000004,-6.1000000000000005
2014,1,25,0,30,-2.7,0,79.07000000000001,3,-5.800000000000001
2014,1,25,1,30,-2.9000000000000004,0,82.18,3,-5.5
2014,1,25,2,30,-3,0,84.71000000000001,2.9000000000000004,-5.2
2014,1,25,3,30,-3.1,0,86.54,2.7,-5
2014,1,25,4,30,-3.2,0,87.10000000000001,2.6,-5
2014,1,25,5,30,-3.2,0,86.14,2.5,-5.2
2014,1,25,6,30,-2.9000000000000004,0,83.02,2.7,-5.4
2014,1,25,7,30,-1.7000000000000002,0,75.07000000000001,3.1,-5.5
2014,1,25,8,30,1.1,103,63.02,3.2,-5.2
2014,1,25,9,30,5.2,270,52.09,2.8000000000000003,-3.8000000000000003
2014,1,25,10,30,10,414,44.78,2.4000000000000004,-1.5
2014,1,25,11,30,14.4,515,38.82,2.1,0.5
2014,1,25,12,30,17.3,576,33.01,1.8,0.9
2014,1,25,13,30,18.8,636,29.41,1.4000000000000001,0.6000000000000001
2014,1,25,14,30,19,492,29.53,1,0.8
2014,1,25,15,30,18.1,290,34.68,0.5,2.3000000000000003
2014,1,25,16,30,16.400000000000002,184,42.9,0.30000000000000004,3.7
2014,1,25,17,30,14.700000000000001,34,40.77,0.6000000000000001,1.5
2014,1,25,18,30,13.100000000000001,0,47.07,0.9,2.1
2014,1,25,19,30,11.5,0,53.6,1.2000000000000002,2.4000000000000004
2014,1,25,20,30,9.8,0,61.5,1.3,2.7
2014,1,25,21,30,8.5,0,67.69,1.4000000000000001,2.9000000000000004
2014,1,25,22,30,7.7,0,69.87,1.4000000000000001,2.5
2014,1,25,23,30,7.2,0,70.10000000000001,1.5,2.1
2014,1,26,0,30,7.2,0,69.06,1.4000000000000001,1.9000000000000001
2014,1,26,1,30,7.300000000000001,0,69.68,1.4000000000000001,2.1
2014,1,26,2,30,7.4,0,69.05,1.4000000000000001,2.1
2014,1,26,3,30,7.4,0,69.01,1.5,2.1
2014,1,26,4,30,7.2,0,69.88,1.9000000000000001,2.1
2014,1,26,5,30,6.7,0,71.52,2.4000000000000004,1.9000000000000001
2014,1,26,6,30,6.4,0,72.68,2.4000000000000004,1.9000000000000001
2014,1,26,7,30,7.5,0,68,2.8000000000000003,2
2014,1,26,8,30,9.600000000000001,63,58.980000000000004,3.3000000000000003,2
2014,1,26,9,30,12.4,267,52.07,3.6,2.8000000000000003
2014,1,26,10,30,15.8,526,45.230000000000004,4.5,4
2014,1,26,11,30,18.5,635,37.01,5.4,3.5
2014,1,26,12,30,20.200000000000003,687,34.72,5.800000000000001,4.1000000000000005
2014,1,26,13,30,21.400000000000002,668,35.050000000000004,5.7,5.300000000000001
2014,1,26,14,30,22.1,581,36.46,4.9,6.5
2014,1,26,15,30,21.200000000000003,435,43.35,3.9000000000000004,8.200000000000001
2014,1,26,16,30,18.2,250,60.89,3.2,10.5
2014,1,26,17,30,15,59,69.92,2.9000000000000004,9.600000000000001
2014,1,26,18,30,13.3,0,71.77,2.7,8.3
2014,1,26,19,30,11.9,0,73.4,2.3000000000000003,7.300000000000001
2014,1,26,20,30,10.600000000000001,0,73.87,2,6.1000000000000005
2014,1,26,21,30,9.4,0,73.16,1.8,4.800000000000001
2014,1,26,22,30,8.4,0,71.63,1.9000000000000001,3.6
2014,1,26,23,30,7.6000000000000005,0,69.9,2,2.5
2014,1,27,0,30,7.1000000000000005,0,68.02,2.4000000000000004,1.6
2014,1,27,1,30,6.7,0,66.84,2.9000000000000004,1
2014,1,27,2,30,6.5,0,67.13,3.8000000000000003,0.8
2014,1,27,3,30,6.300000000000001,0,72.38,5.4,1.7000000000000002
2014,1,27,4,30,5.4,0,83.11,6.9,2.8000000000000003
2014,1,27,5,30,3.8000000000000003,0,79.72,7.6000000000000005,0.6000000000000001
2014,1,27,6,30,2.2,0,62.18,7.6000000000000005,-4.3
2014,1,27,7,30,1.9000000000000001,0,49.42,7.800000000000001,-7.6000000000000005
2014,1,27,8,30,2.7,159,39.93,8.200000000000001,-9.600000000000001
2014,1,27,9,30,3.7,285,32.4,8.200000000000001,-11.3
2014,1,27,10,30,4.5,443,28.61,7.9,-12.200000000000001
2014,1,27,11,30,5.5,549,26.580000000000002,7.6000000000000005,-12.200000000000001
2014,1,27,12,30,6,617,26.5,7.300000000000001,-11.9
2014,1,27,13,30,5.6000000000000005,488,27.82,6.9,-11.600000000000001
2014,1,27,14,30,4.7,463,29.6,6.5,-11.600000000000001
2014,1,27,15,30,3.9000000000000004,259,30.94,6.1000000000000005,-11.700000000000001
2014,1,27,16,30,3,142,32.43,5.4,-11.9
2014,1,27,17,30,2.1,25,35.07,4.9,-11.8
2014,1,27,18,30,1.5,0,37.94,4.7,-11.3
2014,1,27,19,30,1,0,39.660000000000004,4.800000000000001,-11.200000000000001
2014,1,27,20,30,0.4,0,41.31,4.9,-11.200000000000001
2014,1,27,21,30,-0.4,0,43.22,5.1000000000000005,-11.4
2014,1,27,22,30,-1.3,0,45.4,5.2,-11.600000000000001
2014,1,27,23,30,-2,0,47.25,5.2,-11.8
2014,1,28,0,30,-2.5,0,48.89,5.2,-11.8
2014,1,28,1,30,-2.9000000000000004,0,50.61,5.2,-11.700000000000001
2014,1,28,2,30,-3.2,0,52.370000000000005,5,-11.600000000000001
2014,1,28,3,30,-3.6,0,54.88,4.6000000000000005,-11.4
2014,1,28,4,30,-4.1000000000000005,0,57.13,4.4,-11.3
2014,1,28,5,30,-4.6000000000000005,0,59.06,4.3,-11.4
2014,1,28,6,30,-4.9,0,60.63,4.3,-11.3
2014,1,28,7,30,-4.4,0,58.83,4.9,-11.3
2014,1,28,8,30,-2.9000000000000004,185,50.410000000000004,5.5,-11.8
2014,1,28,9,30,-1.3,386,44.17,5.5,-12
2014,1,28,10,30,0.30000000000000004,556,39.84,5.4,-11.8
2014,1,28,11,30,1.6,670,37.12,5.4,-11.5
2014,1,28,12,30,2.6,723,35.46,5.2,-11.200000000000001
2014,1,28,13,30,3.2,702,34.93,5.1000000000000005,-10.8
2014,1,28,14,30,3.4000000000000004,613,35.480000000000004,4.9,-10.5
2014,1,28,15,30,3.1,398,37.34,4.6000000000000005,-10.100000000000001
2014,1,28,16,30,1.6,271,43.160000000000004,3.5,-9.600000000000001
2014,1,28,17,30,-0.5,49,57.63,2.2,-7.800000000000001
2014,1,28,18,30,-1.7000000000000002,0,68.09,1.9000000000000001,-6.800000000000001
2014,1,28,19,30,-2.2,0,70.32000000000001,1.9000000000000001,-6.9
2014,1,28,20,30,-2.9000000000000004,0,73.84,1.7000000000000002,-6.9
2014,1,28,21,30,-3.5,0,75.94,1.5,-7.1000000000000005
2014,1,28,22,30,-3.8000000000000003,0,76.54,1.3,-7.300000000000001
2014,1,28,23,30,-3.9000000000000004,0,75.10000000000001,1.3,-7.7
2014,1,29,0,30,-3.7,0,72.63,1.2000000000000002,-7.9
2014,1,29,1,30,-3.6,0,72.38,1.1,-7.9
2014,1,29,2,30,-3.9000000000000004,0,72.77,1,-8.1
2014,1,29,3,30,-4.2,0,71.87,1,-8.5
2014,1,29,4,30,-4.3,0,71.16,0.8,-8.700000000000001
2014,1,29,5,30,-4.3,0,70.03,0.6000000000000001,-8.9
2014,1,29,6,30,-4.2,0,68.8,0.5,-9.1
2014,1,29,7,30,-3.2,0,64.68,0.7000000000000001,-8.9
2014,1,29,8,30,-0.7000000000000001,119,48.97,0.7000000000000001,-10.100000000000001
2014,1,29,9,30,2.4000000000000004,310,35.76,0.7000000000000001,-11.3
2014,1,29,10,30,4.6000000000000005,551,30.64,1.1,-11.200000000000001
2014,1,29,11,30,6,688,29.21,1.5,-10.600000000000001
2014,1,29,12,30,7,737,28.38,1.8,-10.100000000000001
2014,1,29,13,30,7.5,716,28.12,2.3000000000000003,-9.8
2014,1,29,14,30,7.6000000000000005,621,28.22,2.6,-9.700000000000001
2014,1,29,15,30,7,346,29.740000000000002,2.7,-9.5
2014,1,29,16,30,4.800000000000001,275,37.77,2.1,-8.4
2014,1,29,17,30,2.4000000000000004,47,58.370000000000005,2,-4.9
2014,1,29,18,30,1.6,0,59.04,2.6,-5.5
2014,1,29,19,30,0.9,0,60.1,3.1,-6
2014,1,29,20,30,0.1,0,63.77,3.4000000000000004,-6
2014,1,29,21,30,-0.6000000000000001,0,67.27,3.6,-5.9
2014,1,29,22,30,-1.4000000000000001,0,71.16,3.8000000000000003,-6
2014,1,29,23,30,-2.1,0,73.77,3.9000000000000004,-6.2
2014,1,30,0,30,-2.8000000000000003,0,75.59,3.9000000000000004,-6.5
2014,1,30,1,30,-3.3000000000000003,0,76.02,4,-6.9
2014,1,30,2,30,-3.8000000000000003,0,76.73,3.9000000000000004,-7.300000000000001
2014,1,30,3,30,-4,0,76.52,3.7,-7.5
2014,1,30,4,30,-4.1000000000000005,0,76.9,3.5,-7.6000000000000005
2014,1,30,5,30,-4.1000000000000005,0,77.26,3.6,-7.5
2014,1,30,6,30,-3.9000000000000004,0,77.44,3.9000000000000004,-7.300000000000001
2014,1,30,7,30,-2.5,2,72.46000000000001,4.2,-6.800000000000001
2014,1,30,8,30,0.7000000000000001,40,62.24,5,-5.7
2014,1,30,9,30,4.7,130,54.47,6.2,-3.7
2014,1,30,10,30,8.200000000000001,180,53.21,7.2,-0.8
2014,1,30,11,30,11.100000000000001,221,52.910000000000004,7.7,1.9000000000000001
2014,1,30,12,30,13.200000000000001,301,50.83,7.800000000000001,3.2
2014,1,30,13,30,14.600000000000001,413,49.33,7.6000000000000005,4.1000000000000005
2014,1,30,14,30,15.4,359,48.88,7.1000000000000005,4.7
2014,1,30,15,30,15.4,391,50.72,6.2,5.2
2014,1,30,16,30,13.9,262,58.58,4.9,5.9
2014,1,30,17,30,11.700000000000001,68,70.09,4.1000000000000005,6.4
2014,1,30,18,30,10.3,0,78.48,3.9000000000000004,6.7
2014,1,30,19,30,9.600000000000001,0,84,3.9000000000000004,7
2014,1,30,20,30,9,0,89.19,4,7.300000000000001
2014,1,30,21,30,8.4,0,95.17,3.9000000000000004,7.7
2014,1,30,22,30,8.1,0,98.93,3.8000000000000003,7.9
2014,1,30,23,30,8.200000000000001,0,99.94,4.1000000000000005,8.200000000000001
2014,1,31,0,30,8.5,0,99.9,4.3,8.5
2014,1,31,1,30,8.700000000000001,0,100,4.2,8.700000000000001
2014,1,31,2,30,8.9,0,99.92,4.2,8.9
2014,1,31,3,30,9.200000000000001,0,98.96000000000001,4.3,9
2014,1,31,4,30,9.5,0,98.96000000000001,4.4,9.3
2014,1,31,5,30,9.700000000000001,0,99.54,4.3,9.600000000000001
2014,1,31,6,30,10,0,99.04,4.4,9.9
2014,1,31,7,30,11.100000000000001,14,93.21000000000001,5.1000000000000005,10
2014,1,31,8,30,13.100000000000001,42,84.27,6,10.5
2014,1,31,9,30,15.4,203,74.59,6.5,10.9
2014,1,31,10,30,17.900000000000002,385,64.57000000000001,6.6000000000000005,11.100000000000001
2014,1,31,11,30,20.1,653,57.13,6.5,11.4
2014,1,31,12,30,21.8,702,52.31,6.300000000000001,11.600000000000001
2014,1,31,13,30,22.700000000000003,680,50.43,6,11.9
2014,1,31,14,30,22.900000000000002,594,50.870000000000005,5.6000000000000005,12.200000000000001
2014,1,31,15,30,22.200000000000003,449,54.65,4.9,12.600000000000001
2014,1,31,16,30,19.900000000000002,264,66.33,3.9000000000000004,13.4
2014,1,31,17,30,17.400000000000002,70,80.26,3.4000000000000004,14
2014,1,31,18,30,16.3,0,87.31,3.5,14.200000000000001
2014,1,31,19,30,15.700000000000001,0,92.56,3.9000000000000004,14.5
2014,1,31,20,30,15.100000000000001,0,97.21000000000001,4.1000000000000005,14.700000000000001
2014,1,31,21,30,14.600000000000001,0,100,4.2,14.600000000000001
2014,1,31,22,30,14.4,0,100,4.3,14.4
2014,1,31,23,30,14.600000000000001,0,100,4.6000000000000005,14.600000000000001
2014,2,1,0,30,15,0,98.57000000000001,5,14.8
2014,2,1,1,30,15.4,0,98.10000000000001,5.4,15.100000000000001
2014,2,1,2,30,15.600000000000001,0,98.83,5.2,15.4
2014,2,1,3,30,15.3,0,100,4.4,15.3
2014,2,1,4,30,14.8,0,100,3.4000000000000004,14.8
2014,2,1,5,30,14.700000000000001,0,100,3,14.700000000000001
2014,2,1,6,30,14.8,0,100,2.8000000000000003,14.8
2014,2,1,7,30,15.700000000000001,2,97.37,2.9000000000000004,15.3
2014,2,1,8,30,17.3,3,90.25,3.3000000000000003,15.700000000000001
2014,2,1,9,30,18.8,198,85.76,3.6,16.400000000000002
2014,2,1,10,30,20.3,245,80.52,3.9000000000000004,16.8
2014,2,1,11,30,21.5,283,75.02,4.1000000000000005,16.900000000000002
2014,2,1,12,30,22.200000000000003,198,71.37,3.8000000000000003,16.8
2014,2,1,13,30,22.3,264,70.45,3,16.7
2014,2,1,14,30,22,378,71.42,2,16.6
2014,2,1,15,30,20.8,239,76.15,1.1,16.400000000000002
2014,2,1,16,30,18.5,66,88.25,1.2000000000000002,16.5
2014,2,1,17,30,15.700000000000001,5,96.96000000000001,2.3000000000000003,15.200000000000001
2014,2,1,18,30,13.4,0,97.10000000000001,3.6,12.9
2014,2,1,19,30,11.3,0,94.60000000000001,4.6000000000000005,10.5
2014,2,1,20,30,9.5,0,89.04,4.9,7.800000000000001
2014,2,1,21,30,8.200000000000001,0,84.08,4.9,5.7
2014,2,1,22,30,7.300000000000001,0,81.23,5,4.3
2014,2,1,23,30,6.6000000000000005,0,81.23,5,3.6
2014,2,2,0,30,5.9,0,81.99,5.2,3.1
2014,2,2,1,30,5.2,0,82.53,5.4,2.5
2014,2,2,2,30,4.3,0,82.45,5.6000000000000005,1.6
2014,2,2,3,30,3.4000000000000004,0,80.83,5.800000000000001,0.4
2014,2,2,4,30,2.6,0,78.36,5.9,-0.8
2014,2,2,5,30,2,0,76.81,5.9,-1.6
2014,2,2,6,30,1.7000000000000002,0,76.97,5.9,-1.9000000000000001
2014,2,2,7,30,1.8,3,76.69,6.1000000000000005,-1.9000000000000001
2014,2,2,8,30,2.3000000000000003,67,74.46000000000001,6.300000000000001,-1.8
2014,2,2,9,30,3.1,82,71.29,6.4,-1.6
2014,2,2,10,30,3.8000000000000003,184,69.26,6.1000000000000005,-1.3
2014,2,2,11,30,4.4,122,67.76,5.9,-1
2014,2,2,12,30,4.6000000000000005,104,67.93,5.800000000000001,-0.8
2014,2,2,13,30,4.2,200,70.44,5.9,-0.7000000000000001
2014,2,2,14,30,3.4000000000000004,96,74.07000000000001,6,-0.8
2014,2,2,15,30,2.6,204,76.91,6,-1
2014,2,2,16,30,2.1,69,77.85000000000001,5.7,-1.4000000000000001
2014,2,2,17,30,1.5,68,80.13,5.1000000000000005,-1.6
2014,2,2,18,30,1,0,82.44,4.7,-1.7000000000000002
2014,2,2,19,30,0.6000000000000001,0,84,4.7,-1.8
2014,2,2,20,30,0.1,0,85.37,4.6000000000000005,-2.1
2014,2,2,21,30,-0.4,0,86.65,4.1000000000000005,-2.4000000000000004
2014,2,2,22,30,-0.9,0,88.05,3.3000000000000003,-2.6
2014,2,2,23,30,-1.5,0,90.26,2.5,-2.9000000000000004
2014,2,3,0,30,-2,0,91.75,2.1,-3.2
2014,2,3,1,30,-2.4000000000000004,0,92.33,2,-3.5
2014,2,3,2,30,-2.7,0,92.34,2,-3.8000000000000003
2014,2,3,3,30,-2.9000000000000004,0,91.8,2,-4
2014,2,3,4,30,-3.1,0,91.4,2,-4.3
2014,2,3,5,30,-3.2,0,90.32000000000001,1.9000000000000001,-4.6000000000000005
2014,2,3,6,30,-2.8000000000000003,0,86.33,2.1,-4.800000000000001
2014,2,3,7,30,-1.3,3,77.21000000000001,2.6,-4.800000000000001
2014,2,3,8,30,0.8,26,67.52,2.9000000000000004,-4.5
2014,2,3,9,30,2.6,138,64.81,2.8000000000000003,-3.4000000000000004
2014,2,3,10,30,4.1000000000000005,231,63.940000000000005,2.8000000000000003,-2.1
2014,2,3,11,30,5.5,221,63.02,2.7,-1
2014,2,3,12,30,6.6000000000000005,209,63.550000000000004,2.7,0.2
2014,2,3,13,30,7.2,395,65.28,2.8000000000000003,1.1
2014,2,3,14,30,7.300000000000001,165,67.83,2.9000000000000004,1.7000000000000002
2014,2,3,15,30,7,227,71.43,2.9000000000000004,2.2
2014,2,3,16,30,6.2,92,77.31,2.5,2.5
2014,2,3,17,30,5.5,55,83.79,1.8,3
2014,2,3,18,30,5.1000000000000005,0,88.9,1.5,3.4000000000000004
2014,2,3,19,30,4.800000000000001,0,91.27,1.7000000000000002,3.5
2014,2,3,20,30,4.6000000000000005,0,93.02,1.7000000000000002,3.6
2014,2,3,21,30,4.7,0,93.5,1.3,3.7
2014,2,3,22,30,4.7,0,94.79,1,3.9000000000000004
2014,2,3,23,30,4.800000000000001,0,94.95,0.9,4.1000000000000005
2014,2,4,0,30,4.800000000000001,0,95.39,1,4.1000000000000005
2014,2,4,1,30,4.800000000000001,0,95.60000000000001,1.1,4.2
2014,2,4,2,30,4.800000000000001,0,95.91,1,4.2
2014,2,4,3,30,4.800000000000001,0,96.37,0.8,4.3
2014,2,4,4,30,4.800000000000001,0,96.4,0.8,4.3
2014,2,4,5,30,4.7,0,96.95,0.8,4.3
2014,2,4,6,30,4.7,0,96.86,0.6000000000000001,4.2
2014,2,4,7,30,5.1000000000000005,3,94.48,0.7000000000000001,4.3
2014,2,4,8,30,5.7,74,90.79,1.1,4.3
2014,2,4,9,30,6.5,115,87.05,1.7000000000000002,4.5
2014,2,4,10,30,7.4,160,83.61,2.2,4.800000000000001
2014,2,4,11,30,8.5,347,78.93,2.8000000000000003,5.1000000000000005
2014,2,4,12,30,10.100000000000001,211,70.92,3.3000000000000003,5.1000000000000005
2014,2,4,13,30,12.100000000000001,186,61.61,3.5,4.9
2014,2,4,14,30,13.700000000000001,284,54.95,3.4000000000000004,4.800000000000001
2014,2,4,15,30,14.200000000000001,480,52.47,2.6,4.6000000000000005
2014,2,4,16,30,12.600000000000001,288,63.410000000000004,1.4000000000000001,5.800000000000001
2014,2,4,17,30,10.4,85,72.26,1,5.6000000000000005
2014,2,4,18,30,9,0,68.97,1,3.6
2014,2,4,19,30,7.6000000000000005,0,74.33,1.2000000000000002,3.3000000000000003
2014,2,4,20,30,6.1000000000000005,0,80.94,1.4000000000000001,3.1
2014,2,4,21,30,4.9,0,86.89,1.9000000000000001,2.9000000000000004
2014,2,4,22,30,4.2,0,90.62,2.6,2.8000000000000003
2014,2,4,23,30,3.5,0,93.11,3.4000000000000004,2.5
2014,2,5,0,30,2.8000000000000003,0,93,3.9000000000000004,1.8
2014,2,5,1,30,2,0,90.62,4.1000000000000005,0.6000000000000001
2014,2,5,2,30,1.3,0,86.35000000000001,4.4,-0.7000000000000001
2014,2,5,3,30,0.4,0,84.55,4.6000000000000005,-1.9000000000000001
2014,2,5,4,30,-0.4,0,84.4,4.7,-2.7
2014,2,5,5,30,-1.1,0,82.51,4.9,-3.7
2014,2,5,6,30,-1.6,0,78.71000000000001,5,-4.800000000000001
2014,2,5,7,30,-1.4000000000000001,6,72.41,5.7,-5.7
2014,2,5,8,30,-0.7000000000000001,147,62.33,6.300000000000001,-7
2014,2,5,9,30,0.1,189,54.78,6.4,-7.9
2014,2,5,10,30,0.8,389,50.46,6.1000000000000005,-8.3
2014,2,5,11,30,1.4000000000000001,524,47.9,5.9,-8.5
2014,2,5,12,30,1.9000000000000001,604,46.25,5.7,-8.4
2014,2,5,13,30,2.2,588,45.53,5.6000000000000005,-8.4
2014,2,5,14,30,2,511,46.300000000000004,5.5,-8.3
2014,2,5,15,30,1.4000000000000001,348,47.980000000000004,5.5,-8.4
2014,2,5,16,30,0.4,196,51.01,5.2,-8.6
2014,2,5,17,30,-0.6000000000000001,53,54.57,4.9,-8.6
2014,2,5,18,30,-1.4000000000000001,0,58.01,4.9,-8.6
2014,2,5,19,30,-1.9000000000000001,0,59.32,4.9,-8.8
2014,2,5,20,30,-2.4000000000000004,0,60.49,4.800000000000001,-9
2014,2,5,21,30,-2.9000000000000004,0,61.75,4.7,-9.200000000000001
2014,2,5,22,30,-3.4000000000000004,0,62.85,4.6000000000000005,-9.5
2014,2,5,23,30,-3.8000000000000003,0,63.43,4.6000000000000005,-9.700000000000001
2014,2,6,0,30,-4,0,63.04,4.6000000000000005,-10
2014,2,6,1,30,-4.3,0,63.32,4.5,-10.200000000000001
2014,2,6,2,30,-4.4,0,62.800000000000004,4.6000000000000005,-10.4
2014,2,6,3,30,-4.7,0,63.22,4.7,-10.600000000000001
2014,2,6,4,30,-5,0,63.6,4.7,-10.8
2014,2,6,5,30,-5.300000000000001,0,64.27,4.7,-11
2014,2,6,6,30,-5.4,0,64.39,4.7,-11.100000000000001
2014,2,6,7,30,-5.2,2,63.15,4.7,-11.100000000000001
2014,2,6,8,30,-4.4,67,59.88,4.6000000000000005,-11
2014,2,6,9,30,-3.3000000000000003,213,56.370000000000005,4.4,-10.8
2014,2,6,10,30,-1.9000000000000001,107,52.61,4.1000000000000005,-10.3
2014,2,6,11,30,-0.6000000000000001,252,49.84,3.7,-9.8
2014,2,6,12,30,0.4,309,48.35,3.4000000000000004,-9.3
2014,2,6,13,30,1.1,267,47.82,3.1,-8.8
2014,2,6,14,30,1.3,161,48.54,3,-8.4
2014,2,6,15,30,0.9,101,50.85,3,-8.1
2014,2,6,16,30,-0.30000000000000004,78,55.980000000000004,2.5,-8
2014,2,6,17,30,-2.1,18,67.1,1.8,-7.4
2014,2,6,18,30,-3.4000000000000004,0,77.57000000000001,1.7000000000000002,-6.800000000000001
2014,2,6,19,30,-3.8000000000000003,0,77.53,2.2,-7.2
2014,2,6,20,30,-4.2,0,77.81,2.4000000000000004,-7.5
2014,2,6,21,30,-4.3,0,77.86,2.3000000000000003,-7.6000000000000005
2014,2,6,22,30,-4.3,0,77.10000000000001,2.3000000000000003,-7.7
2014,2,6,23,30,-4.4,0,77.24,2.2,-7.800000000000001
2014,2,7,0,30,-4.4,0,77.94,2.1,-7.7
2014,2,7,1,30,-4.3,0,78.3,2,-7.5
2014,2,7,2,30,-4.1000000000000005,0,78.08,1.9000000000000001,-7.4
2014,2,7,3,30,-3.8000000000000003,0,77.48,1.8,-7.2
2014,2,7,4,30,-3.6,0,77.93,1.7000000000000002,-6.9
2014,2,7,5,30,-3.4000000000000004,0,78.60000000000001,1.8,-6.6000000000000005
2014,2,7,6,30,-3.1,0,78.78,1.8,-6.300000000000001
2014,2,7,7,30,-2.4000000000000004,4,76.67,1.9000000000000001,-5.9
2014,2,7,8,30,-1.3,45,72.63,1.8,-5.6000000000000005
2014,2,7,9,30,-0.4,15,70.23,1.5,-5.2
2014,2,7,10,30,0.5,171,68.29,1.4000000000000001,-4.7
2014,2,7,11,30,1.3,121,67.07000000000001,1.3,-4.1000000000000005
2014,2,7,12,30,1.6,208,68.17,1,-3.6
2014,2,7,13,30,1.8,129,69.41,0.9,-3.2
2014,2,7,14,30,1.9000000000000001,174,70.94,0.9,-2.8000000000000003
2014,2,7,15,30,1.7000000000000002,57,73.42,1.1,-2.5
2014,2,7,16,30,1.1,272,77.85000000000001,1,-2.3000000000000003
2014,2,7,17,30,0.1,18,87.8,0.6000000000000001,-1.7000000000000002
2014,2,7,18,30,-0.9,0,94.5,0.6000000000000001,-1.7000000000000002
2014,2,7,19,30,-1.7000000000000002,0,96.95,0.7000000000000001,-2.1
2014,2,7,20,30,-2.4000000000000004,0,99.43,0.9,-2.5
2014,2,7,21,30,-2.9000000000000004,0,100,1,-2.9000000000000004
2014,2,7,22,30,-3.1,0,100,1.1,-3.1
2014,2,7,23,30,-2.9000000000000004,0,100,1.1,-2.9000000000000004
2014,2,8,0,30,-2.7,0,100,1.2000000000000002,-2.7
2014,2,8,1,30,-2.5,0,100,1.2000000000000002,-2.5
2014,2,8,2,30,-2.3000000000000003,0,98.26,1.2000000000000002,-2.5
2014,2,8,3,30,-2.1,0,96.25,1.3,-2.6
2014,2,8,4,30,-2.1,0,95.5,1.5,-2.7
2014,2,8,5,30,-2.1,0,95.01,1.7000000000000002,-2.8000000000000003
2014,2,8,6,30,-2,0,93.96000000000001,1.9000000000000001,-2.8000000000000003
2014,2,8,7,30,-1,7,88.08,2.2,-2.7
2014,2,8,8,30,1,36,81.28,2.6,-1.8
2014,2,8,9,30,3.7,121,72.56,2.8000000000000003,-0.8
2014,2,8,10,30,6.4,230,65.02,2.9000000000000004,0.30000000000000004
2014,2,8,11,30,8.9,700,59,2.9000000000000004,1.3
2014,2,8,12,30,11,750,54.6,3.1,2.2
2014,2,8,13,30,12.5,731,52.27,3.2,3
2014,2,8,14,30,13.5,588,51.14,3.3000000000000003,3.6
2014,2,8,15,30,13.600000000000001,491,52.35,2.9000000000000004,4
2014,2,8,16,30,11.3,299,65.44,2.1,5.1000000000000005
2014,2,8,17,30,8,94,84.45,1.8,5.5
2014,2,8,18,30,6.5,0,88.14,2.2,4.7
2014,2,8,19,30,5.800000000000001,0,93.88,2.4000000000000004,4.9
2014,2,8,20,30,5,0,100,2.3000000000000003,5
2014,2,8,21,30,4.5,0,100,2.3000000000000003,4.5
2014,2,8,22,30,4.4,0,100,2.7,4.4
2014,2,8,23,30,4.3,0,100,3.2,4.3
2014,2,9,0,30,4,0,100,3.3000000000000003,4
2014,2,9,1,30,3.6,0,100,3.1,3.6
2014,2,9,2,30,3.2,0,100,2.9000000000000004,3.2
2014,2,9,3,30,2.9000000000000004,0,100,2.7,2.9000000000000004
2014,2,9,4,30,2.6,0,100,2.4000000000000004,2.6
2014,2,9,5,30,2.3000000000000003,0,100,2,2.3000000000000003
2014,2,9,6,30,2.3000000000000003,0,99.26,1.8,2.2
2014,2,9,7,30,2.8000000000000003,5,93.45,1.7000000000000002,1.8
2014,2,9,8,30,4.3,75,85.03,1.5,2
2014,2,9,9,30,7.4,155,72.98,1.3,2.9000000000000004
2014,2,9,10,30,10.700000000000001,297,62.690000000000005,1,3.9000000000000004
2014,2,9,11,30,13.100000000000001,593,56.58,0.8,4.7
2014,2,9,12,30,14.8,629,53.64,1,5.5
2014,2,9,13,30,15.9,729,52.27,1.1,6.1000000000000005
2014,2,9,14,30,16.400000000000002,641,52.95,0.9,6.800000000000001
2014,2,9,15,30,15.600000000000001,417,59.13,0.9,7.6000000000000005
2014,2,9,16,30,13.4,292,75.68,1.1,9.200000000000001
2014,2,9,17,30,10.700000000000001,43,86.92,1.6,8.6
2014,2,9,18,30,8.9,0,90.56,2.3000000000000003,7.4
2014,2,9,19,30,7.9,0,93.38,3.2,6.9
2014,2,9,20,30,6.7,0,97.22,3.7,6.300000000000001
2014,2,9,21,30,5.7,0,98.88,3.5,5.5
2014,2,9,22,30,5.300000000000001,0,97.52,3.5,4.9
2014,2,9,23,30,5,0,96.29,3.7,4.5
2014,2,10,0,30,4.800000000000001,0,94.65,4,4
2014,2,10,1,30,4.5,0,93.25,4.3,3.5
2014,2,10,2,30,4,0,92.19,4.4,2.8000000000000003
2014,2,10,3,30,3.3000000000000003,0,91.4,4.5,2
2014,2,10,4,30,2.7,0,89.16,4.800000000000001,1.1
2014,2,10,5,30,2.2,0,85.75,5.1000000000000005,0.1
2014,2,10,6,30,1.8,0,83.03,5.2,-0.8
2014,2,10,7,30,1.8,20,80.11,5.300000000000001,-1.3
2014,2,10,8,30,2.4000000000000004,23,75.94,5.4,-1.4000000000000001
2014,2,10,9,30,3.2,57,72.69,5.4,-1.2000000000000002
2014,2,10,10,30,4,95,70.34,5.2,-0.9
2014,2,10,11,30,4.6000000000000005,77,68.76,5,-0.6000000000000001
2014,2,10,12,30,5.2,67,67.04,4.9,-0.4
2014,2,10,13,30,5.5,83,66.47,4.7,-0.30000000000000004
2014,2,10,14,30,5.4,90,67.39,4.6000000000000005,-0.2
2014,2,10,15,30,5,59,69.29,4.4,-0.2
2014,2,10,16,30,4.2,157,72.95,4.3,-0.2
2014,2,10,17,30,3.1,4,78.32000000000001,4.1000000000000005,-0.30000000000000004
2014,2,10,18,30,2.2,0,82.97,4.2,-0.4
2014,2,10,19,30,1.5,0,85.26,4.4,-0.7000000000000001
2014,2,10,20,30,0.9,0,86.75,4.4,-1.1
2014,2,10,21,30,0.6000000000000001,0,87.10000000000001,4.2,-1.3
2014,2,10,22,30,0.4,0,87.65,4,-1.4000000000000001
2014,2,10,23,30,0.30000000000000004,0,87.83,4,-1.5
2014,2,11,0,30,0.30000000000000004,0,87.49,4.1000000000000005,-1.5
2014,2,11,1,30,0.30000000000000004,0,87.09,4.2,-1.6
2014,2,11,2,30,0.2,0,87.39,4.2,-1.6
2014,2,11,3,30,0.2,0,87.06,4.3,-1.7000000000000002
2014,2,11,4,30,0.1,0,86.9,4.4,-1.8
2014,2,11,5,30,0,0,86.31,4.4,-2
2014,2,11,6,30,-0.1,0,85.63,4.5,-2.2
2014,2,11,7,30,-0.2,9,84.79,4.800000000000001,-2.4000000000000004
2014,2,11,8,30,-0.1,9,82.54,5.2,-2.7
2014,2,11,9,30,0.1,56,79.51,5.4,-3
2014,2,11,10,30,0.4,145,76.71000000000001,5.2,-3.2
2014,2,11,11,30,0.7000000000000001,63,75.09,5,-3.2
2014,2,11,12,30,0.9,71,74.48,4.800000000000001,-3.1
2014,2,11,13,30,1.1,62,73.59,4.7,-3.1
2014,2,11,14,30,1.2000000000000002,56,73.46000000000001,4.5,-3
2014,2,11,15,30,1.1,130,75.03,4.3,-2.8000000000000003
2014,2,11,16,30,0.7000000000000001,11,78.23,3.9000000000000004,-2.7
2014,2,11,17,30,0.30000000000000004,88,81.81,3.3000000000000003,-2.4000000000000004
2014,2,11,18,30,-0.1,0,87.03,2.9000000000000004,-2
2014,2,11,19,30,-0.2,0,88.94,2.9000000000000004,-1.8
2014,2,11,20,30,-0.2,0,89.10000000000001,2.9000000000000004,-1.8
2014,2,11,21,30,-0.2,0,88.86,2.8000000000000003,-1.8
2014,2,11,22,30,-0.1,0,88.41,2.6,-1.8
2014,2,11,23,30,-0.2,0,89.14,2.4000000000000004,-1.8
2014,2,12,0,30,-0.7000000000000001,0,92.01,2,-1.8
2014,2,12,1,30,-1.7000000000000002,0,97.08,1.6,-2.1
2014,2,12,2,30,-2.7,0,100,1.2000000000000002,-2.7
2014,2,12,3,30,-3.3000000000000003,0,100,1.1,-3.3000000000000003
2014,2,12,4,30,-3.5,0,100,1.1,-3.5
2014,2,12,5,30,-3.3000000000000003,0,100,1.3,-3.3000000000000003
2014,2,12,6,30,-2.8000000000000003,0,95.49,2.1,-3.4000000000000004
2014,2,12,7,30,-1.2000000000000002,7,84.92,2.9000000000000004,-3.4000000000000004
2014,2,12,8,30,1.3,225,73.37,3.4000000000000004,-2.9000000000000004
2014,2,12,9,30,3.7,148,62.6,3.3000000000000003,-2.8000000000000003
2014,2,12,10,30,5.800000000000001,277,54.75,3.2,-2.6
2014,2,12,11,30,7.5,721,50.21,3.1,-2.2
2014,2,12,12,30,8.9,772,47.82,3,-1.6
2014,2,12,13,30,9.9,755,47.17,3.1,-0.8
2014,2,12,14,30,10.4,667,47.46,3.1,-0.30000000000000004
2014,2,12,15,30,10.4,517,48.58,2.8000000000000003,0
2014,2,12,16,30,8.8,321,55.15,1.8,0.30000000000000004
2014,2,12,17,30,6.5,110,73.96000000000001,1.1,2.2
2014,2,12,18,30,5.800000000000001,0,67.15,1,0.2
2014,2,12,19,30,6,0,63.300000000000004,0.7000000000000001,-0.4
2014,2,12,20,30,6.1000000000000005,0,61.160000000000004,0.4,-0.8
2014,2,12,21,30,5.7,0,61.730000000000004,0.4,-1.1
2014,2,12,22,30,4.7,0,65.71000000000001,0.7000000000000001,-1.2000000000000002
2014,2,12,23,30,3.7,0,70.28,0.9,-1.2000000000000002
2014,2,13,0,30,3,0,73.41,1.1,-1.3
2014,2,13,1,30,2.1,0,77.72,1.2000000000000002,-1.4000000000000001
2014,2,13,2,30,1.3,0,81.63,1.3,-1.5
2014,2,13,3,30,0.9,0,83.36,1.3,-1.6
2014,2,13,4,30,0.4,0,86.13,1.3,-1.6
2014,2,13,5,30,-0.4,0,91.2,1.3,-1.7000000000000002
2014,2,13,6,30,-0.2,0,90.13,1.3,-1.6
2014,2,13,7,30,2.4000000000000004,35,78.3,2,-1
2014,2,13,8,30,6.1000000000000005,158,64.28,2.8000000000000003,-0.1
2014,2,13,9,30,9.9,438,54.08,3.5,1
2014,2,13,10,30,13.3,609,43.88,4.3,1.3
2014,2,13,11,30,15.4,723,39.730000000000004,4.2,1.8
2014,2,13,12,30,16.900000000000002,773,37.61,4.1000000000000005,2.3000000000000003
2014,2,13,13,30,17.900000000000002,753,36.64,3.9000000000000004,2.9000000000000004
2014,2,13,14,30,18.3,661,37.01,3.8000000000000003,3.4000000000000004
2014,2,13,15,30,17.7,512,39.5,3.2,3.7
2014,2,13,16,30,15,319,53.01,2.4000000000000004,5.5
2014,2,13,17,30,11.5,111,72.03,2.1,6.6000000000000005
2014,2,13,18,30,9.8,0,73.89,2.5,5.4
2014,2,13,19,30,9,0,76.49,2.6,5.1000000000000005
2014,2,13,20,30,8.200000000000001,0,79.51,2.6,4.9
2014,2,13,21,30,7.4,0,82.72,2.7,4.7
2014,2,13,22,30,6.7,0,85.72,2.7,4.5
2014,2,13,23,30,6.1000000000000005,0,88.37,2.7,4.3
2014,2,14,0,30,5.6000000000000005,0,90.60000000000001,2.8000000000000003,4.2
2014,2,14,1,30,5.2,0,92.64,2.9000000000000004,4.1000000000000005
2014,2,14,2,30,4.9,0,94.4,3.1,4.1000000000000005
2014,2,14,3,30,4.9,0,95.18,3.4000000000000004,4.2
2014,2,14,4,30,5,0,95.94,3.8000000000000003,4.4
2014,2,14,5,30,5.1000000000000005,0,96.55,4.2,4.6000000000000005
2014,2,14,6,30,5.5,0,94.98,4.5,4.800000000000001
2014,2,14,7,30,7,18,88,4.9,5.1000000000000005
2014,2,14,8,30,10.100000000000001,166,76.45,5.300000000000001,6.1000000000000005
2014,2,14,9,30,14.3,351,59.550000000000004,5.2,6.5
2014,2,14,10,30,18,504,45.14,5.1000000000000005,5.9
2014,2,14,11,30,20.3,731,38.32,5.5,5.6000000000000005
2014,2,14,12,30,21.5,784,35.51,6.6000000000000005,5.6000000000000005
2014,2,14,13,30,21.6,764,34.11,7.300000000000001,5.1000000000000005
2014,2,14,14,30,21,556,33.18,7.2,4.2
2014,2,14,15,30,19.900000000000002,413,33.25,6.300000000000001,3.3000000000000003
2014,2,14,16,30,17.3,328,37.92,4.6000000000000005,2.8000000000000003
2014,2,14,17,30,13.5,62,50.35,3,3.4000000000000004
2014,2,14,18,30,10.8,0,60.09,2.5,3.4000000000000004
2014,2,14,19,30,9.5,0,63.28,2.3000000000000003,2.9000000000000004
2014,2,14,20,30,8.3,0,66.43,2.1,2.4000000000000004
2014,2,14,21,30,7.2,0,69.94,1.8,2.1
2014,2,14,22,30,6.4,0,72.8,1.5,1.9000000000000001
2014,2,14,23,30,5.7,0,75.07000000000001,1.4000000000000001,1.6
2014,2,15,0,30,5.2,0,76.31,1.3,1.4000000000000001
2014,2,15,1,30,4.6000000000000005,0,78.41,1.4000000000000001,1.2000000000000002
2014,2,15,2,30,4.1000000000000005,0,80.13,1.4000000000000001,1
2014,2,15,3,30,3.6,0,82.29,1.3,0.9
2014,2,15,4,30,3.1,0,84.85000000000001,1.3,0.8
2014,2,15,5,30,2.7,0,87.26,1.3,0.8
2014,2,15,6,30,3.1,0,85.01,1.3,0.8
2014,2,15,7,30,5.6000000000000005,41,76.56,2,1.8
2014,2,15,8,30,9,239,61.85,2.6,2.1
2014,2,15,9,30,12.8,446,52.81,3.3000000000000003,3.4000000000000004
2014,2,15,10,30,15.9,477,39.29,4,2.1
2014,2,15,11,30,17.6,634,35.26,4.1000000000000005,2.1
2014,2,15,12,30,18.8,661,33.12,4.4,2.2
2014,2,15,13,30,19.700000000000003,622,31.57,4.6000000000000005,2.3000000000000003
2014,2,15,14,30,20,643,30.96,4.5,2.3000000000000003
2014,2,15,15,30,19.5,522,32.33,3.7,2.5
2014,2,15,16,30,16.900000000000002,328,44.050000000000004,2.6,4.6000000000000005
2014,2,15,17,30,13.5,67,61.95,2.2,6.300000000000001
2014,2,15,18,30,11.8,0,63.74,2.5,5.2
2014,2,15,19,30,11.200000000000001,0,65.5,2.8000000000000003,5
2014,2,15,20,30,10.600000000000001,0,68.99,3.1,5.1000000000000005
2014,2,15,21,30,10,0,74,3.4000000000000004,5.6000000000000005
2014,2,15,22,30,9.200000000000001,0,81.45,3.5,6.2
2014,2,15,23,30,8.5,0,89.4,3.5,6.9
2014,2,16,0,30,8.1,0,95.89,3.3000000000000003,7.5
2014,2,16,1,30,7.800000000000001,0,100,2.7,7.800000000000001
2014,2,16,2,30,7.5,0,100,2.3000000000000003,7.5
2014,2,16,3,30,7.5,0,100,2,7.5
2014,2,16,4,30,7.4,0,100,2,7.4
2014,2,16,5,30,7.4,0,100,1.9000000000000001,7.4
2014,2,16,6,30,7.7,0,98.74000000000001,2,7.5
2014,2,16,7,30,9.200000000000001,36,90.06,2.4000000000000004,7.7
2014,2,16,8,30,12,77,80.4,2.8000000000000003,8.700000000000001
2014,2,16,9,30,15.700000000000001,199,71.27,3.3000000000000003,10.5
2014,2,16,10,30,19.1,396,69.26,3.8000000000000003,13.3
2014,2,16,11,30,21.3,276,65.84,4.1000000000000005,14.700000000000001
2014,2,16,12,30,22.6,536,62.32,4.5,15
2014,2,16,13,30,23.3,306,60.160000000000004,4.800000000000001,15.100000000000001
2014,2,16,14,30,23.5,415,60.06,5,15.3
2014,2,16,15,30,23.1,183,62.34,4.6000000000000005,15.5
2014,2,16,16,30,21.3,248,70.88,3.4000000000000004,15.8
2014,2,16,17,30,18.7,108,84.98,2.6,16.1
2014,2,16,18,30,17.3,0,89.77,2.8000000000000003,15.600000000000001
2014,2,16,19,30,17,0,91.21000000000001,3.5,15.600000000000001
2014,2,16,20,30,16.400000000000002,0,94.5,3.9000000000000004,15.5
2014,2,16,21,30,15.700000000000001,0,98.33,4.1000000000000005,15.4
2014,2,16,22,30,15,0,100,4,15
2014,2,16,23,30,14.600000000000001,0,100,4.1000000000000005,14.600000000000001
2014,2,17,0,30,14.700000000000001,0,100,4.3,14.700000000000001
2014,2,17,1,30,14.8,0,100,4.4,14.8
2014,2,17,2,30,14.9,0,100,4.5,14.9
2014,2,17,3,30,15,0,99.81,4.4,15
2014,2,17,4,30,14.8,0,100,4,14.8
2014,2,17,5,30,14.3,0,100,3.1,14.3
2014,2,17,6,30,14.200000000000001,0,100,2.7,14.200000000000001
2014,2,17,7,30,15.5,24,94.44,3.2,14.600000000000001
2014,2,17,8,30,17.900000000000002,233,80.28,4.2,14.5
2014,2,17,9,30,19.700000000000003,445,59.07,5.5,11.5
2014,2,17,10,30,20.6,620,43.32,6.5,7.7
2014,2,17,11,30,21,740,36.32,6.4,5.5
2014,2,17,12,30,21.3,790,32.72,5.7,4.3
2014,2,17,13,30,21.3,764,31.42,4.800000000000001,3.7
2014,2,17,14,30,20.8,574,31.64,3.9000000000000004,3.3000000000000003
2014,2,17,15,30,19.700000000000003,536,35.85,2.7,4.1000000000000005
2014,2,17,16,30,17.5,252,53.75,1.7000000000000002,8
2014,2,17,17,30,15.200000000000001,118,66.93,1.4000000000000001,9.1
2014,2,17,18,30,13.9,0,66.72,1.5,7.800000000000001
2014,2,17,19,30,13.3,0,66.76,1.6,7.2
2014,2,17,20,30,12.600000000000001,0,67.86,1.7000000000000002,6.800000000000001
2014,2,17,21,30,11.600000000000001,0,70.27,1.8,6.4
2014,2,17,22,30,10.700000000000001,0,72.88,1.7000000000000002,6
2014,2,17,23,30,10,0,75.65,1.5,5.9
2014,2,18,0,30,9.4,0,78.52,1.4000000000000001,5.9
2014,2,18,1,30,8.9,0,80.37,1.3,5.7
2014,2,18,2,30,8.700000000000001,0,81.74,1.2000000000000002,5.800000000000001
2014,2,18,3,30,8.700000000000001,0,83.29,1.1,6
2014,2,18,4,30,8.700000000000001,0,85.15,1,6.300000000000001
2014,2,18,5,30,8.700000000000001,0,87.33,1,6.7
2014,2,18,6,30,9,0,87.35000000000001,1,7
2014,2,18,7,30,10.3,25,84.44,1.3,7.800000000000001
2014,2,18,8,30,12.700000000000001,174,72.4,1.8,7.9
2014,2,18,9,30,16.1,424,62.04,2.5,8.8
2014,2,18,10,30,19.8,333,55.26,3.9000000000000004,10.600000000000001
2014,2,18,11,30,22.400000000000002,701,60.93,5,14.5
2014,2,18,12,30,23.8,758,61.79,5.2,16
2014,2,18,13,30,24.6,740,59.71,5,16.2
2014,2,18,14,30,25,652,58.160000000000004,4.7,16.2
2014,2,18,15,30,24.700000000000003,506,59.01,4,16.2
2014,2,18,16,30,22.900000000000002,317,67.55,2.8000000000000003,16.6
2014,2,18,17,30,20.200000000000003,113,82.99,2.1,17.2
2014,2,18,18,30,18.8,0,86.28,2.5,16.5
2014,2,18,19,30,18.5,0,88.11,2.9000000000000004,16.5
2014,2,18,20,30,18.1,0,90.75,3.4000000000000004,16.6
2014,2,18,21,30,17.400000000000002,0,95.10000000000001,3.6,16.6
2014,2,18,22,30,16.7,0,99.36,3.7,16.6
2014,2,18,23,30,15.9,0,100,3.5,15.9
2014,2,19,0,30,15.200000000000001,0,100,3.1,15.200000000000001
2014,2,19,1,30,14.700000000000001,0,100,2.9000000000000004,14.700000000000001
2014,2,19,2,30,14.3,0,100,2.8000000000000003,14.3
2014,2,19,3,30,13.9,0,100,2.7,13.9
2014,2,19,4,30,13.5,0,100,2.5,13.5
2014,2,19,5,30,13.200000000000001,0,100,2.4000000000000004,13.200000000000001
2014,2,19,6,30,13.8,0,100,2.7,13.8
2014,2,19,7,30,15.700000000000001,29,92.15,3.4000000000000004,14.4
2014,2,19,8,30,18.1,87,83.48,4.1000000000000005,15.3
2014,2,19,9,30,20.1,97,77.57000000000001,4.4,16.1
2014,2,19,10,30,21.700000000000003,111,71.37,4.800000000000001,16.3
2014,2,19,11,30,22.8,141,67.26,5.1000000000000005,16.400000000000002
2014,2,19,12,30,23.5,190,64.95,5.300000000000001,16.5
2014,2,19,13,30,23.900000000000002,175,63.88,5.4,16.6
2014,2,19,14,30,24,185,63.940000000000005,5.1000000000000005,16.8
2014,2,19,15,30,23.700000000000003,442,65.4,4.6000000000000005,16.8
2014,2,19,16,30,22.8,310,70.05,3.9000000000000004,17.1
2014,2,19,17,30,21.400000000000002,111,77.29,3.7,17.3
2014,2,19,18,30,20.5,0,81.35000000000001,4.2,17.2
2014,2,19,19,30,19.8,0,85.36,4.6000000000000005,17.3
2014,2,19,20,30,18.900000000000002,0,90.48,4.9,17.3
2014,2,19,21,30,18.1,0,93.92,5.5,17.1
2014,2,19,22,30,17.400000000000002,0,95.82000000000001,5.7,16.7
2014,2,19,23,30,17.1,0,95.81,5.5,16.400000000000002
2014,2,20,0,30,17.1,0,94.79,5.6000000000000005,16.3
2014,2,20,1,30,17.2,0,94.31,5.7,16.3
2014,2,20,2,30,17.3,0,94.41,5.7,16.400000000000002
2014,2,20,3,30,17.400000000000002,0,94.61,5.9,16.5
2014,2,20,4,30,17.3,0,95.58,6.1000000000000005,16.6
2014,2,20,5,30,17.2,0,96.15,6,16.6
2014,2,20,6,30,17.3,0,95.74000000000001,5.6000000000000005,16.6
2014,2,20,7,30,18.3,21,90.78,5.300000000000001,16.8
2014,2,20,8,30,20,12,84.17,5.5,17.2
2014,2,20,9,30,22,97,76.10000000000001,5.7,17.6
2014,2,20,10,30,23.400000000000002,445,66.76,5.6000000000000005,16.900000000000002
2014,2,20,11,30,23.900000000000002,502,54.27,5.9,14.100000000000001
2014,2,20,12,30,23.200000000000003,646,41.4,6.800000000000001,9.4
2014,2,20,13,30,22.1,648,32.2,7.2,4.7
2014,2,20,14,30,21.200000000000003,584,28.560000000000002,6.9,2.2
2014,2,20,15,30,19.900000000000002,453,28.68,6.4,1.2000000000000002
2014,2,20,16,30,17.8,315,31.26,5.6000000000000005,0.6000000000000001
2014,2,20,17,30,14.9,140,37.12,4.5,0.4
2014,2,20,18,30,12.4,0,44.44,3.7,0.6000000000000001
2014,2,20,19,30,10.8,0,49.53,3.3000000000000003,0.7000000000000001
2014,2,20,20,30,9.4,0,53.95,2.9000000000000004,0.5
2014,2,20,21,30,8.200000000000001,0,58.14,2.5,0.5
2014,2,20,22,30,7.1000000000000005,0,62.300000000000004,2.1,0.4
2014,2,20,23,30,6.2,0,65.73,1.8,0.30000000000000004
2014,2,21,0,30,5.4,0,68.99,1.5,0.2
2014,2,21,1,30,4.800000000000001,0,70.85000000000001,1.4000000000000001,0
2014,2,21,2,30,4.4,0,71.18,1.3,-0.4
2014,2,21,3,30,4.2,0,70.08,1.2000000000000002,-0.8
2014,2,21,4,30,3.8000000000000003,0,70.45,1.2000000000000002,-1.1
2014,2,21,5,30,3.4000000000000004,0,71.8,1.2000000000000002,-1.2000000000000002
2014,2,21,6,30,4,0,68.39,1.1,-1.3
2014,2,21,7,30,6.1000000000000005,61,67.73,1.2000000000000002,0.6000000000000001
2014,2,21,8,30,9.4,280,52.4,1.4000000000000001,0.1
2014,2,21,9,30,13.200000000000001,494,42.08,2.1,0.6000000000000001
2014,2,21,10,30,15.9,552,25.240000000000002,2.8000000000000003,-4
2014,2,21,11,30,17.1,662,23.85,2.8000000000000003,-3.7
2014,2,21,12,30,17.7,825,24.39,3,-2.9000000000000004
2014,2,21,13,30,18.1,799,24.86,3.2,-2.3000000000000003
2014,2,21,14,30,18.3,707,25.47,3.4000000000000004,-1.8
2014,2,21,15,30,18,550,26.650000000000002,3.2,-1.5
2014,2,21,16,30,15.8,312,33.3,2.3000000000000003,-0.30000000000000004
2014,2,21,17,30,12.600000000000001,128,56.6,1.7000000000000002,4.2
2014,2,21,18,30,10.9,0,59.24,2,3.3000000000000003
2014,2,21,19,30,10.700000000000001,0,58.53,2.2,2.9000000000000004
2014,2,21,20,30,10.5,0,60.02,2.4000000000000004,3.1
2014,2,21,21,30,10.3,0,61.95,2.6,3.3000000000000003
2014,2,21,22,30,10,0,64.78,2.7,3.7
2014,2,21,23,30,9.5,0,68.97,2.8000000000000003,4.1000000000000005
2014,2,22,0,30,9,0,73.12,2.9000000000000004,4.4
2014,2,22,1,30,8.700000000000001,0,75.92,2.9000000000000004,4.7
2014,2,22,2,30,8.5,0,77.89,2.8000000000000003,4.9
2014,2,22,3,30,8.200000000000001,0,80.23,2.6,5
2014,2,22,4,30,7.9,0,82.66,2.3000000000000003,5.1000000000000005
2014,2,22,5,30,7.2,0,87.25,2.1,5.2
2014,2,22,6,30,7.300000000000001,0,86.17,2.4000000000000004,5.1000000000000005
2014,2,22,7,30,8.9,35,78.55,3.1,5.4
2014,2,22,8,30,11.9,161,66.44,3.6,5.800000000000001
2014,2,22,9,30,15.100000000000001,374,52.67,4.4,5.5
2014,2,22,10,30,17.5,637,43.89,4.9,5.1000000000000005
2014,2,22,11,30,19.200000000000003,620,41.230000000000004,5.1000000000000005,5.7
2014,2,22,12,30,20.5,700,41.36,5.300000000000001,6.9
2014,2,22,13,30,21.5,779,43.69,5.4,8.6
2014,2,22,14,30,22,686,47.54,5.1000000000000005,10.3
2014,2,22,15,30,22,533,51.69,4.5,11.600000000000001
2014,2,22,16,30,20.5,338,60.88,3.5,12.700000000000001
2014,2,22,17,30,18.1,122,75.73,2.9000000000000004,13.700000000000001
2014,2,22,18,30,16.7,0,82.3,3.3000000000000003,13.700000000000001
2014,2,22,19,30,16.3,0,85.48,3.8000000000000003,13.9
2014,2,22,20,30,15.700000000000001,0,90.01,3.9000000000000004,14.100000000000001
2014,2,22,21,30,14.9,0,95.81,3.6,14.200000000000001
2014,2,22,22,30,14.200000000000001,0,100,3.4000000000000004,14.200000000000001
2014,2,22,23,30,13.600000000000001,0,100,3.1,13.600000000000001
2014,2,23,0,30,13.200000000000001,0,100,2.8000000000000003,13.200000000000001
2014,2,23,1,30,12.8,0,100,2.6,12.8
2014,2,23,2,30,12.5,0,100,2.3000000000000003,12.5
2014,2,23,3,30,12.3,0,100,2.2,12.3
2014,2,23,4,30,11.9,0,100,2.1,11.9
2014,2,23,5,30,11.5,0,100,2,11.5
2014,2,23,6,30,12.200000000000001,0,100,2.2,12.200000000000001
2014,2,23,7,30,14.3,34,92.10000000000001,2.7,13
2014,2,23,8,30,17.2,178,80.19,3.1,13.8
2014,2,23,9,30,20.200000000000003,268,72.3,3.4000000000000004,15.100000000000001
2014,2,23,10,30,22.200000000000003,418,64.69,3.3000000000000003,15.200000000000001
2014,2,23,11,30,23.400000000000002,578,57.11,3,14.4
2014,2,23,12,30,24.1,619,51.02,2.8000000000000003,13.3
2014,2,23,13,30,24.400000000000002,517,46.45,2.9000000000000004,12.200000000000001
2014,2,23,14,30,24,617,43.99,3.2,11
2014,2,23,15,30,22.900000000000002,544,43.800000000000004,3.4000000000000004,9.9
2014,2,23,16,30,20.5,350,49.9,3,9.700000000000001
2014,2,23,17,30,17.2,136,64.48,2.7,10.4
2014,2,23,18,30,15,0,69.65,3.3000000000000003,9.5
2014,2,23,19,30,13.8,0,71.74,3.6,8.8
2014,2,23,20,30,12.700000000000001,0,75.17,3.7,8.4
2014,2,23,21,30,11.700000000000001,0,78.48,3.7,8.1
2014,2,23,22,30,10.8,0,81.4,3.6,7.7
2014,2,23,23,30,10,0,84.37,3.4000000000000004,7.5
2014,2,24,0,30,9.4,0,86.91,3.4000000000000004,7.300000000000001
2014,2,24,1,30,9.200000000000001,0,88.37,3.3000000000000003,7.4
2014,2,24,2,30,9.3,0,89.52,3.1,7.7
2014,2,24,3,30,9.4,0,91.27,2.7,8
2014,2,24,4,30,9.4,0,93.28,2.5,8.4
2014,2,24,5,30,9.5,0,93.91,2.2,8.6
2014,2,24,6,30,9.700000000000001,0,93.42,2.2,8.700000000000001
2014,2,24,7,30,10.4,16,90.02,2.4000000000000004,8.8
2014,2,24,8,30,11.4,17,86.44,2.5,9.200000000000001
2014,2,24,9,30,12.9,324,81.39,2.3000000000000003,9.8
2014,2,24,10,30,14.600000000000001,262,76.98,1.9000000000000001,10.600000000000001
2014,2,24,11,30,15.9,304,74.79,1.5,11.4
2014,2,24,12,30,17.1,373,73.24,0.9,12.3
2014,2,24,13,30,18.1,410,72.17,0.7000000000000001,13
2014,2,24,14,30,18.6,280,71.9,1,13.4
2014,2,24,15,30,18.6,504,72.46000000000001,1.3,13.600000000000001
2014,2,24,16,30,17.7,316,76.99,1.3,13.600000000000001
2014,2,24,17,30,16,117,88.13,1.3,14
2014,2,24,18,30,14.600000000000001,0,92.4,1.6,13.4
2014,2,24,19,30,13.8,0,93.29,1.7000000000000002,12.700000000000001
2014,2,24,20,30,13.4,0,94.27,1.5,12.5
2014,2,24,21,30,13.200000000000001,0,96.37,1.1,12.600000000000001
2014,2,24,22,30,13.200000000000001,0,98.52,0.9,13
2014,2,24,23,30,13.200000000000001,0,100,0.8,13.200000000000001
2014,2,25,0,30,13.3,0,100,0.8,13.3
2014,2,25,1,30,13.3,0,100,0.8,13.3
2014,2,25,2,30,13.4,0,100,0.8,13.4
2014,2,25,3,30,13.5,0,100,0.7000000000000001,13.5
2014,2,25,4,30,13.4,0,100,0.7000000000000001,13.4
2014,2,25,5,30,13,0,100,1.1,13
2014,2,25,6,30,12.8,0,99.46000000000001,2,12.700000000000001
2014,2,25,7,30,13.200000000000001,13,94.33,2.8000000000000003,12.3
2014,2,25,8,30,14,15,89.31,3.3000000000000003,12.3
2014,2,25,9,30,14.9,86,85.16,3.4000000000000004,12.4
2014,2,25,10,30,15.5,102,81.75,3.3000000000000003,12.4
2014,2,25,11,30,16.1,213,78.39,3.1,12.3
2014,2,25,12,30,16.7,163,76.22,2.8000000000000003,12.5
2014,2,25,13,30,16.7,207,76.92,2.8000000000000003,12.600000000000001
2014,2,25,14,30,16.1,141,78.77,3,12.4
2014,2,25,15,30,15,56,82.11,3.4000000000000004,12
2014,2,25,16,30,13.600000000000001,70,85.61,3.9000000000000004,11.200000000000001
2014,2,25,17,30,12.100000000000001,49,88.03,4.2,10.200000000000001
2014,2,25,18,30,10.9,0,89.78,4.2,9.3
2014,2,25,19,30,10.100000000000001,0,91.62,4.1000000000000005,8.8
2014,2,25,20,30,9.600000000000001,0,92.84,4.1000000000000005,8.5
2014,2,25,21,30,9.3,0,92.35000000000001,4.4,8.1
2014,2,25,22,30,8.700000000000001,0,92.57000000000001,5,7.6000000000000005
2014,2,25,23,30,7.9,0,91.38,5.5,6.6000000000000005
2014,2,26,0,30,6.800000000000001,0,88.94,6,5.1000000000000005
2014,2,26,1,30,5.5,0,84.64,6.6000000000000005,3.1
2014,2,26,2,30,4.3,0,79.41,7,1.1
2014,2,26,3,30,3.5,0,73.82000000000001,7,-0.7000000000000001
2014,2,26,4,30,2.8000000000000003,0,68.5,7,-2.4000000000000004
2014,2,26,5,30,2.2,0,62.78,6.800000000000001,-4.2
2014,2,26,6,30,1.7000000000000002,0,57.34,6.6000000000000005,-5.800000000000001
2014,2,26,7,30,1.6,17,52.13,6.6000000000000005,-7.2
2014,2,26,8,30,1.8,69,48.35,6.5,-8
2014,2,26,9,30,2,196,46.2,6.1000000000000005,-8.4
2014,2,26,10,30,2.4000000000000004,319,44.29,5.5,-8.5
2014,2,26,11,30,2.7,243,43.33,5.1000000000000005,-8.6
2014,2,26,12,30,3.1,328,42.63,4.800000000000001,-8.4
2014,2,26,13,30,4,562,40.730000000000004,4.6000000000000005,-8.200000000000001
2014,2,26,14,30,5.2,507,38.37,4.3,-7.9
2014,2,26,15,30,6,434,37.14,3.9000000000000004,-7.6000000000000005
2014,2,26,16,30,5.800000000000001,285,38.74,3.2,-7.2
2014,2,26,17,30,3.9000000000000004,107,48.67,1.9000000000000001,-5.9
2014,2,26,18,30,2.1,0,70.28,1.1,-2.8000000000000003
2014,2,26,19,30,1.5,0,73.45,1,-2.7
2014,2,26,20,30,1.1,0,74.11,1,-3
2014,2,26,21,30,0.7000000000000001,0,74.32000000000001,1,-3.3000000000000003
2014,2,26,22,30,0.30000000000000004,0,74.52,1,-3.7
2014,2,26,23,30,-0.1,0,74.61,1,-4.1000000000000005
2014,2,27,0,30,-0.5,0,74.66,1,-4.4
2014,2,27,1,30,-0.8,0,74.28,1.1,-4.800000000000001
2014,2,27,2,30,-1.3,0,75.33,1.1,-5.1000000000000005
2014,2,27,3,30,-1.9000000000000001,0,77.3,1.1,-5.300000000000001
2014,2,27,4,30,-2.4000000000000004,0,78.64,1,-5.6000000000000005
2014,2,27,5,30,-2.7,0,78.56,1,-5.9
2014,2,27,6,30,-2,0,72.86,1,-6.2
2014,2,27,7,30,0.4,80,64.96000000000001,1.1,-5.4
2014,2,27,8,30,3.8000000000000003,300,47.11,1.2000000000000002,-6.5
2014,2,27,9,30,6.7,513,36.75,1.2000000000000002,-7.1000000000000005
2014,2,27,10,30,8.6,689,35.29,1.2000000000000002,-5.9
2014,2,27,11,30,10.3,803,34.76,1.6,-4.6000000000000005
2014,2,27,12,30,11.700000000000001,849,34.71,2.1,-3.4000000000000004
2014,2,27,13,30,12.700000000000001,823,34.9,2.5,-2.4000000000000004
2014,2,27,14,30,13.200000000000001,727,35.64,2.6,-1.7000000000000002
2014,2,27,15,30,13,568,37.36,2.6,-1.2000000000000002
2014,2,27,16,30,11.8,364,41.56,2.1,-0.9
2014,2,27,17,30,9.4,144,58.59,1.6,1.7000000000000002
2014,2,27,18,30,7.7,0,68.82000000000001,1.8,2.3000000000000003
2014,2,27,19,30,6.9,0,70.44,2.1,1.9000000000000001
2014,2,27,20,30,6.300000000000001,0,72.23,2.5,1.7000000000000002
2014,2,27,21,30,5.9,0,73.47,2.9000000000000004,1.5
2014,2,27,22,30,5.4,0,76.37,3.2,1.6
2014,2,27,23,30,5,0,79.38,3.4000000000000004,1.7000000000000002
2014,2,28,0,30,4.6000000000000005,0,82.44,3.6,1.9000000000000001
2014,2,28,1,30,4.2,0,85.76,3.7,2
2014,2,28,2,30,4,0,87.95,3.7,2.2
2014,2,28,3,30,3.9000000000000004,0,89.78,3.8000000000000003,2.4000000000000004
2014,2,28,4,30,3.8000000000000003,0,92.18,3.8000000000000003,2.6
2014,2,28,5,30,3.7,0,94.76,3.5,2.9000000000000004
2014,2,28,6,30,4.4,0,92.12,3.8000000000000003,3.2
2014,2,28,7,30,7,73,80.10000000000001,5.300000000000001,3.8000000000000003
2014,2,28,8,30,10.5,283,68.97,6.4,5
2014,2,28,9,30,13.9,498,60.5,6.7,6.4
2014,2,28,10,30,17.400000000000002,679,52.370000000000005,6.5,7.5
2014,2,28,11,30,20.8,805,44.97,6.1000000000000005,8.4
2014,2,28,12,30,23.700000000000003,854,37.87,5.6000000000000005,8.5
2014,2,28,13,30,25.6,833,31.970000000000002,5.1000000000000005,7.7
2014,2,28,14,30,26.3,740,28.150000000000002,4.4,6.4
2014,2,28,15,30,25.400000000000002,588,30.68,3.1,6.9
2014,2,28,16,30,22.3,385,49.35,2,11.200000000000001
2014,2,28,17,30,18,160,66.98,1.7000000000000002,11.8
2014,2,28,18,30,15.5,0,64.13,2,8.700000000000001
2014,2,28,19,30,14.600000000000001,0,67.36,2.5,8.6
2014,2,28,20,30,13.9,0,72.12,3,9
2014,2,28,21,30,13.100000000000001,0,77.73,3.2,9.3
2014,2,28,22,30,12.200000000000001,0,83.12,3.1,9.4
2014,2,28,23,30,11.4,0,86.94,3,9.3
2014,3,1,0,30,10.600000000000001,0,90.33,2.8000000000000003,9.1
2014,3,1,1,30,10,0,92.2,2.6,8.8
2014,3,1,2,30,9.3,0,94.23,2.3000000000000003,8.4
2014,3,1,3,30,8.700000000000001,0,95.02,2.1,7.9
2014,3,1,4,30,8,0,96.14,1.8,7.4
2014,3,1,5,30,7.4,0,96.92,1.5,6.9
2014,3,1,6,30,8.200000000000001,0,89.24,1.7000000000000002,6.5
2014,3,1,7,30,10.700000000000001,81,77.4,2.1,6.9
2014,3,1,8,30,14,126,65.39,2.2,7.6000000000000005
2014,3,1,9,30,17.6,265,59.68,2.6,9.700000000000001
2014,3,1,10,30,20.700000000000003,289,58.04,3.3000000000000003,12.200000000000001
2014,3,1,11,30,23.1,478,56.95,3.8000000000000003,14.100000000000001
2014,3,1,12,30,24.8,263,55.84,4.3,15.4
2014,3,1,13,30,25.8,263,55.65,4.6000000000000005,16.3
2014,3,1,14,30,26.200000000000003,281,56.27,4.800000000000001,16.8
2014,3,1,15,30,25.700000000000003,424,59.01,4.4,17.1
2014,3,1,16,30,23.900000000000002,361,67.72,3.5,17.6
2014,3,1,17,30,21.8,116,79.03,3.1,18
2014,3,1,18,30,20.5,0,85.3,3.3000000000000003,17.900000000000002
2014,3,1,19,30,19.700000000000003,0,90.41,3.4000000000000004,18.1
2014,3,1,20,30,19.1,0,94.13,3.5,18.1
2014,3,1,21,30,18.7,0,96.54,3.7,18.1
2014,3,1,22,30,18.5,0,98.03,3.8000000000000003,18.2
2014,3,1,23,30,18.3,0,99.2,3.7,18.2
2014,3,2,0,30,18.2,0,99.4,3.5,18.1
2014,3,2,1,30,18.1,0,99.73,3.3000000000000003,18.1
2014,3,2,2,30,17.8,0,100,2.8000000000000003,17.8
2014,3,2,3,30,17.400000000000002,0,100,2.2,17.400000000000002
2014,3,2,4,30,16.8,0,100,1.7000000000000002,16.8
2014,3,2,5,30,15.9,0,100,1.2000000000000002,15.9
2014,3,2,6,30,14.4,0,100,1.7000000000000002,14.4
2014,3,2,7,30,12.3,3,100,3.5,12.3
2014,3,2,8,30,9.600000000000001,70,100,5.300000000000001,9.600000000000001
2014,3,2,9,30,6.9,14,94.08,6.2,6
2014,3,2,10,30,5.1000000000000005,121,80.17,6,2
2014,3,2,11,30,4.3,133,73.02,5.7,-0.1
2014,3,2,12,30,3.7,72,72.42,5.800000000000001,-0.8
2014,3,2,13,30,3,256,72.56,6.300000000000001,-1.5
2014,3,2,14,30,2.3000000000000003,41,72.63,6.6000000000000005,-2.1
2014,3,2,15,30,1.5,57,72.95,6.9,-2.8000000000000003
2014,3,2,16,30,0.7000000000000001,40,72.89,7.300000000000001,-3.6
2014,3,2,17,30,-0.4,144,73.04,7.300000000000001,-4.6000000000000005
2014,3,2,18,30,-1.5,0,71.31,7.2,-6
2014,3,2,19,30,-2.7,0,69.49,7.1000000000000005,-7.5
2014,3,2,20,30,-3.7,0,67.97,6.800000000000001,-8.8
2014,3,2,21,30,-4.3,0,66.47,6.5,-9.600000000000001
2014,3,2,22,30,-4.9,0,65.73,6.300000000000001,-10.3
2014,3,2,23,30,-5.5,0,64.63,6.300000000000001,-11.100000000000001
2014,3,3,0,30,-6.1000000000000005,0,63.36,6.5,-11.9
2014,3,3,1,30,-6.5,0,61.96,6.5,-12.600000000000001
2014,3,3,2,30,-6.800000000000001,0,61.24,6.5,-13
2014,3,3,3,30,-7,0,60.800000000000004,6.5,-13.3
2014,3,3,4,30,-7.300000000000001,0,61.13,6.4,-13.5
2014,3,3,5,30,-7.7,0,62.1,6.2,-13.700000000000001
2014,3,3,6,30,-7.6000000000000005,0,61.160000000000004,6.1000000000000005,-13.8
2014,3,3,7,30,-6.7,92,57.71,6.300000000000001,-13.700000000000001
2014,3,3,8,30,-5.1000000000000005,254,53.52,6.4,-13.100000000000001
2014,3,3,9,30,-3.2,369,50.01,6.1000000000000005,-12.200000000000001
2014,3,3,10,30,-1.3,706,47.37,5.7,-11.100000000000001
2014,3,3,11,30,0.5,677,46.21,5.4,-9.700000000000001
2014,3,3,12,30,1.7000000000000002,740,46.82,5.2,-8.5
2014,3,3,13,30,2.4000000000000004,849,47.67,4.9,-7.6000000000000005
2014,3,3,14,30,2.6,624,49.45,4.7,-6.9
2014,3,3,15,30,2.4000000000000004,530,51.85,4.3,-6.5
2014,3,3,16,30,1.7000000000000002,308,55.46,3.8000000000000003,-6.300000000000001
2014,3,3,17,30,0.7000000000000001,109,60.36,3,-6.1000000000000005
2014,3,3,18,30,0,0,66.05,2.5,-5.6000000000000005
2014,3,3,19,30,-0.4,0,69.74,2.5,-5.300000000000001
2014,3,3,20,30,-0.7000000000000001,0,71.5,2.5,-5.2
2014,3,3,21,30,-0.9,0,72.69,2.3000000000000003,-5.2
2014,3,3,22,30,-1.1,0,74.26,2.1,-5.1000000000000005
2014,3,3,23,30,-1.2000000000000002,0,75.13,2.1,-5
2014,3,4,0,30,-1.3,0,75.7,1.9000000000000001,-5
2014,3,4,1,30,-1.4000000000000001,0,76.33,2,-5
2014,3,4,2,30,-1.5,0,77.22,2.4000000000000004,-5
2014,3,4,3,30,-1.7000000000000002,0,78.83,2.8000000000000003,-4.9
2014,3,4,4,30,-1.8,0,79.79,2.5,-4.800000000000001
2014,3,4,5,30,-1.8,0,80.35000000000001,1.7000000000000002,-4.7
2014,3,4,6,30,-1.7000000000000002,0,80.33,1.5,-4.6000000000000005
2014,3,4,7,30,-1.3,12,78.35000000000001,1.9000000000000001,-4.6000000000000005
2014,3,4,8,30,-0.4,191,73.62,1.9000000000000001,-4.5
2014,3,4,9,30,0.8,400,68.92,1.7000000000000002,-4.3
2014,3,4,10,30,2.2,669,65.36,1.5,-3.6
2014,3,4,11,30,3.8000000000000003,785,61.76,1.4000000000000001,-2.9000000000000004
2014,3,4,12,30,5.5,839,57.68,1.2000000000000002,-2.2
2014,3,4,13,30,7,816,54.93,0.9,-1.4000000000000001
2014,3,4,14,30,8,724,54.59,0.9,-0.6000000000000001
2014,3,4,15,30,8.4,574,55.58,1.3,0
2014,3,4,16,30,7.9,377,59.230000000000004,1.4000000000000001,0.4
2014,3,4,17,30,5.7,161,73.55,1.2000000000000002,1.3
2014,3,4,18,30,3.6,0,86.66,1.2000000000000002,1.6
2014,3,4,19,30,2.8000000000000003,0,87.61,1.5,0.9
2014,3,4,20,30,2.2,0,89.44,1.5,0.6000000000000001
2014,3,4,21,30,1.5,0,92.55,1.4000000000000001,0.4
2014,3,4,22,30,0.9,0,95.38,1.3,0.2
2014,3,4,23,30,0.6000000000000001,0,96.71000000000001,1.3,0.1
2014,3,5,0,30,0.7000000000000001,0,96.05,1.2000000000000002,0.1
2014,3,5,1,30,0.8,0,95.87,1.1,0.2
2014,3,5,2,30,0.8,0,95.86,1.2000000000000002,0.2
2014,3,5,3,30,0.9,0,95.11,1.4000000000000001,0.2
2014,3,5,4,30,0.8,0,96.41,1.3,0.30000000000000004
2014,3,5,5,30,0.7000000000000001,0,97.31,0.9,0.30000000000000004
2014,3,5,6,30,1.4000000000000001,0,92.89,1.2000000000000002,0.4
2014,3,5,7,30,2.8000000000000003,32,86.33,1.7000000000000002,0.7000000000000001
2014,3,5,8,30,4.4,76,79.7,1.8,1.2000000000000002
2014,3,5,9,30,5.9,202,74.64,1.8,1.7000000000000002
2014,3,5,10,30,7.6000000000000005,161,70.09,1.7000000000000002,2.5
2014,3,5,11,30,9.4,332,66.55,1.7000000000000002,3.5
2014,3,5,12,30,10.9,693,65.09,1.9000000000000001,4.6000000000000005
2014,3,5,13,30,11.5,288,66.83,2,5.5
2014,3,5,14,30,11.4,272,69.74,1.9000000000000001,6.1000000000000005
2014,3,5,15,30,11,218,72.93,1.7000000000000002,6.300000000000001
2014,3,5,16,30,10.3,98,77.34,1.3,6.5
2014,3,5,17,30,9.200000000000001,3,87.04,0.9,7.2
2014,3,5,18,30,8.200000000000001,0,93.55,0.9,7.2
2014,3,5,19,30,7.6000000000000005,0,95.37,0.9,6.9
2014,3,5,20,30,7.300000000000001,0,95.73,1,6.7
2014,3,5,21,30,7.2,0,95.7,1.1,6.6000000000000005
2014,3,5,22,30,7.1000000000000005,0,95.95,1.2000000000000002,6.5
2014,3,5,23,30,7,0,96.02,1.5,6.4
2014,3,6,0,30,6.7,0,96.89,1.9000000000000001,6.2
2014,3,6,1,30,6,0,99.10000000000001,2.2,5.9
2014,3,6,2,30,5.300000000000001,0,99.43,2.5,5.2
2014,3,6,3,30,4.800000000000001,0,98.31,2.7,4.6000000000000005
2014,3,6,4,30,4.3,0,97.81,2.8000000000000003,4
2014,3,6,5,30,3.6,0,98.06,2.6,3.3000000000000003
2014,3,6,6,30,3.6,0,93.65,2.9000000000000004,2.7
2014,3,6,7,30,5.4,96,84.03,3.9000000000000004,2.9000000000000004
2014,3,6,8,30,7.7,107,73.17,4.7,3.2
2014,3,6,9,30,9.8,365,62.96,4.9,3.1
2014,3,6,10,30,11.600000000000001,459,55.5,4.7,3
2014,3,6,11,30,13.200000000000001,695,50.730000000000004,4.3,3.2
2014,3,6,12,30,14.4,648,47.68,3.9000000000000004,3.4000000000000004
2014,3,6,13,30,15.100000000000001,866,45.82,3.4000000000000004,3.5
2014,3,6,14,30,15.4,771,44.75,3,3.4000000000000004
2014,3,6,15,30,15.100000000000001,613,45.04,2.6,3.3000000000000003
2014,3,6,16,30,13.9,407,48.25,1.8,3.1
2014,3,6,17,30,11.3,178,69.73,1.1,6
2014,3,6,18,30,8.8,0,73.26,1.1,4.3
2014,3,6,19,30,7.300000000000001,0,78.21000000000001,1.2000000000000002,3.8000000000000003
2014,3,6,20,30,6.300000000000001,0,82.06,1.3,3.5
2014,3,6,21,30,5.4,0,85.93,1.3,3.2
2014,3,6,22,30,4.7,0,89.08,1.3,3.1
2014,3,6,23,30,4.1000000000000005,0,92.49,1.3,3
2014,3,7,0,30,3.6,0,96.15,1.3,3
2014,3,7,1,30,3.2,0,99.62,1.3,3.1
2014,3,7,2,30,3.1,0,100,1.3,3.1
2014,3,7,3,30,3.1,0,100,1.3,3.1
2014,3,7,4,30,3.1,0,100,1.4000000000000001,3.1
2014,3,7,5,30,3.1,0,100,1.4000000000000001,3.1
2014,3,7,6,30,4,0,97.91,2.1,3.7
2014,3,7,7,30,6.1000000000000005,42,86.29,2.8000000000000003,4
2014,3,7,8,30,8.700000000000001,144,75.32000000000001,3.4000000000000004,4.6000000000000005
2014,3,7,9,30,10.9,299,66.3,3.9000000000000004,4.9
2014,3,7,10,30,12.4,465,60.03,4.2,4.9
2014,3,7,11,30,14,722,54.36,4.5,4.9
2014,3,7,12,30,15.5,756,49.77,5,5.1000000000000005
2014,3,7,13,30,16.5,826,46.96,5.300000000000001,5.1000000000000005
2014,3,7,14,30,16.8,732,46.27,5.300000000000001,5.2
2014,3,7,15,30,16.7,581,46.77,4.800000000000001,5.300000000000001
2014,3,7,16,30,15.700000000000001,368,51.19,3.8000000000000003,5.6000000000000005
2014,3,7,17,30,13.3,109,63.36,2.7,6.5
2014,3,7,18,30,11.5,0,71.62,2.5,6.5
2014,3,7,19,30,11.100000000000001,0,72.57000000000001,2.8000000000000003,6.4
2014,3,7,20,30,10.700000000000001,0,74.96000000000001,3.1,6.4
2014,3,7,21,30,10.3,0,79.26,3.3000000000000003,6.9
2014,3,7,22,30,9.8,0,85.24,3.4000000000000004,7.4
2014,3,7,23,30,9.5,0,90.09,3.5,8
2014,3,8,0,30,9.3,0,94.55,3.6,8.5
2014,3,8,1,30,9,0,99.3,3.5,8.9
2014,3,8,2,30,8.700000000000001,0,100,3,8.700000000000001
2014,3,8,3,30,8.5,0,100,2.3000000000000003,8.5
2014,3,8,4,30,8.5,0,100,1.7000000000000002,8.5
2014,3,8,5,30,9,0,100,1.4000000000000001,9
2014,3,8,6,30,9.9,0,97.28,1.5,9.5
2014,3,8,7,30,11.200000000000001,88,91.88,2,9.9
2014,3,8,8,30,12.200000000000001,42,88.79,2.3000000000000003,10.4
2014,3,8,9,30,13.200000000000001,92,86.06,2.2,10.9
2014,3,8,10,30,14,239,82.98,2.1,11.200000000000001
2014,3,8,11,30,14.5,97,78.42,2.5,10.8
2014,3,8,12,30,14.600000000000001,122,73.44,3.3000000000000003,9.9
2014,3,8,13,30,14.200000000000001,346,68.88,4.1000000000000005,8.6
2014,3,8,14,30,13.4,248,65.5,4.6000000000000005,7.1000000000000005
2014,3,8,15,30,12.5,244,63.65,4.7,5.800000000000001
2014,3,8,16,30,11.200000000000001,111,65.85,4.6000000000000005,5
2014,3,8,17,30,9.600000000000001,150,72.74,4.4,4.9
2014,3,8,18,30,8.200000000000001,0,80.32000000000001,4.5,5
2014,3,8,19,30,7,0,84.56,4.9,4.6000000000000005
2014,3,8,20,30,6.1000000000000005,0,84.81,4.9,3.7
2014,3,8,21,30,5.4,0,85.09,4.6000000000000005,3.1
2014,3,8,22,30,4.9,0,85.60000000000001,4.4,2.7
2014,3,8,23,30,4.5,0,85.79,3.9000000000000004,2.3000000000000003
2014,3,9,0,30,4.1000000000000005,0,86.55,3.4000000000000004,2.1
2014,3,9,1,30,3.9000000000000004,0,86.06,3.3000000000000003,1.8
2014,3,9,2,30,3.6,0,85.89,3.2,1.5
2014,3,9,3,30,3.2,0,86.34,3.2,1.1
2014,3,9,4,30,2.7,0,87.36,3.2,0.8
2014,3,9,5,30,2.5,0,86.86,3.1,0.5
2014,3,9,6,30,2.9000000000000004,0,83.97,3.3000000000000003,0.5
2014,3,9,7,30,4.4,102,76.10000000000001,3.7,0.6000000000000001
2014,3,9,8,30,6.7,174,65.27,4,0.6000000000000001
2014,3,9,9,30,9.3,309,57.620000000000005,3.7,1.4000000000000001
2014,3,9,10,30,11.700000000000001,535,53.89,3.2,2.7
2014,3,9,11,30,13.8,810,51.82,2.6,4.1000000000000005
2014,3,9,12,30,15.4,859,50.99,2,5.300000000000001
2014,3,9,13,30,16.5,835,50.74,1.5,6.300000000000001
2014,3,9,14,30,17,741,51.370000000000005,1.1,6.9
2014,3,9,15,30,17,584,52.56,0.7000000000000001,7.2
2014,3,9,16,30,16.3,385,55.22,0.4,7.300000000000001
2014,3,9,17,30,14.4,168,67.99,0.5,8.6
2014,3,9,18,30,12.200000000000001,0,74.03,0.9,7.7
2014,3,9,19,30,10.5,0,83,1,7.7
2014,3,9,20,30,9.200000000000001,0,91.38,1.1,7.9
2014,3,9,21,30,8.4,0,98.05,1.1,8.1
2014,3,9,22,30,7.800000000000001,0,100,1.1,7.800000000000001
2014,3,9,23,30,7.4,0,100,1.2000000000000002,7.4
2014,3,10,0,30,7,0,100,1.2000000000000002,7
2014,3,10,1,30,6.800000000000001,0,100,1.2000000000000002,6.800000000000001
2014,3,10,2,30,6.7,0,100,1.2000000000000002,6.7
2014,3,10,3,30,6.7,0,100,1.4000000000000001,6.7
2014,3,10,4,30,6.800000000000001,0,100,1.4000000000000001,6.800000000000001
2014,3,10,5,30,6.800000000000001,0,100,1.2000000000000002,6.800000000000001
2014,3,10,6,30,8,0,100,1.4000000000000001,8
2014,3,10,7,30,10.700000000000001,109,84.83,1.6,8.3
2014,3,10,8,30,14.3,324,69.57000000000001,1.7000000000000002,8.8
2014,3,10,9,30,17.8,532,55.77,2.1,8.8
2014,3,10,10,30,19.900000000000002,699,47.32,2.2,8.4
2014,3,10,11,30,21,810,45.28,2.3000000000000003,8.700000000000001
2014,3,10,12,30,21.700000000000003,756,45.32,2.5,9.4
2014,3,10,13,30,22,600,46.9,2.6,10.100000000000001
2014,3,10,14,30,21.900000000000002,735,49.83,2.6,11
2014,3,10,15,30,21.6,581,53.38,2.7,11.700000000000001
2014,3,10,16,30,20.6,385,59.63,2.2,12.5
2014,3,10,17,30,18.2,149,76.73,1.7000000000000002,14
2014,3,10,18,30,16.2,0,85.61,1.7000000000000002,13.8
2014,3,10,19,30,15.5,0,88.4,1.9000000000000001,13.600000000000001
2014,3,10,20,30,15,0,91.03,2.2,13.5
2014,3,10,21,30,14.5,0,94.2,2.4000000000000004,13.600000000000001
2014,3,10,22,30,14,0,97.96000000000001,2.6,13.700000000000001
2014,3,10,23,30,13.600000000000001,0,100,2.6,13.600000000000001
2014,3,11,0,30,13.200000000000001,0,100,2.4000000000000004,13.200000000000001
2014,3,11,1,30,13,0,100,2.2,13
2014,3,11,2,30,12.700000000000001,0,100,2,12.700000000000001
2014,3,11,3,30,12,0,100,1.8,12
2014,3,11,4,30,11.3,0,100,1.7000000000000002,11.3
2014,3,11,5,30,11,0,100,1.8,11
2014,3,11,6,30,12.100000000000001,0,100,2.7,12.100000000000001
2014,3,11,7,30,14.4,116,88.09,3.9000000000000004,12.5
2014,3,11,8,30,16.8,123,77.06,4.4,12.8
2014,3,11,9,30,19.200000000000003,330,66.56,4.7,12.8
2014,3,11,10,30,21.3,720,59.120000000000005,4.800000000000001,13
2014,3,11,11,30,23.200000000000003,841,53.24,4.9,13.200000000000001
2014,3,11,12,30,24.900000000000002,890,47.660000000000004,4.9,13
2014,3,11,13,30,26.1,865,43.18,4.800000000000001,12.600000000000001
2014,3,11,14,30,26.700000000000003,770,40.2,4.7,12.100000000000001
2014,3,11,15,30,26.6,613,39.22,4.3,11.600000000000001
2014,3,11,16,30,24.8,412,46.27,3.7,12.5
2014,3,11,17,30,21.6,187,61.54,3.5,13.9
2014,3,11,18,30,19.3,0,66.21000000000001,3.7,12.8
2014,3,11,19,30,18,0,68.74,3.6,12.200000000000001
2014,3,11,20,30,17,0,69.37,3.1,11.4
2014,3,11,21,30,16.400000000000002,0,64.29,3.6,9.600000000000001
2014,3,11,22,30,15.4,0,58.370000000000005,5.5,7.300000000000001
2014,3,11,23,30,13.8,0,56.82,7,5.4
2014,3,12,0,30,12.200000000000001,0,58.74,7.2,4.4
2014,3,12,1,30,10.8,0,60.19,7.4,3.4000000000000004
2014,3,12,2,30,9.600000000000001,0,61.32,7.6000000000000005,2.5
2014,3,12,3,30,8.5,0,63.63,7.6000000000000005,2
2014,3,12,4,30,7.6000000000000005,0,65.41,7.5,1.5
2014,3,12,5,30,6.9,0,66.83,7.2,1.2000000000000002
2014,3,12,6,30,6.9,0,65.05,7.2,0.8
2014,3,12,7,30,8.1,130,58.11,7.6000000000000005,0.4
2014,3,12,8,30,10,359,48.13,8,-0.5
2014,3,12,9,30,11.8,577,39.65,8.1,-1.5
2014,3,12,10,30,13.5,751,32.93,7.9,-2.5
2014,3,12,11,30,14.9,870,28.25,7.5,-3.3000000000000003
2014,3,12,12,30,15.9,916,25.45,7.1000000000000005,-3.9000000000000004
2014,3,12,13,30,16.5,889,24.01,6.6000000000000005,-4.2
2014,3,12,14,30,16.6,793,23.7,6.2,-4.2
2014,3,12,15,30,16.3,634,24.1,5.6000000000000005,-4.3
2014,3,12,16,30,15.100000000000001,429,26.07,4.4,-4.2
2014,3,12,17,30,12,197,35.37,2.8000000000000003,-2.9000000000000004
2014,3,12,18,30,9,0,53.29,1.9000000000000001,0
2014,3,12,19,30,7.800000000000001,0,57.800000000000004,1.9000000000000001,0
2014,3,12,20,30,6.9,0,60.63,1.9000000000000001,-0.2
2014,3,12,21,30,6.1000000000000005,0,63.46,1.8,-0.30000000000000004
2014,3,12,22,30,5.4,0,66.22,1.7000000000000002,-0.4
2014,3,12,23,30,4.800000000000001,0,69.18,1.5,-0.4
2014,3,13,0,30,4.3,0,71.66,1.4000000000000001,-0.4
2014,3,13,1,30,3.9000000000000004,0,72.65,1.3,-0.6000000000000001
2014,3,13,2,30,3.8000000000000003,0,71.21000000000001,1.2000000000000002,-0.9
2014,3,13,3,30,3.9000000000000004,0,68.57000000000001,1.1,-1.4000000000000001
2014,3,13,4,30,4.1000000000000005,0,65.81,1,-1.7000000000000002
2014,3,13,5,30,4.5,0,62.300000000000004,0.8,-2.1
2014,3,13,6,30,5.4,0,57.800000000000004,0.5,-2.3000000000000003
2014,3,13,7,30,7.4,141,57.35,0.5,-0.5
2014,3,13,8,30,11,376,44.32,0.8,-0.7000000000000001
2014,3,13,9,30,14.5,592,34.19,1.4000000000000001,-1.1
2014,3,13,10,30,16.400000000000002,768,29.27,1.8,-1.6
2014,3,13,11,30,17.5,880,28.75,2.1,-0.9
2014,3,13,12,30,18.3,927,28.43,2.5,-0.30000000000000004
2014,3,13,13,30,18.8,895,28.2,2.8000000000000003,0
2014,3,13,14,30,18.900000000000002,794,28.27,3,0.1
2014,3,13,15,30,18.5,633,29.17,3.1,0.2
2014,3,13,16,30,17,424,32.2,2.6,0.30000000000000004
2014,3,13,17,30,13.700000000000001,194,49.39,2,3.3000000000000003
2014,3,13,18,30,11.100000000000001,0,61.230000000000004,2.1,3.9000000000000004
2014,3,13,19,30,10.4,0,61.32,2.7,3.3000000000000003
2014,3,13,20,30,9.8,0,62.92,3,3.1
2014,3,13,21,30,9,0,66.38,3,3.1
2014,3,13,22,30,8.200000000000001,0,70.68,2.9000000000000004,3.2
2014,3,13,23,30,7.6000000000000005,0,74.14,2.9000000000000004,3.3000000000000003
2014,3,14,0,30,7.2,0,77.64,2.9000000000000004,3.6
2014,3,14,1,30,6.9,0,82.68,2.9000000000000004,4.2
2014,3,14,2,30,6.6000000000000005,0,89.89,2.8000000000000003,5.1000000000000005
2014,3,14,3,30,6.5,0,95.99000000000001,2.8000000000000003,5.9
2014,3,14,4,30,6.6000000000000005,0,98.55,2.9000000000000004,6.4
2014,3,14,5,30,6.9,0,97.98,2.9000000000000004,6.6000000000000005
2014,3,14,6,30,7.300000000000001,0,95.62,2.7,6.6000000000000005
2014,3,14,7,30,8.200000000000001,125,90.41,2.7,6.7
2014,3,14,8,30,10.600000000000001,342,80.42,3.1,7.4
2014,3,14,9,30,14.8,214,69.38,4.4,9.200000000000001
2014,3,14,10,30,18.3,353,62.49,5.2,11
2014,3,14,11,30,20.400000000000002,569,56.18,5.1000000000000005,11.4
2014,3,14,12,30,21.700000000000003,286,52.71,4.800000000000001,11.600000000000001
2014,3,14,13,30,22.6,640,50.85,4.5,11.9
2014,3,14,14,30,22.900000000000002,750,51,4.3,12.200000000000001
2014,3,14,15,30,22.5,427,53.18,3.9000000000000004,12.5
2014,3,14,16,30,21.200000000000003,300,59.06,3.2,12.9
2014,3,14,17,30,19,102,72.60000000000001,2.6,14
2014,3,14,18,30,17.400000000000002,0,81.9,2.7,14.3
2014,3,14,19,30,16.7,0,86.86,2.9000000000000004,14.5
2014,3,14,20,30,16.1,0,91.81,2.8000000000000003,14.8
2014,3,14,21,30,15.8,0,94.55,2.9000000000000004,14.9
2014,3,14,22,30,15.5,0,97.04,3,15
2014,3,14,23,30,15.200000000000001,0,98.95,2.9000000000000004,15
2014,3,15,0,30,14.9,0,100,2.7,14.9
2014,3,15,1,30,14.600000000000001,0,100,2.6,14.600000000000001
2014,3,15,2,30,14.4,0,100,2.4000000000000004,14.4
2014,3,15,3,30,14.200000000000001,0,100,2,14.200000000000001
2014,3,15,4,30,14,0,100,1.7000000000000002,14
2014,3,15,5,30,14,0,100,1.5,14
2014,3,15,6,30,14.4,0,99.35000000000001,1.5,14.3
2014,3,15,7,30,15.3,17,94.85000000000001,1.7000000000000002,14.5
2014,3,15,8,30,16.400000000000002,138,90.62,2.1,14.9
2014,3,15,9,30,17.5,230,88.11,2.4000000000000004,15.5
2014,3,15,10,30,18.7,273,85.73,2.8000000000000003,16.3
2014,3,15,11,30,19.700000000000003,216,83.51,3,16.8
2014,3,15,12,30,20.5,34,81.37,3.3000000000000003,17.2
2014,3,15,13,30,20.900000000000002,207,79.66,3.5,17.3
2014,3,15,14,30,20.900000000000002,125,80.14,3.6,17.3
2014,3,15,15,30,20.5,104,83.89,3.1,17.7
2014,3,15,16,30,19.900000000000002,255,89.3,2.5,18.1
2014,3,15,17,30,18.7,120,96.63,1.8,18.2
2014,3,15,18,30,17.1,0,100,1.4000000000000001,17.1
2014,3,15,19,30,16.2,0,100,1.3,16.2
2014,3,15,20,30,15.4,0,100,1.2000000000000002,15.4
2014,3,15,21,30,14.600000000000001,0,100,1.2000000000000002,14.600000000000001
2014,3,15,22,30,13.9,0,100,1.2000000000000002,13.9
2014,3,15,23,30,13.3,0,100,1.1,13.3
2014,3,16,0,30,12.600000000000001,0,100,1,12.600000000000001
2014,3,16,1,30,12.4,0,100,1.7000000000000002,12.4
2014,3,16,2,30,12.600000000000001,0,100,3,12.600000000000001
2014,3,16,3,30,12.5,0,100,4.1000000000000005,12.5
2014,3,16,4,30,11.700000000000001,0,99.86,4.6000000000000005,11.700000000000001
2014,3,16,5,30,10.4,0,98.45,4.800000000000001,10.200000000000001
2014,3,16,6,30,9.700000000000001,0,93.85000000000001,5.4,8.8
2014,3,16,7,30,9.9,25,86.21000000000001,6.5,7.7
2014,3,16,8,30,11,80,70.10000000000001,7.300000000000001,5.800000000000001
2014,3,16,9,30,12,479,58.49,7.7,4.1000000000000005
2014,3,16,10,30,12.3,496,54.71,7.9,3.4000000000000004
2014,3,16,11,30,12.4,545,52.82,8,3
2014,3,16,12,30,12.700000000000001,484,50.370000000000005,8,2.6
2014,3,16,13,30,13,511,48.550000000000004,8.1,2.4000000000000004
2014,3,16,14,30,12.700000000000001,217,48.33,8,2.1
2014,3,16,15,30,11.700000000000001,194,49.65,7.9,1.5
2014,3,16,16,30,10.4,119,51.59,7.4,0.8
2014,3,16,17,30,8.9,36,55.15,6.6000000000000005,0.4
2014,3,16,18,30,7.7,4,59.22,5.800000000000001,0.2
2014,3,16,19,30,6.7,0,63.550000000000004,5.5,0.30000000000000004
2014,3,16,20,30,5.9,0,67.26,5.2,0.30000000000000004
2014,3,16,21,30,5.4,0,69.92,5,0.30000000000000004
2014,3,16,22,30,5,0,71.95,4.800000000000001,0.4
2014,3,16,23,30,4.4,0,74.7,4.5,0.30000000000000004
2014,3,17,0,30,3.9000000000000004,0,77.11,4,0.30000000000000004
2014,3,17,1,30,3.3000000000000003,0,80.43,3.4000000000000004,0.30000000000000004
2014,3,17,2,30,2.8000000000000003,0,83.69,2.9000000000000004,0.30000000000000004
2014,3,17,3,30,2.3000000000000003,0,86.41,2.6,0.30000000000000004
2014,3,17,4,30,1.7000000000000002,0,89.37,2.2,0.1
2014,3,17,5,30,1.2000000000000002,0,90.95,2,-0.1
2014,3,17,6,30,2.2,0,82.73,2.6,-0.4
2014,3,17,7,30,4.800000000000001,158,67.22,3.2,-0.8
2014,3,17,8,30,7.7,395,48.370000000000005,3.1,-2.5
2014,3,17,9,30,10.200000000000001,615,38.96,2.8000000000000003,-3.2
2014,3,17,10,30,12.3,790,34.79,2.5,-2.8000000000000003
2014,3,17,11,30,14.200000000000001,906,32.28,2.3000000000000003,-2.2
2014,3,17,12,30,15.700000000000001,950,30.67,2,-1.5
2014,3,17,13,30,16.900000000000002,917,28.95,1.8,-1.3
2014,3,17,14,30,17.5,818,27.73,1.5,-1.4000000000000001
2014,3,17,15,30,17.6,656,27.21,1.3,-1.5
2014,3,17,16,30,16.6,446,28.98,1.1,-1.5
2014,3,17,17,30,13.3,165,48.95,1.1,2.8000000000000003
2014,3,17,18,30,10.100000000000001,8,63.93,1.4000000000000001,3.6
2014,3,17,19,30,9,0,61.54,1.9000000000000001,2
2014,3,17,20,30,8.8,0,59.160000000000004,2.6,1.3
2014,3,17,21,30,8.5,0,59.22,3.3000000000000003,1
2014,3,17,22,30,7.800000000000001,0,63.370000000000005,3.7,1.3
2014,3,17,23,30,7.2,0,68.42,3.9000000000000004,1.8
2014,3,18,0,30,6.5,0,74.03,4,2.2
2014,3,18,1,30,6,0,78.29,4.1000000000000005,2.5
2014,3,18,2,30,5.6000000000000005,0,81.49,4.1000000000000005,2.7
2014,3,18,3,30,5.4,0,83.77,4.2,2.9000000000000004
2014,3,18,4,30,5.300000000000001,0,86.16,4.4,3.2
2014,3,18,5,30,5.2,0,89.58,4.5,3.6
2014,3,18,6,30,6.2,0,86.95,4.9,4.2
2014,3,18,7,30,9.1,155,75.77,5.9,5
2014,3,18,8,30,13.100000000000001,387,61.33,7,5.800000000000001
2014,3,18,9,30,16.900000000000002,605,48.18,7.6000000000000005,5.9
2014,3,18,10,30,20.200000000000003,778,39.67,7.6000000000000005,6
2014,3,18,11,30,22.8,892,34.58,7.300000000000001,6.4
2014,3,18,12,30,24.900000000000002,932,30.96,6.800000000000001,6.6000000000000005
2014,3,18,13,30,26.200000000000003,904,28.93,6.4,6.7
2014,3,18,14,30,26.700000000000003,805,28.22,6,6.800000000000001
2014,3,18,15,30,26.200000000000003,640,29.62,5.6000000000000005,7.1000000000000005
2014,3,18,16,30,24.3,433,36.12,5.2,8.3
2014,3,18,17,30,21.3,203,47.52,4.9,9.700000000000001
2014,3,18,18,30,18.7,7,56.63,4.7,9.9
2014,3,18,19,30,16.900000000000002,0,65.89,4.2,10.5
2014,3,18,20,30,15.200000000000001,0,76.96000000000001,3.2,11.200000000000001
2014,3,18,21,30,13.700000000000001,0,84.72,2.2,11.200000000000001
2014,3,18,22,30,12.5,0,86.98,1.6,10.4
2014,3,18,23,30,11.700000000000001,0,83.75,1.7000000000000002,9
2014,3,19,0,30,11.200000000000001,0,74.3,2.5,6.800000000000001
2014,3,19,1,30,10.200000000000001,0,66.93,3.4000000000000004,4.3
2014,3,19,2,30,8.8,0,65.56,3.6,2.7
2014,3,19,3,30,7.6000000000000005,0,67.01,3.3000000000000003,1.9000000000000001
2014,3,19,4,30,6.5,0,70.48,3,1.5
2014,3,19,5,30,5.9,0,71.8,3,1.2000000000000002
2014,3,19,6,30,6.5,0,67.27,3.6,0.9
2014,3,19,7,30,8.700000000000001,161,56.74,4.9,0.6000000000000001
2014,3,19,8,30,11.100000000000001,343,45.300000000000004,5.5,-0.30000000000000004
2014,3,19,9,30,13.200000000000001,555,40.04,5.1000000000000005,-0.1
2014,3,19,10,30,15.100000000000001,658,37.22,4.4,0.6000000000000001
2014,3,19,11,30,16.7,756,35.58,3.8000000000000003,1.4000000000000001
2014,3,19,12,30,17.900000000000002,759,34.61,3.5,2.1
2014,3,19,13,30,18.7,699,33.980000000000004,3.3000000000000003,2.5
2014,3,19,14,30,18.7,627,34.28,3.2,2.6
2014,3,19,15,30,18.1,477,35.31,2.9000000000000004,2.5
2014,3,19,16,30,16.7,325,39.63,2,2.9000000000000004
2014,3,19,17,30,14.3,109,60.120000000000005,1.3,6.7
2014,3,19,18,30,12.100000000000001,7,71.31,1.1,7.1000000000000005
2014,3,19,19,30,11.100000000000001,0,72.26,1.2000000000000002,6.300000000000001
2014,3,19,20,30,10.200000000000001,0,72.93,1.2000000000000002,5.6000000000000005
2014,3,19,21,30,9.3,0,73.66,1.2000000000000002,4.800000000000001
2014,3,19,22,30,8.4,0,75.71000000000001,1.3,4.4
2014,3,19,23,30,7.6000000000000005,0,77.88,1.3,4
2014,3,20,0,30,7,0,79.12,1.4000000000000001,3.6
2014,3,20,1,30,6.4,0,80.08,1.4000000000000001,3.2
2014,3,20,2,30,5.9,0,80.51,1.4000000000000001,2.8000000000000003
2014,3,20,3,30,5.4,0,81.19,1.3,2.4000000000000004
2014,3,20,4,30,4.9,0,82.33,1.3,2.1
2014,3,20,5,30,4.7,0,82.05,1.2000000000000002,1.9000000000000001
2014,3,20,6,30,6.1000000000000005,0,74.55,1.4000000000000001,1.9000000000000001
2014,3,20,7,30,9,167,67.3,1.4000000000000001,3.3000000000000003
2014,3,20,8,30,12.8,401,53.58,1.4000000000000001,3.6
2014,3,20,9,30,16.400000000000002,620,41.04,1.4000000000000001,3.1
2014,3,20,10,30,18.400000000000002,795,34.730000000000004,1.1,2.5
2014,3,20,11,30,19.900000000000002,909,32.95,0.7000000000000001,3.1
2014,3,20,12,30,21.200000000000003,954,30.87,0.6000000000000001,3.3000000000000003
2014,3,20,13,30,22,925,29.17,0.9,3.2
2014,3,20,14,30,22.400000000000002,820,28.52,1.4000000000000001,3.3000000000000003
2014,3,20,15,30,22.1,652,29.23,1.7000000000000002,3.3000000000000003
2014,3,20,16,30,20.700000000000003,444,32.6,1.5,3.7
2014,3,20,17,30,17.2,214,56.47,1.3,8.5
2014,3,20,18,30,14,17,64.72,1.6,7.5
2014,3,20,19,30,12.9,0,64.1,1.9000000000000001,6.300000000000001
2014,3,20,20,30,12.3,0,65.29,2.1,6
2014,3,20,21,30,11.8,0,67.4,2.2,6
2014,3,20,22,30,11.3,0,70.19,2.3000000000000003,6.1000000000000005
2014,3,20,23,30,10.8,0,73.12,2.4000000000000004,6.2
2014,3,21,0,30,10.700000000000001,0,74.65,2.5,6.4
2014,3,21,1,30,10.3,0,78.45,2.5,6.7
2014,3,21,2,30,9.5,0,84.52,2.4000000000000004,7
2014,3,21,3,30,8.8,0,91.27,2.3000000000000003,7.5
2014,3,21,4,30,8.3,0,99.28,2.1,8.200000000000001
2014,3,21,5,30,8.4,0,100,2.2,8.4
2014,3,21,6,30,10,0,95.91,2.9000000000000004,9.4
2014,3,21,7,30,13.200000000000001,139,81.42,3.7,10.100000000000001
2014,3,21,8,30,16.900000000000002,336,70.04,4.4,11.4
2014,3,21,9,30,20.400000000000002,459,61.660000000000004,5.4,12.8
2014,3,21,10,30,22.900000000000002,725,56.06,6,13.700000000000001
2014,3,21,11,30,24.5,821,54.370000000000005,6.2,14.700000000000001
2014,3,21,12,30,25.5,430,53.39,6.2,15.3
2014,3,21,13,30,26.1,616,52.67,6,15.700000000000001
2014,3,21,14,30,26.200000000000003,568,52.72,5.7,15.8
2014,3,21,15,30,25.900000000000002,503,53.67,5.1000000000000005,15.8
2014,3,21,16,30,24.8,293,57.61,4.3,15.9
2014,3,21,17,30,22.900000000000002,115,66.46000000000001,3.8000000000000003,16.3
2014,3,21,18,30,21,10,74.71000000000001,4.1000000000000005,16.3
2014,3,21,19,30,19.8,0,80.18,4.5,16.3
2014,3,21,20,30,18.7,0,86.21000000000001,4.6000000000000005,16.3
2014,3,21,21,30,17.7,0,91.86,4.1000000000000005,16.400000000000002
2014,3,21,22,30,16.7,0,97.22,3.5,16.3
2014,3,21,23,30,16.2,0,98.82000000000001,3.1,16
2014,3,22,0,30,16,0,98.72,2.9000000000000004,15.8
2014,3,22,1,30,15.9,0,98.49000000000001,2.6,15.700000000000001
2014,3,22,2,30,15.8,0,98.53,2.4000000000000004,15.600000000000001
2014,3,22,3,30,15.700000000000001,0,98.77,2.3000000000000003,15.5
2014,3,22,4,30,15.4,0,100,2,15.4
2014,3,22,5,30,15.3,0,100,1.9000000000000001,15.3
2014,3,22,6,30,16,0,96.35000000000001,2.2,15.4
2014,3,22,7,30,17.400000000000002,32,89.18,2.4000000000000004,15.600000000000001
2014,3,22,8,30,19.3,93,82.44,2.2,16.2
2014,3,22,9,30,21,254,79.21000000000001,2.1,17.3
2014,3,22,10,30,22.200000000000003,186,76.89,2.1,18
2014,3,22,11,30,23,281,74.41,2.2,18.2
2014,3,22,12,30,23.3,368,73.43,2.4000000000000004,18.3
2014,3,22,13,30,23.3,525,73.51,2.4000000000000004,18.3
2014,3,22,14,30,22.900000000000002,528,75.32000000000001,2.3000000000000003,18.3
2014,3,22,15,30,22.3,273,78.31,2,18.3
2014,3,22,16,30,21.5,28,82.2,1.3,18.3
2014,3,22,17,30,20.200000000000003,102,89.99,0.7000000000000001,18.5
2014,3,22,18,30,18.900000000000002,8,93.88,1,17.900000000000002
2014,3,22,19,30,17.8,0,94.66,2.1,16.900000000000002
2014,3,22,20,30,16.5,0,95.67,3.6,15.8
2014,3,22,21,30,14.8,0,94.71000000000001,4.6000000000000005,14
2014,3,22,22,30,13.100000000000001,0,91.08,4.9,11.700000000000001
2014,3,22,23,30,11.8,0,85.51,4.7,9.4
2014,3,23,0,30,10.9,0,82.68,4.2,8.1
2014,3,23,1,30,10.3,0,83.03,3.9000000000000004,7.5
2014,3,23,2,30,10,0,84,4,7.4
2014,3,23,3,30,9.8,0,84.59,4.2,7.300000000000001
2014,3,23,4,30,9.8,0,83.65,4.6000000000000005,7.2
2014,3,23,5,30,9.8,0,81.76,5,6.800000000000001
2014,3,23,6,30,10.100000000000001,0,76.41,5.6000000000000005,6.1000000000000005
2014,3,23,7,30,10.600000000000001,4,69,6.1000000000000005,5.1000000000000005
2014,3,23,8,30,11.600000000000001,124,61.83,6.4,4.5
2014,3,23,9,30,12.8,95,57.88,6.2,4.7
2014,3,23,10,30,14,254,55.230000000000004,6,5.2
2014,3,23,11,30,15,297,53.4,5.6000000000000005,5.6000000000000005
2014,3,23,12,30,15.4,154,53.17,5.300000000000001,5.9
2014,3,23,13,30,15.200000000000001,122,54.65,5,6.1000000000000005
2014,3,23,14,30,14.600000000000001,205,57.61,4.5,6.300000000000001
2014,3,23,15,30,14.100000000000001,243,60.53,3.9000000000000004,6.6000000000000005
2014,3,23,16,30,13.700000000000001,64,62.78,3.1,6.7
2014,3,23,17,30,12.200000000000001,31,69.05,1.9000000000000001,6.7
2014,3,23,18,30,10.4,9,84.18,1,7.800000000000001
2014,3,23,19,30,9.600000000000001,0,85.76,0.9,7.300000000000001
2014,3,23,20,30,9.1,0,85.48,0.9,6.800000000000001
2014,3,23,21,30,8.5,0,86.71000000000001,0.9,6.4
2014,3,23,22,30,7.800000000000001,0,88.4,1,6
2014,3,23,23,30,7.1000000000000005,0,89.3,1,5.5
2014,3,24,0,30,6.6000000000000005,0,89.21000000000001,1,4.9
2014,3,24,1,30,6.300000000000001,0,90.63,1,4.9
2014,3,24,2,30,5.800000000000001,0,93.45,1,4.800000000000001
2014,3,24,3,30,5.4,0,95.73,1,4.800000000000001
2014,3,24,4,30,5.2,0,97.14,1,4.800000000000001
2014,3,24,5,30,5.1000000000000005,0,97.94,1,4.800000000000001
2014,3,24,6,30,6.300000000000001,0,90.66,1.6,4.9
2014,3,24,7,30,9,35,80.27,2.1,5.800000000000001
2014,3,24,8,30,11.8,99,64.16,1.9000000000000001,5.2
2014,3,24,9,30,14.200000000000001,238,52.1,1.5,4.5
2014,3,24,10,30,15.9,786,47.910000000000004,1.4000000000000001,4.9
2014,3,24,11,30,17.1,763,45.980000000000004,1.6,5.4
2014,3,24,12,30,17.8,757,44.75,1.9000000000000001,5.6000000000000005
2014,3,24,13,30,18.400000000000002,902,43.44,2.1,5.7
2014,3,24,14,30,18.7,712,43.09,2.2,5.9
2014,3,24,15,30,18.8,568,43.26,2,6
2014,3,24,16,30,18.1,440,45.46,1.6,6.1000000000000005
2014,3,24,17,30,15.9,214,58.31,1.1,7.7
2014,3,24,18,30,13.4,21,73.23,1,8.700000000000001
2014,3,24,19,30,11.8,0,75.10000000000001,1.1,7.5
2014,3,24,20,30,10.600000000000001,0,79.60000000000001,1.1,7.2
2014,3,24,21,30,9.8,0,81.48,1.1,6.800000000000001
2014,3,24,22,30,9.200000000000001,0,82.37,1.1,6.4
2014,3,24,23,30,8.700000000000001,0,82.60000000000001,1.1,5.9
2014,3,25,0,30,8.6,0,80.73,1.1,5.5
2014,3,25,1,30,8.6,0,79.06,0.9,5.2
2014,3,25,2,30,7.9,0,82.52,0.9,5.1000000000000005
2014,3,25,3,30,6.6000000000000005,0,90.76,1.4000000000000001,5.2
2014,3,25,4,30,6,0,95.56,2.5,5.300000000000001
2014,3,25,5,30,5.800000000000001,0,95.89,3.4000000000000004,5.2
2014,3,25,6,30,6.1000000000000005,0,89.65,4,4.5
2014,3,25,7,30,8,182,72.8,4.5,3.4000000000000004
2014,3,25,8,30,10.8,416,54.89,4.800000000000001,2.1
2014,3,25,9,30,13.5,631,43.19,4.800000000000001,1.2000000000000002
2014,3,25,10,30,15.600000000000001,807,36.4,4.6000000000000005,0.7000000000000001
2014,3,25,11,30,17,920,32.230000000000004,4.3,0.30000000000000004
2014,3,25,12,30,18,963,28.87,4.1000000000000005,-0.4
2014,3,25,13,30,18.400000000000002,933,27.14,3.8000000000000003,-0.9
2014,3,25,14,30,18.400000000000002,833,26.79,3.5,-1.1
2014,3,25,15,30,18,669,27.560000000000002,3.3000000000000003,-1
2014,3,25,16,30,16.8,458,29.810000000000002,2.7,-1
2014,3,25,17,30,13.8,222,42.07,1.8,1.1
2014,3,25,18,30,10.9,23,62.660000000000004,1.5,4.1000000000000005
2014,3,25,19,30,9.9,0,64.82000000000001,1.7000000000000002,3.6
2014,3,25,20,30,9.4,0,66.4,1.8,3.5
2014,3,25,21,30,8.9,0,68.08,2,3.3000000000000003
2014,3,25,22,30,8.4,0,69.55,2.2,3.2
2014,3,25,23,30,7.9,0,71.07000000000001,2.4000000000000004,3
2014,3,26,0,30,7.1000000000000005,0,74.66,2.4000000000000004,2.9000000000000004
2014,3,26,1,30,6.300000000000001,0,79.35000000000001,2.3000000000000003,3
2014,3,26,2,30,6.2,0,80.69,2.2,3.1
2014,3,26,3,30,6.5,0,81.39,2,3.5
2014,3,26,4,30,6.7,0,83.87,1.7000000000000002,4.2
2014,3,26,5,30,7,0,86.05,1.6,4.800000000000001
2014,3,26,6,30,7.6000000000000005,0,85.67,2,5.4
2014,3,26,7,30,8.9,41,81.57000000000001,2.6,5.9
2014,3,26,8,30,11,144,73.47,3.3000000000000003,6.4
2014,3,26,9,30,13.4,71,64.03,4.2,6.7
2014,3,26,10,30,15.200000000000001,313,57.94,5.2,7
2014,3,26,11,30,16.6,604,56.36,6.1000000000000005,7.9
2014,3,26,12,30,17.7,687,57.36,6.9,9.200000000000001
2014,3,26,13,30,18.2,550,59.4,7.2,10.200000000000001
2014,3,26,14,30,18.1,97,62.07,6.800000000000001,10.700000000000001
2014,3,26,15,30,17.7,85,65.08,6.1000000000000005,11.100000000000001
2014,3,26,16,30,17.3,115,67.97,5.4,11.3
2014,3,26,17,30,16.5,71,72.75,4.9,11.600000000000001
2014,3,26,18,30,15.8,8,76.9,5.1000000000000005,11.8
2014,3,26,19,30,15.200000000000001,0,80.18,5.6000000000000005,11.8
2014,3,26,20,30,14.700000000000001,0,82.97,6,11.8
2014,3,26,21,30,14.200000000000001,0,86.05,6.300000000000001,11.9
2014,3,26,22,30,13.700000000000001,0,89.52,6.2,12
2014,3,26,23,30,13.5,0,91.75,5.9,12.200000000000001
2014,3,27,0,30,13.5,0,93.24,5.7,12.4
2014,3,27,1,30,13.8,0,93.36,5.6000000000000005,12.700000000000001
2014,3,27,2,30,14.100000000000001,0,94.13,5.6000000000000005,13.200000000000001
2014,3,27,3,30,14.4,0,95.39,5.300000000000001,13.700000000000001
2014,3,27,4,30,14.700000000000001,0,95.93,5.1000000000000005,14.100000000000001
2014,3,27,5,30,15,0,96.02,4.9,14.4
2014,3,27,6,30,15.8,0,93.06,4.9,14.700000000000001
2014,3,27,7,30,17.3,6,87.74,5,15.200000000000001
2014,3,27,8,30,19.3,78,81.28,5.2,16
2014,3,27,9,30,21.200000000000003,93,75.68,5.7,16.7
2014,3,27,10,30,23.200000000000003,139,69.95,6.1000000000000005,17.400000000000002
2014,3,27,11,30,25.1,154,63.95,6.1000000000000005,17.8
2014,3,27,12,30,26.700000000000003,367,57.61,5.7,17.6
2014,3,27,13,30,27.900000000000002,424,51.64,5.2,17
2014,3,27,14,30,28.5,800,47.02,4.6000000000000005,16.1
2014,3,27,15,30,28.3,638,44.78,4,15.200000000000001
2014,3,27,16,30,26.900000000000002,436,47.4,3.1,14.8
2014,3,27,17,30,23.900000000000002,214,64.1,2.7,16.7
2014,3,27,18,30,21.400000000000002,24,75.92,3.4000000000000004,17
2014,3,27,19,30,20.400000000000002,0,84.61,4.1000000000000005,17.7
2014,3,27,20,30,19.6,0,94.34,4.1000000000000005,18.7
2014,3,27,21,30,18.900000000000002,0,100,3.8000000000000003,18.900000000000002
2014,3,27,22,30,18.3,0,100,3.3000000000000003,18.3
2014,3,27,23,30,17.6,0,100,2.7,17.6
2014,3,28,0,30,16.900000000000002,0,100,2.4000000000000004,16.900000000000002
2014,3,28,1,30,16.3,0,100,2.2,16.3
2014,3,28,2,30,15.9,0,100,2.1,15.9
2014,3,28,3,30,15.600000000000001,0,100,2.1,15.600000000000001
2014,3,28,4,30,15.100000000000001,0,100,1.8,15.100000000000001
2014,3,28,5,30,14.8,0,100,1.6,14.8
2014,3,28,6,30,16.5,12,99.14,1.9000000000000001,16.400000000000002
2014,3,28,7,30,19.5,116,87.08,2.5,17.3
2014,3,28,8,30,22.3,196,79.25,2.7,18.5
2014,3,28,9,30,24.6,222,69.42,2.5,18.6
2014,3,28,10,30,26,552,59.65,2.1,17.5
2014,3,28,11,30,26.900000000000002,679,53.83,1.7000000000000002,16.8
2014,3,28,12,30,27.8,446,49.58,1.3,16.3
2014,3,28,13,30,28.5,159,46.68,1.1,16
2014,3,28,14,30,28.6,63,45.4,1.1,15.600000000000001
2014,3,28,15,30,28,93,46.17,1,15.4
2014,3,28,16,30,26.700000000000003,30,50.19,1.1,15.5
2014,3,28,17,30,23.8,175,61.550000000000004,1.6,16
2014,3,28,18,30,20.5,25,72.71000000000001,2.7,15.4
2014,3,28,19,30,18.3,0,74.17,3.9000000000000004,13.600000000000001
2014,3,28,20,30,16.5,0,77.77,4.6000000000000005,12.600000000000001
2014,3,28,21,30,14.9,0,79.81,4.800000000000001,11.4
2014,3,28,22,30,13.4,0,77.89,4.5,9.600000000000001
2014,3,28,23,30,12.100000000000001,0,75.07000000000001,4,7.800000000000001
2014,3,29,0,30,11.100000000000001,0,73.92,3.6,6.6000000000000005
2014,3,29,1,30,10.3,0,75.48,3.4000000000000004,6.2
2014,3,29,2,30,9.8,0,77.52,3.4000000000000004,6.1000000000000005
2014,3,29,3,30,9.3,0,80.54,3.5,6.1000000000000005
2014,3,29,4,30,8.8,0,84.67,3.5,6.4
2014,3,29,5,30,8.3,0,88.84,3.4000000000000004,6.6000000000000005
2014,3,29,6,30,8.9,15,86.02,3.4000000000000004,6.7
2014,3,29,7,30,11.3,205,74.93,3.7,7
2014,3,29,8,30,14.700000000000001,439,62.56,3.9000000000000004,7.6000000000000005
2014,3,29,9,30,17.900000000000002,658,51.17,4.1000000000000005,7.7
2014,3,29,10,30,20.5,825,38.13,4.1000000000000005,5.7
2014,3,29,11,30,22,935,31.830000000000002,3.8000000000000003,4.5
2014,3,29,12,30,22.8,974,29.8,3.4000000000000004,4.2
2014,3,29,13,30,23.3,941,28.94,3.2,4.2
2014,3,29,14,30,23.3,838,28.8,3,4.2
2014,3,29,15,30,22.900000000000002,673,29.28,2.7,4.1000000000000005
2014,3,29,16,30,21.8,465,30.92,2,3.9000000000000004
2014,3,29,17,30,18.7,232,47.82,1.3,7.4
2014,3,29,18,30,15.5,17,66.68,1.2000000000000002,9.3
2014,3,29,19,30,14,0,65.95,1.3,7.7
2014,3,29,20,30,13.100000000000001,0,67.66,1.4000000000000001,7.300000000000001
2014,3,29,21,30,12.3,0,69.68,1.4000000000000001,6.9
2014,3,29,22,30,11.700000000000001,0,71.64,1.4000000000000001,6.7
2014,3,29,23,30,11.100000000000001,0,73.89,1.4000000000000001,6.6000000000000005
2014,3,30,0,30,10.5,0,76.11,1.3,6.5
2014,3,30,1,30,9.9,0,77.93,1.3,6.2
2014,3,30,2,30,9.4,0,79,1.3,5.9
2014,3,30,3,30,9,0,79.98,1.3,5.7
2014,3,30,4,30,8.700000000000001,0,80.79,1.3,5.6000000000000005
2014,3,30,5,30,8.700000000000001,0,80.22,1.5,5.5
2014,3,30,6,30,10.200000000000001,17,74.09,2.3000000000000003,5.800000000000001
2014,3,30,7,30,12.8,206,65.09,2.9000000000000004,6.4
2014,3,30,8,30,16.2,438,57.45,3.1,7.800000000000001
2014,3,30,9,30,19.8,647,46.6,4.2,8
2014,3,30,10,30,21.900000000000002,812,34.64,4.7,5.6000000000000005
2014,3,30,11,30,23.200000000000003,916,31.970000000000002,4.7,5.6000000000000005
2014,3,30,12,30,24.200000000000003,958,30.740000000000002,4.800000000000001,5.9
2014,3,30,13,30,24.8,927,30.28,5,6.2
2014,3,30,14,30,24.900000000000002,825,30.71,5.2,6.5
2014,3,30,15,30,24.3,663,32.44,5.300000000000001,6.7
2014,3,30,16,30,23,457,36.37,4.800000000000001,7.300000000000001
2014,3,30,17,30,20.3,229,46.83,3.9000000000000004,8.6
2014,3,30,18,30,17.6,30,60.1,3.5,9.8
2014,3,30,19,30,16.1,0,67.55,3.8000000000000003,10.100000000000001
2014,3,30,20,30,15,0,72.09,4.2,10
2014,3,30,21,30,13.9,0,76.08,4.4,9.8
2014,3,30,22,30,12.9,0,80.43,4.2,9.600000000000001
2014,3,30,23,30,12.100000000000001,0,85.35000000000001,3.9000000000000004,9.700000000000001
2014,3,31,0,30,11.5,0,90.36,3.7,10
2014,3,31,1,30,11.100000000000001,0,94.71000000000001,3.7,10.3
2014,3,31,2,30,10.9,0,97.10000000000001,3.7,10.5
2014,3,31,3,30,11,0,96.72,3.7,10.5
2014,3,31,4,30,11.5,0,94.83,3.8000000000000003,10.700000000000001
2014,3,31,5,30,12,0,93.62,3.8000000000000003,11
2014,3,31,6,30,13.200000000000001,5,89.07000000000001,3.8000000000000003,11.4
2014,3,31,7,30,15.3,187,81.69,4.2,12.200000000000001
2014,3,31,8,30,17.7,120,74.75,4.9,13.200000000000001
2014,3,31,9,30,20.200000000000003,428,67.06,5.6000000000000005,13.9
2014,3,31,10,30,22.5,761,59.59,5.9,14.200000000000001
2014,3,31,11,30,24.6,868,53.370000000000005,5.9,14.5
2014,3,31,12,30,26.1,922,49.85,5.7,14.8
2014,3,31,13,30,27.1,744,47.95,5.2,15.100000000000001
2014,3,31,14,30,27.6,648,46.87,4.7,15.200000000000001
2014,3,31,15,30,27.6,639,47.07,4.4,15.3
2014,3,31,16,30,26.6,397,50.43,4,15.5
2014,3,31,17,30,24.200000000000003,220,61.25,3.7,16.3
2014,3,31,18,30,21.8,28,73.52,3.8000000000000003,16.900000000000002
2014,3,31,19,30,20.3,0,81.69,3.9000000000000004,17.1
2014,3,31,20,30,19.1,0,88.2,3.8000000000000003,17.1
2014,3,31,21,30,18.1,0,93.03,3.6,17
2014,3,31,22,30,17.400000000000002,0,95.89,3.5,16.7
2014,3,31,23,30,16.8,0,98.52,3.4000000000000004,16.6
2014,4,1,0,30,16.400000000000002,0,100,3.2,16.400000000000002
2014,4,1,1,30,16.2,0,100,3.1,16.2
2014,4,1,2,30,16.1,0,100,3,16.1
2014,4,1,3,30,16.2,0,100,2.9000000000000004,16.2
2014,4,1,4,30,16.1,0,100,2.5,16.1
2014,4,1,5,30,16.1,0,100,2,16.1
2014,4,1,6,30,17.2,18,94.94,2.3000000000000003,16.400000000000002
2014,4,1,7,30,19.5,137,84.27,3.1,16.8
2014,4,1,8,30,21.6,127,77.14,3.6,17.400000000000002
2014,4,1,9,30,23.400000000000002,490,70.41,3.8000000000000003,17.7
2014,4,1,10,30,25.200000000000003,540,64,4,17.900000000000002
2014,4,1,11,30,26.700000000000003,598,59.08,4.2,18
2014,4,1,12,30,27.6,746,56.43,4.2,18.2
2014,4,1,13,30,28.1,472,55.09,4.3,18.2
2014,4,1,14,30,28.1,599,55.75,4.3,18.400000000000002
2014,4,1,15,30,27.8,430,57.230000000000004,4.2,18.6
2014,4,1,16,30,27,298,61.01,3.8000000000000003,18.8
2014,4,1,17,30,25.400000000000002,181,69.27,3.4000000000000004,19.400000000000002
2014,4,1,18,30,24.1,22,75.61,3.7,19.5
2014,4,1,19,30,23.400000000000002,0,79.18,4.4,19.6
2014,4,1,20,30,22.6,0,84.13,4.6000000000000005,19.8
2014,4,1,21,30,21.700000000000003,0,89.77,4.4,19.900000000000002
2014,4,1,22,30,20.900000000000002,0,94.84,4.2,20
2014,4,1,23,30,20.5,0,96.98,4.1000000000000005,20
2014,4,2,0,30,20.200000000000003,0,97.55,4.1000000000000005,19.8
2014,4,2,1,30,19.900000000000002,0,97.68,4.1000000000000005,19.5
2014,4,2,2,30,19.6,0,97.43,4.1000000000000005,19.200000000000003
2014,4,2,3,30,19.400000000000002,0,96.9,3.8000000000000003,18.900000000000002
2014,4,2,4,30,19.200000000000003,0,97.16,3.3000000000000003,18.7
2014,4,2,5,30,19.1,0,97.42,3,18.7
2014,4,2,6,30,20,6,92.47,3.2,18.7
2014,4,2,7,30,21.8,75,84.75,3.8000000000000003,19.1
2014,4,2,8,30,23.900000000000002,123,77.49,4.6000000000000005,19.700000000000003
2014,4,2,9,30,25.5,289,71.98,5.2,20.1
2014,4,2,10,30,26.5,360,68.11,5.800000000000001,20.1
2014,4,2,11,30,26.8,519,66.66,6.2,20.1
2014,4,2,12,30,26.700000000000003,589,66.34,6.4,19.900000000000002
2014,4,2,13,30,26.3,231,67.15,6.300000000000001,19.700000000000003
2014,4,2,14,30,26.1,112,67.43,6.1000000000000005,19.6
2014,4,2,15,30,26,164,66.86,5.9,19.400000000000002
2014,4,2,16,30,25.6,59,67.67,5.4,19.200000000000003
2014,4,2,17,30,24.5,183,72.22,4.9,19.200000000000003
2014,4,2,18,30,23.400000000000002,18,78.11,4.800000000000001,19.400000000000002
2014,4,2,19,30,22.5,0,84.85000000000001,4.800000000000001,19.8
2014,4,2,20,30,21.900000000000002,0,90.8,4.6000000000000005,20.3
2014,4,2,21,30,21.400000000000002,0,95.22,4.6000000000000005,20.6
2014,4,2,22,30,21.1,0,96.75,4.800000000000001,20.6
2014,4,2,23,30,21.1,0,95.93,5.1000000000000005,20.400000000000002
2014,4,3,0,30,21.200000000000003,0,95.5,5.1000000000000005,20.5
2014,4,3,1,30,21.200000000000003,0,95.95,4.9,20.5
2014,4,3,2,30,21.1,0,96.56,5,20.5
2014,4,3,3,30,21.1,0,96.23,5,20.5
2014,4,3,4,30,20.900000000000002,0,96.82000000000001,5,20.400000000000002
2014,4,3,5,30,20.900000000000002,0,96.11,5.1000000000000005,20.3
2014,4,3,6,30,21.200000000000003,11,93.45,5.2,20.1
2014,4,3,7,30,22,153,89.05,5.300000000000001,20.1
2014,4,3,8,30,23,317,83.61,5.7,20.1
2014,4,3,9,30,24.400000000000002,199,75.57000000000001,6.1000000000000005,19.8
2014,4,3,10,30,25.8,475,68.61,6.1000000000000005,19.6
2014,4,3,11,30,27,496,62.93,5.6000000000000005,19.3
2014,4,3,12,30,27.5,533,59.800000000000004,5.1000000000000005,19
2014,4,3,13,30,27.5,430,58.65,4.7,18.7
2014,4,3,14,30,27.3,384,58.78,4.5,18.5
2014,4,3,15,30,27,357,59.72,4.5,18.5
2014,4,3,16,30,26.200000000000003,420,62.730000000000004,4.5,18.5
2014,4,3,17,30,24.3,210,71.69,3.9000000000000004,18.900000000000002
2014,4,3,18,30,22.200000000000003,16,84.96000000000001,3.1,19.5
2014,4,3,19,30,20.900000000000002,0,93.01,2.4000000000000004,19.700000000000003
2014,4,3,20,30,19.900000000000002,0,97.28,1.8,19.5
2014,4,3,21,30,18.7,0,99.44,1.5,18.6
2014,4,3,22,30,17.7,0,95.67,1.5,17
2014,4,3,23,30,16.8,0,82.76,2.6,13.9
2014,4,4,0,30,15.4,0,63.95,4.2,8.6
2014,4,4,1,30,13.5,0,51.4,5.300000000000001,3.7
2014,4,4,2,30,11.9,0,50.92,5.6000000000000005,2.1
2014,4,4,3,30,10.700000000000001,0,56.79,5.5,2.5
2014,4,4,4,30,9.700000000000001,0,60.99,5.2,2.5
2014,4,4,5,30,8.9,0,63.64,5,2.4000000000000004
2014,4,4,6,30,9.1,28,61.47,5.4,2.1
2014,4,4,7,30,10.5,227,53.75,6,1.5
2014,4,4,8,30,12.600000000000001,461,43.910000000000004,6.1000000000000005,0.6000000000000001
2014,4,4,9,30,14.8,673,35.77,6,-0.2
2014,4,4,10,30,16.900000000000002,842,29.57,5.7,-1
2014,4,4,11,30,18.6,950,25.86,5.4,-1.4000000000000001
2014,4,4,12,30,19.900000000000002,988,24.07,5.1000000000000005,-1.2000000000000002
2014,4,4,13,30,20.6,951,23.72,4.7,-0.8
2014,4,4,14,30,20.900000000000002,847,23.87,4.3,-0.5
2014,4,4,15,30,20.6,682,24.740000000000002,4,-0.30000000000000004
2014,4,4,16,30,19.6,476,26.400000000000002,3.4000000000000004,-0.2
2014,4,4,17,30,16.900000000000002,233,33.99,2.2,0.9
2014,4,4,18,30,14,29,56.69,1.4000000000000001,5.5
2014,4,4,19,30,12.8,0,62.21,1.4000000000000001,5.7
2014,4,4,20,30,12.200000000000001,0,64.78,1.4000000000000001,5.800000000000001
2014,4,4,21,30,11.600000000000001,0,67.69,1.4000000000000001,5.800000000000001
2014,4,4,22,30,11.200000000000001,0,68.77,1.6,5.7
2014,4,4,23,30,10.8,0,68.29,1.8,5.2
2014,4,5,0,30,10.4,0,67.59,2.1,4.7
2014,4,5,1,30,10.100000000000001,0,66.65,2.4000000000000004,4.2
2014,4,5,2,30,9.9,0,66.26,2.6,3.9000000000000004
2014,4,5,3,30,9.700000000000001,0,67.11,2.5,3.9000000000000004
2014,4,5,4,30,9.4,0,69.84,2.2,4.2
2014,4,5,5,30,9.3,0,71.3,2,4.4
2014,4,5,6,30,9.9,11,68.79,2.3000000000000003,4.4
2014,4,5,7,30,10.9,42,60.5,3,3.6
2014,4,5,8,30,12.100000000000001,150,54.76,3.3000000000000003,3.3000000000000003
2014,4,5,9,30,13.4,161,48.71,3.3000000000000003,2.8000000000000003
2014,4,5,10,30,14.600000000000001,268,43.300000000000004,3.1,2.3000000000000003
2014,4,5,11,30,15.3,399,41.74,2.8000000000000003,2.4000000000000004
2014,4,5,12,30,15.4,475,43.06,2.5,2.9000000000000004
2014,4,5,13,30,15,448,46.95,2.3000000000000003,3.8000000000000003
2014,4,5,14,30,14.4,312,52.5,2.8000000000000003,4.800000000000001
2014,4,5,15,30,14,233,56.43,3.5,5.5
2014,4,5,16,30,13.700000000000001,112,58.800000000000004,3.4000000000000004,5.800000000000001
2014,4,5,17,30,13.100000000000001,175,64.87,2.4000000000000004,6.6000000000000005
2014,4,5,18,30,12.3,14,74.36,1.9000000000000001,7.9
2014,4,5,19,30,11.8,0,79.73,2,8.4
2014,4,5,20,30,11.5,0,82.18,2.2,8.6
2014,4,5,21,30,11.100000000000001,0,83.49,2.6,8.4
2014,4,5,22,30,10.700000000000001,0,84.65,2.9000000000000004,8.200000000000001
2014,4,5,23,30,10.200000000000001,0,87.62,3.1,8.200000000000001
2014,4,6,0,30,9.8,0,90.46000000000001,2.9000000000000004,8.3
2014,4,6,1,30,9.700000000000001,0,91.73,2.7,8.4
2014,4,6,2,30,9.600000000000001,0,93.5,2.6,8.6
2014,4,6,3,30,9.3,0,95.83,2.9000000000000004,8.700000000000001
2014,4,6,4,30,9.1,0,96.45,3.2,8.6
2014,4,6,5,30,8.9,0,96.33,3.5,8.3
2014,4,6,6,30,9.1,3,93.33,3.3000000000000003,8.1
2014,4,6,7,30,9.700000000000001,18,89.18,2.9000000000000004,8
2014,4,6,8,30,10.200000000000001,37,86.4,3,8
2014,4,6,9,30,10.8,160,84.22,3.1,8.200000000000001
2014,4,6,10,30,11.5,28,82.4,3.1,8.6
2014,4,6,11,30,12.200000000000001,180,81.25,3.1,9.1
2014,4,6,12,30,12.9,212,80.21000000000001,3.4000000000000004,9.600000000000001
2014,4,6,13,30,13.4,213,79.51,3.8000000000000003,9.9
2014,4,6,14,30,13.5,262,79.54,4.1000000000000005,10
2014,4,6,15,30,13.4,120,80.06,4.3,10
2014,4,6,16,30,13,94,81.88,4.3,10
2014,4,6,17,30,12.3,33,85.72,3.6,10
2014,4,6,18,30,11.5,29,91.04,2.7,10.100000000000001
2014,4,6,19,30,11,0,94.66,2.1,10.200000000000001
2014,4,6,20,30,10.700000000000001,0,95.91,2,10.100000000000001
2014,4,6,21,30,10.700000000000001,0,95.14,2,10
2014,4,6,22,30,10.3,0,97.36,1.6,9.9
2014,4,6,23,30,9.4,0,100,1.1,9.4
2014,4,7,0,30,8.8,0,100,1,8.8
2014,4,7,1,30,8.6,0,100,1,8.6
2014,4,7,2,30,8.700000000000001,0,100,1,8.700000000000001
2014,4,7,3,30,8.9,0,100,1,8.9
2014,4,7,4,30,9.1,0,99.06,0.9,9
2014,4,7,5,30,9.5,0,96.19,0.7000000000000001,8.9
2014,4,7,6,30,10.5,31,91.4,0.9,9.200000000000001
2014,4,7,7,30,11.8,50,83.9,1.3,9.200000000000001
2014,4,7,8,30,13.5,239,76.55,1.7000000000000002,9.5
2014,4,7,9,30,15.5,236,69.11,2.1,9.9
2014,4,7,10,30,17.1,153,63.370000000000005,2.3000000000000003,10.100000000000001
2014,4,7,11,30,18.3,673,59.82,2.4000000000000004,10.4
2014,4,7,12,30,19.200000000000003,691,57.33,2.5,10.600000000000001
2014,4,7,13,30,19.700000000000003,476,55.93,2.6,10.700000000000001
2014,4,7,14,30,19.8,397,55.34,2.7,10.600000000000001
2014,4,7,15,30,19.400000000000002,647,55.68,2.7,10.3
2014,4,7,16,30,18.7,445,57.34,2.3000000000000003,10.100000000000001
2014,4,7,17,30,17,225,67.44,1.5,10.9
2014,4,7,18,30,15.200000000000001,35,82.17,1,12.200000000000001
2014,4,7,19,30,14.3,0,82.54,0.9,11.4
2014,4,7,20,30,13.8,0,83.18,1,11
2014,4,7,21,30,13.200000000000001,0,83.99,1.3,10.600000000000001
2014,4,7,22,30,12.8,0,82.58,1.9000000000000001,9.9
2014,4,7,23,30,12.5,0,80.54,2.7,9.200000000000001
2014,4,8,0,30,12.100000000000001,0,79.24,3.3000000000000003,8.6
2014,4,8,1,30,11.4,0,79.67,3.4000000000000004,8
2014,4,8,2,30,10.5,0,80.87,3.4000000000000004,7.4
2014,4,8,3,30,10,0,79.52,3.7,6.6000000000000005
2014,4,8,4,30,9.5,0,76.94,3.8000000000000003,5.7
2014,4,8,5,30,9.200000000000001,0,74.21000000000001,3.9000000000000004,4.800000000000001
2014,4,8,6,30,10.200000000000001,44,66.91,4.2,4.3
2014,4,8,7,30,12.8,257,56.02,5.300000000000001,4.2
2014,4,8,8,30,15.600000000000001,491,43.9,6.5,3.4000000000000004
2014,4,8,9,30,17.8,702,37.9,6.9,3.2
2014,4,8,10,30,19.6,868,33,7,2.9000000000000004
2014,4,8,11,30,20.8,974,28.05,7.1000000000000005,1.6
2014,4,8,12,30,21.6,1011,24.98,7.1000000000000005,0.7000000000000001
2014,4,8,13,30,22.1,972,24.09,6.9,0.6000000000000001
2014,4,8,14,30,22.200000000000003,867,24.59,6.5,1
2014,4,8,15,30,22,699,25.82,5.800000000000001,1.5
2014,4,8,16,30,21.1,486,28.54,4.4,2.1
2014,4,8,17,30,18.3,254,39.01,2.6,4.1000000000000005
2014,4,8,18,30,14.8,44,59.160000000000004,1.6,6.9
2014,4,8,19,30,13.200000000000001,0,63.56,1.4000000000000001,6.4
2014,4,8,20,30,12.4,0,65.98,1.3,6.2
2014,4,8,21,30,11.700000000000001,0,67.72,1.3,5.9
2014,4,8,22,30,11.100000000000001,0,68.95,1.3,5.6000000000000005
2014,4,8,23,30,10.600000000000001,0,69.87,1.2000000000000002,5.300000000000001
2014,4,9,0,30,10.200000000000001,0,70.3,1.2000000000000002,5
2014,4,9,1,30,9.600000000000001,0,71.62,1.2000000000000002,4.7
2014,4,9,2,30,8.9,0,74.29,1.2000000000000002,4.6000000000000005
2014,4,9,3,30,8.200000000000001,0,77.39,1.2000000000000002,4.5
2014,4,9,4,30,7.7,0,79.49,1.2000000000000002,4.4
2014,4,9,5,30,7.6000000000000005,0,79.49,1.1,4.3
2014,4,9,6,30,9.8,42,71.91,1.6,5
2014,4,9,7,30,13.3,246,57.86,2.2,5.2
2014,4,9,8,30,17.3,476,47.730000000000004,2.7,6.1000000000000005
2014,4,9,9,30,20.900000000000002,686,35.84,3.4000000000000004,5.2
2014,4,9,10,30,23.1,851,31.3,3.7,5.2
2014,4,9,11,30,24.6,955,29.990000000000002,3.7,5.9
2014,4,9,12,30,25.900000000000002,995,28.88,3.7,6.4
2014,4,9,13,30,26.700000000000003,960,28.3,3.6,6.800000000000001
2014,4,9,14,30,27,856,28.2,3.6,7
2014,4,9,15,30,26.700000000000003,692,28.96,3.4000000000000004,7.2
2014,4,9,16,30,25.200000000000003,484,33.1,3,7.800000000000001
2014,4,9,17,30,22.1,253,48.410000000000004,2.6,10.700000000000001
2014,4,9,18,30,19.200000000000003,45,58.68,2.9000000000000004,10.9
2014,4,9,19,30,17.900000000000002,0,59.44,3.5,9.9
2014,4,9,20,30,17.1,0,60.58,4,9.4
2014,4,9,21,30,16.1,0,63.83,4.2,9.200000000000001
2014,4,9,22,30,15.200000000000001,0,68.4,4.2,9.4
2014,4,9,23,30,14.3,0,75.58,4.2,10
2014,4,10,0,30,13.700000000000001,0,83.59,4.4,11
2014,4,10,1,30,13.3,0,91.61,4.5,12
2014,4,10,2,30,13,0,97.87,4.3,12.700000000000001
2014,4,10,3,30,12.9,0,100,4,12.9
2014,4,10,4,30,12.8,0,100,3.8000000000000003,12.8
2014,4,10,5,30,13,0,100,3.8000000000000003,13
2014,4,10,6,30,14.3,45,93.09,4.3,13.200000000000001
2014,4,10,7,30,17.2,251,79.76,5.5,13.700000000000001
2014,4,10,8,30,20.5,482,66.23,6.5,14
2014,4,10,9,30,23.5,571,53,6.9,13.4
2014,4,10,10,30,25.700000000000003,850,43.02,7.1000000000000005,12.200000000000001
2014,4,10,11,30,27.400000000000002,953,36.730000000000004,7.1000000000000005,11.3
2014,4,10,12,30,28.5,988,33.55,7,10.9
2014,4,10,13,30,29.1,951,32.21,6.800000000000001,10.8
2014,4,10,14,30,29.200000000000003,845,32.15,6.6000000000000005,10.9
2014,4,10,15,30,28.8,667,33.11,6.2,11
2014,4,10,16,30,27.6,406,36.230000000000004,5.7,11.3
2014,4,10,17,30,25.400000000000002,210,43.050000000000004,5.300000000000001,11.9
2014,4,10,18,30,23.1,35,50.02,5.4,12.100000000000001
2014,4,10,19,30,21.400000000000002,0,56.28,5.5,12.3
2014,4,10,20,30,20,0,62.75,5.7,12.700000000000001
2014,4,10,21,30,18.900000000000002,0,68.58,5.6000000000000005,13
2014,4,10,22,30,18,0,74.7,5.2,13.4
2014,4,10,23,30,17.400000000000002,0,80.47,5,14
2014,4,11,0,30,17.1,0,84.69,4.9,14.5
2014,4,11,1,30,16.6,0,89.45,4.7,14.9
2014,4,11,2,30,16,0,94.2,4.5,15.100000000000001
2014,4,11,3,30,15.600000000000001,0,97.41,4.3,15.200000000000001
2014,4,11,4,30,15.3,0,99,4.1000000000000005,15.100000000000001
2014,4,11,5,30,15.200000000000001,0,98.69,3.9000000000000004,15
2014,4,11,6,30,16.2,28,91.54,4.3,14.8
2014,4,11,7,30,18.5,165,79.99,5.1000000000000005,15
2014,4,11,8,30,21,312,68.87,5.5,15.100000000000001
2014,4,11,9,30,23.400000000000002,504,59.53,5.2,15.100000000000001
2014,4,11,10,30,25.5,840,53.2,4.800000000000001,15.3
2014,4,11,11,30,27.200000000000003,941,49.09,4.6000000000000005,15.600000000000001
2014,4,11,12,30,28.400000000000002,977,46.61,4.7,15.9
2014,4,11,13,30,29.1,937,45.27,4.800000000000001,16.1
2014,4,11,14,30,29.3,820,44.87,4.800000000000001,16.1
2014,4,11,15,30,28.8,581,45.9,4.6000000000000005,16
2014,4,11,16,30,27.5,467,49.63,4,16
2014,4,11,17,30,25.3,205,58.870000000000005,3.3000000000000003,16.7
2014,4,11,18,30,23.3,34,67.74,3.4000000000000004,17
2014,4,11,19,30,22.1,0,72.31,3.9000000000000004,16.900000000000002
2014,4,11,20,30,21.200000000000003,0,75.31,4.4,16.7
2014,4,11,21,30,20.3,0,77.34,4.7,16.2
2014,4,11,22,30,19.400000000000002,0,80.41,4.7,15.9
2014,4,11,23,30,18.5,0,84.75,4.5,15.9
2014,4,12,0,30,17.8,0,88.97,4.2,16
2014,4,12,1,30,17.3,0,92.61,3.9000000000000004,16.1
2014,4,12,2,30,17.1,0,94.55,3.7,16.2
2014,4,12,3,30,17.2,0,94.7,3.6,16.3
2014,4,12,4,30,17.400000000000002,0,94.52,3.7,16.5
2014,4,12,5,30,17.7,0,93.95,3.8000000000000003,16.7
2014,4,12,6,30,18.400000000000002,38,90.9,4.1000000000000005,16.900000000000002
2014,4,12,7,30,19.900000000000002,121,83.96000000000001,4.800000000000001,17.1
2014,4,12,8,30,22,291,73.84,5.7,17.1
2014,4,12,9,30,24.200000000000003,340,65.05,6.2,17.2
2014,4,12,10,30,25.900000000000002,617,59.39,6.5,17.400000000000002
2014,4,12,11,30,27.200000000000003,916,54.89,6.6000000000000005,17.3
2014,4,12,12,30,28,955,51.89,6.6000000000000005,17.2
2014,4,12,13,30,28.5,913,49.81,6.6000000000000005,17
2014,4,12,14,30,28.900000000000002,809,48.120000000000005,6.5,16.8
2014,4,12,15,30,28.900000000000002,488,47.37,6.300000000000001,16.6
2014,4,12,16,30,28,427,48.99,5.9,16.3
2014,4,12,17,30,26.3,142,54.15,5.5,16.3
2014,4,12,18,30,24.3,31,61.06,5.6000000000000005,16.3
2014,4,12,19,30,22.700000000000003,0,66.6,5.6000000000000005,16.2
2014,4,12,20,30,21.400000000000002,0,72.19,5.5,16.2
2014,4,12,21,30,20.5,0,76.62,5.800000000000001,16.3
2014,4,12,22,30,19.700000000000003,0,81.8,6,16.5
2014,4,12,23,30,19.1,0,86.65,5.9,16.8
2014,4,13,0,30,18.7,0,90.16,5.6000000000000005,17.1
2014,4,13,1,30,18.6,0,91.73,5.1000000000000005,17.2
2014,4,13,2,30,18.7,0,92.12,4.6000000000000005,17.400000000000002
2014,4,13,3,30,18.8,0,92.86,4,17.6
2014,4,13,4,30,19,0,93.06,3.9000000000000004,17.900000000000002
2014,4,13,5,30,19.1,0,93.77,4.1000000000000005,18.1
2014,4,13,6,30,19.400000000000002,15,93.46000000000001,4.2,18.3
2014,4,13,7,30,20,109,92.07000000000001,4.2,18.7
2014,4,13,8,30,20.900000000000002,146,89.65,4.4,19.1
2014,4,13,9,30,21.700000000000003,134,87.4,4.5,19.5
2014,4,13,10,30,22.400000000000002,257,84.81,4.5,19.700000000000003
2014,4,13,11,30,23,186,83.01,4.6000000000000005,20
2014,4,13,12,30,23.700000000000003,192,81.07000000000001,4.800000000000001,20.3
2014,4,13,13,30,24.5,208,78.72,4.9,20.6
2014,4,13,14,30,25.3,292,75.84,5,20.700000000000003
2014,4,13,15,30,25.8,320,73.23,5.1000000000000005,20.6
2014,4,13,16,30,25.5,375,73.49,4.800000000000001,20.400000000000002
2014,4,13,17,30,24.200000000000003,194,79.26,4.2,20.400000000000002
2014,4,13,18,30,22.700000000000003,34,87.62,4,20.5
2014,4,13,19,30,21.700000000000003,0,93,4.2,20.5
2014,4,13,20,30,21.1,0,96.37,4.2,20.5
2014,4,13,21,30,20.6,0,98.65,3.8000000000000003,20.400000000000002
2014,4,13,22,30,19.8,0,100,3,19.8
2014,4,13,23,30,19.1,0,100,2.4000000000000004,19.1
2014,4,14,0,30,18.6,0,100,2.2,18.6
2014,4,14,1,30,17.400000000000002,0,100,2.9000000000000004,17.400000000000002
2014,4,14,2,30,14.8,0,100,4.800000000000001,14.8
2014,4,14,3,30,11.700000000000001,0,95.44,6.1000000000000005,11
2014,4,14,4,30,9.700000000000001,0,82.28,6.4,6.800000000000001
2014,4,14,5,30,8.700000000000001,0,75.75,6.6000000000000005,4.7
2014,4,14,6,30,8.4,51,69.21000000000001,6.9,3.1
2014,4,14,7,30,9.1,71,59.800000000000004,7.2,1.7000000000000002
2014,4,14,8,30,10.4,34,51.75,7.1000000000000005,0.9
2014,4,14,9,30,12,282,46.63,7.2,0.9
2014,4,14,10,30,13.4,105,43.37,7.300000000000001,1.2000000000000002
2014,4,14,11,30,14.5,340,41.08,7.6000000000000005,1.4000000000000001
2014,4,14,12,30,15.100000000000001,457,40.01,7.9,1.6
2014,4,14,13,30,15.200000000000001,588,39.77,8.1,1.6
2014,4,14,14,30,14.9,854,39.75,8.1,1.3
2014,4,14,15,30,14.5,694,39.01,7.800000000000001,0.7000000000000001
2014,4,14,16,30,13.8,492,38.660000000000004,7.2,0
2014,4,14,17,30,12.700000000000001,266,39.29,6.1000000000000005,-0.8
2014,4,14,18,30,11,42,42.33,4.6000000000000005,-1.3
2014,4,14,19,30,9.4,0,48.02,3.4000000000000004,-1.1
2014,4,14,20,30,8,0,54.39,2.7,-0.7000000000000001
2014,4,14,21,30,6.9,0,60.6,2.4000000000000004,-0.2
2014,4,14,22,30,6.1000000000000005,0,64.01,2.5,-0.2
2014,4,14,23,30,5.5,0,64.84,2.6,-0.6000000000000001
2014,4,15,0,30,4.7,0,66.56,2.6,-1
2014,4,15,1,30,3.8000000000000003,0,69.73,2.5,-1.2000000000000002
2014,4,15,2,30,2.9000000000000004,0,74.79,2.2,-1.1
2014,4,15,3,30,2,0,79.7,1.9000000000000001,-1.1
2014,4,15,4,30,1.4000000000000001,0,82.27,1.7000000000000002,-1.3
2014,4,15,5,30,1.5,0,79.66,1.7000000000000002,-1.6
2014,4,15,6,30,3.4000000000000004,66,70.2,2,-1.5
2014,4,15,7,30,7.1000000000000005,290,53.370000000000005,2.3000000000000003,-1.7000000000000002
2014,4,15,8,30,10.700000000000001,529,31.59,2.5,-5.5
2014,4,15,9,30,13,736,24.18,2.5,-7
2014,4,15,10,30,14.4,901,23.92,2.1,-6
2014,4,15,11,30,15.600000000000001,1005,23.98,1.6,-4.9
2014,4,15,12,30,16.6,1034,23.990000000000002,1.1,-4.1000000000000005
2014,4,15,13,30,17.3,996,24.07,0.8,-3.4000000000000004
2014,4,15,14,30,17.7,889,24.080000000000002,0.6000000000000001,-3.1
2014,4,15,15,30,17.6,722,24.29,0.6000000000000001,-3.1
2014,4,15,16,30,17,509,24.95,0.8,-3.2
2014,4,15,17,30,14.700000000000001,273,30.22,1,-2.6
2014,4,15,18,30,11.4,57,58.06,1.2000000000000002,3.4000000000000004
2014,4,15,19,30,9.4,0,60.09,1.5,2
2014,4,15,20,30,8.6,0,59.63,1.7000000000000002,1.2000000000000002
2014,4,15,21,30,7.800000000000001,0,61.95,1.7000000000000002,1
2014,4,15,22,30,7.1000000000000005,0,64.99,1.7000000000000002,1
2014,4,15,23,30,6.5,0,67.47,1.7000000000000002,0.9
2014,4,16,0,30,6,0,68.98,1.7000000000000002,0.7000000000000001
2014,4,16,1,30,5.5,0,70.55,1.8,0.6000000000000001
2014,4,16,2,30,5.1000000000000005,0,71.94,1.9000000000000001,0.5
2014,4,16,3,30,4.6000000000000005,0,74.64,1.9000000000000001,0.5
2014,4,16,4,30,4.1000000000000005,0,78.12,2,0.6000000000000001
2014,4,16,5,30,4.4,0,77.68,2.3000000000000003,0.8
2014,4,16,6,30,6,53,71.39,3,1.2000000000000002
2014,4,16,7,30,9,220,60.42,3.8000000000000003,1.7000000000000002
2014,4,16,8,30,12.4,467,47.97,4.9,1.7000000000000002
2014,4,16,9,30,14.600000000000001,664,37.19,5.5,0.1
2014,4,16,10,30,16,879,33.59,5.300000000000001,0
2014,4,16,11,30,17.6,978,31.68,5.2,0.6000000000000001
2014,4,16,12,30,19.1,1014,31.220000000000002,5.300000000000001,1.7000000000000002
2014,4,16,13,30,20.1,975,31.93,5.300000000000001,2.9000000000000004
2014,4,16,14,30,20.6,866,33.35,5.2,3.9000000000000004
2014,4,16,15,30,20.5,699,36.07,4.9,4.9
2014,4,16,16,30,19.900000000000002,490,39.95,4.4,5.9
2014,4,16,17,30,18,259,48.480000000000004,3.4000000000000004,7
2014,4,16,18,30,15.5,54,62.99,3,8.5
2014,4,16,19,30,14.100000000000001,0,70.64,3.5,8.8
2014,4,16,20,30,13.4,0,75.17,3.8000000000000003,9.1
2014,4,16,21,30,12.600000000000001,0,79.98,3.6,9.200000000000001
2014,4,16,22,30,11.8,0,84.8,3.2,9.3
2014,4,16,23,30,10.9,0,90.57000000000001,2.8000000000000003,9.4
2014,4,17,0,30,10.200000000000001,0,95.44,2.6,9.5
2014,4,17,1,30,9.700000000000001,0,99.33,2.4000000000000004,9.600000000000001
2014,4,17,2,30,9.5,0,100,2.3000000000000003,9.5
2014,4,17,3,30,9.4,0,100,2.2,9.4
2014,4,17,4,30,9.4,0,99.10000000000001,2.2,9.3
2014,4,17,5,30,9.8,0,95.78,2.4000000000000004,9.200000000000001
2014,4,17,6,30,10.9,27,89.36,2.7,9.200000000000001
2014,4,17,7,30,12.700000000000001,106,82.53,2.8000000000000003,9.8
2014,4,17,8,30,14.600000000000001,41,77.33,2.9000000000000004,10.700000000000001
2014,4,17,9,30,16.5,171,72.79,3.1,11.600000000000001
2014,4,17,10,30,18.2,216,69.17,3.2,12.5
2014,4,17,11,30,19.5,521,66.26,3.1,13
2014,4,17,12,30,20.400000000000002,502,64.59,2.7,13.5
2014,4,17,13,30,20.8,680,63.870000000000005,2.4000000000000004,13.700000000000001
2014,4,17,14,30,20.700000000000003,500,64.84,2,13.8
2014,4,17,15,30,20.200000000000003,106,67.2,1.7000000000000002,13.9
2014,4,17,16,30,19.5,66,71.17,1.6,14.100000000000001
2014,4,17,17,30,18.3,37,78.55,1.3,14.5
2014,4,17,18,30,16.900000000000002,16,90.71000000000001,1.1,15.4
2014,4,17,19,30,16.1,0,94.17,1.2000000000000002,15.200000000000001
2014,4,17,20,30,15.700000000000001,0,95.5,1.3,15
2014,4,17,21,30,15.3,0,97.16,1.1,14.9
2014,4,17,22,30,15,0,97.69,1.1,14.600000000000001
2014,4,17,23,30,14.600000000000001,0,98.57000000000001,1,14.4
2014,4,18,0,30,14.4,0,98.25,0.9,14.100000000000001
2014,4,18,1,30,14.200000000000001,0,98.05,0.8,13.9
2014,4,18,2,30,13.9,0,98.75,0.6000000000000001,13.700000000000001
2014,4,18,3,30,13.600000000000001,0,99.27,0.6000000000000001,13.5
2014,4,18,4,30,13.3,0,99.43,0.6000000000000001,13.200000000000001
2014,4,18,5,30,13.3,0,97.35000000000001,0.9,12.9
2014,4,18,6,30,14.3,64,90.76,1.6,12.8
2014,4,18,7,30,16.3,270,80.77,2.1,13
2014,4,18,8,30,18.8,495,68.75,2.4000000000000004,12.9
2014,4,18,9,30,20.8,522,59.910000000000004,2.5,12.700000000000001
2014,4,18,10,30,22.200000000000003,431,55.34,2.6,12.8
2014,4,18,11,30,23.200000000000003,958,52.15,2.5,12.8
2014,4,18,12,30,23.900000000000002,762,49.89,2.3000000000000003,12.8
2014,4,18,13,30,24.400000000000002,752,48.27,2.1,12.8
2014,4,18,14,30,24.5,338,47.730000000000004,2.1,12.700000000000001
2014,4,18,15,30,24.3,320,47.52,2.2,12.4
2014,4,18,16,30,23.5,490,48.82,2.1,12.100000000000001
2014,4,18,17,30,21.6,265,55.52,1.5,12.3
2014,4,18,18,30,19,48,75.4,1.1,14.600000000000001
2014,4,18,19,30,17.2,0,78.5,1.3,13.4
2014,4,18,20,30,16.2,0,78.43,1.5,12.4
2014,4,18,21,30,15.4,0,79.10000000000001,1.5,11.8
2014,4,18,22,30,14.5,0,81.65,1.4000000000000001,11.4
2014,4,18,23,30,13.700000000000001,0,83.67,1.2000000000000002,11
2014,4,19,0,30,13,0,85.21000000000001,1.2000000000000002,10.600000000000001
2014,4,19,1,30,12.4,0,86.41,1.2000000000000002,10.200000000000001
2014,4,19,2,30,11.9,0,87.66,1.1,9.9
2014,4,19,3,30,11.4,0,89.74,1.1,9.8
2014,4,19,4,30,10.9,0,92.99,1.1,9.8
2014,4,19,5,30,11.200000000000001,0,91.63,1.1,9.9
2014,4,19,6,30,13.100000000000001,74,84.36,1.5,10.5
2014,4,19,7,30,16.400000000000002,216,70.16,1.9000000000000001,10.9
2014,4,19,8,30,20.3,514,58.31,2.2,11.8
2014,4,19,9,30,23.200000000000003,713,48.04,2.5,11.600000000000001
2014,4,19,10,30,24.6,867,45.24,2.4000000000000004,12
2014,4,19,11,30,25.3,961,44.35,2.4000000000000004,12.3
2014,4,19,12,30,25.5,885,44.27,2.4000000000000004,12.4
2014,4,19,13,30,25.1,713,45.32,2.4000000000000004,12.4
2014,4,19,14,30,24.6,484,46.68,2.5,12.4
2014,4,19,15,30,24.3,507,47.62,2.5,12.5
2014,4,19,16,30,23.8,303,49.38,2.3000000000000003,12.600000000000001
2014,4,19,17,30,21.900000000000002,213,57.52,1.8,13.100000000000001
2014,4,19,18,30,19.700000000000003,35,71.52,1.4000000000000001,14.4
2014,4,19,19,30,18.400000000000002,0,76.71000000000001,1.3,14.200000000000001
2014,4,19,20,30,17.5,0,80.62,1.2000000000000002,14.100000000000001
2014,4,19,21,30,16.6,0,82.85000000000001,1.3,13.700000000000001
2014,4,19,22,30,15.9,0,84.3,1.4000000000000001,13.3
2014,4,19,23,30,15.3,0,86.52,1.5,13.100000000000001
2014,4,20,0,30,14.600000000000001,0,90.83,1.3,13.100000000000001
2014,4,20,1,30,14.100000000000001,0,93.87,1.2000000000000002,13.100000000000001
2014,4,20,2,30,13.600000000000001,0,97.67,1.2000000000000002,13.200000000000001
2014,4,20,3,30,13.200000000000001,0,100,1.2000000000000002,13.200000000000001
2014,4,20,4,30,12.9,0,100,1.1,12.9
2014,4,20,5,30,13.5,0,100,1.2000000000000002,13.5
2014,4,20,6,30,15.600000000000001,34,90.94,2,14.100000000000001
2014,4,20,7,30,18.6,138,78.58,3.1,14.8
2014,4,20,8,30,21.3,399,66.7,3.7,14.9
2014,4,20,9,30,23.400000000000002,432,58.19,4,14.700000000000001
2014,4,20,10,30,24.8,528,55.95,4,15.4
2014,4,20,11,30,25.8,598,55.52,3.9000000000000004,16.2
2014,4,20,12,30,26.700000000000003,838,54.480000000000004,3.8000000000000003,16.8
2014,4,20,13,30,26.900000000000002,273,54.83,3.6,17.1
2014,4,20,14,30,26.6,816,56.21,3.3000000000000003,17.2
2014,4,20,15,30,26,295,58.46,3,17.2
2014,4,20,16,30,25.200000000000003,286,61.77,2.6,17.3
2014,4,20,17,30,23.6,76,70.34,1.8,17.900000000000002
2014,4,20,18,30,21.700000000000003,22,84.65,1.2000000000000002,19
2014,4,20,19,30,20.5,0,90.15,1.1,18.8
2014,4,20,20,30,19.900000000000002,0,92.94,1.1,18.7
2014,4,20,21,30,19.400000000000002,0,94.59,1.4000000000000001,18.5
2014,4,20,22,30,18.900000000000002,0,95.14,2,18.1
2014,4,20,23,30,18.5,0,93.9,2.7,17.5
2014,4,21,0,30,17.8,0,94.08,3.1,16.8
2014,4,21,1,30,17,0,94.91,3.1,16.2
2014,4,21,2,30,16.3,0,96.03,3,15.700000000000001
2014,4,21,3,30,15.700000000000001,0,97.75,2.7,15.3
2014,4,21,4,30,15.4,0,98.79,2.4000000000000004,15.200000000000001
2014,4,21,5,30,15.700000000000001,0,96.81,2.5,15.200000000000001
2014,4,21,6,30,17.1,72,90.14,3,15.5
2014,4,21,7,30,19.700000000000003,90,81.88,3.7,16.5
2014,4,21,8,30,22.6,220,73.36,4,17.6
2014,4,21,9,30,25,242,65.25,3.9000000000000004,18
2014,4,21,10,30,26.8,550,59.550000000000004,3.7,18.3
2014,4,21,11,30,28.200000000000003,526,54.81,3.7,18.3
2014,4,21,12,30,29.200000000000003,645,51.22,3.7,18.1
2014,4,21,13,30,29.8,928,48.76,3.6,17.900000000000002
2014,4,21,14,30,30.1,826,47.1,3.4000000000000004,17.6
2014,4,21,15,30,30,452,46.63,3,17.3
2014,4,21,16,30,29.200000000000003,206,48.39,2.4000000000000004,17.2
2014,4,21,17,30,27.200000000000003,95,58.050000000000004,1.6,18.2
2014,4,21,18,30,24.5,33,76.89,1.2000000000000002,20.200000000000003
2014,4,21,19,30,22.8,0,78.32000000000001,1.2000000000000002,18.8
2014,4,21,20,30,21.8,0,81.41,1,18.5
2014,4,21,21,30,20.700000000000003,0,85.55,1,18.2
2014,4,21,22,30,19.5,0,91.42,1,18.1
2014,4,21,23,30,18.7,0,94.29,1,17.8
2014,4,22,0,30,18.1,0,95.91,1,17.400000000000002
2014,4,22,1,30,17.5,0,98.16,1.2000000000000002,17.2
2014,4,22,2,30,17,0,100,1.4000000000000001,17
2014,4,22,3,30,16.6,0,100,1.7000000000000002,16.6
2014,4,22,4,30,16.3,0,100,1.8,16.3
2014,4,22,5,30,16.6,0,100,2.1,16.6
2014,4,22,6,30,18.2,75,93.11,2.7,17.1
2014,4,22,7,30,20.700000000000003,281,82.27,3.4000000000000004,17.6
2014,4,22,8,30,23.3,501,67.22,3.9000000000000004,16.900000000000002
2014,4,22,9,30,25.200000000000003,699,57.22,4,16.1
2014,4,22,10,30,26.700000000000003,726,51.82,3.7,16
2014,4,22,11,30,27.900000000000002,795,47.94,3.4000000000000004,15.9
2014,4,22,12,30,28.8,1000,45.01,3.1,15.700000000000001
2014,4,22,13,30,29.200000000000003,963,43.18,2.9000000000000004,15.4
2014,4,22,14,30,29.200000000000003,861,42.6,2.6,15.200000000000001
2014,4,22,15,30,28.900000000000002,698,42.57,2.4000000000000004,14.9
2014,4,22,16,30,28,497,43.69,2.1,14.5
2014,4,22,17,30,25.8,273,50.300000000000004,1.4000000000000001,14.700000000000001
2014,4,22,18,30,22.8,65,72.66,1,17.6
2014,4,22,19,30,20.900000000000002,0,75.38,1.1,16.400000000000002
2014,4,22,20,30,20,0,77.25,1.1,15.9
2014,4,22,21,30,19.200000000000003,0,79.15,1.1,15.5
2014,4,22,22,30,18.5,0,80.85000000000001,1.1,15.100000000000001
2014,4,22,23,30,17.900000000000002,0,82.22,1.1,14.8
2014,4,23,0,30,17.3,0,83.8,1.1,14.5
2014,4,23,1,30,16.6,0,86.24,1.1,14.3
2014,4,23,2,30,15.9,0,89.06,1.1,14.100000000000001
2014,4,23,3,30,15.200000000000001,0,92.38,1.1,14
2014,4,23,4,30,14.600000000000001,0,96.60000000000001,1.1,14.100000000000001
2014,4,23,5,30,15,0,95.36,1.4000000000000001,14.3
2014,4,23,6,30,17,86,86.3,2.1,14.700000000000001
2014,4,23,7,30,20.5,300,72,2.7,15.3
2014,4,23,8,30,24.3,524,58.25,3.3000000000000003,15.600000000000001
2014,4,23,9,30,27.1,725,46.1,3.7,14.5
2014,4,23,10,30,28.700000000000003,878,41.050000000000004,3.6,14.200000000000001
2014,4,23,11,30,29.900000000000002,972,38.02,3.5,14.100000000000001
2014,4,23,12,30,30.8,997,36.01,3.5,14
2014,4,23,13,30,31.200000000000003,956,35.1,3.7,14
2014,4,23,14,30,31.1,848,35.31,3.9000000000000004,14
2014,4,23,15,30,30.400000000000002,685,36.95,4,14.100000000000001
2014,4,23,16,30,29.1,482,40.2,3.9000000000000004,14.200000000000001
2014,4,23,17,30,27,262,47.36,3.2,14.8
2014,4,23,18,30,24.5,62,58.370000000000005,2.7,15.8
2014,4,23,19,30,22.900000000000002,0,64.51,3,15.9
2014,4,23,20,30,22.1,0,68.16,3.4000000000000004,16
2014,4,23,21,30,21.400000000000002,0,72.48,3.8000000000000003,16.2
2014,4,23,22,30,20.700000000000003,0,77.97,4,16.7
2014,4,23,23,30,20,0,84.35000000000001,3.9000000000000004,17.3
2014,4,24,0,30,19.3,0,90.25,3.5,17.7
2014,4,24,1,30,18.7,0,94.77,3.2,17.8
2014,4,24,2,30,18.5,0,96.37,3,17.900000000000002
2014,4,24,3,30,18.6,0,95.81,3.2,17.900000000000002
2014,4,24,4,30,18.7,0,95.51,3.6,18
2014,4,24,5,30,19.1,0,93.68,3.9000000000000004,18.1
2014,4,24,6,30,20.200000000000003,75,88.09,4.5,18.2
2014,4,24,7,30,22.1,133,77.37,5.1000000000000005,18
2014,4,24,8,30,24.3,245,65.98,5.4,17.5
2014,4,24,9,30,26.5,667,57.730000000000004,5.2,17.5
2014,4,24,10,30,28.700000000000003,581,50.31,4.800000000000001,17.400000000000002
2014,4,24,11,30,30.5,960,42.42,4.4,16.3
2014,4,24,12,30,31.700000000000003,1001,34.53,4.3,14.200000000000001
2014,4,24,13,30,32,976,28.29,4.5,11.4
2014,4,24,14,30,31.6,881,24.34,4.6000000000000005,8.8
2014,4,24,15,30,30.8,720,22.92,4.2,7.2
2014,4,24,16,30,29.400000000000002,515,24.34,3.4000000000000004,6.9
2014,4,24,17,30,26.5,285,32.24,2.1,8.6
2014,4,24,18,30,22.700000000000003,71,54.15,1.3,13
2014,4,24,19,30,20.3,0,59.42,1.4000000000000001,12.100000000000001
2014,4,24,20,30,19.1,0,61.44,1.5,11.5
2014,4,24,21,30,18.1,0,62.58,1.7000000000000002,10.8
2014,4,24,22,30,17.1,0,64.41,1.8,10.3
2014,4,24,23,30,16.1,0,67.99,1.8,10.200000000000001
2014,4,25,0,30,15.200000000000001,0,72.61,1.8,10.3
2014,4,25,1,30,14.4,0,78.06,1.8,10.600000000000001
2014,4,25,2,30,13.8,0,82.76,1.8,10.9
2014,4,25,3,30,13.200000000000001,0,87.26,2,11.100000000000001
2014,4,25,4,30,12.700000000000001,0,90.92,2.2,11.3
2014,4,25,5,30,13,0,88.7,2.6,11.200000000000001
2014,4,25,6,30,14.9,94,78.2,3.1,11.100000000000001
2014,4,25,7,30,18.5,314,62.17,3.2,11.100000000000001
2014,4,25,8,30,22.6,543,44.02,3.3000000000000003,9.700000000000001
2014,4,25,9,30,25.5,746,30.55,3.1,6.9
2014,4,25,10,30,27.3,901,26.55,2.6,6.4
2014,4,25,11,30,28.700000000000003,1000,24.23,2.1,6.300000000000001
2014,4,25,12,30,29.8,1032,22.66,1.8,6.2
2014,4,25,13,30,30.5,993,21.72,1.8,6.2
2014,4,25,14,30,30.6,884,21.55,1.9000000000000001,6.2
2014,4,25,15,30,30.200000000000003,722,21.93,2.3000000000000003,6.1000000000000005
2014,4,25,16,30,29,516,23.31,2.5,6
2014,4,25,17,30,26.1,287,29.580000000000002,2,7
2014,4,25,18,30,22.200000000000003,73,47.910000000000004,1.7000000000000002,10.600000000000001
2014,4,25,19,30,19.8,0,53.03,1.8,10
2014,4,25,20,30,18.7,0,54.74,1.9000000000000001,9.4
2014,4,25,21,30,17.7,0,57.31,1.9000000000000001,9.200000000000001
2014,4,25,22,30,17,0,58.9,2,8.9
2014,4,25,23,30,16.6,0,59.7,2.3000000000000003,8.700000000000001
2014,4,26,0,30,16.5,0,62.38,2.6,9.3
2014,4,26,1,30,16.5,0,72.12,2.6,11.5
2014,4,26,2,30,16.400000000000002,0,87.56,2.3000000000000003,14.3
2014,4,26,3,30,16,0,100,2,16
2014,4,26,4,30,15.700000000000001,0,100,1.8,15.700000000000001
2014,4,26,5,30,16.5,0,100,2.1,16.5
2014,4,26,6,30,18.900000000000002,63,92.55,3.2,17.7
2014,4,26,7,30,21.900000000000002,126,79.06,4.3,18.1
2014,4,26,8,30,24.5,135,67.74,4.9,18.1
2014,4,26,9,30,26.5,190,58.6,5,17.7
2014,4,26,10,30,28.1,366,52.31,4.9,17.400000000000002
2014,4,26,11,30,29.5,394,47.88,5,17.3
2014,4,26,12,30,30.6,410,44.7,5.1000000000000005,17.2
2014,4,26,13,30,31.3,560,42.660000000000004,5.300000000000001,17.1
2014,4,26,14,30,31.400000000000002,622,42.2,5.6000000000000005,17
2014,4,26,15,30,30.8,549,43.42,5.6000000000000005,16.900000000000002
2014,4,26,16,30,29.6,434,46.81,5.300000000000001,17
2014,4,26,17,30,27.900000000000002,224,53.25,4.800000000000001,17.5
2014,4,26,18,30,26.1,59,61.84,4.6000000000000005,18.2
2014,4,26,19,30,24.6,0,69.86,4.800000000000001,18.7
2014,4,26,20,30,23.6,0,75.67,4.9,19.1
2014,4,26,21,30,22.8,0,79.75,5.1000000000000005,19.1
2014,4,26,22,30,22,0,83.36,5.1000000000000005,19
2014,4,26,23,30,21.400000000000002,0,86.55,5.1000000000000005,19.1
2014,4,27,0,30,21,0,90.31,5,19.400000000000002
2014,4,27,1,30,21,0,93.3,5.1000000000000005,19.900000000000002
2014,4,27,2,30,21.3,0,94.38,5.4,20.400000000000002
2014,4,27,3,30,21.6,0,94.69,5.5,20.700000000000003
2014,4,27,4,30,21.700000000000003,0,95.10000000000001,5.4,20.900000000000002
2014,4,27,5,30,22,0,93.79,5.1000000000000005,21
2014,4,27,6,30,22.900000000000002,79,89.22,5.1000000000000005,21
2014,4,27,7,30,24.700000000000003,221,80.53,5.4,21.1
2014,4,27,8,30,27,35,67.18,5.300000000000001,20.400000000000002
2014,4,27,9,30,29.400000000000002,699,52.01,4.7,18.5
2014,4,27,10,30,31.3,707,40.730000000000004,4.2,16.400000000000002
2014,4,27,11,30,32.7,795,33.08,4.1000000000000005,14.4
2014,4,27,12,30,33.6,276,27.490000000000002,4.2,12.3
2014,4,27,13,30,34,779,23.19,4.5,10.100000000000001
2014,4,27,14,30,33.5,636,20.36,4.5,7.7
2014,4,27,15,30,32.4,559,18.94,4.1000000000000005,5.800000000000001
2014,4,27,16,30,31.5,503,19.92,3.1,5.800000000000001
2014,4,27,17,30,28.900000000000002,278,26.2,1.9000000000000001,7.6000000000000005
2014,4,27,18,30,25.400000000000002,69,45.47,1.3,12.8
2014,4,27,19,30,23.3,0,47.54,1.3,11.5
2014,4,27,20,30,22.1,0,51.58,1.5,11.700000000000001
2014,4,27,21,30,20.8,0,54.92,1.5,11.4
2014,4,27,22,30,19.8,0,57.550000000000004,1.5,11.200000000000001
2014,4,27,23,30,19.1,0,57.730000000000004,1.6,10.600000000000001
2014,4,28,0,30,18.5,0,55.92,1.8,9.5
2014,4,28,1,30,17.900000000000002,0,53.64,1.9000000000000001,8.4
2014,4,28,2,30,17.3,0,51.71,2.1,7.300000000000001
2014,4,28,3,30,16.5,0,50.09,2.2,6.1000000000000005
2014,4,28,4,30,15.700000000000001,0,49.480000000000004,2.1,5.2
2014,4,28,5,30,15.9,0,46.64,2.1,4.5
2014,4,28,6,30,18,70,40.54,2.8000000000000003,4.4
2014,4,28,7,30,21.200000000000003,323,30.27,3.8000000000000003,3.1
2014,4,28,8,30,24,553,23.8,4.1000000000000005,2.1
2014,4,28,9,30,26.1,756,20.89,3.7,2
2014,4,28,10,30,27.8,912,18.91,3.4000000000000004,2
2014,4,28,11,30,29.3,1005,17.05,3.4000000000000004,1.8
2014,4,28,12,30,30.3,1032,15.67,3.5,1.4000000000000001
2014,4,28,13,30,31,992,14.57,3.7,0.9
2014,4,28,14,30,31.3,882,13.780000000000001,3.7,0.4
2014,4,28,15,30,31.200000000000003,717,13.38,3.4000000000000004,-0.1
2014,4,28,16,30,30.5,512,13.99,2.6,0
2014,4,28,17,30,28.1,287,18.93,1.4000000000000001,2.3000000000000003
2014,4,28,18,30,25.200000000000003,75,38.17,0.8,9.9
2014,4,28,19,30,23.700000000000003,0,35.01,0.9,7.300000000000001
2014,4,28,20,30,22.8,0,34.69,0.9,6.4
2014,4,28,21,30,21.8,0,36.03,1,6.1000000000000005
2014,4,28,22,30,20.200000000000003,0,40.42,1.2000000000000002,6.300000000000001
2014,4,28,23,30,18.5,0,45.95,1.3,6.6000000000000005
2014,4,29,0,30,17.3,0,49.19,1.3,6.5
2014,4,29,1,30,16.2,0,52.57,1.2000000000000002,6.5
2014,4,29,2,30,14.9,0,58.14,1.2000000000000002,6.7
2014,4,29,3,30,14,0,61.480000000000004,1.4000000000000001,6.7
2014,4,29,4,30,13.700000000000001,0,60.89,2,6.300000000000001
2014,4,29,5,30,14.200000000000001,0,59.34,3.3000000000000003,6.4
2014,4,29,6,30,16,101,56.75,5,7.4
2014,4,29,7,30,18.7,319,50.050000000000004,6.300000000000001,8.1
2014,4,29,8,30,21.1,546,34.78,7,4.9
2014,4,29,9,30,23.1,749,23.7,6.4,1.3
2014,4,29,10,30,25,907,18.75,5.800000000000001,-0.4
2014,4,29,11,30,26.400000000000002,1005,16.89,5.7,-0.7000000000000001
2014,4,29,12,30,27.3,1041,15.88,5.9,-0.8
2014,4,29,13,30,27.5,1007,15.08,6.2,-1.4000000000000001
2014,4,29,14,30,27.200000000000003,901,14.56,6.300000000000001,-2.1
2014,4,29,15,30,26.400000000000002,740,14.89,6.1000000000000005,-2.4000000000000004
2014,4,29,16,30,25.1,533,16.23,5.7,-2.3000000000000003
2014,4,29,17,30,23.1,300,19.19,4.7,-1.7000000000000002
2014,4,29,18,30,20.1,82,26.04,3.5,0
2014,4,29,19,30,17.8,0,34.7,3.2,2
2014,4,29,20,30,16.6,0,39.6,3.4000000000000004,2.8000000000000003
2014,4,29,21,30,15.4,0,45.11,3.1,3.6
2014,4,29,22,30,14.200000000000001,0,50.9,2.5,4.2
2014,4,29,23,30,13,0,56.99,1.9000000000000001,4.7
2014,4,30,0,30,12.100000000000001,0,61.93,1.7000000000000002,5
2014,4,30,1,30,11.600000000000001,0,62.940000000000005,1.9000000000000001,4.800000000000001
2014,4,30,2,30,11.3,0,61.910000000000004,2.3000000000000003,4.3
2014,4,30,3,30,10.9,0,61.49,2.8000000000000003,3.8000000000000003
2014,4,30,4,30,10.4,0,62.13,3.2,3.5
2014,4,30,5,30,10.4,0,60.63,3.7,3.1
2014,4,30,6,30,11.700000000000001,112,53.870000000000005,4.800000000000001,2.7
2014,4,30,7,30,13.4,334,43.75,5.800000000000001,1.3
2014,4,30,8,30,15.100000000000001,560,37.84,5.9,0.8
2014,4,30,9,30,16.8,760,34.13,5.6000000000000005,0.9
2014,4,30,10,30,18.7,915,30.52,5.4,1
2014,4,30,11,30,20.3,1015,27.8,5.2,1.1
2014,4,30,12,30,21.700000000000003,1045,25.330000000000002,5.1000000000000005,1
2014,4,30,13,30,22.6,1006,23.41,4.9,0.7000000000000001
2014,4,30,14,30,23,901,22.21,4.800000000000001,0.30000000000000004
2014,4,30,15,30,22.8,736,21.900000000000002,4.5,-0.1
2014,4,30,16,30,22,530,22.43,4.1000000000000005,-0.4
2014,4,30,17,30,20,303,25.01,3,-0.6000000000000001
2014,4,30,18,30,16.6,84,37.050000000000004,1.7000000000000002,1.9000000000000001
2014,4,30,19,30,13.9,0,51.050000000000004,1.3,3.9000000000000004
2014,4,30,20,30,12.8,0,54.64,1.3,3.9000000000000004
2014,4,30,21,30,12,0,57.58,1.2000000000000002,3.9000000000000004
2014,4,30,22,30,11.5,0,58.97,1.1,3.8000000000000003
2014,4,30,23,30,11.4,0,57.39,1.1,3.3000000000000003
2014,5,1,0,30,11.200000000000001,0,55.6,1,2.6
2014,5,1,1,30,10.700000000000001,0,55.47,1,2.1
2014,5,1,2,30,10.100000000000001,0,56.08,1.1,1.7000000000000002
2014,5,1,3,30,9.200000000000001,0,58.57,1.1,1.5
2014,5,1,4,30,8.1,0,62.57,1.1,1.4000000000000001
2014,5,1,5,30,8.5,0,59.94,1.3,1.2000000000000002
2014,5,1,6,30,11.3,111,49.99,2.1,1.2000000000000002
2014,5,1,7,30,15.4,329,32.93,2.5,-0.8
2014,5,1,8,30,19.3,554,22.6,2.3000000000000003,-2.6
2014,5,1,9,30,21.700000000000003,754,18.26,2.3000000000000003,-3.5
2014,5,1,10,30,23.3,690,16.88,2.3000000000000003,-3.2
2014,5,1,11,30,24.400000000000002,862,16.26,2.2,-2.8000000000000003
2014,5,1,12,30,25.1,1028,15.85,2.1,-2.6
2014,5,1,13,30,25.700000000000003,988,15.57,2.2,-2.4000000000000004
2014,5,1,14,30,25.900000000000002,885,15.65,2.2,-2.2
2014,5,1,15,30,25.6,723,16.16,2.2,-2
2014,5,1,16,30,24.8,516,17.06,2.1,-1.9000000000000001
2014,5,1,17,30,22.700000000000003,290,20.150000000000002,1.5,-1.3
2014,5,1,18,30,19.5,49,42.47,1,6.4
2014,5,1,19,30,17.400000000000002,0,48.56,1,6.4
2014,5,1,20,30,16.6,0,50.88,1,6.4
2014,5,1,21,30,16,0,52.43,1,6.300000000000001
2014,5,1,22,30,15.200000000000001,0,55.22,1,6.300000000000001
2014,5,1,23,30,14.200000000000001,0,58.9,1.1,6.300000000000001
2014,5,2,0,30,13.100000000000001,0,62.14,1.1,6
2014,5,2,1,30,12,0,64.01,1.2000000000000002,5.4
2014,5,2,2,30,11.200000000000001,0,64.8,1.4000000000000001,4.800000000000001
2014,5,2,3,30,10.700000000000001,0,63.910000000000004,1.5,4.1000000000000005
2014,5,2,4,30,10.3,0,63.09,1.5,3.6
2014,5,2,5,30,11.100000000000001,0,58.24,1.8,3.2
2014,5,2,6,30,13.700000000000001,108,49.160000000000004,2.5,3.2
2014,5,2,7,30,17.6,325,36.300000000000004,3.1,2.5
2014,5,2,8,30,22,551,26.810000000000002,3.6,2
2014,5,2,9,30,25.200000000000003,709,19,3.9000000000000004,-0.1
2014,5,2,10,30,26.8,695,17.07,3.7,-0.2
2014,5,2,11,30,27.900000000000002,883,16.36,3.4000000000000004,0.1
2014,5,2,12,30,28.700000000000003,379,15.83,3.3000000000000003,0.30000000000000004
2014,5,2,13,30,29.1,807,15.51,3.3000000000000003,0.30000000000000004
2014,5,2,14,30,29.1,778,15.450000000000001,3.3000000000000003,0.2
2014,5,2,15,30,28.6,445,15.780000000000001,3.2,0.1
2014,5,2,16,30,27.700000000000003,267,16.45,2.7,0
2014,5,2,17,30,25.5,232,20.21,1.7000000000000002,1
2014,5,2,18,30,22.5,85,41.54,1,8.8
2014,5,2,19,30,20.6,0,40.68,1,6.800000000000001
2014,5,2,20,30,19.400000000000002,0,40.78,1,5.7
2014,5,2,21,30,18.3,0,42.27,1,5.300000000000001
2014,5,2,22,30,17.2,0,43.26,1.1,4.6000000000000005
2014,5,2,23,30,16.1,0,45.43,1.3,4.3
2014,5,3,0,30,15,0,47.38,1.4000000000000001,3.9000000000000004
2014,5,3,1,30,13.9,0,49.95,1.6,3.6
2014,5,3,2,30,12.9,0,52.1,1.7000000000000002,3.3000000000000003
2014,5,3,3,30,12.200000000000001,0,53.160000000000004,1.7000000000000002,2.9000000000000004
2014,5,3,4,30,11.5,0,54.15,1.8,2.5
2014,5,3,5,30,12.100000000000001,0,51.24,2,2.3000000000000003
2014,5,3,6,30,14.700000000000001,121,44.38,2.5,2.7
2014,5,3,7,30,18.5,346,32.12,2.5,1.5
2014,5,3,8,30,23.400000000000002,575,24.830000000000002,2.3000000000000003,2.2
2014,5,3,9,30,27.900000000000002,777,15.82,2.4000000000000004,-0.4
2014,5,3,10,30,30.5,929,12.09,2,-2
2014,5,3,11,30,32,1025,11.450000000000001,1.4000000000000001,-1.6
2014,5,3,12,30,33,1054,11.34,1,-1
2014,5,3,13,30,33.6,1015,11.31,0.9,-0.5
2014,5,3,14,30,33.800000000000004,909,11.36,0.9,-0.30000000000000004
2014,5,3,15,30,33.4,743,11.65,1.1,-0.30000000000000004
2014,5,3,16,30,32.5,537,12.38,1.3,-0.1
2014,5,3,17,30,29.400000000000002,308,17.01,1.2000000000000002,1.8
2014,5,3,18,30,24.700000000000003,90,38.92,1.3,9.8
2014,5,3,19,30,21.900000000000002,0,39.5,1.7000000000000002,7.5
2014,5,3,20,30,21,0,37.37,2.2,5.9
2014,5,3,21,30,20.400000000000002,0,36.71,2.7,5.1000000000000005
2014,5,3,22,30,19.700000000000003,0,37.45,3.3000000000000003,4.800000000000001
2014,5,3,23,30,18.900000000000002,0,38.71,3.9000000000000004,4.5
2014,5,4,0,30,18.2,0,39.660000000000004,4.2,4.3
2014,5,4,1,30,17.5,0,41.17,3.9000000000000004,4.2
2014,5,4,2,30,16.6,0,45.03,3.5,4.6000000000000005
2014,5,4,3,30,15.8,0,49.44,3.2,5.2
2014,5,4,4,30,15.200000000000001,0,51.95,3.1,5.4
2014,5,4,5,30,15.5,0,50.31,3.2,5.2
2014,5,4,6,30,17.6,119,42.910000000000004,3.8000000000000003,4.800000000000001
2014,5,4,7,30,21.200000000000003,340,33.81,4.800000000000001,4.6000000000000005
2014,5,4,8,30,25.200000000000003,569,25.16,5.4,3.9000000000000004
2014,5,4,9,30,28.6,769,19.6,5.300000000000001,3.2
2014,5,4,10,30,31.200000000000003,924,16.09,5.300000000000001,2.5
2014,5,4,11,30,32.800000000000004,1024,14.27,5.4,2.1
2014,5,4,12,30,33.800000000000004,1056,13.18,5.5,1.7000000000000002
2014,5,4,13,30,34.300000000000004,1016,12.43,5.6000000000000005,1.3
2014,5,4,14,30,34.300000000000004,911,12.08,5.5,0.9
2014,5,4,15,30,33.7,745,12.32,5.300000000000001,0.7000000000000001
2014,5,4,16,30,32.5,540,13.34,4.800000000000001,0.9
2014,5,4,17,30,29.900000000000002,311,16.45,3.7,1.7000000000000002
2014,5,4,18,30,26.1,92,24.84,2.9000000000000004,4.4
2014,5,4,19,30,23.900000000000002,0,29.79,3.5,5.2
2014,5,4,20,30,22.900000000000002,0,31.05,4.3,4.9
2014,5,4,21,30,21.200000000000003,0,35.58,4.5,5.4
2014,5,4,22,30,19.5,0,41.36,4.5,6
2014,5,4,23,30,18.1,0,48.06,4.4,6.9
2014,5,5,0,30,17.1,0,56.08,4.3,8.3
2014,5,5,1,30,16.3,0,65.66,4.1000000000000005,9.9
2014,5,5,2,30,15.8,0,74.93,3.8000000000000003,11.4
2014,5,5,3,30,15.3,0,83.88,3.5,12.600000000000001
2014,5,5,4,30,14.9,0,91.28,3.2,13.5
2014,5,5,5,30,15.200000000000001,0,92.88,3.4000000000000004,14.100000000000001
2014,5,5,6,30,17.2,118,83.5,4.4,14.4
2014,5,5,7,30,20.400000000000002,336,70.8,5.4,14.9
2014,5,5,8,30,23.900000000000002,561,57.71,5.800000000000001,15.100000000000001
2014,5,5,9,30,26.900000000000002,759,47.93,5.6000000000000005,14.9
2014,5,5,10,30,29.6,913,39.57,5.300000000000001,14.4
2014,5,5,11,30,31.8,1005,32.25,5.1000000000000005,13.200000000000001
2014,5,5,12,30,33.2,1034,27.76,4.9,12.100000000000001
2014,5,5,13,30,34.1,992,25.16,4.9,11.4
2014,5,5,14,30,34.300000000000004,885,24.1,4.9,10.9
2014,5,5,15,30,33.9,715,24.12,4.9,10.600000000000001
2014,5,5,16,30,32.9,513,25.44,4.800000000000001,10.5
2014,5,5,17,30,30.8,291,29.21,4.2,10.8
2014,5,5,18,30,27.700000000000003,84,37.02,3.5,11.700000000000001
2014,5,5,19,30,25.200000000000003,0,44.56,3.8000000000000003,12.3
2014,5,5,20,30,23.8,0,48.78,4.5,12.4
2014,5,5,21,30,22.3,0,54.67,4.9,12.700000000000001
2014,5,5,22,30,20.900000000000002,0,62.38,5,13.4
2014,5,5,23,30,19.6,0,71.21000000000001,4.9,14.200000000000001
2014,5,6,0,30,18.7,0,78.42,4.800000000000001,14.9
2014,5,6,1,30,18,0,84.31,4.5,15.3
2014,5,6,2,30,17.6,0,88.37,4.3,15.700000000000001
2014,5,6,3,30,17.400000000000002,0,91.36,4.1000000000000005,16
2014,5,6,4,30,17.400000000000002,0,93.03,4,16.3
2014,5,6,5,30,17.900000000000002,0,91.18,4.2,16.400000000000002
2014,5,6,6,30,19.3,105,84.19,4.9,16.6
2014,5,6,7,30,21.700000000000003,184,72.35000000000001,5.5,16.5
2014,5,6,8,30,24.200000000000003,384,61.56,5.7,16.3
2014,5,6,9,30,26.5,719,53.86,5.7,16.400000000000002
2014,5,6,10,30,28.6,787,47.980000000000004,5.6000000000000005,16.5
2014,5,6,11,30,30.5,793,42.71,5.6000000000000005,16.400000000000002
2014,5,6,12,30,32,1005,38.27,5.7,16
2014,5,6,13,30,33,961,34.85,5.800000000000001,15.4
2014,5,6,14,30,33.4,856,32.54,6,14.700000000000001
2014,5,6,15,30,33.300000000000004,701,31.52,6.1000000000000005,14.100000000000001
2014,5,6,16,30,32.6,505,32.24,6.1000000000000005,13.9
2014,5,6,17,30,31,289,35.45,5.800000000000001,13.9
2014,5,6,18,30,28.6,75,42.09,5.5,14.5
2014,5,6,19,30,26.1,0,50.99,5.5,15.200000000000001
2014,5,6,20,30,24.1,0,59.660000000000004,5.2,15.8
2014,5,6,21,30,22.6,0,66.66,4.800000000000001,16.1
2014,5,6,22,30,21.5,0,71.46000000000001,4.7,16.1
2014,5,6,23,30,20.6,0,76.01,4.800000000000001,16.2
2014,5,7,0,30,20,0,80.56,4.7,16.6
2014,5,7,1,30,19.700000000000003,0,84.42,4.5,17
2014,5,7,2,30,19.700000000000003,0,86.42,4.3,17.400000000000002
2014,5,7,3,30,19.6,0,88.55,4,17.7
2014,5,7,4,30,19.700000000000003,0,89.3,4,17.900000000000002
2014,5,7,5,30,20,0,88.96000000000001,4.1000000000000005,18.1
2014,5,7,6,30,20.8,45,85.92,4.4,18.400000000000002
2014,5,7,7,30,22.5,122,78.46000000000001,4.9,18.6
2014,5,7,8,30,24.700000000000003,308,69.08,5.300000000000001,18.7
2014,5,7,9,30,26.8,484,61.03,5.4,18.7
2014,5,7,10,30,28.8,596,54.28,5.6000000000000005,18.7
2014,5,7,11,30,30.3,470,49.38,5.800000000000001,18.5
2014,5,7,12,30,31.3,693,46,5.9,18.3
2014,5,7,13,30,31.8,664,44.12,6.1000000000000005,18.1
2014,5,7,14,30,32,760,43.04,6.1000000000000005,17.900000000000002
2014,5,7,15,30,31.900000000000002,624,42.160000000000004,6.2,17.5
2014,5,7,16,30,31.3,447,42.32,6.2,17
2014,5,7,17,30,29.900000000000002,258,44.45,5.800000000000001,16.5
2014,5,7,18,30,27.900000000000002,62,48.97,5.300000000000001,16.2
2014,5,7,19,30,25.700000000000003,0,55.870000000000005,4.800000000000001,16.2
2014,5,7,20,30,24.200000000000003,0,63.03,4.4,16.7
2014,5,7,21,30,23.200000000000003,0,70.34,4.2,17.5
2014,5,7,22,30,22.6,0,76.93,4.1000000000000005,18.3
2014,5,7,23,30,22.3,0,82.28,4,19.1
2014,5,8,0,30,22.3,0,85.75,4.1000000000000005,19.8
2014,5,8,1,30,22.5,0,87.71000000000001,4,20.400000000000002
2014,5,8,2,30,22.5,0,89.93,3.7,20.8
2014,5,8,3,30,22.400000000000002,0,92.18,3.5,21.1
2014,5,8,4,30,22.3,0,94.5,3.6,21.400000000000002
2014,5,8,5,30,22.5,0,94.95,3.9000000000000004,21.6
2014,5,8,6,30,23,34,93.77,4.1000000000000005,21.900000000000002
2014,5,8,7,30,23.6,62,93.16,4.2,22.400000000000002
2014,5,8,8,30,24.1,92,92.97,4.5,22.900000000000002
2014,5,8,9,30,24.700000000000003,205,91.05,4.9,23.1
2014,5,8,10,30,25.200000000000003,559,88.72,5.4,23.200000000000003
2014,5,8,11,30,25.6,383,86.57000000000001,5.800000000000001,23.200000000000003
2014,5,8,12,30,25.8,113,85.22,6,23.1
2014,5,8,13,30,25.900000000000002,216,83.96000000000001,6.1000000000000005,23
2014,5,8,14,30,25.900000000000002,176,82.89,6.1000000000000005,22.8
2014,5,8,15,30,25.8,498,81.67,6,22.400000000000002
2014,5,8,16,30,25.3,251,82.19,5.5,22
2014,5,8,17,30,24.5,83,84.96000000000001,4.6000000000000005,21.8
2014,5,8,18,30,23.3,11,90.33,3.7,21.6
2014,5,8,19,30,22.200000000000003,0,94.5,3.2,21.3
2014,5,8,20,30,21.5,0,96.93,2.9000000000000004,21
2014,5,8,21,30,21,0,98.63,2.7,20.8
2014,5,8,22,30,20.700000000000003,0,99.23,2.6,20.6
2014,5,8,23,30,20.5,0,99.5,2.5,20.400000000000002
2014,5,9,0,30,20.5,0,98.95,2.5,20.3
2014,5,9,1,30,20.5,0,98.86,2.6,20.3
2014,5,9,2,30,20.6,0,98.76,2.5,20.400000000000002
2014,5,9,3,30,20.6,0,99.11,2.2,20.5
2014,5,9,4,30,20.6,0,99.19,1.9000000000000001,20.5
2014,5,9,5,30,21.1,0,96.87,2,20.6
2014,5,9,6,30,22.1,55,95.04,2.4000000000000004,21.3
2014,5,9,7,30,23.5,228,91.5,2.5,22
2014,5,9,8,30,25.1,434,85.33,2.5,22.5
2014,5,9,9,30,26.6,325,75.55,2.3000000000000003,21.900000000000002
2014,5,9,10,30,27.700000000000003,563,67.79,2.1,21.200000000000003
2014,5,9,11,30,28.3,655,63.81,2,20.8
2014,5,9,12,30,28.5,506,62.660000000000004,2.1,20.700000000000003
2014,5,9,13,30,28.5,566,63.29,2.3000000000000003,20.8
2014,5,9,14,30,28.3,509,65.19,2.4000000000000004,21.1
2014,5,9,15,30,27.900000000000002,209,68.57000000000001,2.6,21.6
2014,5,9,16,30,27.1,132,74.14,2.5,22.1
2014,5,9,17,30,25.700000000000003,78,84.04,2.1,22.8
2014,5,9,18,30,24.3,8,93.73,1.9000000000000001,23.200000000000003
2014,5,9,19,30,23.400000000000002,0,98.57000000000001,2.1,23.200000000000003
2014,5,9,20,30,22.900000000000002,0,100,2.1,22.900000000000002
2014,5,9,21,30,22.400000000000002,0,100,1.8,22.400000000000002
2014,5,9,22,30,22,0,100,1.7000000000000002,22
2014,5,9,23,30,21.6,0,100,1.8,21.6
2014,5,10,0,30,21,0,100,1.7000000000000002,21
2014,5,10,1,30,20.3,0,100,1.6,20.3
2014,5,10,2,30,19.5,0,100,1.4000000000000001,19.5
2014,5,10,3,30,18.900000000000002,0,100,1.4000000000000001,18.900000000000002
2014,5,10,4,30,18.5,0,100,1.6,18.5
2014,5,10,5,30,19,0,100,2.4000000000000004,19
2014,5,10,6,30,20.200000000000003,121,93.5,3.3000000000000003,19.1
2014,5,10,7,30,22.1,327,83.11,4,19.1
2014,5,10,8,30,24.5,539,73.71000000000001,4.6000000000000005,19.5
2014,5,10,9,30,26.8,730,66.16,4.7,20
2014,5,10,10,30,28.5,879,60.21,4.5,20
2014,5,10,11,30,30,972,54.88,4.3,19.900000000000002
2014,5,10,12,30,31,1006,51.57,4.2,19.900000000000002
2014,5,10,13,30,31.700000000000003,968,49.18,4.1000000000000005,19.700000000000003
2014,5,10,14,30,31.900000000000002,867,48.07,4.1000000000000005,19.6
2014,5,10,15,30,31.700000000000003,712,47.75,4.1000000000000005,19.3
2014,5,10,16,30,30.900000000000002,516,49.21,3.9000000000000004,19
2014,5,10,17,30,29.1,298,55.46,3.2,19.3
2014,5,10,18,30,26.700000000000003,93,67.11,2.7,20.1
2014,5,10,19,30,25.1,0,72.27,3.1,19.8
2014,5,10,20,30,24.3,0,74.39,3.8000000000000003,19.5
2014,5,10,21,30,23.3,0,78.67,4,19.400000000000002
2014,5,10,22,30,22.3,0,82.59,3.9000000000000004,19.200000000000003
2014,5,10,23,30,21.400000000000002,0,86.87,3.7,19.1
2014,5,11,0,30,20.6,0,92.07000000000001,3.5,19.3
2014,5,11,1,30,20.200000000000003,0,96.3,3.3000000000000003,19.6
2014,5,11,2,30,20.200000000000003,0,97.8,3.4000000000000004,19.8
2014,5,11,3,30,20.6,0,97.15,3.7,20.1
2014,5,11,4,30,20.900000000000002,0,97.67,3.8000000000000003,20.5
2014,5,11,5,30,21.5,0,95.38,4,20.700000000000003
2014,5,11,6,30,22.8,123,88.60000000000001,4.6000000000000005,20.8
2014,5,11,7,30,24.6,117,76.77,5.2,20.3
2014,5,11,8,30,26.5,411,64.3,5.5,19.200000000000003
2014,5,11,9,30,28.200000000000003,558,57.24,5.800000000000001,18.900000000000002
2014,5,11,10,30,29.8,566,53.67,6.1000000000000005,19.400000000000002
2014,5,11,11,30,31.1,486,50.95,6.2,19.8
2014,5,11,12,30,32.1,925,48.660000000000004,6.300000000000001,19.900000000000002
2014,5,11,13,30,32.6,960,47.39,6.300000000000001,20
2014,5,11,14,30,32.6,858,47.39,6.2,20
2014,5,11,15,30,32.300000000000004,703,48.32,6.1000000000000005,20
2014,5,11,16,30,31.400000000000002,509,50.7,5.800000000000001,20
2014,5,11,17,30,30,295,54.68,5.300000000000001,19.900000000000002
2014,5,11,18,30,28,93,61.690000000000005,4.5,20
2014,5,11,19,30,26.200000000000003,0,69.27,4,20.1
2014,5,11,20,30,25,0,75.31,4,20.3
2014,5,11,21,30,24.200000000000003,0,79.69,4.2,20.5
2014,5,11,22,30,23.5,0,83.83,4.7,20.6
2014,5,11,23,30,23.1,0,87.94,4.9,21
2014,5,12,0,30,22.900000000000002,0,91.77,4.800000000000001,21.5
2014,5,12,1,30,22.900000000000002,0,94.02,4.7,21.900000000000002
2014,5,12,2,30,22.900000000000002,0,95.34,4.7,22.1
2014,5,12,3,30,22.900000000000002,0,95.66,4.4,22.200000000000003
2014,5,12,4,30,22.900000000000002,0,95.74000000000001,4.1000000000000005,22.200000000000003
2014,5,12,5,30,23.3,0,94,4,22.3
2014,5,12,6,30,24.1,106,90.95,4.1000000000000005,22.5
2014,5,12,7,30,25.1,131,88.31,4.4,23
2014,5,12,8,30,26.200000000000003,23,82.98,5,23.1
2014,5,12,9,30,26.900000000000002,248,78.11,5.4,22.8
2014,5,12,10,30,27.400000000000002,398,75.49,5.5,22.700000000000003
2014,5,12,11,30,27.700000000000003,580,74.98,5.4,22.900000000000002
2014,5,12,12,30,27.700000000000003,67,76.55,5.2,23.200000000000003
2014,5,12,13,30,27.6,258,78.81,4.9,23.6
2014,5,12,14,30,27.3,346,81.81,4.5,23.900000000000002
2014,5,12,15,30,26.900000000000002,308,84.75,4,24.1
2014,5,12,16,30,26.3,114,88.15,3.4000000000000004,24.200000000000003
2014,5,12,17,30,25.3,87,93.85000000000001,2.8000000000000003,24.200000000000003
2014,5,12,18,30,24.200000000000003,26,99.02,2.5,24
2014,5,12,19,30,23.200000000000003,0,100,2.1,23.200000000000003
2014,5,12,20,30,22,0,100,1.9000000000000001,22
2014,5,12,21,30,20.1,0,100,3.4000000000000004,20.1
2014,5,12,22,30,17.8,0,100,5,17.8
2014,5,12,23,30,15.9,0,99.45,5.2,15.8
2014,5,13,0,30,14.9,0,95.17,5.4,14.100000000000001
2014,5,13,1,30,14,0,94.85000000000001,6,13.200000000000001
2014,5,13,2,30,13.100000000000001,0,93.43,6.2,12.100000000000001
2014,5,13,3,30,12.5,0,91.19,5.4,11.100000000000001
2014,5,13,4,30,12.200000000000001,0,91.10000000000001,4.7,10.8
2014,5,13,5,30,12.200000000000001,0,91.03,4.4,10.8
2014,5,13,6,30,12.5,14,89.88,4.3,10.9
2014,5,13,7,30,13.3,158,84.12,4.5,10.700000000000001
2014,5,13,8,30,14.4,259,73.8,4.800000000000001,9.8
2014,5,13,9,30,15.600000000000001,490,64.28,5.1000000000000005,8.9
2014,5,13,10,30,16.6,580,58.38,4.9,8.4
2014,5,13,11,30,17.6,580,55.01,4.5,8.5
2014,5,13,12,30,18.5,671,53.28,4.1000000000000005,8.8
2014,5,13,13,30,19.1,682,52.550000000000004,3.9000000000000004,9.200000000000001
2014,5,13,14,30,19.3,552,52.64,3.8000000000000003,9.4
2014,5,13,15,30,19.400000000000002,409,52.81,3.8000000000000003,9.5
2014,5,13,16,30,19.3,371,53.7,3.7,9.700000000000001
2014,5,13,17,30,18.400000000000002,90,57.83,3,9.9
2014,5,13,18,30,16.8,6,69.54,2.2,11.200000000000001
2014,5,13,19,30,15.8,0,75.74,2.3000000000000003,11.5
2014,5,13,20,30,15.200000000000001,0,77.12,2.7,11.200000000000001
2014,5,13,21,30,14.4,0,82.2,3.3000000000000003,11.4
2014,5,13,22,30,13.4,0,86.34,4.4,11.200000000000001
2014,5,13,23,30,12.5,0,89.08,5.300000000000001,10.700000000000001
2014,5,14,0,30,11.8,0,90.72,5.1000000000000005,10.3
2014,5,14,1,30,11.3,0,91.74,4.2,10
2014,5,14,2,30,10.9,0,93.14,3.3000000000000003,9.8
2014,5,14,3,30,10.5,0,95.60000000000001,2.7,9.8
2014,5,14,4,30,10.100000000000001,0,97.18,2.7,9.700000000000001
2014,5,14,5,30,10.5,0,93.76,3,9.5
2014,5,14,6,30,12,138,87.68,3.7,10
2014,5,14,7,30,14.3,361,77.32000000000001,4.4,10.4
2014,5,14,8,30,16.6,583,63.980000000000004,4.800000000000001,9.8
2014,5,14,9,30,18.400000000000002,778,54.14,5,9
2014,5,14,10,30,19.6,928,47.94,5,8.3
2014,5,14,11,30,20.6,1020,43.410000000000004,5,7.7
2014,5,14,12,30,21.400000000000002,1050,40.1,5.1000000000000005,7.300000000000001
2014,5,14,13,30,21.8,1009,37.97,5.2,6.800000000000001
2014,5,14,14,30,21.900000000000002,908,36.54,5.2,6.4
2014,5,14,15,30,21.700000000000003,747,35.980000000000004,5,6
2014,5,14,16,30,21.1,545,36.31,4.2,5.6000000000000005
2014,5,14,17,30,19.400000000000002,322,42.300000000000004,2.7,6.300000000000001
2014,5,14,18,30,16.400000000000002,108,64.63,1.5,9.700000000000001
2014,5,14,19,30,14.200000000000001,0,71.02,1.3,9
2014,5,14,20,30,13.4,0,73.06,1.2000000000000002,8.700000000000001
2014,5,14,21,30,12.9,0,73.82000000000001,1.2000000000000002,8.3
2014,5,14,22,30,12.3,0,74.98,1.1,8
2014,5,14,23,30,11.4,0,78.52,1.1,7.800000000000001
2014,5,15,0,30,10.5,0,82.78,1.1,7.7
2014,5,15,1,30,9.700000000000001,0,86.64,1.1,7.6000000000000005
2014,5,15,2,30,9,0,89.85000000000001,1.1,7.4
2014,5,15,3,30,8.6,0,91.60000000000001,1.2000000000000002,7.300000000000001
2014,5,15,4,30,8.4,0,93.01,1.4000000000000001,7.300000000000001
2014,5,15,5,30,9.600000000000001,0,85.8,2.1,7.300000000000001
2014,5,15,6,30,12.200000000000001,141,73.60000000000001,3,7.6000000000000005
2014,5,15,7,30,15.5,359,61.480000000000004,3.3000000000000003,8.1
2014,5,15,8,30,19,578,50.43,3.5,8.5
2014,5,15,9,30,21.8,774,40.300000000000004,3.7,7.7
2014,5,15,10,30,23.6,922,35.93,3.6,7.6000000000000005
2014,5,15,11,30,25,1015,33.63,3.4000000000000004,7.9
2014,5,15,12,30,25.900000000000002,1044,32.36,3.1,8.1
2014,5,15,13,30,26.5,1005,31.41,2.9000000000000004,8.200000000000001
2014,5,15,14,30,26.700000000000003,899,31,2.8000000000000003,8.200000000000001
2014,5,15,15,30,26.5,738,31.16,2.7,8.1
2014,5,15,16,30,25.700000000000003,539,33.99,2.5,8.700000000000001
2014,5,15,17,30,23.5,318,45.92,2.2,11.200000000000001
2014,5,15,18,30,20.200000000000003,107,62.39,2.2,12.8
2014,5,15,19,30,18.3,0,59.550000000000004,2.7,10.3
2014,5,15,20,30,17.400000000000002,0,58.660000000000004,3.3000000000000003,9.200000000000001
2014,5,15,21,30,16.5,0,60.97,3.5,8.9
2014,5,15,22,30,15.4,0,65.61,3.5,9
2014,5,15,23,30,14.5,0,69.4,3.4000000000000004,9
2014,5,16,0,30,13.600000000000001,0,72.71000000000001,3.3000000000000003,8.8
2014,5,16,1,30,12.9,0,74.89,3.2,8.6
2014,5,16,2,30,12.200000000000001,0,77.32000000000001,3.1,8.3
2014,5,16,3,30,11.600000000000001,0,80.14,2.9000000000000004,8.3
2014,5,16,4,30,11,0,83.85000000000001,2.5,8.4
2014,5,16,5,30,11.600000000000001,0,81.60000000000001,2.5,8.6
2014,5,16,6,30,13.9,140,72.35000000000001,3,9
2014,5,16,7,30,17,355,61.870000000000005,3,9.600000000000001
2014,5,16,8,30,20.200000000000003,574,53.4,3.1,10.4
2014,5,16,9,30,23,694,46.660000000000004,3.4000000000000004,11
2014,5,16,10,30,25.3,812,40.85,3.7,11.100000000000001
2014,5,16,11,30,26.900000000000002,1004,37.71,3.9000000000000004,11.3
2014,5,16,12,30,28.1,1033,35.88,4.2,11.600000000000001
2014,5,16,13,30,28.8,994,34.69,4.6000000000000005,11.700000000000001
2014,5,16,14,30,29,892,34.09,4.800000000000001,11.600000000000001
2014,5,16,15,30,28.6,735,34.58,4.800000000000001,11.5
2014,5,16,16,30,27.400000000000002,540,38.02,4.4,11.8
2014,5,16,17,30,25.1,320,46.86,3.8000000000000003,13
2014,5,16,18,30,22.3,109,55.49,3.4000000000000004,13
2014,5,16,19,30,20.400000000000002,0,57.89,3.7,11.8
2014,5,16,20,30,19.6,0,56.5,4.2,10.700000000000001
2014,5,16,21,30,18.8,0,56.07,4.7,9.9
2014,5,16,22,30,17.900000000000002,0,57.32,5,9.3
2014,5,16,23,30,16.900000000000002,0,62.9,5.1000000000000005,9.8
2014,5,17,0,30,16,0,71.09,5.1000000000000005,10.8
2014,5,17,1,30,15.4,0,78,5.1000000000000005,11.600000000000001
2014,5,17,2,30,14.9,0,83.60000000000001,5,12.100000000000001
2014,5,17,3,30,14.4,0,88.68,4.6000000000000005,12.600000000000001
2014,5,17,4,30,13.700000000000001,0,93.85000000000001,3.7,12.700000000000001
2014,5,17,5,30,13.9,0,92.33,2.5,12.700000000000001
2014,5,17,6,30,15.9,98,82.72,2.5,13
2014,5,17,7,30,18.6,347,71.28,3.3000000000000003,13.3
2014,5,17,8,30,21.1,491,63.34,3.9000000000000004,13.9
2014,5,17,9,30,23.400000000000002,681,57.230000000000004,4.2,14.5
2014,5,17,10,30,25.400000000000002,798,52.36,4.5,14.9
2014,5,17,11,30,26.900000000000002,864,48.65,4.6000000000000005,15.200000000000001
2014,5,17,12,30,28,952,45.730000000000004,4.5,15.200000000000001
2014,5,17,13,30,28.5,959,44.09,4.2,15.100000000000001
2014,5,17,14,30,28.5,856,43.52,3.8000000000000003,14.9
2014,5,17,15,30,28.1,702,43.64,3.5,14.600000000000001
2014,5,17,16,30,27.200000000000003,511,46.29,3,14.700000000000001
2014,5,17,17,30,25.400000000000002,301,55.17,2.5,15.8
2014,5,17,18,30,22.8,102,68.11,2.4000000000000004,16.6
2014,5,17,19,30,21,0,72.79,2.8000000000000003,15.9
2014,5,17,20,30,20,0,75.43,3.3000000000000003,15.5
2014,5,17,21,30,18.900000000000002,0,78.92,3.3000000000000003,15.200000000000001
2014,5,17,22,30,17.8,0,81.91,3.2,14.700000000000001
2014,5,17,23,30,17,0,84.81,3,14.4
2014,5,18,0,30,16.3,0,89.9,2.8000000000000003,14.600000000000001
2014,5,18,1,30,15.8,0,95.34,2.6,15.100000000000001
2014,5,18,2,30,15.3,0,100,2.2,15.3
2014,5,18,3,30,14.9,0,100,1.9000000000000001,14.9
2014,5,18,4,30,14.700000000000001,0,100,1.7000000000000002,14.700000000000001
2014,5,18,5,30,15.8,0,99.87,2.3000000000000003,15.8
2014,5,18,6,30,18.3,132,86.84,3.3000000000000003,16.1
2014,5,18,7,30,20.8,338,76.41,4.2,16.5
2014,5,18,8,30,22.900000000000002,549,66.73,4.800000000000001,16.400000000000002
2014,5,18,9,30,24.5,739,60.39,4.800000000000001,16.3
2014,5,18,10,30,26,885,55.38,4.800000000000001,16.400000000000002
2014,5,18,11,30,27.200000000000003,977,51.79,4.7,16.400000000000002
2014,5,18,12,30,28,1007,49.84,4.7,16.6
2014,5,18,13,30,28.5,967,48.84,4.6000000000000005,16.7
2014,5,18,14,30,28.6,867,48.97,4.6000000000000005,16.8
2014,5,18,15,30,28.3,713,50.160000000000004,4.6000000000000005,16.900000000000002
2014,5,18,16,30,27.6,522,51.85,4.5,16.8
2014,5,18,17,30,26.3,308,55.910000000000004,3.9000000000000004,16.8
2014,5,18,18,30,24.200000000000003,105,65.41,3.3000000000000003,17.3
2014,5,18,19,30,22.6,0,72.06,3.7,17.3
2014,5,18,20,30,21.8,0,75,4.3,17.2
2014,5,18,21,30,20.700000000000003,0,79.39,4.3,17
2014,5,18,22,30,19.6,0,83.51,4.1000000000000005,16.7
2014,5,18,23,30,18.6,0,86.49,3.9000000000000004,16.3
2014,5,19,0,30,17.7,0,89.51,3.6,16
2014,5,19,1,30,17,0,93.18,3.3000000000000003,15.9
2014,5,19,2,30,16.400000000000002,0,97.81,3,16.1
2014,5,19,3,30,16.1,0,100,2.7,16.1
2014,5,19,4,30,16.2,0,100,2.7,16.2
2014,5,19,5,30,17.2,0,95.85000000000001,3.4000000000000004,16.5
2014,5,19,6,30,19.400000000000002,54,86.03,4.6000000000000005,17
2014,5,19,7,30,21.700000000000003,209,77.77,5.4,17.6
2014,5,19,8,30,23.700000000000003,420,67.08,5.800000000000001,17.2
2014,5,19,9,30,25.5,623,58.21,5.7,16.7
2014,5,19,10,30,27,899,52.42,5.5,16.400000000000002
2014,5,19,11,30,28.3,989,48.26,5.6000000000000005,16.3
2014,5,19,12,30,29.3,1017,45.31,5.7,16.3
2014,5,19,13,30,29.900000000000002,979,43.57,5.9,16.2
2014,5,19,14,30,30,879,43.550000000000004,6,16.3
2014,5,19,15,30,29.700000000000003,723,44.54,5.9,16.3
2014,5,19,16,30,28.900000000000002,528,46.71,5.7,16.400000000000002
2014,5,19,17,30,27.5,313,51.17,5,16.5
2014,5,19,18,30,25.400000000000002,81,59.36,4.4,16.900000000000002
2014,5,19,19,30,23.6,0,66.87,4.4,17.1
2014,5,19,20,30,22.400000000000002,0,72.55,4.4,17.2
2014,5,19,21,30,21.200000000000003,0,78.69,4.1000000000000005,17.400000000000002
2014,5,19,22,30,20.200000000000003,0,83.53,3.9000000000000004,17.3
2014,5,19,23,30,19.3,0,87.51,3.7,17.2
2014,5,20,0,30,18.6,0,91.13,3.5,17.1
2014,5,20,1,30,18.3,0,94.22,3.6,17.400000000000002
2014,5,20,2,30,18.5,0,95.34,4,17.7
2014,5,20,3,30,19,0,95.23,4.4,18.2
2014,5,20,4,30,19.400000000000002,0,95.35000000000001,4.5,18.6
2014,5,20,5,30,20,0,93.01,4.6000000000000005,18.8
2014,5,20,6,30,21.200000000000003,135,86.41,5.1000000000000005,18.8
2014,5,20,7,30,22.8,318,75.24,5.7,18.2
2014,5,20,8,30,24.5,472,64.23,5.800000000000001,17.3
2014,5,20,9,30,26.200000000000003,614,55.59,5.6000000000000005,16.6
2014,5,20,10,30,27.8,890,49.15,5.5,16.2
2014,5,20,11,30,29.200000000000003,981,44.69,5.5,15.9
2014,5,20,12,30,30.3,1017,41.93,5.4,15.9
2014,5,20,13,30,31,978,40.51,5.300000000000001,16
2014,5,20,14,30,31.200000000000003,878,40.49,5.300000000000001,16.2
2014,5,20,15,30,31,725,41.21,5.2,16.3
2014,5,20,16,30,30.3,533,42.81,4.9,16.3
2014,5,20,17,30,28.700000000000003,319,47.52,4.2,16.5
2014,5,20,18,30,26.3,113,57.160000000000004,3.5,17.2
2014,5,20,19,30,24.5,0,64.77,3.7,17.400000000000002
2014,5,20,20,30,23.5,0,69.01,4.2,17.5
2014,5,20,21,30,22.3,0,74.69,4,17.6
2014,5,20,22,30,21.1,0,80.82000000000001,3.8000000000000003,17.7
2014,5,20,23,30,20.200000000000003,0,85.46000000000001,3.8000000000000003,17.7
2014,5,21,0,30,19.5,0,90.38,3.7,17.900000000000002
2014,5,21,1,30,19.3,0,94.23,4,18.3
2014,5,21,2,30,19.5,0,96.14,4.2,18.900000000000002
2014,5,21,3,30,19.8,0,96.65,4.2,19.3
2014,5,21,4,30,19.900000000000002,0,97.13,4,19.400000000000002
2014,5,21,5,30,20.3,0,94.84,3.9000000000000004,19.400000000000002
2014,5,21,6,30,21.700000000000003,100,87.49,4.3,19.5
2014,5,21,7,30,23.8,329,75.87,4.800000000000001,19.3
2014,5,21,8,30,25.8,569,65.3,4.9,18.8
2014,5,21,9,30,27.5,602,58.61,4.7,18.7
2014,5,21,10,30,29,809,53.94,4.6000000000000005,18.7
2014,5,21,11,30,30.200000000000003,993,50.44,4.5,18.8
2014,5,21,12,30,31.1,527,47.89,4.6000000000000005,18.8
2014,5,21,13,30,31.6,975,46.32,4.7,18.7
2014,5,21,14,30,31.6,874,46,4.7,18.6
2014,5,21,15,30,31.200000000000003,720,46.51,4.7,18.400000000000002
2014,5,21,16,30,30.400000000000002,528,47.81,4.5,18.1
2014,5,21,17,30,29,316,50.93,3.7,17.8
2014,5,21,18,30,26.6,112,59.92,2.7,18.2
2014,5,21,19,30,24.6,0,68.98,2.5,18.5
2014,5,21,20,30,23.8,0,71.33,3.2,18.3
2014,5,21,21,30,23.200000000000003,0,73.10000000000001,4,18.1
2014,5,21,22,30,22.3,0,76.49,4.1000000000000005,18
2014,5,21,23,30,21.400000000000002,0,80.74,3.8000000000000003,18
2014,5,22,0,30,20.5,0,86.06,3.3000000000000003,18.1
2014,5,22,1,30,19.700000000000003,0,91.82000000000001,2.8000000000000003,18.3
2014,5,22,2,30,19,0,97.26,2.3000000000000003,18.6
2014,5,22,3,30,18.5,0,100,2.1,18.5
2014,5,22,4,30,18.5,0,100,2,18.5
2014,5,22,5,30,19.5,0,95.25,2.6,18.7
2014,5,22,6,30,21.5,138,85.82000000000001,3.5,19
2014,5,22,7,30,23.8,265,76.09,3.9000000000000004,19.3
2014,5,22,8,30,25.8,492,67.4,3.9000000000000004,19.3
2014,5,22,9,30,27.400000000000002,715,61.230000000000004,3.7,19.3
2014,5,22,10,30,29,798,56.29,3.5,19.400000000000002
2014,5,22,11,30,30.200000000000003,611,52.75,3.5,19.5
2014,5,22,12,30,30.900000000000002,830,50.17,3.6,19.3
2014,5,22,13,30,31.200000000000003,711,48.4,3.7,19
2014,5,22,14,30,31.1,470,48.28,3.7,18.900000000000002
2014,5,22,15,30,30.5,672,49.83,3.7,18.900000000000002
2014,5,22,16,30,29.5,308,52.81,3.4000000000000004,18.900000000000002
2014,5,22,17,30,28.3,308,57.76,2.8000000000000003,19.200000000000003
2014,5,22,18,30,26.5,95,67.43,2.1,20
2014,5,22,19,30,25.1,0,75.58,2,20.5
2014,5,22,20,30,24.400000000000002,0,78.79,2.1,20.5
2014,5,22,21,30,23.8,0,81.65,2.3000000000000003,20.5
2014,5,22,22,30,23.200000000000003,0,83.89,2.6,20.3
2014,5,22,23,30,22.700000000000003,0,86.06,2.9000000000000004,20.200000000000003
2014,5,23,0,30,22.3,0,88.19,2.8000000000000003,20.3
2014,5,23,1,30,21.8,0,91.02,2.6,20.3
2014,5,23,2,30,21.400000000000002,0,93.36,2.5,20.3
2014,5,23,3,30,21.200000000000003,0,94.5,2.5,20.3
2014,5,23,4,30,21,0,95.93,2.2,20.3
2014,5,23,5,30,21.200000000000003,0,94.8,2.2,20.3
2014,5,23,6,30,22.1,42,90.2,2.8000000000000003,20.400000000000002
2014,5,23,7,30,23.5,203,83.35000000000001,3.4000000000000004,20.5
2014,5,23,8,30,24.900000000000002,331,74.51,3.7,20.1
2014,5,23,9,30,26.1,466,67.03,3.6,19.5
2014,5,23,10,30,27.1,573,61.17,3.5,19
2014,5,23,11,30,27.700000000000003,708,56.76,3.5,18.3
2014,5,23,12,30,27.900000000000002,731,53.69,3.7,17.6
2014,5,23,13,30,28.200000000000003,607,50.58,3.9000000000000004,17
2014,5,23,14,30,28.5,631,47.88,4.2,16.400000000000002
2014,5,23,15,30,28.6,712,46.7,4.2,16.1
2014,5,23,16,30,28.1,340,48.17,3.8000000000000003,16.1
2014,5,23,17,30,26.5,124,54.18,2.7,16.5
2014,5,23,18,30,24.400000000000002,65,68.22,1.7000000000000002,18.2
2014,5,23,19,30,22.900000000000002,0,78.75,1.4000000000000001,19
2014,5,23,20,30,22.3,0,82.75,1.4000000000000001,19.200000000000003
2014,5,23,21,30,21.900000000000002,0,85.32000000000001,1.5,19.3
2014,5,23,22,30,21.6,0,86.26,1.8,19.200000000000003
2014,5,23,23,30,21.3,0,87.05,2.3000000000000003,19.1
2014,5,24,0,30,21,0,88.41,2.7,19
2014,5,24,1,30,20.6,0,91.9,2.7,19.200000000000003
2014,5,24,2,30,20.200000000000003,0,96.24000000000001,2.4000000000000004,19.6
2014,5,24,3,30,20,0,98.76,2.2,19.8
2014,5,24,4,30,20,0,99.27,2.2,19.900000000000002
2014,5,24,5,30,20.6,0,95.83,2.5,19.900000000000002
2014,5,24,6,30,22,48,89.17,3.1,20.1
2014,5,24,7,30,23.700000000000003,146,81.18,3.5,20.3
2014,5,24,8,30,25.6,297,71.13,3.7,20
2014,5,24,9,30,27.400000000000002,531,62.28,3.6,19.5
2014,5,24,10,30,28.8,614,56.02,3.5,19.200000000000003
2014,5,24,11,30,30,243,51.71,3.5,19
2014,5,24,12,30,30.6,420,50.29,3.5,19.1
2014,5,24,13,30,30.8,373,50.18,3.5,19.200000000000003
2014,5,24,14,30,30.400000000000002,632,51.84,3.5,19.400000000000002
2014,5,24,15,30,29.700000000000003,159,54.53,3.5,19.6
2014,5,24,16,30,28.900000000000002,243,57.83,3.4000000000000004,19.8
2014,5,24,17,30,27.6,204,63.17,2.9000000000000004,20
2014,5,24,18,30,25.8,87,73.01,2.1,20.6
2014,5,24,19,30,24.400000000000002,0,80.55,1.8,20.8
2014,5,24,20,30,23.700000000000003,0,82.39,2,20.5
2014,5,24,21,30,23.3,0,82.83,2.2,20.200000000000003
2014,5,24,22,30,23,0,82.86,2.7,19.900000000000002
2014,5,24,23,30,22.5,0,84.91,3,19.8
2014,5,25,0,30,21.900000000000002,0,88.73,3.2,20
2014,5,25,1,30,21.3,0,93.13,3.1,20.1
2014,5,25,2,30,20.8,0,96.97,2.6,20.3
2014,5,25,3,30,20.400000000000002,0,99.7,2.2,20.400000000000002
2014,5,25,4,30,20.400000000000002,0,99.7,2.1,20.400000000000002
2014,5,25,5,30,21,0,96.19,2.6,20.400000000000002
2014,5,25,6,30,22.3,61,91.21000000000001,3.2,20.8
2014,5,25,7,30,23.8,137,86.4,3.6,21.400000000000002
2014,5,25,8,30,25.200000000000003,365,78.73,3.9000000000000004,21.200000000000003
2014,5,25,9,30,26.1,482,71.96000000000001,3.9000000000000004,20.6
2014,5,25,10,30,26.900000000000002,582,67.05,3.9000000000000004,20.3
2014,5,25,11,30,27.5,684,64.42,4,20.200000000000003
2014,5,25,12,30,27.700000000000003,796,63.76,4,20.200000000000003
2014,5,25,13,30,27.8,848,63.58,3.9000000000000004,20.3
2014,5,25,14,30,27.700000000000003,848,64.34,3.7,20.400000000000002
2014,5,25,15,30,27.5,504,65.59,3.4000000000000004,20.5
2014,5,25,16,30,26.900000000000002,270,68.74,2.7,20.700000000000003
2014,5,25,17,30,25.8,87,76.85000000000001,1.9000000000000001,21.400000000000002
2014,5,25,18,30,24.3,56,88.01,1.5,22.200000000000003
2014,5,25,19,30,23.3,0,89.8,1.6,21.5
2014,5,25,20,30,22.8,0,89.95,1.8,21.1
2014,5,25,21,30,22.5,0,89.93,2.1,20.8
2014,5,25,22,30,22.3,0,89.08,2.7,20.400000000000002
2014,5,25,23,30,21.900000000000002,0,89.06,3.2,20
2014,5,26,0,30,21.3,0,90.28,3.3000000000000003,19.6
2014,5,26,1,30,20.8,0,92.3,3,19.5
2014,5,26,2,30,20.400000000000002,0,94.8,2.5,19.5
2014,5,26,3,30,20.1,0,97.21000000000001,2,19.6
2014,5,26,4,30,19.900000000000002,0,99.04,1.7000000000000002,19.700000000000003
2014,5,26,5,30,20.3,0,96.88,2,19.8
2014,5,26,6,30,21.200000000000003,11,94.02,2.3000000000000003,20.200000000000003
2014,5,26,7,30,22.1,225,92.05,2.5,20.700000000000003
2014,5,26,8,30,23,373,89.47,2.6,21.200000000000003
2014,5,26,9,30,23.6,444,87.43,2.7,21.400000000000002
2014,5,26,10,30,23.8,195,86.48,2.8000000000000003,21.400000000000002
2014,5,26,11,30,23.900000000000002,233,86.23,2.8000000000000003,21.5
2014,5,26,12,30,23.8,132,87.7,2.8000000000000003,21.6
2014,5,26,13,30,23.8,116,89.11,2.8000000000000003,21.900000000000002
2014,5,26,14,30,23.900000000000002,203,89.99,2.8000000000000003,22.200000000000003
2014,5,26,15,30,24,262,91.3,2.7,22.5
2014,5,26,16,30,24,410,93.28,2.5,22.8
2014,5,26,17,30,23.700000000000003,270,96.5,2,23.1
2014,5,26,18,30,23,107,100,1.7000000000000002,23
2014,5,26,19,30,22.5,0,100,2.2,22.5
2014,5,26,20,30,22.3,0,100,2.7,22.3
2014,5,26,21,30,22,0,100,2.2,22
2014,5,26,22,30,21.700000000000003,0,100,2,21.700000000000003
2014,5,26,23,30,21.6,0,99.73,2.4000000000000004,21.6
2014,5,27,0,30,21.5,0,99.37,2.8000000000000003,21.400000000000002
2014,5,27,1,30,21.3,0,99.58,3,21.200000000000003
2014,5,27,2,30,21,0,100,2.7,21
2014,5,27,3,30,20.700000000000003,0,100,2,20.700000000000003
2014,5,27,4,30,20.5,0,99.96000000000001,1.5,20.5
2014,5,27,5,30,20.700000000000003,0,98.48,1.8,20.5
2014,5,27,6,30,21.200000000000003,13,96.81,2.3000000000000003,20.700000000000003
2014,5,27,7,30,22.1,81,94.29,2.7,21.1
2014,5,27,8,30,23.400000000000002,50,90.4,3.1,21.700000000000003
2014,5,27,9,30,24.5,45,87,3.6,22.200000000000003
2014,5,27,10,30,25.400000000000002,132,82.51,4,22.200000000000003
2014,5,27,11,30,26.400000000000002,106,78.03,4,22.3
2014,5,27,12,30,27,400,74.51,3.6,22.1
2014,5,27,13,30,27.1,543,72.81,3.2,21.8
2014,5,27,14,30,26.700000000000003,852,73.05,2.8000000000000003,21.5
2014,5,27,15,30,26.3,629,74,2.5,21.3
2014,5,27,16,30,25.8,443,75.91,2.4000000000000004,21.200000000000003
2014,5,27,17,30,24.8,104,80.52,2,21.200000000000003
2014,5,27,18,30,23.1,3,90.93,1.3,21.5
2014,5,27,19,30,21.5,0,97.83,1,21.1
2014,5,27,20,30,20.6,0,99.36,0.9,20.5
2014,5,27,21,30,20,0,100,0.8,20
2014,5,27,22,30,19.6,0,100,0.7000000000000001,19.6
2014,5,27,23,30,19.200000000000003,0,100,0.7000000000000001,19.200000000000003
2014,5,28,0,30,18.8,0,100,0.8,18.8
2014,5,28,1,30,18.3,0,100,0.9,18.3
2014,5,28,2,30,17.900000000000002,0,100,1,17.900000000000002
2014,5,28,3,30,17.5,0,100,1.2000000000000002,17.5
2014,5,28,4,30,17.2,0,99.58,1.4000000000000001,17.1
2014,5,28,5,30,17.6,0,95.51,1.9000000000000001,16.900000000000002
2014,5,28,6,30,19.1,150,91.53,2.5,17.7
2014,5,28,7,30,21.1,357,85.92,2.8000000000000003,18.7
2014,5,28,8,30,23.200000000000003,565,77.76,2.9000000000000004,19.1
2014,5,28,9,30,24.700000000000003,150,70.74,2.7,19
2014,5,28,10,30,25.6,519,66.88,2.6,19
2014,5,28,11,30,26.3,375,64.4,2.7,19
2014,5,28,12,30,26.8,823,62.39,2.7,19
2014,5,28,13,30,27.1,625,60.86,2.7,18.900000000000002
2014,5,28,14,30,27.200000000000003,877,60.06,2.5,18.8
2014,5,28,15,30,27.1,289,59.82,2.4000000000000004,18.6
2014,5,28,16,30,26.8,541,60.24,2.2,18.5
2014,5,28,17,30,25.900000000000002,332,63.56,1.7000000000000002,18.5
2014,5,28,18,30,24.200000000000003,90,74.67,1.1,19.400000000000002
2014,5,28,19,30,22.900000000000002,0,80.7,0.8,19.400000000000002
2014,5,28,20,30,22.3,0,77.92,0.9,18.3
2014,5,28,21,30,21.8,0,78.69,0.9,17.900000000000002
2014,5,28,22,30,21.200000000000003,0,80.60000000000001,0.9,17.7
2014,5,28,23,30,20.6,0,82.54,0.9,17.5
2014,5,29,0,30,19.8,0,85.84,0.9,17.400000000000002
2014,5,29,1,30,19.1,0,88.9,0.9,17.2
2014,5,29,2,30,18.5,0,91.60000000000001,1,17.1
2014,5,29,3,30,18.1,0,93.44,0.9,17
2014,5,29,4,30,18,0,93.89,0.9,17
2014,5,29,5,30,18.900000000000002,0,89.43,1,17.1
2014,5,29,6,30,21.1,154,83.47,1.1,18.2
2014,5,29,7,30,23.5,361,73.97,1.4000000000000001,18.6
2014,5,29,8,30,25.5,569,66.78,1.7000000000000002,18.900000000000002
2014,5,29,9,30,26.700000000000003,751,63.75,1.7000000000000002,19.3
2014,5,29,10,30,27.6,891,61.27,1.5,19.5
2014,5,29,11,30,28.400000000000002,768,59.03,1.4000000000000001,19.6
2014,5,29,12,30,28.900000000000002,1003,57.88,1.3,19.8
2014,5,29,13,30,29.200000000000003,673,57.33,1.3,19.900000000000002
2014,5,29,14,30,29.400000000000002,709,56.74,1.4000000000000001,19.900000000000002
2014,5,29,15,30,29.3,724,56.95,1.3,19.900000000000002
2014,5,29,16,30,29,538,57.65,1.2000000000000002,19.8
2014,5,29,17,30,28.3,330,60.4,0.9,19.900000000000002
2014,5,29,18,30,27.400000000000002,127,65.9,0.6000000000000001,20.5
2014,5,29,19,30,26.6,0,68.5,0.30000000000000004,20.3
2014,5,29,20,30,25.900000000000002,0,67.22,0.4,19.400000000000002
2014,5,29,21,30,24.8,0,71.34,0.7000000000000001,19.3
2014,5,29,22,30,23.700000000000003,0,77.07000000000001,0.8,19.400000000000002
2014,5,29,23,30,22.6,0,82.42,0.9,19.5
2014,5,30,0,30,21.700000000000003,0,86.85000000000001,0.9,19.400000000000002
2014,5,30,1,30,21,0,89.82000000000001,1,19.3
2014,5,30,2,30,20.5,0,91.69,1,19.1
2014,5,30,3,30,20.1,0,93.24,1.1,19
2014,5,30,4,30,19.900000000000002,0,93.94,1.3,18.900000000000002
2014,5,30,5,30,20.700000000000003,0,89.67,2,18.900000000000002
2014,5,30,6,30,22.6,148,81.93,2.6,19.400000000000002
2014,5,30,7,30,24.900000000000002,352,73.91,2.6,19.900000000000002
2014,5,30,8,30,27,558,67.34,2.7,20.400000000000002
2014,5,30,9,30,28.3,739,63.79,2.7,20.8
2014,5,30,10,30,29.200000000000003,830,61.17,2.7,21
2014,5,30,11,30,29.700000000000003,882,59.68,2.7,21
2014,5,30,12,30,30.1,992,58.29,2.5,21
2014,5,30,13,30,30.200000000000003,956,58.050000000000004,2.4000000000000004,21
2014,5,30,14,30,30.1,860,58.13,2.3000000000000003,21
2014,5,30,15,30,29.8,706,58.78,2.2,20.900000000000002
2014,5,30,16,30,29.200000000000003,522,60.410000000000004,2.1,20.700000000000003
2014,5,30,17,30,28.200000000000003,318,64.16,1.7000000000000002,20.8
2014,5,30,18,30,26.3,122,75.63,1.1,21.700000000000003
2014,5,30,19,30,24.5,0,87.91,0.9,22.400000000000002
2014,5,30,20,30,23.6,0,88.64,1,21.6
2014,5,30,21,30,23,0,90.22,1,21.3
2014,5,30,22,30,22.5,0,91.8,0.9,21.1
2014,5,30,23,30,22.1,0,93.10000000000001,0.9,20.900000000000002
2014,5,31,0,30,21.700000000000003,0,94.36,0.8,20.8
2014,5,31,1,30,21.3,0,96.06,0.8,20.6
2014,5,31,2,30,20.900000000000002,0,98.48,0.7000000000000001,20.700000000000003
2014,5,31,3,30,20.5,0,100,0.7000000000000001,20.5
2014,5,31,4,30,20.3,0,100,0.7000000000000001,20.3
2014,5,31,5,30,21.200000000000003,0,97.18,1.1,20.700000000000003
2014,5,31,6,30,23.400000000000002,148,88.21000000000001,1.4000000000000001,21.3
2014,5,31,7,30,25.5,352,78.47,1.6,21.5
2014,5,31,8,30,27,559,70.95,2,21.3
2014,5,31,9,30,28,740,66.26,2.4000000000000004,21.1
2014,5,31,10,30,28.8,615,62.88,2.6,21
2014,5,31,11,30,29.400000000000002,152,60.89,2.8000000000000003,21.1
2014,5,31,12,30,29.8,991,59.65,3,21.1
2014,5,31,13,30,30,954,58.95,3,21.1
2014,5,31,14,30,29.900000000000002,858,59.370000000000005,3,21.1
2014,5,31,15,30,29.6,708,60.28,2.9000000000000004,21.1
2014,5,31,16,30,29,523,62.29,2.7,21.1
2014,5,31,17,30,27.900000000000002,202,66.87,2.3000000000000003,21.200000000000003
2014,5,31,18,30,26.1,121,77.96000000000001,1.6,22
2014,5,31,19,30,24.5,0,89.32000000000001,1.2000000000000002,22.6
2014,5,31,20,30,23.700000000000003,0,92.61,1.2000000000000002,22.400000000000002
2014,5,31,21,30,23.1,0,95.76,1.2000000000000002,22.400000000000002
2014,5,31,22,30,22.5,0,99.02,1.1,22.3
2014,5,31,23,30,22,0,100,1,22
2014,6,1,0,30,21.5,0,100,0.9,21.5
2014,6,1,1,30,21.200000000000003,0,100,0.8,21.200000000000003
2014,6,1,2,30,21,0,100,0.7000000000000001,21
2014,6,1,3,30,20.900000000000002,0,100,0.8,20.900000000000002
2014,6,1,4,30,20.900000000000002,0,100,0.9,20.900000000000002
2014,6,1,5,30,21.700000000000003,0,97.88,1.5,21.3
2014,6,1,6,30,23.700000000000003,142,88.42,2,21.700000000000003
2014,6,1,7,30,25.700000000000003,344,79.71000000000001,2.2,21.900000000000002
2014,6,1,8,30,27.400000000000002,552,71.99,2.5,21.900000000000002
2014,6,1,9,30,28.8,534,65.83,2.8000000000000003,21.8
2014,6,1,10,30,29.900000000000002,877,61.56,2.9000000000000004,21.700000000000003
2014,6,1,11,30,30.700000000000003,966,58.730000000000004,3,21.700000000000003
2014,6,1,12,30,31.200000000000003,995,57,3.1,21.700000000000003
2014,6,1,13,30,31.6,961,55.61,3.1,21.6
2014,6,1,14,30,31.6,867,55.18,3.2,21.5
2014,6,1,15,30,31.3,719,55.58,3.2,21.400000000000002
2014,6,1,16,30,30.6,535,57.22,3.2,21.200000000000003
2014,6,1,17,30,29.400000000000002,329,60.93,2.8000000000000003,21.1
2014,6,1,18,30,27.3,129,71.79,2.1,21.8
2014,6,1,19,30,25.5,0,81.76,1.9000000000000001,22.200000000000003
2014,6,1,20,30,24.8,0,84.77,2.1,22.1
2014,6,1,21,30,24.400000000000002,0,87.56,2.4000000000000004,22.200000000000003
2014,6,1,22,30,23.900000000000002,0,91.16,2.6,22.400000000000002
2014,6,1,23,30,23.400000000000002,0,94.64,2.9000000000000004,22.5
2014,6,2,0,30,22.900000000000002,0,97.61,3.1,22.5
2014,6,2,1,30,22.5,0,99.10000000000001,3.2,22.400000000000002
2014,6,2,2,30,22,0,100,3,22
2014,6,2,3,30,21.5,0,100,2.5,21.5
2014,6,2,4,30,21.3,0,100,2.3000000000000003,21.3
2014,6,2,5,30,22.1,0,96.01,2.6,21.400000000000002
2014,6,2,6,30,23.900000000000002,149,87.33,3.3000000000000003,21.700000000000003
2014,6,2,7,30,25.8,140,78.26,3.6,21.700000000000003
2014,6,2,8,30,27.5,417,70.08,3.4000000000000004,21.6
2014,6,2,9,30,28.900000000000002,740,64.93,3.3000000000000003,21.6
2014,6,2,10,30,30.200000000000003,840,60.72,3.3000000000000003,21.8
2014,6,2,11,30,31.3,908,57.56,3.4000000000000004,21.900000000000002
2014,6,2,12,30,32,992,55.480000000000004,3.6,22
2014,6,2,13,30,32.4,956,54.22,3.8000000000000003,22
2014,6,2,14,30,32.5,820,53.92,3.9000000000000004,22
2014,6,2,15,30,32.1,716,55.07,3.8000000000000003,21.900000000000002
2014,6,2,16,30,31.400000000000002,531,57.06,3.7,21.900000000000002
2014,6,2,17,30,30.1,324,61.43,3,21.900000000000002
2014,6,2,18,30,28.1,125,71.61,2,22.5
2014,6,2,19,30,26.400000000000002,0,82.59,1.5,23.200000000000003
2014,6,2,20,30,25.6,0,86.28,1.5,23.1
2014,6,2,21,30,25.200000000000003,0,88.21000000000001,1.6,23.1
2014,6,2,22,30,24.8,0,90.07000000000001,2,23.1
2014,6,2,23,30,24.400000000000002,0,91.89,2.3000000000000003,23
2014,6,3,0,30,23.8,0,94.97,2.4000000000000004,22.900000000000002
2014,6,3,1,30,23.200000000000003,0,97.8,2.1,22.8
2014,6,3,2,30,22.6,0,100,1.6,22.6
2014,6,3,3,30,22.1,0,100,1.2000000000000002,22.1
2014,6,3,4,30,21.700000000000003,0,100,1,21.700000000000003
2014,6,3,5,30,22.5,0,97.08,1.5,22
2014,6,3,6,30,24.400000000000002,147,87.19,2.2,22.1
2014,6,3,7,30,26.200000000000003,350,77.38,2.4000000000000004,21.900000000000002
2014,6,3,8,30,27.8,214,69.2,2.5,21.6
2014,6,3,9,30,29.3,192,62.82,2.6,21.5
2014,6,3,10,30,30.6,204,58,2.7,21.400000000000002
2014,6,3,11,30,31.6,427,54.63,2.8000000000000003,21.400000000000002
2014,6,3,12,30,32.300000000000004,597,52.53,3,21.400000000000002
2014,6,3,13,30,32.7,646,51.67,3.1,21.5
2014,6,3,14,30,32.800000000000004,870,51.74,3.1,21.6
2014,6,3,15,30,32.4,722,53.29,3,21.700000000000003
2014,6,3,16,30,31.700000000000003,537,55.620000000000005,2.9000000000000004,21.700000000000003
2014,6,3,17,30,30.5,331,59.92,2.6,21.8
2014,6,3,18,30,28.5,131,69.7,1.8,22.400000000000002
2014,6,3,19,30,26.700000000000003,0,81.39,1.5,23.200000000000003
2014,6,3,20,30,25.900000000000002,0,84.36,1.8,23.1
2014,6,3,21,30,25.5,0,85.84,2.4000000000000004,23
2014,6,3,22,30,25.1,0,87.99,3,23
2014,6,3,23,30,24.6,0,91.24,3.4000000000000004,23.1
2014,6,4,0,30,24.1,0,94.15,3.6,23.1
2014,6,4,1,30,23.6,0,96.3,3.5,23
2014,6,4,2,30,23.1,0,97.97,3.1,22.8
2014,6,4,3,30,22.6,0,99.48,2.7,22.5
2014,6,4,4,30,22.3,0,99.66,2.4000000000000004,22.200000000000003
2014,6,4,5,30,22.8,0,95.56,2.9000000000000004,22.1
2014,6,4,6,30,24.5,158,86.26,3.8000000000000003,22.1
2014,6,4,7,30,26.5,188,75.09,4.2,21.700000000000003
2014,6,4,8,30,28.400000000000002,301,65.51,4.2,21.3
2014,6,4,9,30,30.1,475,59.15,4,21.3
2014,6,4,10,30,31.6,632,54.46,3.8000000000000003,21.3
2014,6,4,11,30,32.7,854,51.08,3.8000000000000003,21.3
2014,6,4,12,30,33.5,1018,48.71,3.9000000000000004,21.200000000000003
2014,6,4,13,30,34,984,47.050000000000004,4,21.1
2014,6,4,14,30,34,889,46.730000000000004,4.2,21
2014,6,4,15,30,33.6,738,47.59,4.2,20.900000000000002
2014,6,4,16,30,32.7,551,49.94,4.2,20.900000000000002
2014,6,4,17,30,31.200000000000003,343,54.77,3.9000000000000004,21
2014,6,4,18,30,29.1,138,63.76,3.2,21.5
2014,6,4,19,30,27.200000000000003,0,74.46000000000001,2.9000000000000004,22.3
2014,6,4,20,30,26.1,0,81.36,3,22.700000000000003
2014,6,4,21,30,25.400000000000002,0,86.51,3.1,23
2014,6,4,22,30,24.900000000000002,0,89.78,3.2,23.1
2014,6,4,23,30,24.400000000000002,0,92.21000000000001,3.4000000000000004,23.1
2014,6,5,0,30,23.8,0,94.24,3.4000000000000004,22.8
2014,6,5,1,30,23.200000000000003,0,95.87,3.1,22.5
2014,6,5,2,30,22.5,0,98.5,2.6,22.3
2014,6,5,3,30,22.1,0,99.85000000000001,2,22.1
2014,6,5,4,30,22,0,99.66,2,21.900000000000002
2014,6,5,5,30,22.8,0,94.74,2.8000000000000003,21.900000000000002
2014,6,5,6,30,24.700000000000003,154,85.54,3.8000000000000003,22.1
2014,6,5,7,30,26.8,131,75.57000000000001,4.3,22.1
2014,6,5,8,30,28.900000000000002,253,66.14,4.6000000000000005,21.900000000000002
2014,6,5,9,30,30.6,289,60.050000000000004,4.7,22
2014,6,5,10,30,32,287,55.72,4.7,22
2014,6,5,11,30,33.1,296,52.64,4.800000000000001,22.1
2014,6,5,12,30,33.9,645,50.76,4.800000000000001,22.3
2014,6,5,13,30,34.4,590,49.71,4.7,22.400000000000002
2014,6,5,14,30,34.6,268,49.480000000000004,4.7,22.5
2014,6,5,15,30,34.2,398,50.17,4.7,22.400000000000002
2014,6,5,16,30,33.4,437,51.89,4.800000000000001,22.200000000000003
2014,6,5,17,30,32.2,337,55.410000000000004,4.6000000000000005,22.1
2014,6,5,18,30,30.3,135,62.46,4,22.3
2014,6,5,19,30,28.400000000000002,0,71.7,3.6,22.8
2014,6,5,20,30,27.1,0,78.65,3.6,23.1
2014,6,5,21,30,26.1,0,83.60000000000001,3.5,23.1
2014,6,5,22,30,25.200000000000003,0,86.73,3.4000000000000004,22.8
2014,6,5,23,30,24.400000000000002,0,88.76,3.1,22.400000000000002
2014,6,6,0,30,23.5,0,92.03,2.8000000000000003,22.1
2014,6,6,1,30,22.900000000000002,0,94.72,2.6,22
2014,6,6,2,30,22.5,0,96.91,2.6,22
2014,6,6,3,30,22.3,0,98.36,2.6,22
2014,6,6,4,30,22.5,0,97.57000000000001,2.7,22.1
2014,6,6,5,30,23.3,0,93.88,3.1,22.3
2014,6,6,6,30,25.1,148,85.35000000000001,3.8000000000000003,22.5
2014,6,6,7,30,27.1,354,74.56,4.3,22.200000000000003
2014,6,6,8,30,29.1,563,64.22,4.5,21.700000000000003
2014,6,6,9,30,31,682,55.56,4.6000000000000005,21.1
2014,6,6,10,30,32.6,853,49.24,4.6000000000000005,20.6
2014,6,6,11,30,33.800000000000004,883,45.03,4.5,20.200000000000003
2014,6,6,12,30,34.7,909,42.03,4.5,19.900000000000002
2014,6,6,13,30,35.1,975,40.54,4.4,19.700000000000003
2014,6,6,14,30,35.1,880,40.35,4.5,19.6
2014,6,6,15,30,34.6,727,42.11,4.6000000000000005,19.900000000000002
2014,6,6,16,30,33.5,539,46.2,4.7,20.400000000000002
2014,6,6,17,30,32.1,331,51.67,4.5,20.900000000000002
2014,6,6,18,30,30.1,132,60.050000000000004,3.8000000000000003,21.5
2014,6,6,19,30,28.200000000000003,0,69.98,3.2,22.200000000000003
2014,6,6,20,30,27.1,0,76.84,3.2,22.700000000000003
2014,6,6,21,30,26.200000000000003,0,81.79,3.4000000000000004,22.8
2014,6,6,22,30,25.5,0,84.69,3.5,22.700000000000003
2014,6,6,23,30,24.6,0,87.75,3.4000000000000004,22.400000000000002
2014,6,7,0,30,23.700000000000003,0,90.7,3,22.1
2014,6,7,1,30,22.900000000000002,0,93.64,2.5,21.8
2014,6,7,2,30,22.200000000000003,0,96.95,2.2,21.700000000000003
2014,6,7,3,30,21.8,0,99.44,1.8,21.700000000000003
2014,6,7,4,30,21.6,0,100,1.6,21.6
2014,6,7,5,30,22.6,0,95.5,2.2,21.8
2014,6,7,6,30,24.900000000000002,157,84.62,3.4000000000000004,22.1
2014,6,7,7,30,27.400000000000002,364,72.13,4.1000000000000005,21.900000000000002
2014,6,7,8,30,29.700000000000003,569,61.26,4.3,21.400000000000002
2014,6,7,9,30,31.6,752,54.300000000000004,4.4,21.3
2014,6,7,10,30,33.1,843,49.35,4.4,21.1
2014,6,7,11,30,34.1,980,46.25,4.4,20.900000000000002
2014,6,7,12,30,34.9,1007,44.02,4.4,20.8
2014,6,7,13,30,35.300000000000004,972,42.67,4.3,20.700000000000003
2014,6,7,14,30,35.300000000000004,878,42.230000000000004,4.1000000000000005,20.5
2014,6,7,15,30,35,730,42.6,3.9000000000000004,20.400000000000002
2014,6,7,16,30,34,543,45.1,3.7,20.400000000000002
2014,6,7,17,30,32.6,335,49.78,3.4000000000000004,20.8
2014,6,7,18,30,30.5,134,58.72,2.8000000000000003,21.5
2014,6,7,19,30,28.700000000000003,0,69.28,2.6,22.5
2014,6,7,20,30,27.6,0,75.59,2.7,22.900000000000002
2014,6,7,21,30,26.900000000000002,0,80.64,2.7,23.3
2014,6,7,22,30,26.400000000000002,0,84.04,2.8000000000000003,23.5
2014,6,7,23,30,26,0,86.25,3,23.5
2014,6,8,0,30,25.3,0,89.09,3.2,23.400000000000002
2014,6,8,1,30,24.6,0,91.06,3.2,23
2014,6,8,2,30,23.8,0,94.17,2.7,22.8
2014,6,8,3,30,23.200000000000003,0,97.42,1.9000000000000001,22.8
2014,6,8,4,30,22.900000000000002,0,99.19,1.4000000000000001,22.8
2014,6,8,5,30,23.6,0,95,1.9000000000000001,22.8
2014,6,8,6,30,25.200000000000003,36,87.11,3,22.900000000000002
2014,6,8,7,30,27,189,77.76,3.7,22.8
2014,6,8,8,30,28.8,303,67.95,4.2,22.3
2014,6,8,9,30,30.1,23,61.9,4.7,22
2014,6,8,10,30,30.6,190,59.59,5,21.8
2014,6,8,11,30,31,661,57.69,5.2,21.700000000000003
2014,6,8,12,30,31.700000000000003,878,55.120000000000005,5.2,21.6
2014,6,8,13,30,32.4,958,52.910000000000004,5.1000000000000005,21.6
2014,6,8,14,30,32.7,727,51.94,4.9,21.5
2014,6,8,15,30,32.4,580,52.6,4.6000000000000005,21.5
2014,6,8,16,30,31.6,531,55.06,3.9000000000000004,21.5
2014,6,8,17,30,30.3,219,60.83,2.7,21.900000000000002
2014,6,8,18,30,28.400000000000002,112,74.04,1.7000000000000002,23.3
2014,6,8,19,30,26.900000000000002,0,84.28,1.5,24
2014,6,8,20,30,26.200000000000003,0,85.59,1.9000000000000001,23.6
2014,6,8,21,30,25.700000000000003,0,85.86,2.5,23.200000000000003
2014,6,8,22,30,25.200000000000003,0,86.09,3.2,22.700000000000003
2014,6,8,23,30,24.8,0,86.38,3.7,22.400000000000002
2014,6,9,0,30,24.3,0,87.4,3.9000000000000004,22.1
2014,6,9,1,30,23.8,0,89.78,3.8000000000000003,22
2014,6,9,2,30,23.400000000000002,0,92.99,3.5,22.200000000000003
2014,6,9,3,30,23.1,0,96.3,3.1,22.5
2014,6,9,4,30,23,0,97.81,2.7,22.6
2014,6,9,5,30,23.3,0,96.26,2.8000000000000003,22.700000000000003
2014,6,9,6,30,24.3,96,92.08,3.5,22.900000000000002
2014,6,9,7,30,25.700000000000003,36,86.38,4.3,23.3
2014,6,9,8,30,27.1,24,78.9,4.7,23.1
2014,6,9,9,30,28.1,136,73.19,5,22.8
2014,6,9,10,30,28.700000000000003,180,70.56,5.2,22.8
2014,6,9,11,30,29,939,70.22,5.1000000000000005,23
2014,6,9,12,30,29,974,71.66,4.7,23.400000000000002
2014,6,9,13,30,28.700000000000003,717,74.4,4.2,23.700000000000003
2014,6,9,14,30,28.3,144,76.91,3.6,23.900000000000002
2014,6,9,15,30,27.400000000000002,348,79.27,3.1,23.5
2014,6,9,16,30,25.6,158,83.23,3.2,22.5
2014,6,9,17,30,23.200000000000003,32,87.74,3.6,21.1
2014,6,9,18,30,20.900000000000002,68,90.72,3.6,19.3
2014,6,9,19,30,19.400000000000002,0,91.29,2.7,17.900000000000002
2014,6,9,20,30,18.7,0,91.01,1.5,17.2
2014,6,9,21,30,18.400000000000002,0,91.49,1.2000000000000002,17
2014,6,9,22,30,18,0,92.58,1.4000000000000001,16.8
2014,6,9,23,30,17.6,0,92.73,1.7000000000000002,16.400000000000002
2014,6,10,0,30,17.2,0,92.44,1.8,16
2014,6,10,1,30,17,0,91.18,1.9000000000000001,15.600000000000001
2014,6,10,2,30,16.8,0,89.31,2.1,15
2014,6,10,3,30,16.5,0,87.87,2.3000000000000003,14.5
2014,6,10,4,30,16.3,0,86.52,2.5,14
2014,6,10,5,30,16.900000000000002,0,81.91,3,13.8
2014,6,10,6,30,18.6,158,75.09,3.9000000000000004,14.100000000000001
2014,6,10,7,30,21,366,65.96000000000001,4.6000000000000005,14.4
2014,6,10,8,30,23.3,574,58.550000000000004,5,14.700000000000001
2014,6,10,9,30,25.1,758,54.14,5,15.200000000000001
2014,6,10,10,30,26.700000000000003,902,50.480000000000004,5,15.600000000000001
2014,6,10,11,30,27.900000000000002,991,48.57,4.9,16.1
2014,6,10,12,30,28.8,1020,47.45,4.7,16.5
2014,6,10,13,30,29.5,986,46.64,4.4,16.900000000000002
2014,6,10,14,30,29.700000000000003,891,46.84,4,17.1
2014,6,10,15,30,29.700000000000003,745,47.21,3.6,17.3
2014,6,10,16,30,29.200000000000003,557,48.480000000000004,3,17.2
2014,6,10,17,30,27.900000000000002,349,54.63,1.9000000000000001,17.900000000000002
2014,6,10,18,30,25.900000000000002,144,71.62,1.1,20.400000000000002
2014,6,10,19,30,24.6,0,73.99,0.9,19.700000000000003
2014,6,10,20,30,24.3,0,68.45,0.8,18.1
2014,6,10,21,30,24,0,66.64,0.6000000000000001,17.400000000000002
2014,6,10,22,30,23.700000000000003,0,65.99,0.4,17
2014,6,10,23,30,23.3,0,66.18,0.30000000000000004,16.6
2014,6,11,0,30,22.5,0,68.49,0.4,16.400000000000002
2014,6,11,1,30,21.6,0,72.09,0.6000000000000001,16.400000000000002
2014,6,11,2,30,20.400000000000002,0,77.57000000000001,0.8,16.3
2014,6,11,3,30,19.200000000000003,0,83.56,0.9,16.3
2014,6,11,4,30,18.400000000000002,0,87.91,1,16.400000000000002
2014,6,11,5,30,19.200000000000003,0,84.45,1.3,16.5
2014,6,11,6,30,21.400000000000002,156,79.92,1.7000000000000002,17.8
2014,6,11,7,30,24.1,361,69.59,1.9000000000000001,18.2
2014,6,11,8,30,27.200000000000003,566,60.1,2.3000000000000003,18.8
2014,6,11,9,30,29.3,748,52.43,2.5,18.6
2014,6,11,10,30,30.6,889,50.230000000000004,2.4000000000000004,19.1
2014,6,11,11,30,31.700000000000003,976,48.57,2.4000000000000004,19.5
2014,6,11,12,30,32.5,1007,47.47,2.4000000000000004,19.900000000000002
2014,6,11,13,30,32.9,972,47.17,2.5,20.200000000000003
2014,6,11,14,30,33.1,879,47.18,2.6,20.3
2014,6,11,15,30,32.9,731,48.07,2.8000000000000003,20.5
2014,6,11,16,30,32.1,546,50.36,2.9000000000000004,20.5
2014,6,11,17,30,30.400000000000002,340,58.120000000000005,2.6,21.200000000000003
2014,6,11,18,30,28,139,72.69,2.2,22.6
2014,6,11,19,30,26.200000000000003,0,78.94,2.5,22.3
2014,6,11,20,30,25.5,0,80.36,2.9000000000000004,21.900000000000002
2014,6,11,21,30,24.900000000000002,0,84.12,2.7,22
2014,6,11,22,30,24.5,0,87.03,2.8000000000000003,22.200000000000003
2014,6,11,23,30,24.200000000000003,0,88.28,3.3000000000000003,22.1
2014,6,12,0,30,23.900000000000002,0,88.99,3.6,22
2014,6,12,1,30,23.5,0,90.9,3.5,21.900000000000002
2014,6,12,2,30,23,0,94.7,3,22.1
2014,6,12,3,30,22.700000000000003,0,98.33,2.6,22.400000000000002
2014,6,12,4,30,22.8,0,99.37,2.6,22.700000000000003
2014,6,12,5,30,23.5,0,96.67,3.1,22.900000000000002
2014,6,12,6,30,25,131,91.34,3.4000000000000004,23.5
2014,6,12,7,30,26.5,74,87.44,3.3000000000000003,24.200000000000003
2014,6,12,8,30,27.700000000000003,197,82.8,2.9000000000000004,24.5
2014,6,12,9,30,28.3,172,80.46000000000001,2.5,24.6
2014,6,12,10,30,28.700000000000003,750,79.19,2.5,24.700000000000003
2014,6,12,11,30,29.1,163,77.46000000000001,3.5,24.8
2014,6,12,12,30,29.6,484,74.9,4.4,24.700000000000003
2014,6,12,13,30,30,936,72.62,4.4,24.5
2014,6,12,14,30,30.1,755,71.73,3.7,24.400000000000002
2014,6,12,15,30,30,284,71.08,2.7,24.200000000000003
2014,6,12,16,30,29.6,364,71.57000000000001,2,23.900000000000002
2014,6,12,17,30,28.700000000000003,231,76.02,1.5,24.1
2014,6,12,18,30,27.1,120,85.44,1.1,24.400000000000002
2014,6,12,19,30,25.6,0,93.42,1,24.5
2014,6,12,20,30,24.900000000000002,0,94.07000000000001,1.1,23.900000000000002
2014,6,12,21,30,24.400000000000002,0,95.43,1.3,23.6
2014,6,12,22,30,24,0,96.93,1.4000000000000001,23.5
2014,6,12,23,30,23.700000000000003,0,98.14,1.6,23.400000000000002
2014,6,13,0,30,23.400000000000002,0,99.31,1.7000000000000002,23.3
2014,6,13,1,30,23.200000000000003,0,100,1.5,23.200000000000003
2014,6,13,2,30,23.1,0,99.65,1.2000000000000002,23
2014,6,13,3,30,23,0,100,1.2000000000000002,23
2014,6,13,4,30,22.8,0,100,1.1,22.8
2014,6,13,5,30,23,0,98.51,0.9,22.8
2014,6,13,6,30,24.1,128,94.53,1.2000000000000002,23.200000000000003
2014,6,13,7,30,25.700000000000003,322,87.59,1.6,23.5
2014,6,13,8,30,27.6,525,79.4,1.6,23.700000000000003
2014,6,13,9,30,29,705,72.43,1.5,23.5
2014,6,13,10,30,30,844,68.01,1.3,23.5
2014,6,13,11,30,30.700000000000003,931,64.94,1.1,23.400000000000002
2014,6,13,12,30,31.200000000000003,974,62.5,1,23.200000000000003
2014,6,13,13,30,31.3,939,61.58,1.1,23
2014,6,13,14,30,31.3,848,61.14,1.2000000000000002,22.900000000000002
2014,6,13,15,30,31,704,61.84,1.4000000000000001,22.8
2014,6,13,16,30,30.400000000000002,525,64.16,1.5,22.900000000000002
2014,6,13,17,30,29.5,326,68.64,1.4000000000000001,23.1
2014,6,13,18,30,27.900000000000002,133,79.38,1.1,24
2014,6,13,19,30,26.3,0,89.23,1,24.400000000000002
2014,6,13,20,30,25.6,0,89.27,1.2000000000000002,23.700000000000003
2014,6,13,21,30,25.1,0,89.74,1.4000000000000001,23.3
2014,6,13,22,30,24.6,0,90.42,1.7000000000000002,22.900000000000002
2014,6,13,23,30,24.1,0,91.87,1.7000000000000002,22.700000000000003
2014,6,14,0,30,23.6,0,93.89,1.6,22.6
2014,6,14,1,30,23.200000000000003,0,95.22,1.8,22.400000000000002
2014,6,14,2,30,22.8,0,96.39,1.9000000000000001,22.200000000000003
2014,6,14,3,30,22.400000000000002,0,98.11,1.8,22.1
2014,6,14,4,30,22.1,0,99.67,1.7000000000000002,22
2014,6,14,5,30,22.6,0,96.77,2.1,22.1
2014,6,14,6,30,24,115,90.75,2.8000000000000003,22.400000000000002
2014,6,14,7,30,25.5,265,84.73,3.3000000000000003,22.700000000000003
2014,6,14,8,30,27.200000000000003,423,74.27,3.7,22.200000000000003
2014,6,14,9,30,28.700000000000003,703,65.64,4,21.6
2014,6,14,10,30,29.8,736,61.01,4.2,21.5
2014,6,14,11,30,30.400000000000002,948,59.870000000000005,4.3,21.700000000000003
2014,6,14,12,30,30.6,977,60.24,4.4,22
2014,6,14,13,30,30.3,717,62.01,4.4,22.200000000000003
2014,6,14,14,30,29.900000000000002,630,63.870000000000005,4.2,22.3
2014,6,14,15,30,29.6,708,65.6,4.1000000000000005,22.5
2014,6,14,16,30,29.1,529,68.52,3.7,22.700000000000003
2014,6,14,17,30,28.3,330,73.74,3.1,23.200000000000003
2014,6,14,18,30,27.1,61,81.63,2.6,23.700000000000003
2014,6,14,19,30,26.200000000000003,0,85.99,2.8000000000000003,23.700000000000003
2014,6,14,20,30,25.8,0,87.28,3.3000000000000003,23.5
2014,6,14,21,30,25.400000000000002,0,88.91,3.6,23.400000000000002
2014,6,14,22,30,24.900000000000002,0,90.68,3.8000000000000003,23.3
2014,6,14,23,30,24.3,0,92.36,3.9000000000000004,23
2014,6,15,0,30,23.700000000000003,0,94.34,3.8000000000000003,22.700000000000003
2014,6,15,1,30,23.200000000000003,0,96.79,3.6,22.700000000000003
2014,6,15,2,30,22.900000000000002,0,98.77,3.4000000000000004,22.700000000000003
2014,6,15,3,30,22.900000000000002,0,98.94,3.4000000000000004,22.700000000000003
2014,6,15,4,30,23,0,98.47,3.6,22.700000000000003
2014,6,15,5,30,23.700000000000003,0,94.83,3.9000000000000004,22.8
2014,6,15,6,30,25.200000000000003,146,88.16,4.5,23.1
2014,6,15,7,30,26.8,343,79.54,4.9,23
2014,6,15,8,30,28.200000000000003,543,70.9,4.800000000000001,22.400000000000002
2014,6,15,9,30,29.6,529,64.38,4.7,22.200000000000003
2014,6,15,10,30,30.900000000000002,789,59.42,4.7,22.1
2014,6,15,11,30,32,765,55.6,4.7,22
2014,6,15,12,30,32.6,928,53.49,4.9,21.900000000000002
2014,6,15,13,30,32.9,959,52.31,4.9,21.8
2014,6,15,14,30,32.9,870,51.74,4.9,21.700000000000003
2014,6,15,15,30,32.6,717,52.28,4.7,21.6
2014,6,15,16,30,31.900000000000002,536,54.28,4.4,21.5
2014,6,15,17,30,30.6,333,59.25,3.8000000000000003,21.700000000000003
2014,6,15,18,30,28.8,127,67.83,3.1,22.3
2014,6,15,19,30,27.3,0,74.06,2.9000000000000004,22.3
2014,6,15,20,30,26.400000000000002,0,77.91,3.1,22.200000000000003
2014,6,15,21,30,25.700000000000003,0,81.58,3.1,22.3
2014,6,15,22,30,25,0,85.44,3,22.400000000000002
2014,6,15,23,30,24.400000000000002,0,89.09,2.8000000000000003,22.5
2014,6,16,0,30,23.900000000000002,0,92.62,2.7,22.6
2014,6,16,1,30,23.6,0,95.78,2.7,22.900000000000002
2014,6,16,2,30,23.5,0,97.92,2.7,23.200000000000003
2014,6,16,3,30,23.5,0,98.82000000000001,2.6,23.3
2014,6,16,4,30,23.6,0,98.59,2.6,23.400000000000002
2014,6,16,5,30,24.200000000000003,0,95.41,3.1,23.400000000000002
2014,6,16,6,30,25.5,129,89.5,3.9000000000000004,23.6
2014,6,16,7,30,27.1,255,80.99,4.6000000000000005,23.6
2014,6,16,8,30,28.5,531,73.19,4.9,23.200000000000003
2014,6,16,9,30,29.8,714,67.45,5,23.1
2014,6,16,10,30,31,858,62.120000000000005,5,22.900000000000002
2014,6,16,11,30,32,946,58.19,5.1000000000000005,22.8
2014,6,16,12,30,32.6,988,55.93,5.2,22.700000000000003
2014,6,16,13,30,32.9,953,54.21,5.300000000000001,22.400000000000002
2014,6,16,14,30,32.9,861,53.160000000000004,5.300000000000001,22.1
2014,6,16,15,30,32.7,716,52.49,5.1000000000000005,21.700000000000003
2014,6,16,16,30,32,533,53.620000000000005,4.800000000000001,21.400000000000002
2014,6,16,17,30,30.8,330,57.39,4.1000000000000005,21.400000000000002
2014,6,16,18,30,29.200000000000003,134,64.3,3.7,21.8
2014,6,16,19,30,28,0,68.74,3.7,21.700000000000003
2014,6,16,20,30,27.1,0,72.53,3.7,21.700000000000003
2014,6,16,21,30,26.3,0,76.61,3.6,21.900000000000002
2014,6,16,22,30,25.400000000000002,0,81.81,3.5,22.1
2014,6,16,23,30,24.700000000000003,0,86.5,3.4000000000000004,22.3
2014,6,17,0,30,24.200000000000003,0,90.47,3.5,22.5
2014,6,17,1,30,24,0,93.36,3.5,22.900000000000002
2014,6,17,2,30,24,0,95.04,3.6,23.200000000000003
2014,6,17,3,30,24.1,0,95.91,3.5,23.400000000000002
2014,6,17,4,30,24.200000000000003,0,96.29,3.5,23.6
2014,6,17,5,30,24.8,0,93.75,4,23.700000000000003
2014,6,17,6,30,26.1,137,88.06,4.7,24
2014,6,17,7,30,27.6,335,79.87,5.4,23.8
2014,6,17,8,30,28.900000000000002,455,70.65,5.7,23
2014,6,17,9,30,30,593,63.980000000000004,5.7,22.400000000000002
2014,6,17,10,30,31,714,58.89,5.6000000000000005,22
2014,6,17,11,30,31.8,880,55.29,5.5,21.700000000000003
2014,6,17,12,30,32.2,849,53.5,5.300000000000001,21.6
2014,6,17,13,30,32.300000000000004,944,52.85,5.2,21.5
2014,6,17,14,30,32.1,853,53.15,5,21.400000000000002
2014,6,17,15,30,31.6,706,54.36,4.6000000000000005,21.3
2014,6,17,16,30,30.900000000000002,528,56.59,3.9000000000000004,21.3
2014,6,17,17,30,29.900000000000002,329,61.230000000000004,3.1,21.6
2014,6,17,18,30,28.400000000000002,124,69.01,2.5,22.200000000000003
2014,6,17,19,30,27.200000000000003,0,74.58,2.6,22.3
2014,6,17,20,30,26.5,0,76.29,3.1,22
2014,6,17,21,30,25.8,0,78.32000000000001,3.4000000000000004,21.700000000000003
2014,6,17,22,30,24.900000000000002,0,82.12,3.5,21.6
2014,6,17,23,30,24.3,0,85.34,3.7,21.700000000000003
2014,6,18,0,30,24,0,88.55,4.1000000000000005,22
2014,6,18,1,30,23.900000000000002,0,91.9,4.2,22.5
2014,6,18,2,30,23.900000000000002,0,93.89,4,22.900000000000002
2014,6,18,3,30,23.900000000000002,0,95.18,3.8000000000000003,23.1
2014,6,18,4,30,23.900000000000002,0,96.01,3.7,23.200000000000003
2014,6,18,5,30,24.400000000000002,0,93.87,3.8000000000000003,23.3
2014,6,18,6,30,25.6,99,88.37,4.4,23.5
2014,6,18,7,30,27.3,271,80.41,5.1000000000000005,23.6
2014,6,18,8,30,28.700000000000003,331,73.11,5.5,23.400000000000002
2014,6,18,9,30,29.700000000000003,655,67.32000000000001,5.5,23
2014,6,18,10,30,30.8,862,61.78,5.300000000000001,22.6
2014,6,18,11,30,31.900000000000002,956,56.46,5,22.200000000000003
2014,6,18,12,30,32.9,989,51.64,4.800000000000001,21.6
2014,6,18,13,30,33.300000000000004,957,49.09,4.7,21.200000000000003
2014,6,18,14,30,33,865,49.28,4.800000000000001,21
2014,6,18,15,30,32.2,718,51.79,4.7,21
2014,6,18,16,30,31.200000000000003,533,55.79,4.4,21.3
2014,6,18,17,30,30,329,61.57,3.8000000000000003,21.8
2014,6,18,18,30,28.6,81,69.95,3.3000000000000003,22.6
2014,6,18,19,30,27.3,0,77.32000000000001,3.4000000000000004,23
2014,6,18,20,30,26.400000000000002,0,82.84,3.6,23.200000000000003
2014,6,18,21,30,25.6,0,87.13,3.7,23.3
2014,6,18,22,30,24.900000000000002,0,89.60000000000001,3.7,23.1
2014,6,18,23,30,24.200000000000003,0,91.57000000000001,3.6,22.700000000000003
2014,6,19,0,30,23.8,0,92.42,3.7,22.5
2014,6,19,1,30,23.700000000000003,0,92.71000000000001,3.8000000000000003,22.400000000000002
2014,6,19,2,30,23.6,0,93.54,3.6,22.5
2014,6,19,3,30,23.6,0,93.87,3.4000000000000004,22.6
2014,6,19,4,30,23.5,0,94.76,3.1,22.6
2014,6,19,5,30,23.8,0,93.42,3.2,22.700000000000003
2014,6,19,6,30,25,98,87.58,3.7,22.8
2014,6,19,7,30,26.700000000000003,291,78.43,4.3,22.6
2014,6,19,8,30,28.400000000000002,425,68.4,4.5,22
2014,6,19,9,30,29.900000000000002,543,60.800000000000004,4.3,21.5
2014,6,19,10,30,31.200000000000003,833,54.46,4,20.900000000000002
2014,6,19,11,30,32.300000000000004,963,49.92,3.8000000000000003,20.5
2014,6,19,12,30,33.2,865,46.72,3.7,20.3
2014,6,19,13,30,33.800000000000004,909,44.58,3.6,20.1
2014,6,19,14,30,33.9,679,43.71,3.4000000000000004,19.8
2014,6,19,15,30,33.5,547,44.51,3.4000000000000004,19.8
2014,6,19,16,30,32.800000000000004,396,46.54,3.3000000000000003,19.900000000000002
2014,6,19,17,30,31.400000000000002,324,51,2.8000000000000003,20
2014,6,19,18,30,29.1,116,61.7,2,21
2014,6,19,19,30,27.200000000000003,0,72.95,1.7000000000000002,21.900000000000002
2014,6,19,20,30,26.400000000000002,0,75.51,1.8,21.700000000000003
2014,6,19,21,30,25.8,0,77.81,1.7000000000000002,21.6
2014,6,19,22,30,25.3,0,80.24,1.7000000000000002,21.700000000000003
2014,6,19,23,30,24.900000000000002,0,81.92,1.9000000000000001,21.6
2014,6,20,0,30,24.400000000000002,0,83.64,1.9000000000000001,21.400000000000002
2014,6,20,1,30,23.8,0,86.28,1.7000000000000002,21.400000000000002
2014,6,20,2,30,23.1,0,90.43,1.2000000000000002,21.400000000000002
2014,6,20,3,30,22.5,0,94.33,0.9,21.5
2014,6,20,4,30,22.200000000000003,0,96.16,0.8,21.6
2014,6,20,5,30,23,0,92.18,1,21.700000000000003
2014,6,20,6,30,24.700000000000003,96,84.87,1.7000000000000002,22
2014,6,20,7,30,26.400000000000002,260,77.29,2.2,22.1
2014,6,20,8,30,28.1,377,68.7,2.5,21.8
2014,6,20,9,30,29.6,473,61.46,2.5,21.400000000000002
2014,6,20,10,30,30.8,807,55.730000000000004,2.6,20.900000000000002
2014,6,20,11,30,31.6,893,51.92,2.6,20.5
2014,6,20,12,30,32.1,808,49.43,2.6,20.200000000000003
2014,6,20,13,30,32.300000000000004,816,48.17,2.4000000000000004,20
2014,6,20,14,30,32.300000000000004,833,47.78,2.3000000000000003,19.8
2014,6,20,15,30,32.2,617,47.99,2.2,19.8
2014,6,20,16,30,31.700000000000003,430,49.28,2.3000000000000003,19.8
2014,6,20,17,30,30.700000000000003,291,52.35,2.2,19.8
2014,6,20,18,30,28.6,99,62.32,1.6,20.700000000000003
2014,6,20,19,30,26.700000000000003,0,76.62,1.3,22.3
2014,6,20,20,30,25.900000000000002,0,79.03,1.5,22
2014,6,20,21,30,25.6,0,79.5,1.7000000000000002,21.8
2014,6,20,22,30,25.200000000000003,0,80.91,1.9000000000000001,21.700000000000003
2014,6,20,23,30,24.900000000000002,0,82.15,2.1,21.6
2014,6,21,0,30,24.5,0,83.84,2.3000000000000003,21.6
2014,6,21,1,30,24.200000000000003,0,85.29,2.4000000000000004,21.6
2014,6,21,2,30,23.8,0,87.82000000000001,2.3000000000000003,21.700000000000003
2014,6,21,3,30,23.200000000000003,0,92.18,1.8,21.900000000000002
2014,6,21,4,30,22.700000000000003,0,96.15,1.2000000000000002,22.1
2014,6,21,5,30,23.200000000000003,0,94.05,1.4000000000000001,22.200000000000003
2014,6,21,6,30,24.700000000000003,36,86.87,2.1,22.400000000000002
2014,6,21,7,30,26.400000000000002,122,76.95,2.4000000000000004,22
2014,6,21,8,30,28.200000000000003,413,65.55,2.6,21.1
2014,6,21,9,30,29.8,474,56.32,2.7,20.200000000000003
2014,6,21,10,30,31.1,580,50.11,2.7,19.5
2014,6,21,11,30,32.2,531,46.36,2.5,19.200000000000003
2014,6,21,12,30,33,670,44.26,2.3000000000000003,19.200000000000003
2014,6,21,13,30,33.4,783,43.37,2.3000000000000003,19.3
2014,6,21,14,30,33.5,595,43.29,2.3000000000000003,19.3
2014,6,21,15,30,33,499,45.01,2.3000000000000003,19.5
2014,6,21,16,30,32,268,48.44,2.2,19.8
2014,6,21,17,30,30.6,144,54.83,1.9000000000000001,20.5
2014,6,21,18,30,28.8,3,66.85,1.5,22
2014,6,21,19,30,27.400000000000002,0,78.10000000000001,1.4000000000000001,23.200000000000003
2014,6,21,20,30,26.700000000000003,0,80.28,1.7000000000000002,23
2014,6,21,21,30,26.3,0,81.63,2,22.900000000000002
2014,6,21,22,30,25.8,0,83.69,2.2,22.8
2014,6,21,23,30,25.400000000000002,0,85.61,2.4000000000000004,22.8
2014,6,22,0,30,25,0,87.55,2.6,22.8
2014,6,22,1,30,24.5,0,89.84,2.6,22.700000000000003
2014,6,22,2,30,24,0,92.4,2.3000000000000003,22.700000000000003
2014,6,22,3,30,23.6,0,94.95,1.8,22.700000000000003
2014,6,22,4,30,23.400000000000002,0,96.94,1.4000000000000001,22.900000000000002
2014,6,22,5,30,23.6,0,96.79,1.5,23.1
2014,6,22,6,30,24,3,95.85000000000001,1.8,23.3
2014,6,22,7,30,24.6,19,94.46000000000001,2.3000000000000003,23.700000000000003
2014,6,22,8,30,25.1,158,93.44,2.9000000000000004,24
2014,6,22,9,30,25.6,327,91.54,3.4000000000000004,24.1
2014,6,22,10,30,26,367,88.95,3.8000000000000003,24
2014,6,22,11,30,26.400000000000002,432,85.48,4,23.8
2014,6,22,12,30,26.700000000000003,371,82.41,4.1000000000000005,23.5
2014,6,22,13,30,27.1,445,79.29,3.9000000000000004,23.200000000000003
2014,6,22,14,30,27.3,518,78.15,3.4000000000000004,23.200000000000003
2014,6,22,15,30,27.200000000000003,364,79.24,2.9000000000000004,23.3
2014,6,22,16,30,26.8,144,81.76,2.5,23.400000000000002
2014,6,22,17,30,26.200000000000003,95,85.46000000000001,2,23.6
2014,6,22,18,30,25.400000000000002,8,90.11,1.7000000000000002,23.700000000000003
2014,6,22,19,30,24.8,0,91.54,1.8,23.3
2014,6,22,20,30,24.6,0,91.32000000000001,2,23.1
2014,6,22,21,30,24.400000000000002,0,91.73,2.3000000000000003,23
2014,6,22,22,30,24.200000000000003,0,91.68,2.6,22.8
2014,6,22,23,30,23.900000000000002,0,91.87,2.9000000000000004,22.5
2014,6,23,0,30,23.5,0,92.85000000000001,3.1,22.3
2014,6,23,1,30,23.200000000000003,0,93.92,3,22.200000000000003
2014,6,23,2,30,22.900000000000002,0,96.15,2.6,22.3
2014,6,23,3,30,22.8,0,97.85000000000001,1.9000000000000001,22.400000000000002
2014,6,23,4,30,22.900000000000002,0,98.54,1.6,22.700000000000003
2014,6,23,5,30,23.3,0,97.06,2,22.8
2014,6,23,6,30,24.400000000000002,32,93.71000000000001,2.9000000000000004,23.3
2014,6,23,7,30,26,81,88.96000000000001,3.7,24
2014,6,23,8,30,27.8,145,81.08,4.2,24.3
2014,6,23,9,30,29.3,40,73.99,4.3,24.200000000000003
2014,6,23,10,30,30.5,238,69.55,4.3,24.3
2014,6,23,11,30,31.3,802,66.66,4.2,24.400000000000002
2014,6,23,12,30,31.8,978,65.08,4,24.400000000000002
2014,6,23,13,30,31.8,853,65.02,3.5,24.400000000000002
2014,6,23,14,30,31.3,854,67.12,2.8000000000000003,24.5
2014,6,23,15,30,30.700000000000003,716,70.61,2.1,24.700000000000003
2014,6,23,16,30,29.900000000000002,536,76.24,1.6,25.3
2014,6,23,17,30,29,335,80.18,1.3,25.200000000000003
2014,6,23,18,30,27.900000000000002,140,87.27,1.1,25.6
2014,6,23,19,30,27.1,0,91.4,1.2000000000000002,25.6
2014,6,23,20,30,26.5,0,92.98,1.4000000000000001,25.3
2014,6,23,21,30,26,0,94.69,1.7000000000000002,25.1
2014,6,23,22,30,25.6,0,95.65,1.8,24.900000000000002
2014,6,23,23,30,25.200000000000003,0,96.28,1.9000000000000001,24.6
2014,6,24,0,30,24.8,0,96.65,2,24.200000000000003
2014,6,24,1,30,24.400000000000002,0,97.12,1.9000000000000001,23.900000000000002
2014,6,24,2,30,24.1,0,97.36,1.9000000000000001,23.700000000000003
2014,6,24,3,30,23.8,0,97.73,1.9000000000000001,23.400000000000002
2014,6,24,4,30,23.700000000000003,0,97.39,2,23.3
2014,6,24,5,30,23.900000000000002,0,95.78,2.1,23.200000000000003
2014,6,24,6,30,24.6,122,93.15,2.4000000000000004,23.400000000000002
2014,6,24,7,30,25.8,249,88.31,2.7,23.700000000000003
2014,6,24,8,30,27.3,521,81.17,2.7,23.8
2014,6,24,9,30,28.900000000000002,604,73.3,2.5,23.6
2014,6,24,10,30,30.200000000000003,698,67.89,2.2,23.6
2014,6,24,11,30,30.700000000000003,850,65.88,1.9000000000000001,23.6
2014,6,24,12,30,30.700000000000003,887,65.57000000000001,1.8,23.5
2014,6,24,13,30,30.3,791,67.25,1.7000000000000002,23.6
2014,6,24,14,30,29.900000000000002,709,70.64,1.5,24
2014,6,24,15,30,29.5,648,72.52,1.3,24
2014,6,24,16,30,28.8,378,74.15,1.1,23.700000000000003
2014,6,24,17,30,27.700000000000003,150,76.94,1,23.3
2014,6,24,18,30,26.200000000000003,35,86.33,0.9,23.700000000000003
2014,6,24,19,30,24.8,0,93.83,1.1,23.700000000000003
2014,6,24,20,30,24,0,93.56,1.6,22.900000000000002
2014,6,24,21,30,23.6,0,94.22,1.9000000000000001,22.6
2014,6,24,22,30,23.3,0,96.37,2,22.700000000000003
2014,6,24,23,30,23.1,0,98.53,1.8,22.900000000000002
2014,6,25,0,30,23.1,0,99.04,1.8,22.900000000000002
2014,6,25,1,30,23,0,99.78,1.9000000000000001,23
2014,6,25,2,30,23,0,99.69,1.9000000000000001,22.900000000000002
2014,6,25,3,30,22.8,0,100,1.6,22.8
2014,6,25,4,30,22.700000000000003,0,100,1.4000000000000001,22.700000000000003
2014,6,25,5,30,23.1,0,97.77,1.6,22.700000000000003
2014,6,25,6,30,24,35,95.34,2,23.200000000000003
2014,6,25,7,30,25.1,135,91.95,2.2,23.700000000000003
2014,6,25,8,30,26.200000000000003,334,87.77,2.4000000000000004,24
2014,6,25,9,30,27.200000000000003,407,82.39,2.7,23.900000000000002
2014,6,25,10,30,28,665,77.66,2.9000000000000004,23.700000000000003
2014,6,25,11,30,28.700000000000003,237,73.13,3,23.400000000000002
2014,6,25,12,30,29.1,214,70.22,3.1,23.1
2014,6,25,13,30,29.1,243,68.92,3.4000000000000004,22.8
2014,6,25,14,30,28.900000000000002,394,68.62,3.6,22.5
2014,6,25,15,30,28.400000000000002,595,69.8,3.8000000000000003,22.400000000000002
2014,6,25,16,30,27.6,262,72.34,3.7,22.200000000000003
2014,6,25,17,30,26.5,292,77.88,3.1,22.3
2014,6,25,18,30,25.1,136,86.94,2.5,22.8
2014,6,25,19,30,23.900000000000002,0,93.41,2.3000000000000003,22.8
2014,6,25,20,30,23.400000000000002,0,96.16,2.3000000000000003,22.8
2014,6,25,21,30,23.1,0,98.38,2,22.8
2014,6,25,22,30,23.1,0,98.62,1.8,22.900000000000002
2014,6,25,23,30,23,0,99.24000000000001,1.7000000000000002,22.900000000000002
2014,6,26,0,30,22.900000000000002,0,99.76,1.6,22.900000000000002
2014,6,26,1,30,22.8,0,100,1.6,22.8
2014,6,26,2,30,22.8,0,99.83,1.8,22.8
2014,6,26,3,30,22.8,0,99.78,2,22.8
2014,6,26,4,30,22.8,0,99.62,2.2,22.700000000000003
2014,6,26,5,30,23,0,98.17,2.4000000000000004,22.700000000000003
2014,6,26,6,30,23.400000000000002,132,96.58,2.9000000000000004,22.8
2014,6,26,7,30,24.200000000000003,328,93.71000000000001,3.4000000000000004,23.1
2014,6,26,8,30,25.5,293,87.49,3.8000000000000003,23.3
2014,6,26,9,30,26.900000000000002,423,78.99,4,22.900000000000002
2014,6,26,10,30,28.1,260,72.2,4,22.6
2014,6,26,11,30,29.1,948,67.83,3.9000000000000004,22.6
2014,6,26,12,30,29.6,978,65.85,3.9000000000000004,22.5
2014,6,26,13,30,29.8,804,65.04,3.9000000000000004,22.5
2014,6,26,14,30,29.700000000000003,579,65.45,3.8000000000000003,22.5
2014,6,26,15,30,29.3,720,66.97,3.7,22.5
2014,6,26,16,30,28.5,500,70.46000000000001,3.6,22.6
2014,6,26,17,30,27.5,213,76.09,3.3000000000000003,22.900000000000002
2014,6,26,18,30,26.200000000000003,129,84.57000000000001,3.1,23.400000000000002
2014,6,26,19,30,25.200000000000003,0,90.41,3.3000000000000003,23.5
2014,6,26,20,30,24.6,0,94.55,3.7,23.700000000000003
2014,6,26,21,30,24.200000000000003,0,96.61,4,23.6
2014,6,26,22,30,23.900000000000002,0,96.58,4,23.3
2014,6,26,23,30,23.5,0,96.96000000000001,3.7,23
2014,6,27,0,30,23.200000000000003,0,97.31,3.3000000000000003,22.700000000000003
2014,6,27,1,30,23,0,97.66,3,22.6
2014,6,27,2,30,22.900000000000002,0,97.83,2.7,22.5
2014,6,27,3,30,22.900000000000002,0,97.84,2.6,22.5
2014,6,27,4,30,22.900000000000002,0,98.15,2.6,22.6
2014,6,27,5,30,23.400000000000002,0,95.81,3.1,22.700000000000003
2014,6,27,6,30,24.6,133,91,4.1000000000000005,23
2014,6,27,7,30,26.200000000000003,332,83.84,4.9,23.3
2014,6,27,8,30,27.8,248,75.18,5.6000000000000005,23
2014,6,27,9,30,29.200000000000003,725,67.49,5.9,22.6
2014,6,27,10,30,30.400000000000002,869,62.33,6,22.400000000000002
2014,6,27,11,30,31.3,625,59.31,6,22.400000000000002
2014,6,27,12,30,31.8,642,57.77,6,22.5
2014,6,27,13,30,31.900000000000002,663,57.64,5.9,22.5
2014,6,27,14,30,31.700000000000003,852,58.4,5.9,22.5
2014,6,27,15,30,31.3,723,59.89,5.800000000000001,22.6
2014,6,27,16,30,30.6,540,62.45,5.6000000000000005,22.6
2014,6,27,17,30,29.400000000000002,337,67.07000000000001,5.1000000000000005,22.6
2014,6,27,18,30,28.1,141,72.56,4.7,22.700000000000003
2014,6,27,19,30,27,0,76.94,4.4,22.6
2014,6,27,20,30,26.1,0,81.94,4.2,22.8
2014,6,27,21,30,25.400000000000002,0,87.15,4,23.1
2014,6,27,22,30,25,0,91.17,4.2,23.5
2014,6,27,23,30,24.8,0,93.89,4.5,23.700000000000003
2014,6,28,0,30,24.700000000000003,0,95.23,4.800000000000001,23.900000000000002
2014,6,28,1,30,24.6,0,95.9,4.9,23.900000000000002
2014,6,28,2,30,24.5,0,96.28,4.7,23.900000000000002
2014,6,28,3,30,24.5,0,96.12,4.6000000000000005,23.8
2014,6,28,4,30,24.400000000000002,0,96.43,4.4,23.8
2014,6,28,5,30,24.700000000000003,0,94.42,4.5,23.700000000000003
2014,6,28,6,30,25.6,127,89.84,5,23.8
2014,6,28,7,30,27,104,81.05,5.7,23.5
2014,6,28,8,30,28.400000000000002,332,71.45,6,22.700000000000003
2014,6,28,9,30,29.700000000000003,632,64.3,6,22.200000000000003
2014,6,28,10,30,30.8,524,60.13,6,22.200000000000003
2014,6,28,11,30,31.700000000000003,755,57.86,6,22.400000000000002
2014,6,28,12,30,32.2,437,57.050000000000004,6,22.6
2014,6,28,13,30,32.2,937,57.64,5.7,22.8
2014,6,28,14,30,31.8,811,59.46,5.2,22.900000000000002
2014,6,28,15,30,31.3,404,61.730000000000004,4.7,23.1
2014,6,28,16,30,30.700000000000003,292,64.58,4.3,23.3
2014,6,28,17,30,29.700000000000003,262,69.07000000000001,4.1000000000000005,23.400000000000002
2014,6,28,18,30,28.6,106,73.29,4,23.400000000000002
2014,6,28,19,30,27.6,0,76.48,3.9000000000000004,23.1
2014,6,28,20,30,26.8,0,79.83,3.9000000000000004,23
2014,6,28,21,30,26.3,0,82.87,3.9000000000000004,23.200000000000003
2014,6,28,22,30,25.8,0,87.24,4.2,23.5
2014,6,28,23,30,25.5,0,91.07000000000001,4.5,23.900000000000002
2014,6,29,0,30,25.3,0,93.37,4.7,24.200000000000003
2014,6,29,1,30,25.200000000000003,0,93.94,4.7,24.200000000000003
2014,6,29,2,30,25.1,0,94.08,4.6000000000000005,24.1
2014,6,29,3,30,25,0,94.22,4.2,24
2014,6,29,4,30,24.8,0,94.84,3.8000000000000003,23.900000000000002
2014,6,29,5,30,24.900000000000002,0,94.02,3.6,23.900000000000002
2014,6,29,6,30,25.700000000000003,118,90.24,3.9000000000000004,24
2014,6,29,7,30,26.900000000000002,306,83.33,4.5,23.8
2014,6,29,8,30,28.3,503,74.60000000000001,5,23.400000000000002
2014,6,29,9,30,29.700000000000003,684,67.45,5.2,23
2014,6,29,10,30,30.900000000000002,827,62.07,5.300000000000001,22.8
2014,6,29,11,30,32,921,57.72,5.300000000000001,22.6
2014,6,29,12,30,32.9,962,54.51,5.4,22.5
2014,6,29,13,30,33.300000000000004,930,53.01,5.4,22.400000000000002
2014,6,29,14,30,33.4,839,52.92,5.4,22.5
2014,6,29,15,30,33.1,710,54.22,5.4,22.6
2014,6,29,16,30,32.300000000000004,531,57.01,5.1000000000000005,22.700000000000003
2014,6,29,17,30,31.1,332,61.32,4.6000000000000005,22.8
2014,6,29,18,30,29.5,138,66.91,4.1000000000000005,22.700000000000003
2014,6,29,19,30,28.1,0,71.15,3.8000000000000003,22.400000000000002
2014,6,29,20,30,27,0,75.44,3.6,22.3
2014,6,29,21,30,26.1,0,80.22,3.7,22.400000000000002
2014,6,29,22,30,25.400000000000002,0,85.13,3.8000000000000003,22.700000000000003
2014,6,29,23,30,24.700000000000003,0,91.07000000000001,3.8000000000000003,23.1
2014,6,30,0,30,24.200000000000003,0,96.10000000000001,3.7,23.5
2014,6,30,1,30,23.900000000000002,0,99.02,3.6,23.700000000000003
2014,6,30,2,30,23.8,0,99.55,3.7,23.700000000000003
2014,6,30,3,30,23.8,0,99.02,4,23.6
2014,6,30,4,30,23.900000000000002,0,97.86,4.2,23.5
2014,6,30,5,30,24.400000000000002,0,94.65,4.4,23.5
2014,6,30,6,30,25.700000000000003,120,87.86,5.1000000000000005,23.5
2014,6,30,7,30,27.400000000000002,313,77.85000000000001,5.6000000000000005,23.200000000000003
2014,6,30,8,30,29.1,490,68.77,5.7,22.8
2014,6,30,9,30,30.700000000000003,700,60.52,5.800000000000001,22.200000000000003
2014,6,30,10,30,32.300000000000004,845,52.7,5.800000000000001,21.400000000000002
2014,6,30,11,30,33.6,936,46.75,5.800000000000001,20.700000000000003
2014,6,30,12,30,34.6,1004,42.31,5.800000000000001,19.900000000000002
2014,6,30,13,30,35.300000000000004,976,38.95,5.7,19.200000000000003
2014,6,30,14,30,35.4,886,37.14,5.6000000000000005,18.6
2014,6,30,15,30,35,733,36.79,5.4,18.1
2014,6,30,16,30,34,546,38.69,5,18
2014,6,30,17,30,32.2,338,44.33,4.4,18.5
2014,6,30,18,30,29.900000000000002,136,52.22,4,19.1
2014,6,30,19,30,28,0,57.49,3.9000000000000004,18.8
2014,6,30,20,30,26.6,0,63.230000000000004,3.9000000000000004,19
2014,6,30,21,30,25.5,0,69.78,3.9000000000000004,19.6
2014,6,30,22,30,24.6,0,76.49,3.8000000000000003,20.200000000000003
2014,6,30,23,30,23.8,0,83.55,3.7,20.8
2014,7,1,0,30,23.200000000000003,0,90.17,3.5,21.5
2014,7,1,1,30,22.900000000000002,0,95.06,3.5,22.1
2014,7,1,2,30,22.8,0,98.01,3.5,22.5
2014,7,1,3,30,22.8,0,99.21000000000001,3.1,22.700000000000003
2014,7,1,4,30,22.8,0,99.77,2.8000000000000003,22.8
2014,7,1,5,30,23.6,0,95.2,3.1,22.8
2014,7,1,6,30,25.200000000000003,126,87.11,3.8000000000000003,22.900000000000002
2014,7,1,7,30,27.1,325,76.24,4,22.6
2014,7,1,8,30,29.1,385,66.32000000000001,3.9000000000000004,22.200000000000003
2014,7,1,9,30,31,611,58.24,3.7,21.8
2014,7,1,10,30,32.6,751,52.09,3.5,21.5
2014,7,1,11,30,33.800000000000004,858,47.61,3.2,21.1
2014,7,1,12,30,34.7,937,44.27,3.1,20.8
2014,7,1,13,30,35.2,723,42.07,3.2,20.400000000000002
2014,7,1,14,30,35.300000000000004,870,40.95,3.3000000000000003,20
2014,7,1,15,30,35.1,720,40.39,3.5,19.6
2014,7,1,16,30,34.300000000000004,539,41.43,3.4000000000000004,19.3
2014,7,1,17,30,32.6,336,47.08,2.8000000000000003,19.900000000000002
2014,7,1,18,30,30.1,132,59.74,2.3000000000000003,21.400000000000002
2014,7,1,19,30,28.3,0,64.98,2.5,21.1
2014,7,1,20,30,27.5,0,65.58,2.9000000000000004,20.5
2014,7,1,21,30,26.700000000000003,0,69,2.9000000000000004,20.5
2014,7,1,22,30,26.1,0,73.06,2.7,20.900000000000002
2014,7,1,23,30,25.6,0,77.29,2.5,21.3
2014,7,2,0,30,25.1,0,81.94,2.4000000000000004,21.8
2014,7,2,1,30,24.5,0,87.14,2.3000000000000003,22.200000000000003
2014,7,2,2,30,24,0,91.52,2.1,22.5
2014,7,2,3,30,23.200000000000003,0,97.08,1.7000000000000002,22.700000000000003
2014,7,2,4,30,22.400000000000002,0,100,1.3,22.400000000000002
2014,7,2,5,30,23.1,0,97.58,1.6,22.700000000000003
2014,7,2,6,30,25,131,88.09,2.3000000000000003,22.900000000000002
2014,7,2,7,30,27.1,332,75.84,2.7,22.5
2014,7,2,8,30,29.400000000000002,530,61.32,2.6,21.200000000000003
2014,7,2,9,30,31.3,721,51.46,2.3000000000000003,20.1
2014,7,2,10,30,32.9,864,44.92,1.7000000000000002,19.400000000000002
2014,7,2,11,30,34.1,872,40.980000000000004,1.1,19
2014,7,2,12,30,34.9,934,38.660000000000004,0.7000000000000001,18.8
2014,7,2,13,30,35.300000000000004,939,37.36,0.7000000000000001,18.6
2014,7,2,14,30,35.4,834,36.65,0.9,18.3
2014,7,2,15,30,35.1,718,36.81,1.2000000000000002,18.2
2014,7,2,16,30,34.5,513,37.480000000000004,1.4000000000000001,17.900000000000002
2014,7,2,17,30,33.2,328,40.72,1.3,18.1
2014,7,2,18,30,30.8,121,50.81,1,19.400000000000002
2014,7,2,19,30,28.5,0,67.64,1,21.900000000000002
2014,7,2,20,30,27.200000000000003,0,69.85000000000001,1,21.200000000000003
2014,7,2,21,30,26.400000000000002,0,72.32000000000001,1.1,21
2014,7,2,22,30,25.700000000000003,0,74.99,1.1,20.900000000000002
2014,7,2,23,30,25.1,0,78.33,1.1,21.1
2014,7,3,0,30,24.700000000000003,0,81.66,0.9,21.400000000000002
2014,7,3,1,30,24.5,0,83.83,0.9,21.6
2014,7,3,2,30,24.3,0,85.18,0.8,21.700000000000003
2014,7,3,3,30,24,0,86.95,0.8,21.700000000000003
2014,7,3,4,30,23.700000000000003,0,88.14,0.9,21.6
2014,7,3,5,30,24.200000000000003,0,85.76,1.2000000000000002,21.700000000000003
2014,7,3,6,30,25.5,124,79.37,1.7000000000000002,21.700000000000003
2014,7,3,7,30,27.200000000000003,318,70.29,1.8,21.3
2014,7,3,8,30,28.900000000000002,429,60.81,1.7000000000000002,20.6
2014,7,3,9,30,30.200000000000003,630,53.93,1.6,19.8
2014,7,3,10,30,31,823,51.53,2,19.8
2014,7,3,11,30,31.5,898,50.99,2.6,20.1
2014,7,3,12,30,31.700000000000003,853,51.35,2.8000000000000003,20.400000000000002
2014,7,3,13,30,31.6,731,52.53,2.6,20.700000000000003
2014,7,3,14,30,31.200000000000003,429,54.46,2.3000000000000003,20.900000000000002
2014,7,3,15,30,30.6,667,57.09,2.2,21.1
2014,7,3,16,30,29.8,316,60.44,2,21.3
2014,7,3,17,30,28.700000000000003,107,67.24,1.7000000000000002,22
2014,7,3,18,30,27.1,29,79.13,1.3,23.200000000000003
2014,7,3,19,30,25.8,0,88.27,1.3,23.700000000000003
2014,7,3,20,30,25.1,0,90.67,1.4000000000000001,23.5
2014,7,3,21,30,24.6,0,93.03,1.4000000000000001,23.400000000000002
2014,7,3,22,30,24.200000000000003,0,95.09,1.3,23.400000000000002
2014,7,3,23,30,23.700000000000003,0,97.46000000000001,1.1,23.3
2014,7,4,0,30,23.3,0,98.9,0.9,23.1
2014,7,4,1,30,23,0,99.45,0.8,22.900000000000002
2014,7,4,2,30,22.700000000000003,0,99.87,0.8,22.700000000000003
2014,7,4,3,30,22.400000000000002,0,100,0.8,22.400000000000002
2014,7,4,4,30,22.200000000000003,0,100,0.8,22.200000000000003
2014,7,4,5,30,22.6,0,97.38,1.2000000000000002,22.200000000000003
2014,7,4,6,30,23.6,122,92.49,1.6,22.3
2014,7,4,7,30,25,272,84.77,1.5,22.3
2014,7,4,8,30,26.5,436,76.33,1.2000000000000002,22
2014,7,4,9,30,27.900000000000002,591,69.7,1.1,21.900000000000002
2014,7,4,10,30,29,839,65.26,1.3,21.8
2014,7,4,11,30,29.8,932,61.95,1.6,21.700000000000003
2014,7,4,12,30,30.3,977,59.77,2,21.6
2014,7,4,13,30,30.5,949,58.78,2.2,21.5
2014,7,4,14,30,30.400000000000002,863,59.09,2.5,21.5
2014,7,4,15,30,30.1,723,60.01,2.7,21.5
2014,7,4,16,30,29.6,547,61.56,2.7,21.400000000000002
2014,7,4,17,30,28.6,346,65.3,2.3000000000000003,21.5
2014,7,4,18,30,26.900000000000002,148,74.94,1.6,22.1
2014,7,4,19,30,25.3,0,85.22,1.2000000000000002,22.6
2014,7,4,20,30,24.6,0,87.53,1.3,22.400000000000002
2014,7,4,21,30,24,0,89.89,1.2000000000000002,22.200000000000003
2014,7,4,22,30,23.5,0,91.98,1,22.1
2014,7,4,23,30,23.1,0,93.56,0.9,22
2014,7,5,0,30,22.700000000000003,0,94.98,0.8,21.900000000000002
2014,7,5,1,30,22.3,0,96.29,0.8,21.700000000000003
2014,7,5,2,30,22,0,97.02,0.7000000000000001,21.5
2014,7,5,3,30,21.6,0,98.73,0.7000000000000001,21.400000000000002
2014,7,5,4,30,21.3,0,100,0.8,21.3
2014,7,5,5,30,22.1,0,95.57000000000001,1.3,21.400000000000002
2014,7,5,6,30,24.400000000000002,131,84.39,2,21.6
2014,7,5,7,30,26.900000000000002,331,72.44,2.3000000000000003,21.5
2014,7,5,8,30,28.900000000000002,537,63.92,2.4000000000000004,21.400000000000002
2014,7,5,9,30,30.5,721,58.2,2.4000000000000004,21.400000000000002
2014,7,5,10,30,31.900000000000002,867,53.45,2.3000000000000003,21.3
2014,7,5,11,30,33,961,49.81,2.3000000000000003,21.1
2014,7,5,12,30,33.800000000000004,998,47,2.3000000000000003,20.900000000000002
2014,7,5,13,30,34.1,971,45.22,2.5,20.6
2014,7,5,14,30,34.1,883,44.07,2.6,20.1
2014,7,5,15,30,33.7,743,43.97,2.8000000000000003,19.8
2014,7,5,16,30,32.9,562,45.02,2.9000000000000004,19.400000000000002
2014,7,5,17,30,31.5,357,48.32,2.5,19.3
2014,7,5,18,30,29.1,154,59.45,1.8,20.400000000000002
2014,7,5,19,30,26.900000000000002,0,73,1.7000000000000002,21.700000000000003
2014,7,5,20,30,26,0,75.69,2.1,21.400000000000002
2014,7,5,21,30,25.200000000000003,0,79.58,2.4000000000000004,21.400000000000002
2014,7,5,22,30,24.5,0,84.38,2.3000000000000003,21.700000000000003
2014,7,5,23,30,23.900000000000002,0,89.11,2,22
2014,7,6,0,30,23.3,0,93.60000000000001,1.7000000000000002,22.200000000000003
2014,7,6,1,30,22.8,0,97.21000000000001,1.4000000000000001,22.3
2014,7,6,2,30,22.3,0,100,1.2000000000000002,22.3
2014,7,6,3,30,21.8,0,100,1,21.8
2014,7,6,4,30,21.6,0,100,0.9,21.6
2014,7,6,5,30,22.700000000000003,0,97.37,1.4000000000000001,22.3
2014,7,6,6,30,24.900000000000002,134,86.09,2.4000000000000004,22.400000000000002
2014,7,6,7,30,26.900000000000002,337,75.15,2.9000000000000004,22.1
2014,7,6,8,30,28.900000000000002,298,64.48,3,21.5
2014,7,6,9,30,30.700000000000003,615,55.85,3.1,20.900000000000002
2014,7,6,10,30,32.2,734,49.71,3.1,20.400000000000002
2014,7,6,11,30,33.4,816,45.730000000000004,3,20.1
2014,7,6,12,30,34,722,43.910000000000004,2.7,20
2014,7,6,13,30,34.300000000000004,812,42.99,2.5,19.900000000000002
2014,7,6,14,30,34.1,755,43.35,2.4000000000000004,19.900000000000002
2014,7,6,15,30,33.5,597,44.49,2.3000000000000003,19.8
2014,7,6,16,30,32.7,465,46.230000000000004,2.3000000000000003,19.700000000000003
2014,7,6,17,30,31.400000000000002,299,50.620000000000005,2,19.900000000000002
2014,7,6,18,30,29.3,144,62.65,1.7000000000000002,21.400000000000002
2014,7,6,19,30,27.6,0,71.66,2,22
2014,7,6,20,30,26.8,0,72.88,2.6,21.5
2014,7,6,21,30,26.1,0,76.06,2.8000000000000003,21.6
2014,7,6,22,30,25.400000000000002,0,80.17,2.8000000000000003,21.700000000000003
2014,7,6,23,30,24.900000000000002,0,83.34,2.7,21.900000000000002
2014,7,7,0,30,24.400000000000002,0,86.3,2.7,22
2014,7,7,1,30,24.1,0,87.82000000000001,2.7,22
2014,7,7,2,30,23.900000000000002,0,88.33,3,21.900000000000002
2014,7,7,3,30,23.8,0,87,3.2,21.5
2014,7,7,4,30,23.6,0,87.86,2.8000000000000003,21.5
2014,7,7,5,30,23.900000000000002,0,87.22,2.7,21.6
2014,7,7,6,30,25.200000000000003,117,81.92,3.2,21.900000000000002
2014,7,7,7,30,27.1,309,72.54,3.6,21.700000000000003
2014,7,7,8,30,29.200000000000003,511,61.32,3.8000000000000003,21
2014,7,7,9,30,31.200000000000003,693,51.7,3.8000000000000003,20.1
2014,7,7,10,30,32.9,837,45.02,3.5,19.400000000000002
2014,7,7,11,30,34.2,931,40.96,3.2,19.1
2014,7,7,12,30,35.2,991,38.24,2.9000000000000004,18.8
2014,7,7,13,30,35.7,963,36.79,2.8000000000000003,18.7
2014,7,7,14,30,35.7,875,36.480000000000004,2.7,18.5
2014,7,7,15,30,35.300000000000004,734,36.84,2.7,18.3
2014,7,7,16,30,34.7,554,37.63,2.8000000000000003,18.1
2014,7,7,17,30,33.2,350,41.81,2.5,18.5
2014,7,7,18,30,30.700000000000003,149,53.1,2.3000000000000003,20.1
2014,7,7,19,30,28.8,0,59.94,2.9000000000000004,20.200000000000003
2014,7,7,20,30,28,0,60.99,3.5,19.8
2014,7,7,21,30,27.1,0,65.02,3.5,20
2014,7,7,22,30,26.200000000000003,0,69.92,3.5,20.3
2014,7,7,23,30,25.5,0,74.51,3.4000000000000004,20.6
2014,7,8,0,30,24.900000000000002,0,79.34,3.2,21.1
2014,7,8,1,30,24.400000000000002,0,84.26,2.8000000000000003,21.6
2014,7,8,2,30,23.8,0,89.59,2.4000000000000004,22
2014,7,8,3,30,23.200000000000003,0,94.60000000000001,2,22.3
2014,7,8,4,30,22.700000000000003,0,98.47,1.7000000000000002,22.400000000000002
2014,7,8,5,30,23.3,0,95.43,2.3000000000000003,22.5
2014,7,8,6,30,25.200000000000003,128,85.78,3.2,22.6
2014,7,8,7,30,27.6,329,72.44,3.6,22.200000000000003
2014,7,8,8,30,30.1,538,57.92,3.5,20.900000000000002
2014,7,8,9,30,32.4,723,46.550000000000004,3.4000000000000004,19.5
2014,7,8,10,30,34.300000000000004,871,39.14,3.2,18.400000000000002
2014,7,8,11,30,35.7,965,34.910000000000004,3.1,17.8
2014,7,8,12,30,36.7,998,32.34,3.1,17.5
2014,7,8,13,30,37.2,970,30.970000000000002,3.2,17.2
2014,7,8,14,30,37.4,812,30.5,3.3000000000000003,17.2
2014,7,8,15,30,37,716,31.12,3.4000000000000004,17.1
2014,7,8,16,30,36.2,522,32.56,3.5,17.2
2014,7,8,17,30,34.5,350,36.65,3.2,17.6
2014,7,8,18,30,31.900000000000002,149,46.730000000000004,2.8000000000000003,19.1
2014,7,8,19,30,29.8,0,55.19,3.2,19.8
2014,7,8,20,30,28.8,0,57.38,3.7,19.5
2014,7,8,21,30,27.700000000000003,0,61.65,3.6,19.700000000000003
2014,7,8,22,30,26.8,0,65.88,3.5,19.900000000000002
2014,7,8,23,30,25.900000000000002,0,70.39,3.3000000000000003,20.1
2014,7,9,0,30,25.1,0,74.85000000000001,3,20.3
2014,7,9,1,30,24.400000000000002,0,78.89,2.7,20.5
2014,7,9,2,30,23.8,0,82.42,2.5,20.6
2014,7,9,3,30,23.1,0,86.66,2.3000000000000003,20.8
2014,7,9,4,30,22.6,0,90.06,2.3000000000000003,20.900000000000002
2014,7,9,5,30,23,0,88.63,2.7,21
2014,7,9,6,30,24.8,99,80.73,3.4000000000000004,21.3
2014,7,9,7,30,27.5,292,68.7,3.7,21.200000000000003
2014,7,9,8,30,30.400000000000002,389,55.44,3.5,20.5
2014,7,9,9,30,32.9,654,45,3.1,19.400000000000002
2014,7,9,10,30,34.800000000000004,837,38.03,2.8000000000000003,18.400000000000002
2014,7,9,11,30,36.1,959,33.77,2.4000000000000004,17.7
2014,7,9,12,30,37,998,30.73,2.3000000000000003,16.900000000000002
2014,7,9,13,30,37.4,969,28.84,2.5,16.3
2014,7,9,14,30,37.5,882,27.59,2.8000000000000003,15.700000000000001
2014,7,9,15,30,37.1,740,27.080000000000002,3.1,15
2014,7,9,16,30,36.300000000000004,560,27.11,3.2,14.4
2014,7,9,17,30,34.4,355,29.63,2.8000000000000003,14.100000000000001
2014,7,9,18,30,31.200000000000003,152,40.29,2.1,16.1
2014,7,9,19,30,28.6,0,50.050000000000004,2.1,17.2
2014,7,9,20,30,27.6,0,50.77,2.5,16.5
2014,7,9,21,30,26.700000000000003,0,53.32,2.8000000000000003,16.400000000000002
2014,7,9,22,30,26,0,57.86,3,17.1
2014,7,9,23,30,25.3,0,63.31,3,17.8
2014,7,10,0,30,24.8,0,68.66,2.9000000000000004,18.6
2014,7,10,1,30,24.200000000000003,0,74.14,2.7,19.3
2014,7,10,2,30,23.5,0,79.52,2.3000000000000003,19.8
2014,7,10,3,30,22.8,0,84.96000000000001,2,20.1
2014,7,10,4,30,22.1,0,90.52,1.8,20.5
2014,7,10,5,30,22.5,0,89.84,2.3000000000000003,20.700000000000003
2014,7,10,6,30,24.6,131,81.24,3.1,21.200000000000003
2014,7,10,7,30,27.3,337,68.75,3.5,21.1
2014,7,10,8,30,30.200000000000003,547,51.660000000000004,3.7,19.200000000000003
2014,7,10,9,30,32.6,732,39.49,3.8000000000000003,17
2014,7,10,10,30,34.4,878,33.4,3.7,16
2014,7,10,11,30,35.7,972,30.78,3.7,15.8
2014,7,10,12,30,36.6,1006,29.330000000000002,3.7,15.9
2014,7,10,13,30,37,975,28.57,3.7,15.8
2014,7,10,14,30,37,886,28.48,3.7,15.8
2014,7,10,15,30,36.6,740,28.92,3.9000000000000004,15.700000000000001
2014,7,10,16,30,35.7,560,30.12,4,15.5
2014,7,10,17,30,34.1,354,33.04,3.6,15.600000000000001
2014,7,10,18,30,31.400000000000002,150,41.07,2.8000000000000003,16.6
2014,7,10,19,30,29.200000000000003,0,51.04,2.8000000000000003,18
2014,7,10,20,30,28.200000000000003,0,54.65,3.3000000000000003,18.2
2014,7,10,21,30,27.200000000000003,0,59.89,3.2,18.7
2014,7,10,22,30,26.1,0,66.4,2.9000000000000004,19.3
2014,7,10,23,30,25.1,0,72.29,2.4000000000000004,19.8
2014,7,11,0,30,24.1,0,78.33,1.9000000000000001,20.1
2014,7,11,1,30,23.3,0,83.63,1.4000000000000001,20.400000000000002
2014,7,11,2,30,22.6,0,87.97,1.3,20.5
2014,7,11,3,30,22.1,0,90.94,1.3,20.6
2014,7,11,4,30,21.700000000000003,0,93.42,1.4000000000000001,20.6
2014,7,11,5,30,22.3,0,90.58,2,20.700000000000003
2014,7,11,6,30,24.400000000000002,127,79.7,2.8000000000000003,20.700000000000003
2014,7,11,7,30,27.3,330,60.08,3.2,18.900000000000002
2014,7,11,8,30,29.700000000000003,539,46.06,3.4000000000000004,16.900000000000002
2014,7,11,9,30,31.700000000000003,725,39.61,3.5,16.3
2014,7,11,10,30,33.5,871,35.28,3.7,16.1
2014,7,11,11,30,34.9,967,32.18,3.8000000000000003,15.9
2014,7,11,12,30,36.1,997,29.43,3.9000000000000004,15.5
2014,7,11,13,30,36.800000000000004,970,27.32,4,14.9
2014,7,11,14,30,37.1,883,25.82,4,14.3
2014,7,11,15,30,36.800000000000004,737,25.17,4,13.700000000000001
2014,7,11,16,30,35.9,556,25.79,3.9000000000000004,13.3
2014,7,11,17,30,34.2,351,28.490000000000002,3.3000000000000003,13.4
2014,7,11,18,30,31.1,149,38.36,2.3000000000000003,15.3
2014,7,11,19,30,28.5,0,50.83,2,17.3
2014,7,11,20,30,27.400000000000002,0,55.04,2.1,17.6
2014,7,11,21,30,26.5,0,59.31,2,17.900000000000002
2014,7,11,22,30,25.700000000000003,0,63.67,1.9000000000000001,18.3
2014,7,11,23,30,24.900000000000002,0,68.16,1.8,18.6
2014,7,12,0,30,24.200000000000003,0,72.10000000000001,1.6,18.900000000000002
2014,7,12,1,30,23.400000000000002,0,76.32000000000001,1.4000000000000001,19
2014,7,12,2,30,22.700000000000003,0,80.11,1.2000000000000002,19.1
2014,7,12,3,30,22.1,0,83.73,1.1,19.200000000000003
2014,7,12,4,30,21.6,0,87.04,1,19.3
2014,7,12,5,30,22.400000000000002,0,83.60000000000001,1.4000000000000001,19.5
2014,7,12,6,30,24.700000000000003,124,72.84,1.9000000000000001,19.5
2014,7,12,7,30,28,324,59.08,1.9000000000000001,19.3
2014,7,12,8,30,31.3,531,41.58,2,16.7
2014,7,12,9,30,33.7,718,32.81,2.4000000000000004,15.100000000000001
2014,7,12,10,30,35.2,866,31.240000000000002,2.8000000000000003,15.600000000000001
2014,7,12,11,30,36.300000000000004,961,30.580000000000002,3.2,16.3
2014,7,12,12,30,37.1,996,29.84,3.4000000000000004,16.6
2014,7,12,13,30,37.5,969,29.240000000000002,3.5,16.6
2014,7,12,14,30,37.5,883,28.96,3.5,16.400000000000002
2014,7,12,15,30,37.1,743,29.34,3.4000000000000004,16.3
2014,7,12,16,30,36.2,561,30.580000000000002,3.3000000000000003,16.2
2014,7,12,17,30,34.6,356,33.3,2.7,16.1
2014,7,12,18,30,31.700000000000003,152,43.03,1.7000000000000002,17.6
2014,7,12,19,30,29.1,0,57.9,1.3,20
2014,7,12,20,30,27.900000000000002,0,61.67,1.3,19.900000000000002
2014,7,12,21,30,27.1,0,64.16,1.3,19.700000000000003
2014,7,12,22,30,26.3,0,66.65,1.3,19.6
2014,7,12,23,30,25.6,0,68.93,1.3,19.5
2014,7,13,0,30,25,0,71.03,1.4000000000000001,19.400000000000002
2014,7,13,1,30,24.400000000000002,0,73.42,1.4000000000000001,19.3
2014,7,13,2,30,23.900000000000002,0,75.72,1.5,19.400000000000002
2014,7,13,3,30,23.400000000000002,0,78.91,1.5,19.5
2014,7,13,4,30,23.1,0,82.02,1.5,19.900000000000002
2014,7,13,5,30,24,0,79.52,2,20.200000000000003
2014,7,13,6,30,26.5,122,69.67,2.7,20.5
2014,7,13,7,30,29.6,321,58.94,2.5,20.700000000000003
2014,7,13,8,30,32.5,526,45.96,1.8,19.400000000000002
2014,7,13,9,30,34.6,711,37.800000000000004,1.4000000000000001,18.1
2014,7,13,10,30,36.1,858,33.88,1.5,17.7
2014,7,13,11,30,37.4,953,31.1,1.8,17.5
2014,7,13,12,30,38.2,995,29.5,2.2,17.3
2014,7,13,13,30,38.7,968,28.52,2.5,17.2
2014,7,13,14,30,38.6,881,28.490000000000002,2.7,17.1
2014,7,13,15,30,38.2,738,28.95,2.7,17
2014,7,13,16,30,37.300000000000004,557,30.36,2.7,17
2014,7,13,17,30,35.7,352,33.38,2.4000000000000004,17.1
2014,7,13,18,30,32.9,149,43.13,1.7000000000000002,18.7
2014,7,13,19,30,30.400000000000002,0,57.09,1.4000000000000001,21
2014,7,13,20,30,29.400000000000002,0,59.77,1.7000000000000002,20.8
2014,7,13,21,30,28.700000000000003,0,61.81,1.9000000000000001,20.700000000000003
2014,7,13,22,30,27.8,0,65.04,1.9000000000000001,20.6
2014,7,13,23,30,27,0,68.09,2,20.6
2014,7,14,0,30,26.3,0,70.17,2,20.400000000000002
2014,7,14,1,30,25.6,0,71.36,2.1,20
2014,7,14,2,30,25,0,71.69,2,19.5
2014,7,14,3,30,24.400000000000002,0,73.15,2,19.3
2014,7,14,4,30,24,0,75.39,2,19.400000000000002
2014,7,14,5,30,24.6,0,73.81,2.6,19.6
2014,7,14,6,30,26.6,122,66.93,3.5,20
2014,7,14,7,30,29.400000000000002,322,59.69,4,20.700000000000003
2014,7,14,8,30,32.300000000000004,484,48.89,4,20.200000000000003
2014,7,14,9,30,34.5,645,39.88,3.6,18.900000000000002
2014,7,14,10,30,36.1,695,34.4,3.1,17.900000000000002
2014,7,14,11,30,37.2,820,31.830000000000002,2.6,17.7
2014,7,14,12,30,38,772,30.02,2.4000000000000004,17.400000000000002
2014,7,14,13,30,38.300000000000004,971,28.990000000000002,2.3000000000000003,17.1
2014,7,14,14,30,38.400000000000006,850,28.5,2.5,17
2014,7,14,15,30,38.1,743,28.5,2.8000000000000003,16.7
2014,7,14,16,30,37.300000000000004,560,29.07,3,16.3
2014,7,14,17,30,35.6,354,31.740000000000002,2.8000000000000003,16.2
2014,7,14,18,30,32.800000000000004,149,39.94,2.4000000000000004,17.400000000000002
2014,7,14,19,30,30.400000000000002,0,50.69,2.5,19
2014,7,14,20,30,29.1,0,54.83,2.6,19.1
2014,7,14,21,30,28.200000000000003,0,59.47,2.2,19.6
2014,7,14,22,30,27.5,0,63.63,1.9000000000000001,20
2014,7,14,23,30,27,0,66.68,1.9000000000000001,20.3
2014,7,15,0,30,26.5,0,69.59,2.1,20.5
2014,7,15,1,30,26.1,0,71.57000000000001,2.1,20.6
2014,7,15,2,30,25.700000000000003,0,73.82000000000001,2.1,20.700000000000003
2014,7,15,3,30,25.3,0,76.84,1.9000000000000001,20.900000000000002
2014,7,15,4,30,25,0,80.53,1.7000000000000002,21.400000000000002
2014,7,15,5,30,25.1,0,81.86,1.8,21.8
2014,7,15,6,30,25.8,59,79.21000000000001,2.1,21.900000000000002
2014,7,15,7,30,27.5,169,71.46000000000001,2.2,21.900000000000002
2014,7,15,8,30,29.5,225,62.28,2,21.5
2014,7,15,9,30,31.1,231,55.25,1.8,21.1
2014,7,15,10,30,32.1,684,51.78,1.6,20.900000000000002
2014,7,15,11,30,32.6,850,50.67,1.4000000000000001,21
2014,7,15,12,30,32.800000000000004,189,50.6,1.6,21.200000000000003
2014,7,15,13,30,32.800000000000004,421,50.99,2.1,21.3
2014,7,15,14,30,32.5,664,51.9,2.3000000000000003,21.3
2014,7,15,15,30,32.1,657,52.21,2.4000000000000004,21.1
2014,7,15,16,30,31.6,517,52.47,2.2,20.700000000000003
2014,7,15,17,30,30.6,278,55.160000000000004,1.7000000000000002,20.6
2014,7,15,18,30,28.8,119,66.22,1.2000000000000002,21.900000000000002
2014,7,15,19,30,27.200000000000003,0,79,1,23.200000000000003
2014,7,15,20,30,26.1,0,79.88,1.1,22.400000000000002
2014,7,15,21,30,25.3,0,79.97,1.1,21.6
2014,7,15,22,30,24.5,0,80.88,1.1,21
2014,7,15,23,30,23.6,0,82.35000000000001,1.1,20.400000000000002
2014,7,16,0,30,22.8,0,83.26,1.1,19.8
2014,7,16,1,30,22,0,84.05,1.2000000000000002,19.200000000000003
2014,7,16,2,30,21.400000000000002,0,83.19,1.3,18.400000000000002
2014,7,16,3,30,20.8,0,82.65,1.6,17.7
2014,7,16,4,30,20.3,0,83.26,1.7000000000000002,17.400000000000002
2014,7,16,5,30,20.6,0,81.02,2.2,17.2
2014,7,16,6,30,22.5,83,71.76,2.5,17.1
2014,7,16,7,30,25.8,240,59.68,2.5,17.400000000000002
2014,7,16,8,30,28.900000000000002,433,50.74,2.4000000000000004,17.7
2014,7,16,9,30,31.1,633,45.65,2.3000000000000003,18
2014,7,16,10,30,32.800000000000004,773,42.550000000000004,2.3000000000000003,18.400000000000002
2014,7,16,11,30,34,854,40.59,2.4000000000000004,18.7
2014,7,16,12,30,34.7,728,39.38,2.5,18.900000000000002
2014,7,16,13,30,34.800000000000004,634,39.2,2.7,18.900000000000002
2014,7,16,14,30,34.300000000000004,617,40.2,2.7,18.8
2014,7,16,15,30,33.4,231,42.37,2.7,18.900000000000002
2014,7,16,16,30,32.4,148,45.2,2.6,19
2014,7,16,17,30,31,206,50,2.1,19.400000000000002
2014,7,16,18,30,29.200000000000003,82,61.980000000000004,1.5,21.200000000000003
2014,7,16,19,30,27.900000000000002,0,72.26,1.6,22.400000000000002
2014,7,16,20,30,27.3,0,73.71000000000001,2,22.200000000000003
2014,7,16,21,30,26.700000000000003,0,76.41,2.4000000000000004,22.200000000000003
2014,7,16,22,30,26.200000000000003,0,79.97,2.6,22.5
2014,7,16,23,30,25.6,0,84.53,2.7,22.8
2014,7,17,0,30,25.1,0,88.77,2.8000000000000003,23.1
2014,7,17,1,30,24.700000000000003,0,92.42,2.9000000000000004,23.400000000000002
2014,7,17,2,30,24.5,0,94.75,3.1,23.6
2014,7,17,3,30,24.3,0,96.58,3.1,23.700000000000003
2014,7,17,4,30,24.200000000000003,0,97.43,3,23.8
2014,7,17,5,30,24.3,0,96.76,2.9000000000000004,23.8
2014,7,17,6,30,24.900000000000002,28,94.27,2.8000000000000003,23.900000000000002
2014,7,17,7,30,25.6,24,91.71000000000001,3,24.200000000000003
2014,7,17,8,30,26.5,27,85.57000000000001,3.2,23.900000000000002
2014,7,17,9,30,27.400000000000002,250,78.84,3.3000000000000003,23.400000000000002
2014,7,17,10,30,28.200000000000003,223,73.39,3.2,23
2014,7,17,11,30,28.5,377,70.79,3.2,22.700000000000003
2014,7,17,12,30,28.400000000000002,391,70.53,3.1,22.5
2014,7,17,13,30,28.200000000000003,538,71.28,3.1,22.5
2014,7,17,14,30,27.900000000000002,334,73.47,2.9000000000000004,22.700000000000003
2014,7,17,15,30,27.700000000000003,530,75.95,2.3000000000000003,23.1
2014,7,17,16,30,27.400000000000002,397,79.13,1.7000000000000002,23.5
2014,7,17,17,30,26.900000000000002,170,83.98,1.4000000000000001,24
2014,7,17,18,30,25.900000000000002,33,90.94,1.2000000000000002,24.3
2014,7,17,19,30,25.1,0,96.45,1.3,24.5
2014,7,17,20,30,24.700000000000003,0,97.35000000000001,1.4000000000000001,24.3
2014,7,17,21,30,24.400000000000002,0,98.83,1.2000000000000002,24.200000000000003
2014,7,17,22,30,24.200000000000003,0,99.69,1,24.1
2014,7,17,23,30,24,0,100,1.1,24
2014,7,18,0,30,23.8,0,99.58,1.6,23.700000000000003
2014,7,18,1,30,23.400000000000002,0,99.97,2.3000000000000003,23.400000000000002
2014,7,18,2,30,23,0,99.77,2.8000000000000003,23
2014,7,18,3,30,22.5,0,99.78,3.1,22.5
2014,7,18,4,30,21.8,0,100,3.4000000000000004,21.8
2014,7,18,5,30,21.3,0,98.9,3.8000000000000003,21.1
2014,7,18,6,30,21.400000000000002,64,93.75,4.3,20.400000000000002
2014,7,18,7,30,22.400000000000002,83,85.34,4.5,19.8
2014,7,18,8,30,24,193,76.39,4.5,19.6
2014,7,18,9,30,25.700000000000003,243,68.96000000000001,4.4,19.6
2014,7,18,10,30,27.200000000000003,280,63.480000000000004,4.1000000000000005,19.700000000000003
2014,7,18,11,30,28.5,385,58.980000000000004,3.8000000000000003,19.700000000000003
2014,7,18,12,30,29.3,582,56.480000000000004,3.4000000000000004,19.8
2014,7,18,13,30,29.900000000000002,559,54.58,2.9000000000000004,19.8
2014,7,18,14,30,29.900000000000002,437,54.5,2.5,19.700000000000003
2014,7,18,15,30,29.5,316,55.44,2.1,19.6
2014,7,18,16,30,28.700000000000003,279,57.52,1.9000000000000001,19.5
2014,7,18,17,30,27.5,136,61.11,1.6,19.3
2014,7,18,18,30,25.700000000000003,145,68.96000000000001,1.2000000000000002,19.6
2014,7,18,19,30,24,0,83.17,1,21
2014,7,18,20,30,23,0,85.38,1.3,20.400000000000002
2014,7,18,21,30,22.3,0,85.11,1.7000000000000002,19.700000000000003
2014,7,18,22,30,21.6,0,86.44,2,19.200000000000003
2014,7,18,23,30,21,0,88.4,2.1,19
2014,7,19,0,30,20.400000000000002,0,90.86,2.1,18.900000000000002
2014,7,19,1,30,19.900000000000002,0,93.04,2.1,18.7
2014,7,19,2,30,19.5,0,94.92,1.9000000000000001,18.7
2014,7,19,3,30,19.200000000000003,0,96.27,1.5,18.6
2014,7,19,4,30,19,0,97.39,1.1,18.6
2014,7,19,5,30,19.5,0,94.24,1.4000000000000001,18.5
2014,7,19,6,30,20.900000000000002,80,84.93,1.8,18.3
2014,7,19,7,30,22.8,315,74.9,1.7000000000000002,18.1
2014,7,19,8,30,24.6,477,67.77,1.6,18.2
2014,7,19,9,30,26.1,618,63.04,1.7000000000000002,18.5
2014,7,19,10,30,27.5,720,58.95,1.7000000000000002,18.8
2014,7,19,11,30,28.8,963,55.57,1.6,19
2014,7,19,12,30,29.8,826,53.07,1.4000000000000001,19.200000000000003
2014,7,19,13,30,30.6,868,51.01,1.2000000000000002,19.3
2014,7,19,14,30,30.8,787,50.33,1.1,19.3
2014,7,19,15,30,30.6,697,50.52,1.1,19.200000000000003
2014,7,19,16,30,29.8,519,52.410000000000004,1.1,19
2014,7,19,17,30,28.5,319,56.25,1.1,18.900000000000002
2014,7,19,18,30,26.3,125,67.22,1,19.700000000000003
2014,7,19,19,30,24.3,0,82.83,1,21.200000000000003
2014,7,19,20,30,23.1,0,85.92,1.1,20.6
2014,7,19,21,30,22.400000000000002,0,87.23,1.2000000000000002,20.200000000000003
2014,7,19,22,30,21.700000000000003,0,90.02,1.2000000000000002,20
2014,7,19,23,30,21.200000000000003,0,92.27,1.2000000000000002,19.900000000000002
2014,7,20,0,30,20.700000000000003,0,94.78,1.2000000000000002,19.8
2014,7,20,1,30,20.200000000000003,0,97.46000000000001,1.2000000000000002,19.8
2014,7,20,2,30,19.900000000000002,0,99.11,1.1,19.8
2014,7,20,3,30,19.5,0,100,1,19.5
2014,7,20,4,30,19.400000000000002,0,100,0.9,19.400000000000002
2014,7,20,5,30,20.200000000000003,0,96.78,1.3,19.700000000000003
2014,7,20,6,30,22.200000000000003,82,86.74,1.6,19.900000000000002
2014,7,20,7,30,24.5,155,76.29,1.5,20.1
2014,7,20,8,30,26.6,367,69.10000000000001,1.5,20.5
2014,7,20,9,30,28.700000000000003,338,63.940000000000005,1.5,21.200000000000003
2014,7,20,10,30,30.8,541,59.77,1.3,22.1
2014,7,20,11,30,32.6,799,55.480000000000004,1,22.5
2014,7,20,12,30,33.800000000000004,822,51.13,0.9,22.3
2014,7,20,13,30,34.300000000000004,922,48.92,1,22
2014,7,20,14,30,34.4,832,48.07,1.3,21.8
2014,7,20,15,30,34.1,708,48.19,1.6,21.6
2014,7,20,16,30,33.4,530,49.33,2,21.3
2014,7,20,17,30,31.900000000000002,329,53.18,1.9000000000000001,21.200000000000003
2014,7,20,18,30,29.5,132,66.26,1.6,22.5
2014,7,20,19,30,27.5,0,75.41,1.8,22.8
2014,7,20,20,30,26.6,0,75.8,2.1,22
2014,7,20,21,30,25.8,0,77.99,2.2,21.700000000000003
2014,7,20,22,30,25.1,0,81.27,2,21.700000000000003
2014,7,20,23,30,24.5,0,84.48,1.9000000000000001,21.700000000000003
2014,7,21,0,30,24.1,0,87.24,1.7000000000000002,21.8
2014,7,21,1,30,23.8,0,90.10000000000001,1.5,22.1
2014,7,21,2,30,23.5,0,93.45,1.4000000000000001,22.400000000000002
2014,7,21,3,30,23.3,0,96.58,1.2000000000000002,22.700000000000003
2014,7,21,4,30,23.3,0,98.86,1.1,23.1
2014,7,21,5,30,24.1,0,96.19,1.4000000000000001,23.5
2014,7,21,6,30,26,96,88.28,1.7000000000000002,23.900000000000002
2014,7,21,7,30,28.1,286,79.63,1.7000000000000002,24.200000000000003
2014,7,21,8,30,30.200000000000003,492,70.12,1.5,24.200000000000003
2014,7,21,9,30,32.1,680,61.34,1.6,23.700000000000003
2014,7,21,10,30,33.5,829,55.77,1.9000000000000001,23.5
2014,7,21,11,30,34.6,928,51.92,2.2,23.3
2014,7,21,12,30,35.300000000000004,978,49.26,2.3000000000000003,23.1
2014,7,21,13,30,35.7,954,47.29,2.4000000000000004,22.700000000000003
2014,7,21,14,30,35.7,866,46.31,2.4000000000000004,22.400000000000002
2014,7,21,15,30,35.4,726,46.19,2.4000000000000004,22.1
2014,7,21,16,30,34.5,543,47.76,2.3000000000000003,21.8
2014,7,21,17,30,33,337,51.84,1.9000000000000001,21.8
2014,7,21,18,30,30.6,135,65.53,1.3,23.400000000000002
2014,7,21,19,30,28.5,0,78.93,1.1,24.5
2014,7,21,20,30,27.6,0,80.7,1.2000000000000002,24
2014,7,21,21,30,26.900000000000002,0,82.5,1.3,23.700000000000003
2014,7,21,22,30,26.3,0,84.32000000000001,1.3,23.400000000000002
2014,7,21,23,30,25.700000000000003,0,86.47,1.4000000000000001,23.3
2014,7,22,0,30,25.200000000000003,0,88.54,1.4000000000000001,23.200000000000003
2014,7,22,1,30,24.700000000000003,0,90.89,1.4000000000000001,23.1
2014,7,22,2,30,24.200000000000003,0,93.58,1.5,23.1
2014,7,22,3,30,23.8,0,96.26,1.4000000000000001,23.200000000000003
2014,7,22,4,30,23.400000000000002,0,99.37,1.1,23.3
2014,7,22,5,30,24,0,96.77,1.3,23.5
2014,7,22,6,30,26,74,87.51,1.6,23.8
2014,7,22,7,30,28.5,248,76.06,1.3,23.900000000000002
2014,7,22,8,30,31.1,347,62.39,0.9,23.1
2014,7,22,9,30,33,598,52.94,0.6000000000000001,22.1
2014,7,22,10,30,34.4,831,46.980000000000004,0.6000000000000001,21.5
2014,7,22,11,30,35.300000000000004,897,43.31,0.7000000000000001,20.900000000000002
2014,7,22,12,30,36,924,40.660000000000004,0.9,20.5
2014,7,22,13,30,36.300000000000004,940,39.13,1.2000000000000002,20.200000000000003
2014,7,22,14,30,36.4,842,38.1,1.6,19.900000000000002
2014,7,22,15,30,35.9,485,38.44,1.9000000000000001,19.5
2014,7,22,16,30,35,326,40.03,1.9000000000000001,19.400000000000002
2014,7,22,17,30,33.4,296,45.1,1.6,19.900000000000002
2014,7,22,18,30,31,128,60.44,1.2000000000000002,22.400000000000002
2014,7,22,19,30,29.1,0,70.85000000000001,1.2000000000000002,23.3
2014,7,22,20,30,28.1,0,72.57000000000001,1.3,22.700000000000003
2014,7,22,21,30,27.1,0,75.79,1.3,22.5
2014,7,22,22,30,26.1,0,80.16,1.3,22.400000000000002
2014,7,22,23,30,25.3,0,84.01,1.2000000000000002,22.400000000000002
2014,7,23,0,30,24.700000000000003,0,86.86,1.1,22.400000000000002
2014,7,23,1,30,24.1,0,89.68,1,22.3
2014,7,23,2,30,23.5,0,92.42,0.9,22.200000000000003
2014,7,23,3,30,23.1,0,94.24,0.8,22.1
2014,7,23,4,30,22.8,0,95.58,0.7000000000000001,22.1
2014,7,23,5,30,23.400000000000002,0,91.78,0.8,22
2014,7,23,6,30,25.200000000000003,96,83.71000000000001,0.9,22.200000000000003
2014,7,23,7,30,28,288,71,1,22.200000000000003
2014,7,23,8,30,30.5,493,58.35,1.5,21.400000000000002
2014,7,23,9,30,32.2,680,50.92,1.9000000000000001,20.8
2014,7,23,10,30,33.6,830,45.01,2.2,20
2014,7,23,11,30,34.9,927,39.94,2.4000000000000004,19.3
2014,7,23,12,30,35.9,980,36.36,2.5,18.7
2014,7,23,13,30,36.5,951,34.05,2.6,18.1
2014,7,23,14,30,36.6,862,33.03,2.7,17.7
2014,7,23,15,30,36.2,719,33.28,2.7,17.5
2014,7,23,16,30,35.1,535,35.300000000000004,2.6,17.5
2014,7,23,17,30,33.1,327,40.62,2,17.900000000000002
2014,7,23,18,30,30.400000000000002,102,57.52,1.3,21.1
2014,7,23,19,30,28.6,0,67.25,1.2000000000000002,21.900000000000002
2014,7,23,20,30,27.700000000000003,0,70.61,1.2000000000000002,21.900000000000002
2014,7,23,21,30,26.900000000000002,0,75.04,1.1,22.1
2014,7,23,22,30,26.3,0,79.38,1,22.400000000000002
2014,7,23,23,30,25.700000000000003,0,83.7,0.9,22.700000000000003
2014,7,24,0,30,25.200000000000003,0,87.56,0.8,23
2014,7,24,1,30,24.8,0,90.51,0.7000000000000001,23.1
2014,7,24,2,30,24.5,0,92.57000000000001,0.9,23.200000000000003
2014,7,24,3,30,24.200000000000003,0,93.66,1.1,23.1
2014,7,24,4,30,23.900000000000002,0,94.94,1.1,23
2014,7,24,5,30,24.1,0,93.08,1.3,22.900000000000002
2014,7,24,6,30,25.3,66,85.22,1.6,22.6
2014,7,24,7,30,27.3,128,73.95,1.5,22.200000000000003
2014,7,24,8,30,29.6,380,62.58,1.4000000000000001,21.700000000000003
2014,7,24,9,30,31.6,609,54.6,1.7000000000000002,21.3
2014,7,24,10,30,33.1,802,50.27,2.2,21.400000000000002
2014,7,24,11,30,34.4,929,46.93,2.5,21.400000000000002
2014,7,24,12,30,35.5,881,44.09,2.6,21.400000000000002
2014,7,24,13,30,36.2,949,42.050000000000004,2.6,21.3
2014,7,24,14,30,36.5,866,40.24,2.7,20.8
2014,7,24,15,30,36.300000000000004,729,39.43,2.8000000000000003,20.3
2014,7,24,16,30,35.5,550,40.01,2.9000000000000004,19.8
2014,7,24,17,30,33.800000000000004,345,43.27,2.5,19.6
2014,7,24,18,30,31,140,54.410000000000004,1.8,20.700000000000003
2014,7,24,19,30,28.6,0,69.07000000000001,1.6,22.400000000000002
2014,7,24,20,30,27.400000000000002,0,73.36,1.7000000000000002,22.200000000000003
2014,7,24,21,30,26.6,0,77.34,1.6,22.3
2014,7,24,22,30,25.8,0,81.74,1.5,22.400000000000002
2014,7,24,23,30,25.200000000000003,0,85.17,1.3,22.5
2014,7,25,0,30,24.6,0,88.48,1.1,22.6
2014,7,25,1,30,24.1,0,91.07000000000001,1.1,22.6
2014,7,25,2,30,23.700000000000003,0,93.02,1,22.5
2014,7,25,3,30,23.200000000000003,0,95.69,0.9,22.5
2014,7,25,4,30,22.900000000000002,0,97.47,0.8,22.5
2014,7,25,5,30,23.5,0,94.10000000000001,1.3,22.5
2014,7,25,6,30,25.6,103,84.84,2.1,22.900000000000002
2014,7,25,7,30,28.700000000000003,302,70.11,2.6,22.700000000000003
2014,7,25,8,30,31.6,512,56.09,2.7,21.8
2014,7,25,9,30,33.6,701,47.29,2.5,20.8
2014,7,25,10,30,35.2,853,42.050000000000004,2.3000000000000003,20.400000000000002
2014,7,25,11,30,36.5,950,38.32,2.2,20
2014,7,25,12,30,37.4,996,35.44,2.3000000000000003,19.6
2014,7,25,13,30,38,969,33.22,2.4000000000000004,19.1
2014,7,25,14,30,38.1,883,31.96,2.6,18.5
2014,7,25,15,30,37.7,738,31.68,2.8000000000000003,18
2014,7,25,16,30,36.7,554,32.82,3,17.7
2014,7,25,17,30,34.800000000000004,346,36.24,2.8000000000000003,17.6
2014,7,25,18,30,31.8,139,46.78,2.1,19
2014,7,25,19,30,29.400000000000002,0,58.68,2,20.5
2014,7,25,20,30,28.5,0,61.24,2.2,20.3
2014,7,25,21,30,27.700000000000003,0,64.49,2.4000000000000004,20.400000000000002
2014,7,25,22,30,27,0,67.92,2.6,20.6
2014,7,25,23,30,26.400000000000002,0,71.47,2.8000000000000003,20.8
2014,7,26,0,30,25.8,0,76.48,2.9000000000000004,21.400000000000002
2014,7,26,1,30,25.3,0,81.87,2.8000000000000003,22
2014,7,26,2,30,24.8,0,87.17,2.6,22.5
2014,7,26,3,30,24.5,0,90.94,2.3000000000000003,22.900000000000002
2014,7,26,4,30,24.1,0,95,2.1,23.200000000000003
2014,7,26,5,30,24.6,0,93.63,2.5,23.5
2014,7,26,6,30,26.5,97,85.18,3.3000000000000003,23.8
2014,7,26,7,30,29,294,72.56,3.8000000000000003,23.6
2014,7,26,8,30,31.700000000000003,505,57.1,3.8000000000000003,22.200000000000003
2014,7,26,9,30,34.1,692,45.17,3.7,20.5
2014,7,26,10,30,36,843,38.050000000000004,3.6,19.5
2014,7,26,11,30,37.300000000000004,943,34.410000000000004,3.5,19
2014,7,26,12,30,38.300000000000004,987,31.85,3.4000000000000004,18.6
2014,7,26,13,30,38.800000000000004,960,30.16,3.5,18.2
2014,7,26,14,30,38.900000000000006,871,29.29,3.6,17.8
2014,7,26,15,30,38.5,723,29.48,3.6,17.6
2014,7,26,16,30,37.6,539,30.84,3.6,17.5
2014,7,26,17,30,35.800000000000004,332,34.44,3.1,17.7
2014,7,26,18,30,33,130,44,2.4000000000000004,19.1
2014,7,26,19,30,31,0,53.620000000000005,2.6,20.5
2014,7,26,20,30,30.200000000000003,0,55.75,3.4000000000000004,20.400000000000002
2014,7,26,21,30,29.3,0,60.120000000000005,3.8000000000000003,20.8
2014,7,26,22,30,28.3,0,65.78,4,21.3
2014,7,26,23,30,27.400000000000002,0,71.93,4,21.900000000000002
2014,7,27,0,30,26.700000000000003,0,77.39,3.8000000000000003,22.400000000000002
2014,7,27,1,30,26.1,0,82.34,3.6,22.900000000000002
2014,7,27,2,30,25.6,0,86.73,3.3000000000000003,23.200000000000003
2014,7,27,3,30,25.200000000000003,0,90.52,3,23.5
2014,7,27,4,30,24.900000000000002,0,93.5,2.8000000000000003,23.8
2014,7,27,5,30,25.200000000000003,0,92.41,3.1,23.900000000000002
2014,7,27,6,30,26.6,93,84.46000000000001,3.8000000000000003,23.8
2014,7,27,7,30,28.700000000000003,291,70.8,4.1000000000000005,22.900000000000002
2014,7,27,8,30,31.200000000000003,501,56.35,4,21.5
2014,7,27,9,30,33.800000000000004,693,44.42,3.8000000000000003,20
2014,7,27,10,30,36.1,845,35.93,3.3000000000000003,18.6
2014,7,27,11,30,37.7,945,30.93,3,17.6
2014,7,27,12,30,38.7,988,27.990000000000002,2.9000000000000004,16.900000000000002
2014,7,27,13,30,39.2,963,26.34,2.9000000000000004,16.400000000000002
2014,7,27,14,30,39.300000000000004,874,25.490000000000002,2.9000000000000004,16
2014,7,27,15,30,38.900000000000006,731,25.47,2.8000000000000003,15.600000000000001
2014,7,27,16,30,37.9,547,26.43,2.8000000000000003,15.3
2014,7,27,17,30,36,338,29.32,2.1,15.3
2014,7,27,18,30,32.7,133,42.24,1.5,18.2
2014,7,27,19,30,30.200000000000003,0,52.93,1.6,19.5
2014,7,27,20,30,29.3,0,53.51,1.8,18.900000000000002
2014,7,27,21,30,28.5,0,55.7,2.1,18.8
2014,7,27,22,30,27.900000000000002,0,58.800000000000004,2.5,19.1
2014,7,27,23,30,27.3,0,63.27,2.8000000000000003,19.700000000000003
2014,7,28,0,30,26.700000000000003,0,68.89,3,20.5
2014,7,28,1,30,26.1,0,74.85000000000001,2.8000000000000003,21.3
2014,7,28,2,30,25.700000000000003,0,79.09,2.4000000000000004,21.8
2014,7,28,3,30,25.200000000000003,0,83.10000000000001,2,22.1
2014,7,28,4,30,24.900000000000002,0,86.08,1.8,22.400000000000002
2014,7,28,5,30,25.400000000000002,0,84.62,2.3000000000000003,22.6
2014,7,28,6,30,27.200000000000003,91,77.02,3,22.8
2014,7,28,7,30,29.700000000000003,284,65.72,2.8000000000000003,22.6
2014,7,28,8,30,32.2,491,54.49,1.9000000000000001,21.900000000000002
2014,7,28,9,30,34.6,681,45.49,1,21.1
2014,7,28,10,30,36.5,831,38.35,0.9,20
2014,7,28,11,30,37.800000000000004,926,34.03,1.5,19.3
2014,7,28,12,30,38.400000000000006,961,32.39,1.9000000000000001,19
2014,7,28,13,30,38.6,931,31.77,2,18.900000000000002
2014,7,28,14,30,38.2,841,32.32,2.2,18.8
2014,7,28,15,30,37.5,544,33.32,2.4000000000000004,18.7
2014,7,28,16,30,36.6,174,34.81,2.6,18.6
2014,7,28,17,30,35.1,113,37.85,2.4000000000000004,18.6
2014,7,28,18,30,32.6,36,46.68,1.8,19.700000000000003
2014,7,28,19,30,30.6,0,58.61,1.9000000000000001,21.6
2014,7,28,20,30,29.6,0,60.57,2.3000000000000003,21.200000000000003
2014,7,28,21,30,28.700000000000003,0,63.49,2.2,21.1
2014,7,28,22,30,27.8,0,67.65,1.9000000000000001,21.3
2014,7,28,23,30,27.1,0,71.16,1.6,21.400000000000002
2014,7,29,0,30,26.5,0,73.51,1.4000000000000001,21.400000000000002
2014,7,29,1,30,26,0,74.68,1.3,21.200000000000003
2014,7,29,2,30,25.6,0,74.96000000000001,1.3,20.8
2014,7,29,3,30,25.3,0,75.55,1.4000000000000001,20.700000000000003
2014,7,29,4,30,24.900000000000002,0,77.05,1.6,20.6
2014,7,29,5,30,24.8,0,77.12,2.1,20.5
2014,7,29,6,30,25.400000000000002,56,73.60000000000001,2.4000000000000004,20.3
2014,7,29,7,30,26.5,235,67.38,2.6,20
2014,7,29,8,30,27.6,265,60.910000000000004,2.5,19.400000000000002
2014,7,29,9,30,28.200000000000003,534,57.68,2.2,19.1
2014,7,29,10,30,28.8,601,55.36,1.8,19
2014,7,29,11,30,29.200000000000003,545,53.96,1.5,18.900000000000002
2014,7,29,12,30,29.6,473,52.59,1.4000000000000001,18.900000000000002
2014,7,29,13,30,29.6,766,52.08,1.5,18.7
2014,7,29,14,30,29.200000000000003,806,52.94,1.6,18.6
2014,7,29,15,30,28.8,674,53.67,1.7000000000000002,18.5
2014,7,29,16,30,28.200000000000003,488,54.58,1.7000000000000002,18.2
2014,7,29,17,30,27.1,298,57.67,1.9000000000000001,18
2014,7,29,18,30,25.700000000000003,108,63.33,2.1,18.2
2014,7,29,19,30,24.5,0,69.49,2.2,18.6
2014,7,29,20,30,23.8,0,73.16,1.8,18.7
2014,7,29,21,30,23.400000000000002,0,75.68,1.2000000000000002,18.900000000000002
2014,7,29,22,30,23.1,0,79.29,0.9,19.3
2014,7,29,23,30,22.8,0,82.26,0.8,19.6
2014,7,30,0,30,22.5,0,83.49,0.9,19.6
2014,7,30,1,30,22.3,0,83.98,1,19.5
2014,7,30,2,30,22,0,84.78,1.1,19.3
2014,7,30,3,30,21.8,0,86.14,1.1,19.400000000000002
2014,7,30,4,30,21.6,0,88.68,1.2000000000000002,19.6
2014,7,30,5,30,22.200000000000003,0,86.97,1.9000000000000001,19.900000000000002
2014,7,30,6,30,24.3,33,78.42,2.9000000000000004,20.3
2014,7,30,7,30,27.1,43,68.25,3.8000000000000003,20.700000000000003
2014,7,30,8,30,29.6,182,59.81,4.2,21
2014,7,30,9,30,31.400000000000002,266,53.57,4,20.8
2014,7,30,10,30,32.9,722,48.21,3.8000000000000003,20.5
2014,7,30,11,30,34.300000000000004,657,43.76,3.6,20.200000000000003
2014,7,30,12,30,35.300000000000004,289,40.54,3.4000000000000004,19.900000000000002
2014,7,30,13,30,35.9,925,38.24,3.3000000000000003,19.5
2014,7,30,14,30,36,835,37.12,3.2,19.1
2014,7,30,15,30,35.7,638,36.65,3.3000000000000003,18.6
2014,7,30,16,30,35.1,379,36.980000000000004,3.5,18.2
2014,7,30,17,30,33.7,174,39.54,3.1,18
2014,7,30,18,30,31.400000000000002,108,47.15,2.7,18.8
2014,7,30,19,30,29.700000000000003,0,54.14,3.1,19.400000000000002
2014,7,30,20,30,28.8,0,55.56,3.8000000000000003,19
2014,7,30,21,30,27.900000000000002,0,59.050000000000004,3.8000000000000003,19.200000000000003
2014,7,30,22,30,27.1,0,63.57,3.5,19.6
2014,7,30,23,30,26.3,0,69.24,3.3000000000000003,20.200000000000003
2014,7,31,0,30,25.700000000000003,0,74.32000000000001,3.1,20.8
2014,7,31,1,30,25.3,0,78.25,2.9000000000000004,21.200000000000003
2014,7,31,2,30,25,0,81.03,2.8000000000000003,21.5
2014,7,31,3,30,24.700000000000003,0,83.16,2.8000000000000003,21.6
2014,7,31,4,30,24.3,0,85.44,2.9000000000000004,21.700000000000003
2014,7,31,5,30,24.400000000000002,0,85.18,3.2,21.700000000000003
2014,7,31,6,30,25.8,55,78.98,3.9000000000000004,21.900000000000002
2014,7,31,7,30,28.1,153,69.52,4.6000000000000005,22
2014,7,31,8,30,30.3,109,59.25,4.7,21.5
2014,7,31,9,30,32.300000000000004,261,50.28,4.5,20.6
2014,7,31,10,30,33.9,633,43.94,4.1000000000000005,19.900000000000002
2014,7,31,11,30,35,779,40.42,3.8000000000000003,19.6
2014,7,31,12,30,35.5,896,39.07,3.7,19.5
2014,7,31,13,30,35.4,630,39.32,3.6,19.5
2014,7,31,14,30,34.9,779,40.42,3.4000000000000004,19.5
2014,7,31,15,30,34,352,42.31,3.3000000000000003,19.400000000000002
2014,7,31,16,30,32.9,526,44.74,3.1,19.3
2014,7,31,17,30,31.3,323,48.870000000000005,2.9000000000000004,19.3
2014,7,31,18,30,29.1,122,56.57,2.6,19.6
2014,7,31,19,30,27.1,0,66.97,2.9000000000000004,20.400000000000002
2014,7,31,20,30,25.700000000000003,0,72.85000000000001,3.3000000000000003,20.5
2014,7,31,21,30,24.5,0,78.35000000000001,3.3000000000000003,20.5
2014,7,31,22,30,23.700000000000003,0,81.91,2.9000000000000004,20.400000000000002
2014,7,31,23,30,23,0,84.98,2.4000000000000004,20.3
2014,8,1,0,30,22.400000000000002,0,87.54,2.1,20.200000000000003
2014,8,1,1,30,22,0,89.09,2,20.1
2014,8,1,2,30,21.6,0,90.52,2,20
2014,8,1,3,30,21.3,0,91.5,2,19.900000000000002
2014,8,1,4,30,21,0,92.71000000000001,1.9000000000000001,19.8
2014,8,1,5,30,21.3,0,90.55,2.4000000000000004,19.700000000000003
2014,8,1,6,30,22.5,93,82.98,3.1,19.5
2014,8,1,7,30,24.5,101,71.93,3.3000000000000003,19.1
2014,8,1,8,30,26.6,214,62.88,3.4000000000000004,18.900000000000002
2014,8,1,9,30,28.5,365,55.96,3.5,18.900000000000002
2014,8,1,10,30,30.200000000000003,564,50.28,3.5,18.7
2014,8,1,11,30,31.6,313,45.99,3.4000000000000004,18.6
2014,8,1,12,30,32.6,621,43.07,3.3000000000000003,18.400000000000002
2014,8,1,13,30,33.2,373,41.27,3.2,18.3
2014,8,1,14,30,33.2,409,40.88,3.3000000000000003,18.1
2014,8,1,15,30,32.5,169,42.31,3.4000000000000004,18.1
2014,8,1,16,30,31.200000000000003,284,45.71,3.5,18.1
2014,8,1,17,30,29.5,188,50.95,3.5,18.3
2014,8,1,18,30,27.5,59,58.160000000000004,3.3000000000000003,18.5
2014,8,1,19,30,25.700000000000003,0,66.53,3.1,19
2014,8,1,20,30,24.5,0,73.03,3.1,19.3
2014,8,1,21,30,23.6,0,78.02,2.7,19.5
2014,8,1,22,30,22.900000000000002,0,81.9,2.1,19.6
2014,8,1,23,30,22.200000000000003,0,85.91,1.6,19.700000000000003
2014,8,2,0,30,21.700000000000003,0,89.11,1.2000000000000002,19.8
2014,8,2,1,30,21.3,0,91.53,1.1,19.900000000000002
2014,8,2,2,30,20.900000000000002,0,93.46000000000001,1.1,19.8
2014,8,2,3,30,20.6,0,94.61,1.2000000000000002,19.700000000000003
2014,8,2,4,30,20.3,0,95.87,1.4000000000000001,19.6
2014,8,2,5,30,20.8,0,92.48,2,19.5
2014,8,2,6,30,22.200000000000003,61,83.78,2.9000000000000004,19.3
2014,8,2,7,30,24.200000000000003,283,72.60000000000001,3.4000000000000004,19
2014,8,2,8,30,26.400000000000002,493,62.870000000000005,3.7,18.8
2014,8,2,9,30,28.5,475,55.01,3.8000000000000003,18.6
2014,8,2,10,30,30.3,396,49,3.8000000000000003,18.400000000000002
2014,8,2,11,30,31.8,748,44.51,3.8000000000000003,18.2
2014,8,2,12,30,33,723,41,3.8000000000000003,18
2014,8,2,13,30,33.7,443,38.63,3.8000000000000003,17.7
2014,8,2,14,30,33.800000000000004,233,37.9,3.9000000000000004,17.5
2014,8,2,15,30,33.4,452,38.13,4,17.2
2014,8,2,16,30,32.4,531,39.78,4,17
2014,8,2,17,30,30.900000000000002,323,43.160000000000004,3.8000000000000003,16.900000000000002
2014,8,2,18,30,28.6,119,50.15,2.8000000000000003,17.2
2014,8,2,19,30,26.6,0,60.47,2,18.3
2014,8,2,20,30,25.400000000000002,0,67,1.8,18.8
2014,8,2,21,30,24.6,0,72.31,1.6,19.3
2014,8,2,22,30,23.900000000000002,0,77.36,1.4000000000000001,19.700000000000003
2014,8,2,23,30,23.3,0,81.51,1.2000000000000002,20
2014,8,3,0,30,22.700000000000003,0,85.28,1.1,20.1
2014,8,3,1,30,22.3,0,87.49,1.1,20.1
2014,8,3,2,30,21.900000000000002,0,89.43,1.1,20.1
2014,8,3,3,30,21.6,0,90.68,1.2000000000000002,20
2014,8,3,4,30,21.3,0,92.08,1.3,20
2014,8,3,5,30,21.8,0,88.99,2,19.900000000000002
2014,8,3,6,30,23.900000000000002,84,78.10000000000001,2.9000000000000004,19.900000000000002
2014,8,3,7,30,26.5,276,63.96,3.5,19.1
2014,8,3,8,30,28.700000000000003,482,54.11,4,18.5
2014,8,3,9,30,30.3,670,48.39,4.4,18.2
2014,8,3,10,30,31.5,820,44.79,4.6000000000000005,18.1
2014,8,3,11,30,32.4,822,42.6,4.800000000000001,18.1
2014,8,3,12,30,32.9,828,41.82,4.9,18.2
2014,8,3,13,30,33.1,928,41.99,4.9,18.5
2014,8,3,14,30,33.1,838,42.51,4.800000000000001,18.7
2014,8,3,15,30,32.9,696,43.15,4.6000000000000005,18.7
2014,8,3,16,30,32.4,515,44.12,4.5,18.6
2014,8,3,17,30,31.3,310,46.74,4.1000000000000005,18.6
2014,8,3,18,30,29.5,111,52.39,3.2,18.7
2014,8,3,19,30,27.8,0,60.5,2.5,19.5
2014,8,3,20,30,27,0,65.06,2.5,19.900000000000002
2014,8,3,21,30,26.200000000000003,0,69.87,2.3000000000000003,20.3
2014,8,3,22,30,25.5,0,74.43,2,20.6
2014,8,3,23,30,24.8,0,78.91,1.8,20.900000000000002
2014,8,4,0,30,24.3,0,82.25,1.8,21.1
2014,8,4,1,30,24,0,84.10000000000001,1.9000000000000001,21.1
2014,8,4,2,30,23.700000000000003,0,85.97,1.9000000000000001,21.200000000000003
2014,8,4,3,30,23.5,0,87.52,1.9000000000000001,21.3
2014,8,4,4,30,23.3,0,89.36,1.8,21.400000000000002
2014,8,4,5,30,23.700000000000003,0,87.93,2.2,21.6
2014,8,4,6,30,25.400000000000002,83,80.29,2.8000000000000003,21.8
2014,8,4,7,30,27.8,278,69.79,2.9000000000000004,21.8
2014,8,4,8,30,30.1,489,59.660000000000004,2.9000000000000004,21.400000000000002
2014,8,4,9,30,31.900000000000002,583,52.620000000000005,3.1,21
2014,8,4,10,30,33.4,829,47.29,3.3000000000000003,20.700000000000003
2014,8,4,11,30,34.5,873,43.46,3.4000000000000004,20.3
2014,8,4,12,30,35.2,965,40.730000000000004,3.5,19.900000000000002
2014,8,4,13,30,35.6,937,38.85,3.4000000000000004,19.5
2014,8,4,14,30,35.5,848,38.160000000000004,3.4000000000000004,19.1
2014,8,4,15,30,35.1,696,38.39,3.4000000000000004,18.8
2014,8,4,16,30,34.2,513,39.94,3.3000000000000003,18.7
2014,8,4,17,30,32.800000000000004,307,43.09,3,18.6
2014,8,4,18,30,30.6,109,50.28,2.2,19.1
2014,8,4,19,30,28.8,0,60.88,1.7000000000000002,20.5
2014,8,4,20,30,27.900000000000002,0,65.67,1.8,20.900000000000002
2014,8,4,21,30,27.1,0,70.29,1.6,21.200000000000003
2014,8,4,22,30,26.400000000000002,0,74.29,1.4000000000000001,21.5
2014,8,4,23,30,25.900000000000002,0,77.04,1.4000000000000001,21.6
2014,8,5,0,30,25.400000000000002,0,79.43,1.3,21.6
2014,8,5,1,30,25,0,81.3,1.3,21.6
2014,8,5,2,30,24.5,0,83.74,1.2000000000000002,21.6
2014,8,5,3,30,24,0,86.76,1.1,21.700000000000003
2014,8,5,4,30,23.6,0,89.7,1,21.8
2014,8,5,5,30,24,0,88.27,1.4000000000000001,21.900000000000002
2014,8,5,6,30,25.8,79,79.88,1.7000000000000002,22.1
2014,8,5,7,30,28.400000000000002,270,70.02,1.6,22.400000000000002
2014,8,5,8,30,30.700000000000003,478,61.38,1.7000000000000002,22.400000000000002
2014,8,5,9,30,32.5,667,53.5,1.8,21.8
2014,8,5,10,30,34,816,47.21,1.9000000000000001,21.200000000000003
2014,8,5,11,30,35.1,914,42.69,1.9000000000000001,20.5
2014,8,5,12,30,35.9,958,39.32,2,19.900000000000002
2014,8,5,13,30,36.300000000000004,931,37.17,2,19.400000000000002
2014,8,5,14,30,36.300000000000004,843,36.17,2.1,18.900000000000002
2014,8,5,15,30,36.1,697,35.97,2.2,18.7
2014,8,5,16,30,35.6,513,36.65,2.2,18.5
2014,8,5,17,30,34.300000000000004,306,39.15,1.9000000000000001,18.400000000000002
2014,8,5,18,30,32,107,48.14,1.4000000000000001,19.700000000000003
2014,8,5,19,30,30.1,0,59.26,1.3,21.3
2014,8,5,20,30,29.400000000000002,0,60.7,1.7000000000000002,21
2014,8,5,21,30,28.8,0,63.18,2.2,21.1
2014,8,5,22,30,28.1,0,67.56,2.6,21.5
2014,8,5,23,30,27.400000000000002,0,72.55,2.7,22
2014,8,6,0,30,26.700000000000003,0,77.29,2.6,22.400000000000002
2014,8,6,1,30,26,0,81.38,2.4000000000000004,22.6
2014,8,6,2,30,25.400000000000002,0,84.58,2.2,22.6
2014,8,6,3,30,24.900000000000002,0,87.24,1.8,22.6
2014,8,6,4,30,24.400000000000002,0,89.95,1.5,22.6
2014,8,6,5,30,24.6,0,88.95,1.8,22.700000000000003
2014,8,6,6,30,26.1,58,80.97,2.5,22.6
2014,8,6,7,30,28.700000000000003,280,65.52,2.7,21.6
2014,8,6,8,30,31.3,493,52.32,2.6,20.400000000000002
2014,8,6,9,30,33.6,688,42.61,2.6,19.200000000000003
2014,8,6,10,30,35.5,844,35.13,2.6,17.8
2014,8,6,11,30,36.9,944,30.28,2.7,16.6
2014,8,6,12,30,37.9,982,27.38,2.8000000000000003,15.9
2014,8,6,13,30,38.400000000000006,955,25.97,2.9000000000000004,15.5
2014,8,6,14,30,38.5,863,25.48,3,15.3
2014,8,6,15,30,38,716,26.3,3.1,15.4
2014,8,6,16,30,37,527,28.13,3.2,15.600000000000001
2014,8,6,17,30,35.300000000000004,235,31.45,2.9000000000000004,15.8
2014,8,6,18,30,32.7,110,38.730000000000004,2.3000000000000003,16.8
2014,8,6,19,30,30.8,0,47.72,2.4000000000000004,18.400000000000002
2014,8,6,20,30,30,0,51.43,3,18.900000000000002
2014,8,6,21,30,29.200000000000003,0,56.22,3.3000000000000003,19.6
2014,8,6,22,30,28.3,0,61.82,3.3000000000000003,20.3
2014,8,6,23,30,27.5,0,67.51,3.2,20.900000000000002
2014,8,7,0,30,26.8,0,72.88,3.2,21.5
2014,8,7,1,30,26.1,0,78.07000000000001,3.1,22
2014,8,7,2,30,25.6,0,81.84,2.9000000000000004,22.3
2014,8,7,3,30,25.1,0,85.62,2.8000000000000003,22.5
2014,8,7,4,30,24.8,0,88.7,2.8000000000000003,22.8
2014,8,7,5,30,25,0,89.2,3.1,23.1
2014,8,7,6,30,26.6,78,82.08,3.8000000000000003,23.3
2014,8,7,7,30,29,273,69.73,4.2,22.900000000000002
2014,8,7,8,30,31.8,486,55.870000000000005,4.2,21.900000000000002
2014,8,7,9,30,34.6,677,43.980000000000004,3.8000000000000003,20.6
2014,8,7,10,30,36.9,828,35.94,3.3000000000000003,19.400000000000002
2014,8,7,11,30,38.6,926,31.470000000000002,3,18.7
2014,8,7,12,30,39.6,955,29.330000000000002,2.9000000000000004,18.400000000000002
2014,8,7,13,30,40,926,28.47,3,18.3
2014,8,7,14,30,39.900000000000006,836,28.62,3.2,18.3
2014,8,7,15,30,39.5,688,29.2,3.4000000000000004,18.3
2014,8,7,16,30,38.7,487,30.14,3.6,18.1
2014,8,7,17,30,37.1,298,32.49,3.2,17.900000000000002
2014,8,7,18,30,34.7,93,38.01,2.7,18.3
2014,8,7,19,30,32.9,0,43.61,3,18.900000000000002
2014,8,7,20,30,32,0,45.85,3.8000000000000003,18.900000000000002
2014,8,7,21,30,30.900000000000002,0,50.61,4.1000000000000005,19.5
2014,8,7,22,30,29.8,0,56.47,4,20.200000000000003
2014,8,7,23,30,28.900000000000002,0,62.33,3.8000000000000003,21
2014,8,8,0,30,28.1,0,67.72,3.6,21.6
2014,8,8,1,30,27.400000000000002,0,72.48,3.4000000000000004,22
2014,8,8,2,30,26.900000000000002,0,76.38,3.3000000000000003,22.400000000000002
2014,8,8,3,30,26.5,0,80.32000000000001,3.2,22.8
2014,8,8,4,30,26.1,0,84.45,3.1,23.3
2014,8,8,5,30,26.3,0,85.31,3.3000000000000003,23.6
2014,8,8,6,30,27.6,73,80.10000000000001,4.1000000000000005,23.900000000000002
2014,8,8,7,30,29.8,262,68.31,4.5,23.3
2014,8,8,8,30,32.2,468,54.57,4.5,21.900000000000002
2014,8,8,9,30,34.4,657,43.83,4.2,20.3
2014,8,8,10,30,36.2,807,37.14,3.8000000000000003,19.3
2014,8,8,11,30,37.7,906,32.95,3.5,18.7
2014,8,8,12,30,38.800000000000004,962,30.23,3.3000000000000003,18.2
2014,8,8,13,30,39.5,936,28.47,3.4000000000000004,17.900000000000002
2014,8,8,14,30,39.7,847,27.6,3.5,17.6
2014,8,8,15,30,39.400000000000006,704,27.25,3.5,17.1
2014,8,8,16,30,38.6,519,27.42,3.4000000000000004,16.5
2014,8,8,17,30,37,310,29.14,2.9000000000000004,16.1
2014,8,8,18,30,34.2,107,35.67,2.1,16.900000000000002
2014,8,8,19,30,32.2,0,43.1,2.3000000000000003,18.1
2014,8,8,20,30,31.400000000000002,0,45.86,3.1,18.3
2014,8,8,21,30,30.6,0,50.83,3.5,19.3
2014,8,8,22,30,29.700000000000003,0,56.730000000000004,3.5,20.200000000000003
2014,8,8,23,30,28.900000000000002,0,62,3.2,20.900000000000002
2014,8,9,0,30,28.3,0,65.81,3,21.3
2014,8,9,1,30,27.700000000000003,0,69.16,2.7,21.5
2014,8,9,2,30,27.200000000000003,0,72.08,2.5,21.700000000000003
2014,8,9,3,30,26.700000000000003,0,75.31,2.2,22
2014,8,9,4,30,26.3,0,78.36,2,22.200000000000003
2014,8,9,5,30,26.5,0,78.47,2.4000000000000004,22.400000000000002
2014,8,9,6,30,27.8,79,73.58,3.2,22.6
2014,8,9,7,30,29.900000000000002,276,64.01,3.6,22.400000000000002
2014,8,9,8,30,32.2,487,52.79,3.6,21.3
2014,8,9,9,30,34.4,679,42.9,3.5,20
2014,8,9,10,30,36.300000000000004,832,36.1,3.4000000000000004,18.900000000000002
2014,8,9,11,30,37.7,930,32.25,3.2,18.3
2014,8,9,12,30,38.6,964,29.97,3.1,17.900000000000002
2014,8,9,13,30,39.2,936,28.43,3,17.6
2014,8,9,14,30,39.300000000000004,846,27.75,2.9000000000000004,17.3
2014,8,9,15,30,39,699,27.66,2.7,17
2014,8,9,16,30,38.300000000000004,512,28.060000000000002,2.6,16.6
2014,8,9,17,30,36.800000000000004,303,29.93,2.3000000000000003,16.400000000000002
2014,8,9,18,30,34.1,101,36.77,1.9000000000000001,17.3
2014,8,9,19,30,32.1,0,43.97,2.2,18.3
2014,8,9,20,30,31.3,0,45.730000000000004,2.9000000000000004,18.2
2014,8,9,21,30,30.3,0,50.47,3.3000000000000003,18.900000000000002
2014,8,9,22,30,29.3,0,56.9,3.3000000000000003,19.900000000000002
2014,8,9,23,30,28.5,0,63.61,3.3000000000000003,20.900000000000002
2014,8,10,0,30,27.8,0,70.3,3.2,21.900000000000002
2014,8,10,1,30,27.400000000000002,0,74.84,2.9000000000000004,22.5
2014,8,10,2,30,27,0,77.72,2.5,22.8
2014,8,10,3,30,26.700000000000003,0,78.89,2.1,22.700000000000003
2014,8,10,4,30,26.400000000000002,0,79.34,1.8,22.5
2014,8,10,5,30,26.6,0,77.62,2,22.400000000000002
2014,8,10,6,30,27.900000000000002,76,71.76,2.9000000000000004,22.3
2014,8,10,7,30,30,270,62.36,3.4000000000000004,22
2014,8,10,8,30,32.300000000000004,480,51.410000000000004,3.3000000000000003,21
2014,8,10,9,30,34.5,671,42.38,2.8000000000000003,19.900000000000002
2014,8,10,10,30,36.2,823,37.4,2.1,19.400000000000002
2014,8,10,11,30,37.4,922,34.57,1.5,19.200000000000003
2014,8,10,12,30,38.2,966,32.47,1.3,18.900000000000002
2014,8,10,13,30,38.6,937,30.95,1.5,18.400000000000002
2014,8,10,14,30,38.6,845,30.19,1.8,18
2014,8,10,15,30,38.2,697,30.21,2.1,17.7
2014,8,10,16,30,37.4,509,31.060000000000002,2.4000000000000004,17.5
2014,8,10,17,30,36,299,33.3,2.2,17.3
2014,8,10,18,30,33.800000000000004,98,39.550000000000004,1.9000000000000001,18.1
2014,8,10,19,30,32,0,46.6,2.1,19.1
2014,8,10,20,30,31.1,0,48.660000000000004,2.5,19
2014,8,10,21,30,30.1,0,52.550000000000004,2.5,19.3
2014,8,10,22,30,29.3,0,56.26,2.5,19.700000000000003
2014,8,10,23,30,28.6,0,59.800000000000004,2.5,20
2014,8,11,0,30,28,0,63.01,2.4000000000000004,20.3
2014,8,11,1,30,27.5,0,65.62,2.1,20.5
2014,8,11,2,30,27,0,67.79,1.9000000000000001,20.5
2014,8,11,3,30,26.6,0,69.23,1.6,20.5
2014,8,11,4,30,26.3,0,70.28,1.4000000000000001,20.5
2014,8,11,5,30,26.6,0,68.93,1.7000000000000002,20.400000000000002
2014,8,11,6,30,28.1,49,63,2.5,20.400000000000002
2014,8,11,7,30,30.400000000000002,218,55.93,3.1,20.6
2014,8,11,8,30,32.9,478,46.230000000000004,2.9000000000000004,19.8
2014,8,11,9,30,35.1,666,37.71,2.2,18.5
2014,8,11,10,30,36.800000000000004,817,32.45,1.6,17.6
2014,8,11,11,30,37.9,864,30.2,1.1,17.400000000000002
2014,8,11,12,30,38.2,261,30.23,0.9,17.7
2014,8,11,13,30,37.9,188,31.41,1.2000000000000002,18.1
2014,8,11,14,30,37.2,141,33.32,1.4000000000000001,18.400000000000002
2014,8,11,15,30,36.2,218,36.08,1.6,18.8
2014,8,11,16,30,35.1,223,39.42,1.5,19.200000000000003
2014,8,11,17,30,33.5,165,46.19,1.2000000000000002,20.400000000000002
2014,8,11,18,30,31.5,64,57.5,0.9,22.1
2014,8,11,19,30,30,0,70.37,0.8,24
2014,8,11,20,30,29.1,0,73.23,0.7000000000000001,23.8
2014,8,11,21,30,28.5,0,75.49,0.6000000000000001,23.700000000000003
2014,8,11,22,30,27.900000000000002,0,77.4,0.5,23.6
2014,8,11,23,30,27.200000000000003,0,80.32000000000001,0.5,23.5
2014,8,12,0,30,26.700000000000003,0,81.83,0.4,23.3
2014,8,12,1,30,26.200000000000003,0,83.55,0.4,23.200000000000003
2014,8,12,2,30,25.900000000000002,0,83.63,0.4,22.900000000000002
2014,8,12,3,30,25.6,0,83.22,0.30000000000000004,22.5
2014,8,12,4,30,25.200000000000003,0,84.62,0.4,22.400000000000002
2014,8,12,5,30,25.3,0,83.73,0.7000000000000001,22.3
2014,8,12,6,30,26.900000000000002,49,76.3,1.3,22.400000000000002
2014,8,12,7,30,29.8,209,60.14,2,21.200000000000003
2014,8,12,8,30,32.5,482,46.57,2.5,19.6
2014,8,12,9,30,34.300000000000004,678,40.47,2.9000000000000004,19
2014,8,12,10,30,35.800000000000004,837,35.800000000000004,3.1,18.3
2014,8,12,11,30,37,942,31.36,3.3000000000000003,17.3
2014,8,12,12,30,37.9,901,27.240000000000002,3.5,15.8
2014,8,12,13,30,38.400000000000006,901,23.72,3.7,14.100000000000001
2014,8,12,14,30,38.300000000000004,872,21.36,3.9000000000000004,12.4
2014,8,12,15,30,37.7,725,19.88,4.2,10.8
2014,8,12,16,30,36.5,534,19.39,4.2,9.5
2014,8,12,17,30,34.1,316,21.11,3.5,8.8
2014,8,12,18,30,30.5,104,29.3,2.5,10.600000000000001
2014,8,12,19,30,27.900000000000002,0,37.64,2.3000000000000003,12.100000000000001
2014,8,12,20,30,26.6,0,40.63,2.2,12.100000000000001
2014,8,12,21,30,25.400000000000002,0,45.35,2,12.700000000000001
2014,8,12,22,30,24.200000000000003,0,51.120000000000005,1.7000000000000002,13.5
2014,8,12,23,30,23.200000000000003,0,55.910000000000004,1.6,13.9
2014,8,13,0,30,22.3,0,59.88,1.4000000000000001,14.100000000000001
2014,8,13,1,30,21.400000000000002,0,63.54,1.3,14.200000000000001
2014,8,13,2,30,20.700000000000003,0,66.12,1.2000000000000002,14.100000000000001
2014,8,13,3,30,20.1,0,68.71000000000001,1.2000000000000002,14.200000000000001
2014,8,13,4,30,19.6,0,71.59,1.1,14.3
2014,8,13,5,30,20.200000000000003,0,69.71000000000001,1.5,14.5
2014,8,13,6,30,22.200000000000003,79,61.01,1.9000000000000001,14.3
2014,8,13,7,30,25.6,283,49.480000000000004,2.4000000000000004,14.200000000000001
2014,8,13,8,30,29.1,500,35.93,2.9000000000000004,12.5
2014,8,13,9,30,31.400000000000002,695,28.93,3,11.200000000000001
2014,8,13,10,30,33.2,848,25.77,3.1,11
2014,8,13,11,30,34.7,947,24.150000000000002,3.4000000000000004,11.3
2014,8,13,12,30,35.800000000000004,980,23.86,3.6,12
2014,8,13,13,30,36.4,949,24.35,3.8000000000000003,12.8
2014,8,13,14,30,36.6,854,25.2,3.8000000000000003,13.5
2014,8,13,15,30,36.300000000000004,706,26.17,3.8000000000000003,13.8
2014,8,13,16,30,35.5,516,27.19,3.6,13.8
2014,8,13,17,30,33.6,302,29.92,2.7,13.600000000000001
2014,8,13,18,30,30.5,96,39.4,1.7000000000000002,15.100000000000001
2014,8,13,19,30,28.1,0,49.32,1.5,16.5
2014,8,13,20,30,26.900000000000002,0,51.06,1.6,15.9
2014,8,13,21,30,25.900000000000002,0,52.74,1.6,15.5
2014,8,13,22,30,25,0,54.78,1.6,15.3
2014,8,13,23,30,24,0,58.11,1.5,15.3
2014,8,14,0,30,23.200000000000003,0,61.45,1.4000000000000001,15.4
2014,8,14,1,30,22.5,0,64.65,1.3,15.5
2014,8,14,2,30,21.8,0,67.92,1.2000000000000002,15.600000000000001
2014,8,14,3,30,21.1,0,72.27,1.1,15.9
2014,8,14,4,30,20.6,0,76.73,0.9,16.400000000000002
2014,8,14,5,30,21.1,0,76.29,1,16.8
2014,8,14,6,30,22.900000000000002,75,69.76,1.2000000000000002,17.1
2014,8,14,7,30,26.400000000000002,276,57.81,1.2000000000000002,17.400000000000002
2014,8,14,8,30,30,491,45.37,1.1,16.900000000000002
2014,8,14,9,30,32.300000000000004,685,37.36,1.2000000000000002,15.9
2014,8,14,10,30,34.1,839,32.65,1.9000000000000001,15.4
2014,8,14,11,30,35.4,939,30.02,2.5,15.200000000000001
2014,8,14,12,30,36.4,975,28.150000000000002,2.8000000000000003,15.100000000000001
2014,8,14,13,30,37,946,26.810000000000002,3.1,14.8
2014,8,14,14,30,37.1,855,25.91,3.2,14.4
2014,8,14,15,30,36.7,704,25.560000000000002,3.3000000000000003,13.8
2014,8,14,16,30,35.7,514,25.92,3.2,13.200000000000001
2014,8,14,17,30,33.800000000000004,299,28.02,2.6,12.8
2014,8,14,18,30,30.6,94,36.79,1.7000000000000002,14.200000000000001
2014,8,14,19,30,28.3,0,45.96,1.5,15.600000000000001
2014,8,14,20,30,27.3,0,48.36,1.6,15.4
2014,8,14,21,30,26.5,0,51.22,1.7000000000000002,15.600000000000001
2014,8,14,22,30,25.700000000000003,0,54.89,1.7000000000000002,16
2014,8,14,23,30,25.1,0,58.47,1.8,16.400000000000002
2014,8,15,0,30,24.700000000000003,0,61.83,1.9000000000000001,16.900000000000002
2014,8,15,1,30,24.5,0,65.25,2,17.6
2014,8,15,2,30,24.3,0,69.72,1.9000000000000001,18.400000000000002
2014,8,15,3,30,24.1,0,75.25,1.8,19.400000000000002
2014,8,15,4,30,23.700000000000003,0,81.77,1.5,20.400000000000002
2014,8,15,5,30,23.900000000000002,0,84.55,1.8,21.1
2014,8,15,6,30,25.5,68,79.98,2.4000000000000004,21.8
2014,8,15,7,30,28.3,262,70.42,2.9000000000000004,22.400000000000002
2014,8,15,8,30,31,476,58.33,3,21.900000000000002
2014,8,15,9,30,33.4,669,48.11,2.8000000000000003,20.900000000000002
2014,8,15,10,30,35.300000000000004,823,40.97,2.6,20
2014,8,15,11,30,36.800000000000004,924,35.89,2.6,19.200000000000003
2014,8,15,12,30,38,918,32.4,2.7,18.7
2014,8,15,13,30,38.7,938,30.09,2.8000000000000003,18.1
2014,8,15,14,30,38.900000000000006,845,28.92,3,17.6
2014,8,15,15,30,38.6,696,28.64,3,17.2
2014,8,15,16,30,37.800000000000004,505,29.310000000000002,2.9000000000000004,16.900000000000002
2014,8,15,17,30,36.1,292,31.88,2.4000000000000004,16.7
2014,8,15,18,30,33.5,88,39.09,1.8,17.7
2014,8,15,19,30,31.6,0,46.27,2.2,18.7
2014,8,15,20,30,30.900000000000002,0,47.2,3,18.400000000000002
2014,8,15,21,30,30.1,0,50.24,3.4000000000000004,18.6
2014,8,15,22,30,29.3,0,53.89,3.6,19
2014,8,15,23,30,28.700000000000003,0,57.1,3.6,19.400000000000002
2014,8,16,0,30,28,0,61.09,3.6,19.8
2014,8,16,1,30,27.5,0,65.1,3.5,20.400000000000002
2014,8,16,2,30,26.900000000000002,0,70.51,3.4000000000000004,21.1
2014,8,16,3,30,26.200000000000003,0,77.22,3.2,21.900000000000002
2014,8,16,4,30,25.700000000000003,0,83.44,3,22.700000000000003
2014,8,16,5,30,25.700000000000003,0,87.27,3.3000000000000003,23.400000000000002
2014,8,16,6,30,27,45,83.58,4.2,24
2014,8,16,7,30,29.5,261,71.8,4.9,23.900000000000002
2014,8,16,8,30,32.2,414,58.52,4.800000000000001,23
2014,8,16,9,30,34.9,643,46.730000000000004,4.5,21.8
2014,8,16,10,30,36.9,818,39.46,3.9000000000000004,20.900000000000002
2014,8,16,11,30,38.1,916,35.81,3.4000000000000004,20.3
2014,8,16,12,30,38.7,944,33.82,2.9000000000000004,19.900000000000002
2014,8,16,13,30,38.7,830,33.1,2.5,19.6
2014,8,16,14,30,38.300000000000004,820,33.04,2.2,19.200000000000003
2014,8,16,15,30,37.7,670,33.480000000000004,2.1,18.900000000000002
2014,8,16,16,30,36.9,481,34.160000000000004,2.2,18.5
2014,8,16,17,30,35.5,271,36.45,1.9000000000000001,18.3
2014,8,16,18,30,33.6,77,43.33,1.9000000000000001,19.400000000000002
2014,8,16,19,30,32.300000000000004,0,47.7,2.8000000000000003,19.8
2014,8,16,20,30,31.6,0,50.13,3.6,20
2014,8,16,21,30,31,0,52.86,3.9000000000000004,20.3
2014,8,16,22,30,30.5,0,55.07,4.2,20.5
2014,8,16,23,30,29.8,0,59.04,4.6000000000000005,20.900000000000002
2014,8,17,0,30,29.1,0,64.96000000000001,4.800000000000001,21.8
2014,8,17,1,30,28.3,0,72.24,4.7,22.8
2014,8,17,2,30,27.6,0,78.67,4.4,23.6
2014,8,17,3,30,27.1,0,83.19,3.9000000000000004,24
2014,8,17,4,30,26.700000000000003,0,86.43,3.4000000000000004,24.200000000000003
2014,8,17,5,30,26.5,0,87.88,3.2,24.3
2014,8,17,6,30,26.900000000000002,33,85.91,3.4000000000000004,24.3
2014,8,17,7,30,27.700000000000003,121,80.37,3.7,24
2014,8,17,8,30,29,312,70.01,3.8000000000000003,23
2014,8,17,9,30,30.400000000000002,512,60.94,3.9000000000000004,22
2014,8,17,10,30,31.8,544,54.29,3.8000000000000003,21.400000000000002
2014,8,17,11,30,33,374,49.76,3.7,21.1
2014,8,17,12,30,33.9,480,46.9,3.6,21
2014,8,17,13,30,34.6,170,44.9,3.7,20.900000000000002
2014,8,17,14,30,34.9,259,43.85,3.7,20.8
2014,8,17,15,30,34.6,102,43.69,3,20.5
2014,8,17,16,30,33.800000000000004,195,44.79,2.1,20.1
2014,8,17,17,30,32.300000000000004,145,49.78,1.2000000000000002,20.5
2014,8,17,18,30,30.400000000000002,33,63.36,0.7000000000000001,22.700000000000003
2014,8,17,19,30,29.200000000000003,0,71.25,0.6000000000000001,23.5
2014,8,17,20,30,28.6,0,72.39,0.7000000000000001,23.1
2014,8,17,21,30,28,0,74.23,1.1,23
2014,8,17,22,30,27.6,0,74.17,1.8,22.6
2014,8,17,23,30,27.200000000000003,0,74.78,2.2,22.3
2014,8,18,0,30,26.700000000000003,0,77.11,2.4000000000000004,22.400000000000002
2014,8,18,1,30,26.3,0,80.8,2.5,22.700000000000003
2014,8,18,2,30,26,0,85.27,2.6,23.3
2014,8,18,3,30,25.700000000000003,0,89.7,2.6,23.900000000000002
2014,8,18,4,30,25.400000000000002,0,93.27,2.6,24.200000000000003
2014,8,18,5,30,25.5,0,93.85000000000001,2.7,24.400000000000002
2014,8,18,6,30,26.200000000000003,43,90.77,3.2,24.6
2014,8,18,7,30,27.6,76,82.76,3.8000000000000003,24.400000000000002
2014,8,18,8,30,29.400000000000002,247,68.56,3.9000000000000004,23
2014,8,18,9,30,31.200000000000003,335,55.25,3.6,21.200000000000003
2014,8,18,10,30,32.7,697,47.32,3,20
2014,8,18,11,30,33.800000000000004,671,42.74,2.4000000000000004,19.400000000000002
2014,8,18,12,30,34.5,890,40.230000000000004,1.8,19
2014,8,18,13,30,34.9,873,38.730000000000004,1.2000000000000002,18.8
2014,8,18,14,30,35.1,823,37.85,0.7000000000000001,18.6
2014,8,18,15,30,34.800000000000004,655,38.18,0.6000000000000001,18.5
2014,8,18,16,30,33.9,466,40.44,0.9,18.6
2014,8,18,17,30,32.300000000000004,206,47.480000000000004,1.2000000000000002,19.700000000000003
2014,8,18,18,30,30.400000000000002,44,60.52,1.3,21.900000000000002
2014,8,18,19,30,29.200000000000003,0,64.81,1.6,21.900000000000002
2014,8,18,20,30,28.700000000000003,0,66.52,2,21.900000000000002
2014,8,18,21,30,28.200000000000003,0,68.49,2.3000000000000003,21.900000000000002
2014,8,18,22,30,27.700000000000003,0,70.79,2.6,21.900000000000002
2014,8,18,23,30,27.200000000000003,0,73.8,2.8000000000000003,22.1
2014,8,19,0,30,26.6,0,78.42,2.6,22.5
2014,8,19,1,30,26,0,83.4,2.3000000000000003,23
2014,8,19,2,30,25.5,0,87.69,2.1,23.3
2014,8,19,3,30,25.200000000000003,0,90.75,2,23.6
2014,8,19,4,30,24.900000000000002,0,93.7,1.9000000000000001,23.8
2014,8,19,5,30,24.900000000000002,0,94.44,2,23.900000000000002
2014,8,19,6,30,25.400000000000002,24,92.22,2.5,24
2014,8,19,7,30,26.400000000000002,169,86.16,3,23.900000000000002
2014,8,19,8,30,27.8,387,74.7,3.5,22.900000000000002
2014,8,19,9,30,29.1,159,64.78,3.7,21.8
2014,8,19,10,30,30.1,546,58.61,3.7,21.1
2014,8,19,11,30,31,436,54.03,3.6,20.6
2014,8,19,12,30,31.8,696,50.1,3.4000000000000004,20.1
2014,8,19,13,30,32.6,660,46.64,3.2,19.700000000000003
2014,8,19,14,30,33.2,811,44.12,3,19.400000000000002
2014,8,19,15,30,33.7,672,41.9,2.9000000000000004,19
2014,8,19,16,30,33.7,481,40.9,2.7,18.6
2014,8,19,17,30,32.2,138,45.300000000000004,2.1,18.900000000000002
2014,8,19,18,30,30.200000000000003,11,58.93,2.4000000000000004,21.3
2014,8,19,19,30,29.200000000000003,0,60.07,3.4000000000000004,20.700000000000003
2014,8,19,20,30,28.700000000000003,0,59.1,4.2,19.900000000000002
2014,8,19,21,30,28.1,0,60.77,4.4,19.8
2014,8,19,22,30,27.3,0,64.94,4.3,20.1
2014,8,19,23,30,26.5,0,70.4,4.1000000000000005,20.700000000000003
2014,8,20,0,30,25.8,0,76.39,3.8000000000000003,21.3
2014,8,20,1,30,25.200000000000003,0,82.39,3.5,22
2014,8,20,2,30,24.6,0,88.59,3.4000000000000004,22.6
2014,8,20,3,30,24.3,0,92.65,3.1,23
2014,8,20,4,30,24,0,95.45,2.9000000000000004,23.200000000000003
2014,8,20,5,30,24.3,0,94.18,3.1,23.3
2014,8,20,6,30,25.6,43,87.68,3.8000000000000003,23.400000000000002
2014,8,20,7,30,27.900000000000002,220,75.24,4.5,23.1
2014,8,20,8,30,30.400000000000002,429,60.82,4.800000000000001,22
2014,8,20,9,30,32.800000000000004,653,48.11,4.7,20.400000000000002
2014,8,20,10,30,34.800000000000004,809,39.58,4.5,19
2014,8,20,11,30,36.5,910,34.54,4.4,18.400000000000002
2014,8,20,12,30,37.6,948,31.75,4.3,18
2014,8,20,13,30,38.300000000000004,918,29.88,4.4,17.6
2014,8,20,14,30,38.6,822,28.72,4.5,17.3
2014,8,20,15,30,38.300000000000004,666,28.650000000000002,4.800000000000001,17
2014,8,20,16,30,37.300000000000004,472,30.060000000000002,5.2,16.900000000000002
2014,8,20,17,30,35.2,258,34.92,5.5,17.400000000000002
2014,8,20,18,30,32.7,64,44.39,5.4,19
2014,8,20,19,30,30.8,0,53.57,4.9,20.3
2014,8,20,20,30,29.6,0,60.96,4.4,21.3
2014,8,20,21,30,28.8,0,66.8,4.3,22
2014,8,20,22,30,28.1,0,72.15,4.4,22.6
2014,8,20,23,30,27.400000000000002,0,78.12,4.4,23.200000000000003
2014,8,21,0,30,26.8,0,83.97,4.2,23.900000000000002
2014,8,21,1,30,26.3,0,88.5,3.8000000000000003,24.200000000000003
2014,8,21,2,30,25.900000000000002,0,91.65,3.5,24.400000000000002
2014,8,21,3,30,25.6,0,93.81,3.1,24.5
2014,8,21,4,30,25.400000000000002,0,95.16,3,24.6
2014,8,21,5,30,25.6,0,94.17,3.2,24.6
2014,8,21,6,30,26.700000000000003,51,88.41,3.8000000000000003,24.6
2014,8,21,7,30,28.5,237,77.81,4.6000000000000005,24.200000000000003
2014,8,21,8,30,30.3,451,64.68,5,22.900000000000002
2014,8,21,9,30,32.2,538,52.99,5.2,21.400000000000002
2014,8,21,10,30,34,805,43.62,5.2,19.900000000000002
2014,8,21,11,30,35.6,906,36.49,5.2,18.5
2014,8,21,12,30,36.800000000000004,943,31.62,5.2,17.2
2014,8,21,13,30,37.7,911,28.32,5.2,16.3
2014,8,21,14,30,38.2,814,26.36,5.300000000000001,15.600000000000001
2014,8,21,15,30,38.2,658,25.45,5.300000000000001,15
2014,8,21,16,30,37.5,465,25.6,5.1000000000000005,14.5
2014,8,21,17,30,35.6,252,28.25,4.3,14.4
2014,8,21,18,30,33,60,35.12,3.7,15.600000000000001
2014,8,21,19,30,31.6,0,39.47,4.2,16.2
2014,8,21,20,30,30.900000000000002,0,42.31,4.7,16.6
2014,8,21,21,30,29.900000000000002,0,48.160000000000004,5,17.8
2014,8,21,22,30,28.8,0,55.7,5.2,19.1
2014,8,21,23,30,27.8,0,63.7,5,20.3
2014,8,22,0,30,27,0,71.81,4.7,21.5
2014,8,22,1,30,26.400000000000002,0,79.25,4.2,22.5
2014,8,22,2,30,26,0,85.08,3.9000000000000004,23.3
2014,8,22,3,30,25.700000000000003,0,89.68,3.5,23.900000000000002
2014,8,22,4,30,25.6,0,91.57000000000001,3.1,24.1
2014,8,22,5,30,25.8,0,90.05,3.1,24
2014,8,22,6,30,26.8,56,83.08,3.5,23.700000000000003
2014,8,22,7,30,28.6,253,71.44,4,22.900000000000002
2014,8,22,8,30,30.8,472,57.39,4,21.400000000000002
2014,8,22,9,30,33.2,670,45.160000000000004,4,19.700000000000003
2014,8,22,10,30,35.4,825,36.82,3.8000000000000003,18.400000000000002
2014,8,22,11,30,37.300000000000004,925,31.13,3.7,17.400000000000002
2014,8,22,12,30,38.6,959,27.64,3.5,16.6
2014,8,22,13,30,39.400000000000006,927,25.560000000000002,3.5,16.1
2014,8,22,14,30,39.6,829,24.7,3.6,15.700000000000001
2014,8,22,15,30,39.2,677,24.88,3.7,15.5
2014,8,22,16,30,38.2,482,26.080000000000002,3.8000000000000003,15.4
2014,8,22,17,30,36,267,29.86,3.2,15.600000000000001
2014,8,22,18,30,33.1,66,39.11,2.6,17.3
2014,8,22,19,30,31.400000000000002,0,45.22,2.8000000000000003,18.1
2014,8,22,20,30,30.700000000000003,0,47.58,3.2,18.3
2014,8,22,21,30,29.900000000000002,0,51.2,3.5,18.7
2014,8,22,22,30,29.1,0,55.35,3.5,19.200000000000003
2014,8,22,23,30,28.400000000000002,0,59.46,3.5,19.700000000000003
2014,8,23,0,30,27.6,0,63.980000000000004,3.2,20.200000000000003
2014,8,23,1,30,26.8,0,68.38,2.9000000000000004,20.5
2014,8,23,2,30,26,0,73.16,2.4000000000000004,20.8
2014,8,23,3,30,25.200000000000003,0,78.47,2,21.200000000000003
2014,8,23,4,30,24.400000000000002,0,84.22,1.7000000000000002,21.6
2014,8,23,5,30,24.3,0,86.48,1.9000000000000001,21.900000000000002
2014,8,23,6,30,25.700000000000003,60,81.22,2.9000000000000004,22.200000000000003
2014,8,23,7,30,28.200000000000003,260,69.81,3.7,22.200000000000003
2014,8,23,8,30,31.1,480,52.68,3.7,20.3
2014,8,23,9,30,33.800000000000004,676,39.1,3.5,18
2014,8,23,10,30,35.9,829,32.7,3.3000000000000003,17
2014,8,23,11,30,37.4,927,29.650000000000002,3.2,16.7
2014,8,23,12,30,38.5,956,27.68,3.2,16.6
2014,8,23,13,30,39.1,923,26.67,3.3000000000000003,16.5
2014,8,23,14,30,39.2,824,26.48,3.4000000000000004,16.5
2014,8,23,15,30,38.800000000000004,669,27.2,3.5,16.6
2014,8,23,16,30,37.800000000000004,474,28.88,3.6,16.7
2014,8,23,17,30,36,260,32.2,3.1,16.8
2014,8,23,18,30,33.4,63,39.47,2.4000000000000004,17.8
2014,8,23,19,30,31.8,0,45.57,2.6,18.6
2014,8,23,20,30,31.1,0,47.550000000000004,3.2,18.7
2014,8,23,21,30,30.400000000000002,0,50.53,3.4000000000000004,19
2014,8,23,22,30,29.700000000000003,0,54.07,3.4000000000000004,19.400000000000002
2014,8,23,23,30,29.1,0,57.65,3.3000000000000003,19.900000000000002
2014,8,24,0,30,28.400000000000002,0,61.15,3.1,20.200000000000003
2014,8,24,1,30,27.8,0,63.910000000000004,2.8000000000000003,20.3
2014,8,24,2,30,27.200000000000003,0,66.88,2.4000000000000004,20.5
2014,8,24,3,30,26.5,0,71.39,2.1,20.900000000000002
2014,8,24,4,30,25.8,0,76.91,1.8,21.400000000000002
2014,8,24,5,30,25.700000000000003,0,80.10000000000001,2,22
2014,8,24,6,30,26.900000000000002,57,76.86,2.8000000000000003,22.5
2014,8,24,7,30,29.400000000000002,256,64.58,3.3000000000000003,22
2014,8,24,8,30,32.2,476,47.050000000000004,3.4000000000000004,19.5
2014,8,24,9,30,34.4,674,37.72,3.2,17.900000000000002
2014,8,24,10,30,36.2,829,32.31,3.1,17
2014,8,24,11,30,37.5,927,29.080000000000002,3.2,16.5
2014,8,24,12,30,38.400000000000006,961,27,3.2,16.1
2014,8,24,13,30,38.900000000000006,927,25.830000000000002,3.1,15.8
2014,8,24,14,30,39,829,25.44,3,15.700000000000001
2014,8,24,15,30,38.6,677,25.78,2.9000000000000004,15.600000000000001
2014,8,24,16,30,37.7,482,26.95,2.8000000000000003,15.5
2014,8,24,17,30,35.9,266,29.84,2.3000000000000003,15.5
2014,8,24,18,30,33.1,64,37.730000000000004,1.6,16.8
2014,8,24,19,30,31.3,0,43.89,1.6,17.6
2014,8,24,20,30,30.5,0,45.25,1.8,17.3
2014,8,24,21,30,29.8,0,47.01,1.9000000000000001,17.3
2014,8,24,22,30,29.1,0,49.15,1.9000000000000001,17.400000000000002
2014,8,24,23,30,28.5,0,51.47,2,17.5
2014,8,25,0,30,27.900000000000002,0,54.21,2.1,17.8
2014,8,25,1,30,27.3,0,57.82,2.3000000000000003,18.3
2014,8,25,2,30,26.6,0,63.02,2.3000000000000003,19
2014,8,25,3,30,26,0,68.89,2.1,19.8
2014,8,25,4,30,25.400000000000002,0,74.81,1.9000000000000001,20.6
2014,8,25,5,30,25.400000000000002,0,77.39,2,21.200000000000003
2014,8,25,6,30,26.900000000000002,56,72.45,2.7,21.5
2014,8,25,7,30,29.700000000000003,252,61.08,2.8000000000000003,21.400000000000002
2014,8,25,8,30,32.7,466,47.11,2.1,20
2014,8,25,9,30,35.2,660,37.660000000000004,1.6,18.6
2014,8,25,10,30,36.9,813,32.6,1.6,17.8
2014,8,25,11,30,38.300000000000004,912,29.150000000000002,1.6,17.2
2014,8,25,12,30,39.2,943,26.900000000000002,1.7000000000000002,16.7
2014,8,25,13,30,39.7,910,25.53,1.8,16.3
2014,8,25,14,30,39.800000000000004,813,24.85,2,16
2014,8,25,15,30,39.400000000000006,657,25.05,2.3000000000000003,15.8
2014,8,25,16,30,38.6,463,25.86,2.6,15.600000000000001
2014,8,25,17,30,36.7,250,28.51,2.2,15.5
2014,8,25,18,30,34,56,35.33,1.6,16.5
2014,8,25,19,30,32.2,0,41.33,1.6,17.400000000000002
2014,8,25,20,30,31.400000000000002,0,43.02,1.8,17.3
2014,8,25,21,30,30.6,0,45.69,1.8,17.6
2014,8,25,22,30,29.700000000000003,0,49.52,1.7000000000000002,18
2014,8,25,23,30,28.900000000000002,0,53.7,1.5,18.6
2014,8,26,0,30,28.200000000000003,0,57.67,1.4000000000000001,19.1
2014,8,26,1,30,27.6,0,61.34,1.3,19.5
2014,8,26,2,30,27.1,0,64.67,1.1,19.900000000000002
2014,8,26,3,30,26.5,0,68.67,0.9,20.3
2014,8,26,4,30,26.1,0,72.03,0.7000000000000001,20.700000000000003
2014,8,26,5,30,26.200000000000003,0,73.11,0.9,21
2014,8,26,6,30,27.700000000000003,49,68.36,1.1,21.3
2014,8,26,7,30,30.6,236,56.61,1,21
2014,8,26,8,30,33.2,446,46.13,1.4000000000000001,20.1
2014,8,26,9,30,34.9,636,40.26,2.2,19.400000000000002
2014,8,26,10,30,36.1,787,37.12,2.8000000000000003,19.200000000000003
2014,8,26,11,30,36.800000000000004,847,35.480000000000004,3.2,19.1
2014,8,26,12,30,37.1,873,34.79,3.5,19
2014,8,26,13,30,36.9,831,35.160000000000004,3.7,19
2014,8,26,14,30,36.5,645,35.84,3.8000000000000003,19
2014,8,26,15,30,35.9,616,37.03,3.9000000000000004,19
2014,8,26,16,30,35.1,391,38.79,3.9000000000000004,19
2014,8,26,17,30,33.9,241,41.63,3.5,19.1
2014,8,26,18,30,32.300000000000004,51,46.25,2.7,19.3
2014,8,26,19,30,31,0,51.33,2.1,19.8
2014,8,26,20,30,30.1,0,55.03,1.7000000000000002,20.1
2014,8,26,21,30,29.400000000000002,0,58.18,1.4000000000000001,20.3
2014,8,26,22,30,28.8,0,60.76,1.2000000000000002,20.5
2014,8,26,23,30,28.200000000000003,0,63.300000000000004,1.1,20.6
2014,8,27,0,30,27.700000000000003,0,65.41,1,20.6
2014,8,27,1,30,27.3,0,67.07000000000001,1.1,20.700000000000003
2014,8,27,2,30,26.900000000000002,0,68.75,1.1,20.700000000000003
2014,8,27,3,30,26.400000000000002,0,71.45,0.9,20.8
2014,8,27,4,30,26,0,74.32000000000001,0.7000000000000001,21.1
2014,8,27,5,30,26.1,0,74.94,0.7000000000000001,21.3
2014,8,27,6,30,27.6,49,69.44,1,21.5
2014,8,27,7,30,29.8,236,61.03,1.1,21.5
2014,8,27,8,30,31.6,445,53.43,1.5,21
2014,8,27,9,30,33.2,637,46.61,2.1,20.200000000000003
2014,8,27,10,30,34.6,761,40.62,2.7,19.3
2014,8,27,11,30,35.9,891,35.800000000000004,3,18.400000000000002
2014,8,27,12,30,36.9,925,32.02,3.2,17.5
2014,8,27,13,30,37.5,898,29.060000000000002,3.2,16.5
2014,8,27,14,30,37.6,805,26.78,3.2,15.3
2014,8,27,15,30,37.300000000000004,655,25.47,3.2,14.3
2014,8,27,16,30,36.5,462,25.45,3.1,13.600000000000001
2014,8,27,17,30,34.6,248,27.32,2.3000000000000003,13.100000000000001
2014,8,27,18,30,31.8,52,34.17,1.4000000000000001,14.100000000000001
2014,8,27,19,30,29.900000000000002,0,40.69,1.4000000000000001,15.100000000000001
2014,8,27,20,30,29.200000000000003,0,42.72,1.5,15.200000000000001
2014,8,27,21,30,28.5,0,46.35,1.7000000000000002,15.9
2014,8,27,22,30,27.900000000000002,0,51.44,1.9000000000000001,17
2014,8,27,23,30,27.400000000000002,0,57.910000000000004,2,18.400000000000002
2014,8,28,0,30,26.900000000000002,0,65.2,1.9000000000000001,19.8
2014,8,28,1,30,26.5,0,71.7,1.7000000000000002,21
2014,8,28,2,30,25.900000000000002,0,77.96000000000001,1.3,21.8
2014,8,28,3,30,25.3,0,83.62,1,22.3
2014,8,28,4,30,24.900000000000002,0,87.65,0.7000000000000001,22.700000000000003
2014,8,28,5,30,25,0,88.58,0.7000000000000001,23
2014,8,28,6,30,26.400000000000002,50,82.38,1,23.200000000000003
2014,8,28,7,30,28.8,243,69.5,1.6,22.700000000000003
2014,8,28,8,30,31.200000000000003,460,56.18,2,21.400000000000002
2014,8,28,9,30,33.300000000000004,657,45.62,2.3000000000000003,20
2014,8,28,10,30,34.9,812,38.44,2.6,18.7
2014,8,28,11,30,36.2,911,33.89,2.8000000000000003,17.8
2014,8,28,12,30,37.1,897,31.32,2.9000000000000004,17.3
2014,8,28,13,30,37.5,909,30.330000000000002,3,17.2
2014,8,28,14,30,37.4,811,30.72,3.1,17.3
2014,8,28,15,30,36.6,654,32.86,3.3000000000000003,17.7
2014,8,28,16,30,35.2,341,37.1,3.4000000000000004,18.400000000000002
2014,8,28,17,30,33.1,238,45.02,2.9000000000000004,19.6
2014,8,28,18,30,30.700000000000003,46,60.56,2.5,22.200000000000003
2014,8,28,19,30,29.400000000000002,0,68.06,2.9000000000000004,22.900000000000002
2014,8,28,20,30,28.6,0,71.97,3.3000000000000003,23.1
2014,8,28,21,30,27.8,0,76.77,3.2,23.3
2014,8,28,22,30,27.200000000000003,0,79.92,3,23.400000000000002
2014,8,28,23,30,26.6,0,82.39,2.8000000000000003,23.400000000000002
2014,8,29,0,30,26.1,0,84.23,2.7,23.200000000000003
2014,8,29,1,30,25.6,0,86.38,2.5,23.200000000000003
2014,8,29,2,30,25.3,0,88.37,2.1,23.200000000000003
2014,8,29,3,30,25,0,91.34,1.4000000000000001,23.5
2014,8,29,4,30,24.8,0,93.73,1.1,23.700000000000003
2014,8,29,5,30,24.700000000000003,0,94.62,1.3,23.8
2014,8,29,6,30,25.400000000000002,14,91.03,1.8,23.8
2014,8,29,7,30,26.900000000000002,150,84.44,2.3000000000000003,24.1
2014,8,29,8,30,28.5,442,75.37,2.5,23.700000000000003
2014,8,29,9,30,29.900000000000002,637,66.63,2.6,23
2014,8,29,10,30,30.8,789,61.59,2.6,22.6
2014,8,29,11,30,31.400000000000002,885,58.730000000000004,2.5,22.400000000000002
2014,8,29,12,30,31.700000000000003,923,57.36,2.5,22.200000000000003
2014,8,29,13,30,31.8,807,56.660000000000004,2.5,22.1
2014,8,29,14,30,31.900000000000002,765,55.89,2.7,22
2014,8,29,15,30,31.700000000000003,532,56.27,2.7,21.900000000000002
2014,8,29,16,30,31.1,326,57.86,2.5,21.8
2014,8,29,17,30,29.700000000000003,178,63.6,1.8,22.1
2014,8,29,18,30,27.900000000000002,45,79.2,1.1,24
2014,8,29,19,30,26.8,0,86.21000000000001,1.1,24.3
2014,8,29,20,30,26.200000000000003,0,87.69,1.4000000000000001,24
2014,8,29,21,30,25.900000000000002,0,87.45,1.9000000000000001,23.700000000000003
2014,8,29,22,30,25.5,0,88.60000000000001,2.2,23.5
2014,8,29,23,30,25.200000000000003,0,90.49,2.1,23.5
2014,8,30,0,30,24.8,0,93.21000000000001,1.7000000000000002,23.6
2014,8,30,1,30,24.400000000000002,0,95.93,1.2000000000000002,23.700000000000003
2014,8,30,2,30,24,0,98.4,0.8,23.700000000000003
2014,8,30,3,30,23.8,0,99.22,0.5,23.700000000000003
2014,8,30,4,30,23.700000000000003,0,98.98,0.4,23.5
2014,8,30,5,30,23.900000000000002,0,97.08,0.4,23.400000000000002
2014,8,30,6,30,24.900000000000002,47,91.54,0.8,23.400000000000002
2014,8,30,7,30,26.700000000000003,238,80.85000000000001,1.4000000000000001,23.1
2014,8,30,8,30,28.6,261,70.4,1.8,22.700000000000003
2014,8,30,9,30,30.400000000000002,345,61.86,1.9000000000000001,22.3
2014,8,30,10,30,31.900000000000002,723,55.44,2.1,21.900000000000002
2014,8,30,11,30,32.9,895,51.31,2.3000000000000003,21.5
2014,8,30,12,30,33.6,926,48.51,2.4000000000000004,21.3
2014,8,30,13,30,33.800000000000004,857,47.24,2.4000000000000004,21
2014,8,30,14,30,33.7,771,47.160000000000004,2.3000000000000003,20.900000000000002
2014,8,30,15,30,33.4,498,47.56,2.2,20.700000000000003
2014,8,30,16,30,32.800000000000004,352,48.660000000000004,2,20.6
2014,8,30,17,30,31.3,205,53.01,1.4000000000000001,20.6
2014,8,30,18,30,29.400000000000002,28,69.28,0.9,23.200000000000003
2014,8,30,19,30,28.1,0,76.38,1,23.6
2014,8,30,20,30,27.5,0,76.32000000000001,1.1,23
2014,8,30,21,30,26.900000000000002,0,76.54,1.4000000000000001,22.400000000000002
2014,8,30,22,30,26.400000000000002,0,76.8,1.7000000000000002,22
2014,8,30,23,30,25.900000000000002,0,77.8,2.2,21.700000000000003
2014,8,31,0,30,25.3,0,80.67,2.4000000000000004,21.700000000000003
2014,8,31,1,30,24.900000000000002,0,83.88,2.4000000000000004,22
2014,8,31,2,30,24.400000000000002,0,88.08,2.3000000000000003,22.3
2014,8,31,3,30,24,0,92.15,1.9000000000000001,22.6
2014,8,31,4,30,23.6,0,96.37,1.5,23
2014,8,31,5,30,23.700000000000003,0,96.94,1.5,23.200000000000003
2014,8,31,6,30,25.1,45,90.13,2.2,23.400000000000002
2014,8,31,7,30,27.400000000000002,235,78.69,2.6,23.400000000000002
2014,8,31,8,30,29.900000000000002,450,65.85,2.5,22.8
2014,8,31,9,30,32.1,645,56.21,2.5,22.3
2014,8,31,10,30,33.800000000000004,713,50.02,2.7,21.900000000000002
2014,8,31,11,30,35.1,896,45.89,3,21.700000000000003
2014,8,31,12,30,36,882,42.89,3.4000000000000004,21.400000000000002
2014,8,31,13,30,36.5,898,40.800000000000004,3.8000000000000003,21.1
2014,8,31,14,30,36.5,799,39.77,4.2,20.6
2014,8,31,15,30,36.1,644,39.76,4.6000000000000005,20.3
2014,8,31,16,30,35,448,41.77,4.9,20.1
2014,8,31,17,30,33.1,232,47.12,4.9,20.3
2014,8,31,18,30,30.8,41,56.82,4.800000000000001,21.200000000000003
2014,8,31,19,30,29.1,0,66.45,4.800000000000001,22.200000000000003
2014,8,31,20,30,28,0,73.61,4.800000000000001,22.8
2014,8,31,21,30,27.200000000000003,0,78.47,4.6000000000000005,23.1
2014,8,31,22,30,26.5,0,82.21000000000001,4.5,23.200000000000003
2014,8,31,23,30,25.900000000000002,0,85.61,4.3,23.3
2014,9,1,0,30,25.400000000000002,0,89.17,4,23.5
2014,9,1,1,30,25.1,0,92.2,3.8000000000000003,23.700000000000003
2014,9,1,2,30,24.900000000000002,0,94.73,3.6,24
2014,9,1,3,30,24.900000000000002,0,95.67,3.5,24.200000000000003
2014,9,1,4,30,24.900000000000002,0,96.27,3.4000000000000004,24.3
2014,9,1,5,30,25.200000000000003,0,95.18,3.5,24.400000000000002
2014,9,1,6,30,26.3,43,89.79,4,24.5
2014,9,1,7,30,28.3,233,78.94,4.6000000000000005,24.3
2014,9,1,8,30,30.6,289,65.51,4.7,23.400000000000002
2014,9,1,9,30,32.800000000000004,649,54.47,4.5,22.400000000000002
2014,9,1,10,30,34.7,758,46.44,4.3,21.5
2014,9,1,11,30,36.2,896,41.25,4.3,21
2014,9,1,12,30,37.1,922,38.43,4.4,20.6
2014,9,1,13,30,37.5,884,37.02,4.5,20.400000000000002
2014,9,1,14,30,37.5,782,36.51,4.6000000000000005,20.1
2014,9,1,15,30,36.9,623,37.25,4.7,19.900000000000002
2014,9,1,16,30,35.800000000000004,427,39.22,4.6000000000000005,19.8
2014,9,1,17,30,34.1,215,43.21,4.2,19.8
2014,9,1,18,30,32.2,34,49.6,3.9000000000000004,20.3
2014,9,1,19,30,30.700000000000003,0,55.78,4,20.900000000000002
2014,9,1,20,30,29.700000000000003,0,61,4,21.400000000000002
2014,9,1,21,30,28.900000000000002,0,66.13,3.9000000000000004,21.900000000000002
2014,9,1,22,30,28.200000000000003,0,70.96000000000001,3.8000000000000003,22.400000000000002
2014,9,1,23,30,27.6,0,75.59,3.8000000000000003,22.900000000000002
2014,9,2,0,30,27,0,80.8,3.8000000000000003,23.400000000000002
2014,9,2,1,30,26.5,0,85.91,3.7,23.900000000000002
2014,9,2,2,30,26,0,90.68,3.5,24.400000000000002
2014,9,2,3,30,25.700000000000003,0,93.83,3.3000000000000003,24.6
2014,9,2,4,30,25.5,0,95.8,3.1,24.8
2014,9,2,5,30,25.6,0,95.29,3.2,24.8
2014,9,2,6,30,26.700000000000003,43,89.39,3.6,24.8
2014,9,2,7,30,28.700000000000003,234,77.88,4.1000000000000005,24.5
2014,9,2,8,30,30.900000000000002,200,65.42,4,23.700000000000003
2014,9,2,9,30,33,560,55.31,3.5,22.900000000000002
2014,9,2,10,30,34.7,798,47.96,3.2,22.1
2014,9,2,11,30,35.9,893,43.25,3.1,21.5
2014,9,2,12,30,36.7,924,40.38,3.3000000000000003,21.1
2014,9,2,13,30,37,888,39.22,3.6,20.900000000000002
2014,9,2,14,30,36.800000000000004,372,39.56,4,20.8
2014,9,2,15,30,36.300000000000004,632,40.56,4.4,20.8
2014,9,2,16,30,35.300000000000004,376,42.69,4.7,20.700000000000003
2014,9,2,17,30,33.7,218,46.800000000000004,4.4,20.8
2014,9,2,18,30,31.8,23,53.72,4.1000000000000005,21.3
2014,9,2,19,30,30.3,0,60.21,4,21.700000000000003
2014,9,2,20,30,29.3,0,65.11,3.8000000000000003,22.1
2014,9,2,21,30,28.5,0,69.43,3.6,22.400000000000002
2014,9,2,22,30,27.8,0,73.39,3.4000000000000004,22.6
2014,9,2,23,30,27.200000000000003,0,77.12,3.1,22.8
2014,9,3,0,30,26.700000000000003,0,80.74,2.7,23.1
2014,9,3,1,30,26.3,0,84.10000000000001,2.5,23.400000000000002
2014,9,3,2,30,26,0,87,2.3000000000000003,23.700000000000003
2014,9,3,3,30,25.700000000000003,0,89.65,2.1,23.900000000000002
2014,9,3,4,30,25.5,0,91.39,1.8,24
2014,9,3,5,30,25.400000000000002,0,92.38,1.7000000000000002,24.1
2014,9,3,6,30,26.1,41,88.92,2.2,24.1
2014,9,3,7,30,27.5,229,80.84,2.7,23.900000000000002
2014,9,3,8,30,29.3,446,68.9,3.1,23
2014,9,3,9,30,31.400000000000002,642,56.14,3.6,21.6
2014,9,3,10,30,33.2,796,47.230000000000004,4,20.5
2014,9,3,11,30,34.800000000000004,892,40.86,4.2,19.6
2014,9,3,12,30,36,922,36.63,4.4,18.900000000000002
2014,9,3,13,30,36.7,887,34.17,4.5,18.400000000000002
2014,9,3,14,30,36.9,786,33.11,4.6000000000000005,18
2014,9,3,15,30,36.800000000000004,625,32.74,4.5,17.8
2014,9,3,16,30,36.2,428,33.31,4.4,17.5
2014,9,3,17,30,34.5,214,36.550000000000004,3.7,17.5
2014,9,3,18,30,32.300000000000004,30,44.1,3.3000000000000003,18.5
2014,9,3,19,30,31,0,49.24,3.8000000000000003,19.1
2014,9,3,20,30,30.1,0,52.83,3.9000000000000004,19.400000000000002
2014,9,3,21,30,29.1,0,58.120000000000005,3.5,20
2014,9,3,22,30,28.200000000000003,0,63.730000000000004,3.1,20.700000000000003
2014,9,3,23,30,27.400000000000002,0,69.09,2.8000000000000003,21.200000000000003
2014,9,4,0,30,26.700000000000003,0,74.2,2.5,21.700000000000003
2014,9,4,1,30,26.200000000000003,0,78.61,2.3000000000000003,22.200000000000003
2014,9,4,2,30,25.6,0,83.61,2,22.6
2014,9,4,3,30,25.1,0,88.32000000000001,1.6,23
2014,9,4,4,30,24.8,0,91.8,1.3,23.400000000000002
2014,9,4,5,30,24.700000000000003,0,93.85000000000001,1.4000000000000001,23.6
2014,9,4,6,30,25.8,41,89.13,2.1,23.900000000000002
2014,9,4,7,30,27.6,232,80.76,2.7,24
2014,9,4,8,30,29.5,382,69.96000000000001,2.9000000000000004,23.400000000000002
2014,9,4,9,30,31.400000000000002,489,59.32,3,22.5
2014,9,4,10,30,32.800000000000004,749,51.99,3.2,21.700000000000003
2014,9,4,11,30,33.7,892,47.63,3.4000000000000004,21
2014,9,4,12,30,34.5,919,44.28,3.6,20.6
2014,9,4,13,30,35.1,882,41.97,3.8000000000000003,20.3
2014,9,4,14,30,35.4,781,40.84,4,20.1
2014,9,4,15,30,35.4,598,40.59,4.2,20
2014,9,4,16,30,34.7,429,41.980000000000004,4.3,19.900000000000002
2014,9,4,17,30,33.2,214,45.800000000000004,3.6,20
2014,9,4,18,30,31.200000000000003,30,53.25,2.9000000000000004,20.6
2014,9,4,19,30,29.900000000000002,0,59.45,2.6,21.1
2014,9,4,20,30,29.1,0,63.25,2.6,21.400000000000002
2014,9,4,21,30,28.5,0,66.62,2.5,21.700000000000003
2014,9,4,22,30,27.900000000000002,0,70.17,2.5,22
2014,9,4,23,30,27.3,0,73.82000000000001,2.3000000000000003,22.200000000000003
2014,9,5,0,30,26.8,0,77.33,1.9000000000000001,22.5
2014,9,5,1,30,26.3,0,81.31,1.5,22.8
2014,9,5,2,30,25.8,0,85.45,1,23.200000000000003
2014,9,5,3,30,25.3,0,89.52,0.8,23.5
2014,9,5,4,30,24.8,0,93.17,0.6000000000000001,23.6
2014,9,5,5,30,24.700000000000003,0,94.41,0.7000000000000001,23.700000000000003
2014,9,5,6,30,25.8,41,89.13,1.1,23.900000000000002
2014,9,5,7,30,27.900000000000002,232,78.83,1.6,23.900000000000002
2014,9,5,8,30,30.200000000000003,449,64.67,1.9000000000000001,22.8
2014,9,5,9,30,32.300000000000004,590,52.63,2.1,21.400000000000002
2014,9,5,10,30,34.1,751,44.82,2.1,20.400000000000002
2014,9,5,11,30,35.5,846,39.74,2.1,19.700000000000003
2014,9,5,12,30,36.4,860,36.68,2.2,19.200000000000003
2014,9,5,13,30,36.800000000000004,528,35.160000000000004,2.2,18.900000000000002
2014,9,5,14,30,36.800000000000004,778,34.54,2.3000000000000003,18.6
2014,9,5,15,30,36.300000000000004,617,35.2,2.5,18.5
2014,9,5,16,30,35.5,419,36.480000000000004,2.6,18.400000000000002
2014,9,5,17,30,33.7,206,40.25,2.1,18.3
2014,9,5,18,30,31.5,16,50.800000000000004,1.5,20.1
2014,9,5,19,30,30.200000000000003,0,56.980000000000004,1.6,20.700000000000003
2014,9,5,20,30,29.6,0,58.2,1.9000000000000001,20.5
2014,9,5,21,30,28.8,0,61.08,2.1,20.6
2014,9,5,22,30,28.200000000000003,0,64.11,2.2,20.8
2014,9,5,23,30,27.6,0,67.82000000000001,2.3000000000000003,21.1
2014,9,6,0,30,27,0,71.83,2.2,21.5
2014,9,6,1,30,26.5,0,75.55,2,21.8
2014,9,6,2,30,26,0,79.09,1.6,22.1
2014,9,6,3,30,25.5,0,82.88,1.2000000000000002,22.400000000000002
2014,9,6,4,30,25.1,0,86.15,0.9,22.6
2014,9,6,5,30,25,0,87.33,0.9,22.700000000000003
2014,9,6,6,30,26.200000000000003,25,81.71000000000001,1.5,22.8
2014,9,6,7,30,28.5,191,70.5,1.9000000000000001,22.6
2014,9,6,8,30,30.900000000000002,432,58.69,1.4000000000000001,21.900000000000002
2014,9,6,9,30,32.800000000000004,609,50.660000000000004,0.9,21.200000000000003
2014,9,6,10,30,34,731,45.97,1,20.700000000000003
2014,9,6,11,30,34.7,658,43.57,1.2000000000000002,20.5
2014,9,6,12,30,34.9,778,42.910000000000004,1.1,20.400000000000002
2014,9,6,13,30,34.7,856,43.18,0.9,20.400000000000002
2014,9,6,14,30,34.300000000000004,579,43.93,0.8,20.3
2014,9,6,15,30,33.6,352,45.51,1.1,20.200000000000003
2014,9,6,16,30,32.6,123,48.52,1.3,20.3
2014,9,6,17,30,31,105,56.92,1.3,21.5
2014,9,6,18,30,29.200000000000003,10,70.67,1.3,23.3
2014,9,6,19,30,28,0,75.38,1.8,23.200000000000003
2014,9,6,20,30,27.200000000000003,0,74.86,2.2,22.400000000000002
2014,9,6,21,30,26.5,0,76.36,2.4000000000000004,22
2014,9,6,22,30,25.900000000000002,0,78.72,2.4000000000000004,21.900000000000002
2014,9,6,23,30,25.400000000000002,0,81.08,2.4000000000000004,21.900000000000002
2014,9,7,0,30,24.900000000000002,0,83.85000000000001,2.4000000000000004,22
2014,9,7,1,30,24.6,0,86.53,2.3000000000000003,22.200000000000003
2014,9,7,2,30,24.200000000000003,0,90.25,2.3000000000000003,22.5
2014,9,7,3,30,23.8,0,93.89,2.4000000000000004,22.8
2014,9,7,4,30,23.6,0,95.97,2.5,22.900000000000002
2014,9,7,5,30,23.6,0,96.31,2.5,23
2014,9,7,6,30,23.900000000000002,11,94.58,2.8000000000000003,23
2014,9,7,7,30,24.6,11,90.5,3,22.900000000000002
2014,9,7,8,30,25.8,96,83.04,2.9000000000000004,22.700000000000003
2014,9,7,9,30,27.1,231,75.48,2.6,22.400000000000002
2014,9,7,10,30,28.200000000000003,496,69.7,2.4000000000000004,22.1
2014,9,7,11,30,29.3,607,64.75,2.2,22
2014,9,7,12,30,30.1,667,61.2,2,21.8
2014,9,7,13,30,30.700000000000003,561,58.480000000000004,1.7000000000000002,21.6
2014,9,7,14,30,31,663,56.96,1.3,21.5
2014,9,7,15,30,31,293,55.980000000000004,1.1,21.200000000000003
2014,9,7,16,30,30.400000000000002,188,57,0.9,20.900000000000002
2014,9,7,17,30,29.3,126,60.46,0.7000000000000001,20.900000000000002
2014,9,7,18,30,28,14,72.42,0.6000000000000001,22.6
2014,9,7,19,30,26.900000000000002,0,81.8,0.6000000000000001,23.5
2014,9,7,20,30,26.1,0,84.60000000000001,0.7000000000000001,23.3
2014,9,7,21,30,25.5,0,85.81,0.8,22.900000000000002
2014,9,7,22,30,24.900000000000002,0,87.53,0.9,22.700000000000003
2014,9,7,23,30,24.400000000000002,0,89.09,0.9,22.5
2014,9,8,0,30,24,0,90.42,1,22.3
2014,9,8,1,30,23.6,0,92.14,0.9,22.200000000000003
2014,9,8,2,30,23.3,0,93.68,0.8,22.200000000000003
2014,9,8,3,30,23,0,95.35000000000001,0.7000000000000001,22.200000000000003
2014,9,8,4,30,22.8,0,96.3,0.6000000000000001,22.200000000000003
2014,9,8,5,30,22.900000000000002,0,95.35000000000001,0.5,22.1
2014,9,8,6,30,24.200000000000003,33,88.38,0.7000000000000001,22.200000000000003
2014,9,8,7,30,26.8,215,74.16,0.9,21.8
2014,9,8,8,30,29.400000000000002,426,62.26,0.9,21.400000000000002
2014,9,8,9,30,31.5,617,53.97,0.8,21.1
2014,9,8,10,30,33,766,48.43,0.8,20.700000000000003
2014,9,8,11,30,34.2,860,44.43,1,20.400000000000002
2014,9,8,12,30,35.1,895,41.63,1.3,20.1
2014,9,8,13,30,35.6,858,39.76,1.6,19.8
2014,9,8,14,30,35.7,756,38.95,1.8,19.6
2014,9,8,15,30,35.300000000000004,595,39.42,2,19.400000000000002
2014,9,8,16,30,34.4,400,41.12,2.1,19.3
2014,9,8,17,30,32.5,189,46.18,1.6,19.5
2014,9,8,18,30,30.200000000000003,18,63.31,1.2000000000000002,22.5
2014,9,8,19,30,29,0,67.36,1.4000000000000001,22.3
2014,9,8,20,30,28.400000000000002,0,67.11,1.7000000000000002,21.700000000000003
2014,9,8,21,30,27.900000000000002,0,67.72,2,21.400000000000002
2014,9,8,22,30,27.3,0,69.58,2.2,21.200000000000003
2014,9,8,23,30,26.700000000000003,0,72.19,2.4000000000000004,21.3
2014,9,9,0,30,26.1,0,75.12,2.5,21.3
2014,9,9,1,30,25.5,0,78.35000000000001,2.6,21.5
2014,9,9,2,30,25,0,81.34,2.4000000000000004,21.6
2014,9,9,3,30,24.5,0,84.52,2.2,21.700000000000003
2014,9,9,4,30,24,0,87.67,2,21.8
2014,9,9,5,30,23.8,0,89.19,2.1,21.900000000000002
2014,9,9,6,30,24.900000000000002,35,83.98,2.7,22
2014,9,9,7,30,27.5,221,71.7,3.4000000000000004,21.900000000000002
2014,9,9,8,30,30.5,435,55.02,3.8000000000000003,20.400000000000002
2014,9,9,9,30,32.9,630,43.660000000000004,3.7,18.900000000000002
2014,9,9,10,30,34.7,782,38.730000000000004,3.7,18.6
2014,9,9,11,30,35.9,878,36.13,3.9000000000000004,18.6
2014,9,9,12,30,36.800000000000004,910,34.11,4,18.400000000000002
2014,9,9,13,30,37.300000000000004,872,32.8,4.2,18.2
2014,9,9,14,30,37.4,770,32.13,4.2,18
2014,9,9,15,30,36.9,612,32.480000000000004,4.3,17.7
2014,9,9,16,30,35.9,413,33.9,4.1000000000000005,17.5
2014,9,9,17,30,33.5,198,38.64,3.1,17.5
2014,9,9,18,30,30.900000000000002,19,48.89,2.3000000000000003,18.900000000000002
2014,9,9,19,30,29.700000000000003,0,53.4,2.6,19.200000000000003
2014,9,9,20,30,29,0,55.1,3.2,19.1
2014,9,9,21,30,28.3,0,58.79,3.5,19.5
2014,9,9,22,30,27.6,0,64.12,3.7,20.200000000000003
2014,9,9,23,30,26.900000000000002,0,70.09,3.9000000000000004,21
2014,9,10,0,30,26.3,0,75.60000000000001,4,21.6
2014,9,10,1,30,25.8,0,80.31,3.9000000000000004,22.200000000000003
2014,9,10,2,30,25.3,0,84.74,3.8000000000000003,22.5
2014,9,10,3,30,24.8,0,89.21000000000001,3.6,22.900000000000002
2014,9,10,4,30,24.5,0,92.53,3.4000000000000004,23.200000000000003
2014,9,10,5,30,24.5,0,93.77,3.5,23.400000000000002
2014,9,10,6,30,25.5,34,88.99,4.3,23.6
2014,9,10,7,30,27.700000000000003,221,76.85000000000001,5.300000000000001,23.3
2014,9,10,8,30,30.200000000000003,435,63.22,5.7,22.400000000000002
2014,9,10,9,30,32.7,629,52.300000000000004,5.6000000000000005,21.700000000000003
2014,9,10,10,30,34.800000000000004,780,44.42,5.4,20.900000000000002
2014,9,10,11,30,36.5,875,38.95,5.1000000000000005,20.3
2014,9,10,12,30,37.7,903,35.29,4.800000000000001,19.8
2014,9,10,13,30,38.5,865,32.76,4.6000000000000005,19.3
2014,9,10,14,30,38.7,761,31.51,4.5,18.8
2014,9,10,15,30,38.2,602,31.78,4.4,18.5
2014,9,10,16,30,37.2,404,33.27,4.2,18.400000000000002
2014,9,10,17,30,34.9,189,37.9,3.2,18.400000000000002
2014,9,10,18,30,32.4,16,46.97,2.6,19.6
2014,9,10,19,30,31.3,0,50.7,3.1,19.900000000000002
2014,9,10,20,30,30.6,0,53.21,3.8000000000000003,20
2014,9,10,21,30,29.8,0,57.85,4.1000000000000005,20.6
2014,9,10,22,30,28.8,0,64.29,4.1000000000000005,21.400000000000002
2014,9,10,23,30,27.900000000000002,0,70.78,3.9000000000000004,22.1
2014,9,11,0,30,27.200000000000003,0,76.42,3.6,22.700000000000003
2014,9,11,1,30,26.6,0,81.21000000000001,3.2,23.1
2014,9,11,2,30,26.200000000000003,0,84.81,2.9000000000000004,23.400000000000002
2014,9,11,3,30,25.900000000000002,0,87.79,2.8000000000000003,23.700000000000003
2014,9,11,4,30,25.700000000000003,0,89.96000000000001,2.6,23.900000000000002
2014,9,11,5,30,25.6,0,91.36,2.6,24.1
2014,9,11,6,30,26.400000000000002,29,87.85000000000001,3.1,24.200000000000003
2014,9,11,7,30,28.3,208,77.99,3.8000000000000003,24.1
2014,9,11,8,30,30.6,419,65.28,3.9000000000000004,23.3
2014,9,11,9,30,32.6,611,55.910000000000004,3.5,22.700000000000003
2014,9,11,10,30,34.2,761,49.88,2.9000000000000004,22.3
2014,9,11,11,30,35.4,854,46.03,2.2,22
2014,9,11,12,30,36.1,882,43.69,1.6,21.8
2014,9,11,13,30,36.300000000000004,615,42.4,1.1,21.5
2014,9,11,14,30,36.2,649,41.61,0.9,21.1
2014,9,11,15,30,35.6,370,41.9,0.8,20.700000000000003
2014,9,11,16,30,34.6,388,43.51,0.9,20.400000000000002
2014,9,11,17,30,32.800000000000004,177,48.56,0.9,20.5
2014,9,11,18,30,30.700000000000003,7,65.23,0.8,23.400000000000002
2014,9,11,19,30,29.1,0,74.43,1.1,24.1
2014,9,11,20,30,28,0,74.53,1.4000000000000001,23.1
2014,9,11,21,30,27,0,77.15,1.5,22.700000000000003
2014,9,11,22,30,26.200000000000003,0,80.99,1.5,22.700000000000003
2014,9,11,23,30,25.6,0,84.35000000000001,1.6,22.8
2014,9,12,0,30,25,0,87.45,1.5,22.8
2014,9,12,1,30,24.5,0,90.22,1.4000000000000001,22.8
2014,9,12,2,30,24.200000000000003,0,92.65,1.2000000000000002,22.900000000000002
2014,9,12,3,30,23.900000000000002,0,93.87,1,22.900000000000002
2014,9,12,4,30,23.700000000000003,0,94.7,0.9,22.8
2014,9,12,5,30,23.5,0,95.24,1.2000000000000002,22.700000000000003
2014,9,12,6,30,24,29,91.72,1.9000000000000001,22.6
2014,9,12,7,30,25.6,210,83.91,2.4000000000000004,22.700000000000003
2014,9,12,8,30,27.8,193,73.57000000000001,3,22.6
2014,9,12,9,30,29.5,333,64.95,3.5,22.200000000000003
2014,9,12,10,30,30.6,421,58.63,3.9000000000000004,21.6
2014,9,12,11,30,31.1,419,55.15,4.2,21
2014,9,12,12,30,31.200000000000003,729,53.58,4.5,20.700000000000003
2014,9,12,13,30,30.700000000000003,476,53.95,4.7,20.3
2014,9,12,14,30,29.8,332,55.72,4.9,20
2014,9,12,15,30,28.6,268,58.58,5,19.700000000000003
2014,9,12,16,30,27.1,177,62.29,5,19.3
2014,9,12,17,30,25.200000000000003,64,67.56,4.9,18.8
2014,9,12,18,30,23.1,4,75,5,18.400000000000002
2014,9,12,19,30,21.200000000000003,0,82.68,5.5,18.1
2014,9,12,20,30,19.700000000000003,0,87.76,6,17.6
2014,9,12,21,30,18.6,0,88.57000000000001,6,16.7
2014,9,12,22,30,17.8,0,87.28,5.9,15.700000000000001
2014,9,12,23,30,17.1,0,85.89,5.7,14.700000000000001
2014,9,13,0,30,16.5,0,85.52,5.5,14.100000000000001
2014,9,13,1,30,16.1,0,85.78,5.5,13.700000000000001
2014,9,13,2,30,15.8,0,85.96000000000001,5.5,13.5
2014,9,13,3,30,15.4,0,86.19,5.5,13.100000000000001
2014,9,13,4,30,15,0,86.24,5.4,12.700000000000001
2014,9,13,5,30,14.700000000000001,0,86.28,5.2,12.4
2014,9,13,6,30,15,7,83.73,5.2,12.3
2014,9,13,7,30,16.1,10,77.57000000000001,5.300000000000001,12.200000000000001
2014,9,13,8,30,17.7,40,70.19,5.2,12.200000000000001
2014,9,13,9,30,19.3,160,64.19,5,12.4
2014,9,13,10,30,20.700000000000003,316,59.96,4.800000000000001,12.600000000000001
2014,9,13,11,30,21.900000000000002,430,57.11,4.5,13
2014,9,13,12,30,22.700000000000003,447,55.96,4.3,13.5
2014,9,13,13,30,23,436,56.63,4,13.9
2014,9,13,14,30,23,395,58.25,3.7,14.4
2014,9,13,15,30,22.700000000000003,209,60.54,3.5,14.700000000000001
2014,9,13,16,30,22.1,272,63.65,3.2,14.9
2014,9,13,17,30,21.1,87,68.2,2.7,15
2014,9,13,18,30,20,2,74.19,2.2,15.3
2014,9,13,19,30,19.3,0,78.66,2.1,15.5
2014,9,13,20,30,18.8,0,80.92,2.1,15.5
2014,9,13,21,30,18.6,0,82.08,2,15.5
2014,9,13,22,30,18.400000000000002,0,83.51,1.9000000000000001,15.600000000000001
2014,9,13,23,30,18.2,0,85.2,1.8,15.700000000000001
2014,9,14,0,30,18.1,0,86.34,1.9000000000000001,15.8
2014,9,14,1,30,18,0,86.98,2.1,15.8
2014,9,14,2,30,17.8,0,87.53,2.3000000000000003,15.700000000000001
2014,9,14,3,30,17.7,0,87.51,2.5,15.600000000000001
2014,9,14,4,30,17.400000000000002,0,88.91,2.5,15.600000000000001
2014,9,14,5,30,17.3,0,89.34,2.5,15.5
2014,9,14,6,30,17.7,6,86.89,2.8000000000000003,15.5
2014,9,14,7,30,19.200000000000003,70,77.83,3,15.200000000000001
2014,9,14,8,30,21.1,149,68.77,2.8000000000000003,15.100000000000001
2014,9,14,9,30,22.900000000000002,162,62.68,2.5,15.4
2014,9,14,10,30,24.6,196,58.11,2.3000000000000003,15.8
2014,9,14,11,30,26.3,269,54.2,2.1,16.3
2014,9,14,12,30,27.6,472,51.79,2,16.8
2014,9,14,13,30,28.6,431,50.24,2,17.2
2014,9,14,14,30,29.1,648,49.77,1.9000000000000001,17.5
2014,9,14,15,30,29,524,50.550000000000004,1.9000000000000001,17.7
2014,9,14,16,30,28.400000000000002,375,52.620000000000005,1.9000000000000001,17.8
2014,9,14,17,30,26.8,166,58.11,1.4000000000000001,17.900000000000002
2014,9,14,18,30,24.900000000000002,0,74.25,0.9,20
2014,9,14,19,30,23.900000000000002,0,78.93,1,20
2014,9,14,20,30,23.5,0,78.47,1.2000000000000002,19.5
2014,9,14,21,30,23.1,0,78.95,1.2000000000000002,19.200000000000003
2014,9,14,22,30,22.700000000000003,0,79.91,1.2000000000000002,19.1
2014,9,14,23,30,22.3,0,81.24,1.2000000000000002,18.900000000000002
2014,9,15,0,30,21.900000000000002,0,83.18,1,18.900000000000002
2014,9,15,1,30,21.5,0,85.51,0.9,19
2014,9,15,2,30,21.3,0,87.17,0.8,19.1
2014,9,15,3,30,21.200000000000003,0,89.05,0.7000000000000001,19.3
2014,9,15,4,30,21.200000000000003,0,90.4,0.7000000000000001,19.6
2014,9,15,5,30,21.200000000000003,0,91.72,0.6000000000000001,19.8
2014,9,15,6,30,21.8,7,90.12,0.8,20.1
2014,9,15,7,30,23,72,82.81,1.1,19.900000000000002
2014,9,15,8,30,24.6,92,76.62,1.2000000000000002,20.200000000000003
2014,9,15,9,30,25.900000000000002,322,71.87,1,20.400000000000002
2014,9,15,10,30,26.900000000000002,89,67.83,0.9,20.5
2014,9,15,11,30,27.5,155,65.42,0.8,20.400000000000002
2014,9,15,12,30,28,654,63.5,0.8,20.400000000000002
2014,9,15,13,30,28.3,740,62.42,0.9,20.400000000000002
2014,9,15,14,30,28.400000000000002,396,62.07,1.1,20.400000000000002
2014,9,15,15,30,28.3,162,62.120000000000005,1.4000000000000001,20.400000000000002
2014,9,15,16,30,28,238,62.95,1.6,20.3
2014,9,15,17,30,26.700000000000003,85,68.95,1.1,20.5
2014,9,15,18,30,25.1,0,83,0.8,22
2014,9,15,19,30,24.3,0,85.41,0.9,21.700000000000003
2014,9,15,20,30,23.900000000000002,0,86.17,1,21.400000000000002
2014,9,15,21,30,23.6,0,86.84,1,21.3
2014,9,15,22,30,23.400000000000002,0,87.43,0.9,21.200000000000003
2014,9,15,23,30,23.200000000000003,0,88.26,0.9,21.1
2014,9,16,0,30,23.1,0,88.87,0.8,21.200000000000003
2014,9,16,1,30,23,0,89.38,0.8,21.200000000000003
2014,9,16,2,30,22.900000000000002,0,90.03,0.8,21.200000000000003
2014,9,16,3,30,22.8,0,90.75,0.9,21.200000000000003
2014,9,16,4,30,22.700000000000003,0,91.38,0.9,21.200000000000003
2014,9,16,5,30,22.700000000000003,0,91.38,1,21.200000000000003
2014,9,16,6,30,23.3,12,88.76,1.5,21.3
2014,9,16,7,30,25,85,79.58,1.9000000000000001,21.200000000000003
2014,9,16,8,30,27.200000000000003,185,70.16,1.9000000000000001,21.3
2014,9,16,9,30,29.1,336,63.120000000000005,1.8,21.400000000000002
2014,9,16,10,30,30.400000000000002,536,58.64,1.9000000000000001,21.400000000000002
2014,9,16,11,30,31.200000000000003,672,55.47,2.1,21.200000000000003
2014,9,16,12,30,31.5,741,53.910000000000004,2.3000000000000003,21
2014,9,16,13,30,31.5,564,53.64,2.5,21
2014,9,16,14,30,31.3,218,54.21,2.7,20.900000000000002
2014,9,16,15,30,30.900000000000002,167,55.730000000000004,2.7,21
2014,9,16,16,30,30.3,270,58.15,2.5,21.200000000000003
2014,9,16,17,30,28.8,119,65.54,1.7000000000000002,21.700000000000003
2014,9,16,18,30,27.200000000000003,0,79.54,1.2000000000000002,23.400000000000002
2014,9,16,19,30,26.400000000000002,0,83.54,1.3,23.400000000000002
2014,9,16,20,30,25.900000000000002,0,85.9,1.4000000000000001,23.400000000000002
2014,9,16,21,30,25.5,0,88.38,1.5,23.400000000000002
2014,9,16,22,30,25,0,91.85000000000001,1.5,23.6
2014,9,16,23,30,24.6,0,95.23,1.3,23.8
2014,9,17,0,30,24.200000000000003,0,98.32000000000001,1.1,23.900000000000002
2014,9,17,1,30,23.900000000000002,0,100,0.9,23.900000000000002
2014,9,17,2,30,23.700000000000003,0,100,0.8,23.700000000000003
2014,9,17,3,30,23.5,0,100,0.7000000000000001,23.5
2014,9,17,4,30,23.400000000000002,0,100,0.6000000000000001,23.400000000000002
2014,9,17,5,30,23.5,0,100,0.6000000000000001,23.5
2014,9,17,6,30,24.1,8,97.16,0.8,23.6
2014,9,17,7,30,25.400000000000002,41,91.55,1,23.900000000000002
2014,9,17,8,30,26.700000000000003,75,84.53,0.9,23.900000000000002
2014,9,17,9,30,28.1,259,76.64,0.9,23.6
2014,9,17,10,30,29.200000000000003,515,70.27,1.2000000000000002,23.200000000000003
2014,9,17,11,30,30,585,65.45,1.4000000000000001,22.8
2014,9,17,12,30,30.400000000000002,870,62.75,1.5,22.5
2014,9,17,13,30,30.400000000000002,829,61.99,1.6,22.3
2014,9,17,14,30,30.200000000000003,724,62.43,1.7000000000000002,22.200000000000003
2014,9,17,15,30,29.8,554,64.15,1.8,22.3
2014,9,17,16,30,29.1,358,68.68,1.7000000000000002,22.8
2014,9,17,17,30,27.700000000000003,115,79.31,1.3,23.8
2014,9,17,18,30,26.5,0,89.74,1.2000000000000002,24.700000000000003
2014,9,17,19,30,25.900000000000002,0,91.60000000000001,1.5,24.400000000000002
2014,9,17,20,30,25.5,0,93.19,1.8,24.3
2014,9,17,21,30,25.200000000000003,0,94.66,2,24.3
2014,9,17,22,30,24.8,0,96.78,2.2,24.3
2014,9,17,23,30,24.5,0,98.46000000000001,2.1,24.200000000000003
2014,9,18,0,30,24.3,0,99.22,1.8,24.200000000000003
2014,9,18,1,30,24.1,0,99.91,1.4000000000000001,24.1
2014,9,18,2,30,23.900000000000002,0,100,1,23.900000000000002
2014,9,18,3,30,23.8,0,100,0.7000000000000001,23.8
2014,9,18,4,30,23.8,0,100,0.5,23.8
2014,9,18,5,30,23.8,0,100,0.5,23.8
2014,9,18,6,30,24.1,10,98.69,0.8,23.900000000000002
2014,9,18,7,30,24.5,123,97.51,1.3,24.1
2014,9,18,8,30,25,65,95.04,1.3,24.1
2014,9,18,9,30,25.6,313,92.37,1.1,24.3
2014,9,18,10,30,26.1,495,89.4,1.4000000000000001,24.200000000000003
2014,9,18,11,30,26.400000000000002,526,87.62,2.1,24.200000000000003
2014,9,18,12,30,26.6,406,86.16,3,24.1
2014,9,18,13,30,26.8,371,83.78,3.7,23.8
2014,9,18,14,30,26.8,383,78.79,4,22.8
2014,9,18,15,30,26.5,257,73.21000000000001,3.7,21.3
2014,9,18,16,30,25.8,227,72.66,3,20.5
2014,9,18,17,30,24.5,78,80.45,2.1,20.900000000000002
2014,9,18,18,30,23.5,0,88.61,1.5,21.5
2014,9,18,19,30,23,0,91.98,1.5,21.6
2014,9,18,20,30,22.8,0,93.04,1.4000000000000001,21.6
2014,9,18,21,30,22.400000000000002,0,94.46000000000001,1.2000000000000002,21.5
2014,9,18,22,30,21.900000000000002,0,96.71000000000001,0.9,21.400000000000002
2014,9,18,23,30,21.6,0,97.86,0.8,21.200000000000003
2014,9,19,0,30,21.3,0,98.75,1,21.1
2014,9,19,1,30,21.1,0,99.54,1.2000000000000002,21
2014,9,19,2,30,20.900000000000002,0,100,1.5,20.900000000000002
2014,9,19,3,30,20.700000000000003,0,100,1.7000000000000002,20.700000000000003
2014,9,19,4,30,20.6,0,100,2,20.6
2014,9,19,5,30,20.5,0,99.76,2.2,20.5
2014,9,19,6,30,21,25,96.07000000000001,2.7,20.3
2014,9,19,7,30,22.5,210,89.31,3.3000000000000003,20.700000000000003
2014,9,19,8,30,24.8,179,77.02,3.5,20.5
2014,9,19,9,30,27.3,198,64.72,3.3000000000000003,20.1
2014,9,19,10,30,29.1,463,58.660000000000004,3,20.200000000000003
2014,9,19,11,30,30.3,774,55.67,2.9000000000000004,20.5
2014,9,19,12,30,31.1,875,53.77,2.9000000000000004,20.6
2014,9,19,13,30,31.400000000000002,830,53.01,2.8000000000000003,20.700000000000003
2014,9,19,14,30,31.5,724,52.59,2.7,20.6
2014,9,19,15,30,31.400000000000002,204,52.79,2.6,20.6
2014,9,19,16,30,30.6,247,54.99,2.2,20.5
2014,9,19,17,30,28.700000000000003,48,64.11,1.4000000000000001,21.200000000000003
2014,9,19,18,30,27,0,79.02,1.2000000000000002,23.1
2014,9,19,19,30,26.200000000000003,0,80.8,1.4000000000000001,22.6
2014,9,19,20,30,25.8,0,81.22,1.9000000000000001,22.3
2014,9,19,21,30,25.3,0,83.29,2.3000000000000003,22.3
2014,9,19,22,30,24.8,0,86.69,2.5,22.400000000000002
2014,9,19,23,30,24.3,0,91.31,2.3000000000000003,22.8
2014,9,20,0,30,23.900000000000002,0,95.35000000000001,1.9000000000000001,23.1
2014,9,20,1,30,23.6,0,97.97,1.6,23.3
2014,9,20,2,30,23.3,0,99.8,1.4000000000000001,23.3
2014,9,20,3,30,23,0,100,1.2000000000000002,23
2014,9,20,4,30,22.8,0,100,1.1,22.8
2014,9,20,5,30,22.8,0,100,1.4000000000000001,22.8
2014,9,20,6,30,23.5,22,95.93,2.2,22.8
2014,9,20,7,30,25.1,129,87.31,3,22.8
2014,9,20,8,30,27,268,75.26,3.4000000000000004,22.200000000000003
2014,9,20,9,30,28.900000000000002,223,62.58,3.6,21
2014,9,20,10,30,30.5,479,53.870000000000005,3.5,20.1
2014,9,20,11,30,31.700000000000003,564,48.61,3.4000000000000004,19.6
2014,9,20,12,30,32.6,635,45.050000000000004,3.2,19.1
2014,9,20,13,30,33.1,822,42.87,3.1,18.8
2014,9,20,14,30,33.2,716,41.89,3,18.5
2014,9,20,15,30,32.800000000000004,555,42.29,3,18.3
2014,9,20,16,30,31.700000000000003,356,44.81,2.6,18.2
2014,9,20,17,30,29.3,145,55.28,1.7000000000000002,19.400000000000002
2014,9,20,18,30,27,0,72.02,1.3,21.5
2014,9,20,19,30,26,0,75.23,1.3,21.3
2014,9,20,20,30,25.400000000000002,0,77.59,1.3,21.200000000000003
2014,9,20,21,30,24.700000000000003,0,81.17,1.3,21.3
2014,9,20,22,30,24.1,0,84.9,1.2000000000000002,21.400000000000002
2014,9,20,23,30,23.6,0,88.66,1.1,21.6
2014,9,21,0,30,23.1,0,92.75,1,21.900000000000002
2014,9,21,1,30,22.700000000000003,0,96.37,0.8,22.1
2014,9,21,2,30,22.400000000000002,0,99.07000000000001,0.8,22.200000000000003
2014,9,21,3,30,22.400000000000002,0,99.52,0.7000000000000001,22.3
2014,9,21,4,30,22.5,0,99.42,0.4,22.400000000000002
2014,9,21,5,30,22.6,0,98.69,0.30000000000000004,22.400000000000002
2014,9,21,6,30,23.400000000000002,22,93.52,0.4,22.3
2014,9,21,7,30,25.6,205,84.7,0.9,22.8
2014,9,21,8,30,28.3,421,64.77,1.6,21
2014,9,21,9,30,30.200000000000003,615,52.4,2.1,19.400000000000002
2014,9,21,10,30,31.700000000000003,764,46.17,2.4000000000000004,18.7
2014,9,21,11,30,32.800000000000004,854,42.21,2.5,18.3
2014,9,21,12,30,33.6,878,39.54,2.5,18
2014,9,21,13,30,34,834,38.14,2.4000000000000004,17.7
2014,9,21,14,30,33.9,724,37.79,2.2,17.5
2014,9,21,15,30,33.5,555,38.04,2.1,17.3
2014,9,21,16,30,32.4,353,39.82,1.7000000000000002,17
2014,9,21,17,30,30,141,49.81,1.2000000000000002,18.400000000000002
2014,9,21,18,30,27.700000000000003,0,68.89,1,21.5
2014,9,21,19,30,26.8,0,68.93,1,20.6
2014,9,21,20,30,26.5,0,68.2,1,20.200000000000003
2014,9,21,21,30,26.400000000000002,0,66.5,0.9,19.700000000000003
2014,9,21,22,30,26.3,0,65.11,0.8,19.200000000000003
2014,9,21,23,30,25.900000000000002,0,65.61,0.8,19
2014,9,22,0,30,25.200000000000003,0,67.95,0.9,18.900000000000002
2014,9,22,1,30,24.200000000000003,0,74.13,1.2000000000000002,19.3
2014,9,22,2,30,23.6,0,79.03,1.9000000000000001,19.700000000000003
2014,9,22,3,30,23.5,0,81.31,2.7,20.1
2014,9,22,4,30,23.400000000000002,0,82.48,3.3000000000000003,20.200000000000003
2014,9,22,5,30,23.200000000000003,0,81.62,3.3000000000000003,19.900000000000002
2014,9,22,6,30,23.5,11,75.42,3.4000000000000004,18.900000000000002
2014,9,22,7,30,25,168,63.120000000000005,3.7,17.5
2014,9,22,8,30,27.1,396,47.85,3.6,15.100000000000001
2014,9,22,9,30,29.200000000000003,587,39.4,3.3000000000000003,14
2014,9,22,10,30,30.8,735,37.63,3,14.700000000000001
2014,9,22,11,30,31.900000000000002,827,36.79,3.1,15.3
2014,9,22,12,30,32.4,844,36.2,3.4000000000000004,15.5
2014,9,22,13,30,32.5,759,35.47,3.8000000000000003,15.3
2014,9,22,14,30,32.2,698,34.800000000000004,4,14.700000000000001
2014,9,22,15,30,31.6,532,34.18,4,13.9
2014,9,22,16,30,30.200000000000003,338,34.61,3.4000000000000004,12.9
2014,9,22,17,30,27.5,134,40.07,2.4000000000000004,12.700000000000001
2014,9,22,18,30,24.8,0,50.68,2,13.9
2014,9,22,19,30,23.400000000000002,0,50.64,2.3000000000000003,12.600000000000001
2014,9,22,20,30,22.3,0,50.89,2.5,11.600000000000001
2014,9,22,21,30,21.1,0,54.33,2.4000000000000004,11.5
2014,9,22,22,30,20.1,0,58.72,2.3000000000000003,11.8
2014,9,22,23,30,19.400000000000002,0,62.25,2.2,12
2014,9,23,0,30,18.900000000000002,0,64.7,2.2,12.100000000000001
2014,9,23,1,30,18.400000000000002,0,66.76,2.1,12.100000000000001
2014,9,23,2,30,17.8,0,69.58,1.9000000000000001,12.200000000000001
2014,9,23,3,30,17.1,0,73.73,1.7000000000000002,12.4
2014,9,23,4,30,16.400000000000002,0,78.71000000000001,1.5,12.700000000000001
2014,9,23,5,30,16,0,81.76,1.4000000000000001,12.9
2014,9,23,6,30,16.900000000000002,14,78.37,1.9000000000000001,13.100000000000001
2014,9,23,7,30,19.700000000000003,209,65.49,2.5,13.100000000000001
2014,9,23,8,30,23,430,51.53,2.5,12.5
2014,9,23,9,30,25.6,628,40.03,2.1,11
2014,9,23,10,30,27.200000000000003,780,36.44,1.7000000000000002,11
2014,9,23,11,30,28.3,873,34.71,1.7000000000000002,11.3
2014,9,23,12,30,29.200000000000003,792,33.1,1.9000000000000001,11.3
2014,9,23,13,30,29.6,584,32.09,2.1,11.200000000000001
2014,9,23,14,30,29.6,504,31.54,2.3000000000000003,10.9
2014,9,23,15,30,29.1,430,31.650000000000002,2.4000000000000004,10.600000000000001
2014,9,23,16,30,27.8,328,33.480000000000004,2,10.3
2014,9,23,17,30,25,137,46.18,1.3,12.600000000000001
2014,9,23,18,30,22.3,0,64.08,1.1,15.200000000000001
2014,9,23,19,30,21,0,65.35,1.2000000000000002,14.3
2014,9,23,20,30,20.1,0,67.16,1.2000000000000002,13.8
2014,9,23,21,30,19.400000000000002,0,68.9,1.2000000000000002,13.5
2014,9,23,22,30,18.7,0,70.7,1.1,13.3
2014,9,23,23,30,18,0,72.46000000000001,1.1,13
2014,9,24,0,30,17.2,0,74.4,1.1,12.600000000000001
2014,9,24,1,30,16.400000000000002,0,76.56,1.1,12.3
2014,9,24,2,30,15.8,0,78.10000000000001,1.1,12
2014,9,24,3,30,15.3,0,79.76,1.1,11.8
2014,9,24,4,30,14.9,0,81.73,1,11.8
2014,9,24,5,30,14.5,0,83.81,1,11.8
2014,9,24,6,30,15.600000000000001,12,78.17,1.5,11.8
2014,9,24,7,30,17.8,183,66.29,1.9000000000000001,11.4
2014,9,24,8,30,20.8,394,54.47,1.7000000000000002,11.3
2014,9,24,9,30,24.400000000000002,582,41.7,1.6,10.600000000000001
2014,9,24,10,30,26.700000000000003,741,32.11,1.6,8.700000000000001
2014,9,24,11,30,28.200000000000003,835,29.64,1.4000000000000001,8.8
2014,9,24,12,30,29.400000000000002,908,27.810000000000002,1.5,8.9
2014,9,24,13,30,30.200000000000003,858,26.32,1.6,8.8
2014,9,24,14,30,30.400000000000002,744,25.63,1.8,8.5
2014,9,24,15,30,30,544,25.8,1.8,8.3
2014,9,24,16,30,28.700000000000003,360,27.97,1.4000000000000001,8.4
2014,9,24,17,30,26.400000000000002,139,45.01,0.9,13.5
2014,9,24,18,30,24.5,0,54.65,1,14.8
2014,9,24,19,30,23.5,0,54.72,1,13.9
2014,9,24,20,30,22.5,0,57.71,1.1,13.700000000000001
2014,9,24,21,30,21.400000000000002,0,62.28,1.1,13.9
2014,9,24,22,30,20.400000000000002,0,66.39,1.2000000000000002,13.9
2014,9,24,23,30,19.400000000000002,0,70.58,1.2000000000000002,13.9
2014,9,25,0,30,18.6,0,74.88,1.2000000000000002,14.100000000000001
2014,9,25,1,30,17.900000000000002,0,79.46000000000001,1.2000000000000002,14.3
2014,9,25,2,30,17.3,0,83.69,1.1,14.5
2014,9,25,3,30,17.1,0,85.33,0.9,14.600000000000001
2014,9,25,4,30,17.1,0,85.5,0.9,14.600000000000001
2014,9,25,5,30,17.3,0,84.16,0.8,14.600000000000001
2014,9,25,6,30,18.6,9,77.77,0.8,14.600000000000001
2014,9,25,7,30,21.1,205,69.69,1.1,15.3
2014,9,25,8,30,24.5,425,56.95,1.6,15.4
2014,9,25,9,30,27.6,594,43.19,2.1,14
2014,9,25,10,30,29.400000000000002,750,37.49,2.4000000000000004,13.4
2014,9,25,11,30,30.8,829,34.77,2.8000000000000003,13.5
2014,9,25,12,30,31.5,872,32.46,3,13
2014,9,25,13,30,31.3,791,31.34,2.7,12.3
2014,9,25,14,30,30.200000000000003,682,32.76,1.9000000000000001,12
2014,9,25,15,30,28.8,223,36.82,1.3,12.600000000000001
2014,9,25,16,30,27.400000000000002,115,44.19,0.8,14.100000000000001
2014,9,25,17,30,26,72,62.370000000000005,0.7000000000000001,18.3
2014,9,25,18,30,25.200000000000003,0,60.800000000000004,0.6000000000000001,17.1
2014,9,25,19,30,24.900000000000002,0,59.44,0.5,16.5
2014,9,25,20,30,24.400000000000002,0,61.230000000000004,0.5,16.5
2014,9,25,21,30,23.700000000000003,0,64.09,0.4,16.5
2014,9,25,22,30,22.8,0,70.36,0.4,17.1
2014,9,25,23,30,22.200000000000003,0,74.48,0.5,17.400000000000002
2014,9,26,0,30,21.8,0,76.55,0.5,17.5
2014,9,26,1,30,21.5,0,77.38,0.6000000000000001,17.400000000000002
2014,9,26,2,30,21.1,0,79.54,0.6000000000000001,17.400000000000002
2014,9,26,3,30,20.6,0,82.68,0.6000000000000001,17.6
2014,9,26,4,30,20.3,0,84.85000000000001,0.7000000000000001,17.7
2014,9,26,5,30,20.1,0,85.74,0.8,17.6
2014,9,26,6,30,20.8,14,81.73,1.3,17.6
2014,9,26,7,30,22.900000000000002,169,69.71000000000001,1.5,17.1
2014,9,26,8,30,25.3,352,60.85,1.3,17.2
2014,9,26,9,30,27.200000000000003,575,54.97,1.5,17.400000000000002
2014,9,26,10,30,28.700000000000003,722,50.160000000000004,1.8,17.3
2014,9,26,11,30,29.8,559,46.7,2,17.2
2014,9,26,12,30,30.400000000000002,668,44.88,2,17.1
2014,9,26,13,30,30.400000000000002,650,44.52,1.9000000000000001,17
2014,9,26,14,30,30.1,508,44.92,1.8,16.8
2014,9,26,15,30,29.700000000000003,468,45.4,1.6,16.6
2014,9,26,16,30,29,239,46.68,1.2000000000000002,16.400000000000002
2014,9,26,17,30,27.700000000000003,112,55.13,0.8,17.900000000000002
2014,9,26,18,30,26.5,0,66.53,0.7000000000000001,19.8
2014,9,26,19,30,25.900000000000002,0,66.17,0.7000000000000001,19.1
2014,9,26,20,30,25,0,69.43,0.8,19
2014,9,26,21,30,24,0,72.98,0.8,18.900000000000002
2014,9,26,22,30,23.1,0,75.25,0.8,18.5
2014,9,26,23,30,22.3,0,77.47,0.8,18.2
2014,9,27,0,30,21.700000000000003,0,79.08,0.8,17.900000000000002
2014,9,27,1,30,21.200000000000003,0,81.04,0.8,17.8
2014,9,27,2,30,20.8,0,83.04,0.8,17.8
2014,9,27,3,30,20.5,0,84.47,0.8,17.8
2014,9,27,4,30,20.3,0,86.02,0.7000000000000001,17.900000000000002
2014,9,27,5,30,20.200000000000003,0,86.72,0.6000000000000001,17.900000000000002
2014,9,27,6,30,20.900000000000002,3,83.51,0.8,18
2014,9,27,7,30,22.700000000000003,52,75.58,1.1,18.2
2014,9,27,8,30,25.3,199,63.29,1.4000000000000001,17.8
2014,9,27,9,30,27.200000000000003,393,52.65,1.9000000000000001,16.7
2014,9,27,10,30,27.900000000000002,589,49.72,2.3000000000000003,16.400000000000002
2014,9,27,11,30,28.3,398,48.01,2.4000000000000004,16.2
2014,9,27,12,30,28.400000000000002,451,47.12,2.3000000000000003,16
2014,9,27,13,30,28.400000000000002,620,46.49,2.1,15.8
2014,9,27,14,30,28.200000000000003,468,46.42,1.8,15.600000000000001
2014,9,27,15,30,27.8,444,47.300000000000004,1.5,15.600000000000001
2014,9,27,16,30,27.200000000000003,175,49.39,1.1,15.700000000000001
2014,9,27,17,30,26,35,58.660000000000004,0.7000000000000001,17.3
2014,9,27,18,30,25,0,72.48,0.6000000000000001,19.700000000000003
2014,9,27,19,30,24.6,0,71.41,0.6000000000000001,19.1
2014,9,27,20,30,24.200000000000003,0,71.49,0.6000000000000001,18.7
2014,9,27,21,30,23.8,0,73.01,0.7000000000000001,18.7
2014,9,27,22,30,23.1,0,73.99,0.7000000000000001,18.2
2014,9,27,23,30,22.400000000000002,0,75.66,0.7000000000000001,17.900000000000002
2014,9,28,0,30,21.700000000000003,0,77.72,0.7000000000000001,17.6
2014,9,28,1,30,21.1,0,79.82000000000001,0.7000000000000001,17.5
2014,9,28,2,30,20.6,0,81.92,0.8,17.400000000000002
2014,9,28,3,30,20.3,0,83.62,0.9,17.400000000000002
2014,9,28,4,30,20.1,0,85.68,0.9,17.6
2014,9,28,5,30,20,0,87.42,1,17.8
2014,9,28,6,30,20.700000000000003,4,85.19,1.6,18.1
2014,9,28,7,30,22.8,184,75.19,2.1,18.2
2014,9,28,8,30,25.6,394,63.78,2.5,18.2
2014,9,28,9,30,28.1,511,52.89,3.2,17.6
2014,9,28,10,30,29.8,568,46.6,3.6,17.1
2014,9,28,11,30,31,727,42.4,3.6,16.7
2014,9,28,12,30,31.900000000000002,846,39.39,3.4000000000000004,16.400000000000002
2014,9,28,13,30,32.4,801,37.52,3.2,16.1
2014,9,28,14,30,32.4,349,36.96,3,15.8
2014,9,28,15,30,31.900000000000002,339,37.61,2.9000000000000004,15.700000000000001
2014,9,28,16,30,30.700000000000003,230,39.96,2.3000000000000003,15.5
2014,9,28,17,30,28.3,84,48.86,1.5,16.5
2014,9,28,18,30,26,0,65.35,1.1,19
2014,9,28,19,30,25,0,67.07000000000001,1.4000000000000001,18.5
2014,9,28,20,30,24.3,0,67.25,1.6,17.8
2014,9,28,21,30,23.400000000000002,0,68.27,1.8,17.2
2014,9,28,22,30,22.6,0,69.73,1.8,16.8
2014,9,28,23,30,21.8,0,72.04,1.7000000000000002,16.5
2014,9,29,0,30,21.1,0,74.35000000000001,1.7000000000000002,16.400000000000002
2014,9,29,1,30,20.5,0,76.37,1.6,16.2
2014,9,29,2,30,20,0,77.99,1.4000000000000001,16
2014,9,29,3,30,19.400000000000002,0,81.12,1.2000000000000002,16.1
2014,9,29,4,30,19,0,83.76,1.1,16.2
2014,9,29,5,30,18.6,0,86.37,1,16.3
2014,9,29,6,30,19.700000000000003,14,81.23,1.5,16.400000000000002
2014,9,29,7,30,22.5,190,68.78,2.1,16.5
2014,9,29,8,30,25.900000000000002,403,56.77,2.5,16.7
2014,9,29,9,30,28.5,596,46.4,2.9000000000000004,15.9
2014,9,29,10,30,30.1,743,41.14,2.9000000000000004,15.5
2014,9,29,11,30,31.400000000000002,831,37.77,2.8000000000000003,15.3
2014,9,29,12,30,32.300000000000004,854,35.57,2.6,15.100000000000001
2014,9,29,13,30,32.800000000000004,807,34.160000000000004,2.4000000000000004,15
2014,9,29,14,30,32.800000000000004,694,33.64,2.3000000000000003,14.700000000000001
2014,9,29,15,30,32.300000000000004,526,34.31,2.2,14.600000000000001
2014,9,29,16,30,31.1,321,36.93,1.9000000000000001,14.700000000000001
2014,9,29,17,30,28.6,110,46.58,1.2000000000000002,16
2014,9,29,18,30,26.200000000000003,0,65.05,0.9,19.1
2014,9,29,19,30,25.200000000000003,0,67.47,1,18.7
2014,9,29,20,30,24.5,0,69.64,1,18.6
2014,9,29,21,30,23.8,0,72.13,1,18.5
2014,9,29,22,30,23.3,0,74.16,1,18.400000000000002
2014,9,29,23,30,22.8,0,76.83,1,18.5
2014,9,30,0,30,22.400000000000002,0,79.3,1,18.6
2014,9,30,1,30,22,0,81.85000000000001,0.9,18.8
2014,9,30,2,30,21.8,0,83.4,0.9,18.900000000000002
2014,9,30,3,30,21.6,0,85.16,0.8,19
2014,9,30,4,30,21.5,0,86.9,0.8,19.200000000000003
2014,9,30,5,30,21.3,0,89.51,0.7000000000000001,19.5
2014,9,30,6,30,21.900000000000002,12,87.74,1.1,19.8
2014,9,30,7,30,24.200000000000003,179,79.11,1.6,20.3
2014,9,30,8,30,27.200000000000003,389,67.03,1.9000000000000001,20.5
2014,9,30,9,30,29.400000000000002,578,57.49,2,20.1
2014,9,30,10,30,31,723,50.76,2,19.6
2014,9,30,11,30,32.2,811,46.18,2.1,19.200000000000003
2014,9,30,12,30,33.1,230,42.99,2.2,18.8
2014,9,30,13,30,33.5,778,41.21,2.3000000000000003,18.5
2014,9,30,14,30,33.5,668,40.53,2.4000000000000004,18.3
2014,9,30,15,30,33,505,41.12,2.5,18
2014,9,30,16,30,31.900000000000002,306,43.36,2.3000000000000003,17.900000000000002
2014,9,30,17,30,29.6,102,51.01,1.6,18.400000000000002
2014,9,30,18,30,27.400000000000002,0,65.21000000000001,1.3,20.3
2014,9,30,19,30,26.5,0,67.61,1.5,20
2014,9,30,20,30,25.900000000000002,0,69.47,1.9000000000000001,19.900000000000002
2014,9,30,21,30,25.400000000000002,0,71.98,2.3000000000000003,20
2014,9,30,22,30,24.8,0,76.03,2.6,20.3
2014,9,30,23,30,24.200000000000003,0,80.99,2.7,20.700000000000003
2014,10,1,0,30,23.6,0,86.46000000000001,2.6,21.200000000000003
2014,10,1,1,30,23.1,0,91.72,2.4000000000000004,21.700000000000003
2014,10,1,2,30,22.700000000000003,0,96.15,2.1,22.1
2014,10,1,3,30,22.400000000000002,0,99.28,1.8,22.3
2014,10,1,4,30,22.200000000000003,0,100,1.6,22.200000000000003
2014,10,1,5,30,22.1,0,100,1.5,22.1
2014,10,1,6,30,23.1,12,96.15,2,22.5
2014,10,1,7,30,25.5,178,83.68,2.8000000000000003,22.5
2014,10,1,8,30,28,228,70.85000000000001,3,22.200000000000003
2014,10,1,9,30,30.200000000000003,192,59.85,3,21.5
2014,10,1,10,30,32.1,575,52.01,3.1,21
2014,10,1,11,30,33.5,748,47,3.2,20.6
2014,10,1,12,30,34.6,624,43.37,3.4000000000000004,20.3
2014,10,1,13,30,35.1,787,41.58,3.4000000000000004,20.1
2014,10,1,14,30,35.2,675,40.92,3.5,19.900000000000002
2014,10,1,15,30,34.800000000000004,509,41.47,3.5,19.8
2014,10,1,16,30,33.6,307,44.17,3.4000000000000004,19.700000000000003
2014,10,1,17,30,31.3,100,51.07,2.6,20
2014,10,1,18,30,29.3,0,60.99,2.3000000000000003,21
2014,10,1,19,30,28.5,0,64.02,3,21
2014,10,1,20,30,27.900000000000002,0,66.93,3.5,21.200000000000003
2014,10,1,21,30,27,0,71.74,3.7,21.5
2014,10,1,22,30,26.200000000000003,0,76.64,3.7,21.8
2014,10,1,23,30,25.400000000000002,0,81.69,3.6,22
2014,10,2,0,30,24.700000000000003,0,86.49,3.4000000000000004,22.3
2014,10,2,1,30,24.1,0,90.86,3.2,22.5
2014,10,2,2,30,23.8,0,93.82000000000001,3,22.700000000000003
2014,10,2,3,30,23.6,0,96.17,2.7,23
2014,10,2,4,30,23.700000000000003,0,96.78,2.7,23.200000000000003
2014,10,2,5,30,23.900000000000002,0,96.95,2.9000000000000004,23.400000000000002
2014,10,2,6,30,24.6,10,94.39,3.5,23.6
2014,10,2,7,30,26.3,171,87.55,4.4,24.1
2014,10,2,8,30,28.400000000000002,191,76.89,5.300000000000001,24
2014,10,2,9,30,30.3,278,65.47,5.7,23.1
2014,10,2,10,30,31.900000000000002,285,57.300000000000004,5.9,22.400000000000002
2014,10,2,11,30,33,534,52.410000000000004,5.800000000000001,22
2014,10,2,12,30,33.7,602,49.77,5.7,21.8
2014,10,2,13,30,33.9,578,48.9,5.5,21.700000000000003
2014,10,2,14,30,33.7,654,49.230000000000004,5.1000000000000005,21.6
2014,10,2,15,30,33.1,490,50.97,4.4,21.6
2014,10,2,16,30,31.6,290,56.910000000000004,3,22
2014,10,2,17,30,29.3,51,72.53,1.9000000000000001,23.8
2014,10,2,18,30,27.400000000000002,0,80.39,1.8,23.700000000000003
2014,10,2,19,30,25.700000000000003,0,81.31,2.4000000000000004,22.3
2014,10,2,20,30,23.900000000000002,0,79,3,20
2014,10,2,21,30,22.400000000000002,0,75.17,3.3000000000000003,17.8
2014,10,2,22,30,21.200000000000003,0,73.16,3.2,16.2
2014,10,2,23,30,20.1,0,75.36,2.7,15.600000000000001
2014,10,3,0,30,19,0,79.26,2.1,15.3
2014,10,3,1,30,18,0,82.69,1.7000000000000002,15
2014,10,3,2,30,17.1,0,85.51,1.5,14.700000000000001
2014,10,3,3,30,16.3,0,87.89,1.3,14.3
2014,10,3,4,30,15.600000000000001,0,89.53,1.3,13.9
2014,10,3,5,30,15.200000000000001,0,88.99,1.6,13.4
2014,10,3,6,30,16.2,0,80.55,2.5,12.9
2014,10,3,7,30,18.900000000000002,199,65.49,3.4000000000000004,12.3
2014,10,3,8,30,22.1,424,48.36,3.9000000000000004,10.700000000000001
2014,10,3,9,30,24.700000000000003,622,34.52,4.3,8
2014,10,3,10,30,26.5,773,27.69,4.4,6.300000000000001
2014,10,3,11,30,28,861,24.27,4.5,5.7
2014,10,3,12,30,29,879,22.330000000000002,4.7,5.4
2014,10,3,13,30,29.6,826,21.36,4.7,5.2
2014,10,3,14,30,29.6,709,21.400000000000002,4.6000000000000005,5.2
2014,10,3,15,30,29,534,22.48,4.5,5.4
2014,10,3,16,30,27.400000000000002,321,25.36,3.6,5.800000000000001
2014,10,3,17,30,24.1,103,35.730000000000004,2.4000000000000004,8
2014,10,3,18,30,21.400000000000002,0,49.7,2.2,10.5
2014,10,3,19,30,20.5,0,50.47,2.8000000000000003,9.9
2014,10,3,20,30,19.5,0,52.22,3.2,9.4
2014,10,3,21,30,18.3,0,56.120000000000005,3.1,9.4
2014,10,3,22,30,17.1,0,60.32,2.7,9.4
2014,10,3,23,30,16,0,64.86,2.3000000000000003,9.4
2014,10,4,0,30,15.100000000000001,0,68.26,1.9000000000000001,9.3
2014,10,4,1,30,14.3,0,71.3,1.7000000000000002,9.200000000000001
2014,10,4,2,30,13.5,0,73.97,1.6,8.9
2014,10,4,3,30,12.700000000000001,0,76.72,1.4000000000000001,8.700000000000001
2014,10,4,4,30,11.9,0,79.76,1.2000000000000002,8.5
2014,10,4,5,30,11.200000000000001,0,82.2,1.1,8.3
2014,10,4,6,30,12,0,76.79,1.3,8.1
2014,10,4,7,30,14.700000000000001,194,61.230000000000004,1.8,7.300000000000001
2014,10,4,8,30,18.2,415,39.4,2.2,4.2
2014,10,4,9,30,21.3,613,23.2,2.3000000000000003,-0.6000000000000001
2014,10,4,10,30,23.3,759,18.75,1.9000000000000001,-1.8
2014,10,4,11,30,24.8,845,17.11,1.4000000000000001,-1.8
2014,10,4,12,30,26,863,16.36,1.2000000000000002,-1.5
2014,10,4,13,30,26.8,810,16.12,1.3,-1
2014,10,4,14,30,27.200000000000003,694,16.41,1.8,-0.5
2014,10,4,15,30,26.900000000000002,521,17.64,2.1,0.30000000000000004
2014,10,4,16,30,25.5,312,20.580000000000002,1.8,1.3
2014,10,4,17,30,22.3,97,38.58,1.3,7.5
2014,10,4,18,30,19.6,0,53.51,1.4000000000000001,9.9
2014,10,4,19,30,18.8,0,51.84,1.7000000000000002,8.700000000000001
2014,10,4,20,30,18.3,0,51.050000000000004,2.1,8
2014,10,4,21,30,17.8,0,52.13,2.4000000000000004,7.800000000000001
2014,10,4,22,30,17.2,0,55.34,2.8000000000000003,8.200000000000001
2014,10,4,23,30,16.6,0,59.82,3,8.8
2014,10,5,0,30,16,0,65.05,3.1,9.4
2014,10,5,1,30,15.4,0,70.46000000000001,3.1,10.100000000000001
2014,10,5,2,30,15,0,75.22,3,10.600000000000001
2014,10,5,3,30,14.600000000000001,0,80.57000000000001,2.8000000000000003,11.3
2014,10,5,4,30,14.3,0,85.63,2.6,11.9
2014,10,5,5,30,14.100000000000001,0,90.07000000000001,2.5,12.5
2014,10,5,6,30,14.700000000000001,0,89.43,2.8000000000000003,13
2014,10,5,7,30,17,171,79.62,3.3000000000000003,13.5
2014,10,5,8,30,20.8,214,66.89,4.3,14.4
2014,10,5,9,30,24.400000000000002,377,57.06,5.1000000000000005,15.3
2014,10,5,10,30,26.900000000000002,561,49.36,4.9,15.4
2014,10,5,11,30,28.8,808,44.56,4.7,15.5
2014,10,5,12,30,30.1,695,41.26,4.6000000000000005,15.5
2014,10,5,13,30,30.8,716,39.11,4.6000000000000005,15.3
2014,10,5,14,30,30.900000000000002,666,38.04,4.6000000000000005,15
2014,10,5,15,30,30.400000000000002,497,38.22,4.6000000000000005,14.600000000000001
2014,10,5,16,30,28.900000000000002,292,40.95,4,14.3
2014,10,5,17,30,26.200000000000003,86,48.68,2.9000000000000004,14.5
2014,10,5,18,30,23.8,0,59.47,2.5,15.4
2014,10,5,19,30,23,0,61.940000000000005,3,15.3
2014,10,5,20,30,22.3,0,66.14,3.3000000000000003,15.700000000000001
2014,10,5,21,30,21.6,0,72.55,3.4000000000000004,16.5
2014,10,5,22,30,21,0,79.3,3.3000000000000003,17.3
2014,10,5,23,30,20.6,0,84.78,3.1,17.900000000000002
2014,10,6,0,30,20.3,0,88.83,2.9000000000000004,18.400000000000002
2014,10,6,1,30,20,0,92.35000000000001,2.6,18.7
2014,10,6,2,30,19.900000000000002,0,94.51,2.4000000000000004,19
2014,10,6,3,30,19.900000000000002,0,95.66,2.1,19.200000000000003
2014,10,6,4,30,19.8,0,96.84,1.9000000000000001,19.3
2014,10,6,5,30,19.8,0,97.17,1.8,19.3
2014,10,6,6,30,20.3,0,94.45,2.2,19.400000000000002
2014,10,6,7,30,21.900000000000002,152,86.74,2.6,19.6
2014,10,6,8,30,24.6,356,78.04,3,20.5
2014,10,6,9,30,27.3,321,70.2,3.3000000000000003,21.400000000000002
2014,10,6,10,30,29.3,115,62.230000000000004,2.9000000000000004,21.3
2014,10,6,11,30,30.8,474,55.88,2.1,21
2014,10,6,12,30,31.700000000000003,810,51.44,1.7000000000000002,20.5
2014,10,6,13,30,32.1,760,48.230000000000004,2,19.8
2014,10,6,14,30,31.900000000000002,647,47.06,2.4000000000000004,19.200000000000003
2014,10,6,15,30,31.200000000000003,481,47.5,2.7,18.7
2014,10,6,16,30,29.8,279,50.660000000000004,2.8000000000000003,18.5
2014,10,6,17,30,27.3,79,60.27,2.4000000000000004,18.900000000000002
2014,10,6,18,30,25.200000000000003,0,72.28,2.6,19.900000000000002
2014,10,6,19,30,24.1,0,76.98,3.4000000000000004,19.8
2014,10,6,20,30,23.1,0,83.65,3.5,20.200000000000003
2014,10,6,21,30,22.3,0,90.79,3.2,20.700000000000003
2014,10,6,22,30,22,0,94.99,2.9000000000000004,21.200000000000003
2014,10,6,23,30,21.900000000000002,0,97,2.9000000000000004,21.400000000000002
2014,10,7,0,30,22,0,97.10000000000001,3.1,21.5
2014,10,7,1,30,22,0,97.60000000000001,3.3000000000000003,21.6
2014,10,7,2,30,21.900000000000002,0,98.36,3.2,21.6
2014,10,7,3,30,21.8,0,98.97,3,21.6
2014,10,7,4,30,21.8,0,99.11,3.1,21.700000000000003
2014,10,7,5,30,21.700000000000003,0,100,2.9000000000000004,21.700000000000003
2014,10,7,6,30,22.200000000000003,0,96.98,3.1,21.700000000000003
2014,10,7,7,30,24.1,165,87.58,3.8000000000000003,21.900000000000002
2014,10,7,8,30,26.8,375,75.44,4.2,22.1
2014,10,7,9,30,29.6,568,61.9,4.1000000000000005,21.5
2014,10,7,10,30,32.1,715,50.5,4,20.5
2014,10,7,11,30,34.1,803,42.14,4,19.400000000000002
2014,10,7,12,30,35.4,823,36.76,4.1000000000000005,18.400000000000002
2014,10,7,13,30,36,774,33.5,4.2,17.400000000000002
2014,10,7,14,30,36,662,31.64,4.3,16.5
2014,10,7,15,30,35.2,492,31.62,4.3,15.8
2014,10,7,16,30,33.2,288,34.67,3.5,15.5
2014,10,7,17,30,29.8,81,44.96,2.6,16.6
2014,10,7,18,30,27.3,0,55.61,2.6,17.6
2014,10,7,19,30,26.400000000000002,0,58.44,3,17.6
2014,10,7,20,30,25.5,0,62.83,3.4000000000000004,17.900000000000002
2014,10,7,21,30,24.6,0,69.02,3.5,18.5
2014,10,7,22,30,23.700000000000003,0,76.86,3.5,19.400000000000002
2014,10,7,23,30,23.1,0,84.07000000000001,3.5,20.3
2014,10,8,0,30,22.700000000000003,0,90.38,3.4000000000000004,21
2014,10,8,1,30,22.400000000000002,0,95.41,3.1,21.6
2014,10,8,2,30,22.200000000000003,0,98.46000000000001,2.9000000000000004,21.900000000000002
2014,10,8,3,30,22.1,0,99.95,2.6,22.1
2014,10,8,4,30,22,0,100,2.3000000000000003,22
2014,10,8,5,30,21.900000000000002,0,100,2.2,21.900000000000002
2014,10,8,6,30,22.6,0,97.54,2.6,22.200000000000003
2014,10,8,7,30,24.400000000000002,165,88.07000000000001,3.4000000000000004,22.3
2014,10,8,8,30,26.400000000000002,181,77.32000000000001,3.7,22.1
2014,10,8,9,30,28.200000000000003,447,66.8,3.6,21.400000000000002
2014,10,8,10,30,29.900000000000002,553,58.17,3.5,20.8
2014,10,8,11,30,31.3,658,51.06,3.5,20
2014,10,8,12,30,32.5,710,44.660000000000004,3.6,18.900000000000002
2014,10,8,13,30,33.2,581,39.99,3.7,17.8
2014,10,8,14,30,33.300000000000004,576,37.24,3.8000000000000003,16.7
2014,10,8,15,30,32.6,416,36.95,3.8000000000000003,16
2014,10,8,16,30,30.900000000000002,282,40.04,3.2,15.8
2014,10,8,17,30,28.5,76,49.58,2.3000000000000003,16.900000000000002
2014,10,8,18,30,26.900000000000002,0,59.370000000000005,2.5,18.3
2014,10,8,19,30,26.400000000000002,0,63.980000000000004,3.1,19
2014,10,8,20,30,25.900000000000002,0,70.81,3.5,20.200000000000003
2014,10,8,21,30,25.400000000000002,0,77.98,3.7,21.3
2014,10,8,22,30,25,0,83.48,3.8000000000000003,22
2014,10,8,23,30,24.5,0,88.45,3.7,22.5
2014,10,9,0,30,24,0,92.59,3.4000000000000004,22.700000000000003
2014,10,9,1,30,23.6,0,95.64,3.2,22.900000000000002
2014,10,9,2,30,23.5,0,96.48,3.3000000000000003,22.900000000000002
2014,10,9,3,30,23.400000000000002,0,97.07000000000001,3.2,22.900000000000002
2014,10,9,4,30,23.3,0,97.58,2.9000000000000004,22.900000000000002
2014,10,9,5,30,23.1,0,98.55,2.7,22.900000000000002
2014,10,9,6,30,23.6,0,95.35000000000001,3,22.8
2014,10,9,7,30,25.400000000000002,164,85.7,4,22.8
2014,10,9,8,30,27.700000000000003,43,73.29,4.800000000000001,22.5
2014,10,9,9,30,29.700000000000003,396,61.99,5,21.6
2014,10,9,10,30,31.3,357,53.230000000000004,4.9,20.700000000000003
2014,10,9,11,30,32.5,789,47.13,4.9,19.8
2014,10,9,12,30,33.300000000000004,805,43.35,4.800000000000001,19.200000000000003
2014,10,9,13,30,33.7,755,41.51,4.800000000000001,18.8
2014,10,9,14,30,33.6,640,41.32,4.7,18.7
2014,10,9,15,30,33,171,42.49,4.6000000000000005,18.6
2014,10,9,16,30,31.900000000000002,271,45.15,4.1000000000000005,18.5
2014,10,9,17,30,30,49,51.01,3.2,18.8
2014,10,9,18,30,28.3,0,58.08,3.2,19.3
2014,10,9,19,30,27.400000000000002,0,60.08,3.8000000000000003,19
2014,10,9,20,30,26.400000000000002,0,62.6,4.2,18.7
2014,10,9,21,30,25.3,0,66.47,4,18.6
2014,10,9,22,30,24.3,0,72.10000000000001,3.7,19
2014,10,9,23,30,23.6,0,78.24,3.5,19.6
2014,10,10,0,30,23,0,85.07000000000001,3.2,20.400000000000002
2014,10,10,1,30,22.5,0,91.33,3,21
2014,10,10,2,30,22.400000000000002,0,94.47,3,21.5
2014,10,10,3,30,22.6,0,95.24,3.1,21.8
2014,10,10,4,30,22.6,0,96.92,2.9000000000000004,22.1
2014,10,10,5,30,22.6,0,98.14,2.6,22.3
2014,10,10,6,30,23.1,0,96.03,2.8000000000000003,22.400000000000002
2014,10,10,7,30,24.8,161,88.5,3.8000000000000003,22.8
2014,10,10,8,30,27.1,299,76.89,4.6000000000000005,22.700000000000003
2014,10,10,9,30,29.3,559,63.24,4.9,21.6
2014,10,10,10,30,31,701,54.89,4.7,20.900000000000002
2014,10,10,11,30,32.2,721,50.13,4.5,20.5
2014,10,10,12,30,32.9,708,47.84,4.3,20.400000000000002
2014,10,10,13,30,33,745,47.800000000000004,4.1000000000000005,20.5
2014,10,10,14,30,32.6,629,49.160000000000004,3.7,20.6
2014,10,10,15,30,32,461,51.19,3.1,20.700000000000003
2014,10,10,16,30,30.6,260,57.88,2.1,21.400000000000002
2014,10,10,17,30,28.5,63,75.92,1.6,23.8
2014,10,10,18,30,27.1,0,81.39,2,23.6
2014,10,10,19,30,26.5,0,81.44,3,23.1
2014,10,10,20,30,25.700000000000003,0,83.5,3.6,22.700000000000003
2014,10,10,21,30,24.900000000000002,0,87,3.7,22.6
2014,10,10,22,30,24.1,0,90.69,3.5,22.5
2014,10,10,23,30,23.400000000000002,0,94.04,2.9000000000000004,22.400000000000002
2014,10,11,0,30,22.400000000000002,0,97.91,2.5,22.1
2014,10,11,1,30,20.900000000000002,0,100,2.9000000000000004,20.900000000000002
2014,10,11,2,30,18.8,0,100,3.9000000000000004,18.8
2014,10,11,3,30,17,0,97.77,4.5,16.6
2014,10,11,4,30,15.8,0,91.32000000000001,4.3,14.4
2014,10,11,5,30,15.200000000000001,0,88.37,4.3,13.3
2014,10,11,6,30,15,0,87.39,4.5,12.9
2014,10,11,7,30,15.200000000000001,4,85.02,4.5,12.700000000000001
2014,10,11,8,30,16.2,35,78.62,4.3,12.5
2014,10,11,9,30,17.2,79,73.7,4.2,12.5
2014,10,11,10,30,18,220,69.74,3.8000000000000003,12.4
2014,10,11,11,30,19,311,65.27,3.4000000000000004,12.3
2014,10,11,12,30,20.6,350,60.06,3,12.600000000000001
2014,10,11,13,30,21.900000000000002,230,57.19,2.6,13.100000000000001
2014,10,11,14,30,22.5,277,56.82,2.3000000000000003,13.5
2014,10,11,15,30,22.3,173,58.43,2.1,13.8
2014,10,11,16,30,21.400000000000002,98,61.81,1.8,13.8
2014,10,11,17,30,19.6,61,71.65,1.1,14.3
2014,10,11,18,30,18,0,87.11,0.8,15.8
2014,10,11,19,30,17.2,0,88.87,0.8,15.3
2014,10,11,20,30,16.5,0,89.99,0.9,14.9
2014,10,11,21,30,15.8,0,91.18,1,14.4
2014,10,11,22,30,15.200000000000001,0,92,1,13.9
2014,10,11,23,30,14.700000000000001,0,92.95,0.9,13.600000000000001
2014,10,12,0,30,14.4,0,93.09,0.8,13.3
2014,10,12,1,30,14.100000000000001,0,93.36,0.6000000000000001,13
2014,10,12,2,30,14,0,92.03,0.4,12.700000000000001
2014,10,12,3,30,13.9,0,90.22,0.30000000000000004,12.3
2014,10,12,4,30,13.700000000000001,0,90.91,0.30000000000000004,12.200000000000001
2014,10,12,5,30,13.600000000000001,0,89.66,0.2,11.9
2014,10,12,6,30,13.9,0,86.97,0.30000000000000004,11.8
2014,10,12,7,30,15.4,153,81.9,0.8,12.3
2014,10,12,8,30,17.7,187,72.15,1.6,12.600000000000001
2014,10,12,9,30,20,436,65.52,2.2,13.3
2014,10,12,10,30,22.200000000000003,363,60.83,2.9000000000000004,14.3
2014,10,12,11,30,24.200000000000003,35,58.78,3.7,15.600000000000001
2014,10,12,12,30,25.900000000000002,211,59.51,4.4,17.400000000000002
2014,10,12,13,30,26.8,236,62.940000000000005,5,19.200000000000003
2014,10,12,14,30,26.700000000000003,160,67.4,5.300000000000001,20.200000000000003
2014,10,12,15,30,25.900000000000002,178,73.14,5.1000000000000005,20.700000000000003
2014,10,12,16,30,24.8,101,80.14,4.4,21.1
2014,10,12,17,30,23.3,52,89.8,3.3000000000000003,21.5
2014,10,12,18,30,22.3,0,96.36,2.9000000000000004,21.700000000000003
2014,10,12,19,30,22,0,98.5,3.1,21.8
2014,10,12,20,30,22,0,98.77,3.5,21.8
2014,10,12,21,30,22.1,0,98.68,4.1000000000000005,21.900000000000002
2014,10,12,22,30,22.3,0,98.12,4.800000000000001,22
2014,10,12,23,30,22.5,0,97.8,5.2,22.1
2014,10,13,0,30,22.700000000000003,0,97.9,5.4,22.400000000000002
2014,10,13,1,30,23,0,97.39,6,22.6
2014,10,13,2,30,23.200000000000003,0,97.94,6.7,22.900000000000002
2014,10,13,3,30,23.1,0,98.22,6.800000000000001,22.8
2014,10,13,4,30,22.900000000000002,0,98.18,6.5,22.6
2014,10,13,5,30,22.6,0,98.48,6.1000000000000005,22.3
2014,10,13,6,30,21.8,0,100,5.9,21.8
2014,10,13,7,30,20.200000000000003,88,100,6.300000000000001,20.200000000000003
2014,10,13,8,30,19.200000000000003,39,83.85000000000001,7.2,16.400000000000002
2014,10,13,9,30,19.700000000000003,443,65.89,7.800000000000001,13.100000000000001
2014,10,13,10,30,20.6,452,56.04,8.200000000000001,11.5
2014,10,13,11,30,21.200000000000003,618,49.56,8.4,10.200000000000001
2014,10,13,12,30,21.5,816,46.93,8.5,9.700000000000001
2014,10,13,13,30,21.3,761,47.730000000000004,8.5,9.8
2014,10,13,14,30,20.900000000000002,642,48.89,8.200000000000001,9.8
2014,10,13,15,30,20.3,471,50.300000000000004,7.5,9.600000000000001
2014,10,13,16,30,19.5,266,52.42,6.2,9.5
2014,10,13,17,30,18,63,57.22,4.4,9.4
2014,10,13,18,30,16.3,0,64.27,3,9.5
2014,10,13,19,30,15.4,0,68.09,2.6,9.5
2014,10,13,20,30,14.9,0,68.92,2.6,9.200000000000001
2014,10,13,21,30,14.4,0,69.29,2.8000000000000003,8.8
2014,10,13,22,30,13.700000000000001,0,71.53,2.6,8.6
2014,10,13,23,30,13.100000000000001,0,73.43,2.7,8.5
2014,10,14,0,30,12.600000000000001,0,73.78,2.9000000000000004,8
2014,10,14,1,30,12.200000000000001,0,73.47,3.1,7.6000000000000005
2014,10,14,2,30,11.8,0,73.27,3.4000000000000004,7.2
2014,10,14,3,30,11.5,0,72.75,3.5,6.800000000000001
2014,10,14,4,30,11.3,0,72.72,3.7,6.6000000000000005
2014,10,14,5,30,11,0,73.35000000000001,3.7,6.4
2014,10,14,6,30,11.4,0,71.02,4,6.300000000000001
2014,10,14,7,30,13.3,173,63.06,4.3,6.4
2014,10,14,8,30,16.8,394,52.77,4.5,7.1000000000000005
2014,10,14,9,30,20.200000000000003,591,42,4.9,6.9
2014,10,14,10,30,22.200000000000003,740,32.78,5.4,5.1000000000000005
2014,10,14,11,30,23.200000000000003,827,30.080000000000002,5.300000000000001,4.7
2014,10,14,12,30,24,844,28.63,5.1000000000000005,4.7
2014,10,14,13,30,24.400000000000002,790,28.04,4.7,4.7
2014,10,14,14,30,24.5,667,27.97,4.2,4.800000000000001
2014,10,14,15,30,23.900000000000002,491,29.45,3.3000000000000003,5
2014,10,14,16,30,21.900000000000002,276,38.89,2,7.300000000000001
2014,10,14,17,30,19.1,64,66.48,1.2000000000000002,12.700000000000001
2014,10,14,18,30,17.7,0,60.5,1.2000000000000002,10
2014,10,14,19,30,17.8,0,56.32,1.2000000000000002,9
2014,10,14,20,30,17.8,0,52.94,1,8.1
2014,10,14,21,30,17.5,0,52.34,0.9,7.6000000000000005
2014,10,14,22,30,16.8,0,53.36,0.9,7.300000000000001
2014,10,14,23,30,15.700000000000001,0,57.08,1.1,7.2
2014,10,15,0,30,14.4,0,62.690000000000005,1.2000000000000002,7.4
2014,10,15,1,30,13.100000000000001,0,69.14,1.3,7.6000000000000005
2014,10,15,2,30,12.3,0,72.75,1.4000000000000001,7.5
2014,10,15,3,30,11.9,0,73.65,1.5,7.300000000000001
2014,10,15,4,30,11.5,0,74.72,1.6,7.2
2014,10,15,5,30,11.100000000000001,0,76.07000000000001,1.6,7
2014,10,15,6,30,11.9,0,71.86,1.9000000000000001,7
2014,10,15,7,30,14.200000000000001,166,64.13,2.4000000000000004,7.5
2014,10,15,8,30,17.400000000000002,383,52.79,2.4000000000000004,7.7
2014,10,15,9,30,21,576,46.21,2.6,9
2014,10,15,10,30,24.3,722,37.6,3.4000000000000004,8.9
2014,10,15,11,30,26.6,805,32.02,3.8000000000000003,8.6
2014,10,15,12,30,28,819,29.43,3.8000000000000003,8.5
2014,10,15,13,30,28.6,766,28.96,3.5,8.8
2014,10,15,14,30,28.6,645,29.740000000000002,3,9.200000000000001
2014,10,15,15,30,28.1,470,32,2.1,9.9
2014,10,15,16,30,26.700000000000003,262,37.67,1.2000000000000002,11.100000000000001
2014,10,15,17,30,25.400000000000002,57,47.94,0.6000000000000001,13.600000000000001
2014,10,15,18,30,24.200000000000003,0,39.33,0.5,9.5
2014,10,15,19,30,22.400000000000002,0,44.67,0.8,9.8
2014,10,15,20,30,20.200000000000003,0,53.84,1.2000000000000002,10.600000000000001
2014,10,15,21,30,18.3,0,61.61,1.3,10.8
2014,10,15,22,30,16.8,0,67.2,1.4000000000000001,10.700000000000001
2014,10,15,23,30,15.9,0,69.01,1.6,10.200000000000001
2014,10,16,0,30,15.200000000000001,0,69.8,1.7000000000000002,9.700000000000001
2014,10,16,1,30,14.5,0,71.09,1.8,9.3
2014,10,16,2,30,13.8,0,73.03,1.8,9
2014,10,16,3,30,13.200000000000001,0,75.25,1.9000000000000001,8.9
2014,10,16,4,30,12.8,0,77.2,2,8.9
2014,10,16,5,30,12.4,0,79.4,2,8.9
2014,10,16,6,30,13.100000000000001,0,76.06,2.5,9
2014,10,16,7,30,15.5,163,66.62,3.1,9.3
2014,10,16,8,30,18.8,380,57.07,3,10.100000000000001
2014,10,16,9,30,22.900000000000002,574,50.36,3.4000000000000004,12
2014,10,16,10,30,26.5,722,40.12,4.3,11.9
2014,10,16,11,30,28.400000000000002,807,33.410000000000004,4.5,10.8
2014,10,16,12,30,29.3,820,30.94,4.7,10.4
2014,10,16,13,30,29.700000000000003,766,30.400000000000002,4.800000000000001,10.5
2014,10,16,14,30,29.6,644,31.09,4.6000000000000005,10.700000000000001
2014,10,16,15,30,28.700000000000003,470,33.53,4,11.100000000000001
2014,10,16,16,30,26.3,262,43.45,3,12.9
2014,10,16,17,30,23,55,57.93,2.6,14.3
2014,10,16,18,30,21.200000000000003,0,58.160000000000004,2.9000000000000004,12.700000000000001
2014,10,16,19,30,20.6,0,56.07,3.3000000000000003,11.5
2014,10,16,20,30,19.8,0,55.910000000000004,3.6,10.700000000000001
2014,10,16,21,30,18.8,0,57.86,3.9000000000000004,10.3
2014,10,16,22,30,17.7,0,62.46,3.9000000000000004,10.4
2014,10,16,23,30,16.6,0,68.85000000000001,3.8000000000000003,10.9
2014,10,17,0,30,15.700000000000001,0,74.79,3.5,11.200000000000001
2014,10,17,1,30,15,0,80.15,3.4000000000000004,11.600000000000001
2014,10,17,2,30,14.5,0,84.77,3.1,12
2014,10,17,3,30,14.100000000000001,0,89.03,2.8000000000000003,12.3
2014,10,17,4,30,13.700000000000001,0,93.39,2.4000000000000004,12.700000000000001
2014,10,17,5,30,13.4,0,96.23,2.2,12.8
2014,10,17,6,30,13.9,0,93.04,2.6,12.8
2014,10,17,7,30,16.1,154,80.87,3.2,12.8
2014,10,17,8,30,19.400000000000002,366,67.63,3.5,13.3
2014,10,17,9,30,23,558,56.5,3.9000000000000004,13.9
2014,10,17,10,30,26,703,47.65,4,14
2014,10,17,11,30,28,787,41.35,3.8000000000000003,13.700000000000001
2014,10,17,12,30,29.3,805,37.72,3.6,13.4
2014,10,17,13,30,29.900000000000002,751,36.32,3.4000000000000004,13.4
2014,10,17,14,30,30,631,35.980000000000004,3.1,13.3
2014,10,17,15,30,29.3,457,37.64,2.5,13.4
2014,10,17,16,30,27.1,249,46.9,1.6,14.8
2014,10,17,17,30,23.8,49,70.36,1.2000000000000002,18.1
2014,10,17,18,30,21.400000000000002,0,71.76,1.2000000000000002,16.1
2014,10,17,19,30,20.3,0,73.99,1.3,15.5
2014,10,17,20,30,19.400000000000002,0,76.09,1.3,15.100000000000001
2014,10,17,21,30,18.6,0,78.3,1.3,14.700000000000001
2014,10,17,22,30,17.900000000000002,0,80.79,1.3,14.600000000000001
2014,10,17,23,30,17.400000000000002,0,83.45,1.2000000000000002,14.600000000000001
2014,10,18,0,30,16.900000000000002,0,86.91,1.1,14.700000000000001
2014,10,18,1,30,16.6,0,89.43,1,14.9
2014,10,18,2,30,16.5,0,90.3,0.8,14.9
2014,10,18,3,30,16.5,0,89.99,0.6000000000000001,14.9
2014,10,18,4,30,16.2,0,91.26,0.4,14.8
2014,10,18,5,30,15.8,0,93.44,0.5,14.700000000000001
2014,10,18,6,30,16.2,0,91.36,0.9,14.8
2014,10,18,7,30,18,142,84.99,1.5,15.4
2014,10,18,8,30,21.1,347,72.60000000000001,1.6,16
2014,10,18,9,30,24.5,534,64.34,1.6,17.3
2014,10,18,10,30,26.900000000000002,675,56.31,1.9000000000000001,17.5
2014,10,18,11,30,28.200000000000003,757,51.46,2.1,17.2
2014,10,18,12,30,29,770,48.83,2.3000000000000003,17.2
2014,10,18,13,30,29.3,716,47.79,2.4000000000000004,17.1
2014,10,18,14,30,29.1,598,48.050000000000004,2.6,17
2014,10,18,15,30,28.5,46,49.28,2.7,16.8
2014,10,18,16,30,26.700000000000003,228,54.86,2.2,16.900000000000002
2014,10,18,17,30,24.1,40,71.28,1.8,18.6
2014,10,18,18,30,22.400000000000002,0,76.78,2.3000000000000003,18.1
2014,10,18,19,30,21.6,0,77.5,3,17.5
2014,10,18,20,30,20.6,0,79.79,3.2,17
2014,10,18,21,30,19.5,0,81.76,2.9000000000000004,16.3
2014,10,18,22,30,18.6,0,82.38,2.7,15.5
2014,10,18,23,30,17.7,0,83.83,2.5,14.9
2014,10,19,0,30,17,0,85.64,2.3000000000000003,14.600000000000001
2014,10,19,1,30,16.3,0,88.34,2.1,14.4
2014,10,19,2,30,15.8,0,89.94,1.9000000000000001,14.200000000000001
2014,10,19,3,30,15.3,0,91.94,1.8,14
2014,10,19,4,30,14.9,0,93.58,1.9000000000000001,13.9
2014,10,19,5,30,14.700000000000001,0,94.12,2.1,13.8
2014,10,19,6,30,15,0,91.58,2.5,13.600000000000001
2014,10,19,7,30,16.7,137,82.39,3.1,13.700000000000001
2014,10,19,8,30,19.200000000000003,191,68.59,3.3000000000000003,13.3
2014,10,19,9,30,21.5,310,57.39,3.1,12.700000000000001
2014,10,19,10,30,23.700000000000003,345,51.17,2.4000000000000004,13
2014,10,19,11,30,25.5,432,49.03,2,14
2014,10,19,12,30,26.700000000000003,654,48.52,2.1,15
2014,10,19,13,30,27.200000000000003,709,47.89,2.3000000000000003,15.200000000000001
2014,10,19,14,30,27.1,596,47.85,2.5,15.100000000000001
2014,10,19,15,30,26.400000000000002,419,49.07,2.6,14.9
2014,10,19,16,30,24.700000000000003,222,53.25,2,14.600000000000001
2014,10,19,17,30,21.8,38,71.66,1.4000000000000001,16.5
2014,10,19,18,30,19.8,0,78.08,1.4000000000000001,15.9
2014,10,19,19,30,19,0,78.13,1.7000000000000002,15.100000000000001
2014,10,19,20,30,18.3,0,78.7,1.8,14.5
2014,10,19,21,30,17.6,0,80,1.9000000000000001,14.100000000000001
2014,10,19,22,30,16.900000000000002,0,82.04,1.8,13.8
2014,10,19,23,30,16.2,0,84.72,1.6,13.600000000000001
2014,10,20,0,30,15.5,0,87.47,1.5,13.4
2014,10,20,1,30,15,0,88.95,1.4000000000000001,13.200000000000001
2014,10,20,2,30,14.5,0,90.49,1.3,13
2014,10,20,3,30,14.100000000000001,0,91.96000000000001,1.1,12.8
2014,10,20,4,30,13.8,0,93.34,0.9,12.700000000000001
2014,10,20,5,30,13.8,0,92.84,0.8,12.700000000000001
2014,10,20,6,30,14.5,0,88.39,0.7000000000000001,12.600000000000001
2014,10,20,7,30,16.3,92,81.32000000000001,0.7000000000000001,13.100000000000001
2014,10,20,8,30,19.6,235,67.23,0.5,13.4
2014,10,20,9,30,23.200000000000003,428,59.800000000000004,0.7000000000000001,15
2014,10,20,10,30,25.3,652,55.24,1,15.700000000000001
2014,10,20,11,30,26.400000000000002,601,51.67,1.2000000000000002,15.700000000000001
2014,10,20,12,30,27,597,49.11,1.4000000000000001,15.4
2014,10,20,13,30,27.3,599,47.07,1.6,15
2014,10,20,14,30,27.1,587,46.39,1.8,14.600000000000001
2014,10,20,15,30,26.400000000000002,421,47.17,1.8,14.200000000000001
2014,10,20,16,30,24.700000000000003,222,53.34,1.4000000000000001,14.600000000000001
2014,10,20,17,30,22.1,23,74.25,1.1,17.3
2014,10,20,18,30,20.200000000000003,0,77,1.2000000000000002,16
2014,10,20,19,30,19.1,0,78.35000000000001,1.3,15.200000000000001
2014,10,20,20,30,18.3,0,79.23,1.4000000000000001,14.600000000000001
2014,10,20,21,30,17.7,0,79.74,1.4000000000000001,14.200000000000001
2014,10,20,22,30,17.1,0,80.66,1.3,13.700000000000001
2014,10,20,23,30,16.400000000000002,0,82.69,1.1,13.4
2014,10,21,0,30,15.9,0,84.01,1,13.200000000000001
2014,10,21,1,30,15.5,0,84.7,0.9,12.9
2014,10,21,2,30,15.4,0,83.57000000000001,0.8,12.600000000000001
2014,10,21,3,30,15.4,0,81.72,0.8,12.3
2014,10,21,4,30,15.3,0,80.87,0.7000000000000001,12
2014,10,21,5,30,14.9,0,82.46000000000001,0.7000000000000001,11.9
2014,10,21,6,30,14.9,0,82.31,0.8,11.9
2014,10,21,7,30,16.400000000000002,138,79.74,1.3,12.9
2014,10,21,8,30,19.400000000000002,344,66.04,1.6,12.9
2014,10,21,9,30,22.3,532,53.67,1.6,12.5
2014,10,21,10,30,24,674,45.6,1.8,11.5
2014,10,21,11,30,25.200000000000003,757,41.02,2,11
2014,10,21,12,30,26.1,777,37.53,2.2,10.5
2014,10,21,13,30,26.700000000000003,723,34.85,2.3000000000000003,9.9
2014,10,21,14,30,26.8,590,33.76,2.4000000000000004,9.5
2014,10,21,15,30,26.3,432,34.51,2.2,9.4
2014,10,21,16,30,24.3,229,41.83,1.5,10.5
2014,10,21,17,30,21.400000000000002,37,68.21000000000001,1,15.3
2014,10,21,18,30,19.6,0,69.48,1.1,13.9
2014,10,21,19,30,18.8,0,73.23,1.2000000000000002,13.9
2014,10,21,20,30,18.2,0,77.25,1.2000000000000002,14.200000000000001
2014,10,21,21,30,17.7,0,81.26,1.2000000000000002,14.4
2014,10,21,22,30,17.2,0,85.53,1.3,14.8
2014,10,21,23,30,16.8,0,89.29,1.3,15
2014,10,22,0,30,16.400000000000002,0,92.72,1.3,15.200000000000001
2014,10,22,1,30,16,0,96.04,1.2000000000000002,15.4
2014,10,22,2,30,15.700000000000001,0,98.63,1.1,15.5
2014,10,22,3,30,15.4,0,100,1,15.4
2014,10,22,4,30,15.3,0,100,0.9,15.3
2014,10,22,5,30,15.100000000000001,0,100,0.9,15.100000000000001
2014,10,22,6,30,15.700000000000001,0,100,1.2000000000000002,15.700000000000001
2014,10,22,7,30,17.8,89,89.37,1.8,16
2014,10,22,8,30,21,189,74.94,2.3000000000000003,16.400000000000002
2014,10,22,9,30,24,282,63.63,2.7,16.7
2014,10,22,10,30,26,648,55.44,2.8000000000000003,16.400000000000002
2014,10,22,11,30,27.1,729,51.52,2.5,16.3
2014,10,22,12,30,27.8,707,48.93,2.3000000000000003,16.1
2014,10,22,13,30,28.200000000000003,693,46.97,2.3000000000000003,15.8
2014,10,22,14,30,28,577,46.4,2.4000000000000004,15.4
2014,10,22,15,30,27.200000000000003,406,47.44,2.4000000000000004,15.100000000000001
2014,10,22,16,30,25.200000000000003,209,52.68,1.9000000000000001,14.8
2014,10,22,17,30,22.700000000000003,21,69.61,1.4000000000000001,16.900000000000002
2014,10,22,18,30,21.200000000000003,0,73.54,1.6,16.3
2014,10,22,19,30,20.400000000000002,0,73.39,1.9000000000000001,15.5
2014,10,22,20,30,19.6,0,75.18,1.9000000000000001,15.100000000000001
2014,10,22,21,30,18.900000000000002,0,77.93,1.8,15
2014,10,22,22,30,18.400000000000002,0,80.65,1.7000000000000002,15
2014,10,22,23,30,18,0,83.61,1.5,15.200000000000001
2014,10,23,0,30,17.8,0,85.72,1.4000000000000001,15.4
2014,10,23,1,30,17.6,0,87.47,1.4000000000000001,15.5
2014,10,23,2,30,17.5,0,87.83,1.5,15.5
2014,10,23,3,30,17.2,0,89.11,1.6,15.4
2014,10,23,4,30,16.900000000000002,0,90.62,1.4000000000000001,15.4
2014,10,23,5,30,16.7,0,91.19,1.3,15.3
2014,10,23,6,30,16.8,0,89.16,1.3,15
2014,10,23,7,30,17.7,39,82.09,1.7000000000000002,14.600000000000001
2014,10,23,8,30,19.700000000000003,241,69.04,1.6,13.9
2014,10,23,9,30,22.1,492,56.29,1,13
2014,10,23,10,30,24,626,51.93,0.6000000000000001,13.5
2014,10,23,11,30,25.5,703,49.120000000000005,0.9,14
2014,10,23,12,30,26.400000000000002,727,47.78,1.2000000000000002,14.4
2014,10,23,13,30,26.8,674,47.47,1.3,14.700000000000001
2014,10,23,14,30,26.900000000000002,560,47.7,1.4000000000000001,14.9
2014,10,23,15,30,26.5,393,49.09,1.4000000000000001,15
2014,10,23,16,30,25.1,200,53.7,1.2000000000000002,15.100000000000001
2014,10,23,17,30,22.6,27,73.79,1,17.7
2014,10,23,18,30,20.700000000000003,0,78.79,1.3,16.900000000000002
2014,10,23,19,30,19.900000000000002,0,76.87,1.6,15.700000000000001
2014,10,23,20,30,19.200000000000003,0,75.22,1.8,14.700000000000001
2014,10,23,21,30,18.3,0,76.14,1.7000000000000002,14
2014,10,23,22,30,17.5,0,78.3,1.6,13.700000000000001
2014,10,23,23,30,16.8,0,80.92,1.4000000000000001,13.5
2014,10,24,0,30,16.2,0,83.64,1.2000000000000002,13.4
2014,10,24,1,30,15.700000000000001,0,85.99,1.1,13.4
2014,10,24,2,30,15.200000000000001,0,88.37,1,13.3
2014,10,24,3,30,14.9,0,89.9,0.9,13.3
2014,10,24,4,30,14.600000000000001,0,91.63,0.8,13.3
2014,10,24,5,30,14.3,0,93.39,0.8,13.200000000000001
2014,10,24,6,30,14.9,0,89.88,1.1,13.3
2014,10,24,7,30,16.8,122,81.92,1.6,13.700000000000001
2014,10,24,8,30,20,320,68.26,1.9000000000000001,14
2014,10,24,9,30,23.5,504,55.49,1.9000000000000001,14.100000000000001
2014,10,24,10,30,26,642,50.65,1.6,15
2014,10,24,11,30,27.8,722,48.24,1.2000000000000002,15.9
2014,10,24,12,30,28.8,740,46.76,1.1,16.3
2014,10,24,13,30,29.3,686,45.87,1,16.400000000000002
2014,10,24,14,30,29.400000000000002,572,45.62,0.9,16.400000000000002
2014,10,24,15,30,28.900000000000002,403,46.29,0.8,16.2
2014,10,24,16,30,27.3,206,50.370000000000005,0.7000000000000001,16.1
2014,10,24,17,30,24.5,28,72.83,0.8,19.3
2014,10,24,18,30,22.400000000000002,0,76.31,1.1,18
2014,10,24,19,30,21.3,0,78.36,1.2000000000000002,17.400000000000002
2014,10,24,20,30,20.6,0,78.58,1.4000000000000001,16.7
2014,10,24,21,30,19.900000000000002,0,79.67,1.6,16.3
2014,10,24,22,30,19.3,0,80.98,1.8,16
2014,10,24,23,30,18.8,0,82.34,1.9000000000000001,15.700000000000001
2014,10,25,0,30,18.2,0,84.61,2.1,15.600000000000001
2014,10,25,1,30,17.6,0,87.11,2.2,15.4
2014,10,25,2,30,17,0,89.75,2.2,15.3
2014,10,25,3,30,16.5,0,92.45,1.9000000000000001,15.3
2014,10,25,4,30,16,0,95.60000000000001,1.7000000000000002,15.3
2014,10,25,5,30,15.700000000000001,0,97.45,1.5,15.3
2014,10,25,6,30,16.2,0,94.44,1.8,15.3
2014,10,25,7,30,18.2,122,83.89,2.4000000000000004,15.4
2014,10,25,8,30,21.5,323,69.79,2.6,15.8
2014,10,25,9,30,25.400000000000002,505,56.410000000000004,2.9000000000000004,16.1
2014,10,25,10,30,28.6,645,44.86,2.8000000000000003,15.5
2014,10,25,11,30,30.3,726,39.6,2.2,15
2014,10,25,12,30,31.3,739,36.85,1.7000000000000002,14.8
2014,10,25,13,30,31.700000000000003,686,35.75,1.4000000000000001,14.700000000000001
2014,10,25,14,30,31.700000000000003,570,35.71,1.3,14.700000000000001
2014,10,25,15,30,31,404,37.050000000000004,1.2000000000000002,14.600000000000001
2014,10,25,16,30,28.8,207,43.58,1,15.200000000000001
2014,10,25,17,30,25.5,27,68.78,1,19.3
2014,10,25,18,30,23.200000000000003,0,70.84,1.2000000000000002,17.6
2014,10,25,19,30,22.200000000000003,0,71.18,1.4000000000000001,16.7
2014,10,25,20,30,21.400000000000002,0,71.51,1.7000000000000002,16
2014,10,25,21,30,20.700000000000003,0,72.22,1.9000000000000001,15.5
2014,10,25,22,30,20,0,73.52,2,15.100000000000001
2014,10,25,23,30,19.200000000000003,0,75.7,2.1,14.8
2014,10,26,0,30,18.400000000000002,0,78.34,2.2,14.600000000000001
2014,10,26,1,30,17.7,0,80.97,2.1,14.4
2014,10,26,2,30,17,0,83.84,2,14.200000000000001
2014,10,26,3,30,16.400000000000002,0,87.04,1.8,14.200000000000001
2014,10,26,4,30,16,0,89.64,1.7000000000000002,14.3
2014,10,26,5,30,15.600000000000001,0,92.05,1.6,14.3
2014,10,26,6,30,16.1,0,89.07000000000001,1.8,14.3
2014,10,26,7,30,18.1,124,79.49,2.3000000000000003,14.5
2014,10,26,8,30,21.400000000000002,326,66.33,2.6,14.9
2014,10,26,9,30,25.400000000000002,512,53.97,3.2,15.4
2014,10,26,10,30,28.3,653,42.19,3.8000000000000003,14.200000000000001
2014,10,26,11,30,29.700000000000003,736,37.410000000000004,4,13.600000000000001
2014,10,26,12,30,30.5,751,34.480000000000004,4.3,13.100000000000001
2014,10,26,13,30,30.900000000000002,699,32.02,4.5,12.3
2014,10,26,14,30,30.700000000000003,584,30.61,4.6000000000000005,11.4
2014,10,26,15,30,29.700000000000003,415,30.96,4.4,10.8
2014,10,26,16,30,27.200000000000003,212,35.480000000000004,3.4000000000000004,10.600000000000001
2014,10,26,17,30,23.700000000000003,27,47.94,2.6,12
2014,10,26,18,30,21.700000000000003,0,53.52,2.7,11.9
2014,10,26,19,30,20.8,0,54.63,3,11.3
2014,10,26,20,30,19.8,0,58.18,3.2,11.3
2014,10,26,21,30,18.900000000000002,0,63.21,3.3000000000000003,11.8
2014,10,26,22,30,18.1,0,69.62,3.4000000000000004,12.5
2014,10,26,23,30,17.5,0,76.17,3.5,13.3
2014,10,27,0,30,17,0,82.64,3.5,14
2014,10,27,1,30,16.6,0,88.53,3.5,14.700000000000001
2014,10,27,2,30,16.3,0,93.83,3.3000000000000003,15.3
2014,10,27,3,30,16.1,0,97.98,3,15.8
2014,10,27,4,30,16,0,100,2.8000000000000003,16
2014,10,27,5,30,16,0,100,2.9000000000000004,16
2014,10,27,6,30,16.400000000000002,0,99.19,3.2,16.3
2014,10,27,7,30,18.2,125,88.77,3.8000000000000003,16.3
2014,10,27,8,30,21.3,331,75,4.9,16.7
2014,10,27,9,30,24.3,519,60.94,5.9,16.3
2014,10,27,10,30,26.6,658,48.19,6.1000000000000005,14.8
2014,10,27,11,30,28.200000000000003,738,41.31,6.1000000000000005,13.8
2014,10,27,12,30,29.3,752,37.25,6,13.200000000000001
2014,10,27,13,30,29.8,696,35.17,5.800000000000001,12.8
2014,10,27,14,30,29.900000000000002,577,34.4,5.6000000000000005,12.5
2014,10,27,15,30,29.3,407,35.54,5.2,12.5
2014,10,27,16,30,27.400000000000002,205,40.12,3.9000000000000004,12.700000000000001
2014,10,27,17,30,24.700000000000003,23,50.44,2.9000000000000004,13.700000000000001
2014,10,27,18,30,23.1,0,57.49,2.9000000000000004,14.3
2014,10,27,19,30,22.6,0,59.39,3.5,14.3
2014,10,27,20,30,22,0,61.84,4.2,14.3
2014,10,27,21,30,21.200000000000003,0,66.57000000000001,4.6000000000000005,14.700000000000001
2014,10,27,22,30,20.3,0,73.5,4.3,15.4
2014,10,27,23,30,19.700000000000003,0,79.4,4,16
2014,10,28,0,30,19.200000000000003,0,84.15,3.7,16.5
2014,10,28,1,30,18.900000000000002,0,87.27,3.4000000000000004,16.7
2014,10,28,2,30,18.6,0,89.9,2.9000000000000004,16.900000000000002
2014,10,28,3,30,18.6,0,90.71000000000001,2.6,17.1
2014,10,28,4,30,18.6,0,91.59,2.7,17.2
2014,10,28,5,30,18.7,0,91.7,2.7,17.3
2014,10,28,6,30,18.8,0,91.76,2.8000000000000003,17.400000000000002
2014,10,28,7,30,19.6,27,87.69,3,17.5
2014,10,28,8,30,21.5,266,77.7,3.2,17.400000000000002
2014,10,28,9,30,24.1,338,64.15,3.5,16.900000000000002
2014,10,28,10,30,26.200000000000003,458,54.7,3.5,16.400000000000002
2014,10,28,11,30,27.700000000000003,698,49.160000000000004,3.2,16.1
2014,10,28,12,30,28.5,710,46.81,3,16
2014,10,28,13,30,28.8,656,46.15,2.7,16.1
2014,10,28,14,30,28.6,541,46.85,2.4000000000000004,16.1
2014,10,28,15,30,27.900000000000002,373,48.75,2,16.1
2014,10,28,16,30,26.400000000000002,181,54.28,1.3,16.400000000000002
2014,10,28,17,30,24.700000000000003,18,72.48,0.7000000000000001,19.400000000000002
2014,10,28,18,30,23.5,0,76.03,0.8,19
2014,10,28,19,30,22.6,0,77.13,0.9,18.400000000000002
2014,10,28,20,30,21.700000000000003,0,78.63,1.2000000000000002,17.8
2014,10,28,21,30,20.8,0,81.24,1.6,17.5
2014,10,28,22,30,19.900000000000002,0,84.61,1.9000000000000001,17.2
2014,10,28,23,30,19.200000000000003,0,86.42,2.4000000000000004,16.900000000000002
2014,10,29,0,30,18.6,0,86.33,3,16.3
2014,10,29,1,30,18.1,0,84.63,3.3000000000000003,15.5
2014,10,29,2,30,17.5,0,82.83,3.4000000000000004,14.5
2014,10,29,3,30,17,0,80.99,3.1,13.700000000000001
2014,10,29,4,30,16.5,0,80.58,2.8000000000000003,13.100000000000001
2014,10,29,5,30,16.1,0,80.93,2.6,12.8
2014,10,29,6,30,16,0,81.23,2.7,12.8
2014,10,29,7,30,17.2,105,75.36,3.2,12.8
2014,10,29,8,30,19.6,87,66.23,3.5,13.100000000000001
2014,10,29,9,30,22,296,60.86,3.6,14.100000000000001
2014,10,29,10,30,23.8,613,56.800000000000004,3.5,14.700000000000001
2014,10,29,11,30,25.1,693,52.57,3.4000000000000004,14.700000000000001
2014,10,29,12,30,25.900000000000002,722,49.2,3.3000000000000003,14.4
2014,10,29,13,30,26.3,669,46.67,3.2,14
2014,10,29,14,30,26.200000000000003,555,45.300000000000004,3.1,13.4
2014,10,29,15,30,25.400000000000002,387,45.660000000000004,2.9000000000000004,12.8
2014,10,29,16,30,23.5,192,48.94,2.3000000000000003,12.200000000000001
2014,10,29,17,30,20.6,19,62.31,1.6,13.100000000000001
2014,10,29,18,30,18.5,0,68.35000000000001,1.7000000000000002,12.600000000000001
2014,10,29,19,30,17.400000000000002,0,64.9,1.8,10.700000000000001
2014,10,29,20,30,16.3,0,63.33,1.7000000000000002,9.3
2014,10,29,21,30,15.4,0,63.27,1.6,8.5
2014,10,29,22,30,14.600000000000001,0,64.73,1.5,8
2014,10,29,23,30,13.8,0,68.15,1.4000000000000001,8
2014,10,30,0,30,13.200000000000001,0,71.64,1.3,8.200000000000001
2014,10,30,1,30,12.600000000000001,0,75.12,1.2000000000000002,8.3
2014,10,30,2,30,12.100000000000001,0,77.68,1.1,8.3
2014,10,30,3,30,11.700000000000001,0,79.95,1,8.4
2014,10,30,4,30,11.4,0,82.15,1,8.5
2014,10,30,5,30,11.200000000000001,0,83.67,1,8.5
2014,10,30,6,30,11.700000000000001,0,81.46000000000001,1.1,8.6
2014,10,30,7,30,13.700000000000001,112,72.99,1.6,8.9
2014,10,30,8,30,17,222,57.59,1.9000000000000001,8.6
2014,10,30,9,30,20.400000000000002,415,45.230000000000004,2,8.1
2014,10,30,10,30,22.8,323,37.56,1.6,7.6000000000000005
2014,10,30,11,30,24.3,704,36.08,1,8.3
2014,10,30,12,30,25.6,44,36.02,0.5,9.4
2014,10,30,13,30,26.8,586,37.06,0.5,10.9
2014,10,30,14,30,27.3,85,39.31,0.9,12.3
2014,10,30,15,30,26.8,373,41.97,1,12.8
2014,10,30,16,30,24.900000000000002,179,48.64,0.9,13.3
2014,10,30,17,30,22.200000000000003,16,73.31,0.9,17.2
2014,10,30,18,30,20.400000000000002,0,75.13,1.1,15.8
2014,10,30,19,30,19.6,0,75.09,1.2000000000000002,15.100000000000001
2014,10,30,20,30,19.200000000000003,0,74.77,1.1,14.600000000000001
2014,10,30,21,30,19,0,76.76,0.8,14.8
2014,10,30,22,30,18.8,0,79.04,0.6000000000000001,15.100000000000001
2014,10,30,23,30,18,0,84.98,0.7000000000000001,15.4
2014,10,31,0,30,16.900000000000002,0,87.43,1.1,14.8
2014,10,31,1,30,15.700000000000001,0,89.10000000000001,1.6,13.9
2014,10,31,2,30,14.600000000000001,0,89.56,2.2,12.9
2014,10,31,3,30,13.5,0,88.59,2.7,11.700000000000001
2014,10,31,4,30,12.4,0,85.8,3,10.100000000000001
2014,10,31,5,30,11.700000000000001,0,80.19,3.3000000000000003,8.4
2014,10,31,6,30,11.600000000000001,0,74.05,3.7,7.1000000000000005
2014,10,31,7,30,13,119,65.4,4.4,6.7
2014,10,31,8,30,15.700000000000001,327,54.56,5.300000000000001,6.6000000000000005
2014,10,31,9,30,18.2,515,45.22,5.6000000000000005,6.1000000000000005
2014,10,31,10,30,19.900000000000002,660,38.14,5.4,5.2
2014,10,31,11,30,21,742,33.33,5.2,4.3
2014,10,31,12,30,21.8,759,30.25,5.2,3.6
2014,10,31,13,30,22.1,701,28.810000000000002,5.2,3.1
2014,10,31,14,30,21.900000000000002,581,28.68,5.2,2.9000000000000004
2014,10,31,15,30,21.1,406,29.82,5,2.8000000000000003
2014,10,31,16,30,19.1,201,33.63,3.9000000000000004,2.7
2014,10,31,17,30,16.1,18,43.71,2.7,3.7
2014,10,31,18,30,14,0,54.61,2.4000000000000004,5
2014,10,31,19,30,13,0,56.94,2.5,4.7
2014,10,31,20,30,12,0,59.800000000000004,2.5,4.4
2014,10,31,21,30,11,0,62.47,2.6,4.1000000000000005
2014,10,31,22,30,10.100000000000001,0,64.01,2.7,3.6
2014,10,31,23,30,9.200000000000001,0,65.52,2.7,3.1
2014,11,1,0,30,8.4,0,67.06,2.6,2.6
2014,11,1,1,30,7.5,0,69.52,2.5,2.3000000000000003
2014,11,1,2,30,6.7,0,71.57000000000001,2.3000000000000003,1.9000000000000001
2014,11,1,3,30,6,0,73.33,2.1,1.6
2014,11,1,4,30,5.4,0,74.91,2,1.3
2014,11,1,5,30,5,0,75.69,2.1,1.1
2014,11,1,6,30,5.1000000000000005,0,74.3,2.4000000000000004,0.9
2014,11,1,7,30,6.6000000000000005,118,65.99,3.3000000000000003,0.7000000000000001
2014,11,1,8,30,9.3,327,48.800000000000004,3.9000000000000004,-0.9
2014,11,1,9,30,11.8,517,34.68,3.6,-3.3000000000000003
2014,11,1,10,30,13.9,661,29.6,3.1,-3.6
2014,11,1,11,30,15.700000000000001,744,26.080000000000002,2.6,-3.7
2014,11,1,12,30,17.1,754,23.45,2.2,-4
2014,11,1,13,30,18,699,21.77,2.2,-4.2
2014,11,1,14,30,18.3,579,21,2.3000000000000003,-4.4
2014,11,1,15,30,17.900000000000002,403,21.240000000000002,2.4000000000000004,-4.6000000000000005
2014,11,1,16,30,15.700000000000001,199,24.67,1.9000000000000001,-4.5
2014,11,1,17,30,12.5,17,47.09,1.3,1.5
2014,11,1,18,30,10.8,0,53.25,1.5,1.7000000000000002
2014,11,1,19,30,10.3,0,51.22,1.8,0.7000000000000001
2014,11,1,20,30,9.8,0,50.67,2,0
2014,11,1,21,30,9.200000000000001,0,52.17,2.2,-0.1
2014,11,1,22,30,8.700000000000001,0,53.71,2.4000000000000004,-0.2
2014,11,1,23,30,8.200000000000001,0,55.44,2.6,-0.2
2014,11,2,0,30,7.4,0,60.03,2.5,0.1
2014,11,2,1,30,6.800000000000001,0,64.45,2.4000000000000004,0.6000000000000001
2014,11,2,2,30,6.300000000000001,0,68.21000000000001,2.4000000000000004,0.9
2014,11,2,3,30,5.9,0,71.43,2.5,1.1
2014,11,2,4,30,5.6000000000000005,0,73.69,2.6,1.3
2014,11,2,5,30,5.2,0,75.77,2.7,1.3
2014,11,2,6,30,5.300000000000001,0,74.52,3,1.1
2014,11,2,7,30,6.7,84,66.57000000000001,3.2,0.9
2014,11,2,8,30,9.8,141,52.99,3.8000000000000003,0.7000000000000001
2014,11,2,9,30,13.4,360,37.660000000000004,4.4,-0.8
2014,11,2,10,30,16.5,515,32.59,4.6000000000000005,0
2014,11,2,11,30,19,725,31.77,4.6000000000000005,1.8
2014,11,2,12,30,20.5,648,33.05,4.6000000000000005,3.7
2014,11,2,13,30,21.3,584,32.46,4.5,4.1000000000000005
2014,11,2,14,30,21.400000000000002,456,31.46,4.5,3.8000000000000003
2014,11,2,15,30,20.8,268,31.71,4.2,3.4000000000000004
2014,11,2,16,30,18.900000000000002,128,36.56,3.3000000000000003,3.7
2014,11,2,17,30,16.6,7,46.6,2.9000000000000004,5.1000000000000005
2014,11,2,18,30,15.5,0,51.85,3.3000000000000003,5.6000000000000005
2014,11,2,19,30,15.100000000000001,0,55.95,3.9000000000000004,6.4
2014,11,2,20,30,14.5,0,62.89,4,7.5
2014,11,2,21,30,13.9,0,70.61,3.9000000000000004,8.6
2014,11,2,22,30,13.4,0,77.89,3.8000000000000003,9.600000000000001
2014,11,2,23,30,13.100000000000001,0,84.18,3.5,10.5
2014,11,3,0,30,12.8,0,89.86,3.1,11.200000000000001
2014,11,3,1,30,12.600000000000001,0,93.7,2.9000000000000004,11.600000000000001
2014,11,3,2,30,12.5,0,95.53,2.9000000000000004,11.8
2014,11,3,3,30,12.3,0,97.19,3,11.9
2014,11,3,4,30,12.100000000000001,0,98.12,2.9000000000000004,11.8
2014,11,3,5,30,12.100000000000001,0,97.63,3,11.700000000000001
2014,11,3,6,30,12.600000000000001,0,95.13,3.4000000000000004,11.8
2014,11,3,7,30,14.100000000000001,47,88.4,3.9000000000000004,12.200000000000001
2014,11,3,8,30,16.400000000000002,171,80.60000000000001,4.1000000000000005,13.100000000000001
2014,11,3,9,30,18.8,355,72.94,4.4,13.8
2014,11,3,10,30,21.3,452,64.25,5,14.3
2014,11,3,11,30,23.700000000000003,436,56.33,5.6000000000000005,14.5
2014,11,3,12,30,25.3,379,51.86,5.7,14.700000000000001
2014,11,3,13,30,25.8,253,50.49,5.5,14.700000000000001
2014,11,3,14,30,25.6,199,50.59,5,14.600000000000001
2014,11,3,15,30,25.1,121,51.85,4.3,14.5
2014,11,3,16,30,23.900000000000002,51,56.1,3.5,14.600000000000001
2014,11,3,17,30,22.1,4,63.7,3.2,14.9
2014,11,3,18,30,21.1,0,67.76,3.7,14.9
2014,11,3,19,30,20.5,0,70.21000000000001,4,14.9
2014,11,3,20,30,19.8,0,74.49,3.8000000000000003,15.100000000000001
2014,11,3,21,30,19.3,0,78.21000000000001,3.8000000000000003,15.4
2014,11,3,22,30,18.900000000000002,0,81.44,3.7,15.700000000000001
2014,11,3,23,30,18.5,0,84.73,3.6,15.9
2014,11,4,0,30,18.2,0,87.21000000000001,3.6,16
2014,11,4,1,30,18.1,0,88.83,3.8000000000000003,16.2
2014,11,4,2,30,18.1,0,90.27,3.9000000000000004,16.5
2014,11,4,3,30,18.1,0,92.34,3.6,16.8
2014,11,4,4,30,18.1,0,94.42,3,17.2
2014,11,4,5,30,18.1,0,96.25,2.9000000000000004,17.5
2014,11,4,6,30,18.400000000000002,0,96.14,2.9000000000000004,17.8
2014,11,4,7,30,19.5,26,91.45,3.1,18.1
2014,11,4,8,30,21.400000000000002,133,84.49,3.5,18.7
2014,11,4,9,30,23.200000000000003,151,77.14,3.9000000000000004,19
2014,11,4,10,30,24.400000000000002,149,69.47,3.8000000000000003,18.5
2014,11,4,11,30,24.8,188,66.01,3.5,18
2014,11,4,12,30,24.700000000000003,230,65.81,3,17.900000000000002
2014,11,4,13,30,24.200000000000003,137,67.29,2.2,17.8
2014,11,4,14,30,23.200000000000003,100,70.83,1.5,17.6
2014,11,4,15,30,21.6,70,77.38,1.9000000000000001,17.5
2014,11,4,16,30,19.3,33,87.17,3.4000000000000004,17.1
2014,11,4,17,30,16.8,0,94.7,4.9,15.9
2014,11,4,18,30,15.100000000000001,0,94.24,5.5,14.200000000000001
2014,11,4,19,30,14.3,0,90.82000000000001,5.300000000000001,12.8
2014,11,4,20,30,13.9,0,90.59,4.800000000000001,12.4
2014,11,4,21,30,13.700000000000001,0,91.53,4.6000000000000005,12.3
2014,11,4,22,30,13.5,0,92.60000000000001,4.4,12.3
2014,11,4,23,30,13.3,0,93.4,4.3,12.3
2014,11,5,0,30,13.100000000000001,0,93.86,4.3,12.100000000000001
2014,11,5,1,30,12.9,0,93.87,4.2,11.9
2014,11,5,2,30,12.600000000000001,0,93.99,4.1000000000000005,11.700000000000001
2014,11,5,3,30,12.3,0,93.93,4,11.4
2014,11,5,4,30,12,0,93.96000000000001,4,11.100000000000001
2014,11,5,5,30,11.700000000000001,0,93.97,4,10.8
2014,11,5,6,30,11.600000000000001,0,93.3,4,10.600000000000001
2014,11,5,7,30,11.600000000000001,4,92.81,4.1000000000000005,10.5
2014,11,5,8,30,12,11,90.14,4.3,10.4
2014,11,5,9,30,12.5,87,88.01,4.4,10.600000000000001
2014,11,5,10,30,13.100000000000001,96,86.41,4.4,10.9
2014,11,5,11,30,13.700000000000001,133,85.19,4.2,11.3
2014,11,5,12,30,14.200000000000001,102,84.74,4,11.700000000000001
2014,11,5,13,30,14.5,165,84.89,3.9000000000000004,12
2014,11,5,14,30,14.5,173,86.28,3.9000000000000004,12.200000000000001
2014,11,5,15,30,14.3,77,88.47,3.6,12.4
2014,11,5,16,30,13.9,45,91.73,3.1,12.600000000000001
2014,11,5,17,30,13.5,0,94.94,2.7,12.700000000000001
2014,11,5,18,30,13.3,0,95.78,2.7,12.600000000000001
2014,11,5,19,30,13.200000000000001,0,95.86,2.9000000000000004,12.600000000000001
2014,11,5,20,30,13.100000000000001,0,95.96000000000001,2.9000000000000004,12.5
2014,11,5,21,30,13,0,95.94,2.8000000000000003,12.4
2014,11,5,22,30,12.8,0,96.36,2.6,12.200000000000001
2014,11,5,23,30,12.600000000000001,0,96.60000000000001,2.5,12.100000000000001
2014,11,6,0,30,12.4,0,96.74000000000001,2.5,11.9
2014,11,6,1,30,12.3,0,96.45,2.6,11.8
2014,11,6,2,30,12.100000000000001,0,96.3,2.7,11.5
2014,11,6,3,30,11.8,0,96.32000000000001,2.7,11.200000000000001
2014,11,6,4,30,11.200000000000001,0,97.39,2.8000000000000003,10.8
2014,11,6,5,30,10.4,0,98.48,2.8000000000000003,10.200000000000001
2014,11,6,6,30,9.700000000000001,0,97.18,3,9.3
2014,11,6,7,30,9.9,58,90.09,3.4000000000000004,8.4
2014,11,6,8,30,11.5,301,78.32000000000001,3.4000000000000004,7.9
2014,11,6,9,30,14.4,491,64.28,3.6,7.7
2014,11,6,10,30,17.7,507,49.1,3.8000000000000003,6.9
2014,11,6,11,30,20.200000000000003,628,41.07,4,6.6000000000000005
2014,11,6,12,30,21.900000000000002,679,36.88,4.2,6.5
2014,11,6,13,30,22.8,496,35.09,4.3,6.6000000000000005
2014,11,6,14,30,22.700000000000003,311,36.1,4.2,6.9
2014,11,6,15,30,21.5,68,39.800000000000004,3.2,7.300000000000001
2014,11,6,16,30,18.7,123,56.160000000000004,1.9000000000000001,9.8
2014,11,6,17,30,15.700000000000001,0,74.46000000000001,1.4000000000000001,11.200000000000001
2014,11,6,18,30,14,0,76.64,1.3,10
2014,11,6,19,30,12.9,0,78.08,1.3,9.200000000000001
2014,11,6,20,30,12,0,79.16,1.4000000000000001,8.5
2014,11,6,21,30,11.5,0,78.06,1.7000000000000002,7.800000000000001
2014,11,6,22,30,11.5,0,73.93,2.2,7
2014,11,6,23,30,11.100000000000001,0,72.28,2.3000000000000003,6.300000000000001
2014,11,7,0,30,10.3,0,74.4,1.9000000000000001,5.9
2014,11,7,1,30,9.5,0,77.15,1.6,5.7
2014,11,7,2,30,9,0,79.23,1.4000000000000001,5.6000000000000005
2014,11,7,3,30,8.5,0,81.23,1.3,5.5
2014,11,7,4,30,7.9,0,82.44,1.3,5.1000000000000005
2014,11,7,5,30,7.4,0,83.22,1.3,4.7
2014,11,7,6,30,7.5,0,81.10000000000001,1.3,4.5
2014,11,7,7,30,9,98,74.42,1.9000000000000001,4.7
2014,11,7,8,30,11.8,298,59.95,2.5,4.3
2014,11,7,9,30,14.4,481,46.51,2.6,3.1
2014,11,7,10,30,16.3,619,37.84,2.2,1.9000000000000001
2014,11,7,11,30,17.6,699,34.79,1.7000000000000002,1.9000000000000001
2014,11,7,12,30,18.6,713,33.89,1.2000000000000002,2.4000000000000004
2014,11,7,13,30,19.1,657,34.12,1.1,2.9000000000000004
2014,11,7,14,30,19.1,538,35.58,1.2000000000000002,3.5
2014,11,7,15,30,18.5,370,38.18,1.3,4
2014,11,7,16,30,16.7,172,49.120000000000005,1.1,6
2014,11,7,17,30,14.5,0,69.84,1,9.1
2014,11,7,18,30,13.100000000000001,0,71.26,1.2000000000000002,8
2014,11,7,19,30,12.3,0,71.46000000000001,1.3,7.300000000000001
2014,11,7,20,30,11.600000000000001,0,71.72,1.5,6.7
2014,11,7,21,30,11,0,73.60000000000001,1.5,6.5
2014,11,7,22,30,10.600000000000001,0,76.45,1.4000000000000001,6.6000000000000005
2014,11,7,23,30,10.3,0,80.37,1.3,7.1000000000000005
2014,11,8,0,30,10,0,85.04,1.3,7.6000000000000005
2014,11,8,1,30,9.9,0,88.98,1.2000000000000002,8.200000000000001
2014,11,8,2,30,9.9,0,92.37,1.1,8.700000000000001
2014,11,8,3,30,9.8,0,96.15,1,9.200000000000001
2014,11,8,4,30,9.8,0,99.04,1,9.700000000000001
2014,11,8,5,30,9.600000000000001,0,100,1.1,9.600000000000001
2014,11,8,6,30,10,0,100,1.3,10
2014,11,8,7,30,11.8,88,92.05,2,10.600000000000001
2014,11,8,8,30,14.8,279,77.75,2.9000000000000004,11
2014,11,8,9,30,17.400000000000002,457,66.22,3.5,11
2014,11,8,10,30,19.400000000000002,594,57.94,4.1000000000000005,10.9
2014,11,8,11,30,20.6,570,52.88,4.7,10.700000000000001
2014,11,8,12,30,21.1,366,49.65,5.300000000000001,10.200000000000001
2014,11,8,13,30,21.1,637,47.38,5.5,9.5
2014,11,8,14,30,20.700000000000003,526,45.71,5.5,8.6
2014,11,8,15,30,19.900000000000002,366,44.33,5,7.4
2014,11,8,16,30,17.7,173,47.21,3.5,6.300000000000001
2014,11,8,17,30,14.700000000000001,0,58.68,2.3000000000000003,6.7
2014,11,8,18,30,12.8,0,63.9,1.9000000000000001,6.1000000000000005
2014,11,8,19,30,11.8,0,66.62,1.8,5.800000000000001
2014,11,8,20,30,11,0,69.13,1.8,5.6000000000000005
2014,11,8,21,30,10.3,0,70.82000000000001,1.9000000000000001,5.2
2014,11,8,22,30,9.4,0,73.91,1.9000000000000001,5
2014,11,8,23,30,8.5,0,77.55,1.9000000000000001,4.800000000000001
2014,11,9,0,30,7.7,0,80.28,1.8,4.5
2014,11,9,1,30,6.9,0,83.10000000000001,1.5,4.2
2014,11,9,2,30,6.300000000000001,0,84.79,1.2000000000000002,3.9000000000000004
2014,11,9,3,30,6,0,84.56,1,3.6
2014,11,9,4,30,5.800000000000001,0,83.89,1,3.3000000000000003
2014,11,9,5,30,5.6000000000000005,0,83.66,1,3.1
2014,11,9,6,30,6,0,80.22,0.9,2.8000000000000003
2014,11,9,7,30,7.9,96,73.52,0.9,3.5
2014,11,9,8,30,11,299,61.13,1,3.8000000000000003
2014,11,9,9,30,14.600000000000001,482,48.620000000000005,1.3,3.9000000000000004
2014,11,9,10,30,17.7,623,38.36,2,3.3000000000000003
2014,11,9,11,30,19.8,705,35.35,2.4000000000000004,4
2014,11,9,12,30,21.3,720,33.69,2.8000000000000003,4.7
2014,11,9,13,30,22.3,665,32.6,3,5.1000000000000005
2014,11,9,14,30,22.5,547,32.62,3.1,5.300000000000001
2014,11,9,15,30,21.700000000000003,377,34.800000000000004,2.7,5.5
2014,11,9,16,30,18.7,176,50.59,2,8.200000000000001
2014,11,9,17,30,15.600000000000001,0,64.87,2.1,9
2014,11,9,18,30,14.600000000000001,0,63.730000000000004,2.8000000000000003,7.800000000000001
2014,11,9,19,30,14.3,0,63.74,3.4000000000000004,7.5
2014,11,9,20,30,13.700000000000001,0,66.51,3.7,7.6000000000000005
2014,11,9,21,30,12.9,0,70.68,3.7,7.7
2014,11,9,22,30,12,0,76.22,3.4000000000000004,7.9
2014,11,9,23,30,11.3,0,80.63,3.2,8.1
2014,11,10,0,30,10.600000000000001,0,83.84,3,8
2014,11,10,1,30,10,0,85.71000000000001,2.8000000000000003,7.7
2014,11,10,2,30,9.4,0,87.62,2.8000000000000003,7.4
2014,11,10,3,30,9.1,0,88.21000000000001,2.9000000000000004,7.300000000000001
2014,11,10,4,30,9,0,88.35000000000001,3.1,7.2
2014,11,10,5,30,8.8,0,89.64,3.3000000000000003,7.2
2014,11,10,6,30,8.9,0,89.60000000000001,3.6,7.300000000000001
2014,11,10,7,30,10.200000000000001,91,83.49,4.2,7.5
2014,11,10,8,30,13.3,289,70.89,4.7,8.1
2014,11,10,9,30,17.3,475,58.51,5.9,9.1
2014,11,10,10,30,20.700000000000003,613,48.82,7.2,9.5
2014,11,10,11,30,22.900000000000002,688,44.47,7.7,10.200000000000001
2014,11,10,12,30,24.200000000000003,701,43.37,7.800000000000001,11
2014,11,10,13,30,24.900000000000002,645,43.74,7.7,11.700000000000001
2014,11,10,14,30,24.900000000000002,527,45.86,7.300000000000001,12.4
2014,11,10,15,30,24.3,360,49.81,6.6000000000000005,13.200000000000001
2014,11,10,16,30,22.6,164,57.7,5.6000000000000005,13.8
2014,11,10,17,30,20.6,0,67.59,4.7,14.4
2014,11,10,18,30,19.200000000000003,0,75.13,4.3,14.700000000000001
2014,11,10,19,30,18.1,0,81.89,3.9000000000000004,15
2014,11,10,20,30,17.3,0,87.01,3.9000000000000004,15.100000000000001
2014,11,10,21,30,16.6,0,91.68,3.7,15.200000000000001
2014,11,10,22,30,15.9,0,96.71000000000001,3.5,15.4
2014,11,10,23,30,15.5,0,100,3.2,15.5
2014,11,11,0,30,15.200000000000001,0,100,3,15.200000000000001
2014,11,11,1,30,14.600000000000001,0,100,2.4000000000000004,14.600000000000001
2014,11,11,2,30,14,0,100,2,14
2014,11,11,3,30,13.100000000000001,0,100,3.2,13.100000000000001
2014,11,11,4,30,10.600000000000001,0,98.26,5.5,10.3
2014,11,11,5,30,7.300000000000001,0,70.31,6.800000000000001,2.2
2014,11,11,6,30,5.4,0,52.99,6.6000000000000005,-3.4000000000000004
2014,11,11,7,30,5.300000000000001,83,50.31,6.6000000000000005,-4.2
2014,11,11,8,30,6.1000000000000005,198,46.75,6.800000000000001,-4.5
2014,11,11,9,30,7.300000000000001,257,43.51,6.7,-4.3
2014,11,11,10,30,8.6,602,41.21,6.300000000000001,-3.9000000000000004
2014,11,11,11,30,10,683,39.410000000000004,5.9,-3.2
2014,11,11,12,30,11,695,38.82,5.6000000000000005,-2.5
2014,11,11,13,30,11.700000000000001,639,38.67,5.300000000000001,-1.9000000000000001
2014,11,11,14,30,11.8,523,39.78,5.1000000000000005,-1.5
2014,11,11,15,30,11.4,357,41.58,4.800000000000001,-1.2000000000000002
2014,11,11,16,30,10.100000000000001,103,45.15,4.1000000000000005,-1.3
2014,11,11,17,30,8.4,0,51.44,3.2,-1
2014,11,11,18,30,7.1000000000000005,0,58.02,3,-0.6000000000000001
2014,11,11,19,30,6.4,0,59.53,3.2,-0.9
2014,11,11,20,30,5.7,0,61.46,3.1,-1.1
2014,11,11,21,30,5,0,63.95,3.1,-1.3
2014,11,11,22,30,4.5,0,65.21000000000001,3.1,-1.5
2014,11,11,23,30,4,0,66.29,3.2,-1.7000000000000002
2014,11,12,0,30,3.4000000000000004,0,67.84,3.3000000000000003,-2
2014,11,12,1,30,2.9000000000000004,0,68.84,3.4000000000000004,-2.3000000000000003
2014,11,12,2,30,2.5,0,69.45,3.4000000000000004,-2.5
2014,11,12,3,30,2,0,70.52,3.4000000000000004,-2.8000000000000003
2014,11,12,4,30,1.6,0,70.84,3.5,-3.1
2014,11,12,5,30,1.2000000000000002,0,70.73,3.8000000000000003,-3.5
2014,11,12,6,30,0.9,0,69.49,4.1000000000000005,-4.1000000000000005
2014,11,12,7,30,1.4000000000000001,81,63.620000000000005,5.2,-4.7
2014,11,12,8,30,2.8000000000000003,276,51.68,6,-6.2
2014,11,12,9,30,4.3,458,44.480000000000004,6,-6.800000000000001
2014,11,12,10,30,5.800000000000001,597,39.7,5.9,-6.9
2014,11,12,11,30,7.1000000000000005,365,36,5.800000000000001,-7
2014,11,12,12,30,8,689,33.57,5.7,-7.1000000000000005
2014,11,12,13,30,8.5,628,32.01,5.7,-7.300000000000001
2014,11,12,14,30,8.4,520,31.44,5.800000000000001,-7.6000000000000005
2014,11,12,15,30,7.7,353,31.95,5.800000000000001,-8
2014,11,12,16,30,6.300000000000001,158,34.17,5.4,-8.4
2014,11,12,17,30,4.7,0,38.04,4.7,-8.4
2014,11,12,18,30,3.5,0,42.39,4.4,-8.1
2014,11,12,19,30,2.6,0,45.1,4.6000000000000005,-8.1
2014,11,12,20,30,1.8,0,46.78,4.800000000000001,-8.4
2014,11,12,21,30,1.2000000000000002,0,47.77,4.800000000000001,-8.700000000000001
2014,11,12,22,30,0.8,0,48.26,4.9,-8.9
2014,11,12,23,30,0.4,0,48.04,5,-9.3
2014,11,13,0,30,0.1,0,46.94,5.1000000000000005,-9.9
2014,11,13,1,30,-0.2,0,45.35,5.300000000000001,-10.600000000000001
2014,11,13,2,30,-0.4,0,43.03,5.4,-11.5
2014,11,13,3,30,-0.5,0,41.52,5.5,-12
2014,11,13,4,30,-0.7000000000000001,0,42.27,5.4,-12
2014,11,13,5,30,-0.9,0,43.46,5.1000000000000005,-11.8
2014,11,13,6,30,-1,0,44.800000000000004,4.9,-11.5
2014,11,13,7,30,-0.5,77,43.71,5,-11.4
2014,11,13,8,30,0.6000000000000001,57,39.160000000000004,5.5,-11.700000000000001
2014,11,13,9,30,1.9000000000000001,295,34.410000000000004,5.5,-12.200000000000001
2014,11,13,10,30,3.3000000000000003,522,30.62,5.5,-12.4
2014,11,13,11,30,4.4,464,28.35,5.4,-12.4
2014,11,13,12,30,5.300000000000001,297,26.88,5.300000000000001,-12.3
2014,11,13,13,30,5.7,271,26.44,5,-12.100000000000001
2014,11,13,14,30,5.7,248,26.84,4.800000000000001,-12
2014,11,13,15,30,5.1000000000000005,313,28.18,4.5,-11.9
2014,11,13,16,30,3.8000000000000003,159,31,3.7,-11.8
2014,11,13,17,30,2.1,0,37.730000000000004,2.5,-10.9
2014,11,13,18,30,0.8,0,50.21,1.7000000000000002,-8.4
2014,11,13,19,30,0.1,0,56.89,1.4000000000000001,-7.4
2014,11,13,20,30,-0.5,0,61.99,1.3,-6.9
2014,11,13,21,30,-0.9,0,64.52,1.3,-6.800000000000001
2014,11,13,22,30,-1.3,0,66.11,1.4000000000000001,-6.800000000000001
2014,11,13,23,30,-1.6,0,66.56,1.5,-7
2014,11,14,0,30,-1.9000000000000001,0,67.34,1.6,-7.2
2014,11,14,1,30,-2.1,0,68.12,1.7000000000000002,-7.2
2014,11,14,2,30,-2,0,67.23,1.8,-7.300000000000001
2014,11,14,3,30,-1.9000000000000001,0,66.22,1.8,-7.4
2014,11,14,4,30,-1.6,0,64.34,1.8,-7.5
2014,11,14,5,30,-1.3,0,62.84,1.9000000000000001,-7.5
2014,11,14,6,30,-0.9,0,59.53,1.9000000000000001,-7.800000000000001
2014,11,14,7,30,-0.1,76,55.72,1.9000000000000001,-7.9
2014,11,14,8,30,1.3,83,43.88,1.9000000000000001,-9.700000000000001
2014,11,14,9,30,2.9000000000000004,281,35.78,1.7000000000000002,-10.8
2014,11,14,10,30,4.5,262,32.12,1.3,-10.700000000000001
2014,11,14,11,30,5.9,375,30.57,1,-10.100000000000001
2014,11,14,12,30,6.9,354,30.55,0.9,-9.3
2014,11,14,13,30,7.6000000000000005,352,31.11,0.8,-8.4
2014,11,14,14,30,7.800000000000001,310,32.37,0.8,-7.7
2014,11,14,15,30,7.300000000000001,173,34.61,1,-7.300000000000001
2014,11,14,16,30,5.9,60,39,0.9,-7
2014,11,14,17,30,4,0,62.24,0.8,-2.6
2014,11,14,18,30,2.7,0,69.65,0.9,-2.3000000000000003
2014,11,14,19,30,2,0,70.63,1,-2.8000000000000003
2014,11,14,20,30,1.5,0,71.04,1.1,-3.2
2014,11,14,21,30,1.1,0,71.61,1.1,-3.5
2014,11,14,22,30,0.7000000000000001,0,73.08,1.1,-3.6
2014,11,14,23,30,0.4,0,74.31,1.2000000000000002,-3.6
2014,11,15,0,30,0.2,0,74.84,1.2000000000000002,-3.7
2014,11,15,1,30,0,0,75.19,1.4000000000000001,-3.9000000000000004
2014,11,15,2,30,-0.2,0,75.86,1.5,-3.9000000000000004
2014,11,15,3,30,-0.30000000000000004,0,76.41,1.5,-3.9000000000000004
2014,11,15,4,30,-0.5,0,78.11,1.5,-3.8000000000000003
2014,11,15,5,30,-0.6000000000000001,0,79.13,1.5,-3.8000000000000003
2014,11,15,6,30,-0.4,0,78.53,1.7000000000000002,-3.7
2014,11,15,7,30,1.2000000000000002,71,71.94,2.4000000000000004,-3.3000000000000003
2014,11,15,8,30,4,258,61.83,3,-2.7
2014,11,15,9,30,6.800000000000001,114,51.71,3.5,-2.5
2014,11,15,10,30,8.8,190,44.99,4,-2.5
2014,11,15,11,30,10.200000000000001,240,44.45,4.3,-1.4000000000000001
2014,11,15,12,30,11.4,180,45.660000000000004,4.5,0.1
2014,11,15,13,30,12.200000000000001,610,48.82,4.5,1.7000000000000002
2014,11,15,14,30,12.4,495,53.660000000000004,4.4,3.3000000000000003
2014,11,15,15,30,11.700000000000001,329,60.75,4.1000000000000005,4.4
2014,11,15,16,30,10.3,140,70.25,3.4000000000000004,5.1000000000000005
2014,11,15,17,30,8.8,0,80.61,2.8000000000000003,5.6000000000000005
2014,11,15,18,30,7.9,0,87.34,2.7,5.9
2014,11,15,19,30,7.4,0,92.24,2.7,6.2
2014,11,15,20,30,7.300000000000001,0,94.68,2.5,6.5
2014,11,15,21,30,7.4,0,95.58,2.1,6.7
2014,11,15,22,30,7.4,0,97.04,1.5,7
2014,11,15,23,30,7.4,0,97.57000000000001,1.1,7
2014,11,16,0,30,7.4,0,97.82000000000001,0.8,7.1000000000000005
2014,11,16,1,30,7.4,0,97.84,0.6000000000000001,7.1000000000000005
2014,11,16,2,30,7.4,0,97.62,0.7000000000000001,7
2014,11,16,3,30,7.5,0,96.95,0.8,7
2014,11,16,4,30,7.5,0,97.44,0.9,7.1000000000000005
2014,11,16,5,30,7.5,0,97.69,0.9,7.2
2014,11,16,6,30,7.5,0,97.51,1,7.1000000000000005
2014,11,16,7,30,7.9,60,94.4,1.4000000000000001,7.1000000000000005
2014,11,16,8,30,8.6,38,91.88,2.1,7.4
2014,11,16,9,30,9.3,91,89.58,2.9000000000000004,7.7
2014,11,16,10,30,9.5,159,87.66,3.8000000000000003,7.6000000000000005
2014,11,16,11,30,9.1,105,85.85000000000001,4.5,6.9
2014,11,16,12,30,8.4,106,83.8,5,5.800000000000001
2014,11,16,13,30,7.5,144,82.35000000000001,5.2,4.7
2014,11,16,14,30,6.7,72,80.67,5.300000000000001,3.6
2014,11,16,15,30,6,64,79.64,5.300000000000001,2.7
2014,11,16,16,30,5.300000000000001,61,79.53,5.4,2
2014,11,16,17,30,4.4,0,80.22,5.6000000000000005,1.3
2014,11,16,18,30,3.3000000000000003,0,79.8,5.800000000000001,0.1
2014,11,16,19,30,2.3000000000000003,0,76.77,5.7,-1.4000000000000001
2014,11,16,20,30,1.3,0,75.19,5.4,-2.6
2014,11,16,21,30,0.5,0,75.63,5.4,-3.3000000000000003
2014,11,16,22,30,-0.2,0,77.57000000000001,5.5,-3.6
2014,11,16,23,30,-0.8,0,79.86,5.6000000000000005,-3.8000000000000003
2014,11,17,0,30,-1.3,0,81.45,5.300000000000001,-4.1000000000000005
2014,11,17,1,30,-1.8,0,82.84,4.800000000000001,-4.3
2014,11,17,2,30,-2.4000000000000004,0,84.58,4.3,-4.6000000000000005
2014,11,17,3,30,-2.9000000000000004,0,84.97,3.5,-5.1000000000000005
2014,11,17,4,30,-3.8000000000000003,0,88.16,2.5,-5.5
2014,11,17,5,30,-4.5,0,90.34,2,-5.800000000000001
2014,11,17,6,30,-4.6000000000000005,0,88.92,2.3000000000000003,-6.1000000000000005
2014,11,17,7,30,-3.3000000000000003,78,79.36,3.2,-6.4
2014,11,17,8,30,-0.5,281,62.28,3.7,-6.800000000000001
2014,11,17,9,30,2.5,472,45.12,3.8000000000000003,-8.200000000000001
2014,11,17,10,30,5,616,34.5,4.1000000000000005,-9.4
2014,11,17,11,30,7,701,28.52,4.6000000000000005,-10.100000000000001
2014,11,17,12,30,8.3,709,24.8,5,-10.700000000000001
2014,11,17,13,30,8.8,656,24.03,5,-10.700000000000001
2014,11,17,14,30,8.700000000000001,537,24.59,4.800000000000001,-10.5
2014,11,17,15,30,8,366,26.26,4.3,-10.200000000000001
2014,11,17,16,30,5.7,161,31.830000000000002,2.9000000000000004,-9.8
2014,11,17,17,30,2.6,0,51.120000000000005,1.7000000000000002,-6.5
2014,11,17,18,30,1.2000000000000002,0,60.09,1.5,-5.7
2014,11,17,19,30,0.8,0,61.79,1.5,-5.7
2014,11,17,20,30,0.8,0,62.77,1.4000000000000001,-5.5
2014,11,17,21,30,0.8,0,64.62,1.3,-5.1000000000000005
2014,11,17,22,30,0.6000000000000001,0,66.69,1.1,-4.9
2014,11,17,23,30,0.30000000000000004,0,68.97,1,-4.7
2014,11,18,0,30,0,0,71.33,0.9,-4.6000000000000005
2014,11,18,1,30,-0.4,0,73.43,0.9,-4.6000000000000005
2014,11,18,2,30,-0.9,0,74.67,0.9,-4.800000000000001
2014,11,18,3,30,-1.1,0,74.76,0.9,-5
2014,11,18,4,30,-1.4000000000000001,0,77.09,0.9,-4.9
2014,11,18,5,30,-2,0,79.24,1,-5.1000000000000005
2014,11,18,6,30,-2.5,0,78.04,1,-5.800000000000001
2014,11,18,7,30,-0.5,71,67.59,1.6,-5.800000000000001
2014,11,18,8,30,3.2,271,52.36,2.4000000000000004,-5.6000000000000005
2014,11,18,9,30,6.300000000000001,459,35.07,2.7,-8
2014,11,18,10,30,8.9,598,29.060000000000002,2.8000000000000003,-8.200000000000001
2014,11,18,11,30,11.100000000000001,682,26.060000000000002,2.8000000000000003,-7.7
2014,11,18,12,30,12.600000000000001,698,24.43,2.9000000000000004,-7.2
2014,11,18,13,30,13.5,645,23.5,3,-7
2014,11,18,14,30,13.700000000000001,527,23.41,3,-6.9
2014,11,18,15,30,12.9,357,24.69,2.6,-6.800000000000001
2014,11,18,16,30,9.700000000000001,157,35.86,1.9000000000000001,-4.7
2014,11,18,17,30,6.4,0,56.22,1.7000000000000002,-1.7000000000000002
2014,11,18,18,30,5.4,0,54.35,2.2,-3.1
2014,11,18,19,30,5.2,0,52.17,2.7,-3.8000000000000003
2014,11,18,20,30,4.7,0,52.910000000000004,3.1,-4.1000000000000005
2014,11,18,21,30,4,0,56.300000000000004,3.2,-3.9000000000000004
2014,11,18,22,30,3.3000000000000003,0,60.6,3.3000000000000003,-3.6
2014,11,18,23,30,2.6,0,64.71000000000001,3.4000000000000004,-3.4000000000000004
2014,11,19,0,30,1.9000000000000001,0,69,3.3000000000000003,-3.2
2014,11,19,1,30,1.3,0,72.61,3.3000000000000003,-3.1
2014,11,19,2,30,0.8,0,75.82000000000001,3.1,-3
2014,11,19,3,30,0.5,0,78.2,2.9000000000000004,-2.9000000000000004
2014,11,19,4,30,0.4,0,79.64,2.9000000000000004,-2.7
2014,11,19,5,30,0.4,0,80.97,2.9000000000000004,-2.5
2014,11,19,6,30,0.5,0,82.29,3,-2.2
2014,11,19,7,30,2.1,65,76.10000000000001,3.5,-1.7000000000000002
2014,11,19,8,30,5.5,257,64.03,3.9000000000000004,-0.8
2014,11,19,9,30,9.8,441,53.44,4.6000000000000005,0.8
2014,11,19,10,30,13.700000000000001,580,48.620000000000005,5.4,3.1
2014,11,19,11,30,16.400000000000002,663,43.47,5.4,3.9000000000000004
2014,11,19,12,30,18.2,680,38.35,4.9,3.8000000000000003
2014,11,19,13,30,19.200000000000003,625,35.480000000000004,4.5,3.6
2014,11,19,14,30,19.5,510,34.32,3.9000000000000004,3.3000000000000003
2014,11,19,15,30,18.400000000000002,344,36.81,2.8000000000000003,3.4000000000000004
2014,11,19,16,30,15,150,57.06,1.8,6.6000000000000005
2014,11,19,17,30,11.8,0,69.19,1.7000000000000002,6.300000000000001
2014,11,19,18,30,10.600000000000001,0,71.25,2,5.6000000000000005
2014,11,19,19,30,10.100000000000001,0,74.09,2.4000000000000004,5.7
2014,11,19,20,30,9.600000000000001,0,77.76,2.6,5.9
2014,11,19,21,30,9,0,82.59,2.8000000000000003,6.2
2014,11,19,22,30,8.3,0,88.18,2.6,6.5
2014,11,19,23,30,7.4,0,94.7,2.3000000000000003,6.6000000000000005
2014,11,20,0,30,6.6000000000000005,0,100,2,6.6000000000000005
2014,11,20,1,30,5.9,0,100,1.8,5.9
2014,11,20,2,30,5.4,0,100,1.7000000000000002,5.4
2014,11,20,3,30,5.1000000000000005,0,100,1.5,5.1000000000000005
2014,11,20,4,30,4.9,0,100,1.4000000000000001,4.9
2014,11,20,5,30,4.9,0,100,1.2000000000000002,4.9
2014,11,20,6,30,5.4,0,100,1.3,5.4
2014,11,20,7,30,7,42,96.26,1.8,6.4
2014,11,20,8,30,9.700000000000001,181,83.37,2,7
2014,11,20,9,30,13.100000000000001,429,71.66,2.3000000000000003,8.1
2014,11,20,10,30,17.1,567,61.9,3.5,9.700000000000001
2014,11,20,11,30,20,647,56.44,4.5,11.100000000000001
2014,11,20,12,30,21.5,439,51.58,4.800000000000001,11.100000000000001
2014,11,20,13,30,22.3,447,49.45,4.800000000000001,11.200000000000001
2014,11,20,14,30,22.3,488,50.7,4.7,11.600000000000001
2014,11,20,15,30,21.400000000000002,323,55.980000000000004,3.9000000000000004,12.3
2014,11,20,16,30,19.3,136,68.42,2.8000000000000003,13.3
2014,11,20,17,30,17.400000000000002,0,81.59,2.3000000000000003,14.200000000000001
2014,11,20,18,30,16.7,0,87.62,2.5,14.600000000000001
2014,11,20,19,30,16.1,0,93.91,2.7,15.100000000000001
2014,11,20,20,30,15.700000000000001,0,98.4,3,15.4
2014,11,20,21,30,15.4,0,100,3.3000000000000003,15.4
2014,11,20,22,30,15.200000000000001,0,100,3.4000000000000004,15.200000000000001
2014,11,20,23,30,15.100000000000001,0,100,3.4000000000000004,15.100000000000001
2014,11,21,0,30,14.9,0,100,3.2,14.9
2014,11,21,1,30,14.700000000000001,0,100,3,14.700000000000001
2014,11,21,2,30,14.5,0,100,2.7,14.5
2014,11,21,3,30,14.200000000000001,0,100,2.3000000000000003,14.200000000000001
2014,11,21,4,30,13.9,0,100,2,13.9
2014,11,21,5,30,13.700000000000001,0,100,1.7000000000000002,13.700000000000001
2014,11,21,6,30,13.700000000000001,0,100,1.7000000000000002,13.700000000000001
2014,11,21,7,30,14.700000000000001,54,95.34,2.2,14
2014,11,21,8,30,16.400000000000002,53,90.91,2.8000000000000003,14.9
2014,11,21,9,30,18.3,95,86.5,3.1,16
2014,11,21,10,30,20.3,145,81.63,3.5,17.1
2014,11,21,11,30,22,208,74.82000000000001,3.9000000000000004,17.3
2014,11,21,12,30,23.1,127,69.26,4.2,17.2
2014,11,21,13,30,23.6,214,66.2,4.3,16.900000000000002
2014,11,21,14,30,23.5,149,66.13,4.2,16.8
2014,11,21,15,30,22.700000000000003,108,70.05,3.7,17
2014,11,21,16,30,21,134,80.68,3,17.6
2014,11,21,17,30,19.400000000000002,0,90.73,3.3000000000000003,17.8
2014,11,21,18,30,18.8,0,94.81,4.2,17.900000000000002
2014,11,21,19,30,18.400000000000002,0,97.78,4.800000000000001,18
2014,11,21,20,30,18.1,0,98.51,5.1000000000000005,17.900000000000002
2014,11,21,21,30,17.7,0,98.46000000000001,4.9,17.5
2014,11,21,22,30,17.2,0,98.58,4.6000000000000005,17
2014,11,21,23,30,16.7,0,98.57000000000001,4.4,16.5
2014,11,22,0,30,16.2,0,98.75,4.1000000000000005,16
2014,11,22,1,30,15.8,0,98.55,3.8000000000000003,15.600000000000001
2014,11,22,2,30,15.4,0,98.61,3.7,15.200000000000001
2014,11,22,3,30,15.100000000000001,0,98.12,3.7,14.8
2014,11,22,4,30,14.700000000000001,0,98.25,3.8000000000000003,14.4
2014,11,22,5,30,14.200000000000001,0,98.73,3.8000000000000003,14
2014,11,22,6,30,13.9,0,97.86,3.7,13.600000000000001
2014,11,22,7,30,14.200000000000001,18,94.41,3.8000000000000003,13.3
2014,11,22,8,30,15.3,93,90.24,4.1000000000000005,13.700000000000001
2014,11,22,9,30,16.900000000000002,186,86.56,4.800000000000001,14.600000000000001
2014,11,22,10,30,18.400000000000002,134,83.37,5.4,15.5
2014,11,22,11,30,19.3,317,81.77,5.7,16.1
2014,11,22,12,30,19.700000000000003,199,82.32000000000001,5.800000000000001,16.6
2014,11,22,13,30,20,80,83.64,5.6000000000000005,17.1
2014,11,22,14,30,20,42,86.36,4.9,17.7
2014,11,22,15,30,19.5,72,91.42,4,18.1
2014,11,22,16,30,18.7,54,97.08,3.4000000000000004,18.2
2014,11,22,17,30,18.1,0,99.16,3.2,18
2014,11,22,18,30,17.8,0,99.16,3.3000000000000003,17.7
2014,11,22,19,30,17.6,0,98.99000000000001,3.5,17.400000000000002
2014,11,22,20,30,17.5,0,98.65,3.8000000000000003,17.3
2014,11,22,21,30,17.400000000000002,0,98.62,3.8000000000000003,17.2
2014,11,22,22,30,17.2,0,99.3,3.5,17.1
2014,11,22,23,30,16.900000000000002,0,99.83,3,16.900000000000002
2014,11,23,0,30,16.6,0,100,2.6,16.6
2014,11,23,1,30,16,0,100,2,16
2014,11,23,2,30,15.200000000000001,0,100,1.7000000000000002,15.200000000000001
2014,11,23,3,30,14.5,0,100,1.7000000000000002,14.5
2014,11,23,4,30,14,0,100,2,14
2014,11,23,5,30,13.5,0,100,2.4000000000000004,13.5
2014,11,23,6,30,13,0,100,3,13
2014,11,23,7,30,13.100000000000001,53,96.15,3.8000000000000003,12.5
2014,11,23,8,30,14.3,240,87.99,4.2,12.3
2014,11,23,9,30,16.900000000000002,422,74.26,4.5,12.3
2014,11,23,10,30,20.1,562,55.06,4.9,10.8
2014,11,23,11,30,22.6,647,43.1,5.4,9.4
2014,11,23,12,30,24.1,661,37.36,5.6000000000000005,8.6
2014,11,23,13,30,24.700000000000003,609,34.97,5.5,8.200000000000001
2014,11,23,14,30,24.5,497,35.32,5,8.200000000000001
2014,11,23,15,30,23.400000000000002,331,39.81,4.2,9
2014,11,23,16,30,20.8,140,50.08,3.4000000000000004,10
2014,11,23,17,30,18.5,0,55.74,3.8000000000000003,9.5
2014,11,23,18,30,16.900000000000002,0,56.370000000000005,5.5,8.200000000000001
2014,11,23,19,30,14.9,0,55.83,6.4,6.2
2014,11,23,20,30,13,0,55.230000000000004,5.9,4.2
2014,11,23,21,30,11.600000000000001,0,56.28,5.6000000000000005,3.2
2014,11,23,22,30,10.3,0,60.050000000000004,5.4,2.9000000000000004
2014,11,23,23,30,9.200000000000001,0,65.01,4.9,3
2014,11,24,0,30,8.1,0,70.72,4,3.1
2014,11,24,1,30,7.2,0,75.86,3,3.2
2014,11,24,2,30,6.4,0,80.56,2.5,3.3000000000000003
2014,11,24,3,30,5.800000000000001,0,83.58,2.4000000000000004,3.2
2014,11,24,4,30,5.4,0,84.91,2.4000000000000004,3.1
2014,11,24,5,30,4.9,0,86.39,2.3000000000000003,2.8000000000000003
2014,11,24,6,30,4.6000000000000005,0,86.22,2.2,2.5
2014,11,24,7,30,5.7,53,78.31,2.6,2.2
2014,11,24,8,30,8.4,189,64.31,2.8000000000000003,2
2014,11,24,9,30,11.600000000000001,335,52.42,2.5,2.2
2014,11,24,10,30,14,459,38.67,2.5,0.1
2014,11,24,11,30,15.100000000000001,514,34.22,2.4000000000000004,-0.6000000000000001
2014,11,24,12,30,15.700000000000001,666,31.48,2.2,-1.2000000000000002
2014,11,24,13,30,15.9,616,30.07,2.1,-1.6
2014,11,24,14,30,16,506,29.310000000000002,2,-1.9000000000000001
2014,11,24,15,30,15.3,340,30.48,1.5,-2
2014,11,24,16,30,13.4,94,45.88,1,2
2014,11,24,17,30,11.700000000000001,0,51.99,0.9,2.2
2014,11,24,18,30,11.200000000000001,0,46.26,0.9,0.1
2014,11,24,19,30,11,0,43.93,0.7000000000000001,-0.8
2014,11,24,20,30,10.9,0,42.26,0.5,-1.4000000000000001
2014,11,24,21,30,10.9,0,39.6,0.30000000000000004,-2.3000000000000003
2014,11,24,22,30,10.4,0,39.96,0.30000000000000004,-2.6
2014,11,24,23,30,10,0,40.97,0.5,-2.7
2014,11,25,0,30,9.4,0,42.050000000000004,0.6000000000000001,-2.9000000000000004
2014,11,25,1,30,8.8,0,43.37,0.7000000000000001,-3
2014,11,25,2,30,7.9,0,45.92,0.8,-3
2014,11,25,3,30,6.7,0,51.7,1.1,-2.6
2014,11,25,4,30,5.4,0,58.07,1.3,-2.2
2014,11,25,5,30,4.3,0,64.34,1.4000000000000001,-1.8
2014,11,25,6,30,3.6,0,68.71000000000001,1.4000000000000001,-1.6
2014,11,25,7,30,5.5,51,62.46,1.9000000000000001,-1.1
2014,11,25,8,30,8.9,238,52.57,2.6,-0.30000000000000004
2014,11,25,9,30,12.100000000000001,420,42.31,2.7,-0.30000000000000004
2014,11,25,10,30,15.200000000000001,561,34.93,2.7,-0.2
2014,11,25,11,30,17.2,644,29.650000000000002,3,-0.7000000000000001
2014,11,25,12,30,18,663,28.34,3.6,-0.6000000000000001
2014,11,25,13,30,18.3,610,28.04,4,-0.5
2014,11,25,14,30,18,501,28.55,4.1000000000000005,-0.5
2014,11,25,15,30,16.8,337,30.82,3.1,-0.5
2014,11,25,16,30,13.5,144,47.12,1.8,2.4000000000000004
2014,11,25,17,30,10.5,0,62.67,1.4000000000000001,3.7
2014,11,25,18,30,9.5,0,62.71,1.4000000000000001,2.7
2014,11,25,19,30,9,0,62.230000000000004,1.4000000000000001,2.2
2014,11,25,20,30,8.200000000000001,0,63.06,1.4000000000000001,1.6
2014,11,25,21,30,7.2,0,66.04,1.5,1.3
2014,11,25,22,30,6.6000000000000005,0,67.52,1.7000000000000002,1
2014,11,25,23,30,6.4,0,67.61,2.1,0.8
2014,11,26,0,30,6.5,0,67.07000000000001,2.8000000000000003,0.8
2014,11,26,1,30,6.4,0,67.16,3.3000000000000003,0.7000000000000001
2014,11,26,2,30,6.1000000000000005,0,67.15,3.4000000000000004,0.5
2014,11,26,3,30,5.6000000000000005,0,67.81,3.3000000000000003,0.1
2014,11,26,4,30,5.2,0,69.68,3.4000000000000004,0.1
2014,11,26,5,30,5,0,70.58,3.6,0.1
2014,11,26,6,30,5,0,70.18,3.6,0
2014,11,26,7,30,6.1000000000000005,50,65.18,3.9000000000000004,0
2014,11,26,8,30,9,235,54.88,4.1000000000000005,0.4
2014,11,26,9,30,12.5,417,45.2,4.3,0.9
2014,11,26,10,30,15.600000000000001,554,36.06,4.3,0.6000000000000001
2014,11,26,11,30,17.400000000000002,638,33.160000000000004,3.8000000000000003,1
2014,11,26,12,30,18.6,653,32.27,3.6,1.7000000000000002
2014,11,26,13,30,19.200000000000003,601,32.11,3.6,2.1
2014,11,26,14,30,19.1,491,33,3.4000000000000004,2.4000000000000004
2014,11,26,15,30,17.900000000000002,330,36.550000000000004,2.4000000000000004,2.8000000000000003
2014,11,26,16,30,14.700000000000001,141,57.72,1.5,6.5
2014,11,26,17,30,11.600000000000001,0,70.31,1.5,6.4
2014,11,26,18,30,10.4,0,70.47,1.6,5.300000000000001
2014,11,26,19,30,9.700000000000001,0,71.81,1.6,4.9
2014,11,26,20,30,9,0,72.9,1.8,4.4
2014,11,26,21,30,8.5,0,72.5,2.1,3.8000000000000003
2014,11,26,22,30,7.9,0,72.76,2.3000000000000003,3.3000000000000003
2014,11,26,23,30,7.300000000000001,0,73.7,2.4000000000000004,2.9000000000000004
2014,11,27,0,30,6.6000000000000005,0,75.65,2.6,2.6
2014,11,27,1,30,6,0,76.84,2.7,2.2
2014,11,27,2,30,5.300000000000001,0,77.48,2.8000000000000003,1.7000000000000002
2014,11,27,3,30,4.5,0,78.49,2.6,1.1
2014,11,27,4,30,3.8000000000000003,0,79.55,2.2,0.6000000000000001
2014,11,27,5,30,3.1,0,81.43,1.9000000000000001,0.2
2014,11,27,6,30,2.8000000000000003,0,81.64,1.7000000000000002,0
2014,11,27,7,30,4.2,47,73.81,2.2,-0.1
2014,11,27,8,30,7.1000000000000005,231,58.800000000000004,3.1,-0.4
2014,11,27,9,30,9.600000000000001,412,45.36,3.2,-1.7000000000000002
2014,11,27,10,30,11.700000000000001,552,37.75,2.9000000000000004,-2.2
2014,11,27,11,30,13.4,635,32.9,2.5,-2.6
2014,11,27,12,30,14.600000000000001,653,30.27,2.1,-2.7
2014,11,27,13,30,15.3,604,29.51,1.8,-2.4000000000000004
2014,11,27,14,30,15.4,494,29.78,1.6,-2.2
2014,11,27,15,30,14.8,332,31.900000000000002,1.3,-1.8
2014,11,27,16,30,12.4,142,49.480000000000004,1,2.1
2014,11,27,17,30,9.8,0,64.57000000000001,1.1,3.4000000000000004
2014,11,27,18,30,8.4,0,64.86,1.2000000000000002,2.2
2014,11,27,19,30,7.5,0,68.18,1.3,2
2014,11,27,20,30,6.800000000000001,0,70.96000000000001,1.3,1.9000000000000001
2014,11,27,21,30,6.2,0,73.83,1.4000000000000001,1.9000000000000001
2014,11,27,22,30,5.7,0,76.5,1.5,1.9000000000000001
2014,11,27,23,30,5.300000000000001,0,79.11,1.6,2
2014,11,28,0,30,5,0,81.83,1.8,2.2
2014,11,28,1,30,4.5,0,86.13,1.9000000000000001,2.4000000000000004
2014,11,28,2,30,4.1000000000000005,0,90.08,1.9000000000000001,2.6
2014,11,28,3,30,3.7,0,93.94,1.8,2.8000000000000003
2014,11,28,4,30,3.5,0,96.5,1.8,3
2014,11,28,5,30,3.4000000000000004,0,98.05,1.9000000000000001,3.1
2014,11,28,6,30,3.7,0,96.95,2.2,3.3000000000000003
2014,11,28,7,30,5.300000000000001,41,88.16,2.9000000000000004,3.5
2014,11,28,8,30,8.4,219,75.11,3.5,4.2
2014,11,28,9,30,12.100000000000001,254,64.26,4,5.6000000000000005
2014,11,28,10,30,15.8,534,59.21,5.1000000000000005,7.9
2014,11,28,11,30,18.400000000000002,614,59.86,5.800000000000001,10.5
2014,11,28,12,30,19.900000000000002,636,58.15,5.9,11.4
2014,11,28,13,30,20.6,589,55.64,5.800000000000001,11.4
2014,11,28,14,30,20.8,480,54.86,5.6000000000000005,11.4
2014,11,28,15,30,20.200000000000003,321,57.120000000000005,4.9,11.4
2014,11,28,16,30,18.2,136,65.47,3.8000000000000003,11.600000000000001
2014,11,28,17,30,16.1,0,75.21000000000001,3.3000000000000003,11.700000000000001
2014,11,28,18,30,15.200000000000001,0,78.46000000000001,3.7,11.5
2014,11,28,19,30,14.600000000000001,0,80.38,3.9000000000000004,11.3
2014,11,28,20,30,13.9,0,82.53,4.2,11
2014,11,28,21,30,13.100000000000001,0,85.33,4.4,10.700000000000001
2014,11,28,22,30,12.200000000000001,0,89.22,4.2,10.5
2014,11,28,23,30,11.3,0,93.71000000000001,4,10.3
2014,11,29,0,30,10.600000000000001,0,97.53,3.9000000000000004,10.200000000000001
2014,11,29,1,30,10.3,0,98.89,4,10.100000000000001
2014,11,29,2,30,10.100000000000001,0,100,3.9000000000000004,10.100000000000001
2014,11,29,3,30,10,0,100,3.7,10
2014,11,29,4,30,9.9,0,100,3.4000000000000004,9.9
2014,11,29,5,30,9.700000000000001,0,100,3.2,9.700000000000001
2014,11,29,6,30,9.700000000000001,0,100,3.1,9.700000000000001
2014,11,29,7,30,11,42,97.23,3.6,10.600000000000001
2014,11,29,8,30,13.9,223,82.13,4.3,10.9
2014,11,29,9,30,17.3,404,70.04,5.6000000000000005,11.8
2014,11,29,10,30,20.200000000000003,542,61.96,6.9,12.700000000000001
2014,11,29,11,30,22.1,626,55.47,7.2,12.8
2014,11,29,12,30,23.200000000000003,642,51.18,7.2,12.600000000000001
2014,11,29,13,30,23.700000000000003,592,49.72,7,12.600000000000001
2014,11,29,14,30,23.6,479,50.72,6.7,12.8
2014,11,29,15,30,22.8,321,54.65,6,13.200000000000001
2014,11,29,16,30,21.1,133,62.96,5,13.8
2014,11,29,17,30,19.400000000000002,0,72.15,4.5,14.3
2014,11,29,18,30,18.3,0,78.79,4.5,14.600000000000001
2014,11,29,19,30,17.6,0,83.63,4.800000000000001,14.8
2014,11,29,20,30,17.1,0,87.38,5,15
2014,11,29,21,30,16.6,0,91.78,5.2,15.3
2014,11,29,22,30,16.2,0,96.55,5.2,15.600000000000001
2014,11,29,23,30,16.1,0,99.64,5,16
2014,11,30,0,30,16.2,0,100,4.9,16.2
2014,11,30,1,30,16.5,0,99.53,4.9,16.400000000000002
2014,11,30,2,30,16.900000000000002,0,98.45,4.9,16.7
2014,11,30,3,30,17.1,0,97.97,4.9,16.8
2014,11,30,4,30,17.1,0,98.33,4.800000000000001,16.8
2014,11,30,5,30,16.900000000000002,0,99.51,4.5,16.8
2014,11,30,6,30,16.900000000000002,0,99.34,4.4,16.8
2014,11,30,7,30,17.5,34,95.35000000000001,4.5,16.7
2014,11,30,8,30,19.1,71,87.51,4.9,17
2014,11,30,9,30,21.200000000000003,247,78.83,5.7,17.400000000000002
2014,11,30,10,30,23.1,326,69.53,6.4,17.2
2014,11,30,11,30,24.400000000000002,445,61.940000000000005,6.4,16.6
2014,11,30,12,30,25.200000000000003,489,57.58,6.1000000000000005,16.2
2014,11,30,13,30,25.6,576,55.230000000000004,5.800000000000001,16
2014,11,30,14,30,25.5,469,55.050000000000004,5.4,15.8
2014,11,30,15,30,24.6,310,58.01,4.6000000000000005,15.8
2014,11,30,16,30,22.6,129,66.78,3.6,16.1
2014,11,30,17,30,20.8,0,76.17,3.2,16.400000000000002
2014,11,30,18,30,20,0,80.35000000000001,3.6,16.5
2014,11,30,19,30,19.3,0,84.57000000000001,3.8000000000000003,16.6
2014,11,30,20,30,18.6,0,88.71000000000001,4,16.7
2014,11,30,21,30,17.8,0,93.51,3.8000000000000003,16.7
2014,11,30,22,30,17.1,0,97.82000000000001,3.4000000000000004,16.8
2014,11,30,23,30,16.3,0,100,3,16.3
2014,12,1,0,30,15.600000000000001,0,100,2.4000000000000004,15.600000000000001
2014,12,1,1,30,15,0,100,1.7000000000000002,15
2014,12,1,2,30,14.600000000000001,0,100,1.5,14.600000000000001
2014,12,1,3,30,14,0,100,2.3000000000000003,14
2014,12,1,4,30,12,0,100,4.2,12
2014,12,1,5,30,8.700000000000001,0,95.57000000000001,5.800000000000001,8
2014,12,1,6,30,5.7,0,76.06,6.300000000000001,1.8
2014,12,1,7,30,4.5,34,60.65,6.2,-2.5
2014,12,1,8,30,4.7,51,52.95,6.300000000000001,-4.1000000000000005
2014,12,1,9,30,5.1000000000000005,283,48.47,6.2,-4.9
2014,12,1,10,30,5.9,223,43.94,5.9,-5.5
2014,12,1,11,30,7,253,39.84,5.5,-5.7
2014,12,1,12,30,8.1,279,38.230000000000004,5.2,-5.300000000000001
2014,12,1,13,30,8.700000000000001,247,38.49,5,-4.7
2014,12,1,14,30,8.8,160,39.57,4.800000000000001,-4.2
2014,12,1,15,30,8.3,71,41.49,4.5,-4
2014,12,1,16,30,7.1000000000000005,129,45.07,3.9000000000000004,-4
2014,12,1,17,30,5.9,0,48.85,3.7,-4
2014,12,1,18,30,5.1000000000000005,0,50.74,3.8000000000000003,-4.3
2014,12,1,19,30,4.4,0,51.09,3.9000000000000004,-4.800000000000001
2014,12,1,20,30,3.8000000000000003,0,51.84,3.9000000000000004,-5.2
2014,12,1,21,30,3.4000000000000004,0,52.64,3.8000000000000003,-5.4
2014,12,1,22,30,3,0,53.68,3.5,-5.5
2014,12,1,23,30,2.6,0,55.160000000000004,3.2,-5.5
2014,12,2,0,30,2.3000000000000003,0,55.7,3.1,-5.7
2014,12,2,1,30,2,0,56.33,3,-5.800000000000001
2014,12,2,2,30,1.7000000000000002,0,56.76,2.9000000000000004,-6
2014,12,2,3,30,1.5,0,56.75,2.8000000000000003,-6.2
2014,12,2,4,30,1.4000000000000001,0,56.03,2.8000000000000003,-6.4
2014,12,2,5,30,1.2000000000000002,0,55.85,2.6,-6.7
2014,12,2,6,30,1.1,0,56.480000000000004,2.3000000000000003,-6.6000000000000005
2014,12,2,7,30,1.4000000000000001,17,55.39,2.1,-6.6000000000000005
2014,12,2,8,30,2.6,129,50.74,2,-6.6000000000000005
2014,12,2,9,30,4.4,183,45.72,1.8,-6.300000000000001
2014,12,2,10,30,6.4,180,40.980000000000004,1.6,-5.9
2014,12,2,11,30,8.4,356,38.02,1.2000000000000002,-5.1000000000000005
2014,12,2,12,30,9.9,370,37.730000000000004,0.9,-3.9000000000000004
2014,12,2,13,30,11,353,38.76,0.6000000000000001,-2.5
2014,12,2,14,30,11.5,155,41,0.8,-1.3
2014,12,2,15,30,11.3,308,44.69,1.4000000000000001,-0.30000000000000004
2014,12,2,16,30,10.100000000000001,85,51.95,1.3,0.7000000000000001
2014,12,2,17,30,8.700000000000001,0,69.13,1.1,3.4000000000000004
2014,12,2,18,30,8,0,74.71000000000001,1.4000000000000001,3.8000000000000003
2014,12,2,19,30,7.800000000000001,0,74,1.7000000000000002,3.5
2014,12,2,20,30,7.6000000000000005,0,75.57000000000001,2,3.6
2014,12,2,21,30,7.7,0,77,2.2,3.9000000000000004
2014,12,2,22,30,7.7,0,78.97,2.3000000000000003,4.3
2014,12,2,23,30,7.7,0,81.10000000000001,2.2,4.7
2014,12,3,0,30,7.7,0,82.85000000000001,2,5
2014,12,3,1,30,7.7,0,84.45,1.9000000000000001,5.2
2014,12,3,2,30,7.7,0,85.8,1.7000000000000002,5.5
2014,12,3,3,30,7.7,0,87.23,1.4000000000000001,5.7
2014,12,3,4,30,7.7,0,89.48,1.3,6.1000000000000005
2014,12,3,5,30,7.800000000000001,0,89.8,1.7000000000000002,6.2
2014,12,3,6,30,7.9,0,90.02,2,6.4
2014,12,3,7,30,8.6,13,87.07000000000001,2.4000000000000004,6.6000000000000005
2014,12,3,8,30,10.100000000000001,73,80.48,2.8000000000000003,6.9
2014,12,3,9,30,11.9,65,76.05,2.9000000000000004,7.800000000000001
2014,12,3,10,30,13.600000000000001,113,72.12,2.8000000000000003,8.700000000000001
2014,12,3,11,30,15,346,70.72,2.7,9.700000000000001
2014,12,3,12,30,16.1,347,69.61,2.6,10.5
2014,12,3,13,30,16.8,164,69.94,2.6,11.3
2014,12,3,14,30,17.2,52,70.65,2.5,11.8
2014,12,3,15,30,17,77,73.63,2.3000000000000003,12.3
2014,12,3,16,30,15.3,26,84.52,1.6,12.700000000000001
2014,12,3,17,30,13.4,0,95.8,1.2000000000000002,12.700000000000001
2014,12,3,18,30,12.700000000000001,0,99.59,1.3,12.600000000000001
2014,12,3,19,30,12.3,0,100,1.3,12.3
2014,12,3,20,30,12,0,100,1.2000000000000002,12
2014,12,3,21,30,11.700000000000001,0,100,1.2000000000000002,11.700000000000001
2014,12,3,22,30,11.5,0,100,1.2000000000000002,11.5
2014,12,3,23,30,11.200000000000001,0,100,1.4000000000000001,11.200000000000001
2014,12,4,0,30,11,0,100,1.5,11
2014,12,4,1,30,10.9,0,100,1.5,10.9
2014,12,4,2,30,10.8,0,100,1.4000000000000001,10.8
2014,12,4,3,30,11,0,100,1.3,11
2014,12,4,4,30,11.100000000000001,0,100,1.3,11.100000000000001
2014,12,4,5,30,11,0,100,1.2000000000000002,11
2014,12,4,6,30,11,0,100,1.2000000000000002,11
2014,12,4,7,30,12.200000000000001,9,97.73,1.8,11.9
2014,12,4,8,30,14,81,88.92,2.4000000000000004,12.200000000000001
2014,12,4,9,30,16,8,82.51,2.5,13
2014,12,4,10,30,17.900000000000002,120,78.73,2.7,14.200000000000001
2014,12,4,11,30,19.1,124,75.92,2.9000000000000004,14.8
2014,12,4,12,30,20.1,66,74.10000000000001,3.1,15.3
2014,12,4,13,30,20.8,317,73.36,3.3000000000000003,15.9
2014,12,4,14,30,21,74,74.01,3.3000000000000003,16.2
2014,12,4,15,30,20.5,152,77.08,2.9000000000000004,16.3
2014,12,4,16,30,18.7,71,87.84,1.9000000000000001,16.6
2014,12,4,17,30,16.900000000000002,0,97.44,1.4000000000000001,16.5
2014,12,4,18,30,16.2,0,100,1.5,16.2
2014,12,4,19,30,16,0,100,1.7000000000000002,16
2014,12,4,20,30,15.9,0,100,2,15.9
2014,12,4,21,30,15.8,0,100,2.3000000000000003,15.8
2014,12,4,22,30,15.5,0,100,2.3000000000000003,15.5
2014,12,4,23,30,15.4,0,99.58,2.7,15.3
2014,12,5,0,30,15.600000000000001,0,97.67,3.3000000000000003,15.200000000000001
2014,12,5,1,30,15.700000000000001,0,97.39,3.6,15.3
2014,12,5,2,30,16,0,96.55,3.5,15.5
2014,12,5,3,30,16.3,0,96.47,3.5,15.700000000000001
2014,12,5,4,30,16.6,0,96.84,3.5,16.1
2014,12,5,5,30,16.7,0,98.07000000000001,3.3000000000000003,16.400000000000002
2014,12,5,6,30,16.900000000000002,0,97.98,3.1,16.6
2014,12,5,7,30,17.5,12,95.35000000000001,3.3000000000000003,16.7
2014,12,5,8,30,18.900000000000002,124,91.33,3.7,17.5
2014,12,5,9,30,20.8,218,86.19,4.4,18.400000000000002
2014,12,5,10,30,22.8,295,76.18,5.300000000000001,18.400000000000002
2014,12,5,11,30,24.200000000000003,128,65.64,5.5,17.400000000000002
2014,12,5,12,30,25.1,304,60.25,5.300000000000001,16.900000000000002
2014,12,5,13,30,25.6,229,56.93,5,16.400000000000002
2014,12,5,14,30,25.6,392,55.79,4.5,16.1
2014,12,5,15,30,24.8,303,57.96,3.5,16
2014,12,5,16,30,22.3,126,70.68,2.3000000000000003,16.7
2014,12,5,17,30,20,0,82.08,1.9000000000000001,16.8
2014,12,5,18,30,18.900000000000002,0,85.13,2,16.3
2014,12,5,19,30,18.1,0,88.18,1.9000000000000001,16.1
2014,12,5,20,30,17.2,0,91.13,1.8,15.700000000000001
2014,12,5,21,30,16.2,0,93.14,1.8,15.100000000000001
2014,12,5,22,30,15.3,0,93.22,2,14.200000000000001
2014,12,5,23,30,14.4,0,93.23,2.5,13.3
2014,12,6,0,30,13.700000000000001,0,93.93,3,12.700000000000001
2014,12,6,1,30,13,0,96.48,3.3000000000000003,12.5
2014,12,6,2,30,12.3,0,99.37,3.3000000000000003,12.200000000000001
2014,12,6,3,30,11.700000000000001,0,100,3.1,11.700000000000001
2014,12,6,4,30,11.200000000000001,0,100,3,11.200000000000001
2014,12,6,5,30,10.9,0,98.5,3.2,10.700000000000001
2014,12,6,6,30,10.600000000000001,0,97.31,3.4000000000000004,10.200000000000001
2014,12,6,7,30,11.100000000000001,6,91.48,3.8000000000000003,9.8
2014,12,6,8,30,12.9,57,80.59,4.4,9.600000000000001
2014,12,6,9,30,15.100000000000001,205,69.91,4.7,9.600000000000001
2014,12,6,10,30,16.900000000000002,516,60.94,4.6000000000000005,9.3
2014,12,6,11,30,18.400000000000002,602,53.65,4.5,8.8
2014,12,6,12,30,19.5,624,48.45,4.5,8.3
2014,12,6,13,30,20,580,45.65,4.4,7.9
2014,12,6,14,30,20,386,44.800000000000004,4.3,7.6000000000000005
2014,12,6,15,30,19.1,254,47.02,3.9000000000000004,7.5
2014,12,6,16,30,16.5,58,57.21,2.8000000000000003,8
2014,12,6,17,30,13.9,0,72.07000000000001,2.2,9
2014,12,6,18,30,12.8,0,77.12,2.3000000000000003,8.9
2014,12,6,19,30,12.100000000000001,0,80.69,2.4000000000000004,8.9
2014,12,6,20,30,11.3,0,85.14,2.3000000000000003,8.9
2014,12,6,21,30,10.5,0,89.68,2.2,8.9
2014,12,6,22,30,9.8,0,93.83,2.1,8.9
2014,12,6,23,30,9.200000000000001,0,97.55,2,8.8
2014,12,7,0,30,8.6,0,100,1.9000000000000001,8.6
2014,12,7,1,30,8.4,0,100,2,8.4
2014,12,7,2,30,8.3,0,100,2.3000000000000003,8.3
2014,12,7,3,30,8.3,0,99.63,2.5,8.200000000000001
2014,12,7,4,30,8.3,0,98.03,2.7,8
2014,12,7,5,30,8.3,0,96.71000000000001,2.7,7.800000000000001
2014,12,7,6,30,8.3,0,95.56,2.7,7.6000000000000005
2014,12,7,7,30,8.6,4,92.53,2.9000000000000004,7.5
2014,12,7,8,30,9.4,36,85.09,3.2,7
2014,12,7,9,30,10.5,78,73.84,3.1,6
2014,12,7,10,30,11.5,45,65.85,2.6,5.300000000000001
2014,12,7,11,30,12.3,182,61.15,1.9000000000000001,5
2014,12,7,12,30,12.700000000000001,225,59.42,1.2000000000000002,5
2014,12,7,13,30,13,149,58.68,1.3,5.1000000000000005
2014,12,7,14,30,13.100000000000001,138,58.69,1.9000000000000001,5.2
2014,12,7,15,30,12.8,103,59.94,2,5.2
2014,12,7,16,30,11.3,18,66.68,1.5,5.300000000000001
2014,12,7,17,30,9.5,0,82.47,1,6.7
2014,12,7,18,30,8.5,0,85.69,1,6.2
2014,12,7,19,30,8,0,86.8,1,5.9
2014,12,7,20,30,7.6000000000000005,0,88.14,0.9,5.800000000000001
2014,12,7,21,30,7.2,0,89.02,0.9,5.5
2014,12,7,22,30,6.7,0,89.77,0.9,5.1000000000000005
2014,12,7,23,30,6.300000000000001,0,91.2,1,5
2014,12,8,0,30,5.800000000000001,0,94.36,1,5
2014,12,8,1,30,5.4,0,97.16,1,5
2014,12,8,2,30,5.2,0,98.58,1,5
2014,12,8,3,30,5.1000000000000005,0,99.36,1,5
2014,12,8,4,30,5,0,100,1,5
2014,12,8,5,30,4.7,0,100,1.1,4.7
2014,12,8,6,30,4.3,0,100,1.1,4.3
2014,12,8,7,30,5.9,25,94.74,1.5,5.1000000000000005
2014,12,8,8,30,9.200000000000001,48,78.01,2.1,5.6000000000000005
2014,12,8,9,30,11.700000000000001,109,66.73,2.2,5.7
2014,12,8,10,30,13.600000000000001,200,58.88,2.2,5.7
2014,12,8,11,30,15,217,53.92,2,5.7
2014,12,8,12,30,16.2,590,50.52,1.8,5.9
2014,12,8,13,30,16.900000000000002,583,48.71,1.5,6
2014,12,8,14,30,17,478,48.31,1.3,6
2014,12,8,15,30,16.2,321,50.88,1.1,6
2014,12,8,16,30,14,61,66.82000000000001,0.9,7.9
2014,12,8,17,30,11.5,0,76.55,1,7.5
2014,12,8,18,30,9.9,0,79.98,1.1,6.6000000000000005
2014,12,8,19,30,8.8,0,84.73,1.1,6.4
2014,12,8,20,30,8.200000000000001,0,87.09,1.1,6.2
2014,12,8,21,30,8.1,0,87.11,1.1,6.1000000000000005
2014,12,8,22,30,8.3,0,85.78,0.9,6.1000000000000005
2014,12,8,23,30,8.4,0,85.34,0.8,6.1000000000000005
2014,12,9,0,30,8,0,87.69,0.7000000000000001,6.1000000000000005
2014,12,9,1,30,7.2,0,92.46000000000001,0.9,6.1000000000000005
2014,12,9,2,30,6.4,0,97.59,1.1,6
2014,12,9,3,30,5.5,0,100,1.1,5.5
2014,12,9,4,30,4.9,0,100,1.2000000000000002,4.9
2014,12,9,5,30,4.7,0,100,1.3,4.7
2014,12,9,6,30,5.1000000000000005,0,100,1.5,5.1000000000000005
2014,12,9,7,30,6.300000000000001,23,99.09,2,6.2
2014,12,9,8,30,8.1,74,88.21000000000001,2.2,6.300000000000001
2014,12,9,9,30,10.200000000000001,205,79.54,1.9000000000000001,6.800000000000001
2014,12,9,10,30,12.700000000000001,332,70.84,1.8,7.5
2014,12,9,11,30,14.8,483,63.56,1.7000000000000002,8
2014,12,9,12,30,16.3,616,58.95,1.7000000000000002,8.3
2014,12,9,13,30,17,450,57.120000000000005,1.6,8.4
2014,12,9,14,30,17.1,328,57.49,1.6,8.6
2014,12,9,15,30,16.3,189,60.99,1.2000000000000002,8.8
2014,12,9,16,30,14.100000000000001,53,80.59,0.9,10.8
2014,12,9,17,30,11.9,0,83.74,1.1,9.200000000000001
2014,12,9,18,30,10.8,0,84.8,1.2000000000000002,8.3
2014,12,9,19,30,10.3,0,86.7,1.1,8.200000000000001
2014,12,9,20,30,9.9,0,88.63,1.1,8.1
2014,12,9,21,30,9.5,0,90.57000000000001,1,8
2014,12,9,22,30,8.9,0,93.74,1,7.9
2014,12,9,23,30,8.5,0,95.9,0.9,7.9
2014,12,10,0,30,8.1,0,98.25,1,7.800000000000001
2014,12,10,1,30,7.6000000000000005,0,100,1,7.6000000000000005
2014,12,10,2,30,7.2,0,100,0.9,7.2
2014,12,10,3,30,7,0,100,0.9,7
2014,12,10,4,30,6.9,0,100,0.9,6.9
2014,12,10,5,30,6.7,0,100,0.9,6.7
2014,12,10,6,30,6.7,0,100,0.8,6.7
2014,12,10,7,30,7.7,5,98.62,1.1,7.5
2014,12,10,8,30,9.5,89,87.66,1.6,7.6000000000000005
2014,12,10,9,30,11.700000000000001,131,77.52,2,7.9
2014,12,10,10,30,14,386,68.12,2.4000000000000004,8.200000000000001
2014,12,10,11,30,15.600000000000001,450,61.99,2.7,8.3
2014,12,10,12,30,16.400000000000002,254,59.04,2.7,8.4
2014,12,10,13,30,16.5,210,59.14,2.6,8.5
2014,12,10,14,30,16,139,61.82,2.2,8.700000000000001
2014,12,10,15,30,14.9,150,71.02,1.4000000000000001,9.700000000000001
2014,12,10,16,30,13.600000000000001,63,84.39,1,11
2014,12,10,17,30,12.8,0,87.73,1.1,10.8
2014,12,10,18,30,12.4,0,89.25,1.3,10.700000000000001
2014,12,10,19,30,12.100000000000001,0,90.47,1.4000000000000001,10.600000000000001
2014,12,10,20,30,11.700000000000001,0,92.27,1.5,10.5
2014,12,10,21,30,11.5,0,92.65,1.6,10.4
2014,12,10,22,30,11.200000000000001,0,93.74,1.6,10.200000000000001
2014,12,10,23,30,11,0,94.51,1.6,10.200000000000001
2014,12,11,0,30,10.9,0,94.83,1.5,10.100000000000001
2014,12,11,1,30,10.8,0,95.49,1.4000000000000001,10.100000000000001
2014,12,11,2,30,10.9,0,95.61,1.3,10.200000000000001
2014,12,11,3,30,10.8,0,96.89,1.2000000000000002,10.3
2014,12,11,4,30,10.700000000000001,0,97.91,1.3,10.4
2014,12,11,5,30,10.700000000000001,0,98.25,1.5,10.4
2014,12,11,6,30,10.9,0,97.64,1.7000000000000002,10.5
2014,12,11,7,30,11.600000000000001,3,94.37,2.3000000000000003,10.700000000000001
2014,12,11,8,30,13.100000000000001,21,89.7,2.9000000000000004,11.4
2014,12,11,9,30,15,32,85.73,3.1,12.600000000000001
2014,12,11,10,30,16.8,121,82.68,3.2,13.8
2014,12,11,11,30,18.1,315,78.94,3.3000000000000003,14.4
2014,12,11,12,30,18.7,262,77.08,3.3000000000000003,14.600000000000001
2014,12,11,13,30,18.900000000000002,23,76.64,3.1,14.700000000000001
2014,12,11,14,30,18.7,50,78.4,2.7,14.9
2014,12,11,15,30,18.1,77,82.77,2,15.100000000000001
2014,12,11,16,30,16.7,4,93.28,1.4000000000000001,15.600000000000001
2014,12,11,17,30,15.5,0,98.39,1.3,15.200000000000001
2014,12,11,18,30,15.100000000000001,0,99.82000000000001,1.6,15.100000000000001
2014,12,11,19,30,14.9,0,100,1.8,14.9
2014,12,11,20,30,14.8,0,100,2,14.8
2014,12,11,21,30,14.8,0,99.33,2.4000000000000004,14.700000000000001
2014,12,11,22,30,14.700000000000001,0,98.75,2.6,14.5
2014,12,11,23,30,14.4,0,99.06,2.6,14.3
2014,12,12,0,30,14.100000000000001,0,99.15,2.7,14
2014,12,12,1,30,13.9,0,98.81,2.8000000000000003,13.700000000000001
2014,12,12,2,30,13.8,0,98.07000000000001,2.8000000000000003,13.5
2014,12,12,3,30,13.700000000000001,0,98.03,2.7,13.4
2014,12,12,4,30,13.600000000000001,0,97.89,2.4000000000000004,13.3
2014,12,12,5,30,13.5,0,98.02,2.3000000000000003,13.200000000000001
2014,12,12,6,30,13.4,0,98.2,2.1,13.100000000000001
2014,12,12,7,30,14,3,94.41,2.7,13.100000000000001
2014,12,12,8,30,15.5,86,90.01,3.4000000000000004,13.9
2014,12,12,9,30,17.6,339,84.53,3.7,15
2014,12,12,10,30,19.8,476,76.3,4,15.5
2014,12,12,11,30,21.3,360,68.60000000000001,4.1000000000000005,15.3
2014,12,12,12,30,21.900000000000002,116,64.83,4,15
2014,12,12,13,30,22,274,63.06,3.8000000000000003,14.600000000000001
2014,12,12,14,30,21.6,123,63.89,3.4000000000000004,14.5
2014,12,12,15,30,20.700000000000003,132,67.52,2.8000000000000003,14.5
2014,12,12,16,30,19,39,77.52,2.1,15
2014,12,12,17,30,17.5,0,85.64,2.1,15.100000000000001
2014,12,12,18,30,16.8,0,87.74,2.4000000000000004,14.8
2014,12,12,19,30,16.3,0,88.97,2.6,14.5
2014,12,12,20,30,15.9,0,89.27,2.7,14.100000000000001
2014,12,12,21,30,15.4,0,90.08,3,13.8
2014,12,12,22,30,14.8,0,91.91,3.2,13.5
2014,12,12,23,30,14.200000000000001,0,94.31,3.3000000000000003,13.3
2014,12,13,0,30,13.5,0,97.83,3.2,13.200000000000001
2014,12,13,1,30,12.9,0,100,3,12.9
2014,12,13,2,30,12.5,0,100,2.7,12.5
2014,12,13,3,30,12.100000000000001,0,100,2.3000000000000003,12.100000000000001
2014,12,13,4,30,11.8,0,100,2,11.8
2014,12,13,5,30,11.5,0,100,1.8,11.5
2014,12,13,6,30,11.3,0,100,1.7000000000000002,11.3
2014,12,13,7,30,12.4,17,98.46000000000001,2.3000000000000003,12.200000000000001
2014,12,13,8,30,14.9,171,84.39,3.1,12.3
2014,12,13,9,30,17.7,128,75.57000000000001,3.5,13.3
2014,12,13,10,30,19.900000000000002,175,68.96000000000001,3.8000000000000003,14
2014,12,13,11,30,21.200000000000003,219,63.85,3.8000000000000003,14.100000000000001
2014,12,13,12,30,22,587,60.620000000000005,3.8000000000000003,14
2014,12,13,13,30,22.3,389,59.28,3.7,14
2014,12,13,14,30,22.1,449,60.08,3.6,14
2014,12,13,15,30,21.3,299,63.43,3,14.100000000000001
2014,12,13,16,30,19.3,61,74.26,2.1,14.600000000000001
2014,12,13,17,30,17.5,0,84.55,1.9000000000000001,14.9
2014,12,13,18,30,17.1,0,85.61,2.5,14.700000000000001
2014,12,13,19,30,16.8,0,87.28,3.1,14.700000000000001
2014,12,13,20,30,16.5,0,89.32000000000001,3.6,14.700000000000001
2014,12,13,21,30,16,0,93.26,3.9000000000000004,14.9
2014,12,13,22,30,15.5,0,97.75,4,15.100000000000001
2014,12,13,23,30,15.200000000000001,0,100,4.1000000000000005,15.200000000000001
2014,12,14,0,30,15.100000000000001,0,100,4.1000000000000005,15.100000000000001
2014,12,14,1,30,15,0,100,4,15
2014,12,14,2,30,15.100000000000001,0,98.96000000000001,3.7,14.9
2014,12,14,3,30,15.200000000000001,0,98.23,3.5,14.9
2014,12,14,4,30,15.3,0,97.63,3.5,14.9
2014,12,14,5,30,15.4,0,97.61,3.5,15
2014,12,14,6,30,15.5,0,97.8,3.6,15.200000000000001
2014,12,14,7,30,16,4,95.56,3.8000000000000003,15.3
2014,12,14,8,30,17.2,141,90.54,4.2,15.600000000000001
2014,12,14,9,30,18.8,135,85.92,4.7,16.400000000000002
2014,12,14,10,30,20.3,62,81.16,5.4,17
2014,12,14,11,30,21.400000000000002,142,75.09,5.800000000000001,16.8
2014,12,14,12,30,22.1,180,69.65,5.9,16.3
2014,12,14,13,30,22.3,114,67.66,5.7,16
2014,12,14,14,30,21.900000000000002,26,69.96000000000001,5,16.2
2014,12,14,15,30,21.1,31,76.34,4,16.8
2014,12,14,16,30,20,51,85.22,3.3000000000000003,17.400000000000002
2014,12,14,17,30,19.200000000000003,0,90.66,3.1,17.6
2014,12,14,18,30,18.900000000000002,0,92.95,3.4000000000000004,17.7
2014,12,14,19,30,18.8,0,93.74,3.9000000000000004,17.8
2014,12,14,20,30,18.6,0,94.81,4.3,17.8
2014,12,14,21,30,18.3,0,96.35000000000001,4.4,17.7
2014,12,14,22,30,18,0,97.58,4.4,17.6
2014,12,14,23,30,17.6,0,99.26,4.3,17.5
2014,12,15,0,30,17.1,0,100,3.8000000000000003,17.1
2014,12,15,1,30,16.400000000000002,0,100,3.4000000000000004,16.400000000000002
2014,12,15,2,30,15.700000000000001,0,100,3.4000000000000004,15.700000000000001
2014,12,15,3,30,14.700000000000001,0,100,3.3000000000000003,14.700000000000001
2014,12,15,4,30,13.3,0,100,3.2,13.3
2014,12,15,5,30,11.8,0,100,3,11.8
2014,12,15,6,30,10.3,0,96.77,3,9.8
2014,12,15,7,30,10,16,85.32000000000001,3.3000000000000003,7.6000000000000005
2014,12,15,8,30,11.4,179,71.14,3.6,6.4
2014,12,15,9,30,14.3,360,56.77,3.9000000000000004,5.800000000000001
2014,12,15,10,30,17.1,504,40.97,4.4,3.7
2014,12,15,11,30,18.7,595,32.42,4.5,1.8
2014,12,15,12,30,19.700000000000003,621,29.82,4.5,1.5
2014,12,15,13,30,20,581,28.88,4.5,1.4000000000000001
2014,12,15,14,30,19.6,479,29.36,4.4,1.2000000000000002
2014,12,15,15,30,18.400000000000002,326,31.78,3.7,1.3
2014,12,15,16,30,15.3,142,42.85,2.6,2.7
2014,12,15,17,30,12.5,0,56.56,2.1,4.1000000000000005
2014,12,15,18,30,11.3,0,58.910000000000004,2.3000000000000003,3.6
2014,12,15,19,30,10.4,0,60.51,2.3000000000000003,3.1
2014,12,15,20,30,9.5,0,62.75,2.1,2.7
2014,12,15,21,30,8.700000000000001,0,64.88,1.9000000000000001,2.5
2014,12,15,22,30,7.9,0,67.3,1.8,2.2
2014,12,15,23,30,7.4,0,68.07000000000001,1.9000000000000001,1.9000000000000001
2014,12,16,0,30,7.1000000000000005,0,67.48,2.2,1.5
2014,12,16,1,30,6.800000000000001,0,66.36,2.7,1
2014,12,16,2,30,6.4,0,65.31,3.1,0.4
2014,12,16,3,30,5.9,0,64.97,3.2,-0.2
2014,12,16,4,30,5.300000000000001,0,65.44,3.2,-0.7000000000000001
2014,12,16,5,30,4.800000000000001,0,65.77,3.3000000000000003,-1.1
2014,12,16,6,30,4.4,0,66.39,3.3000000000000003,-1.3
2014,12,16,7,30,4.800000000000001,14,63.88,3.7,-1.5
2014,12,16,8,30,6.4,172,56.13,4.5,-1.7000000000000002
2014,12,16,9,30,8.200000000000001,350,45.78,4.9,-2.8000000000000003
2014,12,16,10,30,10,491,40.980000000000004,4.5,-2.7
2014,12,16,11,30,11.600000000000001,580,38.54,4.2,-2.1
2014,12,16,12,30,12.9,619,36.980000000000004,3.8000000000000003,-1.5
2014,12,16,13,30,13.700000000000001,487,36.230000000000004,3.5,-1
2014,12,16,14,30,13.9,342,36.28,3.2,-0.8
2014,12,16,15,30,13.200000000000001,234,38.06,2.5,-0.8
2014,12,16,16,30,10.5,93,49.910000000000004,1.6,0.5
2014,12,16,17,30,7.800000000000001,0,70.14,1.2000000000000002,2.7
2014,12,16,18,30,6.7,0,71.88,1.2000000000000002,2
2014,12,16,19,30,6.1000000000000005,0,73.45,1.2000000000000002,1.7000000000000002
2014,12,16,20,30,5.5,0,75.64,1.2000000000000002,1.5
2014,12,16,21,30,5,0,77.72,1.1,1.4000000000000001
2014,12,16,22,30,4.7,0,79.05,1.1,1.4000000000000001
2014,12,16,23,30,4.5,0,80.2,1.2000000000000002,1.4000000000000001
2014,12,17,0,30,4.5,0,80.46000000000001,1.3,1.4000000000000001
2014,12,17,1,30,4.7,0,79.34,1.5,1.4000000000000001
2014,12,17,2,30,4.800000000000001,0,78.39,1.8,1.4000000000000001
2014,12,17,3,30,5.1000000000000005,0,77.23,1.9000000000000001,1.4000000000000001
2014,12,17,4,30,5.300000000000001,0,77.34,1.9000000000000001,1.7000000000000002
2014,12,17,5,30,5.6000000000000005,0,77.09,1.7000000000000002,1.9000000000000001
2014,12,17,6,30,5.7,0,78.83,1.5,2.3000000000000003
2014,12,17,7,30,6.1000000000000005,2,78,1.7000000000000002,2.6
2014,12,17,8,30,6.9,12,73.83,2,2.6
2014,12,17,9,30,7.9,82,70.5,2.3000000000000003,2.9000000000000004
2014,12,17,10,30,8.9,51,66.11,2.5,2.9000000000000004
2014,12,17,11,30,9.600000000000001,33,64.24,2.5,3.2
2014,12,17,12,30,10.100000000000001,105,63.65,2.4000000000000004,3.5
2014,12,17,13,30,10.200000000000001,168,65.64,2.2,4
2014,12,17,14,30,9.9,134,70.49,2,4.800000000000001
2014,12,17,15,30,9.5,53,76.89,1.9000000000000001,5.6000000000000005
2014,12,17,16,30,9,33,83.83,1.6,6.4
2014,12,17,17,30,8.6,0,90.94,1,7.2
2014,12,17,18,30,8.4,0,94.74,1,7.6000000000000005
2014,12,17,19,30,8.3,0,94.95,1.5,7.5
2014,12,17,20,30,8.1,0,95.96000000000001,2,7.5
2014,12,17,21,30,7.800000000000001,0,96.56,2.2,7.300000000000001
2014,12,17,22,30,7.5,0,96.63,2.1,7
2014,12,17,23,30,7.1000000000000005,0,97.75,1.8,6.800000000000001
2014,12,18,0,30,6.9,0,97.7,1.5,6.6000000000000005
2014,12,18,1,30,6.800000000000001,0,97.64,1.3,6.5
2014,12,18,2,30,6.7,0,97.83,1.1,6.4
2014,12,18,3,30,6.7,0,97.38,1.1,6.300000000000001
2014,12,18,4,30,6.7,0,97.33,1.1,6.300000000000001
2014,12,18,5,30,6.7,0,97.46000000000001,1.1,6.300000000000001
2014,12,18,6,30,6.7,0,97.65,1.2000000000000002,6.4
2014,12,18,7,30,7.1000000000000005,3,95.29,1.3,6.4
2014,12,18,8,30,8.1,163,91.18,1.4000000000000001,6.7
2014,12,18,9,30,9.5,72,88.48,1.3,7.7
2014,12,18,10,30,11.100000000000001,121,84.56,1.2000000000000002,8.6
2014,12,18,11,30,12.700000000000001,172,79.66,1.3,9.3
2014,12,18,12,30,14.200000000000001,139,74.75,1.6,9.8
2014,12,18,13,30,15.200000000000001,138,71.38,1.8,10.100000000000001
2014,12,18,14,30,15.4,141,70.27,2,10
2014,12,18,15,30,14.5,81,73.17,1.9000000000000001,9.8
2014,12,18,16,30,12.700000000000001,36,82.56,1.6,9.8
2014,12,18,17,30,11,0,91.55,1.8,9.700000000000001
2014,12,18,18,30,10.3,0,92.35000000000001,2.5,9.1
2014,12,18,19,30,9.700000000000001,0,93.91,2.9000000000000004,8.8
2014,12,18,20,30,9.200000000000001,0,94.82000000000001,3,8.4
2014,12,18,21,30,8.9,0,94.25,3.3000000000000003,8
2014,12,18,22,30,8.700000000000001,0,93.23,3.2,7.7
2014,12,18,23,30,8.5,0,92.71000000000001,2.9000000000000004,7.4
2014,12,19,0,30,8.3,0,92.99,3.2,7.2
2014,12,19,1,30,8,0,94.38,3.3000000000000003,7.2
2014,12,19,2,30,7.800000000000001,0,94.88,3.2,7
2014,12,19,3,30,7.7,0,94.89,3.1,6.9
2014,12,19,4,30,7.6000000000000005,0,95.72,2.8000000000000003,7
2014,12,19,5,30,7.5,0,96.02,2.5,6.9
2014,12,19,6,30,7.4,0,96.27,2.4000000000000004,6.800000000000001
2014,12,19,7,30,7.6000000000000005,0,94.51,2.4000000000000004,6.800000000000001
2014,12,19,8,30,8.6,17,90.23,2.6,7.1000000000000005
2014,12,19,9,30,10,121,86.68,2.7,7.9
2014,12,19,10,30,11.4,117,83.22,2.8000000000000003,8.700000000000001
2014,12,19,11,30,12.700000000000001,85,79.17,3,9.200000000000001
2014,12,19,12,30,13.700000000000001,96,75.04,3,9.4
2014,12,19,13,30,14.200000000000001,125,72.34,3.1,9.3
2014,12,19,14,30,14.200000000000001,62,71.4,3.3000000000000003,9.1
2014,12,19,15,30,13.3,42,74.34,3.3000000000000003,8.8
2014,12,19,16,30,11.9,29,80.60000000000001,3.2,8.700000000000001
2014,12,19,17,30,10.600000000000001,0,87.08,3.3000000000000003,8.5
2014,12,19,18,30,9.9,0,89.8,3.3000000000000003,8.3
2014,12,19,19,30,9.4,0,91.87,3.2,8.1
2014,12,19,20,30,9.1,0,93.05,3,8
2014,12,19,21,30,8.9,0,93.65,2.8000000000000003,7.9
2014,12,19,22,30,8.8,0,93.81,2.7,7.9
2014,12,19,23,30,8.5,0,95.05,2.5,7.800000000000001
2014,12,20,0,30,8.1,0,96.62,2.2,7.6000000000000005
2014,12,20,1,30,7.800000000000001,0,97.35000000000001,2,7.4
2014,12,20,2,30,7.4,0,98.53,1.7000000000000002,7.2
2014,12,20,3,30,7.2,0,98.45,1.7000000000000002,7
2014,12,20,4,30,7.300000000000001,0,97.16,1.8,6.9
2014,12,20,5,30,7.5,0,95.92,1.9000000000000001,6.9
2014,12,20,6,30,7.6000000000000005,0,95.41,1.9000000000000001,6.9
2014,12,20,7,30,8.1,0,92.7,1.9000000000000001,7
2014,12,20,8,30,9,34,88.26,2,7.2
2014,12,20,9,30,10,82,82.01,1.8,7.1000000000000005
2014,12,20,10,30,10.9,92,75.29,1.6,6.7
2014,12,20,11,30,11.700000000000001,84,70.84,1.4000000000000001,6.6000000000000005
2014,12,20,12,30,12.200000000000001,105,68.46000000000001,1.3,6.6000000000000005
2014,12,20,13,30,12.5,129,67.14,1.3,6.6000000000000005
2014,12,20,14,30,12.5,95,67.35,1.3,6.6000000000000005
2014,12,20,15,30,12.100000000000001,54,69.35000000000001,1.3,6.7
2014,12,20,16,30,11.200000000000001,38,74.13,1.1,6.800000000000001
2014,12,20,17,30,10.3,0,85.69,1,8
2014,12,20,18,30,9.8,0,87.53,1.3,7.800000000000001
2014,12,20,19,30,9.4,0,87.41,1.6,7.4
2014,12,20,20,30,8.8,0,90.45,1.6,7.300000000000001
2014,12,20,21,30,8.200000000000001,0,93.52,1.4000000000000001,7.2
2014,12,20,22,30,7.9,0,95.41,1.3,7.2
2014,12,20,23,30,7.7,0,96.75,1.2000000000000002,7.2
2014,12,21,0,30,7.5,0,97.8,1,7.2
2014,12,21,1,30,7.1000000000000005,0,99.98,1,7.1000000000000005
2014,12,21,2,30,6.9,0,100,1,6.9
2014,12,21,3,30,7.1000000000000005,0,99.41,1,7
2014,12,21,4,30,7.5,0,96.85000000000001,1.1,7
2014,12,21,5,30,7.7,0,95.93,1.2000000000000002,7.1000000000000005
2014,12,21,6,30,8,0,94.65,1.3,7.2
2014,12,21,7,30,8.5,0,92.13,1.6,7.300000000000001
2014,12,21,8,30,9.4,153,86.81,1.8,7.300000000000001
2014,12,21,9,30,10.200000000000001,51,79.66,2,6.800000000000001
2014,12,21,10,30,10.8,105,75.64,2.5,6.7
2014,12,21,11,30,11.600000000000001,228,72,3.2,6.7
2014,12,21,12,30,12.3,246,69.68,3.8000000000000003,6.9
2014,12,21,13,30,12.9,203,68.4,4.1000000000000005,7.2
2014,12,21,14,30,13.200000000000001,108,68.85000000000001,4.2,7.6000000000000005
2014,12,21,15,30,13.100000000000001,68,71.32000000000001,3.9000000000000004,8
2014,12,21,16,30,12.4,3,77.02,3.4000000000000004,8.5
2014,12,21,17,30,11.600000000000001,0,83.82000000000001,3.4000000000000004,9
2014,12,21,18,30,11.100000000000001,0,88.33,3.7,9.200000000000001
2014,12,21,19,30,10.5,0,93.97,3.8000000000000003,9.600000000000001
2014,12,21,20,30,9.9,0,99.15,3.7,9.8
2014,12,21,21,30,9.9,0,99.68,3.7,9.9
2014,12,21,22,30,10.100000000000001,0,98.16,3.8000000000000003,9.8
2014,12,21,23,30,10.200000000000001,0,97.36,3.9000000000000004,9.8
2014,12,22,0,30,10,0,98.73,4,9.8
2014,12,22,1,30,9.9,0,99.41,4.3,9.8
2014,12,22,2,30,9.9,0,99.06,4.800000000000001,9.8
2014,12,22,3,30,10,0,98.42,5.1000000000000005,9.8
2014,12,22,4,30,10,0,98.85000000000001,5,9.8
2014,12,22,5,30,10,0,99.36,4.7,9.9
2014,12,22,6,30,10.100000000000001,0,99.23,4.5,10
2014,12,22,7,30,10.9,0,94.79,4.6000000000000005,10.100000000000001
2014,12,22,8,30,12.8,136,85.21000000000001,5.1000000000000005,10.4
2014,12,22,9,30,15.3,252,72.56,5.4,10.4
2014,12,22,10,30,18.1,362,55.7,5.300000000000001,9.1
2014,12,22,11,30,20.1,487,44.25,5,7.5
2014,12,22,12,30,20.900000000000002,609,39.71,4.6000000000000005,6.7
2014,12,22,13,30,20.6,541,39.21,4.2,6.2
2014,12,22,14,30,19.6,343,41.64,3.5,6.2
2014,12,22,15,30,17.6,195,50.44,2.3000000000000003,7.2
2014,12,22,16,30,15,81,67.48,1.6,9
2014,12,22,17,30,13.4,0,73.57000000000001,1.5,8.8
2014,12,22,18,30,12.700000000000001,0,75.2,1.6,8.4
2014,12,22,19,30,12.200000000000001,0,76.64,1.7000000000000002,8.200000000000001
2014,12,22,20,30,11.700000000000001,0,78.35000000000001,1.6,8.1
2014,12,22,21,30,11.100000000000001,0,81.38,1.4000000000000001,8
2014,12,22,22,30,10.600000000000001,0,84.42,1.1,8.1
2014,12,22,23,30,10.3,0,86.12,1.1,8.1
2014,12,23,0,30,10.100000000000001,0,86.23,1.5,7.9
2014,12,23,1,30,9.9,0,85.37,2,7.6000000000000005
2014,12,23,2,30,9.5,0,86.31,2.5,7.300000000000001
2014,12,23,3,30,9.1,0,87.73,3,7.2
2014,12,23,4,30,8.8,0,88.52,3.7,7
2014,12,23,5,30,8.5,0,89.31,4.7,6.800000000000001
2014,12,23,6,30,8,0,90.58,5.5,6.6000000000000005
2014,12,23,7,30,7.4,0,91.4,5.7,6.1000000000000005
2014,12,23,8,30,6.9,8,90.55,5.5,5.5
2014,12,23,9,30,6.9,83,87.36,5.1000000000000005,4.9
2014,12,23,10,30,7.4,34,83.88,4.9,4.9
2014,12,23,11,30,8.6,341,77.89,5.2,5
2014,12,23,12,30,10.100000000000001,34,69.43,5.4,4.800000000000001
2014,12,23,13,30,11.4,209,60.43,5.300000000000001,4
2014,12,23,14,30,12.3,220,52.1,5,2.7
2014,12,23,15,30,12.100000000000001,77,47.58,4.5,1.3
2014,12,23,16,30,10.200000000000001,55,50.43,3.5,0.30000000000000004
2014,12,23,17,30,8,0,58.95,3.2,0.5
2014,12,23,18,30,6.7,0,62.74,3.3000000000000003,0.1
2014,12,23,19,30,5.800000000000001,0,66.75,3.1,0.1
2014,12,23,20,30,5.300000000000001,0,68.69,3.2,0
2014,12,23,21,30,5.2,0,68.21000000000001,3.7,-0.2
2014,12,23,22,30,5,0,68.43,3.9000000000000004,-0.30000000000000004
2014,12,23,23,30,4.5,0,71.5,3.7,-0.2
2014,12,24,0,30,4.1000000000000005,0,74,3.6,-0.1
2014,12,24,1,30,3.7,0,75.64,3.3000000000000003,-0.2
2014,12,24,2,30,3.2,0,77.73,3,-0.30000000000000004
2014,12,24,3,30,3,0,79.15,3.2,-0.30000000000000004
2014,12,24,4,30,3,0,79.43,3.6,-0.2
2014,12,24,5,30,2.8000000000000003,0,81.12,3.8000000000000003,-0.1
2014,12,24,6,30,2.7,0,81.35000000000001,3.8000000000000003,-0.2
2014,12,24,7,30,3.4000000000000004,0,75.64,4.2,-0.5
2014,12,24,8,30,5.4,166,64.67,5.2,-0.7000000000000001
2014,12,24,9,30,7.4,349,52.72,5.9,-1.6
2014,12,24,10,30,9,497,46.74,5.6000000000000005,-1.8
2014,12,24,11,30,10.4,592,43.22,5.1000000000000005,-1.6
2014,12,24,12,30,11.5,623,40.58,4.800000000000001,-1.4000000000000001
2014,12,24,13,30,12,588,39.39,4.7,-1.4000000000000001
2014,12,24,14,30,12.100000000000001,492,38.96,4.5,-1.5
2014,12,24,15,30,11.5,341,40.09,3.8000000000000003,-1.6
2014,12,24,16,30,8.9,158,49.01,2.3000000000000003,-1.2000000000000002
2014,12,24,17,30,6,0,68.31,1.4000000000000001,0.6000000000000001
2014,12,24,18,30,5,0,71.24,1.3,0.2
2014,12,24,19,30,4.5,0,71.29,1.3,-0.2
2014,12,24,20,30,4.2,0,69.34,1.3,-0.9
2014,12,24,21,30,3.6,0,69.03,1.3,-1.6
2014,12,24,22,30,2.7,0,71.21000000000001,1.3,-2
2014,12,24,23,30,1.9000000000000001,0,73.26,1.4000000000000001,-2.4000000000000004
2014,12,25,0,30,1.3,0,73.99,1.6,-2.8000000000000003
2014,12,25,1,30,1,0,73.19,1.8,-3.3000000000000003
2014,12,25,2,30,0.8,0,72.28,2.1,-3.6
2014,12,25,3,30,0.8,0,70.86,2.3000000000000003,-3.9000000000000004
2014,12,25,4,30,0.8,0,70.13,2.6,-4
2014,12,25,5,30,0.8,0,70.79,2.8000000000000003,-3.9000000000000004
2014,12,25,6,30,0.6000000000000001,0,74.2,2.8000000000000003,-3.5
2014,12,25,7,30,1.8,0,70.86,3.4000000000000004,-2.9000000000000004
2014,12,25,8,30,4.5,173,61.61,3.9000000000000004,-2.2
2014,12,25,9,30,8.3,359,51.26,4.3,-1.2000000000000002
2014,12,25,10,30,12.200000000000001,505,41.77,5.7,-0.4
2014,12,25,11,30,14.600000000000001,601,33.24,6.800000000000001,-1.4000000000000001
2014,12,25,12,30,15.8,633,30.25,7,-1.6
2014,12,25,13,30,16.3,595,30.02,7,-1.3
2014,12,25,14,30,16.2,498,31.57,6.7,-0.7000000000000001
2014,12,25,15,30,15.4,347,34.9,5.9,0
2014,12,25,16,30,13.3,160,43.06,4.6000000000000005,1
2014,12,25,17,30,11.3,0,53.36,4.1000000000000005,2.2
2014,12,25,18,30,10.4,0,60.2,4.3,3
2014,12,25,19,30,9.700000000000001,0,67.28,4.6000000000000005,3.9000000000000004
2014,12,25,20,30,9.3,0,73.88,4.800000000000001,4.9
2014,12,25,21,30,8.8,0,81.63,4.6000000000000005,5.800000000000001
2014,12,25,22,30,8.200000000000001,0,90.2,3.8000000000000003,6.7
2014,12,25,23,30,8.1,0,95.07000000000001,3.8000000000000003,7.4
2014,12,26,0,30,9,0,93.74,4.6000000000000005,8
2014,12,26,1,30,10.200000000000001,0,90.94,5,8.8
2014,12,26,2,30,11,0,91.47,5,9.700000000000001
2014,12,26,3,30,11.5,0,93.01,4.800000000000001,10.4
2014,12,26,4,30,11.8,0,94.93,4.7,11
2014,12,26,5,30,11.9,0,97.35000000000001,4.6000000000000005,11.5
2014,12,26,6,30,11.9,0,99.75,4.4,11.9
2014,12,26,7,30,12.700000000000001,0,96.3,4.5,12.100000000000001
2014,12,26,8,30,14.5,87,88.09,4.9,12.600000000000001
2014,12,26,9,30,16.5,133,81.87,5.300000000000001,13.4
2014,12,26,10,30,18.3,82,77.4,5.6000000000000005,14.3
2014,12,26,11,30,19.400000000000002,12,75.46000000000001,5.7,15
2014,12,26,12,30,20,37,74.82000000000001,5.5,15.4
2014,12,26,13,30,20.400000000000002,218,74.18,5.2,15.600000000000001
2014,12,26,14,30,20.5,333,74.94,4.6000000000000005,15.9
2014,12,26,15,30,20.1,192,78.54,3.8000000000000003,16.3
2014,12,26,16,30,18.6,142,89.18,2.9000000000000004,16.8
2014,12,26,17,30,17.1,0,99.35000000000001,2.7,17
2014,12,26,18,30,16.7,0,100,2.8000000000000003,16.7
2014,12,26,19,30,16.5,0,100,2.9000000000000004,16.5
2014,12,26,20,30,16.400000000000002,0,100,2.8000000000000003,16.400000000000002
2014,12,26,21,30,16,0,100,2.5,16
2014,12,26,22,30,15.600000000000001,0,100,2.2,15.600000000000001
2014,12,26,23,30,15.200000000000001,0,100,1.9000000000000001,15.200000000000001
2014,12,27,0,30,14.8,0,100,1.5,14.8
2014,12,27,1,30,14.5,0,100,1.3,14.5
2014,12,27,2,30,14.100000000000001,0,100,1.4000000000000001,14.100000000000001
2014,12,27,3,30,13.3,0,100,2.3000000000000003,13.3
2014,12,27,4,30,11.600000000000001,0,100,4.2,11.600000000000001
2014,12,27,5,30,9.3,0,94.19,6,8.4
2014,12,27,6,30,7.5,0,82.29,6.5,4.7
2014,12,27,7,30,6.9,0,75.26,6.5,2.8000000000000003
2014,12,27,8,30,6.7,30,73.06,6.6000000000000005,2.2
2014,12,27,9,30,6.6000000000000005,12,71.18,6.800000000000001,1.7000000000000002
2014,12,27,10,30,6.7,8,69.3,6.800000000000001,1.5
2014,12,27,11,30,6.7,64,69.68,6.6000000000000005,1.5
2014,12,27,12,30,6.6000000000000005,74,71.03,6.5,1.7000000000000002
2014,12,27,13,30,6.300000000000001,76,72.71000000000001,6.4,1.8
2014,12,27,14,30,5.9,113,74.07000000000001,6.2,1.6
2014,12,27,15,30,5.2,52,76.38,5.9,1.4000000000000001
2014,12,27,16,30,4.5,96,78.10000000000001,5.6000000000000005,1
2014,12,27,17,30,4.1000000000000005,0,78.16,5.300000000000001,0.6000000000000001
2014,12,27,18,30,4,0,76.72,5.1000000000000005,0.30000000000000004
2014,12,27,19,30,4,0,74.78,5,-0.1
2014,12,27,20,30,4,0,72.65,4.9,-0.5
2014,12,27,21,30,3.8000000000000003,0,71.46000000000001,5,-0.9
2014,12,27,22,30,3.5,0,70.62,5,-1.3
2014,12,27,23,30,3.1,0,70.07000000000001,4.800000000000001,-1.8
2014,12,28,0,30,2.8000000000000003,0,69.13,4.3,-2.3000000000000003
2014,12,28,1,30,2.6,0,68.23,3.9000000000000004,-2.7
2014,12,28,2,30,2.4000000000000004,0,67.72,3.7,-3
2014,12,28,3,30,2.3000000000000003,0,67.17,3.7,-3.2
2014,12,28,4,30,2.3000000000000003,0,66.2,3.8000000000000003,-3.4000000000000004
2014,12,28,5,30,2.4000000000000004,0,64.07000000000001,3.8000000000000003,-3.7
2014,12,28,6,30,2.4000000000000004,0,62.59,3.6,-4
2014,12,28,7,30,2.6,0,62.39,3.5,-3.9000000000000004
2014,12,28,8,30,3.1,19,60.47,3.5,-3.8000000000000003
2014,12,28,9,30,4,50,55.910000000000004,3.5,-4
2014,12,28,10,30,4.800000000000001,24,52.74,3.4000000000000004,-4
2014,12,28,11,30,5.7,128,49.07,3.3000000000000003,-4.2
2014,12,28,12,30,6.4,199,45.9,3,-4.4
2014,12,28,13,30,7.1000000000000005,103,42.910000000000004,2.7,-4.7
2014,12,28,14,30,7.800000000000001,63,40.32,2.3000000000000003,-4.9
2014,12,28,15,30,8,341,39.27,1.8,-5
2014,12,28,16,30,6.9,63,46.94,1,-3.7
2014,12,28,17,30,5.4,0,58.08,0.8,-2.2
2014,12,28,18,30,4.3,0,58.68,0.9,-3.1
2014,12,28,19,30,3.1,0,65.3,1,-2.8000000000000003
2014,12,28,20,30,2.1,0,70.25,1.1,-2.8000000000000003
2014,12,28,21,30,1.5,0,72.43,1.1,-2.9000000000000004
2014,12,28,22,30,1.1,0,73.37,1.1,-3.1
2014,12,28,23,30,0.7000000000000001,0,74.02,1.1,-3.4000000000000004
2014,12,29,0,30,0.2,0,75.17,1.1,-3.7
2014,12,29,1,30,-0.2,0,75.95,1.1,-3.9000000000000004
2014,12,29,2,30,-0.5,0,76.22,1.1,-4.2
2014,12,29,3,30,-0.4,0,74.41,1,-4.4
2014,12,29,4,30,-0.30000000000000004,0,73.17,0.9,-4.5
2014,12,29,5,30,-0.4,0,73.94,0.9,-4.5
2014,12,29,6,30,-0.5,0,76.14,1,-4.2
2014,12,29,7,30,0.9,0,72.44,1.5,-3.5
2014,12,29,8,30,3.6,103,63.75,2,-2.6
2014,12,29,9,30,6.7,279,52.84,2.5,-2.3000000000000003
2014,12,29,10,30,9.600000000000001,487,45.03,2.8000000000000003,-1.8
2014,12,29,11,30,11.700000000000001,581,42.08,2.8000000000000003,-0.8
2014,12,29,12,30,13.5,617,40.410000000000004,2.8000000000000003,0.30000000000000004
2014,12,29,13,30,14.8,588,40.160000000000004,2.8000000000000003,1.4000000000000001
2014,12,29,14,30,15.4,493,41.12,2.6,2.2
2014,12,29,15,30,14.200000000000001,346,46.63,1.9000000000000001,2.9000000000000004
2014,12,29,16,30,11.100000000000001,164,71.03,1.4000000000000001,6
2014,12,29,17,30,8.6,0,77.24,1.5,4.800000000000001
2014,12,29,18,30,7.7,0,78.49,1.8,4.2
2014,12,29,19,30,7.1000000000000005,0,80.4,2,4
2014,12,29,20,30,6.300000000000001,0,83.24,2,3.7
2014,12,29,21,30,5.1000000000000005,0,89.97,1.7000000000000002,3.6
2014,12,29,22,30,3.9000000000000004,0,96.63,1.4000000000000001,3.4000000000000004
2014,12,29,23,30,3.1,0,100,1.3,3.1
2014,12,30,0,30,2.8000000000000003,0,100,1.4000000000000001,2.8000000000000003
2014,12,30,1,30,2.9000000000000004,0,100,1.7000000000000002,2.9000000000000004
2014,12,30,2,30,3.3000000000000003,0,100,2.1,3.3000000000000003
2014,12,30,3,30,3.8000000000000003,0,95.77,2.4000000000000004,3.2
2014,12,30,4,30,4.1000000000000005,0,94.35000000000001,2.5,3.3000000000000003
2014,12,30,5,30,4.4,0,94.06,2.7,3.5
2014,12,30,6,30,4.5,0,93.4,3.1,3.5
2014,12,30,7,30,4.7,0,89.57000000000001,3.8000000000000003,3.1
2014,12,30,8,30,5,26,83.49,4.3,2.4000000000000004
2014,12,30,9,30,5.7,41,74.96000000000001,4.5,1.6
2014,12,30,10,30,7,57,65.02,4.5,0.9
2014,12,30,11,30,8.3,82,57.61,4.3,0.4
2014,12,30,12,30,9.3,89,52.9,4.1000000000000005,0.2
2014,12,30,13,30,9.9,113,50.050000000000004,4.2,0
2014,12,30,14,30,10,307,48.6,4.3,-0.30000000000000004
2014,12,30,15,30,9.4,338,49.4,4.1000000000000005,-0.7000000000000001
2014,12,30,16,30,7.5,160,55.22,3.2,-0.9
2014,12,30,17,30,5.6000000000000005,0,65.93,2.5,-0.30000000000000004
2014,12,30,18,30,4.7,0,69.2,2.9000000000000004,-0.5
2014,12,30,19,30,4.3,0,69.88,3.2,-0.7000000000000001
2014,12,30,20,30,3.8000000000000003,0,72.39,3.2,-0.7000000000000001
2014,12,30,21,30,3.3000000000000003,0,75.58,3,-0.6000000000000001
2014,12,30,22,30,2.9000000000000004,0,78.24,3,-0.5
2014,12,30,23,30,2.6,0,79.74,3.2,-0.5
2014,12,31,0,30,2.3000000000000003,0,80.78,3.3000000000000003,-0.7000000000000001
2014,12,31,1,30,1.8,0,82.59,3.1,-0.8
2014,12,31,2,30,1.2000000000000002,0,84.94,3,-1.1
2014,12,31,3,30,0.9,0,85.18,3.2,-1.3
2014,12,31,4,30,0.6000000000000001,0,84.64,3.3000000000000003,-1.7000000000000002
2014,12,31,5,30,0.30000000000000004,0,84.60000000000001,3.3000000000000003,-2
2014,12,31,6,30,0.2,0,83.72,3.3000000000000003,-2.2
2014,12,31,7,30,0.9,0,79.11,3.6,-2.3000000000000003
2014,12,31,8,30,2.2,25,71.48,3.9000000000000004,-2.4000000000000004
2014,12,31,9,30,3.4000000000000004,19,63.27,4,-2.9000000000000004
2014,12,31,10,30,4.3,82,58.68,3.9000000000000004,-3.1
2014,12,31,11,30,5,100,56.31,3.7,-3
2014,12,31,12,30,5.5,159,55.36,3.5,-2.7
2014,12,31,13,30,5.7,185,55.7,3.3000000000000003,-2.5
2014,12,31,14,30,5.6000000000000005,134,57,3.2,-2.3000000000000003
2014,12,31,15,30,5.1000000000000005,61,59.9,3.1,-2.1
2014,12,31,16,30,4.4,28,64.06,2.9000000000000004,-1.8
2014,12,31,17,30,3.7,0,69.63,2.7,-1.3
2014,12,31,18,30,4.1000000000000005,0,80.3,1.4000000000000001,1
2014,12,31,19,30,3.6,0,82.21000000000001,1.6,0.8
2014,12,31,20,30,3.2,0,84.32000000000001,1.8,0.8
2014,12,31,21,30,2.9000000000000004,0,86.59,1.9000000000000001,0.9
2014,12,31,22,30,2.4000000000000004,0,90.44,2,1
2014,12,31,23,30,1.9000000000000001,0,94.61,2,1.1
